ISO-10303-21;
HEADER;
FILE_DESCRIPTION(('Open CASCADE Model'),'2;1');
FILE_NAME('tmps05','2026-10-09T06:39:24',('Author'),('Open CASCADE'),
  'Open CASCADE STEP processor 8.0','build123d','Unknown');
FILE_SCHEMA(('AUTOMOTIVE_DESIGN { 1 0 10303 214 1 1 1 1 }'));
ENDSEC;
DATA;
#1 = APPLICATION_PROTOCOL_DEFINITION('international standard',
  'automotive_design',2000,#2);
#2 = APPLICATION_CONTEXT(
  'core data for automotive mechanical design processes');
#3 = SHAPE_DEFINITION_REPRESENTATION(#4,#10);
#4 = PRODUCT_DEFINITION_SHAPE('','',#5);
#5 = PRODUCT_DEFINITION('design','',#6,#9);
#6 = PRODUCT_DEFINITION_FORMATION('','',#7);
#7 = PRODUCT('tmps05','tmps05','',(#8));
#8 = PRODUCT_CONTEXT('',#2,'mechanical');
#9 = PRODUCT_DEFINITION_CONTEXT('part definition',#2,'design');
#10 = SHAPE_REPRESENTATION('',(#11,#15),#19);
#11 = AXIS2_PLACEMENT_3D('',#12,#13,#14);
#12 = CARTESIAN_POINT('',(0.,0.,0.));
#13 = DIRECTION('',(0.,0.,1.));
#14 = DIRECTION('',(1.,0.,-0.));
#15 = AXIS2_PLACEMENT_3D('',#16,#17,#18);
#16 = CARTESIAN_POINT('',(0.,0.,16.));
#17 = DIRECTION('',(-1.224646799147E-16,-2.719262146894E-32,-1.));
#18 = DIRECTION('',(2.22044604925E-16,-1.,0.));
#19 = ( GEOMETRIC_REPRESENTATION_CONTEXT(3) 
GLOBAL_UNCERTAINTY_ASSIGNED_CONTEXT((#23)) GLOBAL_UNIT_ASSIGNED_CONTEXT(
(#20,#21,#22)) REPRESENTATION_CONTEXT('Context #1',
  '3D Context with UNIT and UNCERTAINTY') );
#20 = ( LENGTH_UNIT() NAMED_UNIT(*) SI_UNIT(.MILLI.,.METRE.) );
#21 = ( NAMED_UNIT(*) PLANE_ANGLE_UNIT() SI_UNIT($,.RADIAN.) );
#22 = ( NAMED_UNIT(*) SI_UNIT($,.STERADIAN.) SOLID_ANGLE_UNIT() );
#23 = UNCERTAINTY_MEASURE_WITH_UNIT(LENGTH_MEASURE(1.E-07),#20,
  'distance_accuracy_value','confusion accuracy');
#24 = PRODUCT_RELATED_PRODUCT_CATEGORY('part',$,(#7));
#25 = SHAPE_DEFINITION_REPRESENTATION(#26,#32);
#26 = PRODUCT_DEFINITION_SHAPE('','',#27);
#27 = PRODUCT_DEFINITION('design','',#28,#31);
#28 = PRODUCT_DEFINITION_FORMATION('','',#29);
#29 = PRODUCT('tmps05','tmps05','',(#30));
#30 = PRODUCT_CONTEXT('',#2,'mechanical');
#31 = PRODUCT_DEFINITION_CONTEXT('part definition',#2,'design');
#32 = SHAPE_REPRESENTATION('',(#11,#33,#37),#41);
#33 = AXIS2_PLACEMENT_3D('',#34,#35,#36);
#34 = CARTESIAN_POINT('',(0.,0.,0.));
#35 = DIRECTION('',(0.,0.,1.));
#36 = DIRECTION('',(1.,0.,0.));
#37 = AXIS2_PLACEMENT_3D('',#38,#39,#40);
#38 = CARTESIAN_POINT('',(0.,0.,16.1));
#39 = DIRECTION('',(0.,0.,1.));
#40 = DIRECTION('',(1.,0.,0.));
#41 = ( GEOMETRIC_REPRESENTATION_CONTEXT(3) 
GLOBAL_UNCERTAINTY_ASSIGNED_CONTEXT((#45)) GLOBAL_UNIT_ASSIGNED_CONTEXT(
(#42,#43,#44)) REPRESENTATION_CONTEXT('Context #1',
  '3D Context with UNIT and UNCERTAINTY') );
#42 = ( LENGTH_UNIT() NAMED_UNIT(*) SI_UNIT(.MILLI.,.METRE.) );
#43 = ( NAMED_UNIT(*) PLANE_ANGLE_UNIT() SI_UNIT($,.RADIAN.) );
#44 = ( NAMED_UNIT(*) SI_UNIT($,.STERADIAN.) SOLID_ANGLE_UNIT() );
#45 = UNCERTAINTY_MEASURE_WITH_UNIT(LENGTH_MEASURE(1.E-07),#42,
  'distance_accuracy_value','confusion accuracy');
#46 = CONTEXT_DEPENDENT_SHAPE_REPRESENTATION(#47,#49);
#47 = ( REPRESENTATION_RELATIONSHIP('','',#32,#10) 
REPRESENTATION_RELATIONSHIP_WITH_TRANSFORMATION(#48) 
SHAPE_REPRESENTATION_RELATIONSHIP() );
#48 = ITEM_DEFINED_TRANSFORMATION('','',#11,#15);
#49 = PRODUCT_DEFINITION_SHAPE('Placement','Placement of an item',#50);
#50 = NEXT_ASSEMBLY_USAGE_OCCURRENCE('8','tmps05','',#5,#27,$);
#51 = PRODUCT_RELATED_PRODUCT_CATEGORY('part',$,(#29));
#52 = SHAPE_DEFINITION_REPRESENTATION(#53,#59);
#53 = PRODUCT_DEFINITION_SHAPE('','',#54);
#54 = PRODUCT_DEFINITION('design','',#55,#58);
#55 = PRODUCT_DEFINITION_FORMATION('','',#56);
#56 = PRODUCT('case','case','',(#57));
#57 = PRODUCT_CONTEXT('',#2,'mechanical');
#58 = PRODUCT_DEFINITION_CONTEXT('part definition',#2,'design');
#59 = ADVANCED_BREP_SHAPE_REPRESENTATION('',(#11,#60),#5086);
#60 = MANIFOLD_SOLID_BREP('',#61);
#61 = CLOSED_SHELL('',(#62,#183,#299,#415,#531,#647,#1563,#1591,#1619,
    #1647,#1675,#1703,#1779,#1828,#1877,#1950,#1999,#2048,#2097,#2146,
    #2195,#2268,#2317,#2366,#2415,#2464,#2513,#2586,#2635,#2684,#2733,
    #2782,#2831,#2904,#2953,#2980,#2985,#2990,#2995,#3000,#3005,#3354,
    #3430,#3506,#3582,#3658,#3814,#3864,#3914,#4046,#4096,#4228,#4278,
    #4391,#4397,#4403,#4651,#4657,#4663,#4739,#4793,#4842,#4896,#4945,
    #4999,#5048,#5075));
#62 = ADVANCED_FACE('',(#63),#78,.T.);
#63 = FACE_BOUND('',#64,.T.);
#64 = EDGE_LOOP('',(#65,#105,#133,#162));
#65 = ORIENTED_EDGE('',*,*,#66,.F.);
#66 = EDGE_CURVE('',#67,#69,#71,.T.);
#67 = VERTEX_POINT('',#68);
#68 = CARTESIAN_POINT('',(9.86,10.16,16.));
#69 = VERTEX_POINT('',#70);
#70 = CARTESIAN_POINT('',(10.46,10.16,16.));
#71 = SURFACE_CURVE('',#72,(#77,#89),.PCURVE_S1.);
#72 = CIRCLE('',#73,0.3);
#73 = AXIS2_PLACEMENT_3D('',#74,#75,#76);
#74 = CARTESIAN_POINT('',(10.16,10.16,16.));
#75 = DIRECTION('',(0.,0.,-1.));
#76 = DIRECTION('',(1.,0.,0.));
#77 = PCURVE('',#78,#83);
#78 = CYLINDRICAL_SURFACE('',#79,0.3);
#79 = AXIS2_PLACEMENT_3D('',#80,#81,#82);
#80 = CARTESIAN_POINT('',(10.16,10.16,16.));
#81 = DIRECTION('',(0.,0.,1.));
#82 = DIRECTION('',(1.,0.,-0.));
#83 = DEFINITIONAL_REPRESENTATION('',(#84),#88);
#84 = LINE('',#85,#86);
#85 = CARTESIAN_POINT('',(6.28318530718,0.));
#86 = VECTOR('',#87,1.);
#87 = DIRECTION('',(-1.,0.));
#88 = ( GEOMETRIC_REPRESENTATION_CONTEXT(2) 
PARAMETRIC_REPRESENTATION_CONTEXT() REPRESENTATION_CONTEXT('2D SPACE',''
  ) );
#89 = PCURVE('',#90,#95);
#90 = PLANE('',#91);
#91 = AXIS2_PLACEMENT_3D('',#92,#93,#94);
#92 = CARTESIAN_POINT('',(5.242985220898E-16,0.,16.));
#93 = DIRECTION('',(-1.435180112221E-28,-1.552337672403E-28,1.));
#94 = DIRECTION('',(0.,-1.,-1.552337672403E-28));
#95 = DEFINITIONAL_REPRESENTATION('',(#96),#104);
#96 = ( BOUNDED_CURVE() B_SPLINE_CURVE(2,(#97,#98,#99,#100,#101,#102,
#103),.UNSPECIFIED.,.T.,.F.) B_SPLINE_CURVE_WITH_KNOTS((1,2,2,2,2,1),(
    -2.094395102393,0.,2.094395102393,4.188790204786,6.28318530718,
8.377580409573),.UNSPECIFIED.) CURVE() GEOMETRIC_REPRESENTATION_ITEM() 
RATIONAL_B_SPLINE_CURVE((1.,0.5,1.,0.5,1.,0.5,1.)) REPRESENTATION_ITEM(
  '') );
#97 = CARTESIAN_POINT('',(-10.16,10.46));
#98 = CARTESIAN_POINT('',(-9.640384757729,10.46));
#99 = CARTESIAN_POINT('',(-9.900192378865,10.01));
#100 = CARTESIAN_POINT('',(-10.16,9.56));
#101 = CARTESIAN_POINT('',(-10.41980762113,10.01));
#102 = CARTESIAN_POINT('',(-10.67961524227,10.46));
#103 = CARTESIAN_POINT('',(-10.16,10.46));
#104 = ( GEOMETRIC_REPRESENTATION_CONTEXT(2) 
PARAMETRIC_REPRESENTATION_CONTEXT() REPRESENTATION_CONTEXT('2D SPACE',''
  ) );
#105 = ORIENTED_EDGE('',*,*,#106,.T.);
#106 = EDGE_CURVE('',#67,#107,#109,.T.);
#107 = VERTEX_POINT('',#108);
#108 = CARTESIAN_POINT('',(9.86,10.16,21.68));
#109 = SURFACE_CURVE('',#110,(#114,#121),.PCURVE_S1.);
#110 = LINE('',#111,#112);
#111 = CARTESIAN_POINT('',(9.86,10.16,16.));
#112 = VECTOR('',#113,1.);
#113 = DIRECTION('',(0.,0.,1.));
#114 = PCURVE('',#78,#115);
#115 = DEFINITIONAL_REPRESENTATION('',(#116),#120);
#116 = LINE('',#117,#118);
#117 = CARTESIAN_POINT('',(3.14159265359,0.));
#118 = VECTOR('',#119,1.);
#119 = DIRECTION('',(0.,1.));
#120 = ( GEOMETRIC_REPRESENTATION_CONTEXT(2) 
PARAMETRIC_REPRESENTATION_CONTEXT() REPRESENTATION_CONTEXT('2D SPACE',''
  ) );
#121 = PCURVE('',#122,#127);
#122 = CYLINDRICAL_SURFACE('',#123,0.3);
#123 = AXIS2_PLACEMENT_3D('',#124,#125,#126);
#124 = CARTESIAN_POINT('',(10.16,10.16,16.));
#125 = DIRECTION('',(0.,0.,1.));
#126 = DIRECTION('',(1.,0.,-0.));
#127 = DEFINITIONAL_REPRESENTATION('',(#128),#132);
#128 = LINE('',#129,#130);
#129 = CARTESIAN_POINT('',(3.14159265359,0.));
#130 = VECTOR('',#131,1.);
#131 = DIRECTION('',(0.,1.));
#132 = ( GEOMETRIC_REPRESENTATION_CONTEXT(2) 
PARAMETRIC_REPRESENTATION_CONTEXT() REPRESENTATION_CONTEXT('2D SPACE',''
  ) );
#133 = ORIENTED_EDGE('',*,*,#134,.T.);
#134 = EDGE_CURVE('',#107,#135,#137,.T.);
#135 = VERTEX_POINT('',#136);
#136 = CARTESIAN_POINT('',(10.46,10.16,21.68));
#137 = SURFACE_CURVE('',#138,(#143,#150),.PCURVE_S1.);
#138 = CIRCLE('',#139,0.3);
#139 = AXIS2_PLACEMENT_3D('',#140,#141,#142);
#140 = CARTESIAN_POINT('',(10.16,10.16,21.68));
#141 = DIRECTION('',(0.,0.,-1.));
#142 = DIRECTION('',(1.,0.,0.));
#143 = PCURVE('',#78,#144);
#144 = DEFINITIONAL_REPRESENTATION('',(#145),#149);
#145 = LINE('',#146,#147);
#146 = CARTESIAN_POINT('',(6.28318530718,5.68));
#147 = VECTOR('',#148,1.);
#148 = DIRECTION('',(-1.,0.));
#149 = ( GEOMETRIC_REPRESENTATION_CONTEXT(2) 
PARAMETRIC_REPRESENTATION_CONTEXT() REPRESENTATION_CONTEXT('2D SPACE',''
  ) );
#150 = PCURVE('',#151,#156);
#151 = PLANE('',#152);
#152 = AXIS2_PLACEMENT_3D('',#153,#154,#155);
#153 = CARTESIAN_POINT('',(10.16,10.16,21.68));
#154 = DIRECTION('',(1.435180112221E-28,1.552337672403E-28,-1.));
#155 = DIRECTION('',(0.,1.,1.552337672403E-28));
#156 = DEFINITIONAL_REPRESENTATION('',(#157),#161);
#157 = CIRCLE('',#158,0.3);
#158 = AXIS2_PLACEMENT_2D('',#159,#160);
#159 = CARTESIAN_POINT('',(0.,0.));
#160 = DIRECTION('',(0.,1.));
#161 = ( GEOMETRIC_REPRESENTATION_CONTEXT(2) 
PARAMETRIC_REPRESENTATION_CONTEXT() REPRESENTATION_CONTEXT('2D SPACE',''
  ) );
#162 = ORIENTED_EDGE('',*,*,#163,.F.);
#163 = EDGE_CURVE('',#69,#135,#164,.T.);
#164 = SURFACE_CURVE('',#165,(#169,#176),.PCURVE_S1.);
#165 = LINE('',#166,#167);
#166 = CARTESIAN_POINT('',(10.46,10.16,16.));
#167 = VECTOR('',#168,1.);
#168 = DIRECTION('',(0.,0.,1.));
#169 = PCURVE('',#78,#170);
#170 = DEFINITIONAL_REPRESENTATION('',(#171),#175);
#171 = LINE('',#172,#173);
#172 = CARTESIAN_POINT('',(0.,0.));
#173 = VECTOR('',#174,1.);
#174 = DIRECTION('',(0.,1.));
#175 = ( GEOMETRIC_REPRESENTATION_CONTEXT(2) 
PARAMETRIC_REPRESENTATION_CONTEXT() REPRESENTATION_CONTEXT('2D SPACE',''
  ) );
#176 = PCURVE('',#122,#177);
#177 = DEFINITIONAL_REPRESENTATION('',(#178),#182);
#178 = LINE('',#179,#180);
#179 = CARTESIAN_POINT('',(6.28318530718,0.));
#180 = VECTOR('',#181,1.);
#181 = DIRECTION('',(0.,1.));
#182 = ( GEOMETRIC_REPRESENTATION_CONTEXT(2) 
PARAMETRIC_REPRESENTATION_CONTEXT() REPRESENTATION_CONTEXT('2D SPACE',''
  ) );
#183 = ADVANCED_FACE('',(#184),#199,.T.);
#184 = FACE_BOUND('',#185,.T.);
#185 = EDGE_LOOP('',(#186,#221,#249,#278));
#186 = ORIENTED_EDGE('',*,*,#187,.F.);
#187 = EDGE_CURVE('',#188,#190,#192,.T.);
#188 = VERTEX_POINT('',#189);
#189 = CARTESIAN_POINT('',(9.86,-10.16,16.));
#190 = VERTEX_POINT('',#191);
#191 = CARTESIAN_POINT('',(10.46,-10.16,16.));
#192 = SURFACE_CURVE('',#193,(#198,#210),.PCURVE_S1.);
#193 = CIRCLE('',#194,0.3);
#194 = AXIS2_PLACEMENT_3D('',#195,#196,#197);
#195 = CARTESIAN_POINT('',(10.16,-10.16,16.));
#196 = DIRECTION('',(0.,0.,-1.));
#197 = DIRECTION('',(1.,0.,0.));
#198 = PCURVE('',#199,#204);
#199 = CYLINDRICAL_SURFACE('',#200,0.3);
#200 = AXIS2_PLACEMENT_3D('',#201,#202,#203);
#201 = CARTESIAN_POINT('',(10.16,-10.16,16.));
#202 = DIRECTION('',(0.,0.,1.));
#203 = DIRECTION('',(1.,0.,-0.));
#204 = DEFINITIONAL_REPRESENTATION('',(#205),#209);
#205 = LINE('',#206,#207);
#206 = CARTESIAN_POINT('',(6.28318530718,0.));
#207 = VECTOR('',#208,1.);
#208 = DIRECTION('',(-1.,0.));
#209 = ( GEOMETRIC_REPRESENTATION_CONTEXT(2) 
PARAMETRIC_REPRESENTATION_CONTEXT() REPRESENTATION_CONTEXT('2D SPACE',''
  ) );
#210 = PCURVE('',#90,#211);
#211 = DEFINITIONAL_REPRESENTATION('',(#212),#220);
#212 = ( BOUNDED_CURVE() B_SPLINE_CURVE(2,(#213,#214,#215,#216,#217,#218
,#219),.UNSPECIFIED.,.T.,.F.) B_SPLINE_CURVE_WITH_KNOTS((1,2,2,2,2,1),(
    -2.094395102393,0.,2.094395102393,4.188790204786,6.28318530718,
8.377580409573),.UNSPECIFIED.) CURVE() GEOMETRIC_REPRESENTATION_ITEM() 
RATIONAL_B_SPLINE_CURVE((1.,0.5,1.,0.5,1.,0.5,1.)) REPRESENTATION_ITEM(
  '') );
#213 = CARTESIAN_POINT('',(10.16,10.46));
#214 = CARTESIAN_POINT('',(10.679615242271,10.46));
#215 = CARTESIAN_POINT('',(10.419807621135,10.01));
#216 = CARTESIAN_POINT('',(10.16,9.56));
#217 = CARTESIAN_POINT('',(9.900192378865,10.01));
#218 = CARTESIAN_POINT('',(9.640384757729,10.46));
#219 = CARTESIAN_POINT('',(10.16,10.46));
#220 = ( GEOMETRIC_REPRESENTATION_CONTEXT(2) 
PARAMETRIC_REPRESENTATION_CONTEXT() REPRESENTATION_CONTEXT('2D SPACE',''
  ) );
#221 = ORIENTED_EDGE('',*,*,#222,.T.);
#222 = EDGE_CURVE('',#188,#223,#225,.T.);
#223 = VERTEX_POINT('',#224);
#224 = CARTESIAN_POINT('',(9.86,-10.16,21.68));
#225 = SURFACE_CURVE('',#226,(#230,#237),.PCURVE_S1.);
#226 = LINE('',#227,#228);
#227 = CARTESIAN_POINT('',(9.86,-10.16,16.));
#228 = VECTOR('',#229,1.);
#229 = DIRECTION('',(0.,0.,1.));
#230 = PCURVE('',#199,#231);
#231 = DEFINITIONAL_REPRESENTATION('',(#232),#236);
#232 = LINE('',#233,#234);
#233 = CARTESIAN_POINT('',(3.14159265359,0.));
#234 = VECTOR('',#235,1.);
#235 = DIRECTION('',(0.,1.));
#236 = ( GEOMETRIC_REPRESENTATION_CONTEXT(2) 
PARAMETRIC_REPRESENTATION_CONTEXT() REPRESENTATION_CONTEXT('2D SPACE',''
  ) );
#237 = PCURVE('',#238,#243);
#238 = CYLINDRICAL_SURFACE('',#239,0.3);
#239 = AXIS2_PLACEMENT_3D('',#240,#241,#242);
#240 = CARTESIAN_POINT('',(10.16,-10.16,16.));
#241 = DIRECTION('',(0.,0.,1.));
#242 = DIRECTION('',(1.,0.,-0.));
#243 = DEFINITIONAL_REPRESENTATION('',(#244),#248);
#244 = LINE('',#245,#246);
#245 = CARTESIAN_POINT('',(3.14159265359,0.));
#246 = VECTOR('',#247,1.);
#247 = DIRECTION('',(0.,1.));
#248 = ( GEOMETRIC_REPRESENTATION_CONTEXT(2) 
PARAMETRIC_REPRESENTATION_CONTEXT() REPRESENTATION_CONTEXT('2D SPACE',''
  ) );
#249 = ORIENTED_EDGE('',*,*,#250,.T.);
#250 = EDGE_CURVE('',#223,#251,#253,.T.);
#251 = VERTEX_POINT('',#252);
#252 = CARTESIAN_POINT('',(10.46,-10.16,21.68));
#253 = SURFACE_CURVE('',#254,(#259,#266),.PCURVE_S1.);
#254 = CIRCLE('',#255,0.3);
#255 = AXIS2_PLACEMENT_3D('',#256,#257,#258);
#256 = CARTESIAN_POINT('',(10.16,-10.16,21.68));
#257 = DIRECTION('',(0.,0.,-1.));
#258 = DIRECTION('',(1.,0.,0.));
#259 = PCURVE('',#199,#260);
#260 = DEFINITIONAL_REPRESENTATION('',(#261),#265);
#261 = LINE('',#262,#263);
#262 = CARTESIAN_POINT('',(6.28318530718,5.68));
#263 = VECTOR('',#264,1.);
#264 = DIRECTION('',(-1.,0.));
#265 = ( GEOMETRIC_REPRESENTATION_CONTEXT(2) 
PARAMETRIC_REPRESENTATION_CONTEXT() REPRESENTATION_CONTEXT('2D SPACE',''
  ) );
#266 = PCURVE('',#267,#272);
#267 = PLANE('',#268);
#268 = AXIS2_PLACEMENT_3D('',#269,#270,#271);
#269 = CARTESIAN_POINT('',(10.16,-10.16,21.68));
#270 = DIRECTION('',(1.435180112221E-28,1.552337672403E-28,-1.));
#271 = DIRECTION('',(0.,1.,1.552337672403E-28));
#272 = DEFINITIONAL_REPRESENTATION('',(#273),#277);
#273 = CIRCLE('',#274,0.3);
#274 = AXIS2_PLACEMENT_2D('',#275,#276);
#275 = CARTESIAN_POINT('',(0.,0.));
#276 = DIRECTION('',(0.,1.));
#277 = ( GEOMETRIC_REPRESENTATION_CONTEXT(2) 
PARAMETRIC_REPRESENTATION_CONTEXT() REPRESENTATION_CONTEXT('2D SPACE',''
  ) );
#278 = ORIENTED_EDGE('',*,*,#279,.F.);
#279 = EDGE_CURVE('',#190,#251,#280,.T.);
#280 = SURFACE_CURVE('',#281,(#285,#292),.PCURVE_S1.);
#281 = LINE('',#282,#283);
#282 = CARTESIAN_POINT('',(10.46,-10.16,16.));
#283 = VECTOR('',#284,1.);
#284 = DIRECTION('',(0.,0.,1.));
#285 = PCURVE('',#199,#286);
#286 = DEFINITIONAL_REPRESENTATION('',(#287),#291);
#287 = LINE('',#288,#289);
#288 = CARTESIAN_POINT('',(0.,0.));
#289 = VECTOR('',#290,1.);
#290 = DIRECTION('',(0.,1.));
#291 = ( GEOMETRIC_REPRESENTATION_CONTEXT(2) 
PARAMETRIC_REPRESENTATION_CONTEXT() REPRESENTATION_CONTEXT('2D SPACE',''
  ) );
#292 = PCURVE('',#238,#293);
#293 = DEFINITIONAL_REPRESENTATION('',(#294),#298);
#294 = LINE('',#295,#296);
#295 = CARTESIAN_POINT('',(6.28318530718,0.));
#296 = VECTOR('',#297,1.);
#297 = DIRECTION('',(0.,1.));
#298 = ( GEOMETRIC_REPRESENTATION_CONTEXT(2) 
PARAMETRIC_REPRESENTATION_CONTEXT() REPRESENTATION_CONTEXT('2D SPACE',''
  ) );
#299 = ADVANCED_FACE('',(#300),#315,.T.);
#300 = FACE_BOUND('',#301,.T.);
#301 = EDGE_LOOP('',(#302,#337,#365,#394));
#302 = ORIENTED_EDGE('',*,*,#303,.F.);
#303 = EDGE_CURVE('',#304,#306,#308,.T.);
#304 = VERTEX_POINT('',#305);
#305 = CARTESIAN_POINT('',(-10.46,-10.16,16.));
#306 = VERTEX_POINT('',#307);
#307 = CARTESIAN_POINT('',(-9.86,-10.16,16.));
#308 = SURFACE_CURVE('',#309,(#314,#326),.PCURVE_S1.);
#309 = CIRCLE('',#310,0.3);
#310 = AXIS2_PLACEMENT_3D('',#311,#312,#313);
#311 = CARTESIAN_POINT('',(-10.16,-10.16,16.));
#312 = DIRECTION('',(0.,0.,-1.));
#313 = DIRECTION('',(1.,0.,0.));
#314 = PCURVE('',#315,#320);
#315 = CYLINDRICAL_SURFACE('',#316,0.3);
#316 = AXIS2_PLACEMENT_3D('',#317,#318,#319);
#317 = CARTESIAN_POINT('',(-10.16,-10.16,16.));
#318 = DIRECTION('',(0.,0.,1.));
#319 = DIRECTION('',(1.,0.,-0.));
#320 = DEFINITIONAL_REPRESENTATION('',(#321),#325);
#321 = LINE('',#322,#323);
#322 = CARTESIAN_POINT('',(6.28318530718,0.));
#323 = VECTOR('',#324,1.);
#324 = DIRECTION('',(-1.,0.));
#325 = ( GEOMETRIC_REPRESENTATION_CONTEXT(2) 
PARAMETRIC_REPRESENTATION_CONTEXT() REPRESENTATION_CONTEXT('2D SPACE',''
  ) );
#326 = PCURVE('',#90,#327);
#327 = DEFINITIONAL_REPRESENTATION('',(#328),#336);
#328 = ( BOUNDED_CURVE() B_SPLINE_CURVE(2,(#329,#330,#331,#332,#333,#334
,#335),.UNSPECIFIED.,.T.,.F.) B_SPLINE_CURVE_WITH_KNOTS((1,2,2,2,2,1),(
    -2.094395102393,0.,2.094395102393,4.188790204786,6.28318530718,
8.377580409573),.UNSPECIFIED.) CURVE() GEOMETRIC_REPRESENTATION_ITEM() 
RATIONAL_B_SPLINE_CURVE((1.,0.5,1.,0.5,1.,0.5,1.)) REPRESENTATION_ITEM(
  '') );
#329 = CARTESIAN_POINT('',(10.16,-9.86));
#330 = CARTESIAN_POINT('',(10.679615242271,-9.86));
#331 = CARTESIAN_POINT('',(10.419807621135,-10.31));
#332 = CARTESIAN_POINT('',(10.16,-10.76));
#333 = CARTESIAN_POINT('',(9.900192378865,-10.31));
#334 = CARTESIAN_POINT('',(9.640384757729,-9.86));
#335 = CARTESIAN_POINT('',(10.16,-9.86));
#336 = ( GEOMETRIC_REPRESENTATION_CONTEXT(2) 
PARAMETRIC_REPRESENTATION_CONTEXT() REPRESENTATION_CONTEXT('2D SPACE',''
  ) );
#337 = ORIENTED_EDGE('',*,*,#338,.T.);
#338 = EDGE_CURVE('',#304,#339,#341,.T.);
#339 = VERTEX_POINT('',#340);
#340 = CARTESIAN_POINT('',(-10.46,-10.16,21.68));
#341 = SURFACE_CURVE('',#342,(#346,#353),.PCURVE_S1.);
#342 = LINE('',#343,#344);
#343 = CARTESIAN_POINT('',(-10.46,-10.16,16.));
#344 = VECTOR('',#345,1.);
#345 = DIRECTION('',(0.,0.,1.));
#346 = PCURVE('',#315,#347);
#347 = DEFINITIONAL_REPRESENTATION('',(#348),#352);
#348 = LINE('',#349,#350);
#349 = CARTESIAN_POINT('',(3.14159265359,0.));
#350 = VECTOR('',#351,1.);
#351 = DIRECTION('',(0.,1.));
#352 = ( GEOMETRIC_REPRESENTATION_CONTEXT(2) 
PARAMETRIC_REPRESENTATION_CONTEXT() REPRESENTATION_CONTEXT('2D SPACE',''
  ) );
#353 = PCURVE('',#354,#359);
#354 = CYLINDRICAL_SURFACE('',#355,0.3);
#355 = AXIS2_PLACEMENT_3D('',#356,#357,#358);
#356 = CARTESIAN_POINT('',(-10.16,-10.16,16.));
#357 = DIRECTION('',(0.,0.,1.));
#358 = DIRECTION('',(1.,0.,-0.));
#359 = DEFINITIONAL_REPRESENTATION('',(#360),#364);
#360 = LINE('',#361,#362);
#361 = CARTESIAN_POINT('',(3.14159265359,0.));
#362 = VECTOR('',#363,1.);
#363 = DIRECTION('',(0.,1.));
#364 = ( GEOMETRIC_REPRESENTATION_CONTEXT(2) 
PARAMETRIC_REPRESENTATION_CONTEXT() REPRESENTATION_CONTEXT('2D SPACE',''
  ) );
#365 = ORIENTED_EDGE('',*,*,#366,.T.);
#366 = EDGE_CURVE('',#339,#367,#369,.T.);
#367 = VERTEX_POINT('',#368);
#368 = CARTESIAN_POINT('',(-9.86,-10.16,21.68));
#369 = SURFACE_CURVE('',#370,(#375,#382),.PCURVE_S1.);
#370 = CIRCLE('',#371,0.3);
#371 = AXIS2_PLACEMENT_3D('',#372,#373,#374);
#372 = CARTESIAN_POINT('',(-10.16,-10.16,21.68));
#373 = DIRECTION('',(0.,0.,-1.));
#374 = DIRECTION('',(1.,0.,0.));
#375 = PCURVE('',#315,#376);
#376 = DEFINITIONAL_REPRESENTATION('',(#377),#381);
#377 = LINE('',#378,#379);
#378 = CARTESIAN_POINT('',(6.28318530718,5.68));
#379 = VECTOR('',#380,1.);
#380 = DIRECTION('',(-1.,0.));
#381 = ( GEOMETRIC_REPRESENTATION_CONTEXT(2) 
PARAMETRIC_REPRESENTATION_CONTEXT() REPRESENTATION_CONTEXT('2D SPACE',''
  ) );
#382 = PCURVE('',#383,#388);
#383 = PLANE('',#384);
#384 = AXIS2_PLACEMENT_3D('',#385,#386,#387);
#385 = CARTESIAN_POINT('',(-10.16,-10.16,21.68));
#386 = DIRECTION('',(1.435180112221E-28,1.552337672403E-28,-1.));
#387 = DIRECTION('',(0.,1.,1.552337672403E-28));
#388 = DEFINITIONAL_REPRESENTATION('',(#389),#393);
#389 = CIRCLE('',#390,0.3);
#390 = AXIS2_PLACEMENT_2D('',#391,#392);
#391 = CARTESIAN_POINT('',(0.,0.));
#392 = DIRECTION('',(0.,1.));
#393 = ( GEOMETRIC_REPRESENTATION_CONTEXT(2) 
PARAMETRIC_REPRESENTATION_CONTEXT() REPRESENTATION_CONTEXT('2D SPACE',''
  ) );
#394 = ORIENTED_EDGE('',*,*,#395,.F.);
#395 = EDGE_CURVE('',#306,#367,#396,.T.);
#396 = SURFACE_CURVE('',#397,(#401,#408),.PCURVE_S1.);
#397 = LINE('',#398,#399);
#398 = CARTESIAN_POINT('',(-9.86,-10.16,16.));
#399 = VECTOR('',#400,1.);
#400 = DIRECTION('',(0.,0.,1.));
#401 = PCURVE('',#315,#402);
#402 = DEFINITIONAL_REPRESENTATION('',(#403),#407);
#403 = LINE('',#404,#405);
#404 = CARTESIAN_POINT('',(0.,0.));
#405 = VECTOR('',#406,1.);
#406 = DIRECTION('',(0.,1.));
#407 = ( GEOMETRIC_REPRESENTATION_CONTEXT(2) 
PARAMETRIC_REPRESENTATION_CONTEXT() REPRESENTATION_CONTEXT('2D SPACE',''
  ) );
#408 = PCURVE('',#354,#409);
#409 = DEFINITIONAL_REPRESENTATION('',(#410),#414);
#410 = LINE('',#411,#412);
#411 = CARTESIAN_POINT('',(6.28318530718,0.));
#412 = VECTOR('',#413,1.);
#413 = DIRECTION('',(0.,1.));
#414 = ( GEOMETRIC_REPRESENTATION_CONTEXT(2) 
PARAMETRIC_REPRESENTATION_CONTEXT() REPRESENTATION_CONTEXT('2D SPACE',''
  ) );
#415 = ADVANCED_FACE('',(#416),#431,.T.);
#416 = FACE_BOUND('',#417,.T.);
#417 = EDGE_LOOP('',(#418,#453,#481,#510));
#418 = ORIENTED_EDGE('',*,*,#419,.F.);
#419 = EDGE_CURVE('',#420,#422,#424,.T.);
#420 = VERTEX_POINT('',#421);
#421 = CARTESIAN_POINT('',(-10.46,-5.08,16.));
#422 = VERTEX_POINT('',#423);
#423 = CARTESIAN_POINT('',(-9.86,-5.08,16.));
#424 = SURFACE_CURVE('',#425,(#430,#442),.PCURVE_S1.);
#425 = CIRCLE('',#426,0.3);
#426 = AXIS2_PLACEMENT_3D('',#427,#428,#429);
#427 = CARTESIAN_POINT('',(-10.16,-5.08,16.));
#428 = DIRECTION('',(0.,0.,-1.));
#429 = DIRECTION('',(1.,0.,0.));
#430 = PCURVE('',#431,#436);
#431 = CYLINDRICAL_SURFACE('',#432,0.3);
#432 = AXIS2_PLACEMENT_3D('',#433,#434,#435);
#433 = CARTESIAN_POINT('',(-10.16,-5.08,16.));
#434 = DIRECTION('',(0.,0.,1.));
#435 = DIRECTION('',(1.,0.,-0.));
#436 = DEFINITIONAL_REPRESENTATION('',(#437),#441);
#437 = LINE('',#438,#439);
#438 = CARTESIAN_POINT('',(6.28318530718,0.));
#439 = VECTOR('',#440,1.);
#440 = DIRECTION('',(-1.,0.));
#441 = ( GEOMETRIC_REPRESENTATION_CONTEXT(2) 
PARAMETRIC_REPRESENTATION_CONTEXT() REPRESENTATION_CONTEXT('2D SPACE',''
  ) );
#442 = PCURVE('',#90,#443);
#443 = DEFINITIONAL_REPRESENTATION('',(#444),#452);
#444 = ( BOUNDED_CURVE() B_SPLINE_CURVE(2,(#445,#446,#447,#448,#449,#450
,#451),.UNSPECIFIED.,.T.,.F.) B_SPLINE_CURVE_WITH_KNOTS((1,2,2,2,2,1),(
    -2.094395102393,0.,2.094395102393,4.188790204786,6.28318530718,
8.377580409573),.UNSPECIFIED.) CURVE() GEOMETRIC_REPRESENTATION_ITEM() 
RATIONAL_B_SPLINE_CURVE((1.,0.5,1.,0.5,1.,0.5,1.)) REPRESENTATION_ITEM(
  '') );
#445 = CARTESIAN_POINT('',(5.08,-9.86));
#446 = CARTESIAN_POINT('',(5.599615242271,-9.86));
#447 = CARTESIAN_POINT('',(5.339807621135,-10.31));
#448 = CARTESIAN_POINT('',(5.08,-10.76));
#449 = CARTESIAN_POINT('',(4.820192378865,-10.31));
#450 = CARTESIAN_POINT('',(4.560384757729,-9.86));
#451 = CARTESIAN_POINT('',(5.08,-9.86));
#452 = ( GEOMETRIC_REPRESENTATION_CONTEXT(2) 
PARAMETRIC_REPRESENTATION_CONTEXT() REPRESENTATION_CONTEXT('2D SPACE',''
  ) );
#453 = ORIENTED_EDGE('',*,*,#454,.T.);
#454 = EDGE_CURVE('',#420,#455,#457,.T.);
#455 = VERTEX_POINT('',#456);
#456 = CARTESIAN_POINT('',(-10.46,-5.08,21.68));
#457 = SURFACE_CURVE('',#458,(#462,#469),.PCURVE_S1.);
#458 = LINE('',#459,#460);
#459 = CARTESIAN_POINT('',(-10.46,-5.08,16.));
#460 = VECTOR('',#461,1.);
#461 = DIRECTION('',(0.,0.,1.));
#462 = PCURVE('',#431,#463);
#463 = DEFINITIONAL_REPRESENTATION('',(#464),#468);
#464 = LINE('',#465,#466);
#465 = CARTESIAN_POINT('',(3.14159265359,0.));
#466 = VECTOR('',#467,1.);
#467 = DIRECTION('',(0.,1.));
#468 = ( GEOMETRIC_REPRESENTATION_CONTEXT(2) 
PARAMETRIC_REPRESENTATION_CONTEXT() REPRESENTATION_CONTEXT('2D SPACE',''
  ) );
#469 = PCURVE('',#470,#475);
#470 = CYLINDRICAL_SURFACE('',#471,0.3);
#471 = AXIS2_PLACEMENT_3D('',#472,#473,#474);
#472 = CARTESIAN_POINT('',(-10.16,-5.08,16.));
#473 = DIRECTION('',(0.,0.,1.));
#474 = DIRECTION('',(1.,0.,-0.));
#475 = DEFINITIONAL_REPRESENTATION('',(#476),#480);
#476 = LINE('',#477,#478);
#477 = CARTESIAN_POINT('',(3.14159265359,0.));
#478 = VECTOR('',#479,1.);
#479 = DIRECTION('',(0.,1.));
#480 = ( GEOMETRIC_REPRESENTATION_CONTEXT(2) 
PARAMETRIC_REPRESENTATION_CONTEXT() REPRESENTATION_CONTEXT('2D SPACE',''
  ) );
#481 = ORIENTED_EDGE('',*,*,#482,.T.);
#482 = EDGE_CURVE('',#455,#483,#485,.T.);
#483 = VERTEX_POINT('',#484);
#484 = CARTESIAN_POINT('',(-9.86,-5.08,21.68));
#485 = SURFACE_CURVE('',#486,(#491,#498),.PCURVE_S1.);
#486 = CIRCLE('',#487,0.3);
#487 = AXIS2_PLACEMENT_3D('',#488,#489,#490);
#488 = CARTESIAN_POINT('',(-10.16,-5.08,21.68));
#489 = DIRECTION('',(0.,0.,-1.));
#490 = DIRECTION('',(1.,0.,0.));
#491 = PCURVE('',#431,#492);
#492 = DEFINITIONAL_REPRESENTATION('',(#493),#497);
#493 = LINE('',#494,#495);
#494 = CARTESIAN_POINT('',(6.28318530718,5.68));
#495 = VECTOR('',#496,1.);
#496 = DIRECTION('',(-1.,0.));
#497 = ( GEOMETRIC_REPRESENTATION_CONTEXT(2) 
PARAMETRIC_REPRESENTATION_CONTEXT() REPRESENTATION_CONTEXT('2D SPACE',''
  ) );
#498 = PCURVE('',#499,#504);
#499 = PLANE('',#500);
#500 = AXIS2_PLACEMENT_3D('',#501,#502,#503);
#501 = CARTESIAN_POINT('',(-10.16,-5.08,21.68));
#502 = DIRECTION('',(1.435180112221E-28,1.552337672403E-28,-1.));
#503 = DIRECTION('',(0.,1.,1.552337672403E-28));
#504 = DEFINITIONAL_REPRESENTATION('',(#505),#509);
#505 = CIRCLE('',#506,0.3);
#506 = AXIS2_PLACEMENT_2D('',#507,#508);
#507 = CARTESIAN_POINT('',(0.,0.));
#508 = DIRECTION('',(0.,1.));
#509 = ( GEOMETRIC_REPRESENTATION_CONTEXT(2) 
PARAMETRIC_REPRESENTATION_CONTEXT() REPRESENTATION_CONTEXT('2D SPACE',''
  ) );
#510 = ORIENTED_EDGE('',*,*,#511,.F.);
#511 = EDGE_CURVE('',#422,#483,#512,.T.);
#512 = SURFACE_CURVE('',#513,(#517,#524),.PCURVE_S1.);
#513 = LINE('',#514,#515);
#514 = CARTESIAN_POINT('',(-9.86,-5.08,16.));
#515 = VECTOR('',#516,1.);
#516 = DIRECTION('',(0.,0.,1.));
#517 = PCURVE('',#431,#518);
#518 = DEFINITIONAL_REPRESENTATION('',(#519),#523);
#519 = LINE('',#520,#521);
#520 = CARTESIAN_POINT('',(0.,0.));
#521 = VECTOR('',#522,1.);
#522 = DIRECTION('',(0.,1.));
#523 = ( GEOMETRIC_REPRESENTATION_CONTEXT(2) 
PARAMETRIC_REPRESENTATION_CONTEXT() REPRESENTATION_CONTEXT('2D SPACE',''
  ) );
#524 = PCURVE('',#470,#525);
#525 = DEFINITIONAL_REPRESENTATION('',(#526),#530);
#526 = LINE('',#527,#528);
#527 = CARTESIAN_POINT('',(6.28318530718,0.));
#528 = VECTOR('',#529,1.);
#529 = DIRECTION('',(0.,1.));
#530 = ( GEOMETRIC_REPRESENTATION_CONTEXT(2) 
PARAMETRIC_REPRESENTATION_CONTEXT() REPRESENTATION_CONTEXT('2D SPACE',''
  ) );
#531 = ADVANCED_FACE('',(#532),#547,.T.);
#532 = FACE_BOUND('',#533,.T.);
#533 = EDGE_LOOP('',(#534,#569,#597,#626));
#534 = ORIENTED_EDGE('',*,*,#535,.F.);
#535 = EDGE_CURVE('',#536,#538,#540,.T.);
#536 = VERTEX_POINT('',#537);
#537 = CARTESIAN_POINT('',(10.16,0.3,16.));
#538 = VERTEX_POINT('',#539);
#539 = CARTESIAN_POINT('',(10.16,-0.3,16.));
#540 = SURFACE_CURVE('',#541,(#546,#558),.PCURVE_S1.);
#541 = CIRCLE('',#542,0.3);
#542 = AXIS2_PLACEMENT_3D('',#543,#544,#545);
#543 = CARTESIAN_POINT('',(10.16,-2.483740275844E-27,16.));
#544 = DIRECTION('',(-0.,1.552340223837E-28,-1.));
#545 = DIRECTION('',(0.,-1.,-1.552340223837E-28));
#546 = PCURVE('',#547,#552);
#547 = CYLINDRICAL_SURFACE('',#548,0.3);
#548 = AXIS2_PLACEMENT_3D('',#549,#550,#551);
#549 = CARTESIAN_POINT('',(10.16,-2.483740275844E-27,16.));
#550 = DIRECTION('',(0.,-1.552340223837E-28,1.));
#551 = DIRECTION('',(-0.,-1.,-1.552340223837E-28));
#552 = DEFINITIONAL_REPRESENTATION('',(#553),#557);
#553 = LINE('',#554,#555);
#554 = CARTESIAN_POINT('',(6.28318530718,0.));
#555 = VECTOR('',#556,1.);
#556 = DIRECTION('',(-1.,0.));
#557 = ( GEOMETRIC_REPRESENTATION_CONTEXT(2) 
PARAMETRIC_REPRESENTATION_CONTEXT() REPRESENTATION_CONTEXT('2D SPACE',''
  ) );
#558 = PCURVE('',#90,#559);
#559 = DEFINITIONAL_REPRESENTATION('',(#560),#568);
#560 = ( BOUNDED_CURVE() B_SPLINE_CURVE(2,(#561,#562,#563,#564,#565,#566
,#567),.UNSPECIFIED.,.T.,.F.) B_SPLINE_CURVE_WITH_KNOTS((1,2,2,2,2,1),(
    -2.094395102393,0.,2.094395102393,4.188790204786,6.28318530718,
8.377580409573),.UNSPECIFIED.) CURVE() GEOMETRIC_REPRESENTATION_ITEM() 
RATIONAL_B_SPLINE_CURVE((1.,0.5,1.,0.5,1.,0.5,1.)) REPRESENTATION_ITEM(
  '') );
#561 = CARTESIAN_POINT('',(0.3,10.16));
#562 = CARTESIAN_POINT('',(0.3,9.640384757729));
#563 = CARTESIAN_POINT('',(-0.15,9.900192378865));
#564 = CARTESIAN_POINT('',(-0.6,10.16));
#565 = CARTESIAN_POINT('',(-0.15,10.419807621135));
#566 = CARTESIAN_POINT('',(0.3,10.679615242271));
#567 = CARTESIAN_POINT('',(0.3,10.16));
#568 = ( GEOMETRIC_REPRESENTATION_CONTEXT(2) 
PARAMETRIC_REPRESENTATION_CONTEXT() REPRESENTATION_CONTEXT('2D SPACE',''
  ) );
#569 = ORIENTED_EDGE('',*,*,#570,.T.);
#570 = EDGE_CURVE('',#536,#571,#573,.T.);
#571 = VERTEX_POINT('',#572);
#572 = CARTESIAN_POINT('',(10.16,0.3,21.68));
#573 = SURFACE_CURVE('',#574,(#578,#585),.PCURVE_S1.);
#574 = LINE('',#575,#576);
#575 = CARTESIAN_POINT('',(10.16,0.3,16.));
#576 = VECTOR('',#577,1.);
#577 = DIRECTION('',(0.,-1.552340223837E-28,1.));
#578 = PCURVE('',#547,#579);
#579 = DEFINITIONAL_REPRESENTATION('',(#580),#584);
#580 = LINE('',#581,#582);
#581 = CARTESIAN_POINT('',(3.14159265359,0.));
#582 = VECTOR('',#583,1.);
#583 = DIRECTION('',(0.,1.));
#584 = ( GEOMETRIC_REPRESENTATION_CONTEXT(2) 
PARAMETRIC_REPRESENTATION_CONTEXT() REPRESENTATION_CONTEXT('2D SPACE',''
  ) );
#585 = PCURVE('',#586,#591);
#586 = CYLINDRICAL_SURFACE('',#587,0.3);
#587 = AXIS2_PLACEMENT_3D('',#588,#589,#590);
#588 = CARTESIAN_POINT('',(10.16,-2.483740275844E-27,16.));
#589 = DIRECTION('',(0.,-1.552340223837E-28,1.));
#590 = DIRECTION('',(-0.,-1.,-1.552340223837E-28));
#591 = DEFINITIONAL_REPRESENTATION('',(#592),#596);
#592 = LINE('',#593,#594);
#593 = CARTESIAN_POINT('',(3.14159265359,0.));
#594 = VECTOR('',#595,1.);
#595 = DIRECTION('',(0.,1.));
#596 = ( GEOMETRIC_REPRESENTATION_CONTEXT(2) 
PARAMETRIC_REPRESENTATION_CONTEXT() REPRESENTATION_CONTEXT('2D SPACE',''
  ) );
#597 = ORIENTED_EDGE('',*,*,#598,.T.);
#598 = EDGE_CURVE('',#571,#599,#601,.T.);
#599 = VERTEX_POINT('',#600);
#600 = CARTESIAN_POINT('',(10.16,-0.3,21.68));
#601 = SURFACE_CURVE('',#602,(#607,#614),.PCURVE_S1.);
#602 = CIRCLE('',#603,0.3);
#603 = AXIS2_PLACEMENT_3D('',#604,#605,#606);
#604 = CARTESIAN_POINT('',(10.16,-3.365469522984E-27,21.68));
#605 = DIRECTION('',(-0.,1.552340223837E-28,-1.));
#606 = DIRECTION('',(0.,-1.,-1.552340223837E-28));
#607 = PCURVE('',#547,#608);
#608 = DEFINITIONAL_REPRESENTATION('',(#609),#613);
#609 = LINE('',#610,#611);
#610 = CARTESIAN_POINT('',(6.28318530718,5.68));
#611 = VECTOR('',#612,1.);
#612 = DIRECTION('',(-1.,0.));
#613 = ( GEOMETRIC_REPRESENTATION_CONTEXT(2) 
PARAMETRIC_REPRESENTATION_CONTEXT() REPRESENTATION_CONTEXT('2D SPACE',''
  ) );
#614 = PCURVE('',#615,#620);
#615 = PLANE('',#616);
#616 = AXIS2_PLACEMENT_3D('',#617,#618,#619);
#617 = CARTESIAN_POINT('',(10.16,-6.023345403993E-18,21.68));
#618 = DIRECTION('',(1.435180112221E-28,1.552337672403E-28,-1.));
#619 = DIRECTION('',(0.,1.,1.552337672403E-28));
#620 = DEFINITIONAL_REPRESENTATION('',(#621),#625);
#621 = CIRCLE('',#622,0.3);
#622 = AXIS2_PLACEMENT_2D('',#623,#624);
#623 = CARTESIAN_POINT('',(6.023345400627E-18,-1.341931577745E-73));
#624 = DIRECTION('',(-1.,-3.661767592778E-62));
#625 = ( GEOMETRIC_REPRESENTATION_CONTEXT(2) 
PARAMETRIC_REPRESENTATION_CONTEXT() REPRESENTATION_CONTEXT('2D SPACE',''
  ) );
#626 = ORIENTED_EDGE('',*,*,#627,.F.);
#627 = EDGE_CURVE('',#538,#599,#628,.T.);
#628 = SURFACE_CURVE('',#629,(#633,#640),.PCURVE_S1.);
#629 = LINE('',#630,#631);
#630 = CARTESIAN_POINT('',(10.16,-0.3,16.));
#631 = VECTOR('',#632,1.);
#632 = DIRECTION('',(0.,-1.552340223837E-28,1.));
#633 = PCURVE('',#547,#634);
#634 = DEFINITIONAL_REPRESENTATION('',(#635),#639);
#635 = LINE('',#636,#637);
#636 = CARTESIAN_POINT('',(0.,0.));
#637 = VECTOR('',#638,1.);
#638 = DIRECTION('',(0.,1.));
#639 = ( GEOMETRIC_REPRESENTATION_CONTEXT(2) 
PARAMETRIC_REPRESENTATION_CONTEXT() REPRESENTATION_CONTEXT('2D SPACE',''
  ) );
#640 = PCURVE('',#586,#641);
#641 = DEFINITIONAL_REPRESENTATION('',(#642),#646);
#642 = LINE('',#643,#644);
#643 = CARTESIAN_POINT('',(6.28318530718,0.));
#644 = VECTOR('',#645,1.);
#645 = DIRECTION('',(0.,1.));
#646 = ( GEOMETRIC_REPRESENTATION_CONTEXT(2) 
PARAMETRIC_REPRESENTATION_CONTEXT() REPRESENTATION_CONTEXT('2D SPACE',''
  ) );
#647 = ADVANCED_FACE('',(#648,#677,#706,#735,#764,#793),#90,.T.);
#648 = FACE_BOUND('',#649,.T.);
#649 = EDGE_LOOP('',(#650,#676));
#650 = ORIENTED_EDGE('',*,*,#651,.T.);
#651 = EDGE_CURVE('',#69,#67,#652,.T.);
#652 = SURFACE_CURVE('',#653,(#658,#669),.PCURVE_S1.);
#653 = CIRCLE('',#654,0.3);
#654 = AXIS2_PLACEMENT_3D('',#655,#656,#657);
#655 = CARTESIAN_POINT('',(10.16,10.16,16.));
#656 = DIRECTION('',(0.,0.,-1.));
#657 = DIRECTION('',(1.,0.,0.));
#658 = PCURVE('',#90,#659);
#659 = DEFINITIONAL_REPRESENTATION('',(#660),#668);
#660 = ( BOUNDED_CURVE() B_SPLINE_CURVE(2,(#661,#662,#663,#664,#665,#666
,#667),.UNSPECIFIED.,.T.,.F.) B_SPLINE_CURVE_WITH_KNOTS((1,2,2,2,2,1),(
    -2.094395102393,0.,2.094395102393,4.188790204786,6.28318530718,
8.377580409573),.UNSPECIFIED.) CURVE() GEOMETRIC_REPRESENTATION_ITEM() 
RATIONAL_B_SPLINE_CURVE((1.,0.5,1.,0.5,1.,0.5,1.)) REPRESENTATION_ITEM(
  '') );
#661 = CARTESIAN_POINT('',(-10.16,10.46));
#662 = CARTESIAN_POINT('',(-9.640384757729,10.46));
#663 = CARTESIAN_POINT('',(-9.900192378865,10.01));
#664 = CARTESIAN_POINT('',(-10.16,9.56));
#665 = CARTESIAN_POINT('',(-10.41980762113,10.01));
#666 = CARTESIAN_POINT('',(-10.67961524227,10.46));
#667 = CARTESIAN_POINT('',(-10.16,10.46));
#668 = ( GEOMETRIC_REPRESENTATION_CONTEXT(2) 
PARAMETRIC_REPRESENTATION_CONTEXT() REPRESENTATION_CONTEXT('2D SPACE',''
  ) );
#669 = PCURVE('',#122,#670);
#670 = DEFINITIONAL_REPRESENTATION('',(#671),#675);
#671 = LINE('',#672,#673);
#672 = CARTESIAN_POINT('',(6.28318530718,0.));
#673 = VECTOR('',#674,1.);
#674 = DIRECTION('',(-1.,0.));
#675 = ( GEOMETRIC_REPRESENTATION_CONTEXT(2) 
PARAMETRIC_REPRESENTATION_CONTEXT() REPRESENTATION_CONTEXT('2D SPACE',''
  ) );
#676 = ORIENTED_EDGE('',*,*,#66,.T.);
#677 = FACE_BOUND('',#678,.T.);
#678 = EDGE_LOOP('',(#679,#705));
#679 = ORIENTED_EDGE('',*,*,#680,.T.);
#680 = EDGE_CURVE('',#190,#188,#681,.T.);
#681 = SURFACE_CURVE('',#682,(#687,#698),.PCURVE_S1.);
#682 = CIRCLE('',#683,0.3);
#683 = AXIS2_PLACEMENT_3D('',#684,#685,#686);
#684 = CARTESIAN_POINT('',(10.16,-10.16,16.));
#685 = DIRECTION('',(0.,0.,-1.));
#686 = DIRECTION('',(1.,0.,0.));
#687 = PCURVE('',#90,#688);
#688 = DEFINITIONAL_REPRESENTATION('',(#689),#697);
#689 = ( BOUNDED_CURVE() B_SPLINE_CURVE(2,(#690,#691,#692,#693,#694,#695
,#696),.UNSPECIFIED.,.T.,.F.) B_SPLINE_CURVE_WITH_KNOTS((1,2,2,2,2,1),(
    -2.094395102393,0.,2.094395102393,4.188790204786,6.28318530718,
8.377580409573),.UNSPECIFIED.) CURVE() GEOMETRIC_REPRESENTATION_ITEM() 
RATIONAL_B_SPLINE_CURVE((1.,0.5,1.,0.5,1.,0.5,1.)) REPRESENTATION_ITEM(
  '') );
#690 = CARTESIAN_POINT('',(10.16,10.46));
#691 = CARTESIAN_POINT('',(10.679615242271,10.46));
#692 = CARTESIAN_POINT('',(10.419807621135,10.01));
#693 = CARTESIAN_POINT('',(10.16,9.56));
#694 = CARTESIAN_POINT('',(9.900192378865,10.01));
#695 = CARTESIAN_POINT('',(9.640384757729,10.46));
#696 = CARTESIAN_POINT('',(10.16,10.46));
#697 = ( GEOMETRIC_REPRESENTATION_CONTEXT(2) 
PARAMETRIC_REPRESENTATION_CONTEXT() REPRESENTATION_CONTEXT('2D SPACE',''
  ) );
#698 = PCURVE('',#238,#699);
#699 = DEFINITIONAL_REPRESENTATION('',(#700),#704);
#700 = LINE('',#701,#702);
#701 = CARTESIAN_POINT('',(6.28318530718,0.));
#702 = VECTOR('',#703,1.);
#703 = DIRECTION('',(-1.,0.));
#704 = ( GEOMETRIC_REPRESENTATION_CONTEXT(2) 
PARAMETRIC_REPRESENTATION_CONTEXT() REPRESENTATION_CONTEXT('2D SPACE',''
  ) );
#705 = ORIENTED_EDGE('',*,*,#187,.T.);
#706 = FACE_BOUND('',#707,.T.);
#707 = EDGE_LOOP('',(#708,#734));
#708 = ORIENTED_EDGE('',*,*,#709,.T.);
#709 = EDGE_CURVE('',#306,#304,#710,.T.);
#710 = SURFACE_CURVE('',#711,(#716,#727),.PCURVE_S1.);
#711 = CIRCLE('',#712,0.3);
#712 = AXIS2_PLACEMENT_3D('',#713,#714,#715);
#713 = CARTESIAN_POINT('',(-10.16,-10.16,16.));
#714 = DIRECTION('',(0.,0.,-1.));
#715 = DIRECTION('',(1.,0.,0.));
#716 = PCURVE('',#90,#717);
#717 = DEFINITIONAL_REPRESENTATION('',(#718),#726);
#718 = ( BOUNDED_CURVE() B_SPLINE_CURVE(2,(#719,#720,#721,#722,#723,#724
,#725),.UNSPECIFIED.,.T.,.F.) B_SPLINE_CURVE_WITH_KNOTS((1,2,2,2,2,1),(
    -2.094395102393,0.,2.094395102393,4.188790204786,6.28318530718,
8.377580409573),.UNSPECIFIED.) CURVE() GEOMETRIC_REPRESENTATION_ITEM() 
RATIONAL_B_SPLINE_CURVE((1.,0.5,1.,0.5,1.,0.5,1.)) REPRESENTATION_ITEM(
  '') );
#719 = CARTESIAN_POINT('',(10.16,-9.86));
#720 = CARTESIAN_POINT('',(10.679615242271,-9.86));
#721 = CARTESIAN_POINT('',(10.419807621135,-10.31));
#722 = CARTESIAN_POINT('',(10.16,-10.76));
#723 = CARTESIAN_POINT('',(9.900192378865,-10.31));
#724 = CARTESIAN_POINT('',(9.640384757729,-9.86));
#725 = CARTESIAN_POINT('',(10.16,-9.86));
#726 = ( GEOMETRIC_REPRESENTATION_CONTEXT(2) 
PARAMETRIC_REPRESENTATION_CONTEXT() REPRESENTATION_CONTEXT('2D SPACE',''
  ) );
#727 = PCURVE('',#354,#728);
#728 = DEFINITIONAL_REPRESENTATION('',(#729),#733);
#729 = LINE('',#730,#731);
#730 = CARTESIAN_POINT('',(6.28318530718,0.));
#731 = VECTOR('',#732,1.);
#732 = DIRECTION('',(-1.,0.));
#733 = ( GEOMETRIC_REPRESENTATION_CONTEXT(2) 
PARAMETRIC_REPRESENTATION_CONTEXT() REPRESENTATION_CONTEXT('2D SPACE',''
  ) );
#734 = ORIENTED_EDGE('',*,*,#303,.T.);
#735 = FACE_BOUND('',#736,.T.);
#736 = EDGE_LOOP('',(#737,#763));
#737 = ORIENTED_EDGE('',*,*,#738,.T.);
#738 = EDGE_CURVE('',#422,#420,#739,.T.);
#739 = SURFACE_CURVE('',#740,(#745,#756),.PCURVE_S1.);
#740 = CIRCLE('',#741,0.3);
#741 = AXIS2_PLACEMENT_3D('',#742,#743,#744);
#742 = CARTESIAN_POINT('',(-10.16,-5.08,16.));
#743 = DIRECTION('',(0.,0.,-1.));
#744 = DIRECTION('',(1.,0.,0.));
#745 = PCURVE('',#90,#746);
#746 = DEFINITIONAL_REPRESENTATION('',(#747),#755);
#747 = ( BOUNDED_CURVE() B_SPLINE_CURVE(2,(#748,#749,#750,#751,#752,#753
,#754),.UNSPECIFIED.,.T.,.F.) B_SPLINE_CURVE_WITH_KNOTS((1,2,2,2,2,1),(
    -2.094395102393,0.,2.094395102393,4.188790204786,6.28318530718,
8.377580409573),.UNSPECIFIED.) CURVE() GEOMETRIC_REPRESENTATION_ITEM() 
RATIONAL_B_SPLINE_CURVE((1.,0.5,1.,0.5,1.,0.5,1.)) REPRESENTATION_ITEM(
  '') );
#748 = CARTESIAN_POINT('',(5.08,-9.86));
#749 = CARTESIAN_POINT('',(5.599615242271,-9.86));
#750 = CARTESIAN_POINT('',(5.339807621135,-10.31));
#751 = CARTESIAN_POINT('',(5.08,-10.76));
#752 = CARTESIAN_POINT('',(4.820192378865,-10.31));
#753 = CARTESIAN_POINT('',(4.560384757729,-9.86));
#754 = CARTESIAN_POINT('',(5.08,-9.86));
#755 = ( GEOMETRIC_REPRESENTATION_CONTEXT(2) 
PARAMETRIC_REPRESENTATION_CONTEXT() REPRESENTATION_CONTEXT('2D SPACE',''
  ) );
#756 = PCURVE('',#470,#757);
#757 = DEFINITIONAL_REPRESENTATION('',(#758),#762);
#758 = LINE('',#759,#760);
#759 = CARTESIAN_POINT('',(6.28318530718,0.));
#760 = VECTOR('',#761,1.);
#761 = DIRECTION('',(-1.,0.));
#762 = ( GEOMETRIC_REPRESENTATION_CONTEXT(2) 
PARAMETRIC_REPRESENTATION_CONTEXT() REPRESENTATION_CONTEXT('2D SPACE',''
  ) );
#763 = ORIENTED_EDGE('',*,*,#419,.T.);
#764 = FACE_BOUND('',#765,.T.);
#765 = EDGE_LOOP('',(#766,#792));
#766 = ORIENTED_EDGE('',*,*,#767,.T.);
#767 = EDGE_CURVE('',#538,#536,#768,.T.);
#768 = SURFACE_CURVE('',#769,(#774,#785),.PCURVE_S1.);
#769 = CIRCLE('',#770,0.3);
#770 = AXIS2_PLACEMENT_3D('',#771,#772,#773);
#771 = CARTESIAN_POINT('',(10.16,-2.483740275844E-27,16.));
#772 = DIRECTION('',(-0.,1.552340223837E-28,-1.));
#773 = DIRECTION('',(0.,-1.,-1.552340223837E-28));
#774 = PCURVE('',#90,#775);
#775 = DEFINITIONAL_REPRESENTATION('',(#776),#784);
#776 = ( BOUNDED_CURVE() B_SPLINE_CURVE(2,(#777,#778,#779,#780,#781,#782
,#783),.UNSPECIFIED.,.T.,.F.) B_SPLINE_CURVE_WITH_KNOTS((1,2,2,2,2,1),(
    -2.094395102393,0.,2.094395102393,4.188790204786,6.28318530718,
8.377580409573),.UNSPECIFIED.) CURVE() GEOMETRIC_REPRESENTATION_ITEM() 
RATIONAL_B_SPLINE_CURVE((1.,0.5,1.,0.5,1.,0.5,1.)) REPRESENTATION_ITEM(
  '') );
#777 = CARTESIAN_POINT('',(0.3,10.16));
#778 = CARTESIAN_POINT('',(0.3,9.640384757729));
#779 = CARTESIAN_POINT('',(-0.15,9.900192378865));
#780 = CARTESIAN_POINT('',(-0.6,10.16));
#781 = CARTESIAN_POINT('',(-0.15,10.419807621135));
#782 = CARTESIAN_POINT('',(0.3,10.679615242271));
#783 = CARTESIAN_POINT('',(0.3,10.16));
#784 = ( GEOMETRIC_REPRESENTATION_CONTEXT(2) 
PARAMETRIC_REPRESENTATION_CONTEXT() REPRESENTATION_CONTEXT('2D SPACE',''
  ) );
#785 = PCURVE('',#586,#786);
#786 = DEFINITIONAL_REPRESENTATION('',(#787),#791);
#787 = LINE('',#788,#789);
#788 = CARTESIAN_POINT('',(6.28318530718,0.));
#789 = VECTOR('',#790,1.);
#790 = DIRECTION('',(-1.,0.));
#791 = ( GEOMETRIC_REPRESENTATION_CONTEXT(2) 
PARAMETRIC_REPRESENTATION_CONTEXT() REPRESENTATION_CONTEXT('2D SPACE',''
  ) );
#792 = ORIENTED_EDGE('',*,*,#535,.T.);
#793 = FACE_BOUND('',#794,.T.);
#794 = EDGE_LOOP('',(#795,#825,#853,#881,#909,#961,#989,#1017,#1045,
    #1073,#1101,#1153,#1181,#1209,#1237,#1265,#1293,#1345,#1373,#1401,
    #1429,#1457,#1485,#1537));
#795 = ORIENTED_EDGE('',*,*,#796,.T.);
#796 = EDGE_CURVE('',#797,#799,#801,.T.);
#797 = VERTEX_POINT('',#798);
#798 = CARTESIAN_POINT('',(12.239435564217,-1.5,16.));
#799 = VERTEX_POINT('',#800);
#800 = CARTESIAN_POINT('',(12.154019304451,-1.5,16.));
#801 = SURFACE_CURVE('',#802,(#806,#813),.PCURVE_S1.);
#802 = LINE('',#803,#804);
#803 = CARTESIAN_POINT('',(5.242985220898E-16,-1.5,16.));
#804 = VECTOR('',#805,1.);
#805 = DIRECTION('',(-1.,2.227884154884E-56,-1.435180112221E-28));
#806 = PCURVE('',#90,#807);
#807 = DEFINITIONAL_REPRESENTATION('',(#808),#812);
#808 = LINE('',#809,#810);
#809 = CARTESIAN_POINT('',(1.5,3.341826232327E-56));
#810 = VECTOR('',#811,1.);
#811 = DIRECTION('',(0.,-1.));
#812 = ( GEOMETRIC_REPRESENTATION_CONTEXT(2) 
PARAMETRIC_REPRESENTATION_CONTEXT() REPRESENTATION_CONTEXT('2D SPACE',''
  ) );
#813 = PCURVE('',#814,#819);
#814 = PLANE('',#815);
#815 = AXIS2_PLACEMENT_3D('',#816,#817,#818);
#816 = CARTESIAN_POINT('',(12.249908603174,-1.5,16.6));
#817 = DIRECTION('',(0.,-1.,0.));
#818 = DIRECTION('',(0.,-0.,-1.));
#819 = DEFINITIONAL_REPRESENTATION('',(#820),#824);
#820 = LINE('',#821,#822);
#821 = CARTESIAN_POINT('',(0.6,-12.24990860317));
#822 = VECTOR('',#823,1.);
#823 = DIRECTION('',(1.435180112221E-28,-1.));
#824 = ( GEOMETRIC_REPRESENTATION_CONTEXT(2) 
PARAMETRIC_REPRESENTATION_CONTEXT() REPRESENTATION_CONTEXT('2D SPACE',''
  ) );
#825 = ORIENTED_EDGE('',*,*,#826,.T.);
#826 = EDGE_CURVE('',#799,#827,#829,.T.);
#827 = VERTEX_POINT('',#828);
#828 = CARTESIAN_POINT('',(12.154019304451,1.5,16.));
#829 = SURFACE_CURVE('',#830,(#834,#841),.PCURVE_S1.);
#830 = LINE('',#831,#832);
#831 = CARTESIAN_POINT('',(12.154019304451,-2.707774702655E-55,16.));
#832 = VECTOR('',#833,1.);
#833 = DIRECTION('',(-0.,1.,1.552337672403E-28));
#834 = PCURVE('',#90,#835);
#835 = DEFINITIONAL_REPRESENTATION('',(#836),#840);
#836 = LINE('',#837,#838);
#837 = CARTESIAN_POINT('',(5.415549405309E-55,12.154019304451));
#838 = VECTOR('',#839,1.);
#839 = DIRECTION('',(-1.,0.));
#840 = ( GEOMETRIC_REPRESENTATION_CONTEXT(2) 
PARAMETRIC_REPRESENTATION_CONTEXT() REPRESENTATION_CONTEXT('2D SPACE',''
  ) );
#841 = PCURVE('',#842,#847);
#842 = PLANE('',#843);
#843 = AXIS2_PLACEMENT_3D('',#844,#845,#846);
#844 = CARTESIAN_POINT('',(12.164482506992,-1.5,16.599436472079));
#845 = DIRECTION('',(-0.999847695156,0.,1.745240643728E-02));
#846 = DIRECTION('',(1.745240643728E-02,0.,0.999847695156));
#847 = DEFINITIONAL_REPRESENTATION('',(#848),#852);
#848 = LINE('',#849,#850);
#849 = CARTESIAN_POINT('',(-0.599527783064,1.5));
#850 = VECTOR('',#851,1.);
#851 = DIRECTION('',(1.552101243856E-28,1.));
#852 = ( GEOMETRIC_REPRESENTATION_CONTEXT(2) 
PARAMETRIC_REPRESENTATION_CONTEXT() REPRESENTATION_CONTEXT('2D SPACE',''
  ) );
#853 = ORIENTED_EDGE('',*,*,#854,.T.);
#854 = EDGE_CURVE('',#827,#855,#857,.T.);
#855 = VERTEX_POINT('',#856);
#856 = CARTESIAN_POINT('',(12.239435564217,1.5,16.));
#857 = SURFACE_CURVE('',#858,(#862,#869),.PCURVE_S1.);
#858 = LINE('',#859,#860);
#859 = CARTESIAN_POINT('',(5.242985220898E-16,1.5,16.));
#860 = VECTOR('',#861,1.);
#861 = DIRECTION('',(1.,-2.227884154884E-56,1.435180112221E-28));
#862 = PCURVE('',#90,#863);
#863 = DEFINITIONAL_REPRESENTATION('',(#864),#868);
#864 = LINE('',#865,#866);
#865 = CARTESIAN_POINT('',(-1.5,-3.341826232327E-56));
#866 = VECTOR('',#867,1.);
#867 = DIRECTION('',(0.,1.));
#868 = ( GEOMETRIC_REPRESENTATION_CONTEXT(2) 
PARAMETRIC_REPRESENTATION_CONTEXT() REPRESENTATION_CONTEXT('2D SPACE',''
  ) );
#869 = PCURVE('',#870,#875);
#870 = PLANE('',#871);
#871 = AXIS2_PLACEMENT_3D('',#872,#873,#874);
#872 = CARTESIAN_POINT('',(12.099908603174,1.5,16.6));
#873 = DIRECTION('',(-0.,1.,0.));
#874 = DIRECTION('',(0.,0.,1.));
#875 = DEFINITIONAL_REPRESENTATION('',(#876),#880);
#876 = LINE('',#877,#878);
#877 = CARTESIAN_POINT('',(-0.6,-12.09990860317));
#878 = VECTOR('',#879,1.);
#879 = DIRECTION('',(1.435180112221E-28,1.));
#880 = ( GEOMETRIC_REPRESENTATION_CONTEXT(2) 
PARAMETRIC_REPRESENTATION_CONTEXT() REPRESENTATION_CONTEXT('2D SPACE',''
  ) );
#881 = ORIENTED_EDGE('',*,*,#882,.T.);
#882 = EDGE_CURVE('',#855,#883,#885,.T.);
#883 = VERTEX_POINT('',#884);
#884 = CARTESIAN_POINT('',(12.239435564217,11.739511716639,16.));
#885 = SURFACE_CURVE('',#886,(#890,#897),.PCURVE_S1.);
#886 = LINE('',#887,#888);
#887 = CARTESIAN_POINT('',(12.239435564217,-2.726804455825E-55,16.));
#888 = VECTOR('',#889,1.);
#889 = DIRECTION('',(-0.,1.,1.552337672403E-28));
#890 = PCURVE('',#90,#891);
#891 = DEFINITIONAL_REPRESENTATION('',(#892),#896);
#892 = LINE('',#893,#894);
#893 = CARTESIAN_POINT('',(5.45360891165E-55,12.239435564217));
#894 = VECTOR('',#895,1.);
#895 = DIRECTION('',(-1.,0.));
#896 = ( GEOMETRIC_REPRESENTATION_CONTEXT(2) 
PARAMETRIC_REPRESENTATION_CONTEXT() REPRESENTATION_CONTEXT('2D SPACE',''
  ) );
#897 = PCURVE('',#898,#903);
#898 = PLANE('',#899);
#899 = AXIS2_PLACEMENT_3D('',#900,#901,#902);
#900 = CARTESIAN_POINT('',(11.960381436047,12.85,1.299970426627E-02));
#901 = DIRECTION('',(0.999847695156,0.,-1.745240643728E-02));
#902 = DIRECTION('',(-1.745240643728E-02,0.,-0.999847695156));
#903 = DEFINITIONAL_REPRESENTATION('',(#904),#908);
#904 = LINE('',#905,#906);
#905 = CARTESIAN_POINT('',(-15.98943556421,-12.85));
#906 = VECTOR('',#907,1.);
#907 = DIRECTION('',(-1.552101243856E-28,1.));
#908 = ( GEOMETRIC_REPRESENTATION_CONTEXT(2) 
PARAMETRIC_REPRESENTATION_CONTEXT() REPRESENTATION_CONTEXT('2D SPACE',''
  ) );
#909 = ORIENTED_EDGE('',*,*,#910,.T.);
#910 = EDGE_CURVE('',#883,#911,#913,.T.);
#911 = VERTEX_POINT('',#912);
#912 = CARTESIAN_POINT('',(11.739511716639,12.239435564217,16.));
#913 = SURFACE_CURVE('',#914,(#919,#927),.PCURVE_S1.);
#914 = ( BOUNDED_CURVE() B_SPLINE_CURVE(3,(#915,#916,#917,#918),
.UNSPECIFIED.,.F.,.F.) B_SPLINE_CURVE_WITH_KNOTS((4,4),(5.49793943703,
7.068431177329),.PIECEWISE_BEZIER_KNOTS.) CURVE() 
GEOMETRIC_REPRESENTATION_ITEM() RATIONAL_B_SPLINE_CURVE((1.,
0.804809640383,0.804809640383,1.)) REPRESENTATION_ITEM('') );
#915 = CARTESIAN_POINT('',(12.239435564217,11.739511716639,16.));
#916 = CARTESIAN_POINT('',(12.239435564217,12.032378796797,16.));
#917 = CARTESIAN_POINT('',(12.032378796797,12.239435564217,16.));
#918 = CARTESIAN_POINT('',(11.739511716639,12.239435564217,16.));
#919 = PCURVE('',#90,#920);
#920 = DEFINITIONAL_REPRESENTATION('',(#921),#926);
#921 = ( BOUNDED_CURVE() B_SPLINE_CURVE(3,(#922,#923,#924,#925),
.UNSPECIFIED.,.F.,.F.) B_SPLINE_CURVE_WITH_KNOTS((4,4),(5.49793943703,
7.068431177329),.PIECEWISE_BEZIER_KNOTS.) CURVE() 
GEOMETRIC_REPRESENTATION_ITEM() RATIONAL_B_SPLINE_CURVE((1.,
0.804809640383,0.804809640383,1.)) REPRESENTATION_ITEM('') );
#922 = CARTESIAN_POINT('',(-11.73951171663,12.239435564217));
#923 = CARTESIAN_POINT('',(-12.03237879679,12.239435564217));
#924 = CARTESIAN_POINT('',(-12.23943556421,12.032378796797));
#925 = CARTESIAN_POINT('',(-12.23943556421,11.739511716639));
#926 = ( GEOMETRIC_REPRESENTATION_CONTEXT(2) 
PARAMETRIC_REPRESENTATION_CONTEXT() REPRESENTATION_CONTEXT('2D SPACE',''
  ) );
#927 = PCURVE('',#928,#933);
#928 = CYLINDRICAL_SURFACE('',#929,0.5);
#929 = AXIS2_PLACEMENT_3D('',#930,#931,#932);
#930 = CARTESIAN_POINT('',(11.45696795081,11.45696795081,-0.178195300125
    ));
#931 = DIRECTION('',(1.744974916068E-02,1.744974916068E-02,
    0.999695459882));
#932 = DIRECTION('',(0.999847695156,-6.505213034913E-19,
    -1.745240643728E-02));
#933 = DEFINITIONAL_REPRESENTATION('',(#934),#960);
#934 = B_SPLINE_CURVE_WITH_KNOTS('',3,(#935,#936,#937,#938,#939,#940,
    #941,#942,#943,#944,#945,#946,#947,#948,#949,#950,#951,#952,#953,
    #954,#955,#956,#957,#958,#959),.UNSPECIFIED.,.F.,.F.,(4,1,1,1,1,1,1,
    1,1,1,1,1,1,1,1,1,1,1,1,1,1,1,4),(5.49793943703,5.569325425225,
    5.640711413421,5.712097401616,5.783483389811,5.854869378007,
    5.926255366202,5.997641354398,6.069027342593,6.140413330789,
    6.211799318984,6.28318530718,6.354571295375,6.42595728357,
    6.497343271766,6.568729259961,6.640115248157,6.711501236352,
    6.782887224548,6.854273212743,6.925659200939,6.997045189134,
    7.068431177329),.QUASI_UNIFORM_KNOTS.);
#935 = CARTESIAN_POINT('',(0.,16.191852572038));
#936 = CARTESIAN_POINT('',(2.142268129159E-02,16.192039510256));
#937 = CARTESIAN_POINT('',(6.484409552056E-02,16.192406399029));
#938 = CARTESIAN_POINT('',(0.131610829821,16.192929685757));
#939 = CARTESIAN_POINT('',(0.199925948648,16.19341987629));
#940 = CARTESIAN_POINT('',(0.269677626149,16.193870802971));
#941 = CARTESIAN_POINT('',(0.340737219098,16.194276417866));
#942 = CARTESIAN_POINT('',(0.412957513829,16.194630949077));
#943 = CARTESIAN_POINT('',(0.486174489982,16.19492909244));
#944 = CARTESIAN_POINT('',(0.560208860254,16.195166195402));
#945 = CARTESIAN_POINT('',(0.634868372859,16.195338430875));
#946 = CARTESIAN_POINT('',(0.709950553349,16.195442947217));
#947 = CARTESIAN_POINT('',(0.78524587015,16.195477984354));
#948 = CARTESIAN_POINT('',(0.860541186951,16.195442947217));
#949 = CARTESIAN_POINT('',(0.935623367441,16.195338430875));
#950 = CARTESIAN_POINT('',(1.010282880046,16.195166195402));
#951 = CARTESIAN_POINT('',(1.084317250318,16.19492909244));
#952 = CARTESIAN_POINT('',(1.157534226471,16.194630949077));
#953 = CARTESIAN_POINT('',(1.229754521202,16.194276417866));
#954 = CARTESIAN_POINT('',(1.300814114151,16.193870802971));
#955 = CARTESIAN_POINT('',(1.370565791651,16.19341987629));
#956 = CARTESIAN_POINT('',(1.438880910478,16.192929685757));
#957 = CARTESIAN_POINT('',(1.505647644779,16.192406399029));
#958 = CARTESIAN_POINT('',(1.549069059008,16.192039510256));
#959 = CARTESIAN_POINT('',(1.5704917403,16.191852572038));
#960 = ( GEOMETRIC_REPRESENTATION_CONTEXT(2) 
PARAMETRIC_REPRESENTATION_CONTEXT() REPRESENTATION_CONTEXT('2D SPACE',''
  ) );
#961 = ORIENTED_EDGE('',*,*,#962,.T.);
#962 = EDGE_CURVE('',#911,#963,#965,.T.);
#963 = VERTEX_POINT('',#964);
#964 = CARTESIAN_POINT('',(1.5,12.239435564217,16.));
#965 = SURFACE_CURVE('',#966,(#970,#977),.PCURVE_S1.);
#966 = LINE('',#967,#968);
#967 = CARTESIAN_POINT('',(5.242985220898E-16,12.239435564217,16.));
#968 = VECTOR('',#969,1.);
#969 = DIRECTION('',(-1.,2.227884154884E-56,-1.435180112221E-28));
#970 = PCURVE('',#90,#971);
#971 = DEFINITIONAL_REPRESENTATION('',(#972),#976);
#972 = LINE('',#973,#974);
#973 = CARTESIAN_POINT('',(-12.23943556421,-2.726804455825E-55));
#974 = VECTOR('',#975,1.);
#975 = DIRECTION('',(0.,-1.));
#976 = ( GEOMETRIC_REPRESENTATION_CONTEXT(2) 
PARAMETRIC_REPRESENTATION_CONTEXT() REPRESENTATION_CONTEXT('2D SPACE',''
  ) );
#977 = PCURVE('',#978,#983);
#978 = PLANE('',#979);
#979 = AXIS2_PLACEMENT_3D('',#980,#981,#982);
#980 = CARTESIAN_POINT('',(-12.85,11.960381436047,1.299970426627E-02));
#981 = DIRECTION('',(0.,0.999847695156,-1.745240643728E-02));
#982 = DIRECTION('',(0.,1.745240643728E-02,0.999847695156));
#983 = DEFINITIONAL_REPRESENTATION('',(#984),#988);
#984 = LINE('',#985,#986);
#985 = CARTESIAN_POINT('',(15.989435564217,12.85));
#986 = VECTOR('',#987,1.);
#987 = DIRECTION('',(-1.434961527339E-28,-1.));
#988 = ( GEOMETRIC_REPRESENTATION_CONTEXT(2) 
PARAMETRIC_REPRESENTATION_CONTEXT() REPRESENTATION_CONTEXT('2D SPACE',''
  ) );
#989 = ORIENTED_EDGE('',*,*,#990,.T.);
#990 = EDGE_CURVE('',#963,#991,#993,.T.);
#991 = VERTEX_POINT('',#992);
#992 = CARTESIAN_POINT('',(1.5,12.154019304451,16.));
#993 = SURFACE_CURVE('',#994,(#998,#1005),.PCURVE_S1.);
#994 = LINE('',#995,#996);
#995 = CARTESIAN_POINT('',(1.5,-3.341826232327E-56,16.));
#996 = VECTOR('',#997,1.);
#997 = DIRECTION('',(0.,-1.,-1.552337672403E-28));
#998 = PCURVE('',#90,#999);
#999 = DEFINITIONAL_REPRESENTATION('',(#1000),#1004);
#1000 = LINE('',#1001,#1002);
#1001 = CARTESIAN_POINT('',(6.683652464653E-56,1.5));
#1002 = VECTOR('',#1003,1.);
#1003 = DIRECTION('',(1.,0.));
#1004 = ( GEOMETRIC_REPRESENTATION_CONTEXT(2) 
PARAMETRIC_REPRESENTATION_CONTEXT() REPRESENTATION_CONTEXT('2D SPACE',''
  ) );
#1005 = PCURVE('',#1006,#1011);
#1006 = PLANE('',#1007);
#1007 = AXIS2_PLACEMENT_3D('',#1008,#1009,#1010);
#1008 = CARTESIAN_POINT('',(1.5,12.249908603174,16.6));
#1009 = DIRECTION('',(1.,7.401486830834E-15,0.));
#1010 = DIRECTION('',(-7.401486830834E-15,1.,0.));
#1011 = DEFINITIONAL_REPRESENTATION('',(#1012),#1016);
#1012 = LINE('',#1013,#1014);
#1013 = CARTESIAN_POINT('',(-12.24990860317,-0.6));
#1014 = VECTOR('',#1015,1.);
#1015 = DIRECTION('',(-1.,-1.552337672403E-28));
#1016 = ( GEOMETRIC_REPRESENTATION_CONTEXT(2) 
PARAMETRIC_REPRESENTATION_CONTEXT() REPRESENTATION_CONTEXT('2D SPACE',''
  ) );
#1017 = ORIENTED_EDGE('',*,*,#1018,.T.);
#1018 = EDGE_CURVE('',#991,#1019,#1021,.T.);
#1019 = VERTEX_POINT('',#1020);
#1020 = CARTESIAN_POINT('',(-1.5,12.154019304451,16.));
#1021 = SURFACE_CURVE('',#1022,(#1026,#1033),.PCURVE_S1.);
#1022 = LINE('',#1023,#1024);
#1023 = CARTESIAN_POINT('',(5.242985220898E-16,12.154019304451,16.));
#1024 = VECTOR('',#1025,1.);
#1025 = DIRECTION('',(-1.,2.227884154884E-56,-1.435180112221E-28));
#1026 = PCURVE('',#90,#1027);
#1027 = DEFINITIONAL_REPRESENTATION('',(#1028),#1032);
#1028 = LINE('',#1029,#1030);
#1029 = CARTESIAN_POINT('',(-12.15401930445,-2.707774702655E-55));
#1030 = VECTOR('',#1031,1.);
#1031 = DIRECTION('',(0.,-1.));
#1032 = ( GEOMETRIC_REPRESENTATION_CONTEXT(2) 
PARAMETRIC_REPRESENTATION_CONTEXT() REPRESENTATION_CONTEXT('2D SPACE',''
  ) );
#1033 = PCURVE('',#1034,#1039);
#1034 = PLANE('',#1035);
#1035 = AXIS2_PLACEMENT_3D('',#1036,#1037,#1038);
#1036 = CARTESIAN_POINT('',(1.5,12.164482506992,16.599436472079));
#1037 = DIRECTION('',(-1.711640708263E-19,-0.999847695156,
    1.745240643728E-02));
#1038 = DIRECTION('',(-7.523163845263E-37,-1.745240643728E-02,
    -0.999847695156));
#1039 = DEFINITIONAL_REPRESENTATION('',(#1040),#1044);
#1040 = LINE('',#1041,#1042);
#1041 = CARTESIAN_POINT('',(0.599527783064,-1.5));
#1042 = VECTOR('',#1043,1.);
#1043 = DIRECTION('',(1.434961538614E-28,-1.));
#1044 = ( GEOMETRIC_REPRESENTATION_CONTEXT(2) 
PARAMETRIC_REPRESENTATION_CONTEXT() REPRESENTATION_CONTEXT('2D SPACE',''
  ) );
#1045 = ORIENTED_EDGE('',*,*,#1046,.T.);
#1046 = EDGE_CURVE('',#1019,#1047,#1049,.T.);
#1047 = VERTEX_POINT('',#1048);
#1048 = CARTESIAN_POINT('',(-1.5,12.239435564217,16.));
#1049 = SURFACE_CURVE('',#1050,(#1054,#1061),.PCURVE_S1.);
#1050 = LINE('',#1051,#1052);
#1051 = CARTESIAN_POINT('',(-1.5,3.341826232327E-56,16.));
#1052 = VECTOR('',#1053,1.);
#1053 = DIRECTION('',(-0.,1.,1.552337672403E-28));
#1054 = PCURVE('',#90,#1055);
#1055 = DEFINITIONAL_REPRESENTATION('',(#1056),#1060);
#1056 = LINE('',#1057,#1058);
#1057 = CARTESIAN_POINT('',(-6.683652464653E-56,-1.5));
#1058 = VECTOR('',#1059,1.);
#1059 = DIRECTION('',(-1.,0.));
#1060 = ( GEOMETRIC_REPRESENTATION_CONTEXT(2) 
PARAMETRIC_REPRESENTATION_CONTEXT() REPRESENTATION_CONTEXT('2D SPACE',''
  ) );
#1061 = PCURVE('',#1062,#1067);
#1062 = PLANE('',#1063);
#1063 = AXIS2_PLACEMENT_3D('',#1064,#1065,#1066);
#1064 = CARTESIAN_POINT('',(-1.5,12.099908603174,16.6));
#1065 = DIRECTION('',(-1.,7.401486830834E-15,0.));
#1066 = DIRECTION('',(-7.401486830834E-15,-1.,0.));
#1067 = DEFINITIONAL_REPRESENTATION('',(#1068),#1072);
#1068 = LINE('',#1069,#1070);
#1069 = CARTESIAN_POINT('',(12.099908603174,-0.6));
#1070 = VECTOR('',#1071,1.);
#1071 = DIRECTION('',(-1.,1.552337672403E-28));
#1072 = ( GEOMETRIC_REPRESENTATION_CONTEXT(2) 
PARAMETRIC_REPRESENTATION_CONTEXT() REPRESENTATION_CONTEXT('2D SPACE',''
  ) );
#1073 = ORIENTED_EDGE('',*,*,#1074,.T.);
#1074 = EDGE_CURVE('',#1047,#1075,#1077,.T.);
#1075 = VERTEX_POINT('',#1076);
#1076 = CARTESIAN_POINT('',(-11.73951171663,12.239435564217,16.));
#1077 = SURFACE_CURVE('',#1078,(#1082,#1089),.PCURVE_S1.);
#1078 = LINE('',#1079,#1080);
#1079 = CARTESIAN_POINT('',(5.242985220898E-16,12.239435564217,16.));
#1080 = VECTOR('',#1081,1.);
#1081 = DIRECTION('',(-1.,2.227884154884E-56,-1.435180112221E-28));
#1082 = PCURVE('',#90,#1083);
#1083 = DEFINITIONAL_REPRESENTATION('',(#1084),#1088);
#1084 = LINE('',#1085,#1086);
#1085 = CARTESIAN_POINT('',(-12.23943556421,-2.726804455825E-55));
#1086 = VECTOR('',#1087,1.);
#1087 = DIRECTION('',(0.,-1.));
#1088 = ( GEOMETRIC_REPRESENTATION_CONTEXT(2) 
PARAMETRIC_REPRESENTATION_CONTEXT() REPRESENTATION_CONTEXT('2D SPACE',''
  ) );
#1089 = PCURVE('',#1090,#1095);
#1090 = PLANE('',#1091);
#1091 = AXIS2_PLACEMENT_3D('',#1092,#1093,#1094);
#1092 = CARTESIAN_POINT('',(-12.85,11.960381436047,1.299970426627E-02));
#1093 = DIRECTION('',(0.,0.999847695156,-1.745240643728E-02));
#1094 = DIRECTION('',(0.,1.745240643728E-02,0.999847695156));
#1095 = DEFINITIONAL_REPRESENTATION('',(#1096),#1100);
#1096 = LINE('',#1097,#1098);
#1097 = CARTESIAN_POINT('',(15.989435564217,12.85));
#1098 = VECTOR('',#1099,1.);
#1099 = DIRECTION('',(-1.434961527339E-28,-1.));
#1100 = ( GEOMETRIC_REPRESENTATION_CONTEXT(2) 
PARAMETRIC_REPRESENTATION_CONTEXT() REPRESENTATION_CONTEXT('2D SPACE',''
  ) );
#1101 = ORIENTED_EDGE('',*,*,#1102,.T.);
#1102 = EDGE_CURVE('',#1075,#1103,#1105,.T.);
#1103 = VERTEX_POINT('',#1104);
#1104 = CARTESIAN_POINT('',(-12.23943556421,11.739511716639,16.));
#1105 = SURFACE_CURVE('',#1106,(#1111,#1119),.PCURVE_S1.);
#1106 = ( BOUNDED_CURVE() B_SPLINE_CURVE(3,(#1107,#1108,#1109,#1110),
.UNSPECIFIED.,.F.,.F.) B_SPLINE_CURVE_WITH_KNOTS((4,4),(5.49793943703,
7.068431177329),.PIECEWISE_BEZIER_KNOTS.) CURVE() 
GEOMETRIC_REPRESENTATION_ITEM() RATIONAL_B_SPLINE_CURVE((1.,
0.804809640383,0.804809640383,1.)) REPRESENTATION_ITEM('') );
#1107 = CARTESIAN_POINT('',(-11.73951171663,12.239435564217,16.));
#1108 = CARTESIAN_POINT('',(-12.03237879679,12.239435564217,16.));
#1109 = CARTESIAN_POINT('',(-12.23943556421,12.032378796797,16.));
#1110 = CARTESIAN_POINT('',(-12.23943556421,11.739511716639,16.));
#1111 = PCURVE('',#90,#1112);
#1112 = DEFINITIONAL_REPRESENTATION('',(#1113),#1118);
#1113 = ( BOUNDED_CURVE() B_SPLINE_CURVE(3,(#1114,#1115,#1116,#1117),
.UNSPECIFIED.,.F.,.F.) B_SPLINE_CURVE_WITH_KNOTS((4,4),(5.49793943703,
7.068431177329),.PIECEWISE_BEZIER_KNOTS.) CURVE() 
GEOMETRIC_REPRESENTATION_ITEM() RATIONAL_B_SPLINE_CURVE((1.,
0.804809640383,0.804809640383,1.)) REPRESENTATION_ITEM('') );
#1114 = CARTESIAN_POINT('',(-12.23943556421,-11.73951171663));
#1115 = CARTESIAN_POINT('',(-12.23943556421,-12.03237879679));
#1116 = CARTESIAN_POINT('',(-12.03237879679,-12.23943556421));
#1117 = CARTESIAN_POINT('',(-11.73951171663,-12.23943556421));
#1118 = ( GEOMETRIC_REPRESENTATION_CONTEXT(2) 
PARAMETRIC_REPRESENTATION_CONTEXT() REPRESENTATION_CONTEXT('2D SPACE',''
  ) );
#1119 = PCURVE('',#1120,#1125);
#1120 = CYLINDRICAL_SURFACE('',#1121,0.5);
#1121 = AXIS2_PLACEMENT_3D('',#1122,#1123,#1124);
#1122 = CARTESIAN_POINT('',(-11.45696795081,11.45696795081,
    -0.178195300125));
#1123 = DIRECTION('',(-1.744974916068E-02,1.744974916068E-02,
    0.999695459882));
#1124 = DIRECTION('',(0.999847695156,6.505213034913E-19,
    1.745240643728E-02));
#1125 = DEFINITIONAL_REPRESENTATION('',(#1126),#1152);
#1126 = B_SPLINE_CURVE_WITH_KNOTS('',3,(#1127,#1128,#1129,#1130,#1131,
    #1132,#1133,#1134,#1135,#1136,#1137,#1138,#1139,#1140,#1141,#1142,
    #1143,#1144,#1145,#1146,#1147,#1148,#1149,#1150,#1151),
  .UNSPECIFIED.,.F.,.F.,(4,1,1,1,1,1,1,1,1,1,1,1,1,1,1,1,1,1,1,1,1,1,4),
  (5.49793943703,5.569325425225,5.640711413421,5.712097401616,
    5.783483389812,5.854869378007,5.926255366202,5.997641354398,
    6.069027342593,6.140413330789,6.211799318984,6.28318530718,
    6.354571295375,6.425957283571,6.497343271766,6.568729259961,
    6.640115248157,6.711501236352,6.782887224548,6.854273212743,
    6.925659200939,6.997045189134,7.068431177329),
  .QUASI_UNIFORM_KNOTS.);
#1127 = CARTESIAN_POINT('',(1.57110091329,16.191852572038));
#1128 = CARTESIAN_POINT('',(1.592523594582,16.192039510256));
#1129 = CARTESIAN_POINT('',(1.635945008811,16.192406399029));
#1130 = CARTESIAN_POINT('',(1.702711743111,16.192929685757));
#1131 = CARTESIAN_POINT('',(1.771026861939,16.19341987629));
#1132 = CARTESIAN_POINT('',(1.840778539439,16.193870802971));
#1133 = CARTESIAN_POINT('',(1.911838132388,16.194276417866));
#1134 = CARTESIAN_POINT('',(1.984058427119,16.194630949077));
#1135 = CARTESIAN_POINT('',(2.057275403272,16.19492909244));
#1136 = CARTESIAN_POINT('',(2.131309773544,16.195166195402));
#1137 = CARTESIAN_POINT('',(2.205969286149,16.195338430875));
#1138 = CARTESIAN_POINT('',(2.281051466639,16.195442947217));
#1139 = CARTESIAN_POINT('',(2.35634678344,16.195477984354));
#1140 = CARTESIAN_POINT('',(2.431642100241,16.195442947217));
#1141 = CARTESIAN_POINT('',(2.506724280731,16.195338430875));
#1142 = CARTESIAN_POINT('',(2.581383793336,16.195166195402));
#1143 = CARTESIAN_POINT('',(2.655418163608,16.19492909244));
#1144 = CARTESIAN_POINT('',(2.728635139761,16.194630949077));
#1145 = CARTESIAN_POINT('',(2.800855434492,16.194276417866));
#1146 = CARTESIAN_POINT('',(2.871915027441,16.193870802971));
#1147 = CARTESIAN_POINT('',(2.941666704941,16.19341987629));
#1148 = CARTESIAN_POINT('',(3.009981823769,16.192929685757));
#1149 = CARTESIAN_POINT('',(3.076748558069,16.192406399029));
#1150 = CARTESIAN_POINT('',(3.120169972298,16.192039510256));
#1151 = CARTESIAN_POINT('',(3.14159265359,16.191852572038));
#1152 = ( GEOMETRIC_REPRESENTATION_CONTEXT(2) 
PARAMETRIC_REPRESENTATION_CONTEXT() REPRESENTATION_CONTEXT('2D SPACE',''
  ) );
#1153 = ORIENTED_EDGE('',*,*,#1154,.T.);
#1154 = EDGE_CURVE('',#1103,#1155,#1157,.T.);
#1155 = VERTEX_POINT('',#1156);
#1156 = CARTESIAN_POINT('',(-12.23943556421,1.5,16.));
#1157 = SURFACE_CURVE('',#1158,(#1162,#1169),.PCURVE_S1.);
#1158 = LINE('',#1159,#1160);
#1159 = CARTESIAN_POINT('',(-12.23943556421,2.726804455825E-55,16.));
#1160 = VECTOR('',#1161,1.);
#1161 = DIRECTION('',(0.,-1.,-1.552337672403E-28));
#1162 = PCURVE('',#90,#1163);
#1163 = DEFINITIONAL_REPRESENTATION('',(#1164),#1168);
#1164 = LINE('',#1165,#1166);
#1165 = CARTESIAN_POINT('',(-5.45360891165E-55,-12.23943556421));
#1166 = VECTOR('',#1167,1.);
#1167 = DIRECTION('',(1.,0.));
#1168 = ( GEOMETRIC_REPRESENTATION_CONTEXT(2) 
PARAMETRIC_REPRESENTATION_CONTEXT() REPRESENTATION_CONTEXT('2D SPACE',''
  ) );
#1169 = PCURVE('',#1170,#1175);
#1170 = PLANE('',#1171);
#1171 = AXIS2_PLACEMENT_3D('',#1172,#1173,#1174);
#1172 = CARTESIAN_POINT('',(-11.96038143604,-12.85,1.299970426627E-02));
#1173 = DIRECTION('',(-0.999847695156,0.,-1.745240643728E-02));
#1174 = DIRECTION('',(-1.745240643728E-02,0.,0.999847695156));
#1175 = DEFINITIONAL_REPRESENTATION('',(#1176),#1180);
#1176 = LINE('',#1177,#1178);
#1177 = CARTESIAN_POINT('',(15.989435564217,12.85));
#1178 = VECTOR('',#1179,1.);
#1179 = DIRECTION('',(-1.552101243856E-28,-1.));
#1180 = ( GEOMETRIC_REPRESENTATION_CONTEXT(2) 
PARAMETRIC_REPRESENTATION_CONTEXT() REPRESENTATION_CONTEXT('2D SPACE',''
  ) );
#1181 = ORIENTED_EDGE('',*,*,#1182,.T.);
#1182 = EDGE_CURVE('',#1155,#1183,#1185,.T.);
#1183 = VERTEX_POINT('',#1184);
#1184 = CARTESIAN_POINT('',(-12.15401930445,1.5,16.));
#1185 = SURFACE_CURVE('',#1186,(#1190,#1197),.PCURVE_S1.);
#1186 = LINE('',#1187,#1188);
#1187 = CARTESIAN_POINT('',(5.242985220898E-16,1.5,16.));
#1188 = VECTOR('',#1189,1.);
#1189 = DIRECTION('',(1.,-2.227884154884E-56,1.435180112221E-28));
#1190 = PCURVE('',#90,#1191);
#1191 = DEFINITIONAL_REPRESENTATION('',(#1192),#1196);
#1192 = LINE('',#1193,#1194);
#1193 = CARTESIAN_POINT('',(-1.5,-3.341826232327E-56));
#1194 = VECTOR('',#1195,1.);
#1195 = DIRECTION('',(0.,1.));
#1196 = ( GEOMETRIC_REPRESENTATION_CONTEXT(2) 
PARAMETRIC_REPRESENTATION_CONTEXT() REPRESENTATION_CONTEXT('2D SPACE',''
  ) );
#1197 = PCURVE('',#1198,#1203);
#1198 = PLANE('',#1199);
#1199 = AXIS2_PLACEMENT_3D('',#1200,#1201,#1202);
#1200 = CARTESIAN_POINT('',(-12.24990860317,1.5,16.6));
#1201 = DIRECTION('',(-0.,1.,0.));
#1202 = DIRECTION('',(0.,0.,1.));
#1203 = DEFINITIONAL_REPRESENTATION('',(#1204),#1208);
#1204 = LINE('',#1205,#1206);
#1205 = CARTESIAN_POINT('',(-0.6,12.249908603174));
#1206 = VECTOR('',#1207,1.);
#1207 = DIRECTION('',(1.435180112221E-28,1.));
#1208 = ( GEOMETRIC_REPRESENTATION_CONTEXT(2) 
PARAMETRIC_REPRESENTATION_CONTEXT() REPRESENTATION_CONTEXT('2D SPACE',''
  ) );
#1209 = ORIENTED_EDGE('',*,*,#1210,.T.);
#1210 = EDGE_CURVE('',#1183,#1211,#1213,.T.);
#1211 = VERTEX_POINT('',#1212);
#1212 = CARTESIAN_POINT('',(-12.15401930445,-1.5,16.));
#1213 = SURFACE_CURVE('',#1214,(#1218,#1225),.PCURVE_S1.);
#1214 = LINE('',#1215,#1216);
#1215 = CARTESIAN_POINT('',(-12.15401930445,2.707774702655E-55,16.));
#1216 = VECTOR('',#1217,1.);
#1217 = DIRECTION('',(0.,-1.,-1.552337672403E-28));
#1218 = PCURVE('',#90,#1219);
#1219 = DEFINITIONAL_REPRESENTATION('',(#1220),#1224);
#1220 = LINE('',#1221,#1222);
#1221 = CARTESIAN_POINT('',(-5.415549405309E-55,-12.15401930445));
#1222 = VECTOR('',#1223,1.);
#1223 = DIRECTION('',(1.,0.));
#1224 = ( GEOMETRIC_REPRESENTATION_CONTEXT(2) 
PARAMETRIC_REPRESENTATION_CONTEXT() REPRESENTATION_CONTEXT('2D SPACE',''
  ) );
#1225 = PCURVE('',#1226,#1231);
#1226 = PLANE('',#1227);
#1227 = AXIS2_PLACEMENT_3D('',#1228,#1229,#1230);
#1228 = CARTESIAN_POINT('',(-12.16448250699,1.5,16.599436472079));
#1229 = DIRECTION('',(0.999847695156,0.,1.745240643728E-02));
#1230 = DIRECTION('',(1.745240643728E-02,0.,-0.999847695156));
#1231 = DEFINITIONAL_REPRESENTATION('',(#1232),#1236);
#1232 = LINE('',#1233,#1234);
#1233 = CARTESIAN_POINT('',(0.599527783064,-1.5));
#1234 = VECTOR('',#1235,1.);
#1235 = DIRECTION('',(1.552101243856E-28,-1.));
#1236 = ( GEOMETRIC_REPRESENTATION_CONTEXT(2) 
PARAMETRIC_REPRESENTATION_CONTEXT() REPRESENTATION_CONTEXT('2D SPACE',''
  ) );
#1237 = ORIENTED_EDGE('',*,*,#1238,.T.);
#1238 = EDGE_CURVE('',#1211,#1239,#1241,.T.);
#1239 = VERTEX_POINT('',#1240);
#1240 = CARTESIAN_POINT('',(-12.23943556421,-1.5,16.));
#1241 = SURFACE_CURVE('',#1242,(#1246,#1253),.PCURVE_S1.);
#1242 = LINE('',#1243,#1244);
#1243 = CARTESIAN_POINT('',(5.242985220898E-16,-1.5,16.));
#1244 = VECTOR('',#1245,1.);
#1245 = DIRECTION('',(-1.,2.227884154884E-56,-1.435180112221E-28));
#1246 = PCURVE('',#90,#1247);
#1247 = DEFINITIONAL_REPRESENTATION('',(#1248),#1252);
#1248 = LINE('',#1249,#1250);
#1249 = CARTESIAN_POINT('',(1.5,3.341826232327E-56));
#1250 = VECTOR('',#1251,1.);
#1251 = DIRECTION('',(0.,-1.));
#1252 = ( GEOMETRIC_REPRESENTATION_CONTEXT(2) 
PARAMETRIC_REPRESENTATION_CONTEXT() REPRESENTATION_CONTEXT('2D SPACE',''
  ) );
#1253 = PCURVE('',#1254,#1259);
#1254 = PLANE('',#1255);
#1255 = AXIS2_PLACEMENT_3D('',#1256,#1257,#1258);
#1256 = CARTESIAN_POINT('',(-12.09990860317,-1.5,16.6));
#1257 = DIRECTION('',(0.,-1.,0.));
#1258 = DIRECTION('',(0.,-0.,-1.));
#1259 = DEFINITIONAL_REPRESENTATION('',(#1260),#1264);
#1260 = LINE('',#1261,#1262);
#1261 = CARTESIAN_POINT('',(0.6,12.099908603174));
#1262 = VECTOR('',#1263,1.);
#1263 = DIRECTION('',(1.435180112221E-28,-1.));
#1264 = ( GEOMETRIC_REPRESENTATION_CONTEXT(2) 
PARAMETRIC_REPRESENTATION_CONTEXT() REPRESENTATION_CONTEXT('2D SPACE',''
  ) );
#1265 = ORIENTED_EDGE('',*,*,#1266,.T.);
#1266 = EDGE_CURVE('',#1239,#1267,#1269,.T.);
#1267 = VERTEX_POINT('',#1268);
#1268 = CARTESIAN_POINT('',(-12.23943556421,-11.73951171663,16.));
#1269 = SURFACE_CURVE('',#1270,(#1274,#1281),.PCURVE_S1.);
#1270 = LINE('',#1271,#1272);
#1271 = CARTESIAN_POINT('',(-12.23943556421,2.726804455825E-55,16.));
#1272 = VECTOR('',#1273,1.);
#1273 = DIRECTION('',(0.,-1.,-1.552337672403E-28));
#1274 = PCURVE('',#90,#1275);
#1275 = DEFINITIONAL_REPRESENTATION('',(#1276),#1280);
#1276 = LINE('',#1277,#1278);
#1277 = CARTESIAN_POINT('',(-5.45360891165E-55,-12.23943556421));
#1278 = VECTOR('',#1279,1.);
#1279 = DIRECTION('',(1.,0.));
#1280 = ( GEOMETRIC_REPRESENTATION_CONTEXT(2) 
PARAMETRIC_REPRESENTATION_CONTEXT() REPRESENTATION_CONTEXT('2D SPACE',''
  ) );
#1281 = PCURVE('',#1282,#1287);
#1282 = PLANE('',#1283);
#1283 = AXIS2_PLACEMENT_3D('',#1284,#1285,#1286);
#1284 = CARTESIAN_POINT('',(-11.96038143604,-12.85,1.299970426627E-02));
#1285 = DIRECTION('',(-0.999847695156,0.,-1.745240643728E-02));
#1286 = DIRECTION('',(-1.745240643728E-02,0.,0.999847695156));
#1287 = DEFINITIONAL_REPRESENTATION('',(#1288),#1292);
#1288 = LINE('',#1289,#1290);
#1289 = CARTESIAN_POINT('',(15.989435564217,12.85));
#1290 = VECTOR('',#1291,1.);
#1291 = DIRECTION('',(-1.552101243856E-28,-1.));
#1292 = ( GEOMETRIC_REPRESENTATION_CONTEXT(2) 
PARAMETRIC_REPRESENTATION_CONTEXT() REPRESENTATION_CONTEXT('2D SPACE',''
  ) );
#1293 = ORIENTED_EDGE('',*,*,#1294,.T.);
#1294 = EDGE_CURVE('',#1267,#1295,#1297,.T.);
#1295 = VERTEX_POINT('',#1296);
#1296 = CARTESIAN_POINT('',(-11.73951171663,-12.23943556421,16.));
#1297 = SURFACE_CURVE('',#1298,(#1303,#1311),.PCURVE_S1.);
#1298 = ( BOUNDED_CURVE() B_SPLINE_CURVE(3,(#1299,#1300,#1301,#1302),
.UNSPECIFIED.,.F.,.F.) B_SPLINE_CURVE_WITH_KNOTS((4,4),(5.49793943703,
7.068431177329),.PIECEWISE_BEZIER_KNOTS.) CURVE() 
GEOMETRIC_REPRESENTATION_ITEM() RATIONAL_B_SPLINE_CURVE((1.,
0.804809640383,0.804809640383,1.)) REPRESENTATION_ITEM('') );
#1299 = CARTESIAN_POINT('',(-12.23943556421,-11.73951171663,16.));
#1300 = CARTESIAN_POINT('',(-12.23943556421,-12.03237879679,16.));
#1301 = CARTESIAN_POINT('',(-12.03237879679,-12.23943556421,16.));
#1302 = CARTESIAN_POINT('',(-11.73951171663,-12.23943556421,16.));
#1303 = PCURVE('',#90,#1304);
#1304 = DEFINITIONAL_REPRESENTATION('',(#1305),#1310);
#1305 = ( BOUNDED_CURVE() B_SPLINE_CURVE(3,(#1306,#1307,#1308,#1309),
.UNSPECIFIED.,.F.,.F.) B_SPLINE_CURVE_WITH_KNOTS((4,4),(5.49793943703,
7.068431177329),.PIECEWISE_BEZIER_KNOTS.) CURVE() 
GEOMETRIC_REPRESENTATION_ITEM() RATIONAL_B_SPLINE_CURVE((1.,
0.804809640383,0.804809640383,1.)) REPRESENTATION_ITEM('') );
#1306 = CARTESIAN_POINT('',(11.739511716639,-12.23943556421));
#1307 = CARTESIAN_POINT('',(12.032378796797,-12.23943556421));
#1308 = CARTESIAN_POINT('',(12.239435564217,-12.03237879679));
#1309 = CARTESIAN_POINT('',(12.239435564217,-11.73951171663));
#1310 = ( GEOMETRIC_REPRESENTATION_CONTEXT(2) 
PARAMETRIC_REPRESENTATION_CONTEXT() REPRESENTATION_CONTEXT('2D SPACE',''
  ) );
#1311 = PCURVE('',#1312,#1317);
#1312 = CYLINDRICAL_SURFACE('',#1313,0.5);
#1313 = AXIS2_PLACEMENT_3D('',#1314,#1315,#1316);
#1314 = CARTESIAN_POINT('',(-11.45696795081,-11.45696795081,
    -0.178195300125));
#1315 = DIRECTION('',(-1.744974916068E-02,-1.744974916068E-02,
    0.999695459882));
#1316 = DIRECTION('',(0.999847695156,-6.505213034913E-19,
    1.745240643728E-02));
#1317 = DEFINITIONAL_REPRESENTATION('',(#1318),#1344);
#1318 = B_SPLINE_CURVE_WITH_KNOTS('',3,(#1319,#1320,#1321,#1322,#1323,
    #1324,#1325,#1326,#1327,#1328,#1329,#1330,#1331,#1332,#1333,#1334,
    #1335,#1336,#1337,#1338,#1339,#1340,#1341,#1342,#1343),
  .UNSPECIFIED.,.F.,.F.,(4,1,1,1,1,1,1,1,1,1,1,1,1,1,1,1,1,1,1,1,1,1,4),
  (5.49793943703,5.569325425225,5.640711413421,5.712097401616,
    5.783483389812,5.854869378007,5.926255366202,5.997641354398,
    6.069027342593,6.140413330789,6.211799318984,6.28318530718,
    6.354571295375,6.425957283571,6.497343271766,6.568729259961,
    6.640115248157,6.711501236352,6.782887224548,6.854273212743,
    6.925659200939,6.997045189134,7.068431177329),
  .QUASI_UNIFORM_KNOTS.);
#1319 = CARTESIAN_POINT('',(3.14159265359,16.191852572038));
#1320 = CARTESIAN_POINT('',(3.163015334881,16.192039510256));
#1321 = CARTESIAN_POINT('',(3.20643674911,16.192406399029));
#1322 = CARTESIAN_POINT('',(3.273203483411,16.192929685757));
#1323 = CARTESIAN_POINT('',(3.341518602238,16.19341987629));
#1324 = CARTESIAN_POINT('',(3.411270279739,16.193870802971));
#1325 = CARTESIAN_POINT('',(3.482329872688,16.194276417866));
#1326 = CARTESIAN_POINT('',(3.554550167418,16.194630949077));
#1327 = CARTESIAN_POINT('',(3.627767143572,16.19492909244));
#1328 = CARTESIAN_POINT('',(3.701801513843,16.195166195402));
#1329 = CARTESIAN_POINT('',(3.776461026448,16.195338430875));
#1330 = CARTESIAN_POINT('',(3.851543206939,16.195442947217));
#1331 = CARTESIAN_POINT('',(3.92683852374,16.195477984354));
#1332 = CARTESIAN_POINT('',(4.002133840541,16.195442947217));
#1333 = CARTESIAN_POINT('',(4.077216021031,16.195338430875));
#1334 = CARTESIAN_POINT('',(4.151875533636,16.195166195402));
#1335 = CARTESIAN_POINT('',(4.225909903908,16.19492909244));
#1336 = CARTESIAN_POINT('',(4.299126880061,16.194630949077));
#1337 = CARTESIAN_POINT('',(4.371347174792,16.194276417866));
#1338 = CARTESIAN_POINT('',(4.44240676774,16.193870802971));
#1339 = CARTESIAN_POINT('',(4.512158445241,16.19341987629));
#1340 = CARTESIAN_POINT('',(4.580473564068,16.192929685757));
#1341 = CARTESIAN_POINT('',(4.647240298369,16.192406399029));
#1342 = CARTESIAN_POINT('',(4.690661712598,16.192039510256));
#1343 = CARTESIAN_POINT('',(4.71208439389,16.191852572038));
#1344 = ( GEOMETRIC_REPRESENTATION_CONTEXT(2) 
PARAMETRIC_REPRESENTATION_CONTEXT() REPRESENTATION_CONTEXT('2D SPACE',''
  ) );
#1345 = ORIENTED_EDGE('',*,*,#1346,.T.);
#1346 = EDGE_CURVE('',#1295,#1347,#1349,.T.);
#1347 = VERTEX_POINT('',#1348);
#1348 = CARTESIAN_POINT('',(-1.5,-12.23943556421,16.));
#1349 = SURFACE_CURVE('',#1350,(#1354,#1361),.PCURVE_S1.);
#1350 = LINE('',#1351,#1352);
#1351 = CARTESIAN_POINT('',(5.242985220898E-16,-12.23943556421,16.));
#1352 = VECTOR('',#1353,1.);
#1353 = DIRECTION('',(1.,-2.227884154884E-56,1.435180112221E-28));
#1354 = PCURVE('',#90,#1355);
#1355 = DEFINITIONAL_REPRESENTATION('',(#1356),#1360);
#1356 = LINE('',#1357,#1358);
#1357 = CARTESIAN_POINT('',(12.239435564217,2.726804455825E-55));
#1358 = VECTOR('',#1359,1.);
#1359 = DIRECTION('',(0.,1.));
#1360 = ( GEOMETRIC_REPRESENTATION_CONTEXT(2) 
PARAMETRIC_REPRESENTATION_CONTEXT() REPRESENTATION_CONTEXT('2D SPACE',''
  ) );
#1361 = PCURVE('',#1362,#1367);
#1362 = PLANE('',#1363);
#1363 = AXIS2_PLACEMENT_3D('',#1364,#1365,#1366);
#1364 = CARTESIAN_POINT('',(12.85,-11.96038143604,1.299970426627E-02));
#1365 = DIRECTION('',(0.,-0.999847695156,-1.745240643728E-02));
#1366 = DIRECTION('',(0.,1.745240643728E-02,-0.999847695156));
#1367 = DEFINITIONAL_REPRESENTATION('',(#1368),#1372);
#1368 = LINE('',#1369,#1370);
#1369 = CARTESIAN_POINT('',(-15.98943556421,-12.85));
#1370 = VECTOR('',#1371,1.);
#1371 = DIRECTION('',(-1.434961527339E-28,1.));
#1372 = ( GEOMETRIC_REPRESENTATION_CONTEXT(2) 
PARAMETRIC_REPRESENTATION_CONTEXT() REPRESENTATION_CONTEXT('2D SPACE',''
  ) );
#1373 = ORIENTED_EDGE('',*,*,#1374,.T.);
#1374 = EDGE_CURVE('',#1347,#1375,#1377,.T.);
#1375 = VERTEX_POINT('',#1376);
#1376 = CARTESIAN_POINT('',(-1.5,-12.15401930445,16.));
#1377 = SURFACE_CURVE('',#1378,(#1382,#1389),.PCURVE_S1.);
#1378 = LINE('',#1379,#1380);
#1379 = CARTESIAN_POINT('',(-1.5,3.341826232327E-56,16.));
#1380 = VECTOR('',#1381,1.);
#1381 = DIRECTION('',(-0.,1.,1.552337672403E-28));
#1382 = PCURVE('',#90,#1383);
#1383 = DEFINITIONAL_REPRESENTATION('',(#1384),#1388);
#1384 = LINE('',#1385,#1386);
#1385 = CARTESIAN_POINT('',(-6.683652464653E-56,-1.5));
#1386 = VECTOR('',#1387,1.);
#1387 = DIRECTION('',(-1.,0.));
#1388 = ( GEOMETRIC_REPRESENTATION_CONTEXT(2) 
PARAMETRIC_REPRESENTATION_CONTEXT() REPRESENTATION_CONTEXT('2D SPACE',''
  ) );
#1389 = PCURVE('',#1390,#1395);
#1390 = PLANE('',#1391);
#1391 = AXIS2_PLACEMENT_3D('',#1392,#1393,#1394);
#1392 = CARTESIAN_POINT('',(-1.5,-12.24990860317,16.6));
#1393 = DIRECTION('',(-1.,0.,0.));
#1394 = DIRECTION('',(0.,0.,1.));
#1395 = DEFINITIONAL_REPRESENTATION('',(#1396),#1400);
#1396 = LINE('',#1397,#1398);
#1397 = CARTESIAN_POINT('',(-0.6,12.249908603174));
#1398 = VECTOR('',#1399,1.);
#1399 = DIRECTION('',(1.552337672403E-28,1.));
#1400 = ( GEOMETRIC_REPRESENTATION_CONTEXT(2) 
PARAMETRIC_REPRESENTATION_CONTEXT() REPRESENTATION_CONTEXT('2D SPACE',''
  ) );
#1401 = ORIENTED_EDGE('',*,*,#1402,.T.);
#1402 = EDGE_CURVE('',#1375,#1403,#1405,.T.);
#1403 = VERTEX_POINT('',#1404);
#1404 = CARTESIAN_POINT('',(1.5,-12.15401930445,16.));
#1405 = SURFACE_CURVE('',#1406,(#1410,#1417),.PCURVE_S1.);
#1406 = LINE('',#1407,#1408);
#1407 = CARTESIAN_POINT('',(5.242985220898E-16,-12.15401930445,16.));
#1408 = VECTOR('',#1409,1.);
#1409 = DIRECTION('',(1.,-2.227884154884E-56,1.435180112221E-28));
#1410 = PCURVE('',#90,#1411);
#1411 = DEFINITIONAL_REPRESENTATION('',(#1412),#1416);
#1412 = LINE('',#1413,#1414);
#1413 = CARTESIAN_POINT('',(12.154019304451,2.707774702655E-55));
#1414 = VECTOR('',#1415,1.);
#1415 = DIRECTION('',(0.,1.));
#1416 = ( GEOMETRIC_REPRESENTATION_CONTEXT(2) 
PARAMETRIC_REPRESENTATION_CONTEXT() REPRESENTATION_CONTEXT('2D SPACE',''
  ) );
#1417 = PCURVE('',#1418,#1423);
#1418 = PLANE('',#1419);
#1419 = AXIS2_PLACEMENT_3D('',#1420,#1421,#1422);
#1420 = CARTESIAN_POINT('',(-1.5,-12.16448250699,16.599436472079));
#1421 = DIRECTION('',(-0.,0.999847695156,1.745240643728E-02));
#1422 = DIRECTION('',(0.,-1.745240643728E-02,0.999847695156));
#1423 = DEFINITIONAL_REPRESENTATION('',(#1424),#1428);
#1424 = LINE('',#1425,#1426);
#1425 = CARTESIAN_POINT('',(-0.599527783064,1.5));
#1426 = VECTOR('',#1427,1.);
#1427 = DIRECTION('',(1.434961527339E-28,1.));
#1428 = ( GEOMETRIC_REPRESENTATION_CONTEXT(2) 
PARAMETRIC_REPRESENTATION_CONTEXT() REPRESENTATION_CONTEXT('2D SPACE',''
  ) );
#1429 = ORIENTED_EDGE('',*,*,#1430,.T.);
#1430 = EDGE_CURVE('',#1403,#1431,#1433,.T.);
#1431 = VERTEX_POINT('',#1432);
#1432 = CARTESIAN_POINT('',(1.5,-12.23943556421,16.));
#1433 = SURFACE_CURVE('',#1434,(#1438,#1445),.PCURVE_S1.);
#1434 = LINE('',#1435,#1436);
#1435 = CARTESIAN_POINT('',(1.5,-3.341826232327E-56,16.));
#1436 = VECTOR('',#1437,1.);
#1437 = DIRECTION('',(0.,-1.,-1.552337672403E-28));
#1438 = PCURVE('',#90,#1439);
#1439 = DEFINITIONAL_REPRESENTATION('',(#1440),#1444);
#1440 = LINE('',#1441,#1442);
#1441 = CARTESIAN_POINT('',(6.683652464653E-56,1.5));
#1442 = VECTOR('',#1443,1.);
#1443 = DIRECTION('',(1.,0.));
#1444 = ( GEOMETRIC_REPRESENTATION_CONTEXT(2) 
PARAMETRIC_REPRESENTATION_CONTEXT() REPRESENTATION_CONTEXT('2D SPACE',''
  ) );
#1445 = PCURVE('',#1446,#1451);
#1446 = PLANE('',#1447);
#1447 = AXIS2_PLACEMENT_3D('',#1448,#1449,#1450);
#1448 = CARTESIAN_POINT('',(1.5,-12.09990860317,16.6));
#1449 = DIRECTION('',(1.,0.,0.));
#1450 = DIRECTION('',(0.,0.,-1.));
#1451 = DEFINITIONAL_REPRESENTATION('',(#1452),#1456);
#1452 = LINE('',#1453,#1454);
#1453 = CARTESIAN_POINT('',(0.6,12.099908603174));
#1454 = VECTOR('',#1455,1.);
#1455 = DIRECTION('',(1.552337672403E-28,-1.));
#1456 = ( GEOMETRIC_REPRESENTATION_CONTEXT(2) 
PARAMETRIC_REPRESENTATION_CONTEXT() REPRESENTATION_CONTEXT('2D SPACE',''
  ) );
#1457 = ORIENTED_EDGE('',*,*,#1458,.T.);
#1458 = EDGE_CURVE('',#1431,#1459,#1461,.T.);
#1459 = VERTEX_POINT('',#1460);
#1460 = CARTESIAN_POINT('',(11.739511716639,-12.23943556421,16.));
#1461 = SURFACE_CURVE('',#1462,(#1466,#1473),.PCURVE_S1.);
#1462 = LINE('',#1463,#1464);
#1463 = CARTESIAN_POINT('',(5.242985220898E-16,-12.23943556421,16.));
#1464 = VECTOR('',#1465,1.);
#1465 = DIRECTION('',(1.,-2.227884154884E-56,1.435180112221E-28));
#1466 = PCURVE('',#90,#1467);
#1467 = DEFINITIONAL_REPRESENTATION('',(#1468),#1472);
#1468 = LINE('',#1469,#1470);
#1469 = CARTESIAN_POINT('',(12.239435564217,2.726804455825E-55));
#1470 = VECTOR('',#1471,1.);
#1471 = DIRECTION('',(0.,1.));
#1472 = ( GEOMETRIC_REPRESENTATION_CONTEXT(2) 
PARAMETRIC_REPRESENTATION_CONTEXT() REPRESENTATION_CONTEXT('2D SPACE',''
  ) );
#1473 = PCURVE('',#1474,#1479);
#1474 = PLANE('',#1475);
#1475 = AXIS2_PLACEMENT_3D('',#1476,#1477,#1478);
#1476 = CARTESIAN_POINT('',(12.85,-11.96038143604,1.299970426627E-02));
#1477 = DIRECTION('',(0.,-0.999847695156,-1.745240643728E-02));
#1478 = DIRECTION('',(0.,1.745240643728E-02,-0.999847695156));
#1479 = DEFINITIONAL_REPRESENTATION('',(#1480),#1484);
#1480 = LINE('',#1481,#1482);
#1481 = CARTESIAN_POINT('',(-15.98943556421,-12.85));
#1482 = VECTOR('',#1483,1.);
#1483 = DIRECTION('',(-1.434961527339E-28,1.));
#1484 = ( GEOMETRIC_REPRESENTATION_CONTEXT(2) 
PARAMETRIC_REPRESENTATION_CONTEXT() REPRESENTATION_CONTEXT('2D SPACE',''
  ) );
#1485 = ORIENTED_EDGE('',*,*,#1486,.T.);
#1486 = EDGE_CURVE('',#1459,#1487,#1489,.T.);
#1487 = VERTEX_POINT('',#1488);
#1488 = CARTESIAN_POINT('',(12.239435564217,-11.73951171663,16.));
#1489 = SURFACE_CURVE('',#1490,(#1495,#1503),.PCURVE_S1.);
#1490 = ( BOUNDED_CURVE() B_SPLINE_CURVE(3,(#1491,#1492,#1493,#1494),
.UNSPECIFIED.,.F.,.F.) B_SPLINE_CURVE_WITH_KNOTS((4,4),(5.49793943703,
7.068431177329),.PIECEWISE_BEZIER_KNOTS.) CURVE() 
GEOMETRIC_REPRESENTATION_ITEM() RATIONAL_B_SPLINE_CURVE((1.,
0.804809640383,0.804809640383,1.)) REPRESENTATION_ITEM('') );
#1491 = CARTESIAN_POINT('',(11.739511716639,-12.23943556421,16.));
#1492 = CARTESIAN_POINT('',(12.032378796797,-12.23943556421,16.));
#1493 = CARTESIAN_POINT('',(12.239435564217,-12.03237879679,16.));
#1494 = CARTESIAN_POINT('',(12.239435564217,-11.73951171663,16.));
#1495 = PCURVE('',#90,#1496);
#1496 = DEFINITIONAL_REPRESENTATION('',(#1497),#1502);
#1497 = ( BOUNDED_CURVE() B_SPLINE_CURVE(3,(#1498,#1499,#1500,#1501),
.UNSPECIFIED.,.F.,.F.) B_SPLINE_CURVE_WITH_KNOTS((4,4),(5.49793943703,
7.068431177329),.PIECEWISE_BEZIER_KNOTS.) CURVE() 
GEOMETRIC_REPRESENTATION_ITEM() RATIONAL_B_SPLINE_CURVE((1.,
0.804809640383,0.804809640383,1.)) REPRESENTATION_ITEM('') );
#1498 = CARTESIAN_POINT('',(12.239435564217,11.739511716639));
#1499 = CARTESIAN_POINT('',(12.239435564217,12.032378796797));
#1500 = CARTESIAN_POINT('',(12.032378796797,12.239435564217));
#1501 = CARTESIAN_POINT('',(11.739511716639,12.239435564217));
#1502 = ( GEOMETRIC_REPRESENTATION_CONTEXT(2) 
PARAMETRIC_REPRESENTATION_CONTEXT() REPRESENTATION_CONTEXT('2D SPACE',''
  ) );
#1503 = PCURVE('',#1504,#1509);
#1504 = CYLINDRICAL_SURFACE('',#1505,0.5);
#1505 = AXIS2_PLACEMENT_3D('',#1506,#1507,#1508);
#1506 = CARTESIAN_POINT('',(11.45696795081,-11.45696795081,
    -0.178195300125));
#1507 = DIRECTION('',(1.744974916068E-02,-1.744974916068E-02,
    0.999695459882));
#1508 = DIRECTION('',(0.999847695156,6.505213034913E-19,
    -1.745240643728E-02));
#1509 = DEFINITIONAL_REPRESENTATION('',(#1510),#1536);
#1510 = B_SPLINE_CURVE_WITH_KNOTS('',3,(#1511,#1512,#1513,#1514,#1515,
    #1516,#1517,#1518,#1519,#1520,#1521,#1522,#1523,#1524,#1525,#1526,
    #1527,#1528,#1529,#1530,#1531,#1532,#1533,#1534,#1535),
  .UNSPECIFIED.,.F.,.F.,(4,1,1,1,1,1,1,1,1,1,1,1,1,1,1,1,1,1,1,1,1,1,4),
  (5.49793943703,5.569325425225,5.640711413421,5.712097401616,
    5.783483389812,5.854869378007,5.926255366202,5.997641354398,
    6.069027342593,6.140413330789,6.211799318984,6.28318530718,
    6.354571295375,6.425957283571,6.497343271766,6.568729259961,
    6.640115248157,6.711501236352,6.782887224548,6.854273212743,
    6.925659200939,6.997045189134,7.068431177329),
  .QUASI_UNIFORM_KNOTS.);
#1511 = CARTESIAN_POINT('',(4.71269356688,16.191852572038));
#1512 = CARTESIAN_POINT('',(4.734116248171,16.192039510256));
#1513 = CARTESIAN_POINT('',(4.7775376624,16.192406399029));
#1514 = CARTESIAN_POINT('',(4.844304396701,16.192929685757));
#1515 = CARTESIAN_POINT('',(4.912619515528,16.19341987629));
#1516 = CARTESIAN_POINT('',(4.982371193029,16.193870802971));
#1517 = CARTESIAN_POINT('',(5.053430785978,16.194276417866));
#1518 = CARTESIAN_POINT('',(5.125651080708,16.194630949077));
#1519 = CARTESIAN_POINT('',(5.198868056862,16.19492909244));
#1520 = CARTESIAN_POINT('',(5.272902427133,16.195166195402));
#1521 = CARTESIAN_POINT('',(5.347561939739,16.195338430875));
#1522 = CARTESIAN_POINT('',(5.422644120229,16.195442947217));
#1523 = CARTESIAN_POINT('',(5.49793943703,16.195477984354));
#1524 = CARTESIAN_POINT('',(5.573234753831,16.195442947217));
#1525 = CARTESIAN_POINT('',(5.648316934321,16.195338430875));
#1526 = CARTESIAN_POINT('',(5.722976446926,16.195166195402));
#1527 = CARTESIAN_POINT('',(5.797010817198,16.19492909244));
#1528 = CARTESIAN_POINT('',(5.870227793351,16.194630949077));
#1529 = CARTESIAN_POINT('',(5.942448088082,16.194276417866));
#1530 = CARTESIAN_POINT('',(6.01350768103,16.193870802971));
#1531 = CARTESIAN_POINT('',(6.083259358531,16.19341987629));
#1532 = CARTESIAN_POINT('',(6.151574477358,16.192929685757));
#1533 = CARTESIAN_POINT('',(6.218341211659,16.192406399029));
#1534 = CARTESIAN_POINT('',(6.261762625888,16.192039510256));
#1535 = CARTESIAN_POINT('',(6.28318530718,16.191852572038));
#1536 = ( GEOMETRIC_REPRESENTATION_CONTEXT(2) 
PARAMETRIC_REPRESENTATION_CONTEXT() REPRESENTATION_CONTEXT('2D SPACE',''
  ) );
#1537 = ORIENTED_EDGE('',*,*,#1538,.T.);
#1538 = EDGE_CURVE('',#1487,#797,#1539,.T.);
#1539 = SURFACE_CURVE('',#1540,(#1544,#1551),.PCURVE_S1.);
#1540 = LINE('',#1541,#1542);
#1541 = CARTESIAN_POINT('',(12.239435564217,-2.726804455825E-55,16.));
#1542 = VECTOR('',#1543,1.);
#1543 = DIRECTION('',(-0.,1.,1.552337672403E-28));
#1544 = PCURVE('',#90,#1545);
#1545 = DEFINITIONAL_REPRESENTATION('',(#1546),#1550);
#1546 = LINE('',#1547,#1548);
#1547 = CARTESIAN_POINT('',(5.45360891165E-55,12.239435564217));
#1548 = VECTOR('',#1549,1.);
#1549 = DIRECTION('',(-1.,0.));
#1550 = ( GEOMETRIC_REPRESENTATION_CONTEXT(2) 
PARAMETRIC_REPRESENTATION_CONTEXT() REPRESENTATION_CONTEXT('2D SPACE',''
  ) );
#1551 = PCURVE('',#1552,#1557);
#1552 = PLANE('',#1553);
#1553 = AXIS2_PLACEMENT_3D('',#1554,#1555,#1556);
#1554 = CARTESIAN_POINT('',(11.960381436047,12.85,1.299970426627E-02));
#1555 = DIRECTION('',(0.999847695156,0.,-1.745240643728E-02));
#1556 = DIRECTION('',(-1.745240643728E-02,0.,-0.999847695156));
#1557 = DEFINITIONAL_REPRESENTATION('',(#1558),#1562);
#1558 = LINE('',#1559,#1560);
#1559 = CARTESIAN_POINT('',(-15.98943556421,-12.85));
#1560 = VECTOR('',#1561,1.);
#1561 = DIRECTION('',(-1.552101243856E-28,1.));
#1562 = ( GEOMETRIC_REPRESENTATION_CONTEXT(2) 
PARAMETRIC_REPRESENTATION_CONTEXT() REPRESENTATION_CONTEXT('2D SPACE',''
  ) );
#1563 = ADVANCED_FACE('',(#1564),#122,.T.);
#1564 = FACE_BOUND('',#1565,.T.);
#1565 = EDGE_LOOP('',(#1566,#1567,#1568,#1569));
#1566 = ORIENTED_EDGE('',*,*,#106,.F.);
#1567 = ORIENTED_EDGE('',*,*,#651,.F.);
#1568 = ORIENTED_EDGE('',*,*,#163,.T.);
#1569 = ORIENTED_EDGE('',*,*,#1570,.T.);
#1570 = EDGE_CURVE('',#135,#107,#1571,.T.);
#1571 = SURFACE_CURVE('',#1572,(#1577,#1584),.PCURVE_S1.);
#1572 = CIRCLE('',#1573,0.3);
#1573 = AXIS2_PLACEMENT_3D('',#1574,#1575,#1576);
#1574 = CARTESIAN_POINT('',(10.16,10.16,21.68));
#1575 = DIRECTION('',(0.,0.,-1.));
#1576 = DIRECTION('',(1.,0.,0.));
#1577 = PCURVE('',#122,#1578);
#1578 = DEFINITIONAL_REPRESENTATION('',(#1579),#1583);
#1579 = LINE('',#1580,#1581);
#1580 = CARTESIAN_POINT('',(6.28318530718,5.68));
#1581 = VECTOR('',#1582,1.);
#1582 = DIRECTION('',(-1.,0.));
#1583 = ( GEOMETRIC_REPRESENTATION_CONTEXT(2) 
PARAMETRIC_REPRESENTATION_CONTEXT() REPRESENTATION_CONTEXT('2D SPACE',''
  ) );
#1584 = PCURVE('',#151,#1585);
#1585 = DEFINITIONAL_REPRESENTATION('',(#1586),#1590);
#1586 = CIRCLE('',#1587,0.3);
#1587 = AXIS2_PLACEMENT_2D('',#1588,#1589);
#1588 = CARTESIAN_POINT('',(0.,0.));
#1589 = DIRECTION('',(0.,1.));
#1590 = ( GEOMETRIC_REPRESENTATION_CONTEXT(2) 
PARAMETRIC_REPRESENTATION_CONTEXT() REPRESENTATION_CONTEXT('2D SPACE',''
  ) );
#1591 = ADVANCED_FACE('',(#1592),#238,.T.);
#1592 = FACE_BOUND('',#1593,.T.);
#1593 = EDGE_LOOP('',(#1594,#1595,#1596,#1597));
#1594 = ORIENTED_EDGE('',*,*,#222,.F.);
#1595 = ORIENTED_EDGE('',*,*,#680,.F.);
#1596 = ORIENTED_EDGE('',*,*,#279,.T.);
#1597 = ORIENTED_EDGE('',*,*,#1598,.T.);
#1598 = EDGE_CURVE('',#251,#223,#1599,.T.);
#1599 = SURFACE_CURVE('',#1600,(#1605,#1612),.PCURVE_S1.);
#1600 = CIRCLE('',#1601,0.3);
#1601 = AXIS2_PLACEMENT_3D('',#1602,#1603,#1604);
#1602 = CARTESIAN_POINT('',(10.16,-10.16,21.68));
#1603 = DIRECTION('',(0.,0.,-1.));
#1604 = DIRECTION('',(1.,0.,0.));
#1605 = PCURVE('',#238,#1606);
#1606 = DEFINITIONAL_REPRESENTATION('',(#1607),#1611);
#1607 = LINE('',#1608,#1609);
#1608 = CARTESIAN_POINT('',(6.28318530718,5.68));
#1609 = VECTOR('',#1610,1.);
#1610 = DIRECTION('',(-1.,0.));
#1611 = ( GEOMETRIC_REPRESENTATION_CONTEXT(2) 
PARAMETRIC_REPRESENTATION_CONTEXT() REPRESENTATION_CONTEXT('2D SPACE',''
  ) );
#1612 = PCURVE('',#267,#1613);
#1613 = DEFINITIONAL_REPRESENTATION('',(#1614),#1618);
#1614 = CIRCLE('',#1615,0.3);
#1615 = AXIS2_PLACEMENT_2D('',#1616,#1617);
#1616 = CARTESIAN_POINT('',(0.,0.));
#1617 = DIRECTION('',(0.,1.));
#1618 = ( GEOMETRIC_REPRESENTATION_CONTEXT(2) 
PARAMETRIC_REPRESENTATION_CONTEXT() REPRESENTATION_CONTEXT('2D SPACE',''
  ) );
#1619 = ADVANCED_FACE('',(#1620),#354,.T.);
#1620 = FACE_BOUND('',#1621,.T.);
#1621 = EDGE_LOOP('',(#1622,#1623,#1624,#1625));
#1622 = ORIENTED_EDGE('',*,*,#338,.F.);
#1623 = ORIENTED_EDGE('',*,*,#709,.F.);
#1624 = ORIENTED_EDGE('',*,*,#395,.T.);
#1625 = ORIENTED_EDGE('',*,*,#1626,.T.);
#1626 = EDGE_CURVE('',#367,#339,#1627,.T.);
#1627 = SURFACE_CURVE('',#1628,(#1633,#1640),.PCURVE_S1.);
#1628 = CIRCLE('',#1629,0.3);
#1629 = AXIS2_PLACEMENT_3D('',#1630,#1631,#1632);
#1630 = CARTESIAN_POINT('',(-10.16,-10.16,21.68));
#1631 = DIRECTION('',(0.,0.,-1.));
#1632 = DIRECTION('',(1.,0.,0.));
#1633 = PCURVE('',#354,#1634);
#1634 = DEFINITIONAL_REPRESENTATION('',(#1635),#1639);
#1635 = LINE('',#1636,#1637);
#1636 = CARTESIAN_POINT('',(6.28318530718,5.68));
#1637 = VECTOR('',#1638,1.);
#1638 = DIRECTION('',(-1.,0.));
#1639 = ( GEOMETRIC_REPRESENTATION_CONTEXT(2) 
PARAMETRIC_REPRESENTATION_CONTEXT() REPRESENTATION_CONTEXT('2D SPACE',''
  ) );
#1640 = PCURVE('',#383,#1641);
#1641 = DEFINITIONAL_REPRESENTATION('',(#1642),#1646);
#1642 = CIRCLE('',#1643,0.3);
#1643 = AXIS2_PLACEMENT_2D('',#1644,#1645);
#1644 = CARTESIAN_POINT('',(0.,0.));
#1645 = DIRECTION('',(0.,1.));
#1646 = ( GEOMETRIC_REPRESENTATION_CONTEXT(2) 
PARAMETRIC_REPRESENTATION_CONTEXT() REPRESENTATION_CONTEXT('2D SPACE',''
  ) );
#1647 = ADVANCED_FACE('',(#1648),#470,.T.);
#1648 = FACE_BOUND('',#1649,.T.);
#1649 = EDGE_LOOP('',(#1650,#1651,#1652,#1653));
#1650 = ORIENTED_EDGE('',*,*,#454,.F.);
#1651 = ORIENTED_EDGE('',*,*,#738,.F.);
#1652 = ORIENTED_EDGE('',*,*,#511,.T.);
#1653 = ORIENTED_EDGE('',*,*,#1654,.T.);
#1654 = EDGE_CURVE('',#483,#455,#1655,.T.);
#1655 = SURFACE_CURVE('',#1656,(#1661,#1668),.PCURVE_S1.);
#1656 = CIRCLE('',#1657,0.3);
#1657 = AXIS2_PLACEMENT_3D('',#1658,#1659,#1660);
#1658 = CARTESIAN_POINT('',(-10.16,-5.08,21.68));
#1659 = DIRECTION('',(0.,0.,-1.));
#1660 = DIRECTION('',(1.,0.,0.));
#1661 = PCURVE('',#470,#1662);
#1662 = DEFINITIONAL_REPRESENTATION('',(#1663),#1667);
#1663 = LINE('',#1664,#1665);
#1664 = CARTESIAN_POINT('',(6.28318530718,5.68));
#1665 = VECTOR('',#1666,1.);
#1666 = DIRECTION('',(-1.,0.));
#1667 = ( GEOMETRIC_REPRESENTATION_CONTEXT(2) 
PARAMETRIC_REPRESENTATION_CONTEXT() REPRESENTATION_CONTEXT('2D SPACE',''
  ) );
#1668 = PCURVE('',#499,#1669);
#1669 = DEFINITIONAL_REPRESENTATION('',(#1670),#1674);
#1670 = CIRCLE('',#1671,0.3);
#1671 = AXIS2_PLACEMENT_2D('',#1672,#1673);
#1672 = CARTESIAN_POINT('',(0.,0.));
#1673 = DIRECTION('',(0.,1.));
#1674 = ( GEOMETRIC_REPRESENTATION_CONTEXT(2) 
PARAMETRIC_REPRESENTATION_CONTEXT() REPRESENTATION_CONTEXT('2D SPACE',''
  ) );
#1675 = ADVANCED_FACE('',(#1676),#586,.T.);
#1676 = FACE_BOUND('',#1677,.T.);
#1677 = EDGE_LOOP('',(#1678,#1679,#1680,#1681));
#1678 = ORIENTED_EDGE('',*,*,#570,.F.);
#1679 = ORIENTED_EDGE('',*,*,#767,.F.);
#1680 = ORIENTED_EDGE('',*,*,#627,.T.);
#1681 = ORIENTED_EDGE('',*,*,#1682,.T.);
#1682 = EDGE_CURVE('',#599,#571,#1683,.T.);
#1683 = SURFACE_CURVE('',#1684,(#1689,#1696),.PCURVE_S1.);
#1684 = CIRCLE('',#1685,0.3);
#1685 = AXIS2_PLACEMENT_3D('',#1686,#1687,#1688);
#1686 = CARTESIAN_POINT('',(10.16,-3.365469522984E-27,21.68));
#1687 = DIRECTION('',(-0.,1.552340223837E-28,-1.));
#1688 = DIRECTION('',(0.,-1.,-1.552340223837E-28));
#1689 = PCURVE('',#586,#1690);
#1690 = DEFINITIONAL_REPRESENTATION('',(#1691),#1695);
#1691 = LINE('',#1692,#1693);
#1692 = CARTESIAN_POINT('',(6.28318530718,5.68));
#1693 = VECTOR('',#1694,1.);
#1694 = DIRECTION('',(-1.,0.));
#1695 = ( GEOMETRIC_REPRESENTATION_CONTEXT(2) 
PARAMETRIC_REPRESENTATION_CONTEXT() REPRESENTATION_CONTEXT('2D SPACE',''
  ) );
#1696 = PCURVE('',#615,#1697);
#1697 = DEFINITIONAL_REPRESENTATION('',(#1698),#1702);
#1698 = CIRCLE('',#1699,0.3);
#1699 = AXIS2_PLACEMENT_2D('',#1700,#1701);
#1700 = CARTESIAN_POINT('',(6.023345400627E-18,-1.341931577745E-73));
#1701 = DIRECTION('',(-1.,-3.661767592778E-62));
#1702 = ( GEOMETRIC_REPRESENTATION_CONTEXT(2) 
PARAMETRIC_REPRESENTATION_CONTEXT() REPRESENTATION_CONTEXT('2D SPACE',''
  ) );
#1703 = ADVANCED_FACE('',(#1704),#842,.T.);
#1704 = FACE_BOUND('',#1705,.T.);
#1705 = EDGE_LOOP('',(#1706,#1736,#1757,#1758));
#1706 = ORIENTED_EDGE('',*,*,#1707,.T.);
#1707 = EDGE_CURVE('',#1708,#1710,#1712,.T.);
#1708 = VERTEX_POINT('',#1709);
#1709 = CARTESIAN_POINT('',(12.164492343408,-1.5,16.6));
#1710 = VERTEX_POINT('',#1711);
#1711 = CARTESIAN_POINT('',(12.164492343408,1.5,16.6));
#1712 = SURFACE_CURVE('',#1713,(#1717,#1724),.PCURVE_S1.);
#1713 = LINE('',#1714,#1715);
#1714 = CARTESIAN_POINT('',(12.164492343408,-1.5,16.6));
#1715 = VECTOR('',#1716,1.);
#1716 = DIRECTION('',(0.,1.,-0.));
#1717 = PCURVE('',#842,#1718);
#1718 = DEFINITIONAL_REPRESENTATION('',(#1719),#1723);
#1719 = LINE('',#1720,#1721);
#1720 = CARTESIAN_POINT('',(5.636137624069E-04,0.));
#1721 = VECTOR('',#1722,1.);
#1722 = DIRECTION('',(0.,1.));
#1723 = ( GEOMETRIC_REPRESENTATION_CONTEXT(2) 
PARAMETRIC_REPRESENTATION_CONTEXT() REPRESENTATION_CONTEXT('2D SPACE',''
  ) );
#1724 = PCURVE('',#1725,#1730);
#1725 = PLANE('',#1726);
#1726 = AXIS2_PLACEMENT_3D('',#1727,#1728,#1729);
#1727 = CARTESIAN_POINT('',(0.,2.0185873175E-16,16.6));
#1728 = DIRECTION('',(0.,0.,1.));
#1729 = DIRECTION('',(1.,0.,-0.));
#1730 = DEFINITIONAL_REPRESENTATION('',(#1731),#1735);
#1731 = LINE('',#1732,#1733);
#1732 = CARTESIAN_POINT('',(12.164492343408,-1.5));
#1733 = VECTOR('',#1734,1.);
#1734 = DIRECTION('',(0.,1.));
#1735 = ( GEOMETRIC_REPRESENTATION_CONTEXT(2) 
PARAMETRIC_REPRESENTATION_CONTEXT() REPRESENTATION_CONTEXT('2D SPACE',''
  ) );
#1736 = ORIENTED_EDGE('',*,*,#1737,.T.);
#1737 = EDGE_CURVE('',#1710,#827,#1738,.T.);
#1738 = SURFACE_CURVE('',#1739,(#1743,#1750),.PCURVE_S1.);
#1739 = LINE('',#1740,#1741);
#1740 = CARTESIAN_POINT('',(12.164482506992,1.5,16.599436472079));
#1741 = VECTOR('',#1742,1.);
#1742 = DIRECTION('',(-1.745240643728E-02,-0.,-0.999847695156));
#1743 = PCURVE('',#842,#1744);
#1744 = DEFINITIONAL_REPRESENTATION('',(#1745),#1749);
#1745 = LINE('',#1746,#1747);
#1746 = CARTESIAN_POINT('',(0.,3.));
#1747 = VECTOR('',#1748,1.);
#1748 = DIRECTION('',(-1.,0.));
#1749 = ( GEOMETRIC_REPRESENTATION_CONTEXT(2) 
PARAMETRIC_REPRESENTATION_CONTEXT() REPRESENTATION_CONTEXT('2D SPACE',''
  ) );
#1750 = PCURVE('',#870,#1751);
#1751 = DEFINITIONAL_REPRESENTATION('',(#1752),#1756);
#1752 = LINE('',#1753,#1754);
#1753 = CARTESIAN_POINT('',(-5.63527921301E-04,6.45739038179E-02));
#1754 = VECTOR('',#1755,1.);
#1755 = DIRECTION('',(-0.999847695156,-1.745240643728E-02));
#1756 = ( GEOMETRIC_REPRESENTATION_CONTEXT(2) 
PARAMETRIC_REPRESENTATION_CONTEXT() REPRESENTATION_CONTEXT('2D SPACE',''
  ) );
#1757 = ORIENTED_EDGE('',*,*,#826,.F.);
#1758 = ORIENTED_EDGE('',*,*,#1759,.T.);
#1759 = EDGE_CURVE('',#799,#1708,#1760,.T.);
#1760 = SURFACE_CURVE('',#1761,(#1765,#1772),.PCURVE_S1.);
#1761 = LINE('',#1762,#1763);
#1762 = CARTESIAN_POINT('',(12.164482506992,-1.5,16.599436472079));
#1763 = VECTOR('',#1764,1.);
#1764 = DIRECTION('',(1.745240643728E-02,0.,0.999847695156));
#1765 = PCURVE('',#842,#1766);
#1766 = DEFINITIONAL_REPRESENTATION('',(#1767),#1771);
#1767 = LINE('',#1768,#1769);
#1768 = CARTESIAN_POINT('',(0.,0.));
#1769 = VECTOR('',#1770,1.);
#1770 = DIRECTION('',(1.,0.));
#1771 = ( GEOMETRIC_REPRESENTATION_CONTEXT(2) 
PARAMETRIC_REPRESENTATION_CONTEXT() REPRESENTATION_CONTEXT('2D SPACE',''
  ) );
#1772 = PCURVE('',#814,#1773);
#1773 = DEFINITIONAL_REPRESENTATION('',(#1774),#1778);
#1774 = LINE('',#1775,#1776);
#1775 = CARTESIAN_POINT('',(5.63527921301E-04,-8.54260961821E-02));
#1776 = VECTOR('',#1777,1.);
#1777 = DIRECTION('',(-0.999847695156,1.745240643728E-02));
#1778 = ( GEOMETRIC_REPRESENTATION_CONTEXT(2) 
PARAMETRIC_REPRESENTATION_CONTEXT() REPRESENTATION_CONTEXT('2D SPACE',''
  ) );
#1779 = ADVANCED_FACE('',(#1780),#814,.T.);
#1780 = FACE_BOUND('',#1781,.T.);
#1781 = EDGE_LOOP('',(#1782,#1783,#1784,#1807));
#1782 = ORIENTED_EDGE('',*,*,#1759,.F.);
#1783 = ORIENTED_EDGE('',*,*,#796,.F.);
#1784 = ORIENTED_EDGE('',*,*,#1785,.T.);
#1785 = EDGE_CURVE('',#797,#1786,#1788,.T.);
#1786 = VERTEX_POINT('',#1787);
#1787 = CARTESIAN_POINT('',(12.249908603174,-1.5,16.6));
#1788 = SURFACE_CURVE('',#1789,(#1793,#1800),.PCURVE_S1.);
#1789 = LINE('',#1790,#1791);
#1790 = CARTESIAN_POINT('',(12.239435564217,-1.5,16.));
#1791 = VECTOR('',#1792,1.);
#1792 = DIRECTION('',(1.74524064374E-02,0.,0.999847695156));
#1793 = PCURVE('',#814,#1794);
#1794 = DEFINITIONAL_REPRESENTATION('',(#1795),#1799);
#1795 = LINE('',#1796,#1797);
#1796 = CARTESIAN_POINT('',(0.6,-1.0473038957E-02));
#1797 = VECTOR('',#1798,1.);
#1798 = DIRECTION('',(-0.999847695156,1.74524064374E-02));
#1799 = ( GEOMETRIC_REPRESENTATION_CONTEXT(2) 
PARAMETRIC_REPRESENTATION_CONTEXT() REPRESENTATION_CONTEXT('2D SPACE',''
  ) );
#1800 = PCURVE('',#1552,#1801);
#1801 = DEFINITIONAL_REPRESENTATION('',(#1802),#1806);
#1802 = LINE('',#1803,#1804);
#1803 = CARTESIAN_POINT('',(-15.98943556421,-14.35));
#1804 = VECTOR('',#1805,1.);
#1805 = DIRECTION('',(-1.,0.));
#1806 = ( GEOMETRIC_REPRESENTATION_CONTEXT(2) 
PARAMETRIC_REPRESENTATION_CONTEXT() REPRESENTATION_CONTEXT('2D SPACE',''
  ) );
#1807 = ORIENTED_EDGE('',*,*,#1808,.T.);
#1808 = EDGE_CURVE('',#1786,#1708,#1809,.T.);
#1809 = SURFACE_CURVE('',#1810,(#1814,#1821),.PCURVE_S1.);
#1810 = LINE('',#1811,#1812);
#1811 = CARTESIAN_POINT('',(12.249908603174,-1.5,16.6));
#1812 = VECTOR('',#1813,1.);
#1813 = DIRECTION('',(-1.,-0.,-0.));
#1814 = PCURVE('',#814,#1815);
#1815 = DEFINITIONAL_REPRESENTATION('',(#1816),#1820);
#1816 = LINE('',#1817,#1818);
#1817 = CARTESIAN_POINT('',(0.,0.));
#1818 = VECTOR('',#1819,1.);
#1819 = DIRECTION('',(0.,-1.));
#1820 = ( GEOMETRIC_REPRESENTATION_CONTEXT(2) 
PARAMETRIC_REPRESENTATION_CONTEXT() REPRESENTATION_CONTEXT('2D SPACE',''
  ) );
#1821 = PCURVE('',#1725,#1822);
#1822 = DEFINITIONAL_REPRESENTATION('',(#1823),#1827);
#1823 = LINE('',#1824,#1825);
#1824 = CARTESIAN_POINT('',(12.249908603174,-1.5));
#1825 = VECTOR('',#1826,1.);
#1826 = DIRECTION('',(-1.,0.));
#1827 = ( GEOMETRIC_REPRESENTATION_CONTEXT(2) 
PARAMETRIC_REPRESENTATION_CONTEXT() REPRESENTATION_CONTEXT('2D SPACE',''
  ) );
#1828 = ADVANCED_FACE('',(#1829),#1552,.F.);
#1829 = FACE_BOUND('',#1830,.T.);
#1830 = EDGE_LOOP('',(#1831,#1854,#1875,#1876));
#1831 = ORIENTED_EDGE('',*,*,#1832,.F.);
#1832 = EDGE_CURVE('',#1833,#1487,#1835,.T.);
#1833 = VERTEX_POINT('',#1834);
#1834 = CARTESIAN_POINT('',(12.249908603174,-11.74998475559,16.6));
#1835 = SURFACE_CURVE('',#1836,(#1840,#1847),.PCURVE_S1.);
#1836 = LINE('',#1837,#1838);
#1837 = CARTESIAN_POINT('',(12.249908603174,-11.74998475559,16.6));
#1838 = VECTOR('',#1839,1.);
#1839 = DIRECTION('',(-1.744974916068E-02,1.74497491608E-02,
    -0.999695459882));
#1840 = PCURVE('',#1552,#1841);
#1841 = DEFINITIONAL_REPRESENTATION('',(#1842),#1846);
#1842 = LINE('',#1843,#1844);
#1843 = CARTESIAN_POINT('',(-16.58952696104,-24.59998475559));
#1844 = VECTOR('',#1845,1.);
#1845 = DIRECTION('',(0.999847741536,1.74497491608E-02));
#1846 = ( GEOMETRIC_REPRESENTATION_CONTEXT(2) 
PARAMETRIC_REPRESENTATION_CONTEXT() REPRESENTATION_CONTEXT('2D SPACE',''
  ) );
#1847 = PCURVE('',#1504,#1848);
#1848 = DEFINITIONAL_REPRESENTATION('',(#1849),#1853);
#1849 = LINE('',#1850,#1851);
#1850 = CARTESIAN_POINT('',(6.28318530718,16.792035351773));
#1851 = VECTOR('',#1852,1.);
#1852 = DIRECTION('',(0.,-1.));
#1853 = ( GEOMETRIC_REPRESENTATION_CONTEXT(2) 
PARAMETRIC_REPRESENTATION_CONTEXT() REPRESENTATION_CONTEXT('2D SPACE',''
  ) );
#1854 = ORIENTED_EDGE('',*,*,#1855,.F.);
#1855 = EDGE_CURVE('',#1786,#1833,#1856,.T.);
#1856 = SURFACE_CURVE('',#1857,(#1861,#1868),.PCURVE_S1.);
#1857 = LINE('',#1858,#1859);
#1858 = CARTESIAN_POINT('',(12.249908603174,12.85,16.6));
#1859 = VECTOR('',#1860,1.);
#1860 = DIRECTION('',(-0.,-1.,-0.));
#1861 = PCURVE('',#1552,#1862);
#1862 = DEFINITIONAL_REPRESENTATION('',(#1863),#1867);
#1863 = LINE('',#1864,#1865);
#1864 = CARTESIAN_POINT('',(-16.58952696104,0.));
#1865 = VECTOR('',#1866,1.);
#1866 = DIRECTION('',(0.,-1.));
#1867 = ( GEOMETRIC_REPRESENTATION_CONTEXT(2) 
PARAMETRIC_REPRESENTATION_CONTEXT() REPRESENTATION_CONTEXT('2D SPACE',''
  ) );
#1868 = PCURVE('',#1725,#1869);
#1869 = DEFINITIONAL_REPRESENTATION('',(#1870),#1874);
#1870 = LINE('',#1871,#1872);
#1871 = CARTESIAN_POINT('',(12.249908603174,12.85));
#1872 = VECTOR('',#1873,1.);
#1873 = DIRECTION('',(0.,-1.));
#1874 = ( GEOMETRIC_REPRESENTATION_CONTEXT(2) 
PARAMETRIC_REPRESENTATION_CONTEXT() REPRESENTATION_CONTEXT('2D SPACE',''
  ) );
#1875 = ORIENTED_EDGE('',*,*,#1785,.F.);
#1876 = ORIENTED_EDGE('',*,*,#1538,.F.);
#1877 = ADVANCED_FACE('',(#1878),#1504,.F.);
#1878 = FACE_BOUND('',#1879,.F.);
#1879 = EDGE_LOOP('',(#1880,#1881,#1882,#1929));
#1880 = ORIENTED_EDGE('',*,*,#1486,.T.);
#1881 = ORIENTED_EDGE('',*,*,#1832,.F.);
#1882 = ORIENTED_EDGE('',*,*,#1883,.T.);
#1883 = EDGE_CURVE('',#1833,#1884,#1886,.T.);
#1884 = VERTEX_POINT('',#1885);
#1885 = CARTESIAN_POINT('',(11.749984755595,-12.24990860317,16.6));
#1886 = SURFACE_CURVE('',#1887,(#1892,#1921),.PCURVE_S1.);
#1887 = ( BOUNDED_CURVE() B_SPLINE_CURVE(3,(#1888,#1889,#1890,#1891),
.UNSPECIFIED.,.F.,.F.) B_SPLINE_CURVE_WITH_KNOTS((4,4),(5.49793943703,
7.068431177329),.PIECEWISE_BEZIER_KNOTS.) CURVE() 
GEOMETRIC_REPRESENTATION_ITEM() RATIONAL_B_SPLINE_CURVE((1.,
0.804809640383,0.804809640383,1.)) REPRESENTATION_ITEM('') );
#1888 = CARTESIAN_POINT('',(12.249908603174,-11.74998475559,16.6));
#1889 = CARTESIAN_POINT('',(12.249908603174,-12.04285183575,16.6));
#1890 = CARTESIAN_POINT('',(12.042851835754,-12.24990860317,16.6));
#1891 = CARTESIAN_POINT('',(11.749984755595,-12.24990860317,16.6));
#1892 = PCURVE('',#1504,#1893);
#1893 = DEFINITIONAL_REPRESENTATION('',(#1894),#1920);
#1894 = B_SPLINE_CURVE_WITH_KNOTS('',3,(#1895,#1896,#1897,#1898,#1899,
    #1900,#1901,#1902,#1903,#1904,#1905,#1906,#1907,#1908,#1909,#1910,
    #1911,#1912,#1913,#1914,#1915,#1916,#1917,#1918,#1919),
  .UNSPECIFIED.,.F.,.F.,(4,1,1,1,1,1,1,1,1,1,1,1,1,1,1,1,1,1,1,1,1,1,4),
  (5.49793943703,5.569325425225,5.640711413421,5.712097401616,
    5.783483389812,5.854869378007,5.926255366202,5.997641354398,
    6.069027342593,6.140413330789,6.211799318984,6.28318530718,
    6.354571295375,6.42595728357,6.497343271766,6.568729259961,
    6.640115248157,6.711501236352,6.782887224548,6.854273212743,
    6.925659200939,6.997045189134,7.068431177329),
  .QUASI_UNIFORM_KNOTS.);
#1895 = CARTESIAN_POINT('',(6.28318530718,16.792035351773));
#1896 = CARTESIAN_POINT('',(6.261762625888,16.79222228999));
#1897 = CARTESIAN_POINT('',(6.218341211659,16.792589178764));
#1898 = CARTESIAN_POINT('',(6.151574477358,16.793112465492));
#1899 = CARTESIAN_POINT('',(6.083259358531,16.793602656025));
#1900 = CARTESIAN_POINT('',(6.01350768103,16.794053582706));
#1901 = CARTESIAN_POINT('',(5.942448088082,16.794459197601));
#1902 = CARTESIAN_POINT('',(5.870227793351,16.794813728812));
#1903 = CARTESIAN_POINT('',(5.797010817198,16.795111872174));
#1904 = CARTESIAN_POINT('',(5.722976446926,16.795348975137));
#1905 = CARTESIAN_POINT('',(5.648316934321,16.79552121061));
#1906 = CARTESIAN_POINT('',(5.573234753831,16.795625726951));
#1907 = CARTESIAN_POINT('',(5.49793943703,16.795660764088));
#1908 = CARTESIAN_POINT('',(5.422644120229,16.795625726951));
#1909 = CARTESIAN_POINT('',(5.347561939738,16.79552121061));
#1910 = CARTESIAN_POINT('',(5.272902427133,16.795348975137));
#1911 = CARTESIAN_POINT('',(5.198868056862,16.795111872174));
#1912 = CARTESIAN_POINT('',(5.125651080708,16.794813728812));
#1913 = CARTESIAN_POINT('',(5.053430785978,16.794459197601));
#1914 = CARTESIAN_POINT('',(4.982371193029,16.794053582706));
#1915 = CARTESIAN_POINT('',(4.912619515528,16.793602656025));
#1916 = CARTESIAN_POINT('',(4.844304396701,16.793112465492));
#1917 = CARTESIAN_POINT('',(4.7775376624,16.792589178764));
#1918 = CARTESIAN_POINT('',(4.734116248171,16.79222228999));
#1919 = CARTESIAN_POINT('',(4.71269356688,16.792035351773));
#1920 = ( GEOMETRIC_REPRESENTATION_CONTEXT(2) 
PARAMETRIC_REPRESENTATION_CONTEXT() REPRESENTATION_CONTEXT('2D SPACE',''
  ) );
#1921 = PCURVE('',#1725,#1922);
#1922 = DEFINITIONAL_REPRESENTATION('',(#1923),#1928);
#1923 = ( BOUNDED_CURVE() B_SPLINE_CURVE(3,(#1924,#1925,#1926,#1927),
.UNSPECIFIED.,.F.,.F.) B_SPLINE_CURVE_WITH_KNOTS((4,4),(5.49793943703,
7.068431177329),.PIECEWISE_BEZIER_KNOTS.) CURVE() 
GEOMETRIC_REPRESENTATION_ITEM() RATIONAL_B_SPLINE_CURVE((1.,
0.804809640383,0.804809640383,1.)) REPRESENTATION_ITEM('') );
#1924 = CARTESIAN_POINT('',(12.249908603174,-11.74998475559));
#1925 = CARTESIAN_POINT('',(12.249908603174,-12.04285183575));
#1926 = CARTESIAN_POINT('',(12.042851835754,-12.24990860317));
#1927 = CARTESIAN_POINT('',(11.749984755595,-12.24990860317));
#1928 = ( GEOMETRIC_REPRESENTATION_CONTEXT(2) 
PARAMETRIC_REPRESENTATION_CONTEXT() REPRESENTATION_CONTEXT('2D SPACE',''
  ) );
#1929 = ORIENTED_EDGE('',*,*,#1930,.T.);
#1930 = EDGE_CURVE('',#1884,#1459,#1931,.T.);
#1931 = SURFACE_CURVE('',#1932,(#1936,#1943),.PCURVE_S1.);
#1932 = LINE('',#1933,#1934);
#1933 = CARTESIAN_POINT('',(11.45696795081,-11.95689179838,
    -0.186921503344));
#1934 = VECTOR('',#1935,1.);
#1935 = DIRECTION('',(-1.744974916068E-02,1.744974916068E-02,
    -0.999695459882));
#1936 = PCURVE('',#1504,#1937);
#1937 = DEFINITIONAL_REPRESENTATION('',(#1938),#1942);
#1938 = LINE('',#1939,#1940);
#1939 = CARTESIAN_POINT('',(4.71269356688,3.552713678801E-15));
#1940 = VECTOR('',#1941,1.);
#1941 = DIRECTION('',(0.,-1.));
#1942 = ( GEOMETRIC_REPRESENTATION_CONTEXT(2) 
PARAMETRIC_REPRESENTATION_CONTEXT() REPRESENTATION_CONTEXT('2D SPACE',''
  ) );
#1943 = PCURVE('',#1474,#1944);
#1944 = DEFINITIONAL_REPRESENTATION('',(#1945),#1949);
#1945 = LINE('',#1946,#1947);
#1946 = CARTESIAN_POINT('',(0.199951661216,-1.39303204919));
#1947 = VECTOR('',#1948,1.);
#1948 = DIRECTION('',(0.999847741536,-1.744974916068E-02));
#1949 = ( GEOMETRIC_REPRESENTATION_CONTEXT(2) 
PARAMETRIC_REPRESENTATION_CONTEXT() REPRESENTATION_CONTEXT('2D SPACE',''
  ) );
#1950 = ADVANCED_FACE('',(#1951),#1474,.F.);
#1951 = FACE_BOUND('',#1952,.T.);
#1952 = EDGE_LOOP('',(#1953,#1976,#1997,#1998));
#1953 = ORIENTED_EDGE('',*,*,#1954,.F.);
#1954 = EDGE_CURVE('',#1955,#1431,#1957,.T.);
#1955 = VERTEX_POINT('',#1956);
#1956 = CARTESIAN_POINT('',(1.5,-12.24990860317,16.6));
#1957 = SURFACE_CURVE('',#1958,(#1962,#1969),.PCURVE_S1.);
#1958 = LINE('',#1959,#1960);
#1959 = CARTESIAN_POINT('',(1.5,-11.96038143604,1.299970426627E-02));
#1960 = VECTOR('',#1961,1.);
#1961 = DIRECTION('',(0.,1.745240643728E-02,-0.999847695156));
#1962 = PCURVE('',#1474,#1963);
#1963 = DEFINITIONAL_REPRESENTATION('',(#1964),#1968);
#1964 = LINE('',#1965,#1966);
#1965 = CARTESIAN_POINT('',(0.,-11.35));
#1966 = VECTOR('',#1967,1.);
#1967 = DIRECTION('',(1.,0.));
#1968 = ( GEOMETRIC_REPRESENTATION_CONTEXT(2) 
PARAMETRIC_REPRESENTATION_CONTEXT() REPRESENTATION_CONTEXT('2D SPACE',''
  ) );
#1969 = PCURVE('',#1446,#1970);
#1970 = DEFINITIONAL_REPRESENTATION('',(#1971),#1975);
#1971 = LINE('',#1972,#1973);
#1972 = CARTESIAN_POINT('',(16.587000295734,0.139527167126));
#1973 = VECTOR('',#1974,1.);
#1974 = DIRECTION('',(0.999847695156,1.745240643728E-02));
#1975 = ( GEOMETRIC_REPRESENTATION_CONTEXT(2) 
PARAMETRIC_REPRESENTATION_CONTEXT() REPRESENTATION_CONTEXT('2D SPACE',''
  ) );
#1976 = ORIENTED_EDGE('',*,*,#1977,.F.);
#1977 = EDGE_CURVE('',#1884,#1955,#1978,.T.);
#1978 = SURFACE_CURVE('',#1979,(#1983,#1990),.PCURVE_S1.);
#1979 = LINE('',#1980,#1981);
#1980 = CARTESIAN_POINT('',(12.85,-12.24990860317,16.6));
#1981 = VECTOR('',#1982,1.);
#1982 = DIRECTION('',(-1.,-0.,-0.));
#1983 = PCURVE('',#1474,#1984);
#1984 = DEFINITIONAL_REPRESENTATION('',(#1985),#1989);
#1985 = LINE('',#1986,#1987);
#1986 = CARTESIAN_POINT('',(-16.58952696104,0.));
#1987 = VECTOR('',#1988,1.);
#1988 = DIRECTION('',(0.,-1.));
#1989 = ( GEOMETRIC_REPRESENTATION_CONTEXT(2) 
PARAMETRIC_REPRESENTATION_CONTEXT() REPRESENTATION_CONTEXT('2D SPACE',''
  ) );
#1990 = PCURVE('',#1725,#1991);
#1991 = DEFINITIONAL_REPRESENTATION('',(#1992),#1996);
#1992 = LINE('',#1993,#1994);
#1993 = CARTESIAN_POINT('',(12.85,-12.24990860317));
#1994 = VECTOR('',#1995,1.);
#1995 = DIRECTION('',(-1.,0.));
#1996 = ( GEOMETRIC_REPRESENTATION_CONTEXT(2) 
PARAMETRIC_REPRESENTATION_CONTEXT() REPRESENTATION_CONTEXT('2D SPACE',''
  ) );
#1997 = ORIENTED_EDGE('',*,*,#1930,.T.);
#1998 = ORIENTED_EDGE('',*,*,#1458,.F.);
#1999 = ADVANCED_FACE('',(#2000),#1446,.T.);
#2000 = FACE_BOUND('',#2001,.T.);
#2001 = EDGE_LOOP('',(#2002,#2025,#2046,#2047));
#2002 = ORIENTED_EDGE('',*,*,#2003,.T.);
#2003 = EDGE_CURVE('',#1403,#2004,#2006,.T.);
#2004 = VERTEX_POINT('',#2005);
#2005 = CARTESIAN_POINT('',(1.5,-12.1644923434,16.6));
#2006 = SURFACE_CURVE('',#2007,(#2011,#2018),.PCURVE_S1.);
#2007 = LINE('',#2008,#2009);
#2008 = CARTESIAN_POINT('',(1.5,-12.15401930445,16.));
#2009 = VECTOR('',#2010,1.);
#2010 = DIRECTION('',(0.,-1.74524064374E-02,0.999847695156));
#2011 = PCURVE('',#1446,#2012);
#2012 = DEFINITIONAL_REPRESENTATION('',(#2013),#2017);
#2013 = LINE('',#2014,#2015);
#2014 = CARTESIAN_POINT('',(0.6,-5.41107012774E-02));
#2015 = VECTOR('',#2016,1.);
#2016 = DIRECTION('',(-0.999847695156,-1.74524064374E-02));
#2017 = ( GEOMETRIC_REPRESENTATION_CONTEXT(2) 
PARAMETRIC_REPRESENTATION_CONTEXT() REPRESENTATION_CONTEXT('2D SPACE',''
  ) );
#2018 = PCURVE('',#1418,#2019);
#2019 = DEFINITIONAL_REPRESENTATION('',(#2020),#2024);
#2020 = LINE('',#2021,#2022);
#2021 = CARTESIAN_POINT('',(-0.599527783064,3.));
#2022 = VECTOR('',#2023,1.);
#2023 = DIRECTION('',(1.,0.));
#2024 = ( GEOMETRIC_REPRESENTATION_CONTEXT(2) 
PARAMETRIC_REPRESENTATION_CONTEXT() REPRESENTATION_CONTEXT('2D SPACE',''
  ) );
#2025 = ORIENTED_EDGE('',*,*,#2026,.T.);
#2026 = EDGE_CURVE('',#2004,#1955,#2027,.T.);
#2027 = SURFACE_CURVE('',#2028,(#2032,#2039),.PCURVE_S1.);
#2028 = LINE('',#2029,#2030);
#2029 = CARTESIAN_POINT('',(1.5,-12.09990860317,16.6));
#2030 = VECTOR('',#2031,1.);
#2031 = DIRECTION('',(0.,-1.,-0.));
#2032 = PCURVE('',#1446,#2033);
#2033 = DEFINITIONAL_REPRESENTATION('',(#2034),#2038);
#2034 = LINE('',#2035,#2036);
#2035 = CARTESIAN_POINT('',(0.,0.));
#2036 = VECTOR('',#2037,1.);
#2037 = DIRECTION('',(0.,-1.));
#2038 = ( GEOMETRIC_REPRESENTATION_CONTEXT(2) 
PARAMETRIC_REPRESENTATION_CONTEXT() REPRESENTATION_CONTEXT('2D SPACE',''
  ) );
#2039 = PCURVE('',#1725,#2040);
#2040 = DEFINITIONAL_REPRESENTATION('',(#2041),#2045);
#2041 = LINE('',#2042,#2043);
#2042 = CARTESIAN_POINT('',(1.5,-12.09990860317));
#2043 = VECTOR('',#2044,1.);
#2044 = DIRECTION('',(0.,-1.));
#2045 = ( GEOMETRIC_REPRESENTATION_CONTEXT(2) 
PARAMETRIC_REPRESENTATION_CONTEXT() REPRESENTATION_CONTEXT('2D SPACE',''
  ) );
#2046 = ORIENTED_EDGE('',*,*,#1954,.T.);
#2047 = ORIENTED_EDGE('',*,*,#1430,.F.);
#2048 = ADVANCED_FACE('',(#2049),#1418,.T.);
#2049 = FACE_BOUND('',#2050,.T.);
#2050 = EDGE_LOOP('',(#2051,#2074,#2075,#2076));
#2051 = ORIENTED_EDGE('',*,*,#2052,.T.);
#2052 = EDGE_CURVE('',#2053,#2004,#2055,.T.);
#2053 = VERTEX_POINT('',#2054);
#2054 = CARTESIAN_POINT('',(-1.5,-12.1644923434,16.6));
#2055 = SURFACE_CURVE('',#2056,(#2060,#2067),.PCURVE_S1.);
#2056 = LINE('',#2057,#2058);
#2057 = CARTESIAN_POINT('',(-1.5,-12.1644923434,16.6));
#2058 = VECTOR('',#2059,1.);
#2059 = DIRECTION('',(1.,0.,0.));
#2060 = PCURVE('',#1418,#2061);
#2061 = DEFINITIONAL_REPRESENTATION('',(#2062),#2066);
#2062 = LINE('',#2063,#2064);
#2063 = CARTESIAN_POINT('',(5.636137624069E-04,0.));
#2064 = VECTOR('',#2065,1.);
#2065 = DIRECTION('',(0.,1.));
#2066 = ( GEOMETRIC_REPRESENTATION_CONTEXT(2) 
PARAMETRIC_REPRESENTATION_CONTEXT() REPRESENTATION_CONTEXT('2D SPACE',''
  ) );
#2067 = PCURVE('',#1725,#2068);
#2068 = DEFINITIONAL_REPRESENTATION('',(#2069),#2073);
#2069 = LINE('',#2070,#2071);
#2070 = CARTESIAN_POINT('',(-1.5,-12.1644923434));
#2071 = VECTOR('',#2072,1.);
#2072 = DIRECTION('',(1.,0.));
#2073 = ( GEOMETRIC_REPRESENTATION_CONTEXT(2) 
PARAMETRIC_REPRESENTATION_CONTEXT() REPRESENTATION_CONTEXT('2D SPACE',''
  ) );
#2074 = ORIENTED_EDGE('',*,*,#2003,.F.);
#2075 = ORIENTED_EDGE('',*,*,#1402,.F.);
#2076 = ORIENTED_EDGE('',*,*,#2077,.T.);
#2077 = EDGE_CURVE('',#1375,#2053,#2078,.T.);
#2078 = SURFACE_CURVE('',#2079,(#2083,#2090),.PCURVE_S1.);
#2079 = LINE('',#2080,#2081);
#2080 = CARTESIAN_POINT('',(-1.5,-12.16448250699,16.599436472079));
#2081 = VECTOR('',#2082,1.);
#2082 = DIRECTION('',(0.,-1.745240643728E-02,0.999847695156));
#2083 = PCURVE('',#1418,#2084);
#2084 = DEFINITIONAL_REPRESENTATION('',(#2085),#2089);
#2085 = LINE('',#2086,#2087);
#2086 = CARTESIAN_POINT('',(0.,0.));
#2087 = VECTOR('',#2088,1.);
#2088 = DIRECTION('',(1.,0.));
#2089 = ( GEOMETRIC_REPRESENTATION_CONTEXT(2) 
PARAMETRIC_REPRESENTATION_CONTEXT() REPRESENTATION_CONTEXT('2D SPACE',''
  ) );
#2090 = PCURVE('',#1390,#2091);
#2091 = DEFINITIONAL_REPRESENTATION('',(#2092),#2096);
#2092 = LINE('',#2093,#2094);
#2093 = CARTESIAN_POINT('',(-5.63527921301E-04,8.54260961821E-02));
#2094 = VECTOR('',#2095,1.);
#2095 = DIRECTION('',(0.999847695156,-1.745240643728E-02));
#2096 = ( GEOMETRIC_REPRESENTATION_CONTEXT(2) 
PARAMETRIC_REPRESENTATION_CONTEXT() REPRESENTATION_CONTEXT('2D SPACE',''
  ) );
#2097 = ADVANCED_FACE('',(#2098),#1390,.T.);
#2098 = FACE_BOUND('',#2099,.T.);
#2099 = EDGE_LOOP('',(#2100,#2101,#2102,#2125));
#2100 = ORIENTED_EDGE('',*,*,#2077,.F.);
#2101 = ORIENTED_EDGE('',*,*,#1374,.F.);
#2102 = ORIENTED_EDGE('',*,*,#2103,.T.);
#2103 = EDGE_CURVE('',#1347,#2104,#2106,.T.);
#2104 = VERTEX_POINT('',#2105);
#2105 = CARTESIAN_POINT('',(-1.5,-12.24990860317,16.6));
#2106 = SURFACE_CURVE('',#2107,(#2111,#2118),.PCURVE_S1.);
#2107 = LINE('',#2108,#2109);
#2108 = CARTESIAN_POINT('',(-1.5,-12.23943556421,16.));
#2109 = VECTOR('',#2110,1.);
#2110 = DIRECTION('',(0.,-1.74524064374E-02,0.999847695156));
#2111 = PCURVE('',#1390,#2112);
#2112 = DEFINITIONAL_REPRESENTATION('',(#2113),#2117);
#2113 = LINE('',#2114,#2115);
#2114 = CARTESIAN_POINT('',(-0.6,1.0473038957E-02));
#2115 = VECTOR('',#2116,1.);
#2116 = DIRECTION('',(0.999847695156,-1.74524064374E-02));
#2117 = ( GEOMETRIC_REPRESENTATION_CONTEXT(2) 
PARAMETRIC_REPRESENTATION_CONTEXT() REPRESENTATION_CONTEXT('2D SPACE',''
  ) );
#2118 = PCURVE('',#1362,#2119);
#2119 = DEFINITIONAL_REPRESENTATION('',(#2120),#2124);
#2120 = LINE('',#2121,#2122);
#2121 = CARTESIAN_POINT('',(-15.98943556421,-14.35));
#2122 = VECTOR('',#2123,1.);
#2123 = DIRECTION('',(-1.,0.));
#2124 = ( GEOMETRIC_REPRESENTATION_CONTEXT(2) 
PARAMETRIC_REPRESENTATION_CONTEXT() REPRESENTATION_CONTEXT('2D SPACE',''
  ) );
#2125 = ORIENTED_EDGE('',*,*,#2126,.T.);
#2126 = EDGE_CURVE('',#2104,#2053,#2127,.T.);
#2127 = SURFACE_CURVE('',#2128,(#2132,#2139),.PCURVE_S1.);
#2128 = LINE('',#2129,#2130);
#2129 = CARTESIAN_POINT('',(-1.5,-12.24990860317,16.6));
#2130 = VECTOR('',#2131,1.);
#2131 = DIRECTION('',(0.,1.,-0.));
#2132 = PCURVE('',#1390,#2133);
#2133 = DEFINITIONAL_REPRESENTATION('',(#2134),#2138);
#2134 = LINE('',#2135,#2136);
#2135 = CARTESIAN_POINT('',(0.,0.));
#2136 = VECTOR('',#2137,1.);
#2137 = DIRECTION('',(0.,1.));
#2138 = ( GEOMETRIC_REPRESENTATION_CONTEXT(2) 
PARAMETRIC_REPRESENTATION_CONTEXT() REPRESENTATION_CONTEXT('2D SPACE',''
  ) );
#2139 = PCURVE('',#1725,#2140);
#2140 = DEFINITIONAL_REPRESENTATION('',(#2141),#2145);
#2141 = LINE('',#2142,#2143);
#2142 = CARTESIAN_POINT('',(-1.5,-12.24990860317));
#2143 = VECTOR('',#2144,1.);
#2144 = DIRECTION('',(0.,1.));
#2145 = ( GEOMETRIC_REPRESENTATION_CONTEXT(2) 
PARAMETRIC_REPRESENTATION_CONTEXT() REPRESENTATION_CONTEXT('2D SPACE',''
  ) );
#2146 = ADVANCED_FACE('',(#2147),#1362,.F.);
#2147 = FACE_BOUND('',#2148,.T.);
#2148 = EDGE_LOOP('',(#2149,#2172,#2193,#2194));
#2149 = ORIENTED_EDGE('',*,*,#2150,.F.);
#2150 = EDGE_CURVE('',#2151,#1295,#2153,.T.);
#2151 = VERTEX_POINT('',#2152);
#2152 = CARTESIAN_POINT('',(-11.74998475559,-12.24990860317,16.6));
#2153 = SURFACE_CURVE('',#2154,(#2158,#2165),.PCURVE_S1.);
#2154 = LINE('',#2155,#2156);
#2155 = CARTESIAN_POINT('',(-11.74998475559,-12.24990860317,16.6));
#2156 = VECTOR('',#2157,1.);
#2157 = DIRECTION('',(1.74497491608E-02,1.744974916068E-02,
    -0.999695459882));
#2158 = PCURVE('',#1362,#2159);
#2159 = DEFINITIONAL_REPRESENTATION('',(#2160),#2164);
#2160 = LINE('',#2161,#2162);
#2161 = CARTESIAN_POINT('',(-16.58952696104,-24.59998475559));
#2162 = VECTOR('',#2163,1.);
#2163 = DIRECTION('',(0.999847741536,1.74497491608E-02));
#2164 = ( GEOMETRIC_REPRESENTATION_CONTEXT(2) 
PARAMETRIC_REPRESENTATION_CONTEXT() REPRESENTATION_CONTEXT('2D SPACE',''
  ) );
#2165 = PCURVE('',#1312,#2166);
#2166 = DEFINITIONAL_REPRESENTATION('',(#2167),#2171);
#2167 = LINE('',#2168,#2169);
#2168 = CARTESIAN_POINT('',(4.712084393889,16.792035351773));
#2169 = VECTOR('',#2170,1.);
#2170 = DIRECTION('',(2.367754489971E-13,-1.));
#2171 = ( GEOMETRIC_REPRESENTATION_CONTEXT(2) 
PARAMETRIC_REPRESENTATION_CONTEXT() REPRESENTATION_CONTEXT('2D SPACE',''
  ) );
#2172 = ORIENTED_EDGE('',*,*,#2173,.F.);
#2173 = EDGE_CURVE('',#2104,#2151,#2174,.T.);
#2174 = SURFACE_CURVE('',#2175,(#2179,#2186),.PCURVE_S1.);
#2175 = LINE('',#2176,#2177);
#2176 = CARTESIAN_POINT('',(12.85,-12.24990860317,16.6));
#2177 = VECTOR('',#2178,1.);
#2178 = DIRECTION('',(-1.,-0.,-0.));
#2179 = PCURVE('',#1362,#2180);
#2180 = DEFINITIONAL_REPRESENTATION('',(#2181),#2185);
#2181 = LINE('',#2182,#2183);
#2182 = CARTESIAN_POINT('',(-16.58952696104,0.));
#2183 = VECTOR('',#2184,1.);
#2184 = DIRECTION('',(0.,-1.));
#2185 = ( GEOMETRIC_REPRESENTATION_CONTEXT(2) 
PARAMETRIC_REPRESENTATION_CONTEXT() REPRESENTATION_CONTEXT('2D SPACE',''
  ) );
#2186 = PCURVE('',#1725,#2187);
#2187 = DEFINITIONAL_REPRESENTATION('',(#2188),#2192);
#2188 = LINE('',#2189,#2190);
#2189 = CARTESIAN_POINT('',(12.85,-12.24990860317));
#2190 = VECTOR('',#2191,1.);
#2191 = DIRECTION('',(-1.,0.));
#2192 = ( GEOMETRIC_REPRESENTATION_CONTEXT(2) 
PARAMETRIC_REPRESENTATION_CONTEXT() REPRESENTATION_CONTEXT('2D SPACE',''
  ) );
#2193 = ORIENTED_EDGE('',*,*,#2103,.F.);
#2194 = ORIENTED_EDGE('',*,*,#1346,.F.);
#2195 = ADVANCED_FACE('',(#2196),#1312,.F.);
#2196 = FACE_BOUND('',#2197,.F.);
#2197 = EDGE_LOOP('',(#2198,#2199,#2200,#2247));
#2198 = ORIENTED_EDGE('',*,*,#1294,.T.);
#2199 = ORIENTED_EDGE('',*,*,#2150,.F.);
#2200 = ORIENTED_EDGE('',*,*,#2201,.T.);
#2201 = EDGE_CURVE('',#2151,#2202,#2204,.T.);
#2202 = VERTEX_POINT('',#2203);
#2203 = CARTESIAN_POINT('',(-12.24990860317,-11.74998475559,16.6));
#2204 = SURFACE_CURVE('',#2205,(#2210,#2239),.PCURVE_S1.);
#2205 = ( BOUNDED_CURVE() B_SPLINE_CURVE(3,(#2206,#2207,#2208,#2209),
.UNSPECIFIED.,.F.,.F.) B_SPLINE_CURVE_WITH_KNOTS((4,4),(5.49793943703,
7.068431177329),.PIECEWISE_BEZIER_KNOTS.) CURVE() 
GEOMETRIC_REPRESENTATION_ITEM() RATIONAL_B_SPLINE_CURVE((1.,
0.804809640383,0.804809640383,1.)) REPRESENTATION_ITEM('') );
#2206 = CARTESIAN_POINT('',(-11.74998475559,-12.24990860317,16.6));
#2207 = CARTESIAN_POINT('',(-12.04285183575,-12.24990860317,16.6));
#2208 = CARTESIAN_POINT('',(-12.24990860317,-12.04285183575,16.6));
#2209 = CARTESIAN_POINT('',(-12.24990860317,-11.74998475559,16.6));
#2210 = PCURVE('',#1312,#2211);
#2211 = DEFINITIONAL_REPRESENTATION('',(#2212),#2238);
#2212 = B_SPLINE_CURVE_WITH_KNOTS('',3,(#2213,#2214,#2215,#2216,#2217,
    #2218,#2219,#2220,#2221,#2222,#2223,#2224,#2225,#2226,#2227,#2228,
    #2229,#2230,#2231,#2232,#2233,#2234,#2235,#2236,#2237),
  .UNSPECIFIED.,.F.,.F.,(4,1,1,1,1,1,1,1,1,1,1,1,1,1,1,1,1,1,1,1,1,1,4),
  (5.49793943703,5.569325425225,5.640711413421,5.712097401616,
    5.783483389812,5.854869378007,5.926255366202,5.997641354398,
    6.069027342593,6.140413330789,6.211799318984,6.28318530718,
    6.354571295375,6.42595728357,6.497343271766,6.568729259961,
    6.640115248157,6.711501236352,6.782887224548,6.854273212743,
    6.925659200939,6.997045189134,7.068431177329),
  .QUASI_UNIFORM_KNOTS.);
#2213 = CARTESIAN_POINT('',(4.712084393889,16.792035351773));
#2214 = CARTESIAN_POINT('',(4.690661712598,16.79222228999));
#2215 = CARTESIAN_POINT('',(4.647240298369,16.792589178764));
#2216 = CARTESIAN_POINT('',(4.580473564068,16.793112465492));
#2217 = CARTESIAN_POINT('',(4.512158445241,16.793602656025));
#2218 = CARTESIAN_POINT('',(4.44240676774,16.794053582706));
#2219 = CARTESIAN_POINT('',(4.371347174791,16.794459197601));
#2220 = CARTESIAN_POINT('',(4.299126880061,16.794813728812));
#2221 = CARTESIAN_POINT('',(4.225909903908,16.795111872174));
#2222 = CARTESIAN_POINT('',(4.151875533636,16.795348975137));
#2223 = CARTESIAN_POINT('',(4.077216021031,16.79552121061));
#2224 = CARTESIAN_POINT('',(4.002133840541,16.795625726951));
#2225 = CARTESIAN_POINT('',(3.92683852374,16.795660764088));
#2226 = CARTESIAN_POINT('',(3.851543206938,16.795625726951));
#2227 = CARTESIAN_POINT('',(3.776461026448,16.79552121061));
#2228 = CARTESIAN_POINT('',(3.701801513843,16.795348975137));
#2229 = CARTESIAN_POINT('',(3.627767143572,16.795111872174));
#2230 = CARTESIAN_POINT('',(3.554550167418,16.794813728812));
#2231 = CARTESIAN_POINT('',(3.482329872688,16.794459197601));
#2232 = CARTESIAN_POINT('',(3.411270279739,16.794053582706));
#2233 = CARTESIAN_POINT('',(3.341518602238,16.793602656025));
#2234 = CARTESIAN_POINT('',(3.273203483411,16.793112465492));
#2235 = CARTESIAN_POINT('',(3.20643674911,16.792589178764));
#2236 = CARTESIAN_POINT('',(3.163015334881,16.79222228999));
#2237 = CARTESIAN_POINT('',(3.14159265359,16.792035351773));
#2238 = ( GEOMETRIC_REPRESENTATION_CONTEXT(2) 
PARAMETRIC_REPRESENTATION_CONTEXT() REPRESENTATION_CONTEXT('2D SPACE',''
  ) );
#2239 = PCURVE('',#1725,#2240);
#2240 = DEFINITIONAL_REPRESENTATION('',(#2241),#2246);
#2241 = ( BOUNDED_CURVE() B_SPLINE_CURVE(3,(#2242,#2243,#2244,#2245),
.UNSPECIFIED.,.F.,.F.) B_SPLINE_CURVE_WITH_KNOTS((4,4),(5.49793943703,
7.068431177329),.PIECEWISE_BEZIER_KNOTS.) CURVE() 
GEOMETRIC_REPRESENTATION_ITEM() RATIONAL_B_SPLINE_CURVE((1.,
0.804809640383,0.804809640383,1.)) REPRESENTATION_ITEM('') );
#2242 = CARTESIAN_POINT('',(-11.74998475559,-12.24990860317));
#2243 = CARTESIAN_POINT('',(-12.04285183575,-12.24990860317));
#2244 = CARTESIAN_POINT('',(-12.24990860317,-12.04285183575));
#2245 = CARTESIAN_POINT('',(-12.24990860317,-11.74998475559));
#2246 = ( GEOMETRIC_REPRESENTATION_CONTEXT(2) 
PARAMETRIC_REPRESENTATION_CONTEXT() REPRESENTATION_CONTEXT('2D SPACE',''
  ) );
#2247 = ORIENTED_EDGE('',*,*,#2248,.T.);
#2248 = EDGE_CURVE('',#2202,#1267,#2249,.T.);
#2249 = SURFACE_CURVE('',#2250,(#2254,#2261),.PCURVE_S1.);
#2250 = LINE('',#2251,#2252);
#2251 = CARTESIAN_POINT('',(-11.95689179838,-11.45696795081,
    -0.186921503344));
#2252 = VECTOR('',#2253,1.);
#2253 = DIRECTION('',(1.744974916068E-02,1.744974916068E-02,
    -0.999695459882));
#2254 = PCURVE('',#1312,#2255);
#2255 = DEFINITIONAL_REPRESENTATION('',(#2256),#2260);
#2256 = LINE('',#2257,#2258);
#2257 = CARTESIAN_POINT('',(3.14159265359,3.552713678801E-15));
#2258 = VECTOR('',#2259,1.);
#2259 = DIRECTION('',(5.919386224928E-15,-1.));
#2260 = ( GEOMETRIC_REPRESENTATION_CONTEXT(2) 
PARAMETRIC_REPRESENTATION_CONTEXT() REPRESENTATION_CONTEXT('2D SPACE',''
  ) );
#2261 = PCURVE('',#1282,#2262);
#2262 = DEFINITIONAL_REPRESENTATION('',(#2263),#2267);
#2263 = LINE('',#2264,#2265);
#2264 = CARTESIAN_POINT('',(-0.199951661216,1.39303204919));
#2265 = VECTOR('',#2266,1.);
#2266 = DIRECTION('',(-0.999847741536,1.744974916068E-02));
#2267 = ( GEOMETRIC_REPRESENTATION_CONTEXT(2) 
PARAMETRIC_REPRESENTATION_CONTEXT() REPRESENTATION_CONTEXT('2D SPACE',''
  ) );
#2268 = ADVANCED_FACE('',(#2269),#1282,.F.);
#2269 = FACE_BOUND('',#2270,.T.);
#2270 = EDGE_LOOP('',(#2271,#2294,#2315,#2316));
#2271 = ORIENTED_EDGE('',*,*,#2272,.F.);
#2272 = EDGE_CURVE('',#2273,#1239,#2275,.T.);
#2273 = VERTEX_POINT('',#2274);
#2274 = CARTESIAN_POINT('',(-12.24990860317,-1.5,16.6));
#2275 = SURFACE_CURVE('',#2276,(#2280,#2287),.PCURVE_S1.);
#2276 = LINE('',#2277,#2278);
#2277 = CARTESIAN_POINT('',(-11.96038143604,-1.5,1.299970426627E-02));
#2278 = VECTOR('',#2279,1.);
#2279 = DIRECTION('',(1.745240643728E-02,-0.,-0.999847695156));
#2280 = PCURVE('',#1282,#2281);
#2281 = DEFINITIONAL_REPRESENTATION('',(#2282),#2286);
#2282 = LINE('',#2283,#2284);
#2283 = CARTESIAN_POINT('',(0.,11.35));
#2284 = VECTOR('',#2285,1.);
#2285 = DIRECTION('',(-1.,0.));
#2286 = ( GEOMETRIC_REPRESENTATION_CONTEXT(2) 
PARAMETRIC_REPRESENTATION_CONTEXT() REPRESENTATION_CONTEXT('2D SPACE',''
  ) );
#2287 = PCURVE('',#1254,#2288);
#2288 = DEFINITIONAL_REPRESENTATION('',(#2289),#2293);
#2289 = LINE('',#2290,#2291);
#2290 = CARTESIAN_POINT('',(16.587000295734,0.139527167126));
#2291 = VECTOR('',#2292,1.);
#2292 = DIRECTION('',(0.999847695156,1.745240643728E-02));
#2293 = ( GEOMETRIC_REPRESENTATION_CONTEXT(2) 
PARAMETRIC_REPRESENTATION_CONTEXT() REPRESENTATION_CONTEXT('2D SPACE',''
  ) );
#2294 = ORIENTED_EDGE('',*,*,#2295,.F.);
#2295 = EDGE_CURVE('',#2202,#2273,#2296,.T.);
#2296 = SURFACE_CURVE('',#2297,(#2301,#2308),.PCURVE_S1.);
#2297 = LINE('',#2298,#2299);
#2298 = CARTESIAN_POINT('',(-12.24990860317,-12.85,16.6));
#2299 = VECTOR('',#2300,1.);
#2300 = DIRECTION('',(0.,1.,0.));
#2301 = PCURVE('',#1282,#2302);
#2302 = DEFINITIONAL_REPRESENTATION('',(#2303),#2307);
#2303 = LINE('',#2304,#2305);
#2304 = CARTESIAN_POINT('',(16.589526961043,0.));
#2305 = VECTOR('',#2306,1.);
#2306 = DIRECTION('',(0.,1.));
#2307 = ( GEOMETRIC_REPRESENTATION_CONTEXT(2) 
PARAMETRIC_REPRESENTATION_CONTEXT() REPRESENTATION_CONTEXT('2D SPACE',''
  ) );
#2308 = PCURVE('',#1725,#2309);
#2309 = DEFINITIONAL_REPRESENTATION('',(#2310),#2314);
#2310 = LINE('',#2311,#2312);
#2311 = CARTESIAN_POINT('',(-12.24990860317,-12.85));
#2312 = VECTOR('',#2313,1.);
#2313 = DIRECTION('',(0.,1.));
#2314 = ( GEOMETRIC_REPRESENTATION_CONTEXT(2) 
PARAMETRIC_REPRESENTATION_CONTEXT() REPRESENTATION_CONTEXT('2D SPACE',''
  ) );
#2315 = ORIENTED_EDGE('',*,*,#2248,.T.);
#2316 = ORIENTED_EDGE('',*,*,#1266,.F.);
#2317 = ADVANCED_FACE('',(#2318),#1254,.T.);
#2318 = FACE_BOUND('',#2319,.T.);
#2319 = EDGE_LOOP('',(#2320,#2343,#2364,#2365));
#2320 = ORIENTED_EDGE('',*,*,#2321,.T.);
#2321 = EDGE_CURVE('',#1211,#2322,#2324,.T.);
#2322 = VERTEX_POINT('',#2323);
#2323 = CARTESIAN_POINT('',(-12.1644923434,-1.5,16.6));
#2324 = SURFACE_CURVE('',#2325,(#2329,#2336),.PCURVE_S1.);
#2325 = LINE('',#2326,#2327);
#2326 = CARTESIAN_POINT('',(-12.15401930445,-1.5,16.));
#2327 = VECTOR('',#2328,1.);
#2328 = DIRECTION('',(-1.74524064374E-02,0.,0.999847695156));
#2329 = PCURVE('',#1254,#2330);
#2330 = DEFINITIONAL_REPRESENTATION('',(#2331),#2335);
#2331 = LINE('',#2332,#2333);
#2332 = CARTESIAN_POINT('',(0.6,-5.41107012774E-02));
#2333 = VECTOR('',#2334,1.);
#2334 = DIRECTION('',(-0.999847695156,-1.74524064374E-02));
#2335 = ( GEOMETRIC_REPRESENTATION_CONTEXT(2) 
PARAMETRIC_REPRESENTATION_CONTEXT() REPRESENTATION_CONTEXT('2D SPACE',''
  ) );
#2336 = PCURVE('',#1226,#2337);
#2337 = DEFINITIONAL_REPRESENTATION('',(#2338),#2342);
#2338 = LINE('',#2339,#2340);
#2339 = CARTESIAN_POINT('',(0.599527783064,-3.));
#2340 = VECTOR('',#2341,1.);
#2341 = DIRECTION('',(-1.,0.));
#2342 = ( GEOMETRIC_REPRESENTATION_CONTEXT(2) 
PARAMETRIC_REPRESENTATION_CONTEXT() REPRESENTATION_CONTEXT('2D SPACE',''
  ) );
#2343 = ORIENTED_EDGE('',*,*,#2344,.T.);
#2344 = EDGE_CURVE('',#2322,#2273,#2345,.T.);
#2345 = SURFACE_CURVE('',#2346,(#2350,#2357),.PCURVE_S1.);
#2346 = LINE('',#2347,#2348);
#2347 = CARTESIAN_POINT('',(-12.09990860317,-1.5,16.6));
#2348 = VECTOR('',#2349,1.);
#2349 = DIRECTION('',(-1.,-0.,-0.));
#2350 = PCURVE('',#1254,#2351);
#2351 = DEFINITIONAL_REPRESENTATION('',(#2352),#2356);
#2352 = LINE('',#2353,#2354);
#2353 = CARTESIAN_POINT('',(0.,0.));
#2354 = VECTOR('',#2355,1.);
#2355 = DIRECTION('',(0.,-1.));
#2356 = ( GEOMETRIC_REPRESENTATION_CONTEXT(2) 
PARAMETRIC_REPRESENTATION_CONTEXT() REPRESENTATION_CONTEXT('2D SPACE',''
  ) );
#2357 = PCURVE('',#1725,#2358);
#2358 = DEFINITIONAL_REPRESENTATION('',(#2359),#2363);
#2359 = LINE('',#2360,#2361);
#2360 = CARTESIAN_POINT('',(-12.09990860317,-1.5));
#2361 = VECTOR('',#2362,1.);
#2362 = DIRECTION('',(-1.,0.));
#2363 = ( GEOMETRIC_REPRESENTATION_CONTEXT(2) 
PARAMETRIC_REPRESENTATION_CONTEXT() REPRESENTATION_CONTEXT('2D SPACE',''
  ) );
#2364 = ORIENTED_EDGE('',*,*,#2272,.T.);
#2365 = ORIENTED_EDGE('',*,*,#1238,.F.);
#2366 = ADVANCED_FACE('',(#2367),#1226,.T.);
#2367 = FACE_BOUND('',#2368,.T.);
#2368 = EDGE_LOOP('',(#2369,#2392,#2393,#2394));
#2369 = ORIENTED_EDGE('',*,*,#2370,.T.);
#2370 = EDGE_CURVE('',#2371,#2322,#2373,.T.);
#2371 = VERTEX_POINT('',#2372);
#2372 = CARTESIAN_POINT('',(-12.1644923434,1.5,16.6));
#2373 = SURFACE_CURVE('',#2374,(#2378,#2385),.PCURVE_S1.);
#2374 = LINE('',#2375,#2376);
#2375 = CARTESIAN_POINT('',(-12.1644923434,1.5,16.6));
#2376 = VECTOR('',#2377,1.);
#2377 = DIRECTION('',(0.,-1.,-0.));
#2378 = PCURVE('',#1226,#2379);
#2379 = DEFINITIONAL_REPRESENTATION('',(#2380),#2384);
#2380 = LINE('',#2381,#2382);
#2381 = CARTESIAN_POINT('',(-5.636137624069E-04,0.));
#2382 = VECTOR('',#2383,1.);
#2383 = DIRECTION('',(0.,-1.));
#2384 = ( GEOMETRIC_REPRESENTATION_CONTEXT(2) 
PARAMETRIC_REPRESENTATION_CONTEXT() REPRESENTATION_CONTEXT('2D SPACE',''
  ) );
#2385 = PCURVE('',#1725,#2386);
#2386 = DEFINITIONAL_REPRESENTATION('',(#2387),#2391);
#2387 = LINE('',#2388,#2389);
#2388 = CARTESIAN_POINT('',(-12.1644923434,1.5));
#2389 = VECTOR('',#2390,1.);
#2390 = DIRECTION('',(0.,-1.));
#2391 = ( GEOMETRIC_REPRESENTATION_CONTEXT(2) 
PARAMETRIC_REPRESENTATION_CONTEXT() REPRESENTATION_CONTEXT('2D SPACE',''
  ) );
#2392 = ORIENTED_EDGE('',*,*,#2321,.F.);
#2393 = ORIENTED_EDGE('',*,*,#1210,.F.);
#2394 = ORIENTED_EDGE('',*,*,#2395,.T.);
#2395 = EDGE_CURVE('',#1183,#2371,#2396,.T.);
#2396 = SURFACE_CURVE('',#2397,(#2401,#2408),.PCURVE_S1.);
#2397 = LINE('',#2398,#2399);
#2398 = CARTESIAN_POINT('',(-12.16448250699,1.5,16.599436472079));
#2399 = VECTOR('',#2400,1.);
#2400 = DIRECTION('',(-1.745240643728E-02,-0.,0.999847695156));
#2401 = PCURVE('',#1226,#2402);
#2402 = DEFINITIONAL_REPRESENTATION('',(#2403),#2407);
#2403 = LINE('',#2404,#2405);
#2404 = CARTESIAN_POINT('',(0.,0.));
#2405 = VECTOR('',#2406,1.);
#2406 = DIRECTION('',(-1.,0.));
#2407 = ( GEOMETRIC_REPRESENTATION_CONTEXT(2) 
PARAMETRIC_REPRESENTATION_CONTEXT() REPRESENTATION_CONTEXT('2D SPACE',''
  ) );
#2408 = PCURVE('',#1198,#2409);
#2409 = DEFINITIONAL_REPRESENTATION('',(#2410),#2414);
#2410 = LINE('',#2411,#2412);
#2411 = CARTESIAN_POINT('',(-5.63527921301E-04,8.54260961821E-02));
#2412 = VECTOR('',#2413,1.);
#2413 = DIRECTION('',(0.999847695156,-1.745240643728E-02));
#2414 = ( GEOMETRIC_REPRESENTATION_CONTEXT(2) 
PARAMETRIC_REPRESENTATION_CONTEXT() REPRESENTATION_CONTEXT('2D SPACE',''
  ) );
#2415 = ADVANCED_FACE('',(#2416),#1198,.T.);
#2416 = FACE_BOUND('',#2417,.T.);
#2417 = EDGE_LOOP('',(#2418,#2419,#2420,#2443));
#2418 = ORIENTED_EDGE('',*,*,#2395,.F.);
#2419 = ORIENTED_EDGE('',*,*,#1182,.F.);
#2420 = ORIENTED_EDGE('',*,*,#2421,.T.);
#2421 = EDGE_CURVE('',#1155,#2422,#2424,.T.);
#2422 = VERTEX_POINT('',#2423);
#2423 = CARTESIAN_POINT('',(-12.24990860317,1.5,16.6));
#2424 = SURFACE_CURVE('',#2425,(#2429,#2436),.PCURVE_S1.);
#2425 = LINE('',#2426,#2427);
#2426 = CARTESIAN_POINT('',(-12.23943556421,1.5,16.));
#2427 = VECTOR('',#2428,1.);
#2428 = DIRECTION('',(-1.74524064374E-02,0.,0.999847695156));
#2429 = PCURVE('',#1198,#2430);
#2430 = DEFINITIONAL_REPRESENTATION('',(#2431),#2435);
#2431 = LINE('',#2432,#2433);
#2432 = CARTESIAN_POINT('',(-0.6,1.0473038957E-02));
#2433 = VECTOR('',#2434,1.);
#2434 = DIRECTION('',(0.999847695156,-1.74524064374E-02));
#2435 = ( GEOMETRIC_REPRESENTATION_CONTEXT(2) 
PARAMETRIC_REPRESENTATION_CONTEXT() REPRESENTATION_CONTEXT('2D SPACE',''
  ) );
#2436 = PCURVE('',#1170,#2437);
#2437 = DEFINITIONAL_REPRESENTATION('',(#2438),#2442);
#2438 = LINE('',#2439,#2440);
#2439 = CARTESIAN_POINT('',(15.989435564217,14.35));
#2440 = VECTOR('',#2441,1.);
#2441 = DIRECTION('',(1.,0.));
#2442 = ( GEOMETRIC_REPRESENTATION_CONTEXT(2) 
PARAMETRIC_REPRESENTATION_CONTEXT() REPRESENTATION_CONTEXT('2D SPACE',''
  ) );
#2443 = ORIENTED_EDGE('',*,*,#2444,.T.);
#2444 = EDGE_CURVE('',#2422,#2371,#2445,.T.);
#2445 = SURFACE_CURVE('',#2446,(#2450,#2457),.PCURVE_S1.);
#2446 = LINE('',#2447,#2448);
#2447 = CARTESIAN_POINT('',(-12.24990860317,1.5,16.6));
#2448 = VECTOR('',#2449,1.);
#2449 = DIRECTION('',(1.,0.,0.));
#2450 = PCURVE('',#1198,#2451);
#2451 = DEFINITIONAL_REPRESENTATION('',(#2452),#2456);
#2452 = LINE('',#2453,#2454);
#2453 = CARTESIAN_POINT('',(0.,0.));
#2454 = VECTOR('',#2455,1.);
#2455 = DIRECTION('',(0.,1.));
#2456 = ( GEOMETRIC_REPRESENTATION_CONTEXT(2) 
PARAMETRIC_REPRESENTATION_CONTEXT() REPRESENTATION_CONTEXT('2D SPACE',''
  ) );
#2457 = PCURVE('',#1725,#2458);
#2458 = DEFINITIONAL_REPRESENTATION('',(#2459),#2463);
#2459 = LINE('',#2460,#2461);
#2460 = CARTESIAN_POINT('',(-12.24990860317,1.5));
#2461 = VECTOR('',#2462,1.);
#2462 = DIRECTION('',(1.,0.));
#2463 = ( GEOMETRIC_REPRESENTATION_CONTEXT(2) 
PARAMETRIC_REPRESENTATION_CONTEXT() REPRESENTATION_CONTEXT('2D SPACE',''
  ) );
#2464 = ADVANCED_FACE('',(#2465),#1170,.F.);
#2465 = FACE_BOUND('',#2466,.T.);
#2466 = EDGE_LOOP('',(#2467,#2490,#2511,#2512));
#2467 = ORIENTED_EDGE('',*,*,#2468,.F.);
#2468 = EDGE_CURVE('',#2469,#1103,#2471,.T.);
#2469 = VERTEX_POINT('',#2470);
#2470 = CARTESIAN_POINT('',(-12.24990860317,11.749984755595,16.6));
#2471 = SURFACE_CURVE('',#2472,(#2476,#2483),.PCURVE_S1.);
#2472 = LINE('',#2473,#2474);
#2473 = CARTESIAN_POINT('',(-12.24990860317,11.749984755596,16.6));
#2474 = VECTOR('',#2475,1.);
#2475 = DIRECTION('',(1.744974916068E-02,-1.74497491608E-02,
    -0.999695459882));
#2476 = PCURVE('',#1170,#2477);
#2477 = DEFINITIONAL_REPRESENTATION('',(#2478),#2482);
#2478 = LINE('',#2479,#2480);
#2479 = CARTESIAN_POINT('',(16.589526961043,24.599984755596));
#2480 = VECTOR('',#2481,1.);
#2481 = DIRECTION('',(-0.999847741536,-1.74497491608E-02));
#2482 = ( GEOMETRIC_REPRESENTATION_CONTEXT(2) 
PARAMETRIC_REPRESENTATION_CONTEXT() REPRESENTATION_CONTEXT('2D SPACE',''
  ) );
#2483 = PCURVE('',#1120,#2484);
#2484 = DEFINITIONAL_REPRESENTATION('',(#2485),#2489);
#2485 = LINE('',#2486,#2487);
#2486 = CARTESIAN_POINT('',(3.14159265359,16.792035351773));
#2487 = VECTOR('',#2488,1.);
#2488 = DIRECTION('',(2.308560627722E-13,-1.));
#2489 = ( GEOMETRIC_REPRESENTATION_CONTEXT(2) 
PARAMETRIC_REPRESENTATION_CONTEXT() REPRESENTATION_CONTEXT('2D SPACE',''
  ) );
#2490 = ORIENTED_EDGE('',*,*,#2491,.F.);
#2491 = EDGE_CURVE('',#2422,#2469,#2492,.T.);
#2492 = SURFACE_CURVE('',#2493,(#2497,#2504),.PCURVE_S1.);
#2493 = LINE('',#2494,#2495);
#2494 = CARTESIAN_POINT('',(-12.24990860317,-12.85,16.6));
#2495 = VECTOR('',#2496,1.);
#2496 = DIRECTION('',(0.,1.,0.));
#2497 = PCURVE('',#1170,#2498);
#2498 = DEFINITIONAL_REPRESENTATION('',(#2499),#2503);
#2499 = LINE('',#2500,#2501);
#2500 = CARTESIAN_POINT('',(16.589526961043,0.));
#2501 = VECTOR('',#2502,1.);
#2502 = DIRECTION('',(0.,1.));
#2503 = ( GEOMETRIC_REPRESENTATION_CONTEXT(2) 
PARAMETRIC_REPRESENTATION_CONTEXT() REPRESENTATION_CONTEXT('2D SPACE',''
  ) );
#2504 = PCURVE('',#1725,#2505);
#2505 = DEFINITIONAL_REPRESENTATION('',(#2506),#2510);
#2506 = LINE('',#2507,#2508);
#2507 = CARTESIAN_POINT('',(-12.24990860317,-12.85));
#2508 = VECTOR('',#2509,1.);
#2509 = DIRECTION('',(0.,1.));
#2510 = ( GEOMETRIC_REPRESENTATION_CONTEXT(2) 
PARAMETRIC_REPRESENTATION_CONTEXT() REPRESENTATION_CONTEXT('2D SPACE',''
  ) );
#2511 = ORIENTED_EDGE('',*,*,#2421,.F.);
#2512 = ORIENTED_EDGE('',*,*,#1154,.F.);
#2513 = ADVANCED_FACE('',(#2514),#1120,.F.);
#2514 = FACE_BOUND('',#2515,.F.);
#2515 = EDGE_LOOP('',(#2516,#2517,#2518,#2565));
#2516 = ORIENTED_EDGE('',*,*,#1102,.T.);
#2517 = ORIENTED_EDGE('',*,*,#2468,.F.);
#2518 = ORIENTED_EDGE('',*,*,#2519,.T.);
#2519 = EDGE_CURVE('',#2469,#2520,#2522,.T.);
#2520 = VERTEX_POINT('',#2521);
#2521 = CARTESIAN_POINT('',(-11.74998475559,12.249908603174,16.6));
#2522 = SURFACE_CURVE('',#2523,(#2528,#2557),.PCURVE_S1.);
#2523 = ( BOUNDED_CURVE() B_SPLINE_CURVE(3,(#2524,#2525,#2526,#2527),
.UNSPECIFIED.,.F.,.F.) B_SPLINE_CURVE_WITH_KNOTS((4,4),(5.49793943703,
7.068431177329),.PIECEWISE_BEZIER_KNOTS.) CURVE() 
GEOMETRIC_REPRESENTATION_ITEM() RATIONAL_B_SPLINE_CURVE((1.,
0.804809640383,0.804809640383,1.)) REPRESENTATION_ITEM('') );
#2524 = CARTESIAN_POINT('',(-12.24990860317,11.749984755595,16.6));
#2525 = CARTESIAN_POINT('',(-12.24990860317,12.042851835754,16.6));
#2526 = CARTESIAN_POINT('',(-12.04285183575,12.249908603174,16.6));
#2527 = CARTESIAN_POINT('',(-11.74998475559,12.249908603174,16.6));
#2528 = PCURVE('',#1120,#2529);
#2529 = DEFINITIONAL_REPRESENTATION('',(#2530),#2556);
#2530 = B_SPLINE_CURVE_WITH_KNOTS('',3,(#2531,#2532,#2533,#2534,#2535,
    #2536,#2537,#2538,#2539,#2540,#2541,#2542,#2543,#2544,#2545,#2546,
    #2547,#2548,#2549,#2550,#2551,#2552,#2553,#2554,#2555),
  .UNSPECIFIED.,.F.,.F.,(4,1,1,1,1,1,1,1,1,1,1,1,1,1,1,1,1,1,1,1,1,1,4),
  (5.49793943703,5.569325425225,5.640711413421,5.712097401616,
    5.783483389812,5.854869378007,5.926255366202,5.997641354398,
    6.069027342593,6.140413330789,6.211799318984,6.28318530718,
    6.354571295375,6.42595728357,6.497343271766,6.568729259961,
    6.640115248157,6.711501236352,6.782887224548,6.854273212743,
    6.925659200939,6.997045189134,7.068431177329),
  .QUASI_UNIFORM_KNOTS.);
#2531 = CARTESIAN_POINT('',(3.14159265359,16.792035351773));
#2532 = CARTESIAN_POINT('',(3.120169972298,16.79222228999));
#2533 = CARTESIAN_POINT('',(3.076748558069,16.792589178764));
#2534 = CARTESIAN_POINT('',(3.009981823768,16.793112465492));
#2535 = CARTESIAN_POINT('',(2.941666704941,16.793602656025));
#2536 = CARTESIAN_POINT('',(2.871915027441,16.794053582706));
#2537 = CARTESIAN_POINT('',(2.800855434492,16.794459197601));
#2538 = CARTESIAN_POINT('',(2.728635139761,16.794813728812));
#2539 = CARTESIAN_POINT('',(2.655418163608,16.795111872174));
#2540 = CARTESIAN_POINT('',(2.581383793336,16.795348975137));
#2541 = CARTESIAN_POINT('',(2.506724280731,16.79552121061));
#2542 = CARTESIAN_POINT('',(2.431642100241,16.795625726951));
#2543 = CARTESIAN_POINT('',(2.35634678344,16.795660764088));
#2544 = CARTESIAN_POINT('',(2.281051466639,16.795625726951));
#2545 = CARTESIAN_POINT('',(2.205969286149,16.79552121061));
#2546 = CARTESIAN_POINT('',(2.131309773544,16.795348975137));
#2547 = CARTESIAN_POINT('',(2.057275403272,16.795111872174));
#2548 = CARTESIAN_POINT('',(1.984058427119,16.794813728812));
#2549 = CARTESIAN_POINT('',(1.911838132388,16.794459197601));
#2550 = CARTESIAN_POINT('',(1.840778539439,16.794053582706));
#2551 = CARTESIAN_POINT('',(1.771026861939,16.793602656025));
#2552 = CARTESIAN_POINT('',(1.702711743111,16.793112465492));
#2553 = CARTESIAN_POINT('',(1.635945008811,16.792589178764));
#2554 = CARTESIAN_POINT('',(1.592523594582,16.79222228999));
#2555 = CARTESIAN_POINT('',(1.57110091329,16.792035351773));
#2556 = ( GEOMETRIC_REPRESENTATION_CONTEXT(2) 
PARAMETRIC_REPRESENTATION_CONTEXT() REPRESENTATION_CONTEXT('2D SPACE',''
  ) );
#2557 = PCURVE('',#1725,#2558);
#2558 = DEFINITIONAL_REPRESENTATION('',(#2559),#2564);
#2559 = ( BOUNDED_CURVE() B_SPLINE_CURVE(3,(#2560,#2561,#2562,#2563),
.UNSPECIFIED.,.F.,.F.) B_SPLINE_CURVE_WITH_KNOTS((4,4),(5.49793943703,
7.068431177329),.PIECEWISE_BEZIER_KNOTS.) CURVE() 
GEOMETRIC_REPRESENTATION_ITEM() RATIONAL_B_SPLINE_CURVE((1.,
0.804809640383,0.804809640383,1.)) REPRESENTATION_ITEM('') );
#2560 = CARTESIAN_POINT('',(-12.24990860317,11.749984755595));
#2561 = CARTESIAN_POINT('',(-12.24990860317,12.042851835754));
#2562 = CARTESIAN_POINT('',(-12.04285183575,12.249908603174));
#2563 = CARTESIAN_POINT('',(-11.74998475559,12.249908603174));
#2564 = ( GEOMETRIC_REPRESENTATION_CONTEXT(2) 
PARAMETRIC_REPRESENTATION_CONTEXT() REPRESENTATION_CONTEXT('2D SPACE',''
  ) );
#2565 = ORIENTED_EDGE('',*,*,#2566,.T.);
#2566 = EDGE_CURVE('',#2520,#1075,#2567,.T.);
#2567 = SURFACE_CURVE('',#2568,(#2572,#2579),.PCURVE_S1.);
#2568 = LINE('',#2569,#2570);
#2569 = CARTESIAN_POINT('',(-11.45696795081,11.956891798388,
    -0.186921503344));
#2570 = VECTOR('',#2571,1.);
#2571 = DIRECTION('',(1.744974916068E-02,-1.744974916068E-02,
    -0.999695459882));
#2572 = PCURVE('',#1120,#2573);
#2573 = DEFINITIONAL_REPRESENTATION('',(#2574),#2578);
#2574 = LINE('',#2575,#2576);
#2575 = CARTESIAN_POINT('',(1.57110091329,3.552713678801E-15));
#2576 = VECTOR('',#2577,1.);
#2577 = DIRECTION('',(0.,-1.));
#2578 = ( GEOMETRIC_REPRESENTATION_CONTEXT(2) 
PARAMETRIC_REPRESENTATION_CONTEXT() REPRESENTATION_CONTEXT('2D SPACE',''
  ) );
#2579 = PCURVE('',#1090,#2580);
#2580 = DEFINITIONAL_REPRESENTATION('',(#2581),#2585);
#2581 = LINE('',#2582,#2583);
#2582 = CARTESIAN_POINT('',(-0.199951661216,1.39303204919));
#2583 = VECTOR('',#2584,1.);
#2584 = DIRECTION('',(-0.999847741536,1.744974916068E-02));
#2585 = ( GEOMETRIC_REPRESENTATION_CONTEXT(2) 
PARAMETRIC_REPRESENTATION_CONTEXT() REPRESENTATION_CONTEXT('2D SPACE',''
  ) );
#2586 = ADVANCED_FACE('',(#2587),#1090,.F.);
#2587 = FACE_BOUND('',#2588,.T.);
#2588 = EDGE_LOOP('',(#2589,#2612,#2633,#2634));
#2589 = ORIENTED_EDGE('',*,*,#2590,.F.);
#2590 = EDGE_CURVE('',#2591,#1047,#2593,.T.);
#2591 = VERTEX_POINT('',#2592);
#2592 = CARTESIAN_POINT('',(-1.5,12.249908603174,16.6));
#2593 = SURFACE_CURVE('',#2594,(#2598,#2605),.PCURVE_S1.);
#2594 = LINE('',#2595,#2596);
#2595 = CARTESIAN_POINT('',(-1.5,11.960381436047,1.299970426627E-02));
#2596 = VECTOR('',#2597,1.);
#2597 = DIRECTION('',(-0.,-1.745240643728E-02,-0.999847695156));
#2598 = PCURVE('',#1090,#2599);
#2599 = DEFINITIONAL_REPRESENTATION('',(#2600),#2604);
#2600 = LINE('',#2601,#2602);
#2601 = CARTESIAN_POINT('',(0.,11.35));
#2602 = VECTOR('',#2603,1.);
#2603 = DIRECTION('',(-1.,0.));
#2604 = ( GEOMETRIC_REPRESENTATION_CONTEXT(2) 
PARAMETRIC_REPRESENTATION_CONTEXT() REPRESENTATION_CONTEXT('2D SPACE',''
  ) );
#2605 = PCURVE('',#1062,#2606);
#2606 = DEFINITIONAL_REPRESENTATION('',(#2607),#2611);
#2607 = LINE('',#2608,#2609);
#2608 = CARTESIAN_POINT('',(0.139527167126,-16.58700029573));
#2609 = VECTOR('',#2610,1.);
#2610 = DIRECTION('',(1.745240643728E-02,-0.999847695156));
#2611 = ( GEOMETRIC_REPRESENTATION_CONTEXT(2) 
PARAMETRIC_REPRESENTATION_CONTEXT() REPRESENTATION_CONTEXT('2D SPACE',''
  ) );
#2612 = ORIENTED_EDGE('',*,*,#2613,.F.);
#2613 = EDGE_CURVE('',#2520,#2591,#2614,.T.);
#2614 = SURFACE_CURVE('',#2615,(#2619,#2626),.PCURVE_S1.);
#2615 = LINE('',#2616,#2617);
#2616 = CARTESIAN_POINT('',(-12.85,12.249908603174,16.6));
#2617 = VECTOR('',#2618,1.);
#2618 = DIRECTION('',(1.,-0.,0.));
#2619 = PCURVE('',#1090,#2620);
#2620 = DEFINITIONAL_REPRESENTATION('',(#2621),#2625);
#2621 = LINE('',#2622,#2623);
#2622 = CARTESIAN_POINT('',(16.589526961043,0.));
#2623 = VECTOR('',#2624,1.);
#2624 = DIRECTION('',(0.,1.));
#2625 = ( GEOMETRIC_REPRESENTATION_CONTEXT(2) 
PARAMETRIC_REPRESENTATION_CONTEXT() REPRESENTATION_CONTEXT('2D SPACE',''
  ) );
#2626 = PCURVE('',#1725,#2627);
#2627 = DEFINITIONAL_REPRESENTATION('',(#2628),#2632);
#2628 = LINE('',#2629,#2630);
#2629 = CARTESIAN_POINT('',(-12.85,12.249908603174));
#2630 = VECTOR('',#2631,1.);
#2631 = DIRECTION('',(1.,0.));
#2632 = ( GEOMETRIC_REPRESENTATION_CONTEXT(2) 
PARAMETRIC_REPRESENTATION_CONTEXT() REPRESENTATION_CONTEXT('2D SPACE',''
  ) );
#2633 = ORIENTED_EDGE('',*,*,#2566,.T.);
#2634 = ORIENTED_EDGE('',*,*,#1074,.F.);
#2635 = ADVANCED_FACE('',(#2636),#1062,.T.);
#2636 = FACE_BOUND('',#2637,.T.);
#2637 = EDGE_LOOP('',(#2638,#2661,#2682,#2683));
#2638 = ORIENTED_EDGE('',*,*,#2639,.T.);
#2639 = EDGE_CURVE('',#1019,#2640,#2642,.T.);
#2640 = VERTEX_POINT('',#2641);
#2641 = CARTESIAN_POINT('',(-1.5,12.164492343408,16.6));
#2642 = SURFACE_CURVE('',#2643,(#2647,#2654),.PCURVE_S1.);
#2643 = LINE('',#2644,#2645);
#2644 = CARTESIAN_POINT('',(-1.5,12.154019304451,16.));
#2645 = VECTOR('',#2646,1.);
#2646 = DIRECTION('',(0.,1.74524064374E-02,0.999847695156));
#2647 = PCURVE('',#1062,#2648);
#2648 = DEFINITIONAL_REPRESENTATION('',(#2649),#2653);
#2649 = LINE('',#2650,#2651);
#2650 = CARTESIAN_POINT('',(-5.41107012774E-02,-0.6));
#2651 = VECTOR('',#2652,1.);
#2652 = DIRECTION('',(-1.74524064374E-02,0.999847695156));
#2653 = ( GEOMETRIC_REPRESENTATION_CONTEXT(2) 
PARAMETRIC_REPRESENTATION_CONTEXT() REPRESENTATION_CONTEXT('2D SPACE',''
  ) );
#2654 = PCURVE('',#1034,#2655);
#2655 = DEFINITIONAL_REPRESENTATION('',(#2656),#2660);
#2656 = LINE('',#2657,#2658);
#2657 = CARTESIAN_POINT('',(0.599527783064,-3.));
#2658 = VECTOR('',#2659,1.);
#2659 = DIRECTION('',(-1.,-1.917504000881E-32));
#2660 = ( GEOMETRIC_REPRESENTATION_CONTEXT(2) 
PARAMETRIC_REPRESENTATION_CONTEXT() REPRESENTATION_CONTEXT('2D SPACE',''
  ) );
#2661 = ORIENTED_EDGE('',*,*,#2662,.T.);
#2662 = EDGE_CURVE('',#2640,#2591,#2663,.T.);
#2663 = SURFACE_CURVE('',#2664,(#2668,#2675),.PCURVE_S1.);
#2664 = LINE('',#2665,#2666);
#2665 = CARTESIAN_POINT('',(-1.5,12.099908603174,16.6));
#2666 = VECTOR('',#2667,1.);
#2667 = DIRECTION('',(7.401486830834E-15,1.,-0.));
#2668 = PCURVE('',#1062,#2669);
#2669 = DEFINITIONAL_REPRESENTATION('',(#2670),#2674);
#2670 = LINE('',#2671,#2672);
#2671 = CARTESIAN_POINT('',(0.,0.));
#2672 = VECTOR('',#2673,1.);
#2673 = DIRECTION('',(-1.,0.));
#2674 = ( GEOMETRIC_REPRESENTATION_CONTEXT(2) 
PARAMETRIC_REPRESENTATION_CONTEXT() REPRESENTATION_CONTEXT('2D SPACE',''
  ) );
#2675 = PCURVE('',#1725,#2676);
#2676 = DEFINITIONAL_REPRESENTATION('',(#2677),#2681);
#2677 = LINE('',#2678,#2679);
#2678 = CARTESIAN_POINT('',(-1.5,12.099908603174));
#2679 = VECTOR('',#2680,1.);
#2680 = DIRECTION('',(7.401486830834E-15,1.));
#2681 = ( GEOMETRIC_REPRESENTATION_CONTEXT(2) 
PARAMETRIC_REPRESENTATION_CONTEXT() REPRESENTATION_CONTEXT('2D SPACE',''
  ) );
#2682 = ORIENTED_EDGE('',*,*,#2590,.T.);
#2683 = ORIENTED_EDGE('',*,*,#1046,.F.);
#2684 = ADVANCED_FACE('',(#2685),#1034,.T.);
#2685 = FACE_BOUND('',#2686,.T.);
#2686 = EDGE_LOOP('',(#2687,#2710,#2711,#2712));
#2687 = ORIENTED_EDGE('',*,*,#2688,.T.);
#2688 = EDGE_CURVE('',#2689,#2640,#2691,.T.);
#2689 = VERTEX_POINT('',#2690);
#2690 = CARTESIAN_POINT('',(1.5,12.164492343408,16.6));
#2691 = SURFACE_CURVE('',#2692,(#2696,#2703),.PCURVE_S1.);
#2692 = LINE('',#2693,#2694);
#2693 = CARTESIAN_POINT('',(1.5,12.164492343408,16.6));
#2694 = VECTOR('',#2695,1.);
#2695 = DIRECTION('',(-1.,1.711380017092E-19,-2.98722493152E-21));
#2696 = PCURVE('',#1034,#2697);
#2697 = DEFINITIONAL_REPRESENTATION('',(#2698),#2702);
#2698 = LINE('',#2699,#2700);
#2699 = CARTESIAN_POINT('',(-5.636137624069E-04,8.263762020479E-35));
#2700 = VECTOR('',#2701,1.);
#2701 = DIRECTION('',(3.761581922631E-37,-1.));
#2702 = ( GEOMETRIC_REPRESENTATION_CONTEXT(2) 
PARAMETRIC_REPRESENTATION_CONTEXT() REPRESENTATION_CONTEXT('2D SPACE',''
  ) );
#2703 = PCURVE('',#1725,#2704);
#2704 = DEFINITIONAL_REPRESENTATION('',(#2705),#2709);
#2705 = LINE('',#2706,#2707);
#2706 = CARTESIAN_POINT('',(1.5,12.164492343408));
#2707 = VECTOR('',#2708,1.);
#2708 = DIRECTION('',(-1.,1.711380017092E-19));
#2709 = ( GEOMETRIC_REPRESENTATION_CONTEXT(2) 
PARAMETRIC_REPRESENTATION_CONTEXT() REPRESENTATION_CONTEXT('2D SPACE',''
  ) );
#2710 = ORIENTED_EDGE('',*,*,#2639,.F.);
#2711 = ORIENTED_EDGE('',*,*,#1018,.F.);
#2712 = ORIENTED_EDGE('',*,*,#2713,.T.);
#2713 = EDGE_CURVE('',#991,#2689,#2714,.T.);
#2714 = SURFACE_CURVE('',#2715,(#2719,#2726),.PCURVE_S1.);
#2715 = LINE('',#2716,#2717);
#2716 = CARTESIAN_POINT('',(1.5,12.164482506992,16.599436472079));
#2717 = VECTOR('',#2718,1.);
#2718 = DIRECTION('',(-0.,1.745240643728E-02,0.999847695156));
#2719 = PCURVE('',#1034,#2720);
#2720 = DEFINITIONAL_REPRESENTATION('',(#2721),#2725);
#2721 = LINE('',#2722,#2723);
#2722 = CARTESIAN_POINT('',(-0.,0.));
#2723 = VECTOR('',#2724,1.);
#2724 = DIRECTION('',(-1.,-1.504632769053E-36));
#2725 = ( GEOMETRIC_REPRESENTATION_CONTEXT(2) 
PARAMETRIC_REPRESENTATION_CONTEXT() REPRESENTATION_CONTEXT('2D SPACE',''
  ) );
#2726 = PCURVE('',#1006,#2727);
#2727 = DEFINITIONAL_REPRESENTATION('',(#2728),#2732);
#2728 = LINE('',#2729,#2730);
#2729 = CARTESIAN_POINT('',(-8.54260961821E-02,-5.63527921301E-04));
#2730 = VECTOR('',#2731,1.);
#2731 = DIRECTION('',(1.745240643728E-02,0.999847695156));
#2732 = ( GEOMETRIC_REPRESENTATION_CONTEXT(2) 
PARAMETRIC_REPRESENTATION_CONTEXT() REPRESENTATION_CONTEXT('2D SPACE',''
  ) );
#2733 = ADVANCED_FACE('',(#2734),#1006,.T.);
#2734 = FACE_BOUND('',#2735,.T.);
#2735 = EDGE_LOOP('',(#2736,#2737,#2738,#2761));
#2736 = ORIENTED_EDGE('',*,*,#2713,.F.);
#2737 = ORIENTED_EDGE('',*,*,#990,.F.);
#2738 = ORIENTED_EDGE('',*,*,#2739,.T.);
#2739 = EDGE_CURVE('',#963,#2740,#2742,.T.);
#2740 = VERTEX_POINT('',#2741);
#2741 = CARTESIAN_POINT('',(1.5,12.249908603174,16.6));
#2742 = SURFACE_CURVE('',#2743,(#2747,#2754),.PCURVE_S1.);
#2743 = LINE('',#2744,#2745);
#2744 = CARTESIAN_POINT('',(1.5,12.239435564217,16.));
#2745 = VECTOR('',#2746,1.);
#2746 = DIRECTION('',(0.,1.74524064374E-02,0.999847695156));
#2747 = PCURVE('',#1006,#2748);
#2748 = DEFINITIONAL_REPRESENTATION('',(#2749),#2753);
#2749 = LINE('',#2750,#2751);
#2750 = CARTESIAN_POINT('',(-1.0473038957E-02,-0.6));
#2751 = VECTOR('',#2752,1.);
#2752 = DIRECTION('',(1.74524064374E-02,0.999847695156));
#2753 = ( GEOMETRIC_REPRESENTATION_CONTEXT(2) 
PARAMETRIC_REPRESENTATION_CONTEXT() REPRESENTATION_CONTEXT('2D SPACE',''
  ) );
#2754 = PCURVE('',#978,#2755);
#2755 = DEFINITIONAL_REPRESENTATION('',(#2756),#2760);
#2756 = LINE('',#2757,#2758);
#2757 = CARTESIAN_POINT('',(15.989435564217,14.35));
#2758 = VECTOR('',#2759,1.);
#2759 = DIRECTION('',(1.,0.));
#2760 = ( GEOMETRIC_REPRESENTATION_CONTEXT(2) 
PARAMETRIC_REPRESENTATION_CONTEXT() REPRESENTATION_CONTEXT('2D SPACE',''
  ) );
#2761 = ORIENTED_EDGE('',*,*,#2762,.T.);
#2762 = EDGE_CURVE('',#2740,#2689,#2763,.T.);
#2763 = SURFACE_CURVE('',#2764,(#2768,#2775),.PCURVE_S1.);
#2764 = LINE('',#2765,#2766);
#2765 = CARTESIAN_POINT('',(1.5,12.249908603174,16.6));
#2766 = VECTOR('',#2767,1.);
#2767 = DIRECTION('',(7.401486830834E-15,-1.,-0.));
#2768 = PCURVE('',#1006,#2769);
#2769 = DEFINITIONAL_REPRESENTATION('',(#2770),#2774);
#2770 = LINE('',#2771,#2772);
#2771 = CARTESIAN_POINT('',(0.,0.));
#2772 = VECTOR('',#2773,1.);
#2773 = DIRECTION('',(-1.,0.));
#2774 = ( GEOMETRIC_REPRESENTATION_CONTEXT(2) 
PARAMETRIC_REPRESENTATION_CONTEXT() REPRESENTATION_CONTEXT('2D SPACE',''
  ) );
#2775 = PCURVE('',#1725,#2776);
#2776 = DEFINITIONAL_REPRESENTATION('',(#2777),#2781);
#2777 = LINE('',#2778,#2779);
#2778 = CARTESIAN_POINT('',(1.5,12.249908603174));
#2779 = VECTOR('',#2780,1.);
#2780 = DIRECTION('',(7.401486830834E-15,-1.));
#2781 = ( GEOMETRIC_REPRESENTATION_CONTEXT(2) 
PARAMETRIC_REPRESENTATION_CONTEXT() REPRESENTATION_CONTEXT('2D SPACE',''
  ) );
#2782 = ADVANCED_FACE('',(#2783),#978,.F.);
#2783 = FACE_BOUND('',#2784,.T.);
#2784 = EDGE_LOOP('',(#2785,#2808,#2829,#2830));
#2785 = ORIENTED_EDGE('',*,*,#2786,.F.);
#2786 = EDGE_CURVE('',#2787,#911,#2789,.T.);
#2787 = VERTEX_POINT('',#2788);
#2788 = CARTESIAN_POINT('',(11.749984755595,12.249908603174,16.6));
#2789 = SURFACE_CURVE('',#2790,(#2794,#2801),.PCURVE_S1.);
#2790 = LINE('',#2791,#2792);
#2791 = CARTESIAN_POINT('',(11.749984755596,12.249908603174,16.6));
#2792 = VECTOR('',#2793,1.);
#2793 = DIRECTION('',(-1.74497491608E-02,-1.744974916068E-02,
    -0.999695459882));
#2794 = PCURVE('',#978,#2795);
#2795 = DEFINITIONAL_REPRESENTATION('',(#2796),#2800);
#2796 = LINE('',#2797,#2798);
#2797 = CARTESIAN_POINT('',(16.589526961043,24.599984755596));
#2798 = VECTOR('',#2799,1.);
#2799 = DIRECTION('',(-0.999847741536,-1.74497491608E-02));
#2800 = ( GEOMETRIC_REPRESENTATION_CONTEXT(2) 
PARAMETRIC_REPRESENTATION_CONTEXT() REPRESENTATION_CONTEXT('2D SPACE',''
  ) );
#2801 = PCURVE('',#928,#2802);
#2802 = DEFINITIONAL_REPRESENTATION('',(#2803),#2807);
#2803 = LINE('',#2804,#2805);
#2804 = CARTESIAN_POINT('',(1.5704917403,16.792035351773));
#2805 = VECTOR('',#2806,1.);
#2806 = DIRECTION('',(2.367754489971E-13,-1.));
#2807 = ( GEOMETRIC_REPRESENTATION_CONTEXT(2) 
PARAMETRIC_REPRESENTATION_CONTEXT() REPRESENTATION_CONTEXT('2D SPACE',''
  ) );
#2808 = ORIENTED_EDGE('',*,*,#2809,.F.);
#2809 = EDGE_CURVE('',#2740,#2787,#2810,.T.);
#2810 = SURFACE_CURVE('',#2811,(#2815,#2822),.PCURVE_S1.);
#2811 = LINE('',#2812,#2813);
#2812 = CARTESIAN_POINT('',(-12.85,12.249908603174,16.6));
#2813 = VECTOR('',#2814,1.);
#2814 = DIRECTION('',(1.,-0.,0.));
#2815 = PCURVE('',#978,#2816);
#2816 = DEFINITIONAL_REPRESENTATION('',(#2817),#2821);
#2817 = LINE('',#2818,#2819);
#2818 = CARTESIAN_POINT('',(16.589526961043,0.));
#2819 = VECTOR('',#2820,1.);
#2820 = DIRECTION('',(0.,1.));
#2821 = ( GEOMETRIC_REPRESENTATION_CONTEXT(2) 
PARAMETRIC_REPRESENTATION_CONTEXT() REPRESENTATION_CONTEXT('2D SPACE',''
  ) );
#2822 = PCURVE('',#1725,#2823);
#2823 = DEFINITIONAL_REPRESENTATION('',(#2824),#2828);
#2824 = LINE('',#2825,#2826);
#2825 = CARTESIAN_POINT('',(-12.85,12.249908603174));
#2826 = VECTOR('',#2827,1.);
#2827 = DIRECTION('',(1.,0.));
#2828 = ( GEOMETRIC_REPRESENTATION_CONTEXT(2) 
PARAMETRIC_REPRESENTATION_CONTEXT() REPRESENTATION_CONTEXT('2D SPACE',''
  ) );
#2829 = ORIENTED_EDGE('',*,*,#2739,.F.);
#2830 = ORIENTED_EDGE('',*,*,#962,.F.);
#2831 = ADVANCED_FACE('',(#2832),#928,.F.);
#2832 = FACE_BOUND('',#2833,.F.);
#2833 = EDGE_LOOP('',(#2834,#2835,#2836,#2883));
#2834 = ORIENTED_EDGE('',*,*,#910,.T.);
#2835 = ORIENTED_EDGE('',*,*,#2786,.F.);
#2836 = ORIENTED_EDGE('',*,*,#2837,.T.);
#2837 = EDGE_CURVE('',#2787,#2838,#2840,.T.);
#2838 = VERTEX_POINT('',#2839);
#2839 = CARTESIAN_POINT('',(12.249908603174,11.749984755595,16.6));
#2840 = SURFACE_CURVE('',#2841,(#2846,#2875),.PCURVE_S1.);
#2841 = ( BOUNDED_CURVE() B_SPLINE_CURVE(3,(#2842,#2843,#2844,#2845),
.UNSPECIFIED.,.F.,.F.) B_SPLINE_CURVE_WITH_KNOTS((4,4),(5.49793943703,
7.068431177329),.PIECEWISE_BEZIER_KNOTS.) CURVE() 
GEOMETRIC_REPRESENTATION_ITEM() RATIONAL_B_SPLINE_CURVE((1.,
0.804809640383,0.804809640383,1.)) REPRESENTATION_ITEM('') );
#2842 = CARTESIAN_POINT('',(11.749984755595,12.249908603174,16.6));
#2843 = CARTESIAN_POINT('',(12.042851835754,12.249908603174,16.6));
#2844 = CARTESIAN_POINT('',(12.249908603174,12.042851835754,16.6));
#2845 = CARTESIAN_POINT('',(12.249908603174,11.749984755595,16.6));
#2846 = PCURVE('',#928,#2847);
#2847 = DEFINITIONAL_REPRESENTATION('',(#2848),#2874);
#2848 = B_SPLINE_CURVE_WITH_KNOTS('',3,(#2849,#2850,#2851,#2852,#2853,
    #2854,#2855,#2856,#2857,#2858,#2859,#2860,#2861,#2862,#2863,#2864,
    #2865,#2866,#2867,#2868,#2869,#2870,#2871,#2872,#2873),
  .UNSPECIFIED.,.F.,.F.,(4,1,1,1,1,1,1,1,1,1,1,1,1,1,1,1,1,1,1,1,1,1,4),
  (5.49793943703,5.569325425225,5.640711413421,5.712097401616,
    5.783483389812,5.854869378007,5.926255366202,5.997641354398,
    6.069027342593,6.140413330789,6.211799318984,6.28318530718,
    6.354571295375,6.42595728357,6.497343271766,6.568729259961,
    6.640115248157,6.711501236352,6.782887224548,6.854273212743,
    6.925659200939,6.997045189134,7.068431177329),
  .QUASI_UNIFORM_KNOTS.);
#2849 = CARTESIAN_POINT('',(1.5704917403,16.792035351773));
#2850 = CARTESIAN_POINT('',(1.549069059008,16.79222228999));
#2851 = CARTESIAN_POINT('',(1.505647644779,16.792589178764));
#2852 = CARTESIAN_POINT('',(1.438880910478,16.793112465492));
#2853 = CARTESIAN_POINT('',(1.370565791651,16.793602656025));
#2854 = CARTESIAN_POINT('',(1.300814114151,16.794053582706));
#2855 = CARTESIAN_POINT('',(1.229754521202,16.794459197601));
#2856 = CARTESIAN_POINT('',(1.157534226471,16.794813728812));
#2857 = CARTESIAN_POINT('',(1.084317250318,16.795111872174));
#2858 = CARTESIAN_POINT('',(1.010282880046,16.795348975137));
#2859 = CARTESIAN_POINT('',(0.935623367441,16.79552121061));
#2860 = CARTESIAN_POINT('',(0.860541186951,16.795625726951));
#2861 = CARTESIAN_POINT('',(0.78524587015,16.795660764088));
#2862 = CARTESIAN_POINT('',(0.709950553349,16.795625726951));
#2863 = CARTESIAN_POINT('',(0.634868372859,16.79552121061));
#2864 = CARTESIAN_POINT('',(0.560208860254,16.795348975137));
#2865 = CARTESIAN_POINT('',(0.486174489982,16.795111872174));
#2866 = CARTESIAN_POINT('',(0.412957513829,16.794813728812));
#2867 = CARTESIAN_POINT('',(0.340737219098,16.794459197601));
#2868 = CARTESIAN_POINT('',(0.269677626149,16.794053582706));
#2869 = CARTESIAN_POINT('',(0.199925948648,16.793602656025));
#2870 = CARTESIAN_POINT('',(0.131610829821,16.793112465492));
#2871 = CARTESIAN_POINT('',(6.484409552056E-02,16.792589178764));
#2872 = CARTESIAN_POINT('',(2.142268129159E-02,16.792222289991));
#2873 = CARTESIAN_POINT('',(0.,16.792035351773));
#2874 = ( GEOMETRIC_REPRESENTATION_CONTEXT(2) 
PARAMETRIC_REPRESENTATION_CONTEXT() REPRESENTATION_CONTEXT('2D SPACE',''
  ) );
#2875 = PCURVE('',#1725,#2876);
#2876 = DEFINITIONAL_REPRESENTATION('',(#2877),#2882);
#2877 = ( BOUNDED_CURVE() B_SPLINE_CURVE(3,(#2878,#2879,#2880,#2881),
.UNSPECIFIED.,.F.,.F.) B_SPLINE_CURVE_WITH_KNOTS((4,4),(5.49793943703,
7.068431177329),.PIECEWISE_BEZIER_KNOTS.) CURVE() 
GEOMETRIC_REPRESENTATION_ITEM() RATIONAL_B_SPLINE_CURVE((1.,
0.804809640383,0.804809640383,1.)) REPRESENTATION_ITEM('') );
#2878 = CARTESIAN_POINT('',(11.749984755595,12.249908603174));
#2879 = CARTESIAN_POINT('',(12.042851835754,12.249908603174));
#2880 = CARTESIAN_POINT('',(12.249908603174,12.042851835754));
#2881 = CARTESIAN_POINT('',(12.249908603174,11.749984755595));
#2882 = ( GEOMETRIC_REPRESENTATION_CONTEXT(2) 
PARAMETRIC_REPRESENTATION_CONTEXT() REPRESENTATION_CONTEXT('2D SPACE',''
  ) );
#2883 = ORIENTED_EDGE('',*,*,#2884,.T.);
#2884 = EDGE_CURVE('',#2838,#883,#2885,.T.);
#2885 = SURFACE_CURVE('',#2886,(#2890,#2897),.PCURVE_S1.);
#2886 = LINE('',#2887,#2888);
#2887 = CARTESIAN_POINT('',(11.956891798388,11.45696795081,
    -0.186921503344));
#2888 = VECTOR('',#2889,1.);
#2889 = DIRECTION('',(-1.744974916068E-02,-1.744974916068E-02,
    -0.999695459882));
#2890 = PCURVE('',#928,#2891);
#2891 = DEFINITIONAL_REPRESENTATION('',(#2892),#2896);
#2892 = LINE('',#2893,#2894);
#2893 = CARTESIAN_POINT('',(0.,0.));
#2894 = VECTOR('',#2895,1.);
#2895 = DIRECTION('',(0.,-1.));
#2896 = ( GEOMETRIC_REPRESENTATION_CONTEXT(2) 
PARAMETRIC_REPRESENTATION_CONTEXT() REPRESENTATION_CONTEXT('2D SPACE',''
  ) );
#2897 = PCURVE('',#898,#2898);
#2898 = DEFINITIONAL_REPRESENTATION('',(#2899),#2903);
#2899 = LINE('',#2900,#2901);
#2900 = CARTESIAN_POINT('',(0.199951661216,-1.39303204919));
#2901 = VECTOR('',#2902,1.);
#2902 = DIRECTION('',(0.999847741536,-1.744974916068E-02));
#2903 = ( GEOMETRIC_REPRESENTATION_CONTEXT(2) 
PARAMETRIC_REPRESENTATION_CONTEXT() REPRESENTATION_CONTEXT('2D SPACE',''
  ) );
#2904 = ADVANCED_FACE('',(#2905),#898,.F.);
#2905 = FACE_BOUND('',#2906,.T.);
#2906 = EDGE_LOOP('',(#2907,#2930,#2951,#2952));
#2907 = ORIENTED_EDGE('',*,*,#2908,.F.);
#2908 = EDGE_CURVE('',#2909,#855,#2911,.T.);
#2909 = VERTEX_POINT('',#2910);
#2910 = CARTESIAN_POINT('',(12.249908603174,1.5,16.6));
#2911 = SURFACE_CURVE('',#2912,(#2916,#2923),.PCURVE_S1.);
#2912 = LINE('',#2913,#2914);
#2913 = CARTESIAN_POINT('',(11.960381436047,1.5,1.299970426627E-02));
#2914 = VECTOR('',#2915,1.);
#2915 = DIRECTION('',(-1.745240643728E-02,0.,-0.999847695156));
#2916 = PCURVE('',#898,#2917);
#2917 = DEFINITIONAL_REPRESENTATION('',(#2918),#2922);
#2918 = LINE('',#2919,#2920);
#2919 = CARTESIAN_POINT('',(-0.,-11.35));
#2920 = VECTOR('',#2921,1.);
#2921 = DIRECTION('',(1.,0.));
#2922 = ( GEOMETRIC_REPRESENTATION_CONTEXT(2) 
PARAMETRIC_REPRESENTATION_CONTEXT() REPRESENTATION_CONTEXT('2D SPACE',''
  ) );
#2923 = PCURVE('',#870,#2924);
#2924 = DEFINITIONAL_REPRESENTATION('',(#2925),#2929);
#2925 = LINE('',#2926,#2927);
#2926 = CARTESIAN_POINT('',(-16.58700029573,-0.139527167126));
#2927 = VECTOR('',#2928,1.);
#2928 = DIRECTION('',(-0.999847695156,-1.745240643728E-02));
#2929 = ( GEOMETRIC_REPRESENTATION_CONTEXT(2) 
PARAMETRIC_REPRESENTATION_CONTEXT() REPRESENTATION_CONTEXT('2D SPACE',''
  ) );
#2930 = ORIENTED_EDGE('',*,*,#2931,.F.);
#2931 = EDGE_CURVE('',#2838,#2909,#2932,.T.);
#2932 = SURFACE_CURVE('',#2933,(#2937,#2944),.PCURVE_S1.);
#2933 = LINE('',#2934,#2935);
#2934 = CARTESIAN_POINT('',(12.249908603174,12.85,16.6));
#2935 = VECTOR('',#2936,1.);
#2936 = DIRECTION('',(-0.,-1.,-0.));
#2937 = PCURVE('',#898,#2938);
#2938 = DEFINITIONAL_REPRESENTATION('',(#2939),#2943);
#2939 = LINE('',#2940,#2941);
#2940 = CARTESIAN_POINT('',(-16.58952696104,0.));
#2941 = VECTOR('',#2942,1.);
#2942 = DIRECTION('',(0.,-1.));
#2943 = ( GEOMETRIC_REPRESENTATION_CONTEXT(2) 
PARAMETRIC_REPRESENTATION_CONTEXT() REPRESENTATION_CONTEXT('2D SPACE',''
  ) );
#2944 = PCURVE('',#1725,#2945);
#2945 = DEFINITIONAL_REPRESENTATION('',(#2946),#2950);
#2946 = LINE('',#2947,#2948);
#2947 = CARTESIAN_POINT('',(12.249908603174,12.85));
#2948 = VECTOR('',#2949,1.);
#2949 = DIRECTION('',(0.,-1.));
#2950 = ( GEOMETRIC_REPRESENTATION_CONTEXT(2) 
PARAMETRIC_REPRESENTATION_CONTEXT() REPRESENTATION_CONTEXT('2D SPACE',''
  ) );
#2951 = ORIENTED_EDGE('',*,*,#2884,.T.);
#2952 = ORIENTED_EDGE('',*,*,#882,.F.);
#2953 = ADVANCED_FACE('',(#2954),#870,.T.);
#2954 = FACE_BOUND('',#2955,.T.);
#2955 = EDGE_LOOP('',(#2956,#2957,#2978,#2979));
#2956 = ORIENTED_EDGE('',*,*,#1737,.F.);
#2957 = ORIENTED_EDGE('',*,*,#2958,.T.);
#2958 = EDGE_CURVE('',#1710,#2909,#2959,.T.);
#2959 = SURFACE_CURVE('',#2960,(#2964,#2971),.PCURVE_S1.);
#2960 = LINE('',#2961,#2962);
#2961 = CARTESIAN_POINT('',(12.099908603174,1.5,16.6));
#2962 = VECTOR('',#2963,1.);
#2963 = DIRECTION('',(1.,0.,0.));
#2964 = PCURVE('',#870,#2965);
#2965 = DEFINITIONAL_REPRESENTATION('',(#2966),#2970);
#2966 = LINE('',#2967,#2968);
#2967 = CARTESIAN_POINT('',(0.,0.));
#2968 = VECTOR('',#2969,1.);
#2969 = DIRECTION('',(0.,1.));
#2970 = ( GEOMETRIC_REPRESENTATION_CONTEXT(2) 
PARAMETRIC_REPRESENTATION_CONTEXT() REPRESENTATION_CONTEXT('2D SPACE',''
  ) );
#2971 = PCURVE('',#1725,#2972);
#2972 = DEFINITIONAL_REPRESENTATION('',(#2973),#2977);
#2973 = LINE('',#2974,#2975);
#2974 = CARTESIAN_POINT('',(12.099908603174,1.5));
#2975 = VECTOR('',#2976,1.);
#2976 = DIRECTION('',(1.,0.));
#2977 = ( GEOMETRIC_REPRESENTATION_CONTEXT(2) 
PARAMETRIC_REPRESENTATION_CONTEXT() REPRESENTATION_CONTEXT('2D SPACE',''
  ) );
#2978 = ORIENTED_EDGE('',*,*,#2908,.T.);
#2979 = ORIENTED_EDGE('',*,*,#854,.F.);
#2980 = ADVANCED_FACE('',(#2981),#151,.F.);
#2981 = FACE_BOUND('',#2982,.T.);
#2982 = EDGE_LOOP('',(#2983,#2984));
#2983 = ORIENTED_EDGE('',*,*,#1570,.F.);
#2984 = ORIENTED_EDGE('',*,*,#134,.F.);
#2985 = ADVANCED_FACE('',(#2986),#267,.F.);
#2986 = FACE_BOUND('',#2987,.T.);
#2987 = EDGE_LOOP('',(#2988,#2989));
#2988 = ORIENTED_EDGE('',*,*,#1598,.F.);
#2989 = ORIENTED_EDGE('',*,*,#250,.F.);
#2990 = ADVANCED_FACE('',(#2991),#383,.F.);
#2991 = FACE_BOUND('',#2992,.T.);
#2992 = EDGE_LOOP('',(#2993,#2994));
#2993 = ORIENTED_EDGE('',*,*,#1626,.F.);
#2994 = ORIENTED_EDGE('',*,*,#366,.F.);
#2995 = ADVANCED_FACE('',(#2996),#499,.F.);
#2996 = FACE_BOUND('',#2997,.T.);
#2997 = EDGE_LOOP('',(#2998,#2999));
#2998 = ORIENTED_EDGE('',*,*,#1654,.F.);
#2999 = ORIENTED_EDGE('',*,*,#482,.F.);
#3000 = ADVANCED_FACE('',(#3001),#615,.F.);
#3001 = FACE_BOUND('',#3002,.T.);
#3002 = EDGE_LOOP('',(#3003,#3004));
#3003 = ORIENTED_EDGE('',*,*,#1682,.F.);
#3004 = ORIENTED_EDGE('',*,*,#598,.F.);
#3005 = ADVANCED_FACE('',(#3006,#3032),#1725,.T.);
#3006 = FACE_BOUND('',#3007,.T.);
#3007 = EDGE_LOOP('',(#3008,#3009,#3010,#3011,#3012,#3013,#3014,#3015,
    #3016,#3017,#3018,#3019,#3020,#3021,#3022,#3023,#3024,#3025,#3026,
    #3027,#3028,#3029,#3030,#3031));
#3008 = ORIENTED_EDGE('',*,*,#2809,.T.);
#3009 = ORIENTED_EDGE('',*,*,#2837,.T.);
#3010 = ORIENTED_EDGE('',*,*,#2931,.T.);
#3011 = ORIENTED_EDGE('',*,*,#2958,.F.);
#3012 = ORIENTED_EDGE('',*,*,#1707,.F.);
#3013 = ORIENTED_EDGE('',*,*,#1808,.F.);
#3014 = ORIENTED_EDGE('',*,*,#1855,.T.);
#3015 = ORIENTED_EDGE('',*,*,#1883,.T.);
#3016 = ORIENTED_EDGE('',*,*,#1977,.T.);
#3017 = ORIENTED_EDGE('',*,*,#2026,.F.);
#3018 = ORIENTED_EDGE('',*,*,#2052,.F.);
#3019 = ORIENTED_EDGE('',*,*,#2126,.F.);
#3020 = ORIENTED_EDGE('',*,*,#2173,.T.);
#3021 = ORIENTED_EDGE('',*,*,#2201,.T.);
#3022 = ORIENTED_EDGE('',*,*,#2295,.T.);
#3023 = ORIENTED_EDGE('',*,*,#2344,.F.);
#3024 = ORIENTED_EDGE('',*,*,#2370,.F.);
#3025 = ORIENTED_EDGE('',*,*,#2444,.F.);
#3026 = ORIENTED_EDGE('',*,*,#2491,.T.);
#3027 = ORIENTED_EDGE('',*,*,#2519,.T.);
#3028 = ORIENTED_EDGE('',*,*,#2613,.T.);
#3029 = ORIENTED_EDGE('',*,*,#2662,.F.);
#3030 = ORIENTED_EDGE('',*,*,#2688,.F.);
#3031 = ORIENTED_EDGE('',*,*,#2762,.F.);
#3032 = FACE_BOUND('',#3033,.T.);
#3033 = EDGE_LOOP('',(#3034,#3088,#3116,#3168,#3196,#3248,#3276,#3328));
#3034 = ORIENTED_EDGE('',*,*,#3035,.F.);
#3035 = EDGE_CURVE('',#3036,#3038,#3040,.T.);
#3036 = VERTEX_POINT('',#3037);
#3037 = CARTESIAN_POINT('',(12.85,-12.35007615242,16.6));
#3038 = VERTEX_POINT('',#3039);
#3039 = CARTESIAN_POINT('',(12.350076152422,-12.85,16.6));
#3040 = SURFACE_CURVE('',#3041,(#3046,#3054),.PCURVE_S1.);
#3041 = ( BOUNDED_CURVE() B_SPLINE_CURVE(3,(#3042,#3043,#3044,#3045),
.UNSPECIFIED.,.F.,.F.) B_SPLINE_CURVE_WITH_KNOTS((4,4),(5.49793943703,
7.068431177329),.PIECEWISE_BEZIER_KNOTS.) CURVE() 
GEOMETRIC_REPRESENTATION_ITEM() RATIONAL_B_SPLINE_CURVE((1.,
0.804809640383,0.804809640383,1.)) REPRESENTATION_ITEM('') );
#3042 = CARTESIAN_POINT('',(12.85,-12.35007615242,16.6));
#3043 = CARTESIAN_POINT('',(12.85,-12.64294323258,16.6));
#3044 = CARTESIAN_POINT('',(12.64294323258,-12.85,16.6));
#3045 = CARTESIAN_POINT('',(12.350076152422,-12.85,16.6));
#3046 = PCURVE('',#1725,#3047);
#3047 = DEFINITIONAL_REPRESENTATION('',(#3048),#3053);
#3048 = ( BOUNDED_CURVE() B_SPLINE_CURVE(3,(#3049,#3050,#3051,#3052),
.UNSPECIFIED.,.F.,.F.) B_SPLINE_CURVE_WITH_KNOTS((4,4),(5.49793943703,
7.068431177329),.PIECEWISE_BEZIER_KNOTS.) CURVE() 
GEOMETRIC_REPRESENTATION_ITEM() RATIONAL_B_SPLINE_CURVE((1.,
0.804809640383,0.804809640383,1.)) REPRESENTATION_ITEM('') );
#3049 = CARTESIAN_POINT('',(12.85,-12.35007615242));
#3050 = CARTESIAN_POINT('',(12.85,-12.64294323258));
#3051 = CARTESIAN_POINT('',(12.64294323258,-12.85));
#3052 = CARTESIAN_POINT('',(12.350076152422,-12.85));
#3053 = ( GEOMETRIC_REPRESENTATION_CONTEXT(2) 
PARAMETRIC_REPRESENTATION_CONTEXT() REPRESENTATION_CONTEXT('2D SPACE',''
  ) );
#3054 = PCURVE('',#3055,#3060);
#3055 = CYLINDRICAL_SURFACE('',#3056,0.5);
#3056 = AXIS2_PLACEMENT_3D('',#3057,#3058,#3059);
#3057 = CARTESIAN_POINT('',(12.056693899482,-12.05669389948,
    -0.199131810871));
#3058 = DIRECTION('',(1.744974916068E-02,-1.744974916068E-02,
    0.999695459882));
#3059 = DIRECTION('',(0.999847695156,6.505213034913E-19,
    -1.745240643728E-02));
#3060 = DEFINITIONAL_REPRESENTATION('',(#3061),#3087);
#3061 = B_SPLINE_CURVE_WITH_KNOTS('',3,(#3062,#3063,#3064,#3065,#3066,
    #3067,#3068,#3069,#3070,#3071,#3072,#3073,#3074,#3075,#3076,#3077,
    #3078,#3079,#3080,#3081,#3082,#3083,#3084,#3085,#3086),
  .UNSPECIFIED.,.F.,.F.,(4,1,1,1,1,1,1,1,1,1,1,1,1,1,1,1,1,1,1,1,1,1,4),
  (5.49793943703,5.569325425225,5.640711413421,5.712097401616,
    5.783483389811,5.854869378007,5.926255366202,5.997641354398,
    6.069027342593,6.140413330789,6.211799318984,6.28318530718,
    6.354571295375,6.42595728357,6.497343271766,6.568729259961,
    6.640115248157,6.711501236352,6.782887224548,6.854273212743,
    6.925659200939,6.997045189134,7.068431177329),
  .QUASI_UNIFORM_KNOTS.);
#3062 = CARTESIAN_POINT('',(6.28318530718,16.812978240469));
#3063 = CARTESIAN_POINT('',(6.261762625888,16.813165178687));
#3064 = CARTESIAN_POINT('',(6.218341211659,16.81353206746));
#3065 = CARTESIAN_POINT('',(6.151574477358,16.814055354188));
#3066 = CARTESIAN_POINT('',(6.083259358531,16.814545544721));
#3067 = CARTESIAN_POINT('',(6.01350768103,16.814996471402));
#3068 = CARTESIAN_POINT('',(5.942448088082,16.815402086297));
#3069 = CARTESIAN_POINT('',(5.870227793351,16.815756617508));
#3070 = CARTESIAN_POINT('',(5.797010817198,16.816054760871));
#3071 = CARTESIAN_POINT('',(5.722976446926,16.816291863833));
#3072 = CARTESIAN_POINT('',(5.648316934321,16.816464099306));
#3073 = CARTESIAN_POINT('',(5.573234753831,16.816568615647));
#3074 = CARTESIAN_POINT('',(5.49793943703,16.816603652785));
#3075 = CARTESIAN_POINT('',(5.422644120229,16.816568615647));
#3076 = CARTESIAN_POINT('',(5.347561939738,16.816464099306));
#3077 = CARTESIAN_POINT('',(5.272902427133,16.816291863833));
#3078 = CARTESIAN_POINT('',(5.198868056862,16.816054760871));
#3079 = CARTESIAN_POINT('',(5.125651080708,16.815756617508));
#3080 = CARTESIAN_POINT('',(5.053430785978,16.815402086297));
#3081 = CARTESIAN_POINT('',(4.982371193029,16.814996471402));
#3082 = CARTESIAN_POINT('',(4.912619515528,16.814545544721));
#3083 = CARTESIAN_POINT('',(4.844304396701,16.814055354188));
#3084 = CARTESIAN_POINT('',(4.7775376624,16.81353206746));
#3085 = CARTESIAN_POINT('',(4.734116248171,16.813165178687));
#3086 = CARTESIAN_POINT('',(4.71269356688,16.812978240469));
#3087 = ( GEOMETRIC_REPRESENTATION_CONTEXT(2) 
PARAMETRIC_REPRESENTATION_CONTEXT() REPRESENTATION_CONTEXT('2D SPACE',''
  ) );
#3088 = ORIENTED_EDGE('',*,*,#3089,.T.);
#3089 = EDGE_CURVE('',#3036,#3090,#3092,.T.);
#3090 = VERTEX_POINT('',#3091);
#3091 = CARTESIAN_POINT('',(12.85,12.350076152422,16.6));
#3092 = SURFACE_CURVE('',#3093,(#3097,#3104),.PCURVE_S1.);
#3093 = LINE('',#3094,#3095);
#3094 = CARTESIAN_POINT('',(12.85,2.0185873175E-16,16.6));
#3095 = VECTOR('',#3096,1.);
#3096 = DIRECTION('',(-0.,1.,0.));
#3097 = PCURVE('',#1725,#3098);
#3098 = DEFINITIONAL_REPRESENTATION('',(#3099),#3103);
#3099 = LINE('',#3100,#3101);
#3100 = CARTESIAN_POINT('',(12.85,0.));
#3101 = VECTOR('',#3102,1.);
#3102 = DIRECTION('',(0.,1.));
#3103 = ( GEOMETRIC_REPRESENTATION_CONTEXT(2) 
PARAMETRIC_REPRESENTATION_CONTEXT() REPRESENTATION_CONTEXT('2D SPACE',''
  ) );
#3104 = PCURVE('',#3105,#3110);
#3105 = PLANE('',#3106);
#3106 = AXIS2_PLACEMENT_3D('',#3107,#3108,#3109);
#3107 = CARTESIAN_POINT('',(12.560290053141,12.85,2.528260403905E-03));
#3108 = DIRECTION('',(0.999847695156,0.,-1.745240643728E-02));
#3109 = DIRECTION('',(-1.745240643728E-02,0.,-0.999847695156));
#3110 = DEFINITIONAL_REPRESENTATION('',(#3111),#3115);
#3111 = LINE('',#3112,#3113);
#3112 = CARTESIAN_POINT('',(-16.6,-12.85));
#3113 = VECTOR('',#3114,1.);
#3114 = DIRECTION('',(0.,1.));
#3115 = ( GEOMETRIC_REPRESENTATION_CONTEXT(2) 
PARAMETRIC_REPRESENTATION_CONTEXT() REPRESENTATION_CONTEXT('2D SPACE',''
  ) );
#3116 = ORIENTED_EDGE('',*,*,#3117,.F.);
#3117 = EDGE_CURVE('',#3118,#3090,#3120,.T.);
#3118 = VERTEX_POINT('',#3119);
#3119 = CARTESIAN_POINT('',(12.350076152422,12.85,16.6));
#3120 = SURFACE_CURVE('',#3121,(#3126,#3134),.PCURVE_S1.);
#3121 = ( BOUNDED_CURVE() B_SPLINE_CURVE(3,(#3122,#3123,#3124,#3125),
.UNSPECIFIED.,.F.,.F.) B_SPLINE_CURVE_WITH_KNOTS((4,4),(5.49793943703,
7.068431177329),.PIECEWISE_BEZIER_KNOTS.) CURVE() 
GEOMETRIC_REPRESENTATION_ITEM() RATIONAL_B_SPLINE_CURVE((1.,
0.804809640383,0.804809640383,1.)) REPRESENTATION_ITEM('') );
#3122 = CARTESIAN_POINT('',(12.350076152422,12.85,16.6));
#3123 = CARTESIAN_POINT('',(12.64294323258,12.85,16.6));
#3124 = CARTESIAN_POINT('',(12.85,12.64294323258,16.6));
#3125 = CARTESIAN_POINT('',(12.85,12.350076152422,16.6));
#3126 = PCURVE('',#1725,#3127);
#3127 = DEFINITIONAL_REPRESENTATION('',(#3128),#3133);
#3128 = ( BOUNDED_CURVE() B_SPLINE_CURVE(3,(#3129,#3130,#3131,#3132),
.UNSPECIFIED.,.F.,.F.) B_SPLINE_CURVE_WITH_KNOTS((4,4),(5.49793943703,
7.068431177329),.PIECEWISE_BEZIER_KNOTS.) CURVE() 
GEOMETRIC_REPRESENTATION_ITEM() RATIONAL_B_SPLINE_CURVE((1.,
0.804809640383,0.804809640383,1.)) REPRESENTATION_ITEM('') );
#3129 = CARTESIAN_POINT('',(12.350076152422,12.85));
#3130 = CARTESIAN_POINT('',(12.64294323258,12.85));
#3131 = CARTESIAN_POINT('',(12.85,12.64294323258));
#3132 = CARTESIAN_POINT('',(12.85,12.350076152422));
#3133 = ( GEOMETRIC_REPRESENTATION_CONTEXT(2) 
PARAMETRIC_REPRESENTATION_CONTEXT() REPRESENTATION_CONTEXT('2D SPACE',''
  ) );
#3134 = PCURVE('',#3135,#3140);
#3135 = CYLINDRICAL_SURFACE('',#3136,0.5);
#3136 = AXIS2_PLACEMENT_3D('',#3137,#3138,#3139);
#3137 = CARTESIAN_POINT('',(12.056693899482,12.056693899482,
    -0.199131810871));
#3138 = DIRECTION('',(1.744974916068E-02,1.744974916068E-02,
    0.999695459882));
#3139 = DIRECTION('',(0.999847695156,-6.505213034913E-19,
    -1.745240643728E-02));
#3140 = DEFINITIONAL_REPRESENTATION('',(#3141),#3167);
#3141 = B_SPLINE_CURVE_WITH_KNOTS('',3,(#3142,#3143,#3144,#3145,#3146,
    #3147,#3148,#3149,#3150,#3151,#3152,#3153,#3154,#3155,#3156,#3157,
    #3158,#3159,#3160,#3161,#3162,#3163,#3164,#3165,#3166),
  .UNSPECIFIED.,.F.,.F.,(4,1,1,1,1,1,1,1,1,1,1,1,1,1,1,1,1,1,1,1,1,1,4),
  (5.49793943703,5.569325425225,5.640711413421,5.712097401616,
    5.783483389811,5.854869378007,5.926255366202,5.997641354398,
    6.069027342593,6.140413330789,6.211799318984,6.28318530718,
    6.354571295375,6.42595728357,6.497343271766,6.568729259961,
    6.640115248157,6.711501236352,6.782887224548,6.854273212743,
    6.925659200939,6.997045189134,7.068431177329),
  .QUASI_UNIFORM_KNOTS.);
#3142 = CARTESIAN_POINT('',(1.5704917403,16.812978240469));
#3143 = CARTESIAN_POINT('',(1.549069059008,16.813165178687));
#3144 = CARTESIAN_POINT('',(1.505647644779,16.81353206746));
#3145 = CARTESIAN_POINT('',(1.438880910478,16.814055354188));
#3146 = CARTESIAN_POINT('',(1.370565791651,16.814545544721));
#3147 = CARTESIAN_POINT('',(1.300814114151,16.814996471402));
#3148 = CARTESIAN_POINT('',(1.229754521202,16.815402086297));
#3149 = CARTESIAN_POINT('',(1.157534226471,16.815756617508));
#3150 = CARTESIAN_POINT('',(1.084317250318,16.816054760871));
#3151 = CARTESIAN_POINT('',(1.010282880046,16.816291863833));
#3152 = CARTESIAN_POINT('',(0.935623367441,16.816464099306));
#3153 = CARTESIAN_POINT('',(0.860541186951,16.816568615647));
#3154 = CARTESIAN_POINT('',(0.78524587015,16.816603652785));
#3155 = CARTESIAN_POINT('',(0.709950553349,16.816568615647));
#3156 = CARTESIAN_POINT('',(0.634868372859,16.816464099306));
#3157 = CARTESIAN_POINT('',(0.560208860254,16.816291863833));
#3158 = CARTESIAN_POINT('',(0.486174489982,16.816054760871));
#3159 = CARTESIAN_POINT('',(0.412957513829,16.815756617508));
#3160 = CARTESIAN_POINT('',(0.340737219098,16.815402086297));
#3161 = CARTESIAN_POINT('',(0.269677626149,16.814996471402));
#3162 = CARTESIAN_POINT('',(0.199925948648,16.814545544721));
#3163 = CARTESIAN_POINT('',(0.131610829821,16.814055354188));
#3164 = CARTESIAN_POINT('',(6.484409552055E-02,16.81353206746));
#3165 = CARTESIAN_POINT('',(2.142268129159E-02,16.813165178687));
#3166 = CARTESIAN_POINT('',(0.,16.812978240469));
#3167 = ( GEOMETRIC_REPRESENTATION_CONTEXT(2) 
PARAMETRIC_REPRESENTATION_CONTEXT() REPRESENTATION_CONTEXT('2D SPACE',''
  ) );
#3168 = ORIENTED_EDGE('',*,*,#3169,.T.);
#3169 = EDGE_CURVE('',#3118,#3170,#3172,.T.);
#3170 = VERTEX_POINT('',#3171);
#3171 = CARTESIAN_POINT('',(-12.35007615242,12.85,16.6));
#3172 = SURFACE_CURVE('',#3173,(#3177,#3184),.PCURVE_S1.);
#3173 = LINE('',#3174,#3175);
#3174 = CARTESIAN_POINT('',(0.,12.85,16.6));
#3175 = VECTOR('',#3176,1.);
#3176 = DIRECTION('',(-1.,-0.,0.));
#3177 = PCURVE('',#1725,#3178);
#3178 = DEFINITIONAL_REPRESENTATION('',(#3179),#3183);
#3179 = LINE('',#3180,#3181);
#3180 = CARTESIAN_POINT('',(0.,12.85));
#3181 = VECTOR('',#3182,1.);
#3182 = DIRECTION('',(-1.,0.));
#3183 = ( GEOMETRIC_REPRESENTATION_CONTEXT(2) 
PARAMETRIC_REPRESENTATION_CONTEXT() REPRESENTATION_CONTEXT('2D SPACE',''
  ) );
#3184 = PCURVE('',#3185,#3190);
#3185 = PLANE('',#3186);
#3186 = AXIS2_PLACEMENT_3D('',#3187,#3188,#3189);
#3187 = CARTESIAN_POINT('',(-12.85,12.560290053141,2.528260403905E-03));
#3188 = DIRECTION('',(0.,0.999847695156,-1.745240643728E-02));
#3189 = DIRECTION('',(0.,1.745240643728E-02,0.999847695156));
#3190 = DEFINITIONAL_REPRESENTATION('',(#3191),#3195);
#3191 = LINE('',#3192,#3193);
#3192 = CARTESIAN_POINT('',(16.6,12.85));
#3193 = VECTOR('',#3194,1.);
#3194 = DIRECTION('',(0.,-1.));
#3195 = ( GEOMETRIC_REPRESENTATION_CONTEXT(2) 
PARAMETRIC_REPRESENTATION_CONTEXT() REPRESENTATION_CONTEXT('2D SPACE',''
  ) );
#3196 = ORIENTED_EDGE('',*,*,#3197,.F.);
#3197 = EDGE_CURVE('',#3198,#3170,#3200,.T.);
#3198 = VERTEX_POINT('',#3199);
#3199 = CARTESIAN_POINT('',(-12.85,12.350076152422,16.6));
#3200 = SURFACE_CURVE('',#3201,(#3206,#3214),.PCURVE_S1.);
#3201 = ( BOUNDED_CURVE() B_SPLINE_CURVE(3,(#3202,#3203,#3204,#3205),
.UNSPECIFIED.,.F.,.F.) B_SPLINE_CURVE_WITH_KNOTS((4,4),(5.49793943703,
7.068431177329),.PIECEWISE_BEZIER_KNOTS.) CURVE() 
GEOMETRIC_REPRESENTATION_ITEM() RATIONAL_B_SPLINE_CURVE((1.,
0.804809640383,0.804809640383,1.)) REPRESENTATION_ITEM('') );
#3202 = CARTESIAN_POINT('',(-12.85,12.350076152422,16.6));
#3203 = CARTESIAN_POINT('',(-12.85,12.64294323258,16.6));
#3204 = CARTESIAN_POINT('',(-12.64294323258,12.85,16.6));
#3205 = CARTESIAN_POINT('',(-12.35007615242,12.85,16.6));
#3206 = PCURVE('',#1725,#3207);
#3207 = DEFINITIONAL_REPRESENTATION('',(#3208),#3213);
#3208 = ( BOUNDED_CURVE() B_SPLINE_CURVE(3,(#3209,#3210,#3211,#3212),
.UNSPECIFIED.,.F.,.F.) B_SPLINE_CURVE_WITH_KNOTS((4,4),(5.49793943703,
7.068431177329),.PIECEWISE_BEZIER_KNOTS.) CURVE() 
GEOMETRIC_REPRESENTATION_ITEM() RATIONAL_B_SPLINE_CURVE((1.,
0.804809640383,0.804809640383,1.)) REPRESENTATION_ITEM('') );
#3209 = CARTESIAN_POINT('',(-12.85,12.350076152422));
#3210 = CARTESIAN_POINT('',(-12.85,12.64294323258));
#3211 = CARTESIAN_POINT('',(-12.64294323258,12.85));
#3212 = CARTESIAN_POINT('',(-12.35007615242,12.85));
#3213 = ( GEOMETRIC_REPRESENTATION_CONTEXT(2) 
PARAMETRIC_REPRESENTATION_CONTEXT() REPRESENTATION_CONTEXT('2D SPACE',''
  ) );
#3214 = PCURVE('',#3215,#3220);
#3215 = CYLINDRICAL_SURFACE('',#3216,0.5);
#3216 = AXIS2_PLACEMENT_3D('',#3217,#3218,#3219);
#3217 = CARTESIAN_POINT('',(-12.05669389948,12.056693899482,
    -0.199131810871));
#3218 = DIRECTION('',(-1.744974916068E-02,1.744974916068E-02,
    0.999695459882));
#3219 = DIRECTION('',(0.999847695156,6.505213034913E-19,
    1.745240643728E-02));
#3220 = DEFINITIONAL_REPRESENTATION('',(#3221),#3247);
#3221 = B_SPLINE_CURVE_WITH_KNOTS('',3,(#3222,#3223,#3224,#3225,#3226,
    #3227,#3228,#3229,#3230,#3231,#3232,#3233,#3234,#3235,#3236,#3237,
    #3238,#3239,#3240,#3241,#3242,#3243,#3244,#3245,#3246),
  .UNSPECIFIED.,.F.,.F.,(4,1,1,1,1,1,1,1,1,1,1,1,1,1,1,1,1,1,1,1,1,1,4),
  (5.49793943703,5.569325425225,5.640711413421,5.712097401616,
    5.783483389811,5.854869378007,5.926255366202,5.997641354398,
    6.069027342593,6.140413330789,6.211799318984,6.28318530718,
    6.354571295375,6.42595728357,6.497343271766,6.568729259961,
    6.640115248157,6.711501236352,6.782887224548,6.854273212743,
    6.925659200939,6.997045189134,7.068431177329),
  .QUASI_UNIFORM_KNOTS.);
#3222 = CARTESIAN_POINT('',(3.14159265359,16.812978240469));
#3223 = CARTESIAN_POINT('',(3.120169972298,16.813165178687));
#3224 = CARTESIAN_POINT('',(3.076748558069,16.81353206746));
#3225 = CARTESIAN_POINT('',(3.009981823768,16.814055354188));
#3226 = CARTESIAN_POINT('',(2.941666704941,16.814545544721));
#3227 = CARTESIAN_POINT('',(2.871915027441,16.814996471402));
#3228 = CARTESIAN_POINT('',(2.800855434492,16.815402086297));
#3229 = CARTESIAN_POINT('',(2.728635139761,16.815756617508));
#3230 = CARTESIAN_POINT('',(2.655418163608,16.816054760871));
#3231 = CARTESIAN_POINT('',(2.581383793336,16.816291863833));
#3232 = CARTESIAN_POINT('',(2.506724280731,16.816464099306));
#3233 = CARTESIAN_POINT('',(2.431642100241,16.816568615647));
#3234 = CARTESIAN_POINT('',(2.35634678344,16.816603652785));
#3235 = CARTESIAN_POINT('',(2.281051466639,16.816568615647));
#3236 = CARTESIAN_POINT('',(2.205969286149,16.816464099306));
#3237 = CARTESIAN_POINT('',(2.131309773544,16.816291863833));
#3238 = CARTESIAN_POINT('',(2.057275403272,16.816054760871));
#3239 = CARTESIAN_POINT('',(1.984058427119,16.815756617508));
#3240 = CARTESIAN_POINT('',(1.911838132388,16.815402086297));
#3241 = CARTESIAN_POINT('',(1.840778539439,16.814996471402));
#3242 = CARTESIAN_POINT('',(1.771026861939,16.814545544721));
#3243 = CARTESIAN_POINT('',(1.702711743111,16.814055354188));
#3244 = CARTESIAN_POINT('',(1.635945008811,16.81353206746));
#3245 = CARTESIAN_POINT('',(1.592523594582,16.813165178687));
#3246 = CARTESIAN_POINT('',(1.57110091329,16.812978240469));
#3247 = ( GEOMETRIC_REPRESENTATION_CONTEXT(2) 
PARAMETRIC_REPRESENTATION_CONTEXT() REPRESENTATION_CONTEXT('2D SPACE',''
  ) );
#3248 = ORIENTED_EDGE('',*,*,#3249,.T.);
#3249 = EDGE_CURVE('',#3198,#3250,#3252,.T.);
#3250 = VERTEX_POINT('',#3251);
#3251 = CARTESIAN_POINT('',(-12.85,-12.35007615242,16.6));
#3252 = SURFACE_CURVE('',#3253,(#3257,#3264),.PCURVE_S1.);
#3253 = LINE('',#3254,#3255);
#3254 = CARTESIAN_POINT('',(-12.85,2.0185873175E-16,16.6));
#3255 = VECTOR('',#3256,1.);
#3256 = DIRECTION('',(0.,-1.,-0.));
#3257 = PCURVE('',#1725,#3258);
#3258 = DEFINITIONAL_REPRESENTATION('',(#3259),#3263);
#3259 = LINE('',#3260,#3261);
#3260 = CARTESIAN_POINT('',(-12.85,0.));
#3261 = VECTOR('',#3262,1.);
#3262 = DIRECTION('',(0.,-1.));
#3263 = ( GEOMETRIC_REPRESENTATION_CONTEXT(2) 
PARAMETRIC_REPRESENTATION_CONTEXT() REPRESENTATION_CONTEXT('2D SPACE',''
  ) );
#3264 = PCURVE('',#3265,#3270);
#3265 = PLANE('',#3266);
#3266 = AXIS2_PLACEMENT_3D('',#3267,#3268,#3269);
#3267 = CARTESIAN_POINT('',(-12.56029005314,-12.85,2.528260403905E-03));
#3268 = DIRECTION('',(-0.999847695156,0.,-1.745240643728E-02));
#3269 = DIRECTION('',(-1.745240643728E-02,0.,0.999847695156));
#3270 = DEFINITIONAL_REPRESENTATION('',(#3271),#3275);
#3271 = LINE('',#3272,#3273);
#3272 = CARTESIAN_POINT('',(16.6,12.85));
#3273 = VECTOR('',#3274,1.);
#3274 = DIRECTION('',(0.,-1.));
#3275 = ( GEOMETRIC_REPRESENTATION_CONTEXT(2) 
PARAMETRIC_REPRESENTATION_CONTEXT() REPRESENTATION_CONTEXT('2D SPACE',''
  ) );
#3276 = ORIENTED_EDGE('',*,*,#3277,.F.);
#3277 = EDGE_CURVE('',#3278,#3250,#3280,.T.);
#3278 = VERTEX_POINT('',#3279);
#3279 = CARTESIAN_POINT('',(-12.35007615242,-12.85,16.6));
#3280 = SURFACE_CURVE('',#3281,(#3286,#3294),.PCURVE_S1.);
#3281 = ( BOUNDED_CURVE() B_SPLINE_CURVE(3,(#3282,#3283,#3284,#3285),
.UNSPECIFIED.,.F.,.F.) B_SPLINE_CURVE_WITH_KNOTS((4,4),(5.49793943703,
7.068431177329),.PIECEWISE_BEZIER_KNOTS.) CURVE() 
GEOMETRIC_REPRESENTATION_ITEM() RATIONAL_B_SPLINE_CURVE((1.,
0.804809640383,0.804809640383,1.)) REPRESENTATION_ITEM('') );
#3282 = CARTESIAN_POINT('',(-12.35007615242,-12.85,16.6));
#3283 = CARTESIAN_POINT('',(-12.64294323258,-12.85,16.6));
#3284 = CARTESIAN_POINT('',(-12.85,-12.64294323258,16.6));
#3285 = CARTESIAN_POINT('',(-12.85,-12.35007615242,16.6));
#3286 = PCURVE('',#1725,#3287);
#3287 = DEFINITIONAL_REPRESENTATION('',(#3288),#3293);
#3288 = ( BOUNDED_CURVE() B_SPLINE_CURVE(3,(#3289,#3290,#3291,#3292),
.UNSPECIFIED.,.F.,.F.) B_SPLINE_CURVE_WITH_KNOTS((4,4),(5.49793943703,
7.068431177329),.PIECEWISE_BEZIER_KNOTS.) CURVE() 
GEOMETRIC_REPRESENTATION_ITEM() RATIONAL_B_SPLINE_CURVE((1.,
0.804809640383,0.804809640383,1.)) REPRESENTATION_ITEM('') );
#3289 = CARTESIAN_POINT('',(-12.35007615242,-12.85));
#3290 = CARTESIAN_POINT('',(-12.64294323258,-12.85));
#3291 = CARTESIAN_POINT('',(-12.85,-12.64294323258));
#3292 = CARTESIAN_POINT('',(-12.85,-12.35007615242));
#3293 = ( GEOMETRIC_REPRESENTATION_CONTEXT(2) 
PARAMETRIC_REPRESENTATION_CONTEXT() REPRESENTATION_CONTEXT('2D SPACE',''
  ) );
#3294 = PCURVE('',#3295,#3300);
#3295 = CYLINDRICAL_SURFACE('',#3296,0.5);
#3296 = AXIS2_PLACEMENT_3D('',#3297,#3298,#3299);
#3297 = CARTESIAN_POINT('',(-12.05669389948,-12.05669389948,
    -0.199131810871));
#3298 = DIRECTION('',(-1.744974916068E-02,-1.744974916068E-02,
    0.999695459882));
#3299 = DIRECTION('',(0.999847695156,-6.505213034913E-19,
    1.745240643728E-02));
#3300 = DEFINITIONAL_REPRESENTATION('',(#3301),#3327);
#3301 = B_SPLINE_CURVE_WITH_KNOTS('',3,(#3302,#3303,#3304,#3305,#3306,
    #3307,#3308,#3309,#3310,#3311,#3312,#3313,#3314,#3315,#3316,#3317,
    #3318,#3319,#3320,#3321,#3322,#3323,#3324,#3325,#3326),
  .UNSPECIFIED.,.F.,.F.,(4,1,1,1,1,1,1,1,1,1,1,1,1,1,1,1,1,1,1,1,1,1,4),
  (5.49793943703,5.569325425225,5.640711413421,5.712097401616,
    5.783483389811,5.854869378007,5.926255366202,5.997641354398,
    6.069027342593,6.140413330789,6.211799318984,6.28318530718,
    6.354571295375,6.42595728357,6.497343271766,6.568729259961,
    6.640115248157,6.711501236352,6.782887224548,6.854273212743,
    6.925659200939,6.997045189134,7.068431177329),
  .QUASI_UNIFORM_KNOTS.);
#3302 = CARTESIAN_POINT('',(4.71208439389,16.812978240469));
#3303 = CARTESIAN_POINT('',(4.690661712598,16.813165178687));
#3304 = CARTESIAN_POINT('',(4.647240298369,16.81353206746));
#3305 = CARTESIAN_POINT('',(4.580473564068,16.814055354188));
#3306 = CARTESIAN_POINT('',(4.512158445241,16.814545544721));
#3307 = CARTESIAN_POINT('',(4.44240676774,16.814996471402));
#3308 = CARTESIAN_POINT('',(4.371347174792,16.815402086297));
#3309 = CARTESIAN_POINT('',(4.299126880061,16.815756617508));
#3310 = CARTESIAN_POINT('',(4.225909903908,16.816054760871));
#3311 = CARTESIAN_POINT('',(4.151875533636,16.816291863833));
#3312 = CARTESIAN_POINT('',(4.077216021031,16.816464099306));
#3313 = CARTESIAN_POINT('',(4.002133840541,16.816568615647));
#3314 = CARTESIAN_POINT('',(3.92683852374,16.816603652785));
#3315 = CARTESIAN_POINT('',(3.851543206938,16.816568615647));
#3316 = CARTESIAN_POINT('',(3.776461026448,16.816464099306));
#3317 = CARTESIAN_POINT('',(3.701801513843,16.816291863833));
#3318 = CARTESIAN_POINT('',(3.627767143572,16.816054760871));
#3319 = CARTESIAN_POINT('',(3.554550167418,16.815756617508));
#3320 = CARTESIAN_POINT('',(3.482329872688,16.815402086297));
#3321 = CARTESIAN_POINT('',(3.411270279739,16.814996471402));
#3322 = CARTESIAN_POINT('',(3.341518602238,16.814545544721));
#3323 = CARTESIAN_POINT('',(3.273203483411,16.814055354188));
#3324 = CARTESIAN_POINT('',(3.20643674911,16.81353206746));
#3325 = CARTESIAN_POINT('',(3.163015334881,16.813165178687));
#3326 = CARTESIAN_POINT('',(3.14159265359,16.812978240469));
#3327 = ( GEOMETRIC_REPRESENTATION_CONTEXT(2) 
PARAMETRIC_REPRESENTATION_CONTEXT() REPRESENTATION_CONTEXT('2D SPACE',''
  ) );
#3328 = ORIENTED_EDGE('',*,*,#3329,.T.);
#3329 = EDGE_CURVE('',#3278,#3038,#3330,.T.);
#3330 = SURFACE_CURVE('',#3331,(#3335,#3342),.PCURVE_S1.);
#3331 = LINE('',#3332,#3333);
#3332 = CARTESIAN_POINT('',(0.,-12.85,16.6));
#3333 = VECTOR('',#3334,1.);
#3334 = DIRECTION('',(1.,0.,-0.));
#3335 = PCURVE('',#1725,#3336);
#3336 = DEFINITIONAL_REPRESENTATION('',(#3337),#3341);
#3337 = LINE('',#3338,#3339);
#3338 = CARTESIAN_POINT('',(0.,-12.85));
#3339 = VECTOR('',#3340,1.);
#3340 = DIRECTION('',(1.,0.));
#3341 = ( GEOMETRIC_REPRESENTATION_CONTEXT(2) 
PARAMETRIC_REPRESENTATION_CONTEXT() REPRESENTATION_CONTEXT('2D SPACE',''
  ) );
#3342 = PCURVE('',#3343,#3348);
#3343 = PLANE('',#3344);
#3344 = AXIS2_PLACEMENT_3D('',#3345,#3346,#3347);
#3345 = CARTESIAN_POINT('',(12.85,-12.56029005314,2.528260403905E-03));
#3346 = DIRECTION('',(0.,-0.999847695156,-1.745240643728E-02));
#3347 = DIRECTION('',(0.,1.745240643728E-02,-0.999847695156));
#3348 = DEFINITIONAL_REPRESENTATION('',(#3349),#3353);
#3349 = LINE('',#3350,#3351);
#3350 = CARTESIAN_POINT('',(-16.6,-12.85));
#3351 = VECTOR('',#3352,1.);
#3352 = DIRECTION('',(0.,1.));
#3353 = ( GEOMETRIC_REPRESENTATION_CONTEXT(2) 
PARAMETRIC_REPRESENTATION_CONTEXT() REPRESENTATION_CONTEXT('2D SPACE',''
  ) );
#3354 = ADVANCED_FACE('',(#3355),#3105,.T.);
#3355 = FACE_BOUND('',#3356,.T.);
#3356 = EDGE_LOOP('',(#3357,#3380,#3408,#3429));
#3357 = ORIENTED_EDGE('',*,*,#3358,.T.);
#3358 = EDGE_CURVE('',#3036,#3359,#3361,.T.);
#3359 = VERTEX_POINT('',#3360);
#3360 = CARTESIAN_POINT('',(12.568821138212,-12.06889729063,
    0.491273796781));
#3361 = SURFACE_CURVE('',#3362,(#3366,#3373),.PCURVE_S1.);
#3362 = LINE('',#3363,#3364);
#3363 = CARTESIAN_POINT('',(12.85,-12.35007615242,16.6));
#3364 = VECTOR('',#3365,1.);
#3365 = DIRECTION('',(-1.744974916068E-02,1.744974916069E-02,
    -0.999695459882));
#3366 = PCURVE('',#3105,#3367);
#3367 = DEFINITIONAL_REPRESENTATION('',(#3368),#3372);
#3368 = LINE('',#3369,#3370);
#3369 = CARTESIAN_POINT('',(-16.6,-25.20007615242));
#3370 = VECTOR('',#3371,1.);
#3371 = DIRECTION('',(0.999847741536,1.744974916069E-02));
#3372 = ( GEOMETRIC_REPRESENTATION_CONTEXT(2) 
PARAMETRIC_REPRESENTATION_CONTEXT() REPRESENTATION_CONTEXT('2D SPACE',''
  ) );
#3373 = PCURVE('',#3055,#3374);
#3374 = DEFINITIONAL_REPRESENTATION('',(#3375),#3379);
#3375 = LINE('',#3376,#3377);
#3376 = CARTESIAN_POINT('',(6.28318530718,16.812978240469));
#3377 = VECTOR('',#3378,1.);
#3378 = DIRECTION('',(0.,-1.));
#3379 = ( GEOMETRIC_REPRESENTATION_CONTEXT(2) 
PARAMETRIC_REPRESENTATION_CONTEXT() REPRESENTATION_CONTEXT('2D SPACE',''
  ) );
#3380 = ORIENTED_EDGE('',*,*,#3381,.T.);
#3381 = EDGE_CURVE('',#3359,#3382,#3384,.T.);
#3382 = VERTEX_POINT('',#3383);
#3383 = CARTESIAN_POINT('',(12.568821138212,12.068897290634,
    0.491273796781));
#3384 = SURFACE_CURVE('',#3385,(#3389,#3396),.PCURVE_S1.);
#3385 = LINE('',#3386,#3387);
#3386 = CARTESIAN_POINT('',(12.568821138212,12.85,0.491273796781));
#3387 = VECTOR('',#3388,1.);
#3388 = DIRECTION('',(0.,1.,0.));
#3389 = PCURVE('',#3105,#3390);
#3390 = DEFINITIONAL_REPRESENTATION('',(#3391),#3395);
#3391 = LINE('',#3392,#3393);
#3392 = CARTESIAN_POINT('',(-0.488819986029,0.));
#3393 = VECTOR('',#3394,1.);
#3394 = DIRECTION('',(0.,1.));
#3395 = ( GEOMETRIC_REPRESENTATION_CONTEXT(2) 
PARAMETRIC_REPRESENTATION_CONTEXT() REPRESENTATION_CONTEXT('2D SPACE',''
  ) );
#3396 = PCURVE('',#3397,#3402);
#3397 = CYLINDRICAL_SURFACE('',#3398,0.5);
#3398 = AXIS2_PLACEMENT_3D('',#3399,#3400,#3401);
#3399 = CARTESIAN_POINT('',(12.068897290634,6.425,0.5));
#3400 = DIRECTION('',(0.,-1.,0.));
#3401 = DIRECTION('',(0.,0.,-1.));
#3402 = DEFINITIONAL_REPRESENTATION('',(#3403),#3407);
#3403 = LINE('',#3404,#3405);
#3404 = CARTESIAN_POINT('',(1.553343034275,-6.425));
#3405 = VECTOR('',#3406,1.);
#3406 = DIRECTION('',(0.,-1.));
#3407 = ( GEOMETRIC_REPRESENTATION_CONTEXT(2) 
PARAMETRIC_REPRESENTATION_CONTEXT() REPRESENTATION_CONTEXT('2D SPACE',''
  ) );
#3408 = ORIENTED_EDGE('',*,*,#3409,.T.);
#3409 = EDGE_CURVE('',#3382,#3090,#3410,.T.);
#3410 = SURFACE_CURVE('',#3411,(#3415,#3422),.PCURVE_S1.);
#3411 = LINE('',#3412,#3413);
#3412 = CARTESIAN_POINT('',(12.568821138212,12.068897290634,
    0.491273796781));
#3413 = VECTOR('',#3414,1.);
#3414 = DIRECTION('',(1.744974916068E-02,1.744974916069E-02,
    0.999695459882));
#3415 = PCURVE('',#3105,#3416);
#3416 = DEFINITIONAL_REPRESENTATION('',(#3417),#3421);
#3417 = LINE('',#3418,#3419);
#3418 = CARTESIAN_POINT('',(-0.488819986029,-0.781102709366));
#3419 = VECTOR('',#3420,1.);
#3420 = DIRECTION('',(-0.999847741536,1.744974916069E-02));
#3421 = ( GEOMETRIC_REPRESENTATION_CONTEXT(2) 
PARAMETRIC_REPRESENTATION_CONTEXT() REPRESENTATION_CONTEXT('2D SPACE',''
  ) );
#3422 = PCURVE('',#3135,#3423);
#3423 = DEFINITIONAL_REPRESENTATION('',(#3424),#3428);
#3424 = LINE('',#3425,#3426);
#3425 = CARTESIAN_POINT('',(0.,0.699344789416));
#3426 = VECTOR('',#3427,1.);
#3427 = DIRECTION('',(0.,1.));
#3428 = ( GEOMETRIC_REPRESENTATION_CONTEXT(2) 
PARAMETRIC_REPRESENTATION_CONTEXT() REPRESENTATION_CONTEXT('2D SPACE',''
  ) );
#3429 = ORIENTED_EDGE('',*,*,#3089,.F.);
#3430 = ADVANCED_FACE('',(#3431),#3343,.T.);
#3431 = FACE_BOUND('',#3432,.T.);
#3432 = EDGE_LOOP('',(#3433,#3456,#3484,#3505));
#3433 = ORIENTED_EDGE('',*,*,#3434,.T.);
#3434 = EDGE_CURVE('',#3278,#3435,#3437,.T.);
#3435 = VERTEX_POINT('',#3436);
#3436 = CARTESIAN_POINT('',(-12.06889729063,-12.56882113821,
    0.491273796781));
#3437 = SURFACE_CURVE('',#3438,(#3442,#3449),.PCURVE_S1.);
#3438 = LINE('',#3439,#3440);
#3439 = CARTESIAN_POINT('',(-12.35007615242,-12.85,16.6));
#3440 = VECTOR('',#3441,1.);
#3441 = DIRECTION('',(1.744974916069E-02,1.744974916068E-02,
    -0.999695459882));
#3442 = PCURVE('',#3343,#3443);
#3443 = DEFINITIONAL_REPRESENTATION('',(#3444),#3448);
#3444 = LINE('',#3445,#3446);
#3445 = CARTESIAN_POINT('',(-16.6,-25.20007615242));
#3446 = VECTOR('',#3447,1.);
#3447 = DIRECTION('',(0.999847741536,1.744974916069E-02));
#3448 = ( GEOMETRIC_REPRESENTATION_CONTEXT(2) 
PARAMETRIC_REPRESENTATION_CONTEXT() REPRESENTATION_CONTEXT('2D SPACE',''
  ) );
#3449 = PCURVE('',#3295,#3450);
#3450 = DEFINITIONAL_REPRESENTATION('',(#3451),#3455);
#3451 = LINE('',#3452,#3453);
#3452 = CARTESIAN_POINT('',(4.71208439389,16.812978240469));
#3453 = VECTOR('',#3454,1.);
#3454 = DIRECTION('',(4.630053642553E-15,-1.));
#3455 = ( GEOMETRIC_REPRESENTATION_CONTEXT(2) 
PARAMETRIC_REPRESENTATION_CONTEXT() REPRESENTATION_CONTEXT('2D SPACE',''
  ) );
#3456 = ORIENTED_EDGE('',*,*,#3457,.T.);
#3457 = EDGE_CURVE('',#3435,#3458,#3460,.T.);
#3458 = VERTEX_POINT('',#3459);
#3459 = CARTESIAN_POINT('',(12.068897290634,-12.56882113821,
    0.491273796781));
#3460 = SURFACE_CURVE('',#3461,(#3465,#3472),.PCURVE_S1.);
#3461 = LINE('',#3462,#3463);
#3462 = CARTESIAN_POINT('',(12.85,-12.56882113821,0.491273796781));
#3463 = VECTOR('',#3464,1.);
#3464 = DIRECTION('',(1.,0.,0.));
#3465 = PCURVE('',#3343,#3466);
#3466 = DEFINITIONAL_REPRESENTATION('',(#3467),#3471);
#3467 = LINE('',#3468,#3469);
#3468 = CARTESIAN_POINT('',(-0.488819986029,0.));
#3469 = VECTOR('',#3470,1.);
#3470 = DIRECTION('',(0.,1.));
#3471 = ( GEOMETRIC_REPRESENTATION_CONTEXT(2) 
PARAMETRIC_REPRESENTATION_CONTEXT() REPRESENTATION_CONTEXT('2D SPACE',''
  ) );
#3472 = PCURVE('',#3473,#3478);
#3473 = CYLINDRICAL_SURFACE('',#3474,0.5);
#3474 = AXIS2_PLACEMENT_3D('',#3475,#3476,#3477);
#3475 = CARTESIAN_POINT('',(6.425,-12.06889729063,0.5));
#3476 = DIRECTION('',(-1.,0.,0.));
#3477 = DIRECTION('',(0.,0.,1.));
#3478 = DEFINITIONAL_REPRESENTATION('',(#3479),#3483);
#3479 = LINE('',#3480,#3481);
#3480 = CARTESIAN_POINT('',(4.694935687865,-6.425));
#3481 = VECTOR('',#3482,1.);
#3482 = DIRECTION('',(0.,-1.));
#3483 = ( GEOMETRIC_REPRESENTATION_CONTEXT(2) 
PARAMETRIC_REPRESENTATION_CONTEXT() REPRESENTATION_CONTEXT('2D SPACE',''
  ) );
#3484 = ORIENTED_EDGE('',*,*,#3485,.T.);
#3485 = EDGE_CURVE('',#3458,#3038,#3486,.T.);
#3486 = SURFACE_CURVE('',#3487,(#3491,#3498),.PCURVE_S1.);
#3487 = LINE('',#3488,#3489);
#3488 = CARTESIAN_POINT('',(12.068897290634,-12.56882113821,
    0.491273796781));
#3489 = VECTOR('',#3490,1.);
#3490 = DIRECTION('',(1.744974916069E-02,-1.744974916068E-02,
    0.999695459882));
#3491 = PCURVE('',#3343,#3492);
#3492 = DEFINITIONAL_REPRESENTATION('',(#3493),#3497);
#3493 = LINE('',#3494,#3495);
#3494 = CARTESIAN_POINT('',(-0.488819986029,-0.781102709366));
#3495 = VECTOR('',#3496,1.);
#3496 = DIRECTION('',(-0.999847741536,1.744974916069E-02));
#3497 = ( GEOMETRIC_REPRESENTATION_CONTEXT(2) 
PARAMETRIC_REPRESENTATION_CONTEXT() REPRESENTATION_CONTEXT('2D SPACE',''
  ) );
#3498 = PCURVE('',#3055,#3499);
#3499 = DEFINITIONAL_REPRESENTATION('',(#3500),#3504);
#3500 = LINE('',#3501,#3502);
#3501 = CARTESIAN_POINT('',(4.71269356688,0.699344789416));
#3502 = VECTOR('',#3503,1.);
#3503 = DIRECTION('',(4.630053642553E-15,1.));
#3504 = ( GEOMETRIC_REPRESENTATION_CONTEXT(2) 
PARAMETRIC_REPRESENTATION_CONTEXT() REPRESENTATION_CONTEXT('2D SPACE',''
  ) );
#3505 = ORIENTED_EDGE('',*,*,#3329,.F.);
#3506 = ADVANCED_FACE('',(#3507),#3265,.T.);
#3507 = FACE_BOUND('',#3508,.T.);
#3508 = EDGE_LOOP('',(#3509,#3532,#3533,#3556));
#3509 = ORIENTED_EDGE('',*,*,#3510,.T.);
#3510 = EDGE_CURVE('',#3511,#3250,#3513,.T.);
#3511 = VERTEX_POINT('',#3512);
#3512 = CARTESIAN_POINT('',(-12.56882113821,-12.06889729063,
    0.491273796781));
#3513 = SURFACE_CURVE('',#3514,(#3518,#3525),.PCURVE_S1.);
#3514 = LINE('',#3515,#3516);
#3515 = CARTESIAN_POINT('',(-12.56882113821,-12.06889729063,
    0.491273796781));
#3516 = VECTOR('',#3517,1.);
#3517 = DIRECTION('',(-1.744974916068E-02,-1.744974916069E-02,
    0.999695459882));
#3518 = PCURVE('',#3265,#3519);
#3519 = DEFINITIONAL_REPRESENTATION('',(#3520),#3524);
#3520 = LINE('',#3521,#3522);
#3521 = CARTESIAN_POINT('',(0.488819986029,0.781102709366));
#3522 = VECTOR('',#3523,1.);
#3523 = DIRECTION('',(0.999847741536,-1.744974916069E-02));
#3524 = ( GEOMETRIC_REPRESENTATION_CONTEXT(2) 
PARAMETRIC_REPRESENTATION_CONTEXT() REPRESENTATION_CONTEXT('2D SPACE',''
  ) );
#3525 = PCURVE('',#3295,#3526);
#3526 = DEFINITIONAL_REPRESENTATION('',(#3527),#3531);
#3527 = LINE('',#3528,#3529);
#3528 = CARTESIAN_POINT('',(3.14159265359,0.699344789416));
#3529 = VECTOR('',#3530,1.);
#3530 = DIRECTION('',(4.630053642553E-15,1.));
#3531 = ( GEOMETRIC_REPRESENTATION_CONTEXT(2) 
PARAMETRIC_REPRESENTATION_CONTEXT() REPRESENTATION_CONTEXT('2D SPACE',''
  ) );
#3532 = ORIENTED_EDGE('',*,*,#3249,.F.);
#3533 = ORIENTED_EDGE('',*,*,#3534,.T.);
#3534 = EDGE_CURVE('',#3198,#3535,#3537,.T.);
#3535 = VERTEX_POINT('',#3536);
#3536 = CARTESIAN_POINT('',(-12.56882113821,12.068897290634,
    0.491273796781));
#3537 = SURFACE_CURVE('',#3538,(#3542,#3549),.PCURVE_S1.);
#3538 = LINE('',#3539,#3540);
#3539 = CARTESIAN_POINT('',(-12.85,12.350076152422,16.6));
#3540 = VECTOR('',#3541,1.);
#3541 = DIRECTION('',(1.744974916068E-02,-1.744974916069E-02,
    -0.999695459882));
#3542 = PCURVE('',#3265,#3543);
#3543 = DEFINITIONAL_REPRESENTATION('',(#3544),#3548);
#3544 = LINE('',#3545,#3546);
#3545 = CARTESIAN_POINT('',(16.6,25.200076152422));
#3546 = VECTOR('',#3547,1.);
#3547 = DIRECTION('',(-0.999847741536,-1.744974916069E-02));
#3548 = ( GEOMETRIC_REPRESENTATION_CONTEXT(2) 
PARAMETRIC_REPRESENTATION_CONTEXT() REPRESENTATION_CONTEXT('2D SPACE',''
  ) );
#3549 = PCURVE('',#3215,#3550);
#3550 = DEFINITIONAL_REPRESENTATION('',(#3551),#3555);
#3551 = LINE('',#3552,#3553);
#3552 = CARTESIAN_POINT('',(3.14159265359,16.812978240469));
#3553 = VECTOR('',#3554,1.);
#3554 = DIRECTION('',(4.630053642553E-15,-1.));
#3555 = ( GEOMETRIC_REPRESENTATION_CONTEXT(2) 
PARAMETRIC_REPRESENTATION_CONTEXT() REPRESENTATION_CONTEXT('2D SPACE',''
  ) );
#3556 = ORIENTED_EDGE('',*,*,#3557,.T.);
#3557 = EDGE_CURVE('',#3535,#3511,#3558,.T.);
#3558 = SURFACE_CURVE('',#3559,(#3563,#3570),.PCURVE_S1.);
#3559 = LINE('',#3560,#3561);
#3560 = CARTESIAN_POINT('',(-12.56882113821,-12.85,0.491273796781));
#3561 = VECTOR('',#3562,1.);
#3562 = DIRECTION('',(-0.,-1.,-0.));
#3563 = PCURVE('',#3265,#3564);
#3564 = DEFINITIONAL_REPRESENTATION('',(#3565),#3569);
#3565 = LINE('',#3566,#3567);
#3566 = CARTESIAN_POINT('',(0.488819986029,0.));
#3567 = VECTOR('',#3568,1.);
#3568 = DIRECTION('',(0.,-1.));
#3569 = ( GEOMETRIC_REPRESENTATION_CONTEXT(2) 
PARAMETRIC_REPRESENTATION_CONTEXT() REPRESENTATION_CONTEXT('2D SPACE',''
  ) );
#3570 = PCURVE('',#3571,#3576);
#3571 = CYLINDRICAL_SURFACE('',#3572,0.5);
#3572 = AXIS2_PLACEMENT_3D('',#3573,#3574,#3575);
#3573 = CARTESIAN_POINT('',(-12.06889729063,-6.425,0.5));
#3574 = DIRECTION('',(0.,1.,0.));
#3575 = DIRECTION('',(0.,-0.,1.));
#3576 = DEFINITIONAL_REPRESENTATION('',(#3577),#3581);
#3577 = LINE('',#3578,#3579);
#3578 = CARTESIAN_POINT('',(4.694935687865,-6.425));
#3579 = VECTOR('',#3580,1.);
#3580 = DIRECTION('',(0.,-1.));
#3581 = ( GEOMETRIC_REPRESENTATION_CONTEXT(2) 
PARAMETRIC_REPRESENTATION_CONTEXT() REPRESENTATION_CONTEXT('2D SPACE',''
  ) );
#3582 = ADVANCED_FACE('',(#3583),#3185,.T.);
#3583 = FACE_BOUND('',#3584,.T.);
#3584 = EDGE_LOOP('',(#3585,#3608,#3609,#3632));
#3585 = ORIENTED_EDGE('',*,*,#3586,.T.);
#3586 = EDGE_CURVE('',#3587,#3170,#3589,.T.);
#3587 = VERTEX_POINT('',#3588);
#3588 = CARTESIAN_POINT('',(-12.06889729063,12.568821138212,
    0.491273796781));
#3589 = SURFACE_CURVE('',#3590,(#3594,#3601),.PCURVE_S1.);
#3590 = LINE('',#3591,#3592);
#3591 = CARTESIAN_POINT('',(-12.06889729063,12.568821138212,
    0.491273796781));
#3592 = VECTOR('',#3593,1.);
#3593 = DIRECTION('',(-1.744974916069E-02,1.744974916068E-02,
    0.999695459882));
#3594 = PCURVE('',#3185,#3595);
#3595 = DEFINITIONAL_REPRESENTATION('',(#3596),#3600);
#3596 = LINE('',#3597,#3598);
#3597 = CARTESIAN_POINT('',(0.488819986029,0.781102709366));
#3598 = VECTOR('',#3599,1.);
#3599 = DIRECTION('',(0.999847741536,-1.744974916069E-02));
#3600 = ( GEOMETRIC_REPRESENTATION_CONTEXT(2) 
PARAMETRIC_REPRESENTATION_CONTEXT() REPRESENTATION_CONTEXT('2D SPACE',''
  ) );
#3601 = PCURVE('',#3215,#3602);
#3602 = DEFINITIONAL_REPRESENTATION('',(#3603),#3607);
#3603 = LINE('',#3604,#3605);
#3604 = CARTESIAN_POINT('',(1.57110091329,0.699344789416));
#3605 = VECTOR('',#3606,1.);
#3606 = DIRECTION('',(4.630053642553E-15,1.));
#3607 = ( GEOMETRIC_REPRESENTATION_CONTEXT(2) 
PARAMETRIC_REPRESENTATION_CONTEXT() REPRESENTATION_CONTEXT('2D SPACE',''
  ) );
#3608 = ORIENTED_EDGE('',*,*,#3169,.F.);
#3609 = ORIENTED_EDGE('',*,*,#3610,.T.);
#3610 = EDGE_CURVE('',#3118,#3611,#3613,.T.);
#3611 = VERTEX_POINT('',#3612);
#3612 = CARTESIAN_POINT('',(12.068897290634,12.568821138212,
    0.491273796781));
#3613 = SURFACE_CURVE('',#3614,(#3618,#3625),.PCURVE_S1.);
#3614 = LINE('',#3615,#3616);
#3615 = CARTESIAN_POINT('',(12.350076152422,12.85,16.6));
#3616 = VECTOR('',#3617,1.);
#3617 = DIRECTION('',(-1.744974916069E-02,-1.744974916068E-02,
    -0.999695459882));
#3618 = PCURVE('',#3185,#3619);
#3619 = DEFINITIONAL_REPRESENTATION('',(#3620),#3624);
#3620 = LINE('',#3621,#3622);
#3621 = CARTESIAN_POINT('',(16.6,25.200076152422));
#3622 = VECTOR('',#3623,1.);
#3623 = DIRECTION('',(-0.999847741536,-1.744974916069E-02));
#3624 = ( GEOMETRIC_REPRESENTATION_CONTEXT(2) 
PARAMETRIC_REPRESENTATION_CONTEXT() REPRESENTATION_CONTEXT('2D SPACE',''
  ) );
#3625 = PCURVE('',#3135,#3626);
#3626 = DEFINITIONAL_REPRESENTATION('',(#3627),#3631);
#3627 = LINE('',#3628,#3629);
#3628 = CARTESIAN_POINT('',(1.5704917403,16.812978240469));
#3629 = VECTOR('',#3630,1.);
#3630 = DIRECTION('',(4.630053642553E-15,-1.));
#3631 = ( GEOMETRIC_REPRESENTATION_CONTEXT(2) 
PARAMETRIC_REPRESENTATION_CONTEXT() REPRESENTATION_CONTEXT('2D SPACE',''
  ) );
#3632 = ORIENTED_EDGE('',*,*,#3633,.T.);
#3633 = EDGE_CURVE('',#3611,#3587,#3634,.T.);
#3634 = SURFACE_CURVE('',#3635,(#3639,#3646),.PCURVE_S1.);
#3635 = LINE('',#3636,#3637);
#3636 = CARTESIAN_POINT('',(-12.85,12.568821138212,0.491273796781));
#3637 = VECTOR('',#3638,1.);
#3638 = DIRECTION('',(-1.,0.,-0.));
#3639 = PCURVE('',#3185,#3640);
#3640 = DEFINITIONAL_REPRESENTATION('',(#3641),#3645);
#3641 = LINE('',#3642,#3643);
#3642 = CARTESIAN_POINT('',(0.488819986029,0.));
#3643 = VECTOR('',#3644,1.);
#3644 = DIRECTION('',(0.,-1.));
#3645 = ( GEOMETRIC_REPRESENTATION_CONTEXT(2) 
PARAMETRIC_REPRESENTATION_CONTEXT() REPRESENTATION_CONTEXT('2D SPACE',''
  ) );
#3646 = PCURVE('',#3647,#3652);
#3647 = CYLINDRICAL_SURFACE('',#3648,0.5);
#3648 = AXIS2_PLACEMENT_3D('',#3649,#3650,#3651);
#3649 = CARTESIAN_POINT('',(-6.425,12.068897290634,0.5));
#3650 = DIRECTION('',(1.,0.,0.));
#3651 = DIRECTION('',(0.,0.,-1.));
#3652 = DEFINITIONAL_REPRESENTATION('',(#3653),#3657);
#3653 = LINE('',#3654,#3655);
#3654 = CARTESIAN_POINT('',(1.553343034275,-6.425));
#3655 = VECTOR('',#3656,1.);
#3656 = DIRECTION('',(0.,-1.));
#3657 = ( GEOMETRIC_REPRESENTATION_CONTEXT(2) 
PARAMETRIC_REPRESENTATION_CONTEXT() REPRESENTATION_CONTEXT('2D SPACE',''
  ) );
#3658 = ADVANCED_FACE('',(#3659),#3397,.T.);
#3659 = FACE_BOUND('',#3660,.T.);
#3660 = EDGE_LOOP('',(#3661,#3662,#3725,#3753));
#3661 = ORIENTED_EDGE('',*,*,#3381,.F.);
#3662 = ORIENTED_EDGE('',*,*,#3663,.T.);
#3663 = EDGE_CURVE('',#3359,#3664,#3666,.T.);
#3664 = VERTEX_POINT('',#3665);
#3665 = CARTESIAN_POINT('',(12.068897290634,-12.06889729063,0.));
#3666 = SURFACE_CURVE('',#3667,(#3672,#3679),.PCURVE_S1.);
#3667 = CIRCLE('',#3668,0.5);
#3668 = AXIS2_PLACEMENT_3D('',#3669,#3670,#3671);
#3669 = CARTESIAN_POINT('',(12.068897290634,-12.06889729063,0.5));
#3670 = DIRECTION('',(-0.,1.,0.));
#3671 = DIRECTION('',(0.,0.,-1.));
#3672 = PCURVE('',#3397,#3673);
#3673 = DEFINITIONAL_REPRESENTATION('',(#3674),#3678);
#3674 = LINE('',#3675,#3676);
#3675 = CARTESIAN_POINT('',(6.28318530718,18.493897290634));
#3676 = VECTOR('',#3677,1.);
#3677 = DIRECTION('',(-1.,0.));
#3678 = ( GEOMETRIC_REPRESENTATION_CONTEXT(2) 
PARAMETRIC_REPRESENTATION_CONTEXT() REPRESENTATION_CONTEXT('2D SPACE',''
  ) );
#3679 = PCURVE('',#3680,#3697);
#3680 = ( BOUNDED_SURFACE() B_SPLINE_SURFACE(3,3,(
    (#3681,#3682,#3683,#3684)
    ,(#3685,#3686,#3687,#3688)
    ,(#3689,#3690,#3691,#3692)
    ,(#3693,#3694,#3695,#3696
)),.UNSPECIFIED.,.F.,.F.,.F.) B_SPLINE_SURFACE_WITH_KNOTS((4,4),(4,4),(
    0.,1.),(0.,1.),.PIECEWISE_BEZIER_KNOTS.) 
GEOMETRIC_REPRESENTATION_ITEM() RATIONAL_B_SPLINE_SURFACE((
    (1.,0.806650972662,0.806650972662,1.)
    ,(0.806650972662,0.650685791696,0.650685791696,0.806650972662)
    ,(0.806650972662,0.650685791696,0.650685791696,0.806650972662)
,(1.,0.806650972662,0.806650972662,1.
))) REPRESENTATION_ITEM('') SURFACE() );
#3681 = CARTESIAN_POINT('',(12.56888075335,-12.07296372845,
    0.499966925979));
#3682 = CARTESIAN_POINT('',(12.56888075335,-12.07294447885,0.49760019494
    ));
#3683 = CARTESIAN_POINT('',(12.56888075335,-12.07126409995,
    0.495933427677));
#3684 = CARTESIAN_POINT('',(12.56888075335,-12.06889729063,
    0.495933427677));
#3685 = CARTESIAN_POINT('',(12.56651394403,-12.36395237593,0.49760019494
    ));
#3686 = CARTESIAN_POINT('',(12.56651394403,-12.36255565149,
    0.325873475142));
#3687 = CARTESIAN_POINT('',(12.56651394403,-12.2406296904,0.204935155552
    ));
#3688 = CARTESIAN_POINT('',(12.56651394403,-12.06889729063,
    0.204935155552));
#3689 = CARTESIAN_POINT('',(12.359905187718,-12.56888075335,
    0.495933427677));
#3690 = CARTESIAN_POINT('',(12.359905187718,-12.56651394403,
    0.204935155552));
#3691 = CARTESIAN_POINT('',(12.359905187718,-12.35990518771,
    -1.734723475977E-15));
#3692 = CARTESIAN_POINT('',(12.359905187718,-12.06889729063,
    -1.734723475977E-15));
#3693 = CARTESIAN_POINT('',(12.068897290634,-12.56888075335,
    0.495933427677));
#3694 = CARTESIAN_POINT('',(12.068897290634,-12.56651394403,
    0.204935155552));
#3695 = CARTESIAN_POINT('',(12.068897290634,-12.35990518771,
    -1.734723475977E-15));
#3696 = CARTESIAN_POINT('',(12.068897290634,-12.06889729063,
    -1.734723475977E-15));
#3697 = DEFINITIONAL_REPRESENTATION('',(#3698),#3724);
#3698 = B_SPLINE_CURVE_WITH_KNOTS('',3,(#3699,#3700,#3701,#3702,#3703,
    #3704,#3705,#3706,#3707,#3708,#3709,#3710,#3711,#3712,#3713,#3714,
    #3715,#3716,#3717,#3718,#3719,#3720,#3721,#3722,#3723),
  .UNSPECIFIED.,.F.,.F.,(4,1,1,1,1,1,1,1,1,1,1,1,1,1,1,1,1,1,1,1,1,1,4),
  (4.729842272905,4.800448774463,4.871055276021,4.941661777578,
    5.012268279136,5.082874780694,5.153481282252,5.22408778381,
    5.294694285368,5.365300786926,5.435907288484,5.506513790042,
    5.5771202916,5.647726793158,5.718333294716,5.788939796274,
    5.859546297832,5.93015279939,6.000759300948,6.071365802506,
    6.141972304064,6.212578805622,6.28318530718),.QUASI_UNIFORM_KNOTS.);
#3699 = CARTESIAN_POINT('',(6.60461331256E-03,1.));
#3700 = CARTESIAN_POINT('',(2.325000998377E-02,1.));
#3701 = CARTESIAN_POINT('',(5.60678245071E-02,1.));
#3702 = CARTESIAN_POINT('',(0.104037189993,1.));
#3703 = CARTESIAN_POINT('',(0.150915933942,1.));
#3704 = CARTESIAN_POINT('',(0.196852750001,1.));
#3705 = CARTESIAN_POINT('',(0.241987216481,1.));
#3706 = CARTESIAN_POINT('',(0.286449766107,1.));
#3707 = CARTESIAN_POINT('',(0.330363775859,1.));
#3708 = CARTESIAN_POINT('',(0.373846866536,1.));
#3709 = CARTESIAN_POINT('',(0.417012240218,1.));
#3710 = CARTESIAN_POINT('',(0.459969875099,1.));
#3711 = CARTESIAN_POINT('',(0.502827662369,1.));
#3712 = CARTESIAN_POINT('',(0.54569249509,1.));
#3713 = CARTESIAN_POINT('',(0.588671336634,1.));
#3714 = CARTESIAN_POINT('',(0.631872290601,1.));
#3715 = CARTESIAN_POINT('',(0.675405694235,1.));
#3716 = CARTESIAN_POINT('',(0.719385263093,1.));
#3717 = CARTESIAN_POINT('',(0.763929296924,1.));
#3718 = CARTESIAN_POINT('',(0.809162033104,1.));
#3719 = CARTESIAN_POINT('',(0.855214962857,1.));
#3720 = CARTESIAN_POINT('',(0.902228957429,1.));
#3721 = CARTESIAN_POINT('',(0.950354226893,1.));
#3722 = CARTESIAN_POINT('',(0.98329103749,1.));
#3723 = CARTESIAN_POINT('',(1.,1.));
#3724 = ( GEOMETRIC_REPRESENTATION_CONTEXT(2) 
PARAMETRIC_REPRESENTATION_CONTEXT() REPRESENTATION_CONTEXT('2D SPACE',''
  ) );
#3725 = ORIENTED_EDGE('',*,*,#3726,.T.);
#3726 = EDGE_CURVE('',#3664,#3727,#3729,.T.);
#3727 = VERTEX_POINT('',#3728);
#3728 = CARTESIAN_POINT('',(12.068897290634,12.068897290634,0.));
#3729 = SURFACE_CURVE('',#3730,(#3734,#3741),.PCURVE_S1.);
#3730 = LINE('',#3731,#3732);
#3731 = CARTESIAN_POINT('',(12.068897290634,6.425,0.));
#3732 = VECTOR('',#3733,1.);
#3733 = DIRECTION('',(-0.,1.,-0.));
#3734 = PCURVE('',#3397,#3735);
#3735 = DEFINITIONAL_REPRESENTATION('',(#3736),#3740);
#3736 = LINE('',#3737,#3738);
#3737 = CARTESIAN_POINT('',(0.,0.));
#3738 = VECTOR('',#3739,1.);
#3739 = DIRECTION('',(0.,-1.));
#3740 = ( GEOMETRIC_REPRESENTATION_CONTEXT(2) 
PARAMETRIC_REPRESENTATION_CONTEXT() REPRESENTATION_CONTEXT('2D SPACE',''
  ) );
#3741 = PCURVE('',#3742,#3747);
#3742 = PLANE('',#3743);
#3743 = AXIS2_PLACEMENT_3D('',#3744,#3745,#3746);
#3744 = CARTESIAN_POINT('',(0.,-2.0185873175E-16,0.));
#3745 = DIRECTION('',(0.,0.,1.));
#3746 = DIRECTION('',(1.,0.,-0.));
#3747 = DEFINITIONAL_REPRESENTATION('',(#3748),#3752);
#3748 = LINE('',#3749,#3750);
#3749 = CARTESIAN_POINT('',(12.068897290634,6.425));
#3750 = VECTOR('',#3751,1.);
#3751 = DIRECTION('',(0.,1.));
#3752 = ( GEOMETRIC_REPRESENTATION_CONTEXT(2) 
PARAMETRIC_REPRESENTATION_CONTEXT() REPRESENTATION_CONTEXT('2D SPACE',''
  ) );
#3753 = ORIENTED_EDGE('',*,*,#3754,.T.);
#3754 = EDGE_CURVE('',#3727,#3382,#3755,.T.);
#3755 = SURFACE_CURVE('',#3756,(#3761,#3768),.PCURVE_S1.);
#3756 = CIRCLE('',#3757,0.5);
#3757 = AXIS2_PLACEMENT_3D('',#3758,#3759,#3760);
#3758 = CARTESIAN_POINT('',(12.068897290634,12.068897290634,0.5));
#3759 = DIRECTION('',(0.,-1.,0.));
#3760 = DIRECTION('',(0.,0.,-1.));
#3761 = PCURVE('',#3397,#3762);
#3762 = DEFINITIONAL_REPRESENTATION('',(#3763),#3767);
#3763 = LINE('',#3764,#3765);
#3764 = CARTESIAN_POINT('',(0.,-5.643897290634));
#3765 = VECTOR('',#3766,1.);
#3766 = DIRECTION('',(1.,0.));
#3767 = ( GEOMETRIC_REPRESENTATION_CONTEXT(2) 
PARAMETRIC_REPRESENTATION_CONTEXT() REPRESENTATION_CONTEXT('2D SPACE',''
  ) );
#3768 = PCURVE('',#3769,#3786);
#3769 = ( BOUNDED_SURFACE() B_SPLINE_SURFACE(3,3,(
    (#3770,#3771,#3772,#3773)
    ,(#3774,#3775,#3776,#3777)
    ,(#3778,#3779,#3780,#3781)
    ,(#3782,#3783,#3784,#3785
)),.UNSPECIFIED.,.F.,.F.,.F.) B_SPLINE_SURFACE_WITH_KNOTS((4,4),(4,4),(
    0.,1.),(0.,1.),.PIECEWISE_BEZIER_KNOTS.) 
GEOMETRIC_REPRESENTATION_ITEM() RATIONAL_B_SPLINE_SURFACE((
    (1.,0.80665097266,0.80665097266,1.)
    ,(0.806650972662,0.650685791695,0.650685791695,0.806650972662)
    ,(0.806650972662,0.650685791695,0.650685791695,0.806650972662)
,(1.,0.80665097266,0.80665097266,1.
  ))) REPRESENTATION_ITEM('') SURFACE() );
#3770 = CARTESIAN_POINT('',(12.56888075335,12.068897290634,
    0.495933427677));
#3771 = CARTESIAN_POINT('',(12.56888075335,12.071264099954,
    0.495933427677));
#3772 = CARTESIAN_POINT('',(12.56888075335,12.072944478854,0.49760019494
    ));
#3773 = CARTESIAN_POINT('',(12.56888075335,12.072963728457,
    0.499966925979));
#3774 = CARTESIAN_POINT('',(12.56651394403,12.068897290632,
    0.204935155552));
#3775 = CARTESIAN_POINT('',(12.56651394403,12.240629690405,
    0.204935155551));
#3776 = CARTESIAN_POINT('',(12.56651394403,12.362555651491,
    0.325873475141));
#3777 = CARTESIAN_POINT('',(12.56651394403,12.363952375939,0.49760019494
    ));
#3778 = CARTESIAN_POINT('',(12.359905187718,12.068897290631,
    -5.823677731333E-16));
#3779 = CARTESIAN_POINT('',(12.359905187718,12.359905187717,
    -1.773503994238E-12));
#3780 = CARTESIAN_POINT('',(12.359905187718,12.56651394403,
    0.204935155551));
#3781 = CARTESIAN_POINT('',(12.359905187718,12.56888075335,
    0.495933427677));
#3782 = CARTESIAN_POINT('',(12.068897290634,12.068897290631,
    4.336808689942E-16));
#3783 = CARTESIAN_POINT('',(12.068897290634,12.359905187717,
    -1.771478309134E-12));
#3784 = CARTESIAN_POINT('',(12.068897290634,12.56651394403,
    0.204935155551));
#3785 = CARTESIAN_POINT('',(12.068897290634,12.56888075335,
    0.495933427677));
#3786 = DEFINITIONAL_REPRESENTATION('',(#3787),#3813);
#3787 = B_SPLINE_CURVE_WITH_KNOTS('',3,(#3788,#3789,#3790,#3791,#3792,
    #3793,#3794,#3795,#3796,#3797,#3798,#3799,#3800,#3801,#3802,#3803,
    #3804,#3805,#3806,#3807,#3808,#3809,#3810,#3811,#3812),
  .UNSPECIFIED.,.F.,.F.,(4,1,1,1,1,1,1,1,1,1,1,1,1,1,1,1,1,1,1,1,1,1,4),
  (0.,7.060650155795E-02,0.141213003116,0.211819504674,0.282426006232,
    0.35303250779,0.423639009348,0.494245510906,0.564852012464,
    0.635458514022,0.70606501558,0.776671517137,0.847278018695,
    0.917884520253,0.988491021811,1.059097523369,1.129704024927,
    1.200310526485,1.270917028043,1.341523529601,1.412130031159,
    1.482736532717,1.553343034275),.QUASI_UNIFORM_KNOTS.);
#3788 = CARTESIAN_POINT('',(1.,0.));
#3789 = CARTESIAN_POINT('',(0.98329103749,0.));
#3790 = CARTESIAN_POINT('',(0.950354226893,0.));
#3791 = CARTESIAN_POINT('',(0.902228957429,0.));
#3792 = CARTESIAN_POINT('',(0.855214962857,0.));
#3793 = CARTESIAN_POINT('',(0.809162033104,0.));
#3794 = CARTESIAN_POINT('',(0.763929296924,0.));
#3795 = CARTESIAN_POINT('',(0.719385263093,0.));
#3796 = CARTESIAN_POINT('',(0.675405694235,0.));
#3797 = CARTESIAN_POINT('',(0.631872290601,0.));
#3798 = CARTESIAN_POINT('',(0.588671336634,0.));
#3799 = CARTESIAN_POINT('',(0.54569249509,0.));
#3800 = CARTESIAN_POINT('',(0.502827662369,0.));
#3801 = CARTESIAN_POINT('',(0.459969875099,0.));
#3802 = CARTESIAN_POINT('',(0.417012240218,0.));
#3803 = CARTESIAN_POINT('',(0.373846866536,0.));
#3804 = CARTESIAN_POINT('',(0.330363775859,0.));
#3805 = CARTESIAN_POINT('',(0.286449766107,0.));
#3806 = CARTESIAN_POINT('',(0.241987216481,0.));
#3807 = CARTESIAN_POINT('',(0.196852750001,0.));
#3808 = CARTESIAN_POINT('',(0.150915933942,0.));
#3809 = CARTESIAN_POINT('',(0.104037189993,0.));
#3810 = CARTESIAN_POINT('',(5.60678245071E-02,0.));
#3811 = CARTESIAN_POINT('',(2.325000998377E-02,-0.));
#3812 = CARTESIAN_POINT('',(6.604613312556E-03,0.));
#3813 = ( GEOMETRIC_REPRESENTATION_CONTEXT(2) 
PARAMETRIC_REPRESENTATION_CONTEXT() REPRESENTATION_CONTEXT('2D SPACE',''
  ) );
#3814 = ADVANCED_FACE('',(#3815),#3055,.T.);
#3815 = FACE_BOUND('',#3816,.T.);
#3816 = EDGE_LOOP('',(#3817,#3861,#3862,#3863));
#3817 = ORIENTED_EDGE('',*,*,#3818,.T.);
#3818 = EDGE_CURVE('',#3458,#3359,#3819,.T.);
#3819 = SURFACE_CURVE('',#3820,(#3825,#3832),.PCURVE_S1.);
#3820 = CIRCLE('',#3821,0.5);
#3821 = AXIS2_PLACEMENT_3D('',#3822,#3823,#3824);
#3822 = CARTESIAN_POINT('',(12.068897290634,-12.06889729063,0.5));
#3823 = DIRECTION('',(1.744974916068E-02,-1.744974916068E-02,
    0.999695459882));
#3824 = DIRECTION('',(0.999847695156,-1.246832498358E-18,
    -1.745240643728E-02));
#3825 = PCURVE('',#3055,#3826);
#3826 = DEFINITIONAL_REPRESENTATION('',(#3827),#3831);
#3827 = LINE('',#3828,#3829);
#3828 = CARTESIAN_POINT('',(1.7763568394E-15,0.699344789416));
#3829 = VECTOR('',#3830,1.);
#3830 = DIRECTION('',(1.,0.));
#3831 = ( GEOMETRIC_REPRESENTATION_CONTEXT(2) 
PARAMETRIC_REPRESENTATION_CONTEXT() REPRESENTATION_CONTEXT('2D SPACE',''
  ) );
#3832 = PCURVE('',#3680,#3833);
#3833 = DEFINITIONAL_REPRESENTATION('',(#3834),#3860);
#3834 = B_SPLINE_CURVE_WITH_KNOTS('',3,(#3835,#3836,#3837,#3838,#3839,
    #3840,#3841,#3842,#3843,#3844,#3845,#3846,#3847,#3848,#3849,#3850,
    #3851,#3852,#3853,#3854,#3855,#3856,#3857,#3858,#3859),
  .UNSPECIFIED.,.F.,.F.,(4,1,1,1,1,1,1,1,1,1,1,1,1,1,1,1,1,1,1,1,1,1,4),
  (4.71269356688,4.784079555075,4.855465543271,4.926851531466,
    4.998237519662,5.069623507857,5.141009496052,5.212395484248,
    5.283781472443,5.355167460639,5.426553448834,5.49793943703,
    5.569325425225,5.640711413421,5.712097401616,5.783483389811,
    5.854869378007,5.926255366202,5.997641354398,6.069027342593,
    6.140413330789,6.211799318984,6.28318530718),.QUASI_UNIFORM_KNOTS.);
#3835 = CARTESIAN_POINT('',(1.,6.604613312557E-03));
#3836 = CARTESIAN_POINT('',(0.983109183275,6.898335458019E-03));
#3837 = CARTESIAN_POINT('',(0.949819099895,7.485504132497E-03));
#3838 = CARTESIAN_POINT('',(0.901190147388,8.374914361845E-03));
#3839 = CARTESIAN_POINT('',(0.853693399759,9.282203419137E-03));
#3840 = CARTESIAN_POINT('',(0.807174104458,1.021751151299E-02));
#3841 = CARTESIAN_POINT('',(0.761487205047,1.119215871405E-02));
#3842 = CARTESIAN_POINT('',(0.716497374178,1.221928954164E-02));
#3843 = CARTESIAN_POINT('',(0.67207679326,1.331462817147E-02));
#3844 = CARTESIAN_POINT('',(0.628103780505,1.449755802482E-02));
#3845 = CARTESIAN_POINT('',(0.584461384235,1.579258624787E-02));
#3846 = CARTESIAN_POINT('',(0.541036139613,1.723175428615E-02));
#3847 = CARTESIAN_POINT('',(0.497716886884,1.885736547235E-02));
#3848 = CARTESIAN_POINT('',(0.454393704417,2.072986102959E-02));
#3849 = CARTESIAN_POINT('',(0.410956727279,2.292730085513E-02));
#3850 = CARTESIAN_POINT('',(0.36729564974,2.559548460092E-02));
#3851 = CARTESIAN_POINT('',(0.323296974907,2.884541334466E-02));
#3852 = CARTESIAN_POINT('',(0.278850187949,3.32933940269E-02));
#3853 = CARTESIAN_POINT('',(0.233821805588,3.836124184442E-02));
#3854 = CARTESIAN_POINT('',(0.188152420667,4.931727082686E-02));
#3855 = CARTESIAN_POINT('',(0.141503919834,5.274642315931E-02));
#3856 = CARTESIAN_POINT('',(9.461757001638E-02,0.113337948608));
#3857 = CARTESIAN_POINT('',(4.443484071762E-02,3.343801654544E-02));
#3858 = CARTESIAN_POINT('',(1.725672789035E-02,0.518989306595));
#3859 = CARTESIAN_POINT('',(6.604613312558E-03,1.));
#3860 = ( GEOMETRIC_REPRESENTATION_CONTEXT(2) 
PARAMETRIC_REPRESENTATION_CONTEXT() REPRESENTATION_CONTEXT('2D SPACE',''
  ) );
#3861 = ORIENTED_EDGE('',*,*,#3358,.F.);
#3862 = ORIENTED_EDGE('',*,*,#3035,.T.);
#3863 = ORIENTED_EDGE('',*,*,#3485,.F.);
#3864 = ADVANCED_FACE('',(#3865),#3135,.T.);
#3865 = FACE_BOUND('',#3866,.T.);
#3866 = EDGE_LOOP('',(#3867,#3911,#3912,#3913));
#3867 = ORIENTED_EDGE('',*,*,#3868,.T.);
#3868 = EDGE_CURVE('',#3382,#3611,#3869,.T.);
#3869 = SURFACE_CURVE('',#3870,(#3875,#3882),.PCURVE_S1.);
#3870 = CIRCLE('',#3871,0.5);
#3871 = AXIS2_PLACEMENT_3D('',#3872,#3873,#3874);
#3872 = CARTESIAN_POINT('',(12.068897290634,12.068897290634,0.5));
#3873 = DIRECTION('',(1.744974916068E-02,1.744974916068E-02,
    0.999695459882));
#3874 = DIRECTION('',(0.999847695156,1.246832498358E-18,
    -1.745240643728E-02));
#3875 = PCURVE('',#3135,#3876);
#3876 = DEFINITIONAL_REPRESENTATION('',(#3877),#3881);
#3877 = LINE('',#3878,#3879);
#3878 = CARTESIAN_POINT('',(0.,0.699344789416));
#3879 = VECTOR('',#3880,1.);
#3880 = DIRECTION('',(1.,-7.069270064504E-17));
#3881 = ( GEOMETRIC_REPRESENTATION_CONTEXT(2) 
PARAMETRIC_REPRESENTATION_CONTEXT() REPRESENTATION_CONTEXT('2D SPACE',''
  ) );
#3882 = PCURVE('',#3769,#3883);
#3883 = DEFINITIONAL_REPRESENTATION('',(#3884),#3910);
#3884 = B_SPLINE_CURVE_WITH_KNOTS('',3,(#3885,#3886,#3887,#3888,#3889,
    #3890,#3891,#3892,#3893,#3894,#3895,#3896,#3897,#3898,#3899,#3900,
    #3901,#3902,#3903,#3904,#3905,#3906,#3907,#3908,#3909),
  .UNSPECIFIED.,.F.,.F.,(4,1,1,1,1,1,1,1,1,1,1,1,1,1,1,1,1,1,1,1,1,1,4),
  (0.,7.138598819545E-02,0.142771976391,0.214157964586,0.285543952782,
    0.356929940977,0.428315929173,0.499701917368,0.571087905564,
    0.642473893759,0.713859881954,0.78524587015,0.856631858345,
    0.928017846541,0.999403834736,1.070789822932,1.142175811127,
    1.213561799323,1.284947787518,1.356333775713,1.427719763909,
    1.499105752104,1.5704917403),.QUASI_UNIFORM_KNOTS.);
#3885 = CARTESIAN_POINT('',(6.604613312556E-03,0.));
#3886 = CARTESIAN_POINT('',(1.725672789035E-02,0.481010693405));
#3887 = CARTESIAN_POINT('',(4.443484071762E-02,0.966561983455));
#3888 = CARTESIAN_POINT('',(9.461757001637E-02,0.886662051392));
#3889 = CARTESIAN_POINT('',(0.141503919834,0.947253576841));
#3890 = CARTESIAN_POINT('',(0.188152420667,0.950682729173));
#3891 = CARTESIAN_POINT('',(0.233821805588,0.961638758156));
#3892 = CARTESIAN_POINT('',(0.278850187949,0.966706605973));
#3893 = CARTESIAN_POINT('',(0.323296974907,0.971154586655));
#3894 = CARTESIAN_POINT('',(0.36729564974,0.974404515399));
#3895 = CARTESIAN_POINT('',(0.410956727279,0.977072699145));
#3896 = CARTESIAN_POINT('',(0.454393704417,0.97927013897));
#3897 = CARTESIAN_POINT('',(0.497716886884,0.981142634528));
#3898 = CARTESIAN_POINT('',(0.541036139613,0.982768245714));
#3899 = CARTESIAN_POINT('',(0.584461384235,0.984207413752));
#3900 = CARTESIAN_POINT('',(0.628103780505,0.985502441975));
#3901 = CARTESIAN_POINT('',(0.67207679326,0.986685371829));
#3902 = CARTESIAN_POINT('',(0.716497374178,0.987780710458));
#3903 = CARTESIAN_POINT('',(0.761487205047,0.988807841286));
#3904 = CARTESIAN_POINT('',(0.807174104458,0.989782488487));
#3905 = CARTESIAN_POINT('',(0.853693399759,0.990717796581));
#3906 = CARTESIAN_POINT('',(0.901190147388,0.991625085638));
#3907 = CARTESIAN_POINT('',(0.949819099895,0.992514495868));
#3908 = CARTESIAN_POINT('',(0.983109183275,0.993101664542));
#3909 = CARTESIAN_POINT('',(1.,0.993395386687));
#3910 = ( GEOMETRIC_REPRESENTATION_CONTEXT(2) 
PARAMETRIC_REPRESENTATION_CONTEXT() REPRESENTATION_CONTEXT('2D SPACE',''
  ) );
#3911 = ORIENTED_EDGE('',*,*,#3610,.F.);
#3912 = ORIENTED_EDGE('',*,*,#3117,.T.);
#3913 = ORIENTED_EDGE('',*,*,#3409,.F.);
#3914 = ADVANCED_FACE('',(#3915),#3473,.T.);
#3915 = FACE_BOUND('',#3916,.T.);
#3916 = EDGE_LOOP('',(#3917,#3918,#3981,#4002));
#3917 = ORIENTED_EDGE('',*,*,#3457,.F.);
#3918 = ORIENTED_EDGE('',*,*,#3919,.T.);
#3919 = EDGE_CURVE('',#3435,#3920,#3922,.T.);
#3920 = VERTEX_POINT('',#3921);
#3921 = CARTESIAN_POINT('',(-12.06889729063,-12.06889729063,0.));
#3922 = SURFACE_CURVE('',#3923,(#3928,#3935),.PCURVE_S1.);
#3923 = CIRCLE('',#3924,0.5);
#3924 = AXIS2_PLACEMENT_3D('',#3925,#3926,#3927);
#3925 = CARTESIAN_POINT('',(-12.06889729063,-12.06889729063,0.5));
#3926 = DIRECTION('',(1.,0.,-0.));
#3927 = DIRECTION('',(0.,0.,1.));
#3928 = PCURVE('',#3473,#3929);
#3929 = DEFINITIONAL_REPRESENTATION('',(#3930),#3934);
#3930 = LINE('',#3931,#3932);
#3931 = CARTESIAN_POINT('',(6.28318530718,18.493897290634));
#3932 = VECTOR('',#3933,1.);
#3933 = DIRECTION('',(-1.,0.));
#3934 = ( GEOMETRIC_REPRESENTATION_CONTEXT(2) 
PARAMETRIC_REPRESENTATION_CONTEXT() REPRESENTATION_CONTEXT('2D SPACE',''
  ) );
#3935 = PCURVE('',#3936,#3953);
#3936 = ( BOUNDED_SURFACE() B_SPLINE_SURFACE(3,3,(
    (#3937,#3938,#3939,#3940)
    ,(#3941,#3942,#3943,#3944)
    ,(#3945,#3946,#3947,#3948)
    ,(#3949,#3950,#3951,#3952
)),.UNSPECIFIED.,.F.,.F.,.F.) B_SPLINE_SURFACE_WITH_KNOTS((4,4),(4,4),(
    0.,1.),(0.,1.),.PIECEWISE_BEZIER_KNOTS.) 
GEOMETRIC_REPRESENTATION_ITEM() RATIONAL_B_SPLINE_SURFACE((
    (1.,0.80665097266,0.80665097266,1.)
    ,(0.806650972662,0.650685791695,0.650685791695,0.806650972662)
    ,(0.806650972662,0.650685791695,0.650685791695,0.806650972662)
,(1.,0.80665097266,0.80665097266,1.
  ))) REPRESENTATION_ITEM('') SURFACE() );
#3937 = CARTESIAN_POINT('',(-12.06889729063,-12.56888075335,
    0.495933427677));
#3938 = CARTESIAN_POINT('',(-12.06889729063,-12.56651394403,
    0.204935155551));
#3939 = CARTESIAN_POINT('',(-12.06889729063,-12.35990518771,
    -1.499310145386E-12));
#3940 = CARTESIAN_POINT('',(-12.06889729063,-12.06889729063,0.));
#3941 = CARTESIAN_POINT('',(-12.35990518771,-12.56888075335,
    0.495933427677));
#3942 = CARTESIAN_POINT('',(-12.35990518771,-12.56651394403,
    0.204935155551));
#3943 = CARTESIAN_POINT('',(-12.35990518771,-12.35990518771,
    -1.49757542191E-12));
#3944 = CARTESIAN_POINT('',(-12.35990518771,-12.06889729063,
    1.734723475977E-15));
#3945 = CARTESIAN_POINT('',(-12.56651394403,-12.36395237593,
    0.49760019494));
#3946 = CARTESIAN_POINT('',(-12.56651394403,-12.36255565149,
    0.325873475142));
#3947 = CARTESIAN_POINT('',(-12.56651394403,-12.2406296904,
    0.204935155552));
#3948 = CARTESIAN_POINT('',(-12.56651394403,-12.06889729063,
    0.204935155552));
#3949 = CARTESIAN_POINT('',(-12.56888075335,-12.07296372845,
    0.499966925979));
#3950 = CARTESIAN_POINT('',(-12.56888075335,-12.07294447885,
    0.49760019494));
#3951 = CARTESIAN_POINT('',(-12.56888075335,-12.07126409995,
    0.495933427677));
#3952 = CARTESIAN_POINT('',(-12.56888075335,-12.06889729063,
    0.495933427677));
#3953 = DEFINITIONAL_REPRESENTATION('',(#3954),#3980);
#3954 = B_SPLINE_CURVE_WITH_KNOTS('',3,(#3955,#3956,#3957,#3958,#3959,
    #3960,#3961,#3962,#3963,#3964,#3965,#3966,#3967,#3968,#3969,#3970,
    #3971,#3972,#3973,#3974,#3975,#3976,#3977,#3978,#3979),
  .UNSPECIFIED.,.F.,.F.,(4,1,1,1,1,1,1,1,1,1,1,1,1,1,1,1,1,1,1,1,1,1,4),
  (1.588249619315,1.658856120873,1.729462622431,1.800069123989,
    1.870675625547,1.941282127105,2.011888628663,2.082495130221,
    2.153101631778,2.223708133336,2.294314634894,2.364921136452,
    2.43552763801,2.506134139568,2.576740641126,2.647347142684,
    2.717953644242,2.7885601458,2.859166647358,2.929773148916,
    3.000379650474,3.070986152032,3.14159265359),.QUASI_UNIFORM_KNOTS.);
#3955 = CARTESIAN_POINT('',(0.,6.604613312561E-03));
#3956 = CARTESIAN_POINT('',(0.,2.325000998373E-02));
#3957 = CARTESIAN_POINT('',(0.,5.606782450697E-02));
#3958 = CARTESIAN_POINT('',(0.,0.104037189993));
#3959 = CARTESIAN_POINT('',(0.,0.150915933942));
#3960 = CARTESIAN_POINT('',(0.,0.19685275));
#3961 = CARTESIAN_POINT('',(0.,0.24198721648));
#3962 = CARTESIAN_POINT('',(0.,0.286449766107));
#3963 = CARTESIAN_POINT('',(0.,0.330363775858));
#3964 = CARTESIAN_POINT('',(0.,0.373846866535));
#3965 = CARTESIAN_POINT('',(0.,0.417012240216));
#3966 = CARTESIAN_POINT('',(0.,0.459969875098));
#3967 = CARTESIAN_POINT('',(0.,0.502827662367));
#3968 = CARTESIAN_POINT('',(0.,0.545692495089));
#3969 = CARTESIAN_POINT('',(0.,0.588671336632));
#3970 = CARTESIAN_POINT('',(0.,0.631872290599));
#3971 = CARTESIAN_POINT('',(0.,0.675405694233));
#3972 = CARTESIAN_POINT('',(0.,0.719385263091));
#3973 = CARTESIAN_POINT('',(0.,0.763929296922));
#3974 = CARTESIAN_POINT('',(0.,0.809162033101));
#3975 = CARTESIAN_POINT('',(0.,0.855214962854));
#3976 = CARTESIAN_POINT('',(0.,0.902228957426));
#3977 = CARTESIAN_POINT('',(0.,0.950354226889));
#3978 = CARTESIAN_POINT('',(-0.,0.983291037488));
#3979 = CARTESIAN_POINT('',(0.,1.));
#3980 = ( GEOMETRIC_REPRESENTATION_CONTEXT(2) 
PARAMETRIC_REPRESENTATION_CONTEXT() REPRESENTATION_CONTEXT('2D SPACE',''
  ) );
#3981 = ORIENTED_EDGE('',*,*,#3982,.T.);
#3982 = EDGE_CURVE('',#3920,#3664,#3983,.T.);
#3983 = SURFACE_CURVE('',#3984,(#3988,#3995),.PCURVE_S1.);
#3984 = LINE('',#3985,#3986);
#3985 = CARTESIAN_POINT('',(6.425,-12.06889729063,0.));
#3986 = VECTOR('',#3987,1.);
#3987 = DIRECTION('',(1.,-0.,-0.));
#3988 = PCURVE('',#3473,#3989);
#3989 = DEFINITIONAL_REPRESENTATION('',(#3990),#3994);
#3990 = LINE('',#3991,#3992);
#3991 = CARTESIAN_POINT('',(3.14159265359,0.));
#3992 = VECTOR('',#3993,1.);
#3993 = DIRECTION('',(0.,-1.));
#3994 = ( GEOMETRIC_REPRESENTATION_CONTEXT(2) 
PARAMETRIC_REPRESENTATION_CONTEXT() REPRESENTATION_CONTEXT('2D SPACE',''
  ) );
#3995 = PCURVE('',#3742,#3996);
#3996 = DEFINITIONAL_REPRESENTATION('',(#3997),#4001);
#3997 = LINE('',#3998,#3999);
#3998 = CARTESIAN_POINT('',(6.425,-12.06889729063));
#3999 = VECTOR('',#4000,1.);
#4000 = DIRECTION('',(1.,-0.));
#4001 = ( GEOMETRIC_REPRESENTATION_CONTEXT(2) 
PARAMETRIC_REPRESENTATION_CONTEXT() REPRESENTATION_CONTEXT('2D SPACE',''
  ) );
#4002 = ORIENTED_EDGE('',*,*,#4003,.T.);
#4003 = EDGE_CURVE('',#3664,#3458,#4004,.T.);
#4004 = SURFACE_CURVE('',#4005,(#4010,#4017),.PCURVE_S1.);
#4005 = CIRCLE('',#4006,0.5);
#4006 = AXIS2_PLACEMENT_3D('',#4007,#4008,#4009);
#4007 = CARTESIAN_POINT('',(12.068897290634,-12.06889729063,0.5));
#4008 = DIRECTION('',(-1.,0.,0.));
#4009 = DIRECTION('',(0.,0.,1.));
#4010 = PCURVE('',#3473,#4011);
#4011 = DEFINITIONAL_REPRESENTATION('',(#4012),#4016);
#4012 = LINE('',#4013,#4014);
#4013 = CARTESIAN_POINT('',(0.,-5.643897290634));
#4014 = VECTOR('',#4015,1.);
#4015 = DIRECTION('',(1.,0.));
#4016 = ( GEOMETRIC_REPRESENTATION_CONTEXT(2) 
PARAMETRIC_REPRESENTATION_CONTEXT() REPRESENTATION_CONTEXT('2D SPACE',''
  ) );
#4017 = PCURVE('',#3680,#4018);
#4018 = DEFINITIONAL_REPRESENTATION('',(#4019),#4045);
#4019 = B_SPLINE_CURVE_WITH_KNOTS('',3,(#4020,#4021,#4022,#4023,#4024,
    #4025,#4026,#4027,#4028,#4029,#4030,#4031,#4032,#4033,#4034,#4035,
    #4036,#4037,#4038,#4039,#4040,#4041,#4042,#4043,#4044),
  .UNSPECIFIED.,.F.,.F.,(4,1,1,1,1,1,1,1,1,1,1,1,1,1,1,1,1,1,1,1,1,1,4),
  (3.14159265359,3.212199155148,3.282805656706,3.353412158264,
    3.424018659822,3.49462516138,3.565231662938,3.635838164495,
    3.706444666053,3.777051167611,3.847657669169,3.918264170727,
    3.988870672285,4.059477173843,4.130083675401,4.200690176959,
    4.271296678517,4.341903180075,4.412509681633,4.483116183191,
    4.553722684749,4.624329186307,4.694935687865),
  .QUASI_UNIFORM_KNOTS.);
#4020 = CARTESIAN_POINT('',(1.,1.));
#4021 = CARTESIAN_POINT('',(1.,0.98329103749));
#4022 = CARTESIAN_POINT('',(1.,0.950354226893));
#4023 = CARTESIAN_POINT('',(1.,0.902228957429));
#4024 = CARTESIAN_POINT('',(1.,0.855214962857));
#4025 = CARTESIAN_POINT('',(1.,0.809162033104));
#4026 = CARTESIAN_POINT('',(1.,0.763929296924));
#4027 = CARTESIAN_POINT('',(1.,0.719385263093));
#4028 = CARTESIAN_POINT('',(1.,0.675405694235));
#4029 = CARTESIAN_POINT('',(1.,0.631872290601));
#4030 = CARTESIAN_POINT('',(1.,0.588671336634));
#4031 = CARTESIAN_POINT('',(1.,0.54569249509));
#4032 = CARTESIAN_POINT('',(1.,0.502827662369));
#4033 = CARTESIAN_POINT('',(1.,0.459969875099));
#4034 = CARTESIAN_POINT('',(1.,0.417012240218));
#4035 = CARTESIAN_POINT('',(1.,0.373846866536));
#4036 = CARTESIAN_POINT('',(1.,0.330363775859));
#4037 = CARTESIAN_POINT('',(1.,0.286449766107));
#4038 = CARTESIAN_POINT('',(1.,0.241987216481));
#4039 = CARTESIAN_POINT('',(1.,0.196852750001));
#4040 = CARTESIAN_POINT('',(1.,0.150915933942));
#4041 = CARTESIAN_POINT('',(1.,0.104037189993));
#4042 = CARTESIAN_POINT('',(1.,5.60678245071E-02));
#4043 = CARTESIAN_POINT('',(1.,2.325000998377E-02));
#4044 = CARTESIAN_POINT('',(1.,6.604613312557E-03));
#4045 = ( GEOMETRIC_REPRESENTATION_CONTEXT(2) 
PARAMETRIC_REPRESENTATION_CONTEXT() REPRESENTATION_CONTEXT('2D SPACE',''
  ) );
#4046 = ADVANCED_FACE('',(#4047),#3295,.T.);
#4047 = FACE_BOUND('',#4048,.T.);
#4048 = EDGE_LOOP('',(#4049,#4093,#4094,#4095));
#4049 = ORIENTED_EDGE('',*,*,#4050,.T.);
#4050 = EDGE_CURVE('',#3511,#3435,#4051,.T.);
#4051 = SURFACE_CURVE('',#4052,(#4057,#4064),.PCURVE_S1.);
#4052 = CIRCLE('',#4053,0.5);
#4053 = AXIS2_PLACEMENT_3D('',#4054,#4055,#4056);
#4054 = CARTESIAN_POINT('',(-12.06889729063,-12.06889729063,0.5));
#4055 = DIRECTION('',(-1.744974916068E-02,-1.744974916068E-02,
    0.999695459882));
#4056 = DIRECTION('',(0.999847695156,1.246832498358E-18,
    1.745240643728E-02));
#4057 = PCURVE('',#3295,#4058);
#4058 = DEFINITIONAL_REPRESENTATION('',(#4059),#4063);
#4059 = LINE('',#4060,#4061);
#4060 = CARTESIAN_POINT('',(0.,0.699344789416));
#4061 = VECTOR('',#4062,1.);
#4062 = DIRECTION('',(1.,0.));
#4063 = ( GEOMETRIC_REPRESENTATION_CONTEXT(2) 
PARAMETRIC_REPRESENTATION_CONTEXT() REPRESENTATION_CONTEXT('2D SPACE',''
  ) );
#4064 = PCURVE('',#3936,#4065);
#4065 = DEFINITIONAL_REPRESENTATION('',(#4066),#4092);
#4066 = B_SPLINE_CURVE_WITH_KNOTS('',3,(#4067,#4068,#4069,#4070,#4071,
    #4072,#4073,#4074,#4075,#4076,#4077,#4078,#4079,#4080,#4081,#4082,
    #4083,#4084,#4085,#4086,#4087,#4088,#4089,#4090,#4091),
  .UNSPECIFIED.,.F.,.F.,(4,1,1,1,1,1,1,1,1,1,1,1,1,1,1,1,1,1,1,1,1,1,4),
  (3.14159265359,3.212978641785,3.284364629981,3.355750618176,
    3.427136606372,3.498522594567,3.569908582762,3.641294570958,
    3.712680559153,3.784066547349,3.855452535544,3.92683852374,
    3.998224511935,4.069610500131,4.140996488326,4.212382476521,
    4.283768464717,4.355154452912,4.426540441108,4.497926429303,
    4.569312417499,4.640698405694,4.71208439389),.QUASI_UNIFORM_KNOTS.);
#4067 = CARTESIAN_POINT('',(0.993395386687,1.));
#4068 = CARTESIAN_POINT('',(0.98274327211,0.518989306595));
#4069 = CARTESIAN_POINT('',(0.955565159282,3.343801654487E-02));
#4070 = CARTESIAN_POINT('',(0.905382429984,0.113337948608));
#4071 = CARTESIAN_POINT('',(0.858496080166,5.274642315915E-02));
#4072 = CARTESIAN_POINT('',(0.811847579333,4.931727082676E-02));
#4073 = CARTESIAN_POINT('',(0.766178194412,3.836124184434E-02));
#4074 = CARTESIAN_POINT('',(0.721149812051,3.329339402683E-02));
#4075 = CARTESIAN_POINT('',(0.676703025093,2.88454133446E-02));
#4076 = CARTESIAN_POINT('',(0.63270435026,2.559548460087E-02));
#4077 = CARTESIAN_POINT('',(0.589043272721,2.292730085509E-02));
#4078 = CARTESIAN_POINT('',(0.545606295583,2.072986102956E-02));
#4079 = CARTESIAN_POINT('',(0.502283113116,1.885736547233E-02));
#4080 = CARTESIAN_POINT('',(0.458963860387,1.723175428613E-02));
#4081 = CARTESIAN_POINT('',(0.415538615765,1.579258624785E-02));
#4082 = CARTESIAN_POINT('',(0.371896219495,1.44975580248E-02));
#4083 = CARTESIAN_POINT('',(0.32792320674,1.331462817146E-02));
#4084 = CARTESIAN_POINT('',(0.283502625822,1.221928954163E-02));
#4085 = CARTESIAN_POINT('',(0.238512794953,1.119215871404E-02));
#4086 = CARTESIAN_POINT('',(0.192825895542,1.021751151298E-02));
#4087 = CARTESIAN_POINT('',(0.146306600241,9.282203419132E-03));
#4088 = CARTESIAN_POINT('',(9.880985261152E-02,8.374914361842E-03));
#4089 = CARTESIAN_POINT('',(5.018090010482E-02,7.485504132497E-03));
#4090 = CARTESIAN_POINT('',(1.689081672492E-02,6.89833545802E-03));
#4091 = CARTESIAN_POINT('',(0.,6.604613312559E-03));
#4092 = ( GEOMETRIC_REPRESENTATION_CONTEXT(2) 
PARAMETRIC_REPRESENTATION_CONTEXT() REPRESENTATION_CONTEXT('2D SPACE',''
  ) );
#4093 = ORIENTED_EDGE('',*,*,#3434,.F.);
#4094 = ORIENTED_EDGE('',*,*,#3277,.T.);
#4095 = ORIENTED_EDGE('',*,*,#3510,.F.);
#4096 = ADVANCED_FACE('',(#4097),#3571,.T.);
#4097 = FACE_BOUND('',#4098,.T.);
#4098 = EDGE_LOOP('',(#4099,#4100,#4163,#4184));
#4099 = ORIENTED_EDGE('',*,*,#3557,.F.);
#4100 = ORIENTED_EDGE('',*,*,#4101,.T.);
#4101 = EDGE_CURVE('',#3535,#4102,#4104,.T.);
#4102 = VERTEX_POINT('',#4103);
#4103 = CARTESIAN_POINT('',(-12.06889729063,12.068897290634,0.));
#4104 = SURFACE_CURVE('',#4105,(#4110,#4117),.PCURVE_S1.);
#4105 = CIRCLE('',#4106,0.5);
#4106 = AXIS2_PLACEMENT_3D('',#4107,#4108,#4109);
#4107 = CARTESIAN_POINT('',(-12.06889729063,12.068897290634,0.5));
#4108 = DIRECTION('',(0.,-1.,0.));
#4109 = DIRECTION('',(0.,0.,1.));
#4110 = PCURVE('',#3571,#4111);
#4111 = DEFINITIONAL_REPRESENTATION('',(#4112),#4116);
#4112 = LINE('',#4113,#4114);
#4113 = CARTESIAN_POINT('',(6.28318530718,18.493897290634));
#4114 = VECTOR('',#4115,1.);
#4115 = DIRECTION('',(-1.,0.));
#4116 = ( GEOMETRIC_REPRESENTATION_CONTEXT(2) 
PARAMETRIC_REPRESENTATION_CONTEXT() REPRESENTATION_CONTEXT('2D SPACE',''
  ) );
#4117 = PCURVE('',#4118,#4135);
#4118 = ( BOUNDED_SURFACE() B_SPLINE_SURFACE(3,3,(
    (#4119,#4120,#4121,#4122)
    ,(#4123,#4124,#4125,#4126)
    ,(#4127,#4128,#4129,#4130)
    ,(#4131,#4132,#4133,#4134
)),.UNSPECIFIED.,.F.,.F.,.F.) B_SPLINE_SURFACE_WITH_KNOTS((4,4),(4,4),(
    0.,1.),(0.,1.),.PIECEWISE_BEZIER_KNOTS.) 
GEOMETRIC_REPRESENTATION_ITEM() RATIONAL_B_SPLINE_SURFACE((
    (1.,0.806650972661,0.806650972661,1.)
    ,(0.806650972662,0.650685791696,0.650685791696,0.806650972662)
    ,(0.806650972662,0.650685791696,0.650685791696,0.806650972662)
,(1.,0.806650972661,0.806650972661,1.
))) REPRESENTATION_ITEM('') SURFACE() );
#4119 = CARTESIAN_POINT('',(-12.06889729063,12.068897290634,
    4.336808689942E-16));
#4120 = CARTESIAN_POINT('',(-12.06889729063,12.359905187718,
    -5.711559743852E-14));
#4121 = CARTESIAN_POINT('',(-12.06889729063,12.56651394403,
    0.204935155552));
#4122 = CARTESIAN_POINT('',(-12.06889729063,12.56888075335,
    0.495933427677));
#4123 = CARTESIAN_POINT('',(-12.35990518771,12.068897290634,
    4.158617745096E-16));
#4124 = CARTESIAN_POINT('',(-12.35990518771,12.359905187718,
    -5.713341653301E-14));
#4125 = CARTESIAN_POINT('',(-12.35990518771,12.56651394403,
    0.204935155552));
#4126 = CARTESIAN_POINT('',(-12.35990518771,12.56888075335,
    0.495933427677));
#4127 = CARTESIAN_POINT('',(-12.56651394403,12.068897290634,
    0.204935155552));
#4128 = CARTESIAN_POINT('',(-12.56651394403,12.240629690406,
    0.204935155552));
#4129 = CARTESIAN_POINT('',(-12.56651394403,12.362555651491,
    0.325873475142));
#4130 = CARTESIAN_POINT('',(-12.56651394403,12.363952375939,
    0.49760019494));
#4131 = CARTESIAN_POINT('',(-12.56888075335,12.068897290634,
    0.495933427677));
#4132 = CARTESIAN_POINT('',(-12.56888075335,12.071264099954,
    0.495933427677));
#4133 = CARTESIAN_POINT('',(-12.56888075335,12.072944478854,
    0.49760019494));
#4134 = CARTESIAN_POINT('',(-12.56888075335,12.072963728457,
    0.499966925979));
#4135 = DEFINITIONAL_REPRESENTATION('',(#4136),#4162);
#4136 = B_SPLINE_CURVE_WITH_KNOTS('',3,(#4137,#4138,#4139,#4140,#4141,
    #4142,#4143,#4144,#4145,#4146,#4147,#4148,#4149,#4150,#4151,#4152,
    #4153,#4154,#4155,#4156,#4157,#4158,#4159,#4160,#4161),
  .UNSPECIFIED.,.F.,.F.,(4,1,1,1,1,1,1,1,1,1,1,1,1,1,1,1,1,1,1,1,1,1,4),
  (1.588249619315,1.658856120873,1.729462622431,1.800069123989,
    1.870675625547,1.941282127105,2.011888628663,2.082495130221,
    2.153101631778,2.223708133336,2.294314634894,2.364921136452,
    2.43552763801,2.506134139568,2.576740641126,2.647347142684,
    2.717953644242,2.7885601458,2.859166647358,2.929773148916,
    3.000379650474,3.070986152032,3.14159265359),.QUASI_UNIFORM_KNOTS.);
#4137 = CARTESIAN_POINT('',(0.993395386687,0.));
#4138 = CARTESIAN_POINT('',(0.976749990016,0.));
#4139 = CARTESIAN_POINT('',(0.943932175493,0.));
#4140 = CARTESIAN_POINT('',(0.895962810007,0.));
#4141 = CARTESIAN_POINT('',(0.849084066058,0.));
#4142 = CARTESIAN_POINT('',(0.803147249999,0.));
#4143 = CARTESIAN_POINT('',(0.758012783519,0.));
#4144 = CARTESIAN_POINT('',(0.713550233893,0.));
#4145 = CARTESIAN_POINT('',(0.669636224141,0.));
#4146 = CARTESIAN_POINT('',(0.626153133464,0.));
#4147 = CARTESIAN_POINT('',(0.582987759782,0.));
#4148 = CARTESIAN_POINT('',(0.540030124901,0.));
#4149 = CARTESIAN_POINT('',(0.497172337631,0.));
#4150 = CARTESIAN_POINT('',(0.45430750491,0.));
#4151 = CARTESIAN_POINT('',(0.411328663366,0.));
#4152 = CARTESIAN_POINT('',(0.368127709399,0.));
#4153 = CARTESIAN_POINT('',(0.324594305765,0.));
#4154 = CARTESIAN_POINT('',(0.280614736907,0.));
#4155 = CARTESIAN_POINT('',(0.236070703076,0.));
#4156 = CARTESIAN_POINT('',(0.190837966896,0.));
#4157 = CARTESIAN_POINT('',(0.144785037143,0.));
#4158 = CARTESIAN_POINT('',(9.777104257099E-02,0.));
#4159 = CARTESIAN_POINT('',(4.964577310737E-02,0.));
#4160 = CARTESIAN_POINT('',(1.670896251002E-02,-0.));
#4161 = CARTESIAN_POINT('',(0.,0.));
#4162 = ( GEOMETRIC_REPRESENTATION_CONTEXT(2) 
PARAMETRIC_REPRESENTATION_CONTEXT() REPRESENTATION_CONTEXT('2D SPACE',''
  ) );
#4163 = ORIENTED_EDGE('',*,*,#4164,.T.);
#4164 = EDGE_CURVE('',#4102,#3920,#4165,.T.);
#4165 = SURFACE_CURVE('',#4166,(#4170,#4177),.PCURVE_S1.);
#4166 = LINE('',#4167,#4168);
#4167 = CARTESIAN_POINT('',(-12.06889729063,-6.425,0.));
#4168 = VECTOR('',#4169,1.);
#4169 = DIRECTION('',(-0.,-1.,-0.));
#4170 = PCURVE('',#3571,#4171);
#4171 = DEFINITIONAL_REPRESENTATION('',(#4172),#4176);
#4172 = LINE('',#4173,#4174);
#4173 = CARTESIAN_POINT('',(3.14159265359,0.));
#4174 = VECTOR('',#4175,1.);
#4175 = DIRECTION('',(0.,-1.));
#4176 = ( GEOMETRIC_REPRESENTATION_CONTEXT(2) 
PARAMETRIC_REPRESENTATION_CONTEXT() REPRESENTATION_CONTEXT('2D SPACE',''
  ) );
#4177 = PCURVE('',#3742,#4178);
#4178 = DEFINITIONAL_REPRESENTATION('',(#4179),#4183);
#4179 = LINE('',#4180,#4181);
#4180 = CARTESIAN_POINT('',(-12.06889729063,-6.425));
#4181 = VECTOR('',#4182,1.);
#4182 = DIRECTION('',(0.,-1.));
#4183 = ( GEOMETRIC_REPRESENTATION_CONTEXT(2) 
PARAMETRIC_REPRESENTATION_CONTEXT() REPRESENTATION_CONTEXT('2D SPACE',''
  ) );
#4184 = ORIENTED_EDGE('',*,*,#4185,.T.);
#4185 = EDGE_CURVE('',#3920,#3511,#4186,.T.);
#4186 = SURFACE_CURVE('',#4187,(#4192,#4199),.PCURVE_S1.);
#4187 = CIRCLE('',#4188,0.5);
#4188 = AXIS2_PLACEMENT_3D('',#4189,#4190,#4191);
#4189 = CARTESIAN_POINT('',(-12.06889729063,-12.06889729063,0.5));
#4190 = DIRECTION('',(0.,1.,0.));
#4191 = DIRECTION('',(0.,-0.,1.));
#4192 = PCURVE('',#3571,#4193);
#4193 = DEFINITIONAL_REPRESENTATION('',(#4194),#4198);
#4194 = LINE('',#4195,#4196);
#4195 = CARTESIAN_POINT('',(0.,-5.643897290634));
#4196 = VECTOR('',#4197,1.);
#4197 = DIRECTION('',(1.,0.));
#4198 = ( GEOMETRIC_REPRESENTATION_CONTEXT(2) 
PARAMETRIC_REPRESENTATION_CONTEXT() REPRESENTATION_CONTEXT('2D SPACE',''
  ) );
#4199 = PCURVE('',#3936,#4200);
#4200 = DEFINITIONAL_REPRESENTATION('',(#4201),#4227);
#4201 = B_SPLINE_CURVE_WITH_KNOTS('',3,(#4202,#4203,#4204,#4205,#4206,
    #4207,#4208,#4209,#4210,#4211,#4212,#4213,#4214,#4215,#4216,#4217,
    #4218,#4219,#4220,#4221,#4222,#4223,#4224,#4225,#4226),
  .UNSPECIFIED.,.F.,.F.,(4,1,1,1,1,1,1,1,1,1,1,1,1,1,1,1,1,1,1,1,1,1,4),
  (3.14159265359,3.212199155148,3.282805656706,3.353412158264,
    3.424018659822,3.49462516138,3.565231662938,3.635838164495,
    3.706444666053,3.777051167611,3.847657669169,3.918264170727,
    3.988870672285,4.059477173843,4.130083675401,4.200690176959,
    4.271296678517,4.341903180075,4.412509681633,4.483116183191,
    4.553722684749,4.624329186307,4.694935687865),
  .QUASI_UNIFORM_KNOTS.);
#4202 = CARTESIAN_POINT('',(0.,1.));
#4203 = CARTESIAN_POINT('',(1.670896251002E-02,1.));
#4204 = CARTESIAN_POINT('',(4.964577310737E-02,1.));
#4205 = CARTESIAN_POINT('',(9.777104257099E-02,1.));
#4206 = CARTESIAN_POINT('',(0.144785037143,1.));
#4207 = CARTESIAN_POINT('',(0.190837966896,1.));
#4208 = CARTESIAN_POINT('',(0.236070703076,1.));
#4209 = CARTESIAN_POINT('',(0.280614736907,1.));
#4210 = CARTESIAN_POINT('',(0.324594305765,1.));
#4211 = CARTESIAN_POINT('',(0.368127709399,1.));
#4212 = CARTESIAN_POINT('',(0.411328663366,1.));
#4213 = CARTESIAN_POINT('',(0.45430750491,1.));
#4214 = CARTESIAN_POINT('',(0.497172337631,1.));
#4215 = CARTESIAN_POINT('',(0.540030124901,1.));
#4216 = CARTESIAN_POINT('',(0.582987759782,1.));
#4217 = CARTESIAN_POINT('',(0.626153133464,1.));
#4218 = CARTESIAN_POINT('',(0.669636224141,1.));
#4219 = CARTESIAN_POINT('',(0.713550233893,1.));
#4220 = CARTESIAN_POINT('',(0.758012783519,1.));
#4221 = CARTESIAN_POINT('',(0.803147249999,1.));
#4222 = CARTESIAN_POINT('',(0.849084066058,1.));
#4223 = CARTESIAN_POINT('',(0.895962810007,1.));
#4224 = CARTESIAN_POINT('',(0.943932175493,1.));
#4225 = CARTESIAN_POINT('',(0.976749990016,1.));
#4226 = CARTESIAN_POINT('',(0.993395386687,1.));
#4227 = ( GEOMETRIC_REPRESENTATION_CONTEXT(2) 
PARAMETRIC_REPRESENTATION_CONTEXT() REPRESENTATION_CONTEXT('2D SPACE',''
  ) );
#4228 = ADVANCED_FACE('',(#4229),#3215,.T.);
#4229 = FACE_BOUND('',#4230,.T.);
#4230 = EDGE_LOOP('',(#4231,#4275,#4276,#4277));
#4231 = ORIENTED_EDGE('',*,*,#4232,.T.);
#4232 = EDGE_CURVE('',#3587,#3535,#4233,.T.);
#4233 = SURFACE_CURVE('',#4234,(#4239,#4246),.PCURVE_S1.);
#4234 = CIRCLE('',#4235,0.5);
#4235 = AXIS2_PLACEMENT_3D('',#4236,#4237,#4238);
#4236 = CARTESIAN_POINT('',(-12.06889729063,12.068897290634,0.5));
#4237 = DIRECTION('',(-1.744974916068E-02,1.744974916068E-02,
    0.999695459882));
#4238 = DIRECTION('',(0.999847695156,-1.246832498358E-18,
    1.745240643728E-02));
#4239 = PCURVE('',#3215,#4240);
#4240 = DEFINITIONAL_REPRESENTATION('',(#4241),#4245);
#4241 = LINE('',#4242,#4243);
#4242 = CARTESIAN_POINT('',(1.998401444325E-15,0.699344789416));
#4243 = VECTOR('',#4244,1.);
#4244 = DIRECTION('',(1.,0.));
#4245 = ( GEOMETRIC_REPRESENTATION_CONTEXT(2) 
PARAMETRIC_REPRESENTATION_CONTEXT() REPRESENTATION_CONTEXT('2D SPACE',''
  ) );
#4246 = PCURVE('',#4118,#4247);
#4247 = DEFINITIONAL_REPRESENTATION('',(#4248),#4274);
#4248 = B_SPLINE_CURVE_WITH_KNOTS('',3,(#4249,#4250,#4251,#4252,#4253,
    #4254,#4255,#4256,#4257,#4258,#4259,#4260,#4261,#4262,#4263,#4264,
    #4265,#4266,#4267,#4268,#4269,#4270,#4271,#4272,#4273),
  .UNSPECIFIED.,.F.,.F.,(4,1,1,1,1,1,1,1,1,1,1,1,1,1,1,1,1,1,1,1,1,1,4),
  (1.57110091329,1.642486901485,1.713872889681,1.785258877876,
    1.856644866072,1.928030854267,1.999416842463,2.070802830658,
    2.142188818854,2.213574807049,2.284960795244,2.35634678344,
    2.427732771635,2.499118759831,2.570504748026,2.641890736222,
    2.713276724417,2.784662712613,2.856048700808,2.927434689003,
    2.998820677199,3.070206665394,3.14159265359),.QUASI_UNIFORM_KNOTS.);
#4249 = CARTESIAN_POINT('',(0.,0.993395386687));
#4250 = CARTESIAN_POINT('',(1.689081672493E-02,0.993101664542));
#4251 = CARTESIAN_POINT('',(5.018090010485E-02,0.992514495868));
#4252 = CARTESIAN_POINT('',(9.880985261154E-02,0.991625085638));
#4253 = CARTESIAN_POINT('',(0.146306600241,0.990717796581));
#4254 = CARTESIAN_POINT('',(0.192825895542,0.989782488487));
#4255 = CARTESIAN_POINT('',(0.238512794953,0.988807841286));
#4256 = CARTESIAN_POINT('',(0.283502625822,0.987780710458));
#4257 = CARTESIAN_POINT('',(0.32792320674,0.986685371829));
#4258 = CARTESIAN_POINT('',(0.371896219495,0.985502441975));
#4259 = CARTESIAN_POINT('',(0.415538615765,0.984207413752));
#4260 = CARTESIAN_POINT('',(0.458963860387,0.982768245714));
#4261 = CARTESIAN_POINT('',(0.502283113116,0.981142634528));
#4262 = CARTESIAN_POINT('',(0.545606295583,0.97927013897));
#4263 = CARTESIAN_POINT('',(0.589043272721,0.977072699145));
#4264 = CARTESIAN_POINT('',(0.63270435026,0.974404515399));
#4265 = CARTESIAN_POINT('',(0.676703025093,0.971154586655));
#4266 = CARTESIAN_POINT('',(0.721149812051,0.966706605973));
#4267 = CARTESIAN_POINT('',(0.766178194412,0.961638758156));
#4268 = CARTESIAN_POINT('',(0.811847579333,0.950682729173));
#4269 = CARTESIAN_POINT('',(0.858496080166,0.947253576841));
#4270 = CARTESIAN_POINT('',(0.905382429984,0.886662051392));
#4271 = CARTESIAN_POINT('',(0.955565159282,0.966561983455));
#4272 = CARTESIAN_POINT('',(0.98274327211,0.481010693405));
#4273 = CARTESIAN_POINT('',(0.993395386687,0.));
#4274 = ( GEOMETRIC_REPRESENTATION_CONTEXT(2) 
PARAMETRIC_REPRESENTATION_CONTEXT() REPRESENTATION_CONTEXT('2D SPACE',''
  ) );
#4275 = ORIENTED_EDGE('',*,*,#3534,.F.);
#4276 = ORIENTED_EDGE('',*,*,#3197,.T.);
#4277 = ORIENTED_EDGE('',*,*,#3586,.F.);
#4278 = ADVANCED_FACE('',(#4279),#3647,.T.);
#4279 = FACE_BOUND('',#4280,.T.);
#4280 = EDGE_LOOP('',(#4281,#4282,#4326,#4347));
#4281 = ORIENTED_EDGE('',*,*,#3633,.F.);
#4282 = ORIENTED_EDGE('',*,*,#4283,.T.);
#4283 = EDGE_CURVE('',#3611,#3727,#4284,.T.);
#4284 = SURFACE_CURVE('',#4285,(#4290,#4297),.PCURVE_S1.);
#4285 = CIRCLE('',#4286,0.5);
#4286 = AXIS2_PLACEMENT_3D('',#4287,#4288,#4289);
#4287 = CARTESIAN_POINT('',(12.068897290634,12.068897290634,0.5));
#4288 = DIRECTION('',(-1.,-0.,-0.));
#4289 = DIRECTION('',(0.,0.,-1.));
#4290 = PCURVE('',#3647,#4291);
#4291 = DEFINITIONAL_REPRESENTATION('',(#4292),#4296);
#4292 = LINE('',#4293,#4294);
#4293 = CARTESIAN_POINT('',(6.28318530718,18.493897290634));
#4294 = VECTOR('',#4295,1.);
#4295 = DIRECTION('',(-1.,0.));
#4296 = ( GEOMETRIC_REPRESENTATION_CONTEXT(2) 
PARAMETRIC_REPRESENTATION_CONTEXT() REPRESENTATION_CONTEXT('2D SPACE',''
  ) );
#4297 = PCURVE('',#3769,#4298);
#4298 = DEFINITIONAL_REPRESENTATION('',(#4299),#4325);
#4299 = B_SPLINE_CURVE_WITH_KNOTS('',3,(#4300,#4301,#4302,#4303,#4304,
    #4305,#4306,#4307,#4308,#4309,#4310,#4311,#4312,#4313,#4314,#4315,
    #4316,#4317,#4318,#4319,#4320,#4321,#4322,#4323,#4324),
  .UNSPECIFIED.,.F.,.F.,(4,1,1,1,1,1,1,1,1,1,1,1,1,1,1,1,1,1,1,1,1,1,4),
  (4.729842272905,4.800448774463,4.871055276021,4.941661777578,
    5.012268279136,5.082874780694,5.153481282252,5.22408778381,
    5.294694285368,5.365300786926,5.435907288484,5.506513790042,
    5.5771202916,5.647726793158,5.718333294716,5.788939796274,
    5.859546297832,5.93015279939,6.000759300948,6.071365802506,
    6.141972304064,6.212578805622,6.28318530718),.QUASI_UNIFORM_KNOTS.);
#4300 = CARTESIAN_POINT('',(1.,0.993395386687));
#4301 = CARTESIAN_POINT('',(1.,0.976749990016));
#4302 = CARTESIAN_POINT('',(1.,0.943932175493));
#4303 = CARTESIAN_POINT('',(1.,0.895962810007));
#4304 = CARTESIAN_POINT('',(1.,0.849084066059));
#4305 = CARTESIAN_POINT('',(1.,0.80314725));
#4306 = CARTESIAN_POINT('',(1.,0.75801278352));
#4307 = CARTESIAN_POINT('',(1.,0.713550233894));
#4308 = CARTESIAN_POINT('',(1.,0.669636224142));
#4309 = CARTESIAN_POINT('',(1.,0.626153133465));
#4310 = CARTESIAN_POINT('',(1.,0.582987759784));
#4311 = CARTESIAN_POINT('',(1.,0.540030124902));
#4312 = CARTESIAN_POINT('',(1.,0.497172337633));
#4313 = CARTESIAN_POINT('',(1.,0.454307504912));
#4314 = CARTESIAN_POINT('',(1.,0.411328663369));
#4315 = CARTESIAN_POINT('',(1.,0.368127709401));
#4316 = CARTESIAN_POINT('',(1.,0.324594305768));
#4317 = CARTESIAN_POINT('',(1.,0.28061473691));
#4318 = CARTESIAN_POINT('',(1.,0.236070703079));
#4319 = CARTESIAN_POINT('',(1.,0.1908379669));
#4320 = CARTESIAN_POINT('',(1.,0.144785037147));
#4321 = CARTESIAN_POINT('',(1.,9.777104257457E-02));
#4322 = CARTESIAN_POINT('',(1.,4.96457731122E-02));
#4323 = CARTESIAN_POINT('',(1.,1.670896251257E-02));
#4324 = CARTESIAN_POINT('',(1.,0.));
#4325 = ( GEOMETRIC_REPRESENTATION_CONTEXT(2) 
PARAMETRIC_REPRESENTATION_CONTEXT() REPRESENTATION_CONTEXT('2D SPACE',''
  ) );
#4326 = ORIENTED_EDGE('',*,*,#4327,.T.);
#4327 = EDGE_CURVE('',#3727,#4102,#4328,.T.);
#4328 = SURFACE_CURVE('',#4329,(#4333,#4340),.PCURVE_S1.);
#4329 = LINE('',#4330,#4331);
#4330 = CARTESIAN_POINT('',(-6.425,12.068897290634,0.));
#4331 = VECTOR('',#4332,1.);
#4332 = DIRECTION('',(-1.,-0.,-0.));
#4333 = PCURVE('',#3647,#4334);
#4334 = DEFINITIONAL_REPRESENTATION('',(#4335),#4339);
#4335 = LINE('',#4336,#4337);
#4336 = CARTESIAN_POINT('',(0.,0.));
#4337 = VECTOR('',#4338,1.);
#4338 = DIRECTION('',(0.,-1.));
#4339 = ( GEOMETRIC_REPRESENTATION_CONTEXT(2) 
PARAMETRIC_REPRESENTATION_CONTEXT() REPRESENTATION_CONTEXT('2D SPACE',''
  ) );
#4340 = PCURVE('',#3742,#4341);
#4341 = DEFINITIONAL_REPRESENTATION('',(#4342),#4346);
#4342 = LINE('',#4343,#4344);
#4343 = CARTESIAN_POINT('',(-6.425,12.068897290634));
#4344 = VECTOR('',#4345,1.);
#4345 = DIRECTION('',(-1.,0.));
#4346 = ( GEOMETRIC_REPRESENTATION_CONTEXT(2) 
PARAMETRIC_REPRESENTATION_CONTEXT() REPRESENTATION_CONTEXT('2D SPACE',''
  ) );
#4347 = ORIENTED_EDGE('',*,*,#4348,.T.);
#4348 = EDGE_CURVE('',#4102,#3587,#4349,.T.);
#4349 = SURFACE_CURVE('',#4350,(#4355,#4362),.PCURVE_S1.);
#4350 = CIRCLE('',#4351,0.5);
#4351 = AXIS2_PLACEMENT_3D('',#4352,#4353,#4354);
#4352 = CARTESIAN_POINT('',(-12.06889729063,12.068897290634,0.5));
#4353 = DIRECTION('',(1.,0.,0.));
#4354 = DIRECTION('',(0.,0.,-1.));
#4355 = PCURVE('',#3647,#4356);
#4356 = DEFINITIONAL_REPRESENTATION('',(#4357),#4361);
#4357 = LINE('',#4358,#4359);
#4358 = CARTESIAN_POINT('',(0.,-5.643897290634));
#4359 = VECTOR('',#4360,1.);
#4360 = DIRECTION('',(1.,0.));
#4361 = ( GEOMETRIC_REPRESENTATION_CONTEXT(2) 
PARAMETRIC_REPRESENTATION_CONTEXT() REPRESENTATION_CONTEXT('2D SPACE',''
  ) );
#4362 = PCURVE('',#4118,#4363);
#4363 = DEFINITIONAL_REPRESENTATION('',(#4364),#4390);
#4364 = B_SPLINE_CURVE_WITH_KNOTS('',3,(#4365,#4366,#4367,#4368,#4369,
    #4370,#4371,#4372,#4373,#4374,#4375,#4376,#4377,#4378,#4379,#4380,
    #4381,#4382,#4383,#4384,#4385,#4386,#4387,#4388,#4389),
  .UNSPECIFIED.,.F.,.F.,(4,1,1,1,1,1,1,1,1,1,1,1,1,1,1,1,1,1,1,1,1,1,4),
  (0.,7.060650155795E-02,0.141213003116,0.211819504674,0.282426006232,
    0.35303250779,0.423639009348,0.494245510906,0.564852012464,
    0.635458514022,0.70606501558,0.776671517137,0.847278018695,
    0.917884520253,0.988491021811,1.059097523369,1.129704024927,
    1.200310526485,1.270917028043,1.341523529601,1.412130031159,
    1.482736532717,1.553343034275),.QUASI_UNIFORM_KNOTS.);
#4365 = CARTESIAN_POINT('',(0.,0.));
#4366 = CARTESIAN_POINT('',(0.,1.67089625101E-02));
#4367 = CARTESIAN_POINT('',(0.,4.964577310752E-02));
#4368 = CARTESIAN_POINT('',(0.,9.777104257111E-02));
#4369 = CARTESIAN_POINT('',(0.,0.144785037144));
#4370 = CARTESIAN_POINT('',(0.,0.190837966897));
#4371 = CARTESIAN_POINT('',(0.,0.236070703076));
#4372 = CARTESIAN_POINT('',(0.,0.280614736907));
#4373 = CARTESIAN_POINT('',(0.,0.324594305765));
#4374 = CARTESIAN_POINT('',(0.,0.368127709399));
#4375 = CARTESIAN_POINT('',(0.,0.411328663366));
#4376 = CARTESIAN_POINT('',(0.,0.45430750491));
#4377 = CARTESIAN_POINT('',(0.,0.497172337632));
#4378 = CARTESIAN_POINT('',(0.,0.540030124901));
#4379 = CARTESIAN_POINT('',(0.,0.582987759782));
#4380 = CARTESIAN_POINT('',(0.,0.626153133464));
#4381 = CARTESIAN_POINT('',(0.,0.669636224141));
#4382 = CARTESIAN_POINT('',(0.,0.713550233893));
#4383 = CARTESIAN_POINT('',(0.,0.758012783519));
#4384 = CARTESIAN_POINT('',(0.,0.803147249999));
#4385 = CARTESIAN_POINT('',(0.,0.849084066058));
#4386 = CARTESIAN_POINT('',(0.,0.895962810007));
#4387 = CARTESIAN_POINT('',(0.,0.943932175493));
#4388 = CARTESIAN_POINT('',(-0.,0.976749990016));
#4389 = CARTESIAN_POINT('',(0.,0.993395386687));
#4390 = ( GEOMETRIC_REPRESENTATION_CONTEXT(2) 
PARAMETRIC_REPRESENTATION_CONTEXT() REPRESENTATION_CONTEXT('2D SPACE',''
  ) );
#4391 = ADVANCED_FACE('',(#4392),#3680,.T.);
#4392 = FACE_BOUND('',#4393,.T.);
#4393 = EDGE_LOOP('',(#4394,#4395,#4396));
#4394 = ORIENTED_EDGE('',*,*,#3818,.F.);
#4395 = ORIENTED_EDGE('',*,*,#4003,.F.);
#4396 = ORIENTED_EDGE('',*,*,#3663,.F.);
#4397 = ADVANCED_FACE('',(#4398),#3769,.T.);
#4398 = FACE_BOUND('',#4399,.T.);
#4399 = EDGE_LOOP('',(#4400,#4401,#4402));
#4400 = ORIENTED_EDGE('',*,*,#3754,.F.);
#4401 = ORIENTED_EDGE('',*,*,#4283,.F.);
#4402 = ORIENTED_EDGE('',*,*,#3868,.F.);
#4403 = ADVANCED_FACE('',(#4404,#4645),#3742,.F.);
#4404 = FACE_BOUND('',#4405,.T.);
#4405 = EDGE_LOOP('',(#4406,#4441,#4469,#4502,#4530,#4563,#4591,#4619));
#4406 = ORIENTED_EDGE('',*,*,#4407,.F.);
#4407 = EDGE_CURVE('',#4408,#4410,#4412,.T.);
#4408 = VERTEX_POINT('',#4409);
#4409 = CARTESIAN_POINT('',(-11.,-11.5,0.));
#4410 = VERTEX_POINT('',#4411);
#4411 = CARTESIAN_POINT('',(-11.5,-11.,0.));
#4412 = SURFACE_CURVE('',#4413,(#4418,#4429),.PCURVE_S1.);
#4413 = CIRCLE('',#4414,0.5);
#4414 = AXIS2_PLACEMENT_3D('',#4415,#4416,#4417);
#4415 = CARTESIAN_POINT('',(-11.,-11.,0.));
#4416 = DIRECTION('',(0.,0.,-1.));
#4417 = DIRECTION('',(1.,0.,0.));
#4418 = PCURVE('',#3742,#4419);
#4419 = DEFINITIONAL_REPRESENTATION('',(#4420),#4428);
#4420 = ( BOUNDED_CURVE() B_SPLINE_CURVE(2,(#4421,#4422,#4423,#4424,
#4425,#4426,#4427),.UNSPECIFIED.,.T.,.F.) B_SPLINE_CURVE_WITH_KNOTS((1,2
    ,2,2,2,1),(-2.094395102393,0.,2.094395102393,4.188790204786,
6.28318530718,8.377580409573),.UNSPECIFIED.) CURVE() 
GEOMETRIC_REPRESENTATION_ITEM() RATIONAL_B_SPLINE_CURVE((1.,0.5,1.,0.5,
1.,0.5,1.)) REPRESENTATION_ITEM('') );
#4421 = CARTESIAN_POINT('',(-10.5,-11.));
#4422 = CARTESIAN_POINT('',(-10.5,-11.86602540378));
#4423 = CARTESIAN_POINT('',(-11.25,-11.43301270189));
#4424 = CARTESIAN_POINT('',(-12.,-11.));
#4425 = CARTESIAN_POINT('',(-11.25,-10.5669872981));
#4426 = CARTESIAN_POINT('',(-10.5,-10.13397459621));
#4427 = CARTESIAN_POINT('',(-10.5,-11.));
#4428 = ( GEOMETRIC_REPRESENTATION_CONTEXT(2) 
PARAMETRIC_REPRESENTATION_CONTEXT() REPRESENTATION_CONTEXT('2D SPACE',''
  ) );
#4429 = PCURVE('',#4430,#4435);
#4430 = CYLINDRICAL_SURFACE('',#4431,0.5);
#4431 = AXIS2_PLACEMENT_3D('',#4432,#4433,#4434);
#4432 = CARTESIAN_POINT('',(-11.,-11.,0.));
#4433 = DIRECTION('',(0.,0.,1.));
#4434 = DIRECTION('',(1.,0.,-0.));
#4435 = DEFINITIONAL_REPRESENTATION('',(#4436),#4440);
#4436 = LINE('',#4437,#4438);
#4437 = CARTESIAN_POINT('',(6.28318530718,0.));
#4438 = VECTOR('',#4439,1.);
#4439 = DIRECTION('',(-1.,0.));
#4440 = ( GEOMETRIC_REPRESENTATION_CONTEXT(2) 
PARAMETRIC_REPRESENTATION_CONTEXT() REPRESENTATION_CONTEXT('2D SPACE',''
  ) );
#4441 = ORIENTED_EDGE('',*,*,#4442,.F.);
#4442 = EDGE_CURVE('',#4443,#4408,#4445,.T.);
#4443 = VERTEX_POINT('',#4444);
#4444 = CARTESIAN_POINT('',(11.,-11.5,0.));
#4445 = SURFACE_CURVE('',#4446,(#4450,#4457),.PCURVE_S1.);
#4446 = LINE('',#4447,#4448);
#4447 = CARTESIAN_POINT('',(0.,-11.5,0.));
#4448 = VECTOR('',#4449,1.);
#4449 = DIRECTION('',(-1.,-0.,0.));
#4450 = PCURVE('',#3742,#4451);
#4451 = DEFINITIONAL_REPRESENTATION('',(#4452),#4456);
#4452 = LINE('',#4453,#4454);
#4453 = CARTESIAN_POINT('',(0.,-11.5));
#4454 = VECTOR('',#4455,1.);
#4455 = DIRECTION('',(-1.,0.));
#4456 = ( GEOMETRIC_REPRESENTATION_CONTEXT(2) 
PARAMETRIC_REPRESENTATION_CONTEXT() REPRESENTATION_CONTEXT('2D SPACE',''
  ) );
#4457 = PCURVE('',#4458,#4463);
#4458 = PLANE('',#4459);
#4459 = AXIS2_PLACEMENT_3D('',#4460,#4461,#4462);
#4460 = CARTESIAN_POINT('',(11.5,-11.5,0.));
#4461 = DIRECTION('',(0.,-1.,0.));
#4462 = DIRECTION('',(0.,-0.,-1.));
#4463 = DEFINITIONAL_REPRESENTATION('',(#4464),#4468);
#4464 = LINE('',#4465,#4466);
#4465 = CARTESIAN_POINT('',(-0.,-11.5));
#4466 = VECTOR('',#4467,1.);
#4467 = DIRECTION('',(-0.,-1.));
#4468 = ( GEOMETRIC_REPRESENTATION_CONTEXT(2) 
PARAMETRIC_REPRESENTATION_CONTEXT() REPRESENTATION_CONTEXT('2D SPACE',''
  ) );
#4469 = ORIENTED_EDGE('',*,*,#4470,.F.);
#4470 = EDGE_CURVE('',#4471,#4443,#4473,.T.);
#4471 = VERTEX_POINT('',#4472);
#4472 = CARTESIAN_POINT('',(11.5,-11.,0.));
#4473 = SURFACE_CURVE('',#4474,(#4479,#4490),.PCURVE_S1.);
#4474 = CIRCLE('',#4475,0.5);
#4475 = AXIS2_PLACEMENT_3D('',#4476,#4477,#4478);
#4476 = CARTESIAN_POINT('',(11.,-11.,0.));
#4477 = DIRECTION('',(0.,0.,-1.));
#4478 = DIRECTION('',(1.,0.,0.));
#4479 = PCURVE('',#3742,#4480);
#4480 = DEFINITIONAL_REPRESENTATION('',(#4481),#4489);
#4481 = ( BOUNDED_CURVE() B_SPLINE_CURVE(2,(#4482,#4483,#4484,#4485,
#4486,#4487,#4488),.UNSPECIFIED.,.T.,.F.) B_SPLINE_CURVE_WITH_KNOTS((1,2
    ,2,2,2,1),(-2.094395102393,0.,2.094395102393,4.188790204786,
6.28318530718,8.377580409573),.UNSPECIFIED.) CURVE() 
GEOMETRIC_REPRESENTATION_ITEM() RATIONAL_B_SPLINE_CURVE((1.,0.5,1.,0.5,
1.,0.5,1.)) REPRESENTATION_ITEM('') );
#4482 = CARTESIAN_POINT('',(11.5,-11.));
#4483 = CARTESIAN_POINT('',(11.5,-11.86602540378));
#4484 = CARTESIAN_POINT('',(10.75,-11.43301270189));
#4485 = CARTESIAN_POINT('',(10.,-11.));
#4486 = CARTESIAN_POINT('',(10.75,-10.5669872981));
#4487 = CARTESIAN_POINT('',(11.5,-10.13397459621));
#4488 = CARTESIAN_POINT('',(11.5,-11.));
#4489 = ( GEOMETRIC_REPRESENTATION_CONTEXT(2) 
PARAMETRIC_REPRESENTATION_CONTEXT() REPRESENTATION_CONTEXT('2D SPACE',''
  ) );
#4490 = PCURVE('',#4491,#4496);
#4491 = CYLINDRICAL_SURFACE('',#4492,0.5);
#4492 = AXIS2_PLACEMENT_3D('',#4493,#4494,#4495);
#4493 = CARTESIAN_POINT('',(11.,-11.,0.));
#4494 = DIRECTION('',(0.,0.,1.));
#4495 = DIRECTION('',(1.,0.,-0.));
#4496 = DEFINITIONAL_REPRESENTATION('',(#4497),#4501);
#4497 = LINE('',#4498,#4499);
#4498 = CARTESIAN_POINT('',(6.28318530718,0.));
#4499 = VECTOR('',#4500,1.);
#4500 = DIRECTION('',(-1.,0.));
#4501 = ( GEOMETRIC_REPRESENTATION_CONTEXT(2) 
PARAMETRIC_REPRESENTATION_CONTEXT() REPRESENTATION_CONTEXT('2D SPACE',''
  ) );
#4502 = ORIENTED_EDGE('',*,*,#4503,.F.);
#4503 = EDGE_CURVE('',#4504,#4471,#4506,.T.);
#4504 = VERTEX_POINT('',#4505);
#4505 = CARTESIAN_POINT('',(11.5,11.,0.));
#4506 = SURFACE_CURVE('',#4507,(#4511,#4518),.PCURVE_S1.);
#4507 = LINE('',#4508,#4509);
#4508 = CARTESIAN_POINT('',(11.5,-2.0185873175E-16,0.));
#4509 = VECTOR('',#4510,1.);
#4510 = DIRECTION('',(0.,-1.,-0.));
#4511 = PCURVE('',#3742,#4512);
#4512 = DEFINITIONAL_REPRESENTATION('',(#4513),#4517);
#4513 = LINE('',#4514,#4515);
#4514 = CARTESIAN_POINT('',(11.5,0.));
#4515 = VECTOR('',#4516,1.);
#4516 = DIRECTION('',(0.,-1.));
#4517 = ( GEOMETRIC_REPRESENTATION_CONTEXT(2) 
PARAMETRIC_REPRESENTATION_CONTEXT() REPRESENTATION_CONTEXT('2D SPACE',''
  ) );
#4518 = PCURVE('',#4519,#4524);
#4519 = PLANE('',#4520);
#4520 = AXIS2_PLACEMENT_3D('',#4521,#4522,#4523);
#4521 = CARTESIAN_POINT('',(11.5,11.5,0.));
#4522 = DIRECTION('',(1.,-9.65411325761E-17,0.));
#4523 = DIRECTION('',(9.65411325761E-17,1.,0.));
#4524 = DEFINITIONAL_REPRESENTATION('',(#4525),#4529);
#4525 = LINE('',#4526,#4527);
#4526 = CARTESIAN_POINT('',(-11.5,0.));
#4527 = VECTOR('',#4528,1.);
#4528 = DIRECTION('',(-1.,0.));
#4529 = ( GEOMETRIC_REPRESENTATION_CONTEXT(2) 
PARAMETRIC_REPRESENTATION_CONTEXT() REPRESENTATION_CONTEXT('2D SPACE',''
  ) );
#4530 = ORIENTED_EDGE('',*,*,#4531,.F.);
#4531 = EDGE_CURVE('',#4532,#4504,#4534,.T.);
#4532 = VERTEX_POINT('',#4533);
#4533 = CARTESIAN_POINT('',(11.,11.5,0.));
#4534 = SURFACE_CURVE('',#4535,(#4540,#4551),.PCURVE_S1.);
#4535 = CIRCLE('',#4536,0.5);
#4536 = AXIS2_PLACEMENT_3D('',#4537,#4538,#4539);
#4537 = CARTESIAN_POINT('',(11.,11.,0.));
#4538 = DIRECTION('',(0.,0.,-1.));
#4539 = DIRECTION('',(1.,0.,0.));
#4540 = PCURVE('',#3742,#4541);
#4541 = DEFINITIONAL_REPRESENTATION('',(#4542),#4550);
#4542 = ( BOUNDED_CURVE() B_SPLINE_CURVE(2,(#4543,#4544,#4545,#4546,
#4547,#4548,#4549),.UNSPECIFIED.,.T.,.F.) B_SPLINE_CURVE_WITH_KNOTS((1,2
    ,2,2,2,1),(-2.094395102393,0.,2.094395102393,4.188790204786,
6.28318530718,8.377580409573),.UNSPECIFIED.) CURVE() 
GEOMETRIC_REPRESENTATION_ITEM() RATIONAL_B_SPLINE_CURVE((1.,0.5,1.,0.5,
1.,0.5,1.)) REPRESENTATION_ITEM('') );
#4543 = CARTESIAN_POINT('',(11.5,11.));
#4544 = CARTESIAN_POINT('',(11.5,10.133974596216));
#4545 = CARTESIAN_POINT('',(10.75,10.566987298108));
#4546 = CARTESIAN_POINT('',(10.,11.));
#4547 = CARTESIAN_POINT('',(10.75,11.433012701892));
#4548 = CARTESIAN_POINT('',(11.5,11.866025403784));
#4549 = CARTESIAN_POINT('',(11.5,11.));
#4550 = ( GEOMETRIC_REPRESENTATION_CONTEXT(2) 
PARAMETRIC_REPRESENTATION_CONTEXT() REPRESENTATION_CONTEXT('2D SPACE',''
  ) );
#4551 = PCURVE('',#4552,#4557);
#4552 = CYLINDRICAL_SURFACE('',#4553,0.5);
#4553 = AXIS2_PLACEMENT_3D('',#4554,#4555,#4556);
#4554 = CARTESIAN_POINT('',(11.,11.,0.));
#4555 = DIRECTION('',(0.,0.,1.));
#4556 = DIRECTION('',(1.,0.,-0.));
#4557 = DEFINITIONAL_REPRESENTATION('',(#4558),#4562);
#4558 = LINE('',#4559,#4560);
#4559 = CARTESIAN_POINT('',(6.28318530718,0.));
#4560 = VECTOR('',#4561,1.);
#4561 = DIRECTION('',(-1.,0.));
#4562 = ( GEOMETRIC_REPRESENTATION_CONTEXT(2) 
PARAMETRIC_REPRESENTATION_CONTEXT() REPRESENTATION_CONTEXT('2D SPACE',''
  ) );
#4563 = ORIENTED_EDGE('',*,*,#4564,.F.);
#4564 = EDGE_CURVE('',#4565,#4532,#4567,.T.);
#4565 = VERTEX_POINT('',#4566);
#4566 = CARTESIAN_POINT('',(-9.5,11.5,0.));
#4567 = SURFACE_CURVE('',#4568,(#4572,#4579),.PCURVE_S1.);
#4568 = LINE('',#4569,#4570);
#4569 = CARTESIAN_POINT('',(0.,11.5,0.));
#4570 = VECTOR('',#4571,1.);
#4571 = DIRECTION('',(1.,0.,-0.));
#4572 = PCURVE('',#3742,#4573);
#4573 = DEFINITIONAL_REPRESENTATION('',(#4574),#4578);
#4574 = LINE('',#4575,#4576);
#4575 = CARTESIAN_POINT('',(0.,11.5));
#4576 = VECTOR('',#4577,1.);
#4577 = DIRECTION('',(1.,0.));
#4578 = ( GEOMETRIC_REPRESENTATION_CONTEXT(2) 
PARAMETRIC_REPRESENTATION_CONTEXT() REPRESENTATION_CONTEXT('2D SPACE',''
  ) );
#4579 = PCURVE('',#4580,#4585);
#4580 = PLANE('',#4581);
#4581 = AXIS2_PLACEMENT_3D('',#4582,#4583,#4584);
#4582 = CARTESIAN_POINT('',(-11.5,11.5,0.));
#4583 = DIRECTION('',(0.,1.,0.));
#4584 = DIRECTION('',(0.,-0.,1.));
#4585 = DEFINITIONAL_REPRESENTATION('',(#4586),#4590);
#4586 = LINE('',#4587,#4588);
#4587 = CARTESIAN_POINT('',(0.,11.5));
#4588 = VECTOR('',#4589,1.);
#4589 = DIRECTION('',(0.,1.));
#4590 = ( GEOMETRIC_REPRESENTATION_CONTEXT(2) 
PARAMETRIC_REPRESENTATION_CONTEXT() REPRESENTATION_CONTEXT('2D SPACE',''
  ) );
#4591 = ORIENTED_EDGE('',*,*,#4592,.F.);
#4592 = EDGE_CURVE('',#4593,#4565,#4595,.T.);
#4593 = VERTEX_POINT('',#4594);
#4594 = CARTESIAN_POINT('',(-11.5,9.5,0.));
#4595 = SURFACE_CURVE('',#4596,(#4600,#4607),.PCURVE_S1.);
#4596 = LINE('',#4597,#4598);
#4597 = CARTESIAN_POINT('',(-11.5,9.5,0.));
#4598 = VECTOR('',#4599,1.);
#4599 = DIRECTION('',(0.707106781187,0.707106781187,0.));
#4600 = PCURVE('',#3742,#4601);
#4601 = DEFINITIONAL_REPRESENTATION('',(#4602),#4606);
#4602 = LINE('',#4603,#4604);
#4603 = CARTESIAN_POINT('',(-11.5,9.5));
#4604 = VECTOR('',#4605,1.);
#4605 = DIRECTION('',(0.707106781187,0.707106781187));
#4606 = ( GEOMETRIC_REPRESENTATION_CONTEXT(2) 
PARAMETRIC_REPRESENTATION_CONTEXT() REPRESENTATION_CONTEXT('2D SPACE',''
  ) );
#4607 = PCURVE('',#4608,#4613);
#4608 = PLANE('',#4609);
#4609 = AXIS2_PLACEMENT_3D('',#4610,#4611,#4612);
#4610 = CARTESIAN_POINT('',(-10.5,10.5,0.));
#4611 = DIRECTION('',(0.707106781187,-0.707106781187,0.));
#4612 = DIRECTION('',(0.707106781187,0.707106781187,0.));
#4613 = DEFINITIONAL_REPRESENTATION('',(#4614),#4618);
#4614 = LINE('',#4615,#4616);
#4615 = CARTESIAN_POINT('',(-1.414213562373,0.));
#4616 = VECTOR('',#4617,1.);
#4617 = DIRECTION('',(1.,0.));
#4618 = ( GEOMETRIC_REPRESENTATION_CONTEXT(2) 
PARAMETRIC_REPRESENTATION_CONTEXT() REPRESENTATION_CONTEXT('2D SPACE',''
  ) );
#4619 = ORIENTED_EDGE('',*,*,#4620,.F.);
#4620 = EDGE_CURVE('',#4410,#4593,#4621,.T.);
#4621 = SURFACE_CURVE('',#4622,(#4626,#4633),.PCURVE_S1.);
#4622 = LINE('',#4623,#4624);
#4623 = CARTESIAN_POINT('',(-11.5,-2.0185873175E-16,0.));
#4624 = VECTOR('',#4625,1.);
#4625 = DIRECTION('',(-0.,1.,0.));
#4626 = PCURVE('',#3742,#4627);
#4627 = DEFINITIONAL_REPRESENTATION('',(#4628),#4632);
#4628 = LINE('',#4629,#4630);
#4629 = CARTESIAN_POINT('',(-11.5,0.));
#4630 = VECTOR('',#4631,1.);
#4631 = DIRECTION('',(0.,1.));
#4632 = ( GEOMETRIC_REPRESENTATION_CONTEXT(2) 
PARAMETRIC_REPRESENTATION_CONTEXT() REPRESENTATION_CONTEXT('2D SPACE',''
  ) );
#4633 = PCURVE('',#4634,#4639);
#4634 = PLANE('',#4635);
#4635 = AXIS2_PLACEMENT_3D('',#4636,#4637,#4638);
#4636 = CARTESIAN_POINT('',(-11.5,-11.5,0.));
#4637 = DIRECTION('',(-1.,-9.65411325761E-17,0.));
#4638 = DIRECTION('',(9.65411325761E-17,-1.,0.));
#4639 = DEFINITIONAL_REPRESENTATION('',(#4640),#4644);
#4640 = LINE('',#4641,#4642);
#4641 = CARTESIAN_POINT('',(-11.5,0.));
#4642 = VECTOR('',#4643,1.);
#4643 = DIRECTION('',(-1.,0.));
#4644 = ( GEOMETRIC_REPRESENTATION_CONTEXT(2) 
PARAMETRIC_REPRESENTATION_CONTEXT() REPRESENTATION_CONTEXT('2D SPACE',''
  ) );
#4645 = FACE_BOUND('',#4646,.T.);
#4646 = EDGE_LOOP('',(#4647,#4648,#4649,#4650));
#4647 = ORIENTED_EDGE('',*,*,#4164,.F.);
#4648 = ORIENTED_EDGE('',*,*,#4327,.F.);
#4649 = ORIENTED_EDGE('',*,*,#3726,.F.);
#4650 = ORIENTED_EDGE('',*,*,#3982,.F.);
#4651 = ADVANCED_FACE('',(#4652),#3936,.T.);
#4652 = FACE_BOUND('',#4653,.T.);
#4653 = EDGE_LOOP('',(#4654,#4655,#4656));
#4654 = ORIENTED_EDGE('',*,*,#3919,.F.);
#4655 = ORIENTED_EDGE('',*,*,#4050,.F.);
#4656 = ORIENTED_EDGE('',*,*,#4185,.F.);
#4657 = ADVANCED_FACE('',(#4658),#4118,.T.);
#4658 = FACE_BOUND('',#4659,.T.);
#4659 = EDGE_LOOP('',(#4660,#4661,#4662));
#4660 = ORIENTED_EDGE('',*,*,#4348,.F.);
#4661 = ORIENTED_EDGE('',*,*,#4101,.F.);
#4662 = ORIENTED_EDGE('',*,*,#4232,.F.);
#4663 = ADVANCED_FACE('',(#4664),#4634,.F.);
#4664 = FACE_BOUND('',#4665,.T.);
#4665 = EDGE_LOOP('',(#4666,#4667,#4690,#4718));
#4666 = ORIENTED_EDGE('',*,*,#4620,.T.);
#4667 = ORIENTED_EDGE('',*,*,#4668,.F.);
#4668 = EDGE_CURVE('',#4669,#4593,#4671,.T.);
#4669 = VERTEX_POINT('',#4670);
#4670 = CARTESIAN_POINT('',(-11.5,9.5,1.E-02));
#4671 = SURFACE_CURVE('',#4672,(#4676,#4683),.PCURVE_S1.);
#4672 = LINE('',#4673,#4674);
#4673 = CARTESIAN_POINT('',(-11.5,9.5,0.));
#4674 = VECTOR('',#4675,1.);
#4675 = DIRECTION('',(-0.,-0.,-1.));
#4676 = PCURVE('',#4634,#4677);
#4677 = DEFINITIONAL_REPRESENTATION('',(#4678),#4682);
#4678 = LINE('',#4679,#4680);
#4679 = CARTESIAN_POINT('',(-21.,0.));
#4680 = VECTOR('',#4681,1.);
#4681 = DIRECTION('',(0.,-1.));
#4682 = ( GEOMETRIC_REPRESENTATION_CONTEXT(2) 
PARAMETRIC_REPRESENTATION_CONTEXT() REPRESENTATION_CONTEXT('2D SPACE',''
  ) );
#4683 = PCURVE('',#4608,#4684);
#4684 = DEFINITIONAL_REPRESENTATION('',(#4685),#4689);
#4685 = LINE('',#4686,#4687);
#4686 = CARTESIAN_POINT('',(-1.414213562373,0.));
#4687 = VECTOR('',#4688,1.);
#4688 = DIRECTION('',(0.,-1.));
#4689 = ( GEOMETRIC_REPRESENTATION_CONTEXT(2) 
PARAMETRIC_REPRESENTATION_CONTEXT() REPRESENTATION_CONTEXT('2D SPACE',''
  ) );
#4690 = ORIENTED_EDGE('',*,*,#4691,.F.);
#4691 = EDGE_CURVE('',#4692,#4669,#4694,.T.);
#4692 = VERTEX_POINT('',#4693);
#4693 = CARTESIAN_POINT('',(-11.5,-11.,1.E-02));
#4694 = SURFACE_CURVE('',#4695,(#4699,#4706),.PCURVE_S1.);
#4695 = LINE('',#4696,#4697);
#4696 = CARTESIAN_POINT('',(-11.5,-11.5,1.E-02));
#4697 = VECTOR('',#4698,1.);
#4698 = DIRECTION('',(-9.65411325761E-17,1.,-0.));
#4699 = PCURVE('',#4634,#4700);
#4700 = DEFINITIONAL_REPRESENTATION('',(#4701),#4705);
#4701 = LINE('',#4702,#4703);
#4702 = CARTESIAN_POINT('',(0.,1.E-02));
#4703 = VECTOR('',#4704,1.);
#4704 = DIRECTION('',(-1.,0.));
#4705 = ( GEOMETRIC_REPRESENTATION_CONTEXT(2) 
PARAMETRIC_REPRESENTATION_CONTEXT() REPRESENTATION_CONTEXT('2D SPACE',''
  ) );
#4706 = PCURVE('',#4707,#4712);
#4707 = PLANE('',#4708);
#4708 = AXIS2_PLACEMENT_3D('',#4709,#4710,#4711);
#4709 = CARTESIAN_POINT('',(5.551115123126E-16,7.569702440626E-16,1.E-02
    ));
#4710 = DIRECTION('',(0.,0.,1.));
#4711 = DIRECTION('',(1.,0.,-0.));
#4712 = DEFINITIONAL_REPRESENTATION('',(#4713),#4717);
#4713 = LINE('',#4714,#4715);
#4714 = CARTESIAN_POINT('',(-11.5,-11.5));
#4715 = VECTOR('',#4716,1.);
#4716 = DIRECTION('',(-9.65411325761E-17,1.));
#4717 = ( GEOMETRIC_REPRESENTATION_CONTEXT(2) 
PARAMETRIC_REPRESENTATION_CONTEXT() REPRESENTATION_CONTEXT('2D SPACE',''
  ) );
#4718 = ORIENTED_EDGE('',*,*,#4719,.F.);
#4719 = EDGE_CURVE('',#4410,#4692,#4720,.T.);
#4720 = SURFACE_CURVE('',#4721,(#4725,#4732),.PCURVE_S1.);
#4721 = LINE('',#4722,#4723);
#4722 = CARTESIAN_POINT('',(-11.5,-11.,0.));
#4723 = VECTOR('',#4724,1.);
#4724 = DIRECTION('',(0.,0.,1.));
#4725 = PCURVE('',#4634,#4726);
#4726 = DEFINITIONAL_REPRESENTATION('',(#4727),#4731);
#4727 = LINE('',#4728,#4729);
#4728 = CARTESIAN_POINT('',(-0.5,0.));
#4729 = VECTOR('',#4730,1.);
#4730 = DIRECTION('',(0.,1.));
#4731 = ( GEOMETRIC_REPRESENTATION_CONTEXT(2) 
PARAMETRIC_REPRESENTATION_CONTEXT() REPRESENTATION_CONTEXT('2D SPACE',''
  ) );
#4732 = PCURVE('',#4430,#4733);
#4733 = DEFINITIONAL_REPRESENTATION('',(#4734),#4738);
#4734 = LINE('',#4735,#4736);
#4735 = CARTESIAN_POINT('',(3.14159265359,0.));
#4736 = VECTOR('',#4737,1.);
#4737 = DIRECTION('',(0.,1.));
#4738 = ( GEOMETRIC_REPRESENTATION_CONTEXT(2) 
PARAMETRIC_REPRESENTATION_CONTEXT() REPRESENTATION_CONTEXT('2D SPACE',''
  ) );
#4739 = ADVANCED_FACE('',(#4740),#4430,.F.);
#4740 = FACE_BOUND('',#4741,.F.);
#4741 = EDGE_LOOP('',(#4742,#4770,#4771,#4772));
#4742 = ORIENTED_EDGE('',*,*,#4743,.T.);
#4743 = EDGE_CURVE('',#4744,#4692,#4746,.T.);
#4744 = VERTEX_POINT('',#4745);
#4745 = CARTESIAN_POINT('',(-11.,-11.5,1.E-02));
#4746 = SURFACE_CURVE('',#4747,(#4752,#4759),.PCURVE_S1.);
#4747 = CIRCLE('',#4748,0.5);
#4748 = AXIS2_PLACEMENT_3D('',#4749,#4750,#4751);
#4749 = CARTESIAN_POINT('',(-11.,-11.,1.E-02));
#4750 = DIRECTION('',(0.,0.,-1.));
#4751 = DIRECTION('',(1.,0.,0.));
#4752 = PCURVE('',#4430,#4753);
#4753 = DEFINITIONAL_REPRESENTATION('',(#4754),#4758);
#4754 = LINE('',#4755,#4756);
#4755 = CARTESIAN_POINT('',(6.28318530718,1.E-02));
#4756 = VECTOR('',#4757,1.);
#4757 = DIRECTION('',(-1.,0.));
#4758 = ( GEOMETRIC_REPRESENTATION_CONTEXT(2) 
PARAMETRIC_REPRESENTATION_CONTEXT() REPRESENTATION_CONTEXT('2D SPACE',''
  ) );
#4759 = PCURVE('',#4707,#4760);
#4760 = DEFINITIONAL_REPRESENTATION('',(#4761),#4769);
#4761 = ( BOUNDED_CURVE() B_SPLINE_CURVE(2,(#4762,#4763,#4764,#4765,
#4766,#4767,#4768),.UNSPECIFIED.,.T.,.F.) B_SPLINE_CURVE_WITH_KNOTS((1,2
    ,2,2,2,1),(-2.094395102393,0.,2.094395102393,4.188790204786,
6.28318530718,8.377580409573),.UNSPECIFIED.) CURVE() 
GEOMETRIC_REPRESENTATION_ITEM() RATIONAL_B_SPLINE_CURVE((1.,0.5,1.,0.5,
1.,0.5,1.)) REPRESENTATION_ITEM('') );
#4762 = CARTESIAN_POINT('',(-10.5,-11.));
#4763 = CARTESIAN_POINT('',(-10.5,-11.86602540378));
#4764 = CARTESIAN_POINT('',(-11.25,-11.43301270189));
#4765 = CARTESIAN_POINT('',(-12.,-11.));
#4766 = CARTESIAN_POINT('',(-11.25,-10.5669872981));
#4767 = CARTESIAN_POINT('',(-10.5,-10.13397459621));
#4768 = CARTESIAN_POINT('',(-10.5,-11.));
#4769 = ( GEOMETRIC_REPRESENTATION_CONTEXT(2) 
PARAMETRIC_REPRESENTATION_CONTEXT() REPRESENTATION_CONTEXT('2D SPACE',''
  ) );
#4770 = ORIENTED_EDGE('',*,*,#4719,.F.);
#4771 = ORIENTED_EDGE('',*,*,#4407,.F.);
#4772 = ORIENTED_EDGE('',*,*,#4773,.T.);
#4773 = EDGE_CURVE('',#4408,#4744,#4774,.T.);
#4774 = SURFACE_CURVE('',#4775,(#4779,#4786),.PCURVE_S1.);
#4775 = LINE('',#4776,#4777);
#4776 = CARTESIAN_POINT('',(-11.,-11.5,0.));
#4777 = VECTOR('',#4778,1.);
#4778 = DIRECTION('',(0.,0.,1.));
#4779 = PCURVE('',#4430,#4780);
#4780 = DEFINITIONAL_REPRESENTATION('',(#4781),#4785);
#4781 = LINE('',#4782,#4783);
#4782 = CARTESIAN_POINT('',(4.712388980385,0.));
#4783 = VECTOR('',#4784,1.);
#4784 = DIRECTION('',(0.,1.));
#4785 = ( GEOMETRIC_REPRESENTATION_CONTEXT(2) 
PARAMETRIC_REPRESENTATION_CONTEXT() REPRESENTATION_CONTEXT('2D SPACE',''
  ) );
#4786 = PCURVE('',#4458,#4787);
#4787 = DEFINITIONAL_REPRESENTATION('',(#4788),#4792);
#4788 = LINE('',#4789,#4790);
#4789 = CARTESIAN_POINT('',(-0.,-22.5));
#4790 = VECTOR('',#4791,1.);
#4791 = DIRECTION('',(-1.,0.));
#4792 = ( GEOMETRIC_REPRESENTATION_CONTEXT(2) 
PARAMETRIC_REPRESENTATION_CONTEXT() REPRESENTATION_CONTEXT('2D SPACE',''
  ) );
#4793 = ADVANCED_FACE('',(#4794),#4458,.F.);
#4794 = FACE_BOUND('',#4795,.T.);
#4795 = EDGE_LOOP('',(#4796,#4819,#4840,#4841));
#4796 = ORIENTED_EDGE('',*,*,#4797,.F.);
#4797 = EDGE_CURVE('',#4798,#4744,#4800,.T.);
#4798 = VERTEX_POINT('',#4799);
#4799 = CARTESIAN_POINT('',(11.,-11.5,1.E-02));
#4800 = SURFACE_CURVE('',#4801,(#4805,#4812),.PCURVE_S1.);
#4801 = LINE('',#4802,#4803);
#4802 = CARTESIAN_POINT('',(11.5,-11.5,1.E-02));
#4803 = VECTOR('',#4804,1.);
#4804 = DIRECTION('',(-1.,-0.,-0.));
#4805 = PCURVE('',#4458,#4806);
#4806 = DEFINITIONAL_REPRESENTATION('',(#4807),#4811);
#4807 = LINE('',#4808,#4809);
#4808 = CARTESIAN_POINT('',(-1.E-02,0.));
#4809 = VECTOR('',#4810,1.);
#4810 = DIRECTION('',(0.,-1.));
#4811 = ( GEOMETRIC_REPRESENTATION_CONTEXT(2) 
PARAMETRIC_REPRESENTATION_CONTEXT() REPRESENTATION_CONTEXT('2D SPACE',''
  ) );
#4812 = PCURVE('',#4707,#4813);
#4813 = DEFINITIONAL_REPRESENTATION('',(#4814),#4818);
#4814 = LINE('',#4815,#4816);
#4815 = CARTESIAN_POINT('',(11.5,-11.5));
#4816 = VECTOR('',#4817,1.);
#4817 = DIRECTION('',(-1.,0.));
#4818 = ( GEOMETRIC_REPRESENTATION_CONTEXT(2) 
PARAMETRIC_REPRESENTATION_CONTEXT() REPRESENTATION_CONTEXT('2D SPACE',''
  ) );
#4819 = ORIENTED_EDGE('',*,*,#4820,.F.);
#4820 = EDGE_CURVE('',#4443,#4798,#4821,.T.);
#4821 = SURFACE_CURVE('',#4822,(#4826,#4833),.PCURVE_S1.);
#4822 = LINE('',#4823,#4824);
#4823 = CARTESIAN_POINT('',(11.,-11.5,0.));
#4824 = VECTOR('',#4825,1.);
#4825 = DIRECTION('',(-0.,0.,1.));
#4826 = PCURVE('',#4458,#4827);
#4827 = DEFINITIONAL_REPRESENTATION('',(#4828),#4832);
#4828 = LINE('',#4829,#4830);
#4829 = CARTESIAN_POINT('',(-0.,-0.5));
#4830 = VECTOR('',#4831,1.);
#4831 = DIRECTION('',(-1.,0.));
#4832 = ( GEOMETRIC_REPRESENTATION_CONTEXT(2) 
PARAMETRIC_REPRESENTATION_CONTEXT() REPRESENTATION_CONTEXT('2D SPACE',''
  ) );
#4833 = PCURVE('',#4491,#4834);
#4834 = DEFINITIONAL_REPRESENTATION('',(#4835),#4839);
#4835 = LINE('',#4836,#4837);
#4836 = CARTESIAN_POINT('',(4.712388980385,0.));
#4837 = VECTOR('',#4838,1.);
#4838 = DIRECTION('',(0.,1.));
#4839 = ( GEOMETRIC_REPRESENTATION_CONTEXT(2) 
PARAMETRIC_REPRESENTATION_CONTEXT() REPRESENTATION_CONTEXT('2D SPACE',''
  ) );
#4840 = ORIENTED_EDGE('',*,*,#4442,.T.);
#4841 = ORIENTED_EDGE('',*,*,#4773,.T.);
#4842 = ADVANCED_FACE('',(#4843),#4491,.F.);
#4843 = FACE_BOUND('',#4844,.F.);
#4844 = EDGE_LOOP('',(#4845,#4873,#4874,#4875));
#4845 = ORIENTED_EDGE('',*,*,#4846,.T.);
#4846 = EDGE_CURVE('',#4847,#4798,#4849,.T.);
#4847 = VERTEX_POINT('',#4848);
#4848 = CARTESIAN_POINT('',(11.5,-11.,1.E-02));
#4849 = SURFACE_CURVE('',#4850,(#4855,#4862),.PCURVE_S1.);
#4850 = CIRCLE('',#4851,0.5);
#4851 = AXIS2_PLACEMENT_3D('',#4852,#4853,#4854);
#4852 = CARTESIAN_POINT('',(11.,-11.,1.E-02));
#4853 = DIRECTION('',(0.,0.,-1.));
#4854 = DIRECTION('',(1.,0.,0.));
#4855 = PCURVE('',#4491,#4856);
#4856 = DEFINITIONAL_REPRESENTATION('',(#4857),#4861);
#4857 = LINE('',#4858,#4859);
#4858 = CARTESIAN_POINT('',(6.28318530718,1.E-02));
#4859 = VECTOR('',#4860,1.);
#4860 = DIRECTION('',(-1.,0.));
#4861 = ( GEOMETRIC_REPRESENTATION_CONTEXT(2) 
PARAMETRIC_REPRESENTATION_CONTEXT() REPRESENTATION_CONTEXT('2D SPACE',''
  ) );
#4862 = PCURVE('',#4707,#4863);
#4863 = DEFINITIONAL_REPRESENTATION('',(#4864),#4872);
#4864 = ( BOUNDED_CURVE() B_SPLINE_CURVE(2,(#4865,#4866,#4867,#4868,
#4869,#4870,#4871),.UNSPECIFIED.,.T.,.F.) B_SPLINE_CURVE_WITH_KNOTS((1,2
    ,2,2,2,1),(-2.094395102393,0.,2.094395102393,4.188790204786,
6.28318530718,8.377580409573),.UNSPECIFIED.) CURVE() 
GEOMETRIC_REPRESENTATION_ITEM() RATIONAL_B_SPLINE_CURVE((1.,0.5,1.,0.5,
1.,0.5,1.)) REPRESENTATION_ITEM('') );
#4865 = CARTESIAN_POINT('',(11.5,-11.));
#4866 = CARTESIAN_POINT('',(11.5,-11.86602540378));
#4867 = CARTESIAN_POINT('',(10.75,-11.43301270189));
#4868 = CARTESIAN_POINT('',(10.,-11.));
#4869 = CARTESIAN_POINT('',(10.75,-10.5669872981));
#4870 = CARTESIAN_POINT('',(11.5,-10.13397459621));
#4871 = CARTESIAN_POINT('',(11.5,-11.));
#4872 = ( GEOMETRIC_REPRESENTATION_CONTEXT(2) 
PARAMETRIC_REPRESENTATION_CONTEXT() REPRESENTATION_CONTEXT('2D SPACE',''
  ) );
#4873 = ORIENTED_EDGE('',*,*,#4820,.F.);
#4874 = ORIENTED_EDGE('',*,*,#4470,.F.);
#4875 = ORIENTED_EDGE('',*,*,#4876,.T.);
#4876 = EDGE_CURVE('',#4471,#4847,#4877,.T.);
#4877 = SURFACE_CURVE('',#4878,(#4882,#4889),.PCURVE_S1.);
#4878 = LINE('',#4879,#4880);
#4879 = CARTESIAN_POINT('',(11.5,-11.,0.));
#4880 = VECTOR('',#4881,1.);
#4881 = DIRECTION('',(0.,0.,1.));
#4882 = PCURVE('',#4491,#4883);
#4883 = DEFINITIONAL_REPRESENTATION('',(#4884),#4888);
#4884 = LINE('',#4885,#4886);
#4885 = CARTESIAN_POINT('',(6.28318530718,0.));
#4886 = VECTOR('',#4887,1.);
#4887 = DIRECTION('',(0.,1.));
#4888 = ( GEOMETRIC_REPRESENTATION_CONTEXT(2) 
PARAMETRIC_REPRESENTATION_CONTEXT() REPRESENTATION_CONTEXT('2D SPACE',''
  ) );
#4889 = PCURVE('',#4519,#4890);
#4890 = DEFINITIONAL_REPRESENTATION('',(#4891),#4895);
#4891 = LINE('',#4892,#4893);
#4892 = CARTESIAN_POINT('',(-22.5,0.));
#4893 = VECTOR('',#4894,1.);
#4894 = DIRECTION('',(0.,1.));
#4895 = ( GEOMETRIC_REPRESENTATION_CONTEXT(2) 
PARAMETRIC_REPRESENTATION_CONTEXT() REPRESENTATION_CONTEXT('2D SPACE',''
  ) );
#4896 = ADVANCED_FACE('',(#4897),#4519,.F.);
#4897 = FACE_BOUND('',#4898,.T.);
#4898 = EDGE_LOOP('',(#4899,#4900,#4901,#4924));
#4899 = ORIENTED_EDGE('',*,*,#4503,.T.);
#4900 = ORIENTED_EDGE('',*,*,#4876,.T.);
#4901 = ORIENTED_EDGE('',*,*,#4902,.F.);
#4902 = EDGE_CURVE('',#4903,#4847,#4905,.T.);
#4903 = VERTEX_POINT('',#4904);
#4904 = CARTESIAN_POINT('',(11.5,11.,1.E-02));
#4905 = SURFACE_CURVE('',#4906,(#4910,#4917),.PCURVE_S1.);
#4906 = LINE('',#4907,#4908);
#4907 = CARTESIAN_POINT('',(11.5,11.5,1.E-02));
#4908 = VECTOR('',#4909,1.);
#4909 = DIRECTION('',(-9.65411325761E-17,-1.,-0.));
#4910 = PCURVE('',#4519,#4911);
#4911 = DEFINITIONAL_REPRESENTATION('',(#4912),#4916);
#4912 = LINE('',#4913,#4914);
#4913 = CARTESIAN_POINT('',(0.,1.E-02));
#4914 = VECTOR('',#4915,1.);
#4915 = DIRECTION('',(-1.,0.));
#4916 = ( GEOMETRIC_REPRESENTATION_CONTEXT(2) 
PARAMETRIC_REPRESENTATION_CONTEXT() REPRESENTATION_CONTEXT('2D SPACE',''
  ) );
#4917 = PCURVE('',#4707,#4918);
#4918 = DEFINITIONAL_REPRESENTATION('',(#4919),#4923);
#4919 = LINE('',#4920,#4921);
#4920 = CARTESIAN_POINT('',(11.5,11.5));
#4921 = VECTOR('',#4922,1.);
#4922 = DIRECTION('',(-9.65411325761E-17,-1.));
#4923 = ( GEOMETRIC_REPRESENTATION_CONTEXT(2) 
PARAMETRIC_REPRESENTATION_CONTEXT() REPRESENTATION_CONTEXT('2D SPACE',''
  ) );
#4924 = ORIENTED_EDGE('',*,*,#4925,.F.);
#4925 = EDGE_CURVE('',#4504,#4903,#4926,.T.);
#4926 = SURFACE_CURVE('',#4927,(#4931,#4938),.PCURVE_S1.);
#4927 = LINE('',#4928,#4929);
#4928 = CARTESIAN_POINT('',(11.5,11.,0.));
#4929 = VECTOR('',#4930,1.);
#4930 = DIRECTION('',(-0.,0.,1.));
#4931 = PCURVE('',#4519,#4932);
#4932 = DEFINITIONAL_REPRESENTATION('',(#4933),#4937);
#4933 = LINE('',#4934,#4935);
#4934 = CARTESIAN_POINT('',(-0.5,0.));
#4935 = VECTOR('',#4936,1.);
#4936 = DIRECTION('',(0.,1.));
#4937 = ( GEOMETRIC_REPRESENTATION_CONTEXT(2) 
PARAMETRIC_REPRESENTATION_CONTEXT() REPRESENTATION_CONTEXT('2D SPACE',''
  ) );
#4938 = PCURVE('',#4552,#4939);
#4939 = DEFINITIONAL_REPRESENTATION('',(#4940),#4944);
#4940 = LINE('',#4941,#4942);
#4941 = CARTESIAN_POINT('',(0.,0.));
#4942 = VECTOR('',#4943,1.);
#4943 = DIRECTION('',(0.,1.));
#4944 = ( GEOMETRIC_REPRESENTATION_CONTEXT(2) 
PARAMETRIC_REPRESENTATION_CONTEXT() REPRESENTATION_CONTEXT('2D SPACE',''
  ) );
#4945 = ADVANCED_FACE('',(#4946),#4552,.F.);
#4946 = FACE_BOUND('',#4947,.F.);
#4947 = EDGE_LOOP('',(#4948,#4976,#4977,#4978));
#4948 = ORIENTED_EDGE('',*,*,#4949,.T.);
#4949 = EDGE_CURVE('',#4950,#4903,#4952,.T.);
#4950 = VERTEX_POINT('',#4951);
#4951 = CARTESIAN_POINT('',(11.,11.5,1.E-02));
#4952 = SURFACE_CURVE('',#4953,(#4958,#4965),.PCURVE_S1.);
#4953 = CIRCLE('',#4954,0.5);
#4954 = AXIS2_PLACEMENT_3D('',#4955,#4956,#4957);
#4955 = CARTESIAN_POINT('',(11.,11.,1.E-02));
#4956 = DIRECTION('',(0.,0.,-1.));
#4957 = DIRECTION('',(1.,0.,0.));
#4958 = PCURVE('',#4552,#4959);
#4959 = DEFINITIONAL_REPRESENTATION('',(#4960),#4964);
#4960 = LINE('',#4961,#4962);
#4961 = CARTESIAN_POINT('',(6.28318530718,1.E-02));
#4962 = VECTOR('',#4963,1.);
#4963 = DIRECTION('',(-1.,0.));
#4964 = ( GEOMETRIC_REPRESENTATION_CONTEXT(2) 
PARAMETRIC_REPRESENTATION_CONTEXT() REPRESENTATION_CONTEXT('2D SPACE',''
  ) );
#4965 = PCURVE('',#4707,#4966);
#4966 = DEFINITIONAL_REPRESENTATION('',(#4967),#4975);
#4967 = ( BOUNDED_CURVE() B_SPLINE_CURVE(2,(#4968,#4969,#4970,#4971,
#4972,#4973,#4974),.UNSPECIFIED.,.T.,.F.) B_SPLINE_CURVE_WITH_KNOTS((1,2
    ,2,2,2,1),(-2.094395102393,0.,2.094395102393,4.188790204786,
6.28318530718,8.377580409573),.UNSPECIFIED.) CURVE() 
GEOMETRIC_REPRESENTATION_ITEM() RATIONAL_B_SPLINE_CURVE((1.,0.5,1.,0.5,
1.,0.5,1.)) REPRESENTATION_ITEM('') );
#4968 = CARTESIAN_POINT('',(11.5,11.));
#4969 = CARTESIAN_POINT('',(11.5,10.133974596216));
#4970 = CARTESIAN_POINT('',(10.75,10.566987298108));
#4971 = CARTESIAN_POINT('',(10.,11.));
#4972 = CARTESIAN_POINT('',(10.75,11.433012701892));
#4973 = CARTESIAN_POINT('',(11.5,11.866025403784));
#4974 = CARTESIAN_POINT('',(11.5,11.));
#4975 = ( GEOMETRIC_REPRESENTATION_CONTEXT(2) 
PARAMETRIC_REPRESENTATION_CONTEXT() REPRESENTATION_CONTEXT('2D SPACE',''
  ) );
#4976 = ORIENTED_EDGE('',*,*,#4925,.F.);
#4977 = ORIENTED_EDGE('',*,*,#4531,.F.);
#4978 = ORIENTED_EDGE('',*,*,#4979,.T.);
#4979 = EDGE_CURVE('',#4532,#4950,#4980,.T.);
#4980 = SURFACE_CURVE('',#4981,(#4985,#4992),.PCURVE_S1.);
#4981 = LINE('',#4982,#4983);
#4982 = CARTESIAN_POINT('',(11.,11.5,0.));
#4983 = VECTOR('',#4984,1.);
#4984 = DIRECTION('',(0.,0.,1.));
#4985 = PCURVE('',#4552,#4986);
#4986 = DEFINITIONAL_REPRESENTATION('',(#4987),#4991);
#4987 = LINE('',#4988,#4989);
#4988 = CARTESIAN_POINT('',(1.570796326795,0.));
#4989 = VECTOR('',#4990,1.);
#4990 = DIRECTION('',(0.,1.));
#4991 = ( GEOMETRIC_REPRESENTATION_CONTEXT(2) 
PARAMETRIC_REPRESENTATION_CONTEXT() REPRESENTATION_CONTEXT('2D SPACE',''
  ) );
#4992 = PCURVE('',#4580,#4993);
#4993 = DEFINITIONAL_REPRESENTATION('',(#4994),#4998);
#4994 = LINE('',#4995,#4996);
#4995 = CARTESIAN_POINT('',(0.,22.5));
#4996 = VECTOR('',#4997,1.);
#4997 = DIRECTION('',(1.,0.));
#4998 = ( GEOMETRIC_REPRESENTATION_CONTEXT(2) 
PARAMETRIC_REPRESENTATION_CONTEXT() REPRESENTATION_CONTEXT('2D SPACE',''
  ) );
#4999 = ADVANCED_FACE('',(#5000),#4580,.F.);
#5000 = FACE_BOUND('',#5001,.T.);
#5001 = EDGE_LOOP('',(#5002,#5025,#5046,#5047));
#5002 = ORIENTED_EDGE('',*,*,#5003,.F.);
#5003 = EDGE_CURVE('',#5004,#4950,#5006,.T.);
#5004 = VERTEX_POINT('',#5005);
#5005 = CARTESIAN_POINT('',(-9.5,11.5,1.E-02));
#5006 = SURFACE_CURVE('',#5007,(#5011,#5018),.PCURVE_S1.);
#5007 = LINE('',#5008,#5009);
#5008 = CARTESIAN_POINT('',(-11.5,11.5,1.E-02));
#5009 = VECTOR('',#5010,1.);
#5010 = DIRECTION('',(1.,0.,-0.));
#5011 = PCURVE('',#4580,#5012);
#5012 = DEFINITIONAL_REPRESENTATION('',(#5013),#5017);
#5013 = LINE('',#5014,#5015);
#5014 = CARTESIAN_POINT('',(1.E-02,0.));
#5015 = VECTOR('',#5016,1.);
#5016 = DIRECTION('',(0.,1.));
#5017 = ( GEOMETRIC_REPRESENTATION_CONTEXT(2) 
PARAMETRIC_REPRESENTATION_CONTEXT() REPRESENTATION_CONTEXT('2D SPACE',''
  ) );
#5018 = PCURVE('',#4707,#5019);
#5019 = DEFINITIONAL_REPRESENTATION('',(#5020),#5024);
#5020 = LINE('',#5021,#5022);
#5021 = CARTESIAN_POINT('',(-11.5,11.5));
#5022 = VECTOR('',#5023,1.);
#5023 = DIRECTION('',(1.,0.));
#5024 = ( GEOMETRIC_REPRESENTATION_CONTEXT(2) 
PARAMETRIC_REPRESENTATION_CONTEXT() REPRESENTATION_CONTEXT('2D SPACE',''
  ) );
#5025 = ORIENTED_EDGE('',*,*,#5026,.F.);
#5026 = EDGE_CURVE('',#4565,#5004,#5027,.T.);
#5027 = SURFACE_CURVE('',#5028,(#5032,#5039),.PCURVE_S1.);
#5028 = LINE('',#5029,#5030);
#5029 = CARTESIAN_POINT('',(-9.5,11.5,0.));
#5030 = VECTOR('',#5031,1.);
#5031 = DIRECTION('',(0.,-0.,1.));
#5032 = PCURVE('',#4580,#5033);
#5033 = DEFINITIONAL_REPRESENTATION('',(#5034),#5038);
#5034 = LINE('',#5035,#5036);
#5035 = CARTESIAN_POINT('',(0.,2.));
#5036 = VECTOR('',#5037,1.);
#5037 = DIRECTION('',(1.,0.));
#5038 = ( GEOMETRIC_REPRESENTATION_CONTEXT(2) 
PARAMETRIC_REPRESENTATION_CONTEXT() REPRESENTATION_CONTEXT('2D SPACE',''
  ) );
#5039 = PCURVE('',#4608,#5040);
#5040 = DEFINITIONAL_REPRESENTATION('',(#5041),#5045);
#5041 = LINE('',#5042,#5043);
#5042 = CARTESIAN_POINT('',(1.414213562373,0.));
#5043 = VECTOR('',#5044,1.);
#5044 = DIRECTION('',(0.,1.));
#5045 = ( GEOMETRIC_REPRESENTATION_CONTEXT(2) 
PARAMETRIC_REPRESENTATION_CONTEXT() REPRESENTATION_CONTEXT('2D SPACE',''
  ) );
#5046 = ORIENTED_EDGE('',*,*,#4564,.T.);
#5047 = ORIENTED_EDGE('',*,*,#4979,.T.);
#5048 = ADVANCED_FACE('',(#5049),#4608,.T.);
#5049 = FACE_BOUND('',#5050,.T.);
#5050 = EDGE_LOOP('',(#5051,#5052,#5053,#5074));
#5051 = ORIENTED_EDGE('',*,*,#4592,.T.);
#5052 = ORIENTED_EDGE('',*,*,#5026,.T.);
#5053 = ORIENTED_EDGE('',*,*,#5054,.T.);
#5054 = EDGE_CURVE('',#5004,#4669,#5055,.T.);
#5055 = SURFACE_CURVE('',#5056,(#5060,#5067),.PCURVE_S1.);
#5056 = LINE('',#5057,#5058);
#5057 = CARTESIAN_POINT('',(-10.5,10.5,1.E-02));
#5058 = VECTOR('',#5059,1.);
#5059 = DIRECTION('',(-0.707106781187,-0.707106781187,-0.));
#5060 = PCURVE('',#4608,#5061);
#5061 = DEFINITIONAL_REPRESENTATION('',(#5062),#5066);
#5062 = LINE('',#5063,#5064);
#5063 = CARTESIAN_POINT('',(0.,1.E-02));
#5064 = VECTOR('',#5065,1.);
#5065 = DIRECTION('',(-1.,0.));
#5066 = ( GEOMETRIC_REPRESENTATION_CONTEXT(2) 
PARAMETRIC_REPRESENTATION_CONTEXT() REPRESENTATION_CONTEXT('2D SPACE',''
  ) );
#5067 = PCURVE('',#4707,#5068);
#5068 = DEFINITIONAL_REPRESENTATION('',(#5069),#5073);
#5069 = LINE('',#5070,#5071);
#5070 = CARTESIAN_POINT('',(-10.5,10.5));
#5071 = VECTOR('',#5072,1.);
#5072 = DIRECTION('',(-0.707106781187,-0.707106781187));
#5073 = ( GEOMETRIC_REPRESENTATION_CONTEXT(2) 
PARAMETRIC_REPRESENTATION_CONTEXT() REPRESENTATION_CONTEXT('2D SPACE',''
  ) );
#5074 = ORIENTED_EDGE('',*,*,#4668,.T.);
#5075 = ADVANCED_FACE('',(#5076),#4707,.F.);
#5076 = FACE_BOUND('',#5077,.T.);
#5077 = EDGE_LOOP('',(#5078,#5079,#5080,#5081,#5082,#5083,#5084,#5085));
#5078 = ORIENTED_EDGE('',*,*,#4902,.T.);
#5079 = ORIENTED_EDGE('',*,*,#4846,.T.);
#5080 = ORIENTED_EDGE('',*,*,#4797,.T.);
#5081 = ORIENTED_EDGE('',*,*,#4743,.T.);
#5082 = ORIENTED_EDGE('',*,*,#4691,.T.);
#5083 = ORIENTED_EDGE('',*,*,#5054,.F.);
#5084 = ORIENTED_EDGE('',*,*,#5003,.T.);
#5085 = ORIENTED_EDGE('',*,*,#4949,.T.);
#5086 = ( GEOMETRIC_REPRESENTATION_CONTEXT(3) 
GLOBAL_UNCERTAINTY_ASSIGNED_CONTEXT((#5090)) 
GLOBAL_UNIT_ASSIGNED_CONTEXT((#5087,#5088,#5089)) REPRESENTATION_CONTEXT
('Context #1','3D Context with UNIT and UNCERTAINTY') );
#5087 = ( LENGTH_UNIT() NAMED_UNIT(*) SI_UNIT(.MILLI.,.METRE.) );
#5088 = ( NAMED_UNIT(*) PLANE_ANGLE_UNIT() SI_UNIT($,.RADIAN.) );
#5089 = ( NAMED_UNIT(*) SI_UNIT($,.STERADIAN.) SOLID_ANGLE_UNIT() );
#5090 = UNCERTAINTY_MEASURE_WITH_UNIT(LENGTH_MEASURE(1.E-07),#5087,
  'distance_accuracy_value','confusion accuracy');
#5091 = CONTEXT_DEPENDENT_SHAPE_REPRESENTATION(#5092,#5094);
#5092 = ( REPRESENTATION_RELATIONSHIP('','',#59,#32) 
REPRESENTATION_RELATIONSHIP_WITH_TRANSFORMATION(#5093) 
SHAPE_REPRESENTATION_RELATIONSHIP() );
#5093 = ITEM_DEFINED_TRANSFORMATION('','',#11,#33);
#5094 = PRODUCT_DEFINITION_SHAPE('Placement','Placement of an item',
  #5095);
#5095 = NEXT_ASSEMBLY_USAGE_OCCURRENCE('6','case','',#27,#54,$);
#5096 = PRODUCT_RELATED_PRODUCT_CATEGORY('part',$,(#56));
#5097 = SHAPE_DEFINITION_REPRESENTATION(#5098,#5104);
#5098 = PRODUCT_DEFINITION_SHAPE('','',#5099);
#5099 = PRODUCT_DEFINITION('design','',#5100,#5103);
#5100 = PRODUCT_DEFINITION_FORMATION('','',#5101);
#5101 = PRODUCT('base','base','',(#5102));
#5102 = PRODUCT_CONTEXT('',#2,'mechanical');
#5103 = PRODUCT_DEFINITION_CONTEXT('part definition',#2,'design');
#5104 = ADVANCED_BREP_SHAPE_REPRESENTATION('',(#11,#5105),#7863);
#5105 = MANIFOLD_SOLID_BREP('',#5106);
#5106 = CLOSED_SHELL('',(#5107,#5228,#5339,#5450,#5561,#5672,#6496,#6524
    ,#6552,#6580,#6608,#6636,#6707,#6756,#6805,#6855,#6904,#6953,#7002,
    #7051,#7100,#7150,#7199,#7248,#7297,#7346,#7395,#7445,#7494,#7543,
    #7592,#7641,#7690,#7740,#7789,#7816));
#5107 = ADVANCED_FACE('',(#5108),#5122,.F.);
#5108 = FACE_BOUND('',#5109,.F.);
#5109 = EDGE_LOOP('',(#5110,#5145,#5174,#5197));
#5110 = ORIENTED_EDGE('',*,*,#5111,.T.);
#5111 = EDGE_CURVE('',#5112,#5114,#5116,.T.);
#5112 = VERTEX_POINT('',#5113);
#5113 = CARTESIAN_POINT('',(-10.5,-5.08,0.5));
#5114 = VERTEX_POINT('',#5115);
#5115 = CARTESIAN_POINT('',(-10.5,-5.08,0.));
#5116 = SURFACE_CURVE('',#5117,(#5121,#5133),.PCURVE_S1.);
#5117 = LINE('',#5118,#5119);
#5118 = CARTESIAN_POINT('',(-10.5,-5.08,34.510433205047));
#5119 = VECTOR('',#5120,1.);
#5120 = DIRECTION('',(0.,0.,-1.));
#5121 = PCURVE('',#5122,#5127);
#5122 = CYLINDRICAL_SURFACE('',#5123,0.35);
#5123 = AXIS2_PLACEMENT_3D('',#5124,#5125,#5126);
#5124 = CARTESIAN_POINT('',(-10.15,-5.08,34.510433205047));
#5125 = DIRECTION('',(0.,0.,-1.));
#5126 = DIRECTION('',(-1.,0.,0.));
#5127 = DEFINITIONAL_REPRESENTATION('',(#5128),#5132);
#5128 = LINE('',#5129,#5130);
#5129 = CARTESIAN_POINT('',(6.28318530718,0.));
#5130 = VECTOR('',#5131,1.);
#5131 = DIRECTION('',(0.,1.));
#5132 = ( GEOMETRIC_REPRESENTATION_CONTEXT(2) 
PARAMETRIC_REPRESENTATION_CONTEXT() REPRESENTATION_CONTEXT('2D SPACE',''
  ) );
#5133 = PCURVE('',#5134,#5139);
#5134 = CYLINDRICAL_SURFACE('',#5135,0.35);
#5135 = AXIS2_PLACEMENT_3D('',#5136,#5137,#5138);
#5136 = CARTESIAN_POINT('',(-10.15,-5.08,34.510433205047));
#5137 = DIRECTION('',(0.,0.,-1.));
#5138 = DIRECTION('',(-1.,0.,0.));
#5139 = DEFINITIONAL_REPRESENTATION('',(#5140),#5144);
#5140 = LINE('',#5141,#5142);
#5141 = CARTESIAN_POINT('',(0.,0.));
#5142 = VECTOR('',#5143,1.);
#5143 = DIRECTION('',(0.,1.));
#5144 = ( GEOMETRIC_REPRESENTATION_CONTEXT(2) 
PARAMETRIC_REPRESENTATION_CONTEXT() REPRESENTATION_CONTEXT('2D SPACE',''
  ) );
#5145 = ORIENTED_EDGE('',*,*,#5146,.T.);
#5146 = EDGE_CURVE('',#5114,#5147,#5149,.T.);
#5147 = VERTEX_POINT('',#5148);
#5148 = CARTESIAN_POINT('',(-9.8,-5.08,0.));
#5149 = SURFACE_CURVE('',#5150,(#5155,#5162),.PCURVE_S1.);
#5150 = CIRCLE('',#5151,0.35);
#5151 = AXIS2_PLACEMENT_3D('',#5152,#5153,#5154);
#5152 = CARTESIAN_POINT('',(-10.15,-5.08,0.));
#5153 = DIRECTION('',(0.,-0.,1.));
#5154 = DIRECTION('',(-1.,0.,0.));
#5155 = PCURVE('',#5122,#5156);
#5156 = DEFINITIONAL_REPRESENTATION('',(#5157),#5161);
#5157 = LINE('',#5158,#5159);
#5158 = CARTESIAN_POINT('',(6.28318530718,34.510433205047));
#5159 = VECTOR('',#5160,1.);
#5160 = DIRECTION('',(-1.,0.));
#5161 = ( GEOMETRIC_REPRESENTATION_CONTEXT(2) 
PARAMETRIC_REPRESENTATION_CONTEXT() REPRESENTATION_CONTEXT('2D SPACE',''
  ) );
#5162 = PCURVE('',#5163,#5168);
#5163 = PLANE('',#5164);
#5164 = AXIS2_PLACEMENT_3D('',#5165,#5166,#5167);
#5165 = CARTESIAN_POINT('',(0.,-2.0185873175E-16,0.));
#5166 = DIRECTION('',(0.,0.,1.));
#5167 = DIRECTION('',(1.,0.,-0.));
#5168 = DEFINITIONAL_REPRESENTATION('',(#5169),#5173);
#5169 = CIRCLE('',#5170,0.35);
#5170 = AXIS2_PLACEMENT_2D('',#5171,#5172);
#5171 = CARTESIAN_POINT('',(-10.15,-5.08));
#5172 = DIRECTION('',(-1.,0.));
#5173 = ( GEOMETRIC_REPRESENTATION_CONTEXT(2) 
PARAMETRIC_REPRESENTATION_CONTEXT() REPRESENTATION_CONTEXT('2D SPACE',''
  ) );
#5174 = ORIENTED_EDGE('',*,*,#5175,.F.);
#5175 = EDGE_CURVE('',#5176,#5147,#5178,.T.);
#5176 = VERTEX_POINT('',#5177);
#5177 = CARTESIAN_POINT('',(-9.8,-5.08,0.5));
#5178 = SURFACE_CURVE('',#5179,(#5183,#5190),.PCURVE_S1.);
#5179 = LINE('',#5180,#5181);
#5180 = CARTESIAN_POINT('',(-9.8,-5.08,34.510433205047));
#5181 = VECTOR('',#5182,1.);
#5182 = DIRECTION('',(0.,0.,-1.));
#5183 = PCURVE('',#5122,#5184);
#5184 = DEFINITIONAL_REPRESENTATION('',(#5185),#5189);
#5185 = LINE('',#5186,#5187);
#5186 = CARTESIAN_POINT('',(3.14159265359,0.));
#5187 = VECTOR('',#5188,1.);
#5188 = DIRECTION('',(0.,1.));
#5189 = ( GEOMETRIC_REPRESENTATION_CONTEXT(2) 
PARAMETRIC_REPRESENTATION_CONTEXT() REPRESENTATION_CONTEXT('2D SPACE',''
  ) );
#5190 = PCURVE('',#5134,#5191);
#5191 = DEFINITIONAL_REPRESENTATION('',(#5192),#5196);
#5192 = LINE('',#5193,#5194);
#5193 = CARTESIAN_POINT('',(3.14159265359,0.));
#5194 = VECTOR('',#5195,1.);
#5195 = DIRECTION('',(0.,1.));
#5196 = ( GEOMETRIC_REPRESENTATION_CONTEXT(2) 
PARAMETRIC_REPRESENTATION_CONTEXT() REPRESENTATION_CONTEXT('2D SPACE',''
  ) );
#5197 = ORIENTED_EDGE('',*,*,#5198,.T.);
#5198 = EDGE_CURVE('',#5176,#5112,#5199,.T.);
#5199 = SURFACE_CURVE('',#5200,(#5205,#5212),.PCURVE_S1.);
#5200 = CIRCLE('',#5201,0.35);
#5201 = AXIS2_PLACEMENT_3D('',#5202,#5203,#5204);
#5202 = CARTESIAN_POINT('',(-10.15,-5.08,0.5));
#5203 = DIRECTION('',(0.,0.,-1.));
#5204 = DIRECTION('',(-1.,0.,0.));
#5205 = PCURVE('',#5122,#5206);
#5206 = DEFINITIONAL_REPRESENTATION('',(#5207),#5211);
#5207 = LINE('',#5208,#5209);
#5208 = CARTESIAN_POINT('',(0.,34.010433205047));
#5209 = VECTOR('',#5210,1.);
#5210 = DIRECTION('',(1.,0.));
#5211 = ( GEOMETRIC_REPRESENTATION_CONTEXT(2) 
PARAMETRIC_REPRESENTATION_CONTEXT() REPRESENTATION_CONTEXT('2D SPACE',''
  ) );
#5212 = PCURVE('',#5213,#5218);
#5213 = PLANE('',#5214);
#5214 = AXIS2_PLACEMENT_3D('',#5215,#5216,#5217);
#5215 = CARTESIAN_POINT('',(0.,2.0185873175E-16,0.5));
#5216 = DIRECTION('',(0.,0.,1.));
#5217 = DIRECTION('',(1.,0.,-0.));
#5218 = DEFINITIONAL_REPRESENTATION('',(#5219),#5227);
#5219 = ( BOUNDED_CURVE() B_SPLINE_CURVE(2,(#5220,#5221,#5222,#5223,
#5224,#5225,#5226),.UNSPECIFIED.,.T.,.F.) B_SPLINE_CURVE_WITH_KNOTS((1,2
    ,2,2,2,1),(-2.094395102393,0.,2.094395102393,4.188790204786,
6.28318530718,8.377580409573),.UNSPECIFIED.) CURVE() 
GEOMETRIC_REPRESENTATION_ITEM() RATIONAL_B_SPLINE_CURVE((1.,0.5,1.,0.5,
1.,0.5,1.)) REPRESENTATION_ITEM('') );
#5220 = CARTESIAN_POINT('',(-10.5,-5.08));
#5221 = CARTESIAN_POINT('',(-10.5,-4.473782217351));
#5222 = CARTESIAN_POINT('',(-9.975,-4.776891108675));
#5223 = CARTESIAN_POINT('',(-9.45,-5.08));
#5224 = CARTESIAN_POINT('',(-9.975,-5.383108891325));
#5225 = CARTESIAN_POINT('',(-10.5,-5.686217782649));
#5226 = CARTESIAN_POINT('',(-10.5,-5.08));
#5227 = ( GEOMETRIC_REPRESENTATION_CONTEXT(2) 
PARAMETRIC_REPRESENTATION_CONTEXT() REPRESENTATION_CONTEXT('2D SPACE',''
  ) );
#5228 = ADVANCED_FACE('',(#5229),#5243,.F.);
#5229 = FACE_BOUND('',#5230,.F.);
#5230 = EDGE_LOOP('',(#5231,#5266,#5290,#5313));
#5231 = ORIENTED_EDGE('',*,*,#5232,.T.);
#5232 = EDGE_CURVE('',#5233,#5235,#5237,.T.);
#5233 = VERTEX_POINT('',#5234);
#5234 = CARTESIAN_POINT('',(9.8,-10.16,0.5));
#5235 = VERTEX_POINT('',#5236);
#5236 = CARTESIAN_POINT('',(9.8,-10.16,0.));
#5237 = SURFACE_CURVE('',#5238,(#5242,#5254),.PCURVE_S1.);
#5238 = LINE('',#5239,#5240);
#5239 = CARTESIAN_POINT('',(9.8,-10.16,34.510433205047));
#5240 = VECTOR('',#5241,1.);
#5241 = DIRECTION('',(0.,0.,-1.));
#5242 = PCURVE('',#5243,#5248);
#5243 = CYLINDRICAL_SURFACE('',#5244,0.35);
#5244 = AXIS2_PLACEMENT_3D('',#5245,#5246,#5247);
#5245 = CARTESIAN_POINT('',(10.15,-10.16,34.510433205047));
#5246 = DIRECTION('',(0.,0.,-1.));
#5247 = DIRECTION('',(-1.,0.,0.));
#5248 = DEFINITIONAL_REPRESENTATION('',(#5249),#5253);
#5249 = LINE('',#5250,#5251);
#5250 = CARTESIAN_POINT('',(6.28318530718,0.));
#5251 = VECTOR('',#5252,1.);
#5252 = DIRECTION('',(0.,1.));
#5253 = ( GEOMETRIC_REPRESENTATION_CONTEXT(2) 
PARAMETRIC_REPRESENTATION_CONTEXT() REPRESENTATION_CONTEXT('2D SPACE',''
  ) );
#5254 = PCURVE('',#5255,#5260);
#5255 = CYLINDRICAL_SURFACE('',#5256,0.35);
#5256 = AXIS2_PLACEMENT_3D('',#5257,#5258,#5259);
#5257 = CARTESIAN_POINT('',(10.15,-10.16,34.510433205047));
#5258 = DIRECTION('',(0.,0.,-1.));
#5259 = DIRECTION('',(-1.,0.,0.));
#5260 = DEFINITIONAL_REPRESENTATION('',(#5261),#5265);
#5261 = LINE('',#5262,#5263);
#5262 = CARTESIAN_POINT('',(0.,0.));
#5263 = VECTOR('',#5264,1.);
#5264 = DIRECTION('',(0.,1.));
#5265 = ( GEOMETRIC_REPRESENTATION_CONTEXT(2) 
PARAMETRIC_REPRESENTATION_CONTEXT() REPRESENTATION_CONTEXT('2D SPACE',''
  ) );
#5266 = ORIENTED_EDGE('',*,*,#5267,.T.);
#5267 = EDGE_CURVE('',#5235,#5268,#5270,.T.);
#5268 = VERTEX_POINT('',#5269);
#5269 = CARTESIAN_POINT('',(10.5,-10.16,0.));
#5270 = SURFACE_CURVE('',#5271,(#5276,#5283),.PCURVE_S1.);
#5271 = CIRCLE('',#5272,0.35);
#5272 = AXIS2_PLACEMENT_3D('',#5273,#5274,#5275);
#5273 = CARTESIAN_POINT('',(10.15,-10.16,0.));
#5274 = DIRECTION('',(0.,-0.,1.));
#5275 = DIRECTION('',(-1.,0.,0.));
#5276 = PCURVE('',#5243,#5277);
#5277 = DEFINITIONAL_REPRESENTATION('',(#5278),#5282);
#5278 = LINE('',#5279,#5280);
#5279 = CARTESIAN_POINT('',(6.28318530718,34.510433205047));
#5280 = VECTOR('',#5281,1.);
#5281 = DIRECTION('',(-1.,0.));
#5282 = ( GEOMETRIC_REPRESENTATION_CONTEXT(2) 
PARAMETRIC_REPRESENTATION_CONTEXT() REPRESENTATION_CONTEXT('2D SPACE',''
  ) );
#5283 = PCURVE('',#5163,#5284);
#5284 = DEFINITIONAL_REPRESENTATION('',(#5285),#5289);
#5285 = CIRCLE('',#5286,0.35);
#5286 = AXIS2_PLACEMENT_2D('',#5287,#5288);
#5287 = CARTESIAN_POINT('',(10.15,-10.16));
#5288 = DIRECTION('',(-1.,0.));
#5289 = ( GEOMETRIC_REPRESENTATION_CONTEXT(2) 
PARAMETRIC_REPRESENTATION_CONTEXT() REPRESENTATION_CONTEXT('2D SPACE',''
  ) );
#5290 = ORIENTED_EDGE('',*,*,#5291,.F.);
#5291 = EDGE_CURVE('',#5292,#5268,#5294,.T.);
#5292 = VERTEX_POINT('',#5293);
#5293 = CARTESIAN_POINT('',(10.5,-10.16,0.5));
#5294 = SURFACE_CURVE('',#5295,(#5299,#5306),.PCURVE_S1.);
#5295 = LINE('',#5296,#5297);
#5296 = CARTESIAN_POINT('',(10.5,-10.16,34.510433205047));
#5297 = VECTOR('',#5298,1.);
#5298 = DIRECTION('',(0.,0.,-1.));
#5299 = PCURVE('',#5243,#5300);
#5300 = DEFINITIONAL_REPRESENTATION('',(#5301),#5305);
#5301 = LINE('',#5302,#5303);
#5302 = CARTESIAN_POINT('',(3.14159265359,0.));
#5303 = VECTOR('',#5304,1.);
#5304 = DIRECTION('',(0.,1.));
#5305 = ( GEOMETRIC_REPRESENTATION_CONTEXT(2) 
PARAMETRIC_REPRESENTATION_CONTEXT() REPRESENTATION_CONTEXT('2D SPACE',''
  ) );
#5306 = PCURVE('',#5255,#5307);
#5307 = DEFINITIONAL_REPRESENTATION('',(#5308),#5312);
#5308 = LINE('',#5309,#5310);
#5309 = CARTESIAN_POINT('',(3.14159265359,0.));
#5310 = VECTOR('',#5311,1.);
#5311 = DIRECTION('',(0.,1.));
#5312 = ( GEOMETRIC_REPRESENTATION_CONTEXT(2) 
PARAMETRIC_REPRESENTATION_CONTEXT() REPRESENTATION_CONTEXT('2D SPACE',''
  ) );
#5313 = ORIENTED_EDGE('',*,*,#5314,.T.);
#5314 = EDGE_CURVE('',#5292,#5233,#5315,.T.);
#5315 = SURFACE_CURVE('',#5316,(#5321,#5328),.PCURVE_S1.);
#5316 = CIRCLE('',#5317,0.35);
#5317 = AXIS2_PLACEMENT_3D('',#5318,#5319,#5320);
#5318 = CARTESIAN_POINT('',(10.15,-10.16,0.5));
#5319 = DIRECTION('',(0.,0.,-1.));
#5320 = DIRECTION('',(-1.,0.,0.));
#5321 = PCURVE('',#5243,#5322);
#5322 = DEFINITIONAL_REPRESENTATION('',(#5323),#5327);
#5323 = LINE('',#5324,#5325);
#5324 = CARTESIAN_POINT('',(0.,34.010433205047));
#5325 = VECTOR('',#5326,1.);
#5326 = DIRECTION('',(1.,0.));
#5327 = ( GEOMETRIC_REPRESENTATION_CONTEXT(2) 
PARAMETRIC_REPRESENTATION_CONTEXT() REPRESENTATION_CONTEXT('2D SPACE',''
  ) );
#5328 = PCURVE('',#5213,#5329);
#5329 = DEFINITIONAL_REPRESENTATION('',(#5330),#5338);
#5330 = ( BOUNDED_CURVE() B_SPLINE_CURVE(2,(#5331,#5332,#5333,#5334,
#5335,#5336,#5337),.UNSPECIFIED.,.T.,.F.) B_SPLINE_CURVE_WITH_KNOTS((1,2
    ,2,2,2,1),(-2.094395102393,0.,2.094395102393,4.188790204786,
6.28318530718,8.377580409573),.UNSPECIFIED.) CURVE() 
GEOMETRIC_REPRESENTATION_ITEM() RATIONAL_B_SPLINE_CURVE((1.,0.5,1.,0.5,
1.,0.5,1.)) REPRESENTATION_ITEM('') );
#5331 = CARTESIAN_POINT('',(9.8,-10.16));
#5332 = CARTESIAN_POINT('',(9.8,-9.553782217351));
#5333 = CARTESIAN_POINT('',(10.325,-9.856891108675));
#5334 = CARTESIAN_POINT('',(10.85,-10.16));
#5335 = CARTESIAN_POINT('',(10.325,-10.46310889132));
#5336 = CARTESIAN_POINT('',(9.8,-10.76621778264));
#5337 = CARTESIAN_POINT('',(9.8,-10.16));
#5338 = ( GEOMETRIC_REPRESENTATION_CONTEXT(2) 
PARAMETRIC_REPRESENTATION_CONTEXT() REPRESENTATION_CONTEXT('2D SPACE',''
  ) );
#5339 = ADVANCED_FACE('',(#5340),#5354,.F.);
#5340 = FACE_BOUND('',#5341,.F.);
#5341 = EDGE_LOOP('',(#5342,#5377,#5401,#5424));
#5342 = ORIENTED_EDGE('',*,*,#5343,.T.);
#5343 = EDGE_CURVE('',#5344,#5346,#5348,.T.);
#5344 = VERTEX_POINT('',#5345);
#5345 = CARTESIAN_POINT('',(9.8,10.16,0.5));
#5346 = VERTEX_POINT('',#5347);
#5347 = CARTESIAN_POINT('',(9.8,10.16,0.));
#5348 = SURFACE_CURVE('',#5349,(#5353,#5365),.PCURVE_S1.);
#5349 = LINE('',#5350,#5351);
#5350 = CARTESIAN_POINT('',(9.8,10.16,34.510433205047));
#5351 = VECTOR('',#5352,1.);
#5352 = DIRECTION('',(0.,0.,-1.));
#5353 = PCURVE('',#5354,#5359);
#5354 = CYLINDRICAL_SURFACE('',#5355,0.35);
#5355 = AXIS2_PLACEMENT_3D('',#5356,#5357,#5358);
#5356 = CARTESIAN_POINT('',(10.15,10.16,34.510433205047));
#5357 = DIRECTION('',(0.,0.,-1.));
#5358 = DIRECTION('',(-1.,0.,0.));
#5359 = DEFINITIONAL_REPRESENTATION('',(#5360),#5364);
#5360 = LINE('',#5361,#5362);
#5361 = CARTESIAN_POINT('',(6.28318530718,0.));
#5362 = VECTOR('',#5363,1.);
#5363 = DIRECTION('',(0.,1.));
#5364 = ( GEOMETRIC_REPRESENTATION_CONTEXT(2) 
PARAMETRIC_REPRESENTATION_CONTEXT() REPRESENTATION_CONTEXT('2D SPACE',''
  ) );
#5365 = PCURVE('',#5366,#5371);
#5366 = CYLINDRICAL_SURFACE('',#5367,0.35);
#5367 = AXIS2_PLACEMENT_3D('',#5368,#5369,#5370);
#5368 = CARTESIAN_POINT('',(10.15,10.16,34.510433205047));
#5369 = DIRECTION('',(0.,0.,-1.));
#5370 = DIRECTION('',(-1.,0.,0.));
#5371 = DEFINITIONAL_REPRESENTATION('',(#5372),#5376);
#5372 = LINE('',#5373,#5374);
#5373 = CARTESIAN_POINT('',(0.,0.));
#5374 = VECTOR('',#5375,1.);
#5375 = DIRECTION('',(0.,1.));
#5376 = ( GEOMETRIC_REPRESENTATION_CONTEXT(2) 
PARAMETRIC_REPRESENTATION_CONTEXT() REPRESENTATION_CONTEXT('2D SPACE',''
  ) );
#5377 = ORIENTED_EDGE('',*,*,#5378,.T.);
#5378 = EDGE_CURVE('',#5346,#5379,#5381,.T.);
#5379 = VERTEX_POINT('',#5380);
#5380 = CARTESIAN_POINT('',(10.5,10.16,0.));
#5381 = SURFACE_CURVE('',#5382,(#5387,#5394),.PCURVE_S1.);
#5382 = CIRCLE('',#5383,0.35);
#5383 = AXIS2_PLACEMENT_3D('',#5384,#5385,#5386);
#5384 = CARTESIAN_POINT('',(10.15,10.16,0.));
#5385 = DIRECTION('',(0.,-0.,1.));
#5386 = DIRECTION('',(-1.,0.,0.));
#5387 = PCURVE('',#5354,#5388);
#5388 = DEFINITIONAL_REPRESENTATION('',(#5389),#5393);
#5389 = LINE('',#5390,#5391);
#5390 = CARTESIAN_POINT('',(6.28318530718,34.510433205047));
#5391 = VECTOR('',#5392,1.);
#5392 = DIRECTION('',(-1.,0.));
#5393 = ( GEOMETRIC_REPRESENTATION_CONTEXT(2) 
PARAMETRIC_REPRESENTATION_CONTEXT() REPRESENTATION_CONTEXT('2D SPACE',''
  ) );
#5394 = PCURVE('',#5163,#5395);
#5395 = DEFINITIONAL_REPRESENTATION('',(#5396),#5400);
#5396 = CIRCLE('',#5397,0.35);
#5397 = AXIS2_PLACEMENT_2D('',#5398,#5399);
#5398 = CARTESIAN_POINT('',(10.15,10.16));
#5399 = DIRECTION('',(-1.,0.));
#5400 = ( GEOMETRIC_REPRESENTATION_CONTEXT(2) 
PARAMETRIC_REPRESENTATION_CONTEXT() REPRESENTATION_CONTEXT('2D SPACE',''
  ) );
#5401 = ORIENTED_EDGE('',*,*,#5402,.F.);
#5402 = EDGE_CURVE('',#5403,#5379,#5405,.T.);
#5403 = VERTEX_POINT('',#5404);
#5404 = CARTESIAN_POINT('',(10.5,10.16,0.5));
#5405 = SURFACE_CURVE('',#5406,(#5410,#5417),.PCURVE_S1.);
#5406 = LINE('',#5407,#5408);
#5407 = CARTESIAN_POINT('',(10.5,10.16,34.510433205047));
#5408 = VECTOR('',#5409,1.);
#5409 = DIRECTION('',(0.,0.,-1.));
#5410 = PCURVE('',#5354,#5411);
#5411 = DEFINITIONAL_REPRESENTATION('',(#5412),#5416);
#5412 = LINE('',#5413,#5414);
#5413 = CARTESIAN_POINT('',(3.14159265359,0.));
#5414 = VECTOR('',#5415,1.);
#5415 = DIRECTION('',(0.,1.));
#5416 = ( GEOMETRIC_REPRESENTATION_CONTEXT(2) 
PARAMETRIC_REPRESENTATION_CONTEXT() REPRESENTATION_CONTEXT('2D SPACE',''
  ) );
#5417 = PCURVE('',#5366,#5418);
#5418 = DEFINITIONAL_REPRESENTATION('',(#5419),#5423);
#5419 = LINE('',#5420,#5421);
#5420 = CARTESIAN_POINT('',(3.14159265359,0.));
#5421 = VECTOR('',#5422,1.);
#5422 = DIRECTION('',(0.,1.));
#5423 = ( GEOMETRIC_REPRESENTATION_CONTEXT(2) 
PARAMETRIC_REPRESENTATION_CONTEXT() REPRESENTATION_CONTEXT('2D SPACE',''
  ) );
#5424 = ORIENTED_EDGE('',*,*,#5425,.T.);
#5425 = EDGE_CURVE('',#5403,#5344,#5426,.T.);
#5426 = SURFACE_CURVE('',#5427,(#5432,#5439),.PCURVE_S1.);
#5427 = CIRCLE('',#5428,0.35);
#5428 = AXIS2_PLACEMENT_3D('',#5429,#5430,#5431);
#5429 = CARTESIAN_POINT('',(10.15,10.16,0.5));
#5430 = DIRECTION('',(0.,0.,-1.));
#5431 = DIRECTION('',(-1.,0.,0.));
#5432 = PCURVE('',#5354,#5433);
#5433 = DEFINITIONAL_REPRESENTATION('',(#5434),#5438);
#5434 = LINE('',#5435,#5436);
#5435 = CARTESIAN_POINT('',(0.,34.010433205047));
#5436 = VECTOR('',#5437,1.);
#5437 = DIRECTION('',(1.,0.));
#5438 = ( GEOMETRIC_REPRESENTATION_CONTEXT(2) 
PARAMETRIC_REPRESENTATION_CONTEXT() REPRESENTATION_CONTEXT('2D SPACE',''
  ) );
#5439 = PCURVE('',#5213,#5440);
#5440 = DEFINITIONAL_REPRESENTATION('',(#5441),#5449);
#5441 = ( BOUNDED_CURVE() B_SPLINE_CURVE(2,(#5442,#5443,#5444,#5445,
#5446,#5447,#5448),.UNSPECIFIED.,.T.,.F.) B_SPLINE_CURVE_WITH_KNOTS((1,2
    ,2,2,2,1),(-2.094395102393,0.,2.094395102393,4.188790204786,
6.28318530718,8.377580409573),.UNSPECIFIED.) CURVE() 
GEOMETRIC_REPRESENTATION_ITEM() RATIONAL_B_SPLINE_CURVE((1.,0.5,1.,0.5,
1.,0.5,1.)) REPRESENTATION_ITEM('') );
#5442 = CARTESIAN_POINT('',(9.8,10.16));
#5443 = CARTESIAN_POINT('',(9.8,10.766217782649));
#5444 = CARTESIAN_POINT('',(10.325,10.463108891325));
#5445 = CARTESIAN_POINT('',(10.85,10.16));
#5446 = CARTESIAN_POINT('',(10.325,9.856891108675));
#5447 = CARTESIAN_POINT('',(9.8,9.553782217351));
#5448 = CARTESIAN_POINT('',(9.8,10.16));
#5449 = ( GEOMETRIC_REPRESENTATION_CONTEXT(2) 
PARAMETRIC_REPRESENTATION_CONTEXT() REPRESENTATION_CONTEXT('2D SPACE',''
  ) );
#5450 = ADVANCED_FACE('',(#5451),#5465,.F.);
#5451 = FACE_BOUND('',#5452,.F.);
#5452 = EDGE_LOOP('',(#5453,#5488,#5512,#5535));
#5453 = ORIENTED_EDGE('',*,*,#5454,.T.);
#5454 = EDGE_CURVE('',#5455,#5457,#5459,.T.);
#5455 = VERTEX_POINT('',#5456);
#5456 = CARTESIAN_POINT('',(9.8,0.,0.5));
#5457 = VERTEX_POINT('',#5458);
#5458 = CARTESIAN_POINT('',(9.8,0.,0.));
#5459 = SURFACE_CURVE('',#5460,(#5464,#5476),.PCURVE_S1.);
#5460 = LINE('',#5461,#5462);
#5461 = CARTESIAN_POINT('',(9.8,0.,34.510433205047));
#5462 = VECTOR('',#5463,1.);
#5463 = DIRECTION('',(0.,0.,-1.));
#5464 = PCURVE('',#5465,#5470);
#5465 = CYLINDRICAL_SURFACE('',#5466,0.35);
#5466 = AXIS2_PLACEMENT_3D('',#5467,#5468,#5469);
#5467 = CARTESIAN_POINT('',(10.15,0.,34.510433205047));
#5468 = DIRECTION('',(0.,0.,-1.));
#5469 = DIRECTION('',(-1.,0.,0.));
#5470 = DEFINITIONAL_REPRESENTATION('',(#5471),#5475);
#5471 = LINE('',#5472,#5473);
#5472 = CARTESIAN_POINT('',(6.28318530718,0.));
#5473 = VECTOR('',#5474,1.);
#5474 = DIRECTION('',(0.,1.));
#5475 = ( GEOMETRIC_REPRESENTATION_CONTEXT(2) 
PARAMETRIC_REPRESENTATION_CONTEXT() REPRESENTATION_CONTEXT('2D SPACE',''
  ) );
#5476 = PCURVE('',#5477,#5482);
#5477 = CYLINDRICAL_SURFACE('',#5478,0.35);
#5478 = AXIS2_PLACEMENT_3D('',#5479,#5480,#5481);
#5479 = CARTESIAN_POINT('',(10.15,0.,34.510433205047));
#5480 = DIRECTION('',(0.,0.,-1.));
#5481 = DIRECTION('',(-1.,0.,0.));
#5482 = DEFINITIONAL_REPRESENTATION('',(#5483),#5487);
#5483 = LINE('',#5484,#5485);
#5484 = CARTESIAN_POINT('',(0.,0.));
#5485 = VECTOR('',#5486,1.);
#5486 = DIRECTION('',(0.,1.));
#5487 = ( GEOMETRIC_REPRESENTATION_CONTEXT(2) 
PARAMETRIC_REPRESENTATION_CONTEXT() REPRESENTATION_CONTEXT('2D SPACE',''
  ) );
#5488 = ORIENTED_EDGE('',*,*,#5489,.T.);
#5489 = EDGE_CURVE('',#5457,#5490,#5492,.T.);
#5490 = VERTEX_POINT('',#5491);
#5491 = CARTESIAN_POINT('',(10.5,4.286263797016E-17,0.));
#5492 = SURFACE_CURVE('',#5493,(#5498,#5505),.PCURVE_S1.);
#5493 = CIRCLE('',#5494,0.35);
#5494 = AXIS2_PLACEMENT_3D('',#5495,#5496,#5497);
#5495 = CARTESIAN_POINT('',(10.15,0.,0.));
#5496 = DIRECTION('',(0.,-0.,1.));
#5497 = DIRECTION('',(-1.,0.,0.));
#5498 = PCURVE('',#5465,#5499);
#5499 = DEFINITIONAL_REPRESENTATION('',(#5500),#5504);
#5500 = LINE('',#5501,#5502);
#5501 = CARTESIAN_POINT('',(6.28318530718,34.510433205047));
#5502 = VECTOR('',#5503,1.);
#5503 = DIRECTION('',(-1.,0.));
#5504 = ( GEOMETRIC_REPRESENTATION_CONTEXT(2) 
PARAMETRIC_REPRESENTATION_CONTEXT() REPRESENTATION_CONTEXT('2D SPACE',''
  ) );
#5505 = PCURVE('',#5163,#5506);
#5506 = DEFINITIONAL_REPRESENTATION('',(#5507),#5511);
#5507 = CIRCLE('',#5508,0.35);
#5508 = AXIS2_PLACEMENT_2D('',#5509,#5510);
#5509 = CARTESIAN_POINT('',(10.15,2.0185873175E-16));
#5510 = DIRECTION('',(-1.,0.));
#5511 = ( GEOMETRIC_REPRESENTATION_CONTEXT(2) 
PARAMETRIC_REPRESENTATION_CONTEXT() REPRESENTATION_CONTEXT('2D SPACE',''
  ) );
#5512 = ORIENTED_EDGE('',*,*,#5513,.F.);
#5513 = EDGE_CURVE('',#5514,#5490,#5516,.T.);
#5514 = VERTEX_POINT('',#5515);
#5515 = CARTESIAN_POINT('',(10.5,4.286263797016E-17,0.5));
#5516 = SURFACE_CURVE('',#5517,(#5521,#5528),.PCURVE_S1.);
#5517 = LINE('',#5518,#5519);
#5518 = CARTESIAN_POINT('',(10.5,4.286263797016E-17,34.510433205047));
#5519 = VECTOR('',#5520,1.);
#5520 = DIRECTION('',(0.,0.,-1.));
#5521 = PCURVE('',#5465,#5522);
#5522 = DEFINITIONAL_REPRESENTATION('',(#5523),#5527);
#5523 = LINE('',#5524,#5525);
#5524 = CARTESIAN_POINT('',(3.14159265359,0.));
#5525 = VECTOR('',#5526,1.);
#5526 = DIRECTION('',(0.,1.));
#5527 = ( GEOMETRIC_REPRESENTATION_CONTEXT(2) 
PARAMETRIC_REPRESENTATION_CONTEXT() REPRESENTATION_CONTEXT('2D SPACE',''
  ) );
#5528 = PCURVE('',#5477,#5529);
#5529 = DEFINITIONAL_REPRESENTATION('',(#5530),#5534);
#5530 = LINE('',#5531,#5532);
#5531 = CARTESIAN_POINT('',(3.14159265359,0.));
#5532 = VECTOR('',#5533,1.);
#5533 = DIRECTION('',(0.,1.));
#5534 = ( GEOMETRIC_REPRESENTATION_CONTEXT(2) 
PARAMETRIC_REPRESENTATION_CONTEXT() REPRESENTATION_CONTEXT('2D SPACE',''
  ) );
#5535 = ORIENTED_EDGE('',*,*,#5536,.T.);
#5536 = EDGE_CURVE('',#5514,#5455,#5537,.T.);
#5537 = SURFACE_CURVE('',#5538,(#5543,#5550),.PCURVE_S1.);
#5538 = CIRCLE('',#5539,0.35);
#5539 = AXIS2_PLACEMENT_3D('',#5540,#5541,#5542);
#5540 = CARTESIAN_POINT('',(10.15,0.,0.5));
#5541 = DIRECTION('',(0.,0.,-1.));
#5542 = DIRECTION('',(-1.,0.,0.));
#5543 = PCURVE('',#5465,#5544);
#5544 = DEFINITIONAL_REPRESENTATION('',(#5545),#5549);
#5545 = LINE('',#5546,#5547);
#5546 = CARTESIAN_POINT('',(0.,34.010433205047));
#5547 = VECTOR('',#5548,1.);
#5548 = DIRECTION('',(1.,0.));
#5549 = ( GEOMETRIC_REPRESENTATION_CONTEXT(2) 
PARAMETRIC_REPRESENTATION_CONTEXT() REPRESENTATION_CONTEXT('2D SPACE',''
  ) );
#5550 = PCURVE('',#5213,#5551);
#5551 = DEFINITIONAL_REPRESENTATION('',(#5552),#5560);
#5552 = ( BOUNDED_CURVE() B_SPLINE_CURVE(2,(#5553,#5554,#5555,#5556,
#5557,#5558,#5559),.UNSPECIFIED.,.T.,.F.) B_SPLINE_CURVE_WITH_KNOTS((1,2
    ,2,2,2,1),(-2.094395102393,0.,2.094395102393,4.188790204786,
6.28318530718,8.377580409573),.UNSPECIFIED.) CURVE() 
GEOMETRIC_REPRESENTATION_ITEM() RATIONAL_B_SPLINE_CURVE((1.,0.5,1.,0.5,
1.,0.5,1.)) REPRESENTATION_ITEM('') );
#5553 = CARTESIAN_POINT('',(9.8,-2.0185873175E-16));
#5554 = CARTESIAN_POINT('',(9.8,0.606217782649));
#5555 = CARTESIAN_POINT('',(10.325,0.303108891325));
#5556 = CARTESIAN_POINT('',(10.85,-1.161334558097E-16));
#5557 = CARTESIAN_POINT('',(10.325,-0.303108891325));
#5558 = CARTESIAN_POINT('',(9.8,-0.606217782649));
#5559 = CARTESIAN_POINT('',(9.8,-2.0185873175E-16));
#5560 = ( GEOMETRIC_REPRESENTATION_CONTEXT(2) 
PARAMETRIC_REPRESENTATION_CONTEXT() REPRESENTATION_CONTEXT('2D SPACE',''
  ) );
#5561 = ADVANCED_FACE('',(#5562),#5576,.F.);
#5562 = FACE_BOUND('',#5563,.F.);
#5563 = EDGE_LOOP('',(#5564,#5599,#5623,#5646));
#5564 = ORIENTED_EDGE('',*,*,#5565,.T.);
#5565 = EDGE_CURVE('',#5566,#5568,#5570,.T.);
#5566 = VERTEX_POINT('',#5567);
#5567 = CARTESIAN_POINT('',(-10.5,-10.16,0.5));
#5568 = VERTEX_POINT('',#5569);
#5569 = CARTESIAN_POINT('',(-10.5,-10.16,0.));
#5570 = SURFACE_CURVE('',#5571,(#5575,#5587),.PCURVE_S1.);
#5571 = LINE('',#5572,#5573);
#5572 = CARTESIAN_POINT('',(-10.5,-10.16,34.510433205047));
#5573 = VECTOR('',#5574,1.);
#5574 = DIRECTION('',(0.,0.,-1.));
#5575 = PCURVE('',#5576,#5581);
#5576 = CYLINDRICAL_SURFACE('',#5577,0.35);
#5577 = AXIS2_PLACEMENT_3D('',#5578,#5579,#5580);
#5578 = CARTESIAN_POINT('',(-10.15,-10.16,34.510433205047));
#5579 = DIRECTION('',(0.,0.,-1.));
#5580 = DIRECTION('',(-1.,0.,0.));
#5581 = DEFINITIONAL_REPRESENTATION('',(#5582),#5586);
#5582 = LINE('',#5583,#5584);
#5583 = CARTESIAN_POINT('',(6.28318530718,0.));
#5584 = VECTOR('',#5585,1.);
#5585 = DIRECTION('',(0.,1.));
#5586 = ( GEOMETRIC_REPRESENTATION_CONTEXT(2) 
PARAMETRIC_REPRESENTATION_CONTEXT() REPRESENTATION_CONTEXT('2D SPACE',''
  ) );
#5587 = PCURVE('',#5588,#5593);
#5588 = CYLINDRICAL_SURFACE('',#5589,0.35);
#5589 = AXIS2_PLACEMENT_3D('',#5590,#5591,#5592);
#5590 = CARTESIAN_POINT('',(-10.15,-10.16,34.510433205047));
#5591 = DIRECTION('',(0.,0.,-1.));
#5592 = DIRECTION('',(-1.,0.,0.));
#5593 = DEFINITIONAL_REPRESENTATION('',(#5594),#5598);
#5594 = LINE('',#5595,#5596);
#5595 = CARTESIAN_POINT('',(0.,0.));
#5596 = VECTOR('',#5597,1.);
#5597 = DIRECTION('',(0.,1.));
#5598 = ( GEOMETRIC_REPRESENTATION_CONTEXT(2) 
PARAMETRIC_REPRESENTATION_CONTEXT() REPRESENTATION_CONTEXT('2D SPACE',''
  ) );
#5599 = ORIENTED_EDGE('',*,*,#5600,.T.);
#5600 = EDGE_CURVE('',#5568,#5601,#5603,.T.);
#5601 = VERTEX_POINT('',#5602);
#5602 = CARTESIAN_POINT('',(-9.8,-10.16,0.));
#5603 = SURFACE_CURVE('',#5604,(#5609,#5616),.PCURVE_S1.);
#5604 = CIRCLE('',#5605,0.35);
#5605 = AXIS2_PLACEMENT_3D('',#5606,#5607,#5608);
#5606 = CARTESIAN_POINT('',(-10.15,-10.16,0.));
#5607 = DIRECTION('',(0.,-0.,1.));
#5608 = DIRECTION('',(-1.,0.,0.));
#5609 = PCURVE('',#5576,#5610);
#5610 = DEFINITIONAL_REPRESENTATION('',(#5611),#5615);
#5611 = LINE('',#5612,#5613);
#5612 = CARTESIAN_POINT('',(6.28318530718,34.510433205047));
#5613 = VECTOR('',#5614,1.);
#5614 = DIRECTION('',(-1.,0.));
#5615 = ( GEOMETRIC_REPRESENTATION_CONTEXT(2) 
PARAMETRIC_REPRESENTATION_CONTEXT() REPRESENTATION_CONTEXT('2D SPACE',''
  ) );
#5616 = PCURVE('',#5163,#5617);
#5617 = DEFINITIONAL_REPRESENTATION('',(#5618),#5622);
#5618 = CIRCLE('',#5619,0.35);
#5619 = AXIS2_PLACEMENT_2D('',#5620,#5621);
#5620 = CARTESIAN_POINT('',(-10.15,-10.16));
#5621 = DIRECTION('',(-1.,0.));
#5622 = ( GEOMETRIC_REPRESENTATION_CONTEXT(2) 
PARAMETRIC_REPRESENTATION_CONTEXT() REPRESENTATION_CONTEXT('2D SPACE',''
  ) );
#5623 = ORIENTED_EDGE('',*,*,#5624,.F.);
#5624 = EDGE_CURVE('',#5625,#5601,#5627,.T.);
#5625 = VERTEX_POINT('',#5626);
#5626 = CARTESIAN_POINT('',(-9.8,-10.16,0.5));
#5627 = SURFACE_CURVE('',#5628,(#5632,#5639),.PCURVE_S1.);
#5628 = LINE('',#5629,#5630);
#5629 = CARTESIAN_POINT('',(-9.8,-10.16,34.510433205047));
#5630 = VECTOR('',#5631,1.);
#5631 = DIRECTION('',(0.,0.,-1.));
#5632 = PCURVE('',#5576,#5633);
#5633 = DEFINITIONAL_REPRESENTATION('',(#5634),#5638);
#5634 = LINE('',#5635,#5636);
#5635 = CARTESIAN_POINT('',(3.14159265359,0.));
#5636 = VECTOR('',#5637,1.);
#5637 = DIRECTION('',(0.,1.));
#5638 = ( GEOMETRIC_REPRESENTATION_CONTEXT(2) 
PARAMETRIC_REPRESENTATION_CONTEXT() REPRESENTATION_CONTEXT('2D SPACE',''
  ) );
#5639 = PCURVE('',#5588,#5640);
#5640 = DEFINITIONAL_REPRESENTATION('',(#5641),#5645);
#5641 = LINE('',#5642,#5643);
#5642 = CARTESIAN_POINT('',(3.14159265359,0.));
#5643 = VECTOR('',#5644,1.);
#5644 = DIRECTION('',(0.,1.));
#5645 = ( GEOMETRIC_REPRESENTATION_CONTEXT(2) 
PARAMETRIC_REPRESENTATION_CONTEXT() REPRESENTATION_CONTEXT('2D SPACE',''
  ) );
#5646 = ORIENTED_EDGE('',*,*,#5647,.T.);
#5647 = EDGE_CURVE('',#5625,#5566,#5648,.T.);
#5648 = SURFACE_CURVE('',#5649,(#5654,#5661),.PCURVE_S1.);
#5649 = CIRCLE('',#5650,0.35);
#5650 = AXIS2_PLACEMENT_3D('',#5651,#5652,#5653);
#5651 = CARTESIAN_POINT('',(-10.15,-10.16,0.5));
#5652 = DIRECTION('',(0.,0.,-1.));
#5653 = DIRECTION('',(-1.,0.,0.));
#5654 = PCURVE('',#5576,#5655);
#5655 = DEFINITIONAL_REPRESENTATION('',(#5656),#5660);
#5656 = LINE('',#5657,#5658);
#5657 = CARTESIAN_POINT('',(0.,34.010433205047));
#5658 = VECTOR('',#5659,1.);
#5659 = DIRECTION('',(1.,0.));
#5660 = ( GEOMETRIC_REPRESENTATION_CONTEXT(2) 
PARAMETRIC_REPRESENTATION_CONTEXT() REPRESENTATION_CONTEXT('2D SPACE',''
  ) );
#5661 = PCURVE('',#5213,#5662);
#5662 = DEFINITIONAL_REPRESENTATION('',(#5663),#5671);
#5663 = ( BOUNDED_CURVE() B_SPLINE_CURVE(2,(#5664,#5665,#5666,#5667,
#5668,#5669,#5670),.UNSPECIFIED.,.T.,.F.) B_SPLINE_CURVE_WITH_KNOTS((1,2
    ,2,2,2,1),(-2.094395102393,0.,2.094395102393,4.188790204786,
6.28318530718,8.377580409573),.UNSPECIFIED.) CURVE() 
GEOMETRIC_REPRESENTATION_ITEM() RATIONAL_B_SPLINE_CURVE((1.,0.5,1.,0.5,
1.,0.5,1.)) REPRESENTATION_ITEM('') );
#5664 = CARTESIAN_POINT('',(-10.5,-10.16));
#5665 = CARTESIAN_POINT('',(-10.5,-9.553782217351));
#5666 = CARTESIAN_POINT('',(-9.975,-9.856891108675));
#5667 = CARTESIAN_POINT('',(-9.45,-10.16));
#5668 = CARTESIAN_POINT('',(-9.975,-10.46310889132));
#5669 = CARTESIAN_POINT('',(-10.5,-10.76621778264));
#5670 = CARTESIAN_POINT('',(-10.5,-10.16));
#5671 = ( GEOMETRIC_REPRESENTATION_CONTEXT(2) 
PARAMETRIC_REPRESENTATION_CONTEXT() REPRESENTATION_CONTEXT('2D SPACE',''
  ) );
#5672 = ADVANCED_FACE('',(#5673,#5702,#5731,#5760,#5789,#5818),#5213,.T.
  );
#5673 = FACE_BOUND('',#5674,.T.);
#5674 = EDGE_LOOP('',(#5675,#5701));
#5675 = ORIENTED_EDGE('',*,*,#5676,.T.);
#5676 = EDGE_CURVE('',#5112,#5176,#5677,.T.);
#5677 = SURFACE_CURVE('',#5678,(#5683,#5694),.PCURVE_S1.);
#5678 = CIRCLE('',#5679,0.35);
#5679 = AXIS2_PLACEMENT_3D('',#5680,#5681,#5682);
#5680 = CARTESIAN_POINT('',(-10.15,-5.08,0.5));
#5681 = DIRECTION('',(0.,0.,-1.));
#5682 = DIRECTION('',(-1.,0.,0.));
#5683 = PCURVE('',#5213,#5684);
#5684 = DEFINITIONAL_REPRESENTATION('',(#5685),#5693);
#5685 = ( BOUNDED_CURVE() B_SPLINE_CURVE(2,(#5686,#5687,#5688,#5689,
#5690,#5691,#5692),.UNSPECIFIED.,.T.,.F.) B_SPLINE_CURVE_WITH_KNOTS((1,2
    ,2,2,2,1),(-2.094395102393,0.,2.094395102393,4.188790204786,
6.28318530718,8.377580409573),.UNSPECIFIED.) CURVE() 
GEOMETRIC_REPRESENTATION_ITEM() RATIONAL_B_SPLINE_CURVE((1.,0.5,1.,0.5,
1.,0.5,1.)) REPRESENTATION_ITEM('') );
#5686 = CARTESIAN_POINT('',(-10.5,-5.08));
#5687 = CARTESIAN_POINT('',(-10.5,-4.473782217351));
#5688 = CARTESIAN_POINT('',(-9.975,-4.776891108675));
#5689 = CARTESIAN_POINT('',(-9.45,-5.08));
#5690 = CARTESIAN_POINT('',(-9.975,-5.383108891325));
#5691 = CARTESIAN_POINT('',(-10.5,-5.686217782649));
#5692 = CARTESIAN_POINT('',(-10.5,-5.08));
#5693 = ( GEOMETRIC_REPRESENTATION_CONTEXT(2) 
PARAMETRIC_REPRESENTATION_CONTEXT() REPRESENTATION_CONTEXT('2D SPACE',''
  ) );
#5694 = PCURVE('',#5134,#5695);
#5695 = DEFINITIONAL_REPRESENTATION('',(#5696),#5700);
#5696 = LINE('',#5697,#5698);
#5697 = CARTESIAN_POINT('',(0.,34.010433205047));
#5698 = VECTOR('',#5699,1.);
#5699 = DIRECTION('',(1.,0.));
#5700 = ( GEOMETRIC_REPRESENTATION_CONTEXT(2) 
PARAMETRIC_REPRESENTATION_CONTEXT() REPRESENTATION_CONTEXT('2D SPACE',''
  ) );
#5701 = ORIENTED_EDGE('',*,*,#5198,.T.);
#5702 = FACE_BOUND('',#5703,.T.);
#5703 = EDGE_LOOP('',(#5704,#5730));
#5704 = ORIENTED_EDGE('',*,*,#5705,.T.);
#5705 = EDGE_CURVE('',#5233,#5292,#5706,.T.);
#5706 = SURFACE_CURVE('',#5707,(#5712,#5723),.PCURVE_S1.);
#5707 = CIRCLE('',#5708,0.35);
#5708 = AXIS2_PLACEMENT_3D('',#5709,#5710,#5711);
#5709 = CARTESIAN_POINT('',(10.15,-10.16,0.5));
#5710 = DIRECTION('',(0.,0.,-1.));
#5711 = DIRECTION('',(-1.,0.,0.));
#5712 = PCURVE('',#5213,#5713);
#5713 = DEFINITIONAL_REPRESENTATION('',(#5714),#5722);
#5714 = ( BOUNDED_CURVE() B_SPLINE_CURVE(2,(#5715,#5716,#5717,#5718,
#5719,#5720,#5721),.UNSPECIFIED.,.T.,.F.) B_SPLINE_CURVE_WITH_KNOTS((1,2
    ,2,2,2,1),(-2.094395102393,0.,2.094395102393,4.188790204786,
6.28318530718,8.377580409573),.UNSPECIFIED.) CURVE() 
GEOMETRIC_REPRESENTATION_ITEM() RATIONAL_B_SPLINE_CURVE((1.,0.5,1.,0.5,
1.,0.5,1.)) REPRESENTATION_ITEM('') );
#5715 = CARTESIAN_POINT('',(9.8,-10.16));
#5716 = CARTESIAN_POINT('',(9.8,-9.553782217351));
#5717 = CARTESIAN_POINT('',(10.325,-9.856891108675));
#5718 = CARTESIAN_POINT('',(10.85,-10.16));
#5719 = CARTESIAN_POINT('',(10.325,-10.46310889132));
#5720 = CARTESIAN_POINT('',(9.8,-10.76621778264));
#5721 = CARTESIAN_POINT('',(9.8,-10.16));
#5722 = ( GEOMETRIC_REPRESENTATION_CONTEXT(2) 
PARAMETRIC_REPRESENTATION_CONTEXT() REPRESENTATION_CONTEXT('2D SPACE',''
  ) );
#5723 = PCURVE('',#5255,#5724);
#5724 = DEFINITIONAL_REPRESENTATION('',(#5725),#5729);
#5725 = LINE('',#5726,#5727);
#5726 = CARTESIAN_POINT('',(0.,34.010433205047));
#5727 = VECTOR('',#5728,1.);
#5728 = DIRECTION('',(1.,0.));
#5729 = ( GEOMETRIC_REPRESENTATION_CONTEXT(2) 
PARAMETRIC_REPRESENTATION_CONTEXT() REPRESENTATION_CONTEXT('2D SPACE',''
  ) );
#5730 = ORIENTED_EDGE('',*,*,#5314,.T.);
#5731 = FACE_BOUND('',#5732,.T.);
#5732 = EDGE_LOOP('',(#5733,#5759));
#5733 = ORIENTED_EDGE('',*,*,#5734,.T.);
#5734 = EDGE_CURVE('',#5344,#5403,#5735,.T.);
#5735 = SURFACE_CURVE('',#5736,(#5741,#5752),.PCURVE_S1.);
#5736 = CIRCLE('',#5737,0.35);
#5737 = AXIS2_PLACEMENT_3D('',#5738,#5739,#5740);
#5738 = CARTESIAN_POINT('',(10.15,10.16,0.5));
#5739 = DIRECTION('',(0.,0.,-1.));
#5740 = DIRECTION('',(-1.,0.,0.));
#5741 = PCURVE('',#5213,#5742);
#5742 = DEFINITIONAL_REPRESENTATION('',(#5743),#5751);
#5743 = ( BOUNDED_CURVE() B_SPLINE_CURVE(2,(#5744,#5745,#5746,#5747,
#5748,#5749,#5750),.UNSPECIFIED.,.T.,.F.) B_SPLINE_CURVE_WITH_KNOTS((1,2
    ,2,2,2,1),(-2.094395102393,0.,2.094395102393,4.188790204786,
6.28318530718,8.377580409573),.UNSPECIFIED.) CURVE() 
GEOMETRIC_REPRESENTATION_ITEM() RATIONAL_B_SPLINE_CURVE((1.,0.5,1.,0.5,
1.,0.5,1.)) REPRESENTATION_ITEM('') );
#5744 = CARTESIAN_POINT('',(9.8,10.16));
#5745 = CARTESIAN_POINT('',(9.8,10.766217782649));
#5746 = CARTESIAN_POINT('',(10.325,10.463108891325));
#5747 = CARTESIAN_POINT('',(10.85,10.16));
#5748 = CARTESIAN_POINT('',(10.325,9.856891108675));
#5749 = CARTESIAN_POINT('',(9.8,9.553782217351));
#5750 = CARTESIAN_POINT('',(9.8,10.16));
#5751 = ( GEOMETRIC_REPRESENTATION_CONTEXT(2) 
PARAMETRIC_REPRESENTATION_CONTEXT() REPRESENTATION_CONTEXT('2D SPACE',''
  ) );
#5752 = PCURVE('',#5366,#5753);
#5753 = DEFINITIONAL_REPRESENTATION('',(#5754),#5758);
#5754 = LINE('',#5755,#5756);
#5755 = CARTESIAN_POINT('',(0.,34.010433205047));
#5756 = VECTOR('',#5757,1.);
#5757 = DIRECTION('',(1.,0.));
#5758 = ( GEOMETRIC_REPRESENTATION_CONTEXT(2) 
PARAMETRIC_REPRESENTATION_CONTEXT() REPRESENTATION_CONTEXT('2D SPACE',''
  ) );
#5759 = ORIENTED_EDGE('',*,*,#5425,.T.);
#5760 = FACE_BOUND('',#5761,.T.);
#5761 = EDGE_LOOP('',(#5762,#5788));
#5762 = ORIENTED_EDGE('',*,*,#5763,.T.);
#5763 = EDGE_CURVE('',#5455,#5514,#5764,.T.);
#5764 = SURFACE_CURVE('',#5765,(#5770,#5781),.PCURVE_S1.);
#5765 = CIRCLE('',#5766,0.35);
#5766 = AXIS2_PLACEMENT_3D('',#5767,#5768,#5769);
#5767 = CARTESIAN_POINT('',(10.15,0.,0.5));
#5768 = DIRECTION('',(0.,0.,-1.));
#5769 = DIRECTION('',(-1.,0.,0.));
#5770 = PCURVE('',#5213,#5771);
#5771 = DEFINITIONAL_REPRESENTATION('',(#5772),#5780);
#5772 = ( BOUNDED_CURVE() B_SPLINE_CURVE(2,(#5773,#5774,#5775,#5776,
#5777,#5778,#5779),.UNSPECIFIED.,.T.,.F.) B_SPLINE_CURVE_WITH_KNOTS((1,2
    ,2,2,2,1),(-2.094395102393,0.,2.094395102393,4.188790204786,
6.28318530718,8.377580409573),.UNSPECIFIED.) CURVE() 
GEOMETRIC_REPRESENTATION_ITEM() RATIONAL_B_SPLINE_CURVE((1.,0.5,1.,0.5,
1.,0.5,1.)) REPRESENTATION_ITEM('') );
#5773 = CARTESIAN_POINT('',(9.8,-2.0185873175E-16));
#5774 = CARTESIAN_POINT('',(9.8,0.606217782649));
#5775 = CARTESIAN_POINT('',(10.325,0.303108891325));
#5776 = CARTESIAN_POINT('',(10.85,-1.161334558097E-16));
#5777 = CARTESIAN_POINT('',(10.325,-0.303108891325));
#5778 = CARTESIAN_POINT('',(9.8,-0.606217782649));
#5779 = CARTESIAN_POINT('',(9.8,-2.0185873175E-16));
#5780 = ( GEOMETRIC_REPRESENTATION_CONTEXT(2) 
PARAMETRIC_REPRESENTATION_CONTEXT() REPRESENTATION_CONTEXT('2D SPACE',''
  ) );
#5781 = PCURVE('',#5477,#5782);
#5782 = DEFINITIONAL_REPRESENTATION('',(#5783),#5787);
#5783 = LINE('',#5784,#5785);
#5784 = CARTESIAN_POINT('',(0.,34.010433205047));
#5785 = VECTOR('',#5786,1.);
#5786 = DIRECTION('',(1.,0.));
#5787 = ( GEOMETRIC_REPRESENTATION_CONTEXT(2) 
PARAMETRIC_REPRESENTATION_CONTEXT() REPRESENTATION_CONTEXT('2D SPACE',''
  ) );
#5788 = ORIENTED_EDGE('',*,*,#5536,.T.);
#5789 = FACE_BOUND('',#5790,.T.);
#5790 = EDGE_LOOP('',(#5791,#5817));
#5791 = ORIENTED_EDGE('',*,*,#5792,.T.);
#5792 = EDGE_CURVE('',#5566,#5625,#5793,.T.);
#5793 = SURFACE_CURVE('',#5794,(#5799,#5810),.PCURVE_S1.);
#5794 = CIRCLE('',#5795,0.35);
#5795 = AXIS2_PLACEMENT_3D('',#5796,#5797,#5798);
#5796 = CARTESIAN_POINT('',(-10.15,-10.16,0.5));
#5797 = DIRECTION('',(0.,0.,-1.));
#5798 = DIRECTION('',(-1.,0.,0.));
#5799 = PCURVE('',#5213,#5800);
#5800 = DEFINITIONAL_REPRESENTATION('',(#5801),#5809);
#5801 = ( BOUNDED_CURVE() B_SPLINE_CURVE(2,(#5802,#5803,#5804,#5805,
#5806,#5807,#5808),.UNSPECIFIED.,.T.,.F.) B_SPLINE_CURVE_WITH_KNOTS((1,2
    ,2,2,2,1),(-2.094395102393,0.,2.094395102393,4.188790204786,
6.28318530718,8.377580409573),.UNSPECIFIED.) CURVE() 
GEOMETRIC_REPRESENTATION_ITEM() RATIONAL_B_SPLINE_CURVE((1.,0.5,1.,0.5,
1.,0.5,1.)) REPRESENTATION_ITEM('') );
#5802 = CARTESIAN_POINT('',(-10.5,-10.16));
#5803 = CARTESIAN_POINT('',(-10.5,-9.553782217351));
#5804 = CARTESIAN_POINT('',(-9.975,-9.856891108675));
#5805 = CARTESIAN_POINT('',(-9.45,-10.16));
#5806 = CARTESIAN_POINT('',(-9.975,-10.46310889132));
#5807 = CARTESIAN_POINT('',(-10.5,-10.76621778264));
#5808 = CARTESIAN_POINT('',(-10.5,-10.16));
#5809 = ( GEOMETRIC_REPRESENTATION_CONTEXT(2) 
PARAMETRIC_REPRESENTATION_CONTEXT() REPRESENTATION_CONTEXT('2D SPACE',''
  ) );
#5810 = PCURVE('',#5588,#5811);
#5811 = DEFINITIONAL_REPRESENTATION('',(#5812),#5816);
#5812 = LINE('',#5813,#5814);
#5813 = CARTESIAN_POINT('',(0.,34.010433205047));
#5814 = VECTOR('',#5815,1.);
#5815 = DIRECTION('',(1.,0.));
#5816 = ( GEOMETRIC_REPRESENTATION_CONTEXT(2) 
PARAMETRIC_REPRESENTATION_CONTEXT() REPRESENTATION_CONTEXT('2D SPACE',''
  ) );
#5817 = ORIENTED_EDGE('',*,*,#5647,.T.);
#5818 = FACE_BOUND('',#5819,.T.);
#5819 = EDGE_LOOP('',(#5820,#5850,#5878,#5906,#5934,#5963,#5991,#6019,
    #6047,#6075,#6103,#6132,#6160,#6188,#6216,#6244,#6272,#6301,#6329,
    #6357,#6385,#6413,#6441,#6470));
#5820 = ORIENTED_EDGE('',*,*,#5821,.T.);
#5821 = EDGE_CURVE('',#5822,#5824,#5826,.T.);
#5822 = VERTEX_POINT('',#5823);
#5823 = CARTESIAN_POINT('',(-12.2,1.55,0.5));
#5824 = VERTEX_POINT('',#5825);
#5825 = CARTESIAN_POINT('',(-12.1,1.55,0.5));
#5826 = SURFACE_CURVE('',#5827,(#5831,#5838),.PCURVE_S1.);
#5827 = LINE('',#5828,#5829);
#5828 = CARTESIAN_POINT('',(0.,1.55,0.5));
#5829 = VECTOR('',#5830,1.);
#5830 = DIRECTION('',(1.,0.,-0.));
#5831 = PCURVE('',#5213,#5832);
#5832 = DEFINITIONAL_REPRESENTATION('',(#5833),#5837);
#5833 = LINE('',#5834,#5835);
#5834 = CARTESIAN_POINT('',(0.,1.55));
#5835 = VECTOR('',#5836,1.);
#5836 = DIRECTION('',(1.,0.));
#5837 = ( GEOMETRIC_REPRESENTATION_CONTEXT(2) 
PARAMETRIC_REPRESENTATION_CONTEXT() REPRESENTATION_CONTEXT('2D SPACE',''
  ) );
#5838 = PCURVE('',#5839,#5844);
#5839 = PLANE('',#5840);
#5840 = AXIS2_PLACEMENT_3D('',#5841,#5842,#5843);
#5841 = CARTESIAN_POINT('',(-12.2,1.55,0.5));
#5842 = DIRECTION('',(-0.,1.,0.));
#5843 = DIRECTION('',(0.,0.,1.));
#5844 = DEFINITIONAL_REPRESENTATION('',(#5845),#5849);
#5845 = LINE('',#5846,#5847);
#5846 = CARTESIAN_POINT('',(0.,12.2));
#5847 = VECTOR('',#5848,1.);
#5848 = DIRECTION('',(0.,1.));
#5849 = ( GEOMETRIC_REPRESENTATION_CONTEXT(2) 
PARAMETRIC_REPRESENTATION_CONTEXT() REPRESENTATION_CONTEXT('2D SPACE',''
  ) );
#5850 = ORIENTED_EDGE('',*,*,#5851,.T.);
#5851 = EDGE_CURVE('',#5824,#5852,#5854,.T.);
#5852 = VERTEX_POINT('',#5853);
#5853 = CARTESIAN_POINT('',(-12.1,-1.55,0.5));
#5854 = SURFACE_CURVE('',#5855,(#5859,#5866),.PCURVE_S1.);
#5855 = LINE('',#5856,#5857);
#5856 = CARTESIAN_POINT('',(-12.1,2.0185873175E-16,0.5));
#5857 = VECTOR('',#5858,1.);
#5858 = DIRECTION('',(0.,-1.,-0.));
#5859 = PCURVE('',#5213,#5860);
#5860 = DEFINITIONAL_REPRESENTATION('',(#5861),#5865);
#5861 = LINE('',#5862,#5863);
#5862 = CARTESIAN_POINT('',(-12.1,0.));
#5863 = VECTOR('',#5864,1.);
#5864 = DIRECTION('',(0.,-1.));
#5865 = ( GEOMETRIC_REPRESENTATION_CONTEXT(2) 
PARAMETRIC_REPRESENTATION_CONTEXT() REPRESENTATION_CONTEXT('2D SPACE',''
  ) );
#5866 = PCURVE('',#5867,#5872);
#5867 = PLANE('',#5868);
#5868 = AXIS2_PLACEMENT_3D('',#5869,#5870,#5871);
#5869 = CARTESIAN_POINT('',(-12.1,1.55,0.5));
#5870 = DIRECTION('',(1.,0.,0.));
#5871 = DIRECTION('',(0.,0.,-1.));
#5872 = DEFINITIONAL_REPRESENTATION('',(#5873),#5877);
#5873 = LINE('',#5874,#5875);
#5874 = CARTESIAN_POINT('',(0.,-1.55));
#5875 = VECTOR('',#5876,1.);
#5876 = DIRECTION('',(0.,-1.));
#5877 = ( GEOMETRIC_REPRESENTATION_CONTEXT(2) 
PARAMETRIC_REPRESENTATION_CONTEXT() REPRESENTATION_CONTEXT('2D SPACE',''
  ) );
#5878 = ORIENTED_EDGE('',*,*,#5879,.T.);
#5879 = EDGE_CURVE('',#5852,#5880,#5882,.T.);
#5880 = VERTEX_POINT('',#5881);
#5881 = CARTESIAN_POINT('',(-12.2,-1.55,0.5));
#5882 = SURFACE_CURVE('',#5883,(#5887,#5894),.PCURVE_S1.);
#5883 = LINE('',#5884,#5885);
#5884 = CARTESIAN_POINT('',(0.,-1.55,0.5));
#5885 = VECTOR('',#5886,1.);
#5886 = DIRECTION('',(-1.,-0.,0.));
#5887 = PCURVE('',#5213,#5888);
#5888 = DEFINITIONAL_REPRESENTATION('',(#5889),#5893);
#5889 = LINE('',#5890,#5891);
#5890 = CARTESIAN_POINT('',(0.,-1.55));
#5891 = VECTOR('',#5892,1.);
#5892 = DIRECTION('',(-1.,0.));
#5893 = ( GEOMETRIC_REPRESENTATION_CONTEXT(2) 
PARAMETRIC_REPRESENTATION_CONTEXT() REPRESENTATION_CONTEXT('2D SPACE',''
  ) );
#5894 = PCURVE('',#5895,#5900);
#5895 = PLANE('',#5896);
#5896 = AXIS2_PLACEMENT_3D('',#5897,#5898,#5899);
#5897 = CARTESIAN_POINT('',(-12.1,-1.55,0.5));
#5898 = DIRECTION('',(0.,-1.,0.));
#5899 = DIRECTION('',(0.,-0.,-1.));
#5900 = DEFINITIONAL_REPRESENTATION('',(#5901),#5905);
#5901 = LINE('',#5902,#5903);
#5902 = CARTESIAN_POINT('',(0.,12.1));
#5903 = VECTOR('',#5904,1.);
#5904 = DIRECTION('',(-0.,-1.));
#5905 = ( GEOMETRIC_REPRESENTATION_CONTEXT(2) 
PARAMETRIC_REPRESENTATION_CONTEXT() REPRESENTATION_CONTEXT('2D SPACE',''
  ) );
#5906 = ORIENTED_EDGE('',*,*,#5907,.T.);
#5907 = EDGE_CURVE('',#5880,#5908,#5910,.T.);
#5908 = VERTEX_POINT('',#5909);
#5909 = CARTESIAN_POINT('',(-12.2,-11.7,0.5));
#5910 = SURFACE_CURVE('',#5911,(#5915,#5922),.PCURVE_S1.);
#5911 = LINE('',#5912,#5913);
#5912 = CARTESIAN_POINT('',(-12.2,2.0185873175E-16,0.5));
#5913 = VECTOR('',#5914,1.);
#5914 = DIRECTION('',(0.,-1.,-0.));
#5915 = PCURVE('',#5213,#5916);
#5916 = DEFINITIONAL_REPRESENTATION('',(#5917),#5921);
#5917 = LINE('',#5918,#5919);
#5918 = CARTESIAN_POINT('',(-12.2,0.));
#5919 = VECTOR('',#5920,1.);
#5920 = DIRECTION('',(0.,-1.));
#5921 = ( GEOMETRIC_REPRESENTATION_CONTEXT(2) 
PARAMETRIC_REPRESENTATION_CONTEXT() REPRESENTATION_CONTEXT('2D SPACE',''
  ) );
#5922 = PCURVE('',#5923,#5928);
#5923 = PLANE('',#5924);
#5924 = AXIS2_PLACEMENT_3D('',#5925,#5926,#5927);
#5925 = CARTESIAN_POINT('',(-12.2,-12.2,0.));
#5926 = DIRECTION('',(-1.,0.,0.));
#5927 = DIRECTION('',(0.,0.,1.));
#5928 = DEFINITIONAL_REPRESENTATION('',(#5929),#5933);
#5929 = LINE('',#5930,#5931);
#5930 = CARTESIAN_POINT('',(0.5,12.2));
#5931 = VECTOR('',#5932,1.);
#5932 = DIRECTION('',(0.,-1.));
#5933 = ( GEOMETRIC_REPRESENTATION_CONTEXT(2) 
PARAMETRIC_REPRESENTATION_CONTEXT() REPRESENTATION_CONTEXT('2D SPACE',''
  ) );
#5934 = ORIENTED_EDGE('',*,*,#5935,.T.);
#5935 = EDGE_CURVE('',#5908,#5936,#5938,.T.);
#5936 = VERTEX_POINT('',#5937);
#5937 = CARTESIAN_POINT('',(-11.7,-12.2,0.5));
#5938 = SURFACE_CURVE('',#5939,(#5944,#5951),.PCURVE_S1.);
#5939 = CIRCLE('',#5940,0.5);
#5940 = AXIS2_PLACEMENT_3D('',#5941,#5942,#5943);
#5941 = CARTESIAN_POINT('',(-11.7,-11.7,0.5));
#5942 = DIRECTION('',(0.,0.,1.));
#5943 = DIRECTION('',(1.,0.,-0.));
#5944 = PCURVE('',#5213,#5945);
#5945 = DEFINITIONAL_REPRESENTATION('',(#5946),#5950);
#5946 = CIRCLE('',#5947,0.5);
#5947 = AXIS2_PLACEMENT_2D('',#5948,#5949);
#5948 = CARTESIAN_POINT('',(-11.7,-11.7));
#5949 = DIRECTION('',(1.,0.));
#5950 = ( GEOMETRIC_REPRESENTATION_CONTEXT(2) 
PARAMETRIC_REPRESENTATION_CONTEXT() REPRESENTATION_CONTEXT('2D SPACE',''
  ) );
#5951 = PCURVE('',#5952,#5957);
#5952 = CYLINDRICAL_SURFACE('',#5953,0.5);
#5953 = AXIS2_PLACEMENT_3D('',#5954,#5955,#5956);
#5954 = CARTESIAN_POINT('',(-11.7,-11.7,0.));
#5955 = DIRECTION('',(0.,0.,1.));
#5956 = DIRECTION('',(1.,0.,-0.));
#5957 = DEFINITIONAL_REPRESENTATION('',(#5958),#5962);
#5958 = LINE('',#5959,#5960);
#5959 = CARTESIAN_POINT('',(0.,0.5));
#5960 = VECTOR('',#5961,1.);
#5961 = DIRECTION('',(1.,0.));
#5962 = ( GEOMETRIC_REPRESENTATION_CONTEXT(2) 
PARAMETRIC_REPRESENTATION_CONTEXT() REPRESENTATION_CONTEXT('2D SPACE',''
  ) );
#5963 = ORIENTED_EDGE('',*,*,#5964,.T.);
#5964 = EDGE_CURVE('',#5936,#5965,#5967,.T.);
#5965 = VERTEX_POINT('',#5966);
#5966 = CARTESIAN_POINT('',(-1.55,-12.2,0.5));
#5967 = SURFACE_CURVE('',#5968,(#5972,#5979),.PCURVE_S1.);
#5968 = LINE('',#5969,#5970);
#5969 = CARTESIAN_POINT('',(0.,-12.2,0.5));
#5970 = VECTOR('',#5971,1.);
#5971 = DIRECTION('',(1.,0.,-0.));
#5972 = PCURVE('',#5213,#5973);
#5973 = DEFINITIONAL_REPRESENTATION('',(#5974),#5978);
#5974 = LINE('',#5975,#5976);
#5975 = CARTESIAN_POINT('',(0.,-12.2));
#5976 = VECTOR('',#5977,1.);
#5977 = DIRECTION('',(1.,0.));
#5978 = ( GEOMETRIC_REPRESENTATION_CONTEXT(2) 
PARAMETRIC_REPRESENTATION_CONTEXT() REPRESENTATION_CONTEXT('2D SPACE',''
  ) );
#5979 = PCURVE('',#5980,#5985);
#5980 = PLANE('',#5981);
#5981 = AXIS2_PLACEMENT_3D('',#5982,#5983,#5984);
#5982 = CARTESIAN_POINT('',(12.2,-12.2,0.));
#5983 = DIRECTION('',(0.,-1.,0.));
#5984 = DIRECTION('',(0.,-0.,-1.));
#5985 = DEFINITIONAL_REPRESENTATION('',(#5986),#5990);
#5986 = LINE('',#5987,#5988);
#5987 = CARTESIAN_POINT('',(-0.5,-12.2));
#5988 = VECTOR('',#5989,1.);
#5989 = DIRECTION('',(0.,1.));
#5990 = ( GEOMETRIC_REPRESENTATION_CONTEXT(2) 
PARAMETRIC_REPRESENTATION_CONTEXT() REPRESENTATION_CONTEXT('2D SPACE',''
  ) );
#5991 = ORIENTED_EDGE('',*,*,#5992,.T.);
#5992 = EDGE_CURVE('',#5965,#5993,#5995,.T.);
#5993 = VERTEX_POINT('',#5994);
#5994 = CARTESIAN_POINT('',(-1.55,-12.1,0.5));
#5995 = SURFACE_CURVE('',#5996,(#6000,#6007),.PCURVE_S1.);
#5996 = LINE('',#5997,#5998);
#5997 = CARTESIAN_POINT('',(-1.55,2.0185873175E-16,0.5));
#5998 = VECTOR('',#5999,1.);
#5999 = DIRECTION('',(-0.,1.,0.));
#6000 = PCURVE('',#5213,#6001);
#6001 = DEFINITIONAL_REPRESENTATION('',(#6002),#6006);
#6002 = LINE('',#6003,#6004);
#6003 = CARTESIAN_POINT('',(-1.55,0.));
#6004 = VECTOR('',#6005,1.);
#6005 = DIRECTION('',(0.,1.));
#6006 = ( GEOMETRIC_REPRESENTATION_CONTEXT(2) 
PARAMETRIC_REPRESENTATION_CONTEXT() REPRESENTATION_CONTEXT('2D SPACE',''
  ) );
#6007 = PCURVE('',#6008,#6013);
#6008 = PLANE('',#6009);
#6009 = AXIS2_PLACEMENT_3D('',#6010,#6011,#6012);
#6010 = CARTESIAN_POINT('',(-1.55,-12.2,0.5));
#6011 = DIRECTION('',(-1.,-2.775557561563E-15,0.));
#6012 = DIRECTION('',(2.775557561563E-15,-1.,0.));
#6013 = DEFINITIONAL_REPRESENTATION('',(#6014),#6018);
#6014 = LINE('',#6015,#6016);
#6015 = CARTESIAN_POINT('',(-12.2,0.));
#6016 = VECTOR('',#6017,1.);
#6017 = DIRECTION('',(-1.,0.));
#6018 = ( GEOMETRIC_REPRESENTATION_CONTEXT(2) 
PARAMETRIC_REPRESENTATION_CONTEXT() REPRESENTATION_CONTEXT('2D SPACE',''
  ) );
#6019 = ORIENTED_EDGE('',*,*,#6020,.T.);
#6020 = EDGE_CURVE('',#5993,#6021,#6023,.T.);
#6021 = VERTEX_POINT('',#6022);
#6022 = CARTESIAN_POINT('',(1.55,-12.1,0.5));
#6023 = SURFACE_CURVE('',#6024,(#6028,#6035),.PCURVE_S1.);
#6024 = LINE('',#6025,#6026);
#6025 = CARTESIAN_POINT('',(0.,-12.1,0.5));
#6026 = VECTOR('',#6027,1.);
#6027 = DIRECTION('',(1.,0.,-0.));
#6028 = PCURVE('',#5213,#6029);
#6029 = DEFINITIONAL_REPRESENTATION('',(#6030),#6034);
#6030 = LINE('',#6031,#6032);
#6031 = CARTESIAN_POINT('',(0.,-12.1));
#6032 = VECTOR('',#6033,1.);
#6033 = DIRECTION('',(1.,0.));
#6034 = ( GEOMETRIC_REPRESENTATION_CONTEXT(2) 
PARAMETRIC_REPRESENTATION_CONTEXT() REPRESENTATION_CONTEXT('2D SPACE',''
  ) );
#6035 = PCURVE('',#6036,#6041);
#6036 = PLANE('',#6037);
#6037 = AXIS2_PLACEMENT_3D('',#6038,#6039,#6040);
#6038 = CARTESIAN_POINT('',(-1.55,-12.1,0.5));
#6039 = DIRECTION('',(-0.,1.,0.));
#6040 = DIRECTION('',(0.,0.,1.));
#6041 = DEFINITIONAL_REPRESENTATION('',(#6042),#6046);
#6042 = LINE('',#6043,#6044);
#6043 = CARTESIAN_POINT('',(0.,1.55));
#6044 = VECTOR('',#6045,1.);
#6045 = DIRECTION('',(0.,1.));
#6046 = ( GEOMETRIC_REPRESENTATION_CONTEXT(2) 
PARAMETRIC_REPRESENTATION_CONTEXT() REPRESENTATION_CONTEXT('2D SPACE',''
  ) );
#6047 = ORIENTED_EDGE('',*,*,#6048,.T.);
#6048 = EDGE_CURVE('',#6021,#6049,#6051,.T.);
#6049 = VERTEX_POINT('',#6050);
#6050 = CARTESIAN_POINT('',(1.55,-12.2,0.5));
#6051 = SURFACE_CURVE('',#6052,(#6056,#6063),.PCURVE_S1.);
#6052 = LINE('',#6053,#6054);
#6053 = CARTESIAN_POINT('',(1.55,2.0185873175E-16,0.5));
#6054 = VECTOR('',#6055,1.);
#6055 = DIRECTION('',(0.,-1.,-0.));
#6056 = PCURVE('',#5213,#6057);
#6057 = DEFINITIONAL_REPRESENTATION('',(#6058),#6062);
#6058 = LINE('',#6059,#6060);
#6059 = CARTESIAN_POINT('',(1.55,0.));
#6060 = VECTOR('',#6061,1.);
#6061 = DIRECTION('',(0.,-1.));
#6062 = ( GEOMETRIC_REPRESENTATION_CONTEXT(2) 
PARAMETRIC_REPRESENTATION_CONTEXT() REPRESENTATION_CONTEXT('2D SPACE',''
  ) );
#6063 = PCURVE('',#6064,#6069);
#6064 = PLANE('',#6065);
#6065 = AXIS2_PLACEMENT_3D('',#6066,#6067,#6068);
#6066 = CARTESIAN_POINT('',(1.55,-12.1,0.5));
#6067 = DIRECTION('',(1.,-2.775557561563E-15,0.));
#6068 = DIRECTION('',(2.775557561563E-15,1.,0.));
#6069 = DEFINITIONAL_REPRESENTATION('',(#6070),#6074);
#6070 = LINE('',#6071,#6072);
#6071 = CARTESIAN_POINT('',(12.1,0.));
#6072 = VECTOR('',#6073,1.);
#6073 = DIRECTION('',(-1.,0.));
#6074 = ( GEOMETRIC_REPRESENTATION_CONTEXT(2) 
PARAMETRIC_REPRESENTATION_CONTEXT() REPRESENTATION_CONTEXT('2D SPACE',''
  ) );
#6075 = ORIENTED_EDGE('',*,*,#6076,.T.);
#6076 = EDGE_CURVE('',#6049,#6077,#6079,.T.);
#6077 = VERTEX_POINT('',#6078);
#6078 = CARTESIAN_POINT('',(11.7,-12.2,0.5));
#6079 = SURFACE_CURVE('',#6080,(#6084,#6091),.PCURVE_S1.);
#6080 = LINE('',#6081,#6082);
#6081 = CARTESIAN_POINT('',(0.,-12.2,0.5));
#6082 = VECTOR('',#6083,1.);
#6083 = DIRECTION('',(1.,0.,-0.));
#6084 = PCURVE('',#5213,#6085);
#6085 = DEFINITIONAL_REPRESENTATION('',(#6086),#6090);
#6086 = LINE('',#6087,#6088);
#6087 = CARTESIAN_POINT('',(0.,-12.2));
#6088 = VECTOR('',#6089,1.);
#6089 = DIRECTION('',(1.,0.));
#6090 = ( GEOMETRIC_REPRESENTATION_CONTEXT(2) 
PARAMETRIC_REPRESENTATION_CONTEXT() REPRESENTATION_CONTEXT('2D SPACE',''
  ) );
#6091 = PCURVE('',#6092,#6097);
#6092 = PLANE('',#6093);
#6093 = AXIS2_PLACEMENT_3D('',#6094,#6095,#6096);
#6094 = CARTESIAN_POINT('',(12.2,-12.2,0.));
#6095 = DIRECTION('',(0.,-1.,0.));
#6096 = DIRECTION('',(0.,-0.,-1.));
#6097 = DEFINITIONAL_REPRESENTATION('',(#6098),#6102);
#6098 = LINE('',#6099,#6100);
#6099 = CARTESIAN_POINT('',(-0.5,-12.2));
#6100 = VECTOR('',#6101,1.);
#6101 = DIRECTION('',(0.,1.));
#6102 = ( GEOMETRIC_REPRESENTATION_CONTEXT(2) 
PARAMETRIC_REPRESENTATION_CONTEXT() REPRESENTATION_CONTEXT('2D SPACE',''
  ) );
#6103 = ORIENTED_EDGE('',*,*,#6104,.T.);
#6104 = EDGE_CURVE('',#6077,#6105,#6107,.T.);
#6105 = VERTEX_POINT('',#6106);
#6106 = CARTESIAN_POINT('',(12.2,-11.7,0.5));
#6107 = SURFACE_CURVE('',#6108,(#6113,#6120),.PCURVE_S1.);
#6108 = CIRCLE('',#6109,0.5);
#6109 = AXIS2_PLACEMENT_3D('',#6110,#6111,#6112);
#6110 = CARTESIAN_POINT('',(11.7,-11.7,0.5));
#6111 = DIRECTION('',(0.,0.,1.));
#6112 = DIRECTION('',(1.,0.,-0.));
#6113 = PCURVE('',#5213,#6114);
#6114 = DEFINITIONAL_REPRESENTATION('',(#6115),#6119);
#6115 = CIRCLE('',#6116,0.5);
#6116 = AXIS2_PLACEMENT_2D('',#6117,#6118);
#6117 = CARTESIAN_POINT('',(11.7,-11.7));
#6118 = DIRECTION('',(1.,0.));
#6119 = ( GEOMETRIC_REPRESENTATION_CONTEXT(2) 
PARAMETRIC_REPRESENTATION_CONTEXT() REPRESENTATION_CONTEXT('2D SPACE',''
  ) );
#6120 = PCURVE('',#6121,#6126);
#6121 = CYLINDRICAL_SURFACE('',#6122,0.5);
#6122 = AXIS2_PLACEMENT_3D('',#6123,#6124,#6125);
#6123 = CARTESIAN_POINT('',(11.7,-11.7,0.));
#6124 = DIRECTION('',(0.,0.,1.));
#6125 = DIRECTION('',(1.,0.,-0.));
#6126 = DEFINITIONAL_REPRESENTATION('',(#6127),#6131);
#6127 = LINE('',#6128,#6129);
#6128 = CARTESIAN_POINT('',(0.,0.5));
#6129 = VECTOR('',#6130,1.);
#6130 = DIRECTION('',(1.,0.));
#6131 = ( GEOMETRIC_REPRESENTATION_CONTEXT(2) 
PARAMETRIC_REPRESENTATION_CONTEXT() REPRESENTATION_CONTEXT('2D SPACE',''
  ) );
#6132 = ORIENTED_EDGE('',*,*,#6133,.T.);
#6133 = EDGE_CURVE('',#6105,#6134,#6136,.T.);
#6134 = VERTEX_POINT('',#6135);
#6135 = CARTESIAN_POINT('',(12.2,-1.55,0.5));
#6136 = SURFACE_CURVE('',#6137,(#6141,#6148),.PCURVE_S1.);
#6137 = LINE('',#6138,#6139);
#6138 = CARTESIAN_POINT('',(12.2,2.0185873175E-16,0.5));
#6139 = VECTOR('',#6140,1.);
#6140 = DIRECTION('',(-0.,1.,0.));
#6141 = PCURVE('',#5213,#6142);
#6142 = DEFINITIONAL_REPRESENTATION('',(#6143),#6147);
#6143 = LINE('',#6144,#6145);
#6144 = CARTESIAN_POINT('',(12.2,0.));
#6145 = VECTOR('',#6146,1.);
#6146 = DIRECTION('',(0.,1.));
#6147 = ( GEOMETRIC_REPRESENTATION_CONTEXT(2) 
PARAMETRIC_REPRESENTATION_CONTEXT() REPRESENTATION_CONTEXT('2D SPACE',''
  ) );
#6148 = PCURVE('',#6149,#6154);
#6149 = PLANE('',#6150);
#6150 = AXIS2_PLACEMENT_3D('',#6151,#6152,#6153);
#6151 = CARTESIAN_POINT('',(12.2,12.2,0.));
#6152 = DIRECTION('',(1.,0.,0.));
#6153 = DIRECTION('',(0.,0.,-1.));
#6154 = DEFINITIONAL_REPRESENTATION('',(#6155),#6159);
#6155 = LINE('',#6156,#6157);
#6156 = CARTESIAN_POINT('',(-0.5,-12.2));
#6157 = VECTOR('',#6158,1.);
#6158 = DIRECTION('',(0.,1.));
#6159 = ( GEOMETRIC_REPRESENTATION_CONTEXT(2) 
PARAMETRIC_REPRESENTATION_CONTEXT() REPRESENTATION_CONTEXT('2D SPACE',''
  ) );
#6160 = ORIENTED_EDGE('',*,*,#6161,.T.);
#6161 = EDGE_CURVE('',#6134,#6162,#6164,.T.);
#6162 = VERTEX_POINT('',#6163);
#6163 = CARTESIAN_POINT('',(12.1,-1.55,0.5));
#6164 = SURFACE_CURVE('',#6165,(#6169,#6176),.PCURVE_S1.);
#6165 = LINE('',#6166,#6167);
#6166 = CARTESIAN_POINT('',(0.,-1.55,0.5));
#6167 = VECTOR('',#6168,1.);
#6168 = DIRECTION('',(-1.,-0.,0.));
#6169 = PCURVE('',#5213,#6170);
#6170 = DEFINITIONAL_REPRESENTATION('',(#6171),#6175);
#6171 = LINE('',#6172,#6173);
#6172 = CARTESIAN_POINT('',(0.,-1.55));
#6173 = VECTOR('',#6174,1.);
#6174 = DIRECTION('',(-1.,0.));
#6175 = ( GEOMETRIC_REPRESENTATION_CONTEXT(2) 
PARAMETRIC_REPRESENTATION_CONTEXT() REPRESENTATION_CONTEXT('2D SPACE',''
  ) );
#6176 = PCURVE('',#6177,#6182);
#6177 = PLANE('',#6178);
#6178 = AXIS2_PLACEMENT_3D('',#6179,#6180,#6181);
#6179 = CARTESIAN_POINT('',(12.2,-1.55,0.5));
#6180 = DIRECTION('',(2.775557561563E-15,-1.,0.));
#6181 = DIRECTION('',(1.,2.775557561563E-15,0.));
#6182 = DEFINITIONAL_REPRESENTATION('',(#6183),#6187);
#6183 = LINE('',#6184,#6185);
#6184 = CARTESIAN_POINT('',(-12.2,0.));
#6185 = VECTOR('',#6186,1.);
#6186 = DIRECTION('',(-1.,0.));
#6187 = ( GEOMETRIC_REPRESENTATION_CONTEXT(2) 
PARAMETRIC_REPRESENTATION_CONTEXT() REPRESENTATION_CONTEXT('2D SPACE',''
  ) );
#6188 = ORIENTED_EDGE('',*,*,#6189,.T.);
#6189 = EDGE_CURVE('',#6162,#6190,#6192,.T.);
#6190 = VERTEX_POINT('',#6191);
#6191 = CARTESIAN_POINT('',(12.1,1.55,0.5));
#6192 = SURFACE_CURVE('',#6193,(#6197,#6204),.PCURVE_S1.);
#6193 = LINE('',#6194,#6195);
#6194 = CARTESIAN_POINT('',(12.1,2.0185873175E-16,0.5));
#6195 = VECTOR('',#6196,1.);
#6196 = DIRECTION('',(-0.,1.,0.));
#6197 = PCURVE('',#5213,#6198);
#6198 = DEFINITIONAL_REPRESENTATION('',(#6199),#6203);
#6199 = LINE('',#6200,#6201);
#6200 = CARTESIAN_POINT('',(12.1,0.));
#6201 = VECTOR('',#6202,1.);
#6202 = DIRECTION('',(0.,1.));
#6203 = ( GEOMETRIC_REPRESENTATION_CONTEXT(2) 
PARAMETRIC_REPRESENTATION_CONTEXT() REPRESENTATION_CONTEXT('2D SPACE',''
  ) );
#6204 = PCURVE('',#6205,#6210);
#6205 = PLANE('',#6206);
#6206 = AXIS2_PLACEMENT_3D('',#6207,#6208,#6209);
#6207 = CARTESIAN_POINT('',(12.1,-1.55,0.5));
#6208 = DIRECTION('',(-1.,0.,0.));
#6209 = DIRECTION('',(0.,0.,1.));
#6210 = DEFINITIONAL_REPRESENTATION('',(#6211),#6215);
#6211 = LINE('',#6212,#6213);
#6212 = CARTESIAN_POINT('',(0.,1.55));
#6213 = VECTOR('',#6214,1.);
#6214 = DIRECTION('',(0.,1.));
#6215 = ( GEOMETRIC_REPRESENTATION_CONTEXT(2) 
PARAMETRIC_REPRESENTATION_CONTEXT() REPRESENTATION_CONTEXT('2D SPACE',''
  ) );
#6216 = ORIENTED_EDGE('',*,*,#6217,.T.);
#6217 = EDGE_CURVE('',#6190,#6218,#6220,.T.);
#6218 = VERTEX_POINT('',#6219);
#6219 = CARTESIAN_POINT('',(12.2,1.55,0.5));
#6220 = SURFACE_CURVE('',#6221,(#6225,#6232),.PCURVE_S1.);
#6221 = LINE('',#6222,#6223);
#6222 = CARTESIAN_POINT('',(0.,1.55,0.5));
#6223 = VECTOR('',#6224,1.);
#6224 = DIRECTION('',(1.,0.,-0.));
#6225 = PCURVE('',#5213,#6226);
#6226 = DEFINITIONAL_REPRESENTATION('',(#6227),#6231);
#6227 = LINE('',#6228,#6229);
#6228 = CARTESIAN_POINT('',(0.,1.55));
#6229 = VECTOR('',#6230,1.);
#6230 = DIRECTION('',(1.,0.));
#6231 = ( GEOMETRIC_REPRESENTATION_CONTEXT(2) 
PARAMETRIC_REPRESENTATION_CONTEXT() REPRESENTATION_CONTEXT('2D SPACE',''
  ) );
#6232 = PCURVE('',#6233,#6238);
#6233 = PLANE('',#6234);
#6234 = AXIS2_PLACEMENT_3D('',#6235,#6236,#6237);
#6235 = CARTESIAN_POINT('',(12.1,1.55,0.5));
#6236 = DIRECTION('',(2.775557561563E-15,1.,0.));
#6237 = DIRECTION('',(-1.,2.775557561563E-15,0.));
#6238 = DEFINITIONAL_REPRESENTATION('',(#6239),#6243);
#6239 = LINE('',#6240,#6241);
#6240 = CARTESIAN_POINT('',(12.1,0.));
#6241 = VECTOR('',#6242,1.);
#6242 = DIRECTION('',(-1.,0.));
#6243 = ( GEOMETRIC_REPRESENTATION_CONTEXT(2) 
PARAMETRIC_REPRESENTATION_CONTEXT() REPRESENTATION_CONTEXT('2D SPACE',''
  ) );
#6244 = ORIENTED_EDGE('',*,*,#6245,.T.);
#6245 = EDGE_CURVE('',#6218,#6246,#6248,.T.);
#6246 = VERTEX_POINT('',#6247);
#6247 = CARTESIAN_POINT('',(12.2,11.7,0.5));
#6248 = SURFACE_CURVE('',#6249,(#6253,#6260),.PCURVE_S1.);
#6249 = LINE('',#6250,#6251);
#6250 = CARTESIAN_POINT('',(12.2,2.0185873175E-16,0.5));
#6251 = VECTOR('',#6252,1.);
#6252 = DIRECTION('',(-0.,1.,0.));
#6253 = PCURVE('',#5213,#6254);
#6254 = DEFINITIONAL_REPRESENTATION('',(#6255),#6259);
#6255 = LINE('',#6256,#6257);
#6256 = CARTESIAN_POINT('',(12.2,0.));
#6257 = VECTOR('',#6258,1.);
#6258 = DIRECTION('',(0.,1.));
#6259 = ( GEOMETRIC_REPRESENTATION_CONTEXT(2) 
PARAMETRIC_REPRESENTATION_CONTEXT() REPRESENTATION_CONTEXT('2D SPACE',''
  ) );
#6260 = PCURVE('',#6261,#6266);
#6261 = PLANE('',#6262);
#6262 = AXIS2_PLACEMENT_3D('',#6263,#6264,#6265);
#6263 = CARTESIAN_POINT('',(12.2,12.2,0.));
#6264 = DIRECTION('',(1.,0.,0.));
#6265 = DIRECTION('',(0.,0.,-1.));
#6266 = DEFINITIONAL_REPRESENTATION('',(#6267),#6271);
#6267 = LINE('',#6268,#6269);
#6268 = CARTESIAN_POINT('',(-0.5,-12.2));
#6269 = VECTOR('',#6270,1.);
#6270 = DIRECTION('',(0.,1.));
#6271 = ( GEOMETRIC_REPRESENTATION_CONTEXT(2) 
PARAMETRIC_REPRESENTATION_CONTEXT() REPRESENTATION_CONTEXT('2D SPACE',''
  ) );
#6272 = ORIENTED_EDGE('',*,*,#6273,.T.);
#6273 = EDGE_CURVE('',#6246,#6274,#6276,.T.);
#6274 = VERTEX_POINT('',#6275);
#6275 = CARTESIAN_POINT('',(11.7,12.2,0.5));
#6276 = SURFACE_CURVE('',#6277,(#6282,#6289),.PCURVE_S1.);
#6277 = CIRCLE('',#6278,0.5);
#6278 = AXIS2_PLACEMENT_3D('',#6279,#6280,#6281);
#6279 = CARTESIAN_POINT('',(11.7,11.7,0.5));
#6280 = DIRECTION('',(0.,0.,1.));
#6281 = DIRECTION('',(1.,0.,-0.));
#6282 = PCURVE('',#5213,#6283);
#6283 = DEFINITIONAL_REPRESENTATION('',(#6284),#6288);
#6284 = CIRCLE('',#6285,0.5);
#6285 = AXIS2_PLACEMENT_2D('',#6286,#6287);
#6286 = CARTESIAN_POINT('',(11.7,11.7));
#6287 = DIRECTION('',(1.,0.));
#6288 = ( GEOMETRIC_REPRESENTATION_CONTEXT(2) 
PARAMETRIC_REPRESENTATION_CONTEXT() REPRESENTATION_CONTEXT('2D SPACE',''
  ) );
#6289 = PCURVE('',#6290,#6295);
#6290 = CYLINDRICAL_SURFACE('',#6291,0.5);
#6291 = AXIS2_PLACEMENT_3D('',#6292,#6293,#6294);
#6292 = CARTESIAN_POINT('',(11.7,11.7,0.));
#6293 = DIRECTION('',(0.,0.,1.));
#6294 = DIRECTION('',(1.,0.,-0.));
#6295 = DEFINITIONAL_REPRESENTATION('',(#6296),#6300);
#6296 = LINE('',#6297,#6298);
#6297 = CARTESIAN_POINT('',(0.,0.5));
#6298 = VECTOR('',#6299,1.);
#6299 = DIRECTION('',(1.,0.));
#6300 = ( GEOMETRIC_REPRESENTATION_CONTEXT(2) 
PARAMETRIC_REPRESENTATION_CONTEXT() REPRESENTATION_CONTEXT('2D SPACE',''
  ) );
#6301 = ORIENTED_EDGE('',*,*,#6302,.T.);
#6302 = EDGE_CURVE('',#6274,#6303,#6305,.T.);
#6303 = VERTEX_POINT('',#6304);
#6304 = CARTESIAN_POINT('',(1.55,12.2,0.5));
#6305 = SURFACE_CURVE('',#6306,(#6310,#6317),.PCURVE_S1.);
#6306 = LINE('',#6307,#6308);
#6307 = CARTESIAN_POINT('',(0.,12.2,0.5));
#6308 = VECTOR('',#6309,1.);
#6309 = DIRECTION('',(-1.,-0.,0.));
#6310 = PCURVE('',#5213,#6311);
#6311 = DEFINITIONAL_REPRESENTATION('',(#6312),#6316);
#6312 = LINE('',#6313,#6314);
#6313 = CARTESIAN_POINT('',(0.,12.2));
#6314 = VECTOR('',#6315,1.);
#6315 = DIRECTION('',(-1.,0.));
#6316 = ( GEOMETRIC_REPRESENTATION_CONTEXT(2) 
PARAMETRIC_REPRESENTATION_CONTEXT() REPRESENTATION_CONTEXT('2D SPACE',''
  ) );
#6317 = PCURVE('',#6318,#6323);
#6318 = PLANE('',#6319);
#6319 = AXIS2_PLACEMENT_3D('',#6320,#6321,#6322);
#6320 = CARTESIAN_POINT('',(-12.2,12.2,0.));
#6321 = DIRECTION('',(0.,1.,0.));
#6322 = DIRECTION('',(0.,-0.,1.));
#6323 = DEFINITIONAL_REPRESENTATION('',(#6324),#6328);
#6324 = LINE('',#6325,#6326);
#6325 = CARTESIAN_POINT('',(0.5,12.2));
#6326 = VECTOR('',#6327,1.);
#6327 = DIRECTION('',(0.,-1.));
#6328 = ( GEOMETRIC_REPRESENTATION_CONTEXT(2) 
PARAMETRIC_REPRESENTATION_CONTEXT() REPRESENTATION_CONTEXT('2D SPACE',''
  ) );
#6329 = ORIENTED_EDGE('',*,*,#6330,.T.);
#6330 = EDGE_CURVE('',#6303,#6331,#6333,.T.);
#6331 = VERTEX_POINT('',#6332);
#6332 = CARTESIAN_POINT('',(1.55,12.1,0.5));
#6333 = SURFACE_CURVE('',#6334,(#6338,#6345),.PCURVE_S1.);
#6334 = LINE('',#6335,#6336);
#6335 = CARTESIAN_POINT('',(1.55,2.0185873175E-16,0.5));
#6336 = VECTOR('',#6337,1.);
#6337 = DIRECTION('',(0.,-1.,-0.));
#6338 = PCURVE('',#5213,#6339);
#6339 = DEFINITIONAL_REPRESENTATION('',(#6340),#6344);
#6340 = LINE('',#6341,#6342);
#6341 = CARTESIAN_POINT('',(1.55,0.));
#6342 = VECTOR('',#6343,1.);
#6343 = DIRECTION('',(0.,-1.));
#6344 = ( GEOMETRIC_REPRESENTATION_CONTEXT(2) 
PARAMETRIC_REPRESENTATION_CONTEXT() REPRESENTATION_CONTEXT('2D SPACE',''
  ) );
#6345 = PCURVE('',#6346,#6351);
#6346 = PLANE('',#6347);
#6347 = AXIS2_PLACEMENT_3D('',#6348,#6349,#6350);
#6348 = CARTESIAN_POINT('',(1.55,12.2,0.5));
#6349 = DIRECTION('',(1.,0.,0.));
#6350 = DIRECTION('',(0.,0.,-1.));
#6351 = DEFINITIONAL_REPRESENTATION('',(#6352),#6356);
#6352 = LINE('',#6353,#6354);
#6353 = CARTESIAN_POINT('',(0.,-12.2));
#6354 = VECTOR('',#6355,1.);
#6355 = DIRECTION('',(0.,-1.));
#6356 = ( GEOMETRIC_REPRESENTATION_CONTEXT(2) 
PARAMETRIC_REPRESENTATION_CONTEXT() REPRESENTATION_CONTEXT('2D SPACE',''
  ) );
#6357 = ORIENTED_EDGE('',*,*,#6358,.T.);
#6358 = EDGE_CURVE('',#6331,#6359,#6361,.T.);
#6359 = VERTEX_POINT('',#6360);
#6360 = CARTESIAN_POINT('',(-1.55,12.1,0.5));
#6361 = SURFACE_CURVE('',#6362,(#6366,#6373),.PCURVE_S1.);
#6362 = LINE('',#6363,#6364);
#6363 = CARTESIAN_POINT('',(0.,12.1,0.5));
#6364 = VECTOR('',#6365,1.);
#6365 = DIRECTION('',(-1.,-0.,0.));
#6366 = PCURVE('',#5213,#6367);
#6367 = DEFINITIONAL_REPRESENTATION('',(#6368),#6372);
#6368 = LINE('',#6369,#6370);
#6369 = CARTESIAN_POINT('',(0.,12.1));
#6370 = VECTOR('',#6371,1.);
#6371 = DIRECTION('',(-1.,0.));
#6372 = ( GEOMETRIC_REPRESENTATION_CONTEXT(2) 
PARAMETRIC_REPRESENTATION_CONTEXT() REPRESENTATION_CONTEXT('2D SPACE',''
  ) );
#6373 = PCURVE('',#6374,#6379);
#6374 = PLANE('',#6375);
#6375 = AXIS2_PLACEMENT_3D('',#6376,#6377,#6378);
#6376 = CARTESIAN_POINT('',(1.55,12.1,0.5));
#6377 = DIRECTION('',(0.,-1.,0.));
#6378 = DIRECTION('',(0.,-0.,-1.));
#6379 = DEFINITIONAL_REPRESENTATION('',(#6380),#6384);
#6380 = LINE('',#6381,#6382);
#6381 = CARTESIAN_POINT('',(-0.,-1.55));
#6382 = VECTOR('',#6383,1.);
#6383 = DIRECTION('',(-0.,-1.));
#6384 = ( GEOMETRIC_REPRESENTATION_CONTEXT(2) 
PARAMETRIC_REPRESENTATION_CONTEXT() REPRESENTATION_CONTEXT('2D SPACE',''
  ) );
#6385 = ORIENTED_EDGE('',*,*,#6386,.T.);
#6386 = EDGE_CURVE('',#6359,#6387,#6389,.T.);
#6387 = VERTEX_POINT('',#6388);
#6388 = CARTESIAN_POINT('',(-1.55,12.2,0.5));
#6389 = SURFACE_CURVE('',#6390,(#6394,#6401),.PCURVE_S1.);
#6390 = LINE('',#6391,#6392);
#6391 = CARTESIAN_POINT('',(-1.55,2.0185873175E-16,0.5));
#6392 = VECTOR('',#6393,1.);
#6393 = DIRECTION('',(-0.,1.,0.));
#6394 = PCURVE('',#5213,#6395);
#6395 = DEFINITIONAL_REPRESENTATION('',(#6396),#6400);
#6396 = LINE('',#6397,#6398);
#6397 = CARTESIAN_POINT('',(-1.55,0.));
#6398 = VECTOR('',#6399,1.);
#6399 = DIRECTION('',(0.,1.));
#6400 = ( GEOMETRIC_REPRESENTATION_CONTEXT(2) 
PARAMETRIC_REPRESENTATION_CONTEXT() REPRESENTATION_CONTEXT('2D SPACE',''
  ) );
#6401 = PCURVE('',#6402,#6407);
#6402 = PLANE('',#6403);
#6403 = AXIS2_PLACEMENT_3D('',#6404,#6405,#6406);
#6404 = CARTESIAN_POINT('',(-1.55,12.1,0.5));
#6405 = DIRECTION('',(-1.,0.,0.));
#6406 = DIRECTION('',(0.,0.,1.));
#6407 = DEFINITIONAL_REPRESENTATION('',(#6408),#6412);
#6408 = LINE('',#6409,#6410);
#6409 = CARTESIAN_POINT('',(0.,-12.1));
#6410 = VECTOR('',#6411,1.);
#6411 = DIRECTION('',(0.,1.));
#6412 = ( GEOMETRIC_REPRESENTATION_CONTEXT(2) 
PARAMETRIC_REPRESENTATION_CONTEXT() REPRESENTATION_CONTEXT('2D SPACE',''
  ) );
#6413 = ORIENTED_EDGE('',*,*,#6414,.T.);
#6414 = EDGE_CURVE('',#6387,#6415,#6417,.T.);
#6415 = VERTEX_POINT('',#6416);
#6416 = CARTESIAN_POINT('',(-11.7,12.2,0.5));
#6417 = SURFACE_CURVE('',#6418,(#6422,#6429),.PCURVE_S1.);
#6418 = LINE('',#6419,#6420);
#6419 = CARTESIAN_POINT('',(0.,12.2,0.5));
#6420 = VECTOR('',#6421,1.);
#6421 = DIRECTION('',(-1.,-0.,0.));
#6422 = PCURVE('',#5213,#6423);
#6423 = DEFINITIONAL_REPRESENTATION('',(#6424),#6428);
#6424 = LINE('',#6425,#6426);
#6425 = CARTESIAN_POINT('',(0.,12.2));
#6426 = VECTOR('',#6427,1.);
#6427 = DIRECTION('',(-1.,0.));
#6428 = ( GEOMETRIC_REPRESENTATION_CONTEXT(2) 
PARAMETRIC_REPRESENTATION_CONTEXT() REPRESENTATION_CONTEXT('2D SPACE',''
  ) );
#6429 = PCURVE('',#6430,#6435);
#6430 = PLANE('',#6431);
#6431 = AXIS2_PLACEMENT_3D('',#6432,#6433,#6434);
#6432 = CARTESIAN_POINT('',(-12.2,12.2,0.));
#6433 = DIRECTION('',(0.,1.,0.));
#6434 = DIRECTION('',(0.,-0.,1.));
#6435 = DEFINITIONAL_REPRESENTATION('',(#6436),#6440);
#6436 = LINE('',#6437,#6438);
#6437 = CARTESIAN_POINT('',(0.5,12.2));
#6438 = VECTOR('',#6439,1.);
#6439 = DIRECTION('',(0.,-1.));
#6440 = ( GEOMETRIC_REPRESENTATION_CONTEXT(2) 
PARAMETRIC_REPRESENTATION_CONTEXT() REPRESENTATION_CONTEXT('2D SPACE',''
  ) );
#6441 = ORIENTED_EDGE('',*,*,#6442,.T.);
#6442 = EDGE_CURVE('',#6415,#6443,#6445,.T.);
#6443 = VERTEX_POINT('',#6444);
#6444 = CARTESIAN_POINT('',(-12.2,11.7,0.5));
#6445 = SURFACE_CURVE('',#6446,(#6451,#6458),.PCURVE_S1.);
#6446 = CIRCLE('',#6447,0.5);
#6447 = AXIS2_PLACEMENT_3D('',#6448,#6449,#6450);
#6448 = CARTESIAN_POINT('',(-11.7,11.7,0.5));
#6449 = DIRECTION('',(0.,0.,1.));
#6450 = DIRECTION('',(1.,0.,-0.));
#6451 = PCURVE('',#5213,#6452);
#6452 = DEFINITIONAL_REPRESENTATION('',(#6453),#6457);
#6453 = CIRCLE('',#6454,0.5);
#6454 = AXIS2_PLACEMENT_2D('',#6455,#6456);
#6455 = CARTESIAN_POINT('',(-11.7,11.7));
#6456 = DIRECTION('',(1.,0.));
#6457 = ( GEOMETRIC_REPRESENTATION_CONTEXT(2) 
PARAMETRIC_REPRESENTATION_CONTEXT() REPRESENTATION_CONTEXT('2D SPACE',''
  ) );
#6458 = PCURVE('',#6459,#6464);
#6459 = CYLINDRICAL_SURFACE('',#6460,0.5);
#6460 = AXIS2_PLACEMENT_3D('',#6461,#6462,#6463);
#6461 = CARTESIAN_POINT('',(-11.7,11.7,0.));
#6462 = DIRECTION('',(0.,0.,1.));
#6463 = DIRECTION('',(1.,0.,-0.));
#6464 = DEFINITIONAL_REPRESENTATION('',(#6465),#6469);
#6465 = LINE('',#6466,#6467);
#6466 = CARTESIAN_POINT('',(0.,0.5));
#6467 = VECTOR('',#6468,1.);
#6468 = DIRECTION('',(1.,0.));
#6469 = ( GEOMETRIC_REPRESENTATION_CONTEXT(2) 
PARAMETRIC_REPRESENTATION_CONTEXT() REPRESENTATION_CONTEXT('2D SPACE',''
  ) );
#6470 = ORIENTED_EDGE('',*,*,#6471,.T.);
#6471 = EDGE_CURVE('',#6443,#5822,#6472,.T.);
#6472 = SURFACE_CURVE('',#6473,(#6477,#6484),.PCURVE_S1.);
#6473 = LINE('',#6474,#6475);
#6474 = CARTESIAN_POINT('',(-12.2,2.0185873175E-16,0.5));
#6475 = VECTOR('',#6476,1.);
#6476 = DIRECTION('',(0.,-1.,-0.));
#6477 = PCURVE('',#5213,#6478);
#6478 = DEFINITIONAL_REPRESENTATION('',(#6479),#6483);
#6479 = LINE('',#6480,#6481);
#6480 = CARTESIAN_POINT('',(-12.2,0.));
#6481 = VECTOR('',#6482,1.);
#6482 = DIRECTION('',(0.,-1.));
#6483 = ( GEOMETRIC_REPRESENTATION_CONTEXT(2) 
PARAMETRIC_REPRESENTATION_CONTEXT() REPRESENTATION_CONTEXT('2D SPACE',''
  ) );
#6484 = PCURVE('',#6485,#6490);
#6485 = PLANE('',#6486);
#6486 = AXIS2_PLACEMENT_3D('',#6487,#6488,#6489);
#6487 = CARTESIAN_POINT('',(-12.2,-12.2,0.));
#6488 = DIRECTION('',(-1.,0.,0.));
#6489 = DIRECTION('',(0.,0.,1.));
#6490 = DEFINITIONAL_REPRESENTATION('',(#6491),#6495);
#6491 = LINE('',#6492,#6493);
#6492 = CARTESIAN_POINT('',(0.5,12.2));
#6493 = VECTOR('',#6494,1.);
#6494 = DIRECTION('',(0.,-1.));
#6495 = ( GEOMETRIC_REPRESENTATION_CONTEXT(2) 
PARAMETRIC_REPRESENTATION_CONTEXT() REPRESENTATION_CONTEXT('2D SPACE',''
  ) );
#6496 = ADVANCED_FACE('',(#6497),#5134,.F.);
#6497 = FACE_BOUND('',#6498,.F.);
#6498 = EDGE_LOOP('',(#6499,#6521,#6522,#6523));
#6499 = ORIENTED_EDGE('',*,*,#6500,.T.);
#6500 = EDGE_CURVE('',#5147,#5114,#6501,.T.);
#6501 = SURFACE_CURVE('',#6502,(#6507,#6514),.PCURVE_S1.);
#6502 = CIRCLE('',#6503,0.35);
#6503 = AXIS2_PLACEMENT_3D('',#6504,#6505,#6506);
#6504 = CARTESIAN_POINT('',(-10.15,-5.08,0.));
#6505 = DIRECTION('',(0.,-0.,1.));
#6506 = DIRECTION('',(-1.,0.,0.));
#6507 = PCURVE('',#5134,#6508);
#6508 = DEFINITIONAL_REPRESENTATION('',(#6509),#6513);
#6509 = LINE('',#6510,#6511);
#6510 = CARTESIAN_POINT('',(6.28318530718,34.510433205047));
#6511 = VECTOR('',#6512,1.);
#6512 = DIRECTION('',(-1.,0.));
#6513 = ( GEOMETRIC_REPRESENTATION_CONTEXT(2) 
PARAMETRIC_REPRESENTATION_CONTEXT() REPRESENTATION_CONTEXT('2D SPACE',''
  ) );
#6514 = PCURVE('',#5163,#6515);
#6515 = DEFINITIONAL_REPRESENTATION('',(#6516),#6520);
#6516 = CIRCLE('',#6517,0.35);
#6517 = AXIS2_PLACEMENT_2D('',#6518,#6519);
#6518 = CARTESIAN_POINT('',(-10.15,-5.08));
#6519 = DIRECTION('',(-1.,0.));
#6520 = ( GEOMETRIC_REPRESENTATION_CONTEXT(2) 
PARAMETRIC_REPRESENTATION_CONTEXT() REPRESENTATION_CONTEXT('2D SPACE',''
  ) );
#6521 = ORIENTED_EDGE('',*,*,#5111,.F.);
#6522 = ORIENTED_EDGE('',*,*,#5676,.T.);
#6523 = ORIENTED_EDGE('',*,*,#5175,.T.);
#6524 = ADVANCED_FACE('',(#6525),#5255,.F.);
#6525 = FACE_BOUND('',#6526,.F.);
#6526 = EDGE_LOOP('',(#6527,#6549,#6550,#6551));
#6527 = ORIENTED_EDGE('',*,*,#6528,.T.);
#6528 = EDGE_CURVE('',#5268,#5235,#6529,.T.);
#6529 = SURFACE_CURVE('',#6530,(#6535,#6542),.PCURVE_S1.);
#6530 = CIRCLE('',#6531,0.35);
#6531 = AXIS2_PLACEMENT_3D('',#6532,#6533,#6534);
#6532 = CARTESIAN_POINT('',(10.15,-10.16,0.));
#6533 = DIRECTION('',(0.,-0.,1.));
#6534 = DIRECTION('',(-1.,0.,0.));
#6535 = PCURVE('',#5255,#6536);
#6536 = DEFINITIONAL_REPRESENTATION('',(#6537),#6541);
#6537 = LINE('',#6538,#6539);
#6538 = CARTESIAN_POINT('',(6.28318530718,34.510433205047));
#6539 = VECTOR('',#6540,1.);
#6540 = DIRECTION('',(-1.,0.));
#6541 = ( GEOMETRIC_REPRESENTATION_CONTEXT(2) 
PARAMETRIC_REPRESENTATION_CONTEXT() REPRESENTATION_CONTEXT('2D SPACE',''
  ) );
#6542 = PCURVE('',#5163,#6543);
#6543 = DEFINITIONAL_REPRESENTATION('',(#6544),#6548);
#6544 = CIRCLE('',#6545,0.35);
#6545 = AXIS2_PLACEMENT_2D('',#6546,#6547);
#6546 = CARTESIAN_POINT('',(10.15,-10.16));
#6547 = DIRECTION('',(-1.,0.));
#6548 = ( GEOMETRIC_REPRESENTATION_CONTEXT(2) 
PARAMETRIC_REPRESENTATION_CONTEXT() REPRESENTATION_CONTEXT('2D SPACE',''
  ) );
#6549 = ORIENTED_EDGE('',*,*,#5232,.F.);
#6550 = ORIENTED_EDGE('',*,*,#5705,.T.);
#6551 = ORIENTED_EDGE('',*,*,#5291,.T.);
#6552 = ADVANCED_FACE('',(#6553),#5366,.F.);
#6553 = FACE_BOUND('',#6554,.F.);
#6554 = EDGE_LOOP('',(#6555,#6577,#6578,#6579));
#6555 = ORIENTED_EDGE('',*,*,#6556,.T.);
#6556 = EDGE_CURVE('',#5379,#5346,#6557,.T.);
#6557 = SURFACE_CURVE('',#6558,(#6563,#6570),.PCURVE_S1.);
#6558 = CIRCLE('',#6559,0.35);
#6559 = AXIS2_PLACEMENT_3D('',#6560,#6561,#6562);
#6560 = CARTESIAN_POINT('',(10.15,10.16,0.));
#6561 = DIRECTION('',(0.,-0.,1.));
#6562 = DIRECTION('',(-1.,0.,0.));
#6563 = PCURVE('',#5366,#6564);
#6564 = DEFINITIONAL_REPRESENTATION('',(#6565),#6569);
#6565 = LINE('',#6566,#6567);
#6566 = CARTESIAN_POINT('',(6.28318530718,34.510433205047));
#6567 = VECTOR('',#6568,1.);
#6568 = DIRECTION('',(-1.,0.));
#6569 = ( GEOMETRIC_REPRESENTATION_CONTEXT(2) 
PARAMETRIC_REPRESENTATION_CONTEXT() REPRESENTATION_CONTEXT('2D SPACE',''
  ) );
#6570 = PCURVE('',#5163,#6571);
#6571 = DEFINITIONAL_REPRESENTATION('',(#6572),#6576);
#6572 = CIRCLE('',#6573,0.35);
#6573 = AXIS2_PLACEMENT_2D('',#6574,#6575);
#6574 = CARTESIAN_POINT('',(10.15,10.16));
#6575 = DIRECTION('',(-1.,0.));
#6576 = ( GEOMETRIC_REPRESENTATION_CONTEXT(2) 
PARAMETRIC_REPRESENTATION_CONTEXT() REPRESENTATION_CONTEXT('2D SPACE',''
  ) );
#6577 = ORIENTED_EDGE('',*,*,#5343,.F.);
#6578 = ORIENTED_EDGE('',*,*,#5734,.T.);
#6579 = ORIENTED_EDGE('',*,*,#5402,.T.);
#6580 = ADVANCED_FACE('',(#6581),#5477,.F.);
#6581 = FACE_BOUND('',#6582,.F.);
#6582 = EDGE_LOOP('',(#6583,#6605,#6606,#6607));
#6583 = ORIENTED_EDGE('',*,*,#6584,.T.);
#6584 = EDGE_CURVE('',#5490,#5457,#6585,.T.);
#6585 = SURFACE_CURVE('',#6586,(#6591,#6598),.PCURVE_S1.);
#6586 = CIRCLE('',#6587,0.35);
#6587 = AXIS2_PLACEMENT_3D('',#6588,#6589,#6590);
#6588 = CARTESIAN_POINT('',(10.15,0.,0.));
#6589 = DIRECTION('',(0.,-0.,1.));
#6590 = DIRECTION('',(-1.,0.,0.));
#6591 = PCURVE('',#5477,#6592);
#6592 = DEFINITIONAL_REPRESENTATION('',(#6593),#6597);
#6593 = LINE('',#6594,#6595);
#6594 = CARTESIAN_POINT('',(6.28318530718,34.510433205047));
#6595 = VECTOR('',#6596,1.);
#6596 = DIRECTION('',(-1.,0.));
#6597 = ( GEOMETRIC_REPRESENTATION_CONTEXT(2) 
PARAMETRIC_REPRESENTATION_CONTEXT() REPRESENTATION_CONTEXT('2D SPACE',''
  ) );
#6598 = PCURVE('',#5163,#6599);
#6599 = DEFINITIONAL_REPRESENTATION('',(#6600),#6604);
#6600 = CIRCLE('',#6601,0.35);
#6601 = AXIS2_PLACEMENT_2D('',#6602,#6603);
#6602 = CARTESIAN_POINT('',(10.15,2.0185873175E-16));
#6603 = DIRECTION('',(-1.,0.));
#6604 = ( GEOMETRIC_REPRESENTATION_CONTEXT(2) 
PARAMETRIC_REPRESENTATION_CONTEXT() REPRESENTATION_CONTEXT('2D SPACE',''
  ) );
#6605 = ORIENTED_EDGE('',*,*,#5454,.F.);
#6606 = ORIENTED_EDGE('',*,*,#5763,.T.);
#6607 = ORIENTED_EDGE('',*,*,#5513,.T.);
#6608 = ADVANCED_FACE('',(#6609),#5588,.F.);
#6609 = FACE_BOUND('',#6610,.F.);
#6610 = EDGE_LOOP('',(#6611,#6633,#6634,#6635));
#6611 = ORIENTED_EDGE('',*,*,#6612,.T.);
#6612 = EDGE_CURVE('',#5601,#5568,#6613,.T.);
#6613 = SURFACE_CURVE('',#6614,(#6619,#6626),.PCURVE_S1.);
#6614 = CIRCLE('',#6615,0.35);
#6615 = AXIS2_PLACEMENT_3D('',#6616,#6617,#6618);
#6616 = CARTESIAN_POINT('',(-10.15,-10.16,0.));
#6617 = DIRECTION('',(0.,-0.,1.));
#6618 = DIRECTION('',(-1.,0.,0.));
#6619 = PCURVE('',#5588,#6620);
#6620 = DEFINITIONAL_REPRESENTATION('',(#6621),#6625);
#6621 = LINE('',#6622,#6623);
#6622 = CARTESIAN_POINT('',(6.28318530718,34.510433205047));
#6623 = VECTOR('',#6624,1.);
#6624 = DIRECTION('',(-1.,0.));
#6625 = ( GEOMETRIC_REPRESENTATION_CONTEXT(2) 
PARAMETRIC_REPRESENTATION_CONTEXT() REPRESENTATION_CONTEXT('2D SPACE',''
  ) );
#6626 = PCURVE('',#5163,#6627);
#6627 = DEFINITIONAL_REPRESENTATION('',(#6628),#6632);
#6628 = CIRCLE('',#6629,0.35);
#6629 = AXIS2_PLACEMENT_2D('',#6630,#6631);
#6630 = CARTESIAN_POINT('',(-10.15,-10.16));
#6631 = DIRECTION('',(-1.,0.));
#6632 = ( GEOMETRIC_REPRESENTATION_CONTEXT(2) 
PARAMETRIC_REPRESENTATION_CONTEXT() REPRESENTATION_CONTEXT('2D SPACE',''
  ) );
#6633 = ORIENTED_EDGE('',*,*,#5565,.F.);
#6634 = ORIENTED_EDGE('',*,*,#5792,.T.);
#6635 = ORIENTED_EDGE('',*,*,#5624,.T.);
#6636 = ADVANCED_FACE('',(#6637),#5867,.F.);
#6637 = FACE_BOUND('',#6638,.T.);
#6638 = EDGE_LOOP('',(#6639,#6662,#6663,#6686));
#6639 = ORIENTED_EDGE('',*,*,#6640,.F.);
#6640 = EDGE_CURVE('',#5852,#6641,#6643,.T.);
#6641 = VERTEX_POINT('',#6642);
#6642 = CARTESIAN_POINT('',(-12.1,-1.55,0.));
#6643 = SURFACE_CURVE('',#6644,(#6648,#6655),.PCURVE_S1.);
#6644 = LINE('',#6645,#6646);
#6645 = CARTESIAN_POINT('',(-12.1,-1.55,0.5));
#6646 = VECTOR('',#6647,1.);
#6647 = DIRECTION('',(0.,0.,-1.));
#6648 = PCURVE('',#5867,#6649);
#6649 = DEFINITIONAL_REPRESENTATION('',(#6650),#6654);
#6650 = LINE('',#6651,#6652);
#6651 = CARTESIAN_POINT('',(0.,-3.1));
#6652 = VECTOR('',#6653,1.);
#6653 = DIRECTION('',(1.,0.));
#6654 = ( GEOMETRIC_REPRESENTATION_CONTEXT(2) 
PARAMETRIC_REPRESENTATION_CONTEXT() REPRESENTATION_CONTEXT('2D SPACE',''
  ) );
#6655 = PCURVE('',#5895,#6656);
#6656 = DEFINITIONAL_REPRESENTATION('',(#6657),#6661);
#6657 = LINE('',#6658,#6659);
#6658 = CARTESIAN_POINT('',(0.,0.));
#6659 = VECTOR('',#6660,1.);
#6660 = DIRECTION('',(1.,0.));
#6661 = ( GEOMETRIC_REPRESENTATION_CONTEXT(2) 
PARAMETRIC_REPRESENTATION_CONTEXT() REPRESENTATION_CONTEXT('2D SPACE',''
  ) );
#6662 = ORIENTED_EDGE('',*,*,#5851,.F.);
#6663 = ORIENTED_EDGE('',*,*,#6664,.F.);
#6664 = EDGE_CURVE('',#6665,#5824,#6667,.T.);
#6665 = VERTEX_POINT('',#6666);
#6666 = CARTESIAN_POINT('',(-12.1,1.55,0.));
#6667 = SURFACE_CURVE('',#6668,(#6672,#6679),.PCURVE_S1.);
#6668 = LINE('',#6669,#6670);
#6669 = CARTESIAN_POINT('',(-12.1,1.55,0.5));
#6670 = VECTOR('',#6671,1.);
#6671 = DIRECTION('',(-0.,-0.,1.));
#6672 = PCURVE('',#5867,#6673);
#6673 = DEFINITIONAL_REPRESENTATION('',(#6674),#6678);
#6674 = LINE('',#6675,#6676);
#6675 = CARTESIAN_POINT('',(0.,0.));
#6676 = VECTOR('',#6677,1.);
#6677 = DIRECTION('',(-1.,0.));
#6678 = ( GEOMETRIC_REPRESENTATION_CONTEXT(2) 
PARAMETRIC_REPRESENTATION_CONTEXT() REPRESENTATION_CONTEXT('2D SPACE',''
  ) );
#6679 = PCURVE('',#5839,#6680);
#6680 = DEFINITIONAL_REPRESENTATION('',(#6681),#6685);
#6681 = LINE('',#6682,#6683);
#6682 = CARTESIAN_POINT('',(0.,1.E-01));
#6683 = VECTOR('',#6684,1.);
#6684 = DIRECTION('',(1.,0.));
#6685 = ( GEOMETRIC_REPRESENTATION_CONTEXT(2) 
PARAMETRIC_REPRESENTATION_CONTEXT() REPRESENTATION_CONTEXT('2D SPACE',''
  ) );
#6686 = ORIENTED_EDGE('',*,*,#6687,.F.);
#6687 = EDGE_CURVE('',#6641,#6665,#6688,.T.);
#6688 = SURFACE_CURVE('',#6689,(#6693,#6700),.PCURVE_S1.);
#6689 = LINE('',#6690,#6691);
#6690 = CARTESIAN_POINT('',(-12.1,1.55,0.));
#6691 = VECTOR('',#6692,1.);
#6692 = DIRECTION('',(-0.,1.,0.));
#6693 = PCURVE('',#5867,#6694);
#6694 = DEFINITIONAL_REPRESENTATION('',(#6695),#6699);
#6695 = LINE('',#6696,#6697);
#6696 = CARTESIAN_POINT('',(0.5,0.));
#6697 = VECTOR('',#6698,1.);
#6698 = DIRECTION('',(0.,1.));
#6699 = ( GEOMETRIC_REPRESENTATION_CONTEXT(2) 
PARAMETRIC_REPRESENTATION_CONTEXT() REPRESENTATION_CONTEXT('2D SPACE',''
  ) );
#6700 = PCURVE('',#5163,#6701);
#6701 = DEFINITIONAL_REPRESENTATION('',(#6702),#6706);
#6702 = LINE('',#6703,#6704);
#6703 = CARTESIAN_POINT('',(-12.1,1.55));
#6704 = VECTOR('',#6705,1.);
#6705 = DIRECTION('',(0.,1.));
#6706 = ( GEOMETRIC_REPRESENTATION_CONTEXT(2) 
PARAMETRIC_REPRESENTATION_CONTEXT() REPRESENTATION_CONTEXT('2D SPACE',''
  ) );
#6707 = ADVANCED_FACE('',(#6708),#5839,.F.);
#6708 = FACE_BOUND('',#6709,.T.);
#6709 = EDGE_LOOP('',(#6710,#6711,#6712,#6735));
#6710 = ORIENTED_EDGE('',*,*,#6664,.T.);
#6711 = ORIENTED_EDGE('',*,*,#5821,.F.);
#6712 = ORIENTED_EDGE('',*,*,#6713,.F.);
#6713 = EDGE_CURVE('',#6714,#5822,#6716,.T.);
#6714 = VERTEX_POINT('',#6715);
#6715 = CARTESIAN_POINT('',(-12.2,1.55,0.));
#6716 = SURFACE_CURVE('',#6717,(#6721,#6728),.PCURVE_S1.);
#6717 = LINE('',#6718,#6719);
#6718 = CARTESIAN_POINT('',(-12.2,1.55,0.5));
#6719 = VECTOR('',#6720,1.);
#6720 = DIRECTION('',(0.,-0.,1.));
#6721 = PCURVE('',#5839,#6722);
#6722 = DEFINITIONAL_REPRESENTATION('',(#6723),#6727);
#6723 = LINE('',#6724,#6725);
#6724 = CARTESIAN_POINT('',(0.,0.));
#6725 = VECTOR('',#6726,1.);
#6726 = DIRECTION('',(1.,0.));
#6727 = ( GEOMETRIC_REPRESENTATION_CONTEXT(2) 
PARAMETRIC_REPRESENTATION_CONTEXT() REPRESENTATION_CONTEXT('2D SPACE',''
  ) );
#6728 = PCURVE('',#6485,#6729);
#6729 = DEFINITIONAL_REPRESENTATION('',(#6730),#6734);
#6730 = LINE('',#6731,#6732);
#6731 = CARTESIAN_POINT('',(0.5,13.75));
#6732 = VECTOR('',#6733,1.);
#6733 = DIRECTION('',(1.,0.));
#6734 = ( GEOMETRIC_REPRESENTATION_CONTEXT(2) 
PARAMETRIC_REPRESENTATION_CONTEXT() REPRESENTATION_CONTEXT('2D SPACE',''
  ) );
#6735 = ORIENTED_EDGE('',*,*,#6736,.F.);
#6736 = EDGE_CURVE('',#6665,#6714,#6737,.T.);
#6737 = SURFACE_CURVE('',#6738,(#6742,#6749),.PCURVE_S1.);
#6738 = LINE('',#6739,#6740);
#6739 = CARTESIAN_POINT('',(-12.2,1.55,0.));
#6740 = VECTOR('',#6741,1.);
#6741 = DIRECTION('',(-1.,-0.,-0.));
#6742 = PCURVE('',#5839,#6743);
#6743 = DEFINITIONAL_REPRESENTATION('',(#6744),#6748);
#6744 = LINE('',#6745,#6746);
#6745 = CARTESIAN_POINT('',(-0.5,0.));
#6746 = VECTOR('',#6747,1.);
#6747 = DIRECTION('',(-0.,-1.));
#6748 = ( GEOMETRIC_REPRESENTATION_CONTEXT(2) 
PARAMETRIC_REPRESENTATION_CONTEXT() REPRESENTATION_CONTEXT('2D SPACE',''
  ) );
#6749 = PCURVE('',#5163,#6750);
#6750 = DEFINITIONAL_REPRESENTATION('',(#6751),#6755);
#6751 = LINE('',#6752,#6753);
#6752 = CARTESIAN_POINT('',(-12.2,1.55));
#6753 = VECTOR('',#6754,1.);
#6754 = DIRECTION('',(-1.,0.));
#6755 = ( GEOMETRIC_REPRESENTATION_CONTEXT(2) 
PARAMETRIC_REPRESENTATION_CONTEXT() REPRESENTATION_CONTEXT('2D SPACE',''
  ) );
#6756 = ADVANCED_FACE('',(#6757),#6485,.T.);
#6757 = FACE_BOUND('',#6758,.T.);
#6758 = EDGE_LOOP('',(#6759,#6782,#6803,#6804));
#6759 = ORIENTED_EDGE('',*,*,#6760,.T.);
#6760 = EDGE_CURVE('',#6443,#6761,#6763,.T.);
#6761 = VERTEX_POINT('',#6762);
#6762 = CARTESIAN_POINT('',(-12.2,11.7,0.));
#6763 = SURFACE_CURVE('',#6764,(#6768,#6775),.PCURVE_S1.);
#6764 = LINE('',#6765,#6766);
#6765 = CARTESIAN_POINT('',(-12.2,11.7,0.));
#6766 = VECTOR('',#6767,1.);
#6767 = DIRECTION('',(-0.,-0.,-1.));
#6768 = PCURVE('',#6485,#6769);
#6769 = DEFINITIONAL_REPRESENTATION('',(#6770),#6774);
#6770 = LINE('',#6771,#6772);
#6771 = CARTESIAN_POINT('',(0.,23.9));
#6772 = VECTOR('',#6773,1.);
#6773 = DIRECTION('',(-1.,0.));
#6774 = ( GEOMETRIC_REPRESENTATION_CONTEXT(2) 
PARAMETRIC_REPRESENTATION_CONTEXT() REPRESENTATION_CONTEXT('2D SPACE',''
  ) );
#6775 = PCURVE('',#6459,#6776);
#6776 = DEFINITIONAL_REPRESENTATION('',(#6777),#6781);
#6777 = LINE('',#6778,#6779);
#6778 = CARTESIAN_POINT('',(3.14159265359,0.));
#6779 = VECTOR('',#6780,1.);
#6780 = DIRECTION('',(0.,-1.));
#6781 = ( GEOMETRIC_REPRESENTATION_CONTEXT(2) 
PARAMETRIC_REPRESENTATION_CONTEXT() REPRESENTATION_CONTEXT('2D SPACE',''
  ) );
#6782 = ORIENTED_EDGE('',*,*,#6783,.T.);
#6783 = EDGE_CURVE('',#6761,#6714,#6784,.T.);
#6784 = SURFACE_CURVE('',#6785,(#6789,#6796),.PCURVE_S1.);
#6785 = LINE('',#6786,#6787);
#6786 = CARTESIAN_POINT('',(-12.2,-12.2,0.));
#6787 = VECTOR('',#6788,1.);
#6788 = DIRECTION('',(-0.,-1.,0.));
#6789 = PCURVE('',#6485,#6790);
#6790 = DEFINITIONAL_REPRESENTATION('',(#6791),#6795);
#6791 = LINE('',#6792,#6793);
#6792 = CARTESIAN_POINT('',(0.,0.));
#6793 = VECTOR('',#6794,1.);
#6794 = DIRECTION('',(0.,-1.));
#6795 = ( GEOMETRIC_REPRESENTATION_CONTEXT(2) 
PARAMETRIC_REPRESENTATION_CONTEXT() REPRESENTATION_CONTEXT('2D SPACE',''
  ) );
#6796 = PCURVE('',#5163,#6797);
#6797 = DEFINITIONAL_REPRESENTATION('',(#6798),#6802);
#6798 = LINE('',#6799,#6800);
#6799 = CARTESIAN_POINT('',(-12.2,-12.2));
#6800 = VECTOR('',#6801,1.);
#6801 = DIRECTION('',(-0.,-1.));
#6802 = ( GEOMETRIC_REPRESENTATION_CONTEXT(2) 
PARAMETRIC_REPRESENTATION_CONTEXT() REPRESENTATION_CONTEXT('2D SPACE',''
  ) );
#6803 = ORIENTED_EDGE('',*,*,#6713,.T.);
#6804 = ORIENTED_EDGE('',*,*,#6471,.F.);
#6805 = ADVANCED_FACE('',(#6806),#6459,.T.);
#6806 = FACE_BOUND('',#6807,.T.);
#6807 = EDGE_LOOP('',(#6808,#6832,#6833,#6834));
#6808 = ORIENTED_EDGE('',*,*,#6809,.T.);
#6809 = EDGE_CURVE('',#6810,#6761,#6812,.T.);
#6810 = VERTEX_POINT('',#6811);
#6811 = CARTESIAN_POINT('',(-11.7,12.2,0.));
#6812 = SURFACE_CURVE('',#6813,(#6818,#6825),.PCURVE_S1.);
#6813 = CIRCLE('',#6814,0.5);
#6814 = AXIS2_PLACEMENT_3D('',#6815,#6816,#6817);
#6815 = CARTESIAN_POINT('',(-11.7,11.7,0.));
#6816 = DIRECTION('',(0.,0.,1.));
#6817 = DIRECTION('',(1.,0.,-0.));
#6818 = PCURVE('',#6459,#6819);
#6819 = DEFINITIONAL_REPRESENTATION('',(#6820),#6824);
#6820 = LINE('',#6821,#6822);
#6821 = CARTESIAN_POINT('',(0.,0.));
#6822 = VECTOR('',#6823,1.);
#6823 = DIRECTION('',(1.,0.));
#6824 = ( GEOMETRIC_REPRESENTATION_CONTEXT(2) 
PARAMETRIC_REPRESENTATION_CONTEXT() REPRESENTATION_CONTEXT('2D SPACE',''
  ) );
#6825 = PCURVE('',#5163,#6826);
#6826 = DEFINITIONAL_REPRESENTATION('',(#6827),#6831);
#6827 = CIRCLE('',#6828,0.5);
#6828 = AXIS2_PLACEMENT_2D('',#6829,#6830);
#6829 = CARTESIAN_POINT('',(-11.7,11.7));
#6830 = DIRECTION('',(1.,0.));
#6831 = ( GEOMETRIC_REPRESENTATION_CONTEXT(2) 
PARAMETRIC_REPRESENTATION_CONTEXT() REPRESENTATION_CONTEXT('2D SPACE',''
  ) );
#6832 = ORIENTED_EDGE('',*,*,#6760,.F.);
#6833 = ORIENTED_EDGE('',*,*,#6442,.F.);
#6834 = ORIENTED_EDGE('',*,*,#6835,.T.);
#6835 = EDGE_CURVE('',#6415,#6810,#6836,.T.);
#6836 = SURFACE_CURVE('',#6837,(#6841,#6848),.PCURVE_S1.);
#6837 = LINE('',#6838,#6839);
#6838 = CARTESIAN_POINT('',(-11.7,12.2,0.));
#6839 = VECTOR('',#6840,1.);
#6840 = DIRECTION('',(-0.,-0.,-1.));
#6841 = PCURVE('',#6459,#6842);
#6842 = DEFINITIONAL_REPRESENTATION('',(#6843),#6847);
#6843 = LINE('',#6844,#6845);
#6844 = CARTESIAN_POINT('',(1.570796326795,0.));
#6845 = VECTOR('',#6846,1.);
#6846 = DIRECTION('',(0.,-1.));
#6847 = ( GEOMETRIC_REPRESENTATION_CONTEXT(2) 
PARAMETRIC_REPRESENTATION_CONTEXT() REPRESENTATION_CONTEXT('2D SPACE',''
  ) );
#6848 = PCURVE('',#6430,#6849);
#6849 = DEFINITIONAL_REPRESENTATION('',(#6850),#6854);
#6850 = LINE('',#6851,#6852);
#6851 = CARTESIAN_POINT('',(0.,0.5));
#6852 = VECTOR('',#6853,1.);
#6853 = DIRECTION('',(-1.,0.));
#6854 = ( GEOMETRIC_REPRESENTATION_CONTEXT(2) 
PARAMETRIC_REPRESENTATION_CONTEXT() REPRESENTATION_CONTEXT('2D SPACE',''
  ) );
#6855 = ADVANCED_FACE('',(#6856),#6430,.T.);
#6856 = FACE_BOUND('',#6857,.T.);
#6857 = EDGE_LOOP('',(#6858,#6859,#6860,#6883));
#6858 = ORIENTED_EDGE('',*,*,#6835,.F.);
#6859 = ORIENTED_EDGE('',*,*,#6414,.F.);
#6860 = ORIENTED_EDGE('',*,*,#6861,.T.);
#6861 = EDGE_CURVE('',#6387,#6862,#6864,.T.);
#6862 = VERTEX_POINT('',#6863);
#6863 = CARTESIAN_POINT('',(-1.55,12.2,0.));
#6864 = SURFACE_CURVE('',#6865,(#6869,#6876),.PCURVE_S1.);
#6865 = LINE('',#6866,#6867);
#6866 = CARTESIAN_POINT('',(-1.55,12.2,0.));
#6867 = VECTOR('',#6868,1.);
#6868 = DIRECTION('',(-0.,0.,-1.));
#6869 = PCURVE('',#6430,#6870);
#6870 = DEFINITIONAL_REPRESENTATION('',(#6871),#6875);
#6871 = LINE('',#6872,#6873);
#6872 = CARTESIAN_POINT('',(0.,10.65));
#6873 = VECTOR('',#6874,1.);
#6874 = DIRECTION('',(-1.,0.));
#6875 = ( GEOMETRIC_REPRESENTATION_CONTEXT(2) 
PARAMETRIC_REPRESENTATION_CONTEXT() REPRESENTATION_CONTEXT('2D SPACE',''
  ) );
#6876 = PCURVE('',#6402,#6877);
#6877 = DEFINITIONAL_REPRESENTATION('',(#6878),#6882);
#6878 = LINE('',#6879,#6880);
#6879 = CARTESIAN_POINT('',(-0.5,1.E-01));
#6880 = VECTOR('',#6881,1.);
#6881 = DIRECTION('',(-1.,0.));
#6882 = ( GEOMETRIC_REPRESENTATION_CONTEXT(2) 
PARAMETRIC_REPRESENTATION_CONTEXT() REPRESENTATION_CONTEXT('2D SPACE',''
  ) );
#6883 = ORIENTED_EDGE('',*,*,#6884,.T.);
#6884 = EDGE_CURVE('',#6862,#6810,#6885,.T.);
#6885 = SURFACE_CURVE('',#6886,(#6890,#6897),.PCURVE_S1.);
#6886 = LINE('',#6887,#6888);
#6887 = CARTESIAN_POINT('',(-12.2,12.2,0.));
#6888 = VECTOR('',#6889,1.);
#6889 = DIRECTION('',(-1.,-0.,0.));
#6890 = PCURVE('',#6430,#6891);
#6891 = DEFINITIONAL_REPRESENTATION('',(#6892),#6896);
#6892 = LINE('',#6893,#6894);
#6893 = CARTESIAN_POINT('',(0.,0.));
#6894 = VECTOR('',#6895,1.);
#6895 = DIRECTION('',(0.,-1.));
#6896 = ( GEOMETRIC_REPRESENTATION_CONTEXT(2) 
PARAMETRIC_REPRESENTATION_CONTEXT() REPRESENTATION_CONTEXT('2D SPACE',''
  ) );
#6897 = PCURVE('',#5163,#6898);
#6898 = DEFINITIONAL_REPRESENTATION('',(#6899),#6903);
#6899 = LINE('',#6900,#6901);
#6900 = CARTESIAN_POINT('',(-12.2,12.2));
#6901 = VECTOR('',#6902,1.);
#6902 = DIRECTION('',(-1.,0.));
#6903 = ( GEOMETRIC_REPRESENTATION_CONTEXT(2) 
PARAMETRIC_REPRESENTATION_CONTEXT() REPRESENTATION_CONTEXT('2D SPACE',''
  ) );
#6904 = ADVANCED_FACE('',(#6905),#6402,.F.);
#6905 = FACE_BOUND('',#6906,.T.);
#6906 = EDGE_LOOP('',(#6907,#6908,#6909,#6932));
#6907 = ORIENTED_EDGE('',*,*,#6861,.F.);
#6908 = ORIENTED_EDGE('',*,*,#6386,.F.);
#6909 = ORIENTED_EDGE('',*,*,#6910,.F.);
#6910 = EDGE_CURVE('',#6911,#6359,#6913,.T.);
#6911 = VERTEX_POINT('',#6912);
#6912 = CARTESIAN_POINT('',(-1.55,12.1,0.));
#6913 = SURFACE_CURVE('',#6914,(#6918,#6925),.PCURVE_S1.);
#6914 = LINE('',#6915,#6916);
#6915 = CARTESIAN_POINT('',(-1.55,12.1,0.5));
#6916 = VECTOR('',#6917,1.);
#6917 = DIRECTION('',(0.,0.,1.));
#6918 = PCURVE('',#6402,#6919);
#6919 = DEFINITIONAL_REPRESENTATION('',(#6920),#6924);
#6920 = LINE('',#6921,#6922);
#6921 = CARTESIAN_POINT('',(0.,0.));
#6922 = VECTOR('',#6923,1.);
#6923 = DIRECTION('',(1.,0.));
#6924 = ( GEOMETRIC_REPRESENTATION_CONTEXT(2) 
PARAMETRIC_REPRESENTATION_CONTEXT() REPRESENTATION_CONTEXT('2D SPACE',''
  ) );
#6925 = PCURVE('',#6374,#6926);
#6926 = DEFINITIONAL_REPRESENTATION('',(#6927),#6931);
#6927 = LINE('',#6928,#6929);
#6928 = CARTESIAN_POINT('',(-0.,-3.1));
#6929 = VECTOR('',#6930,1.);
#6930 = DIRECTION('',(-1.,0.));
#6931 = ( GEOMETRIC_REPRESENTATION_CONTEXT(2) 
PARAMETRIC_REPRESENTATION_CONTEXT() REPRESENTATION_CONTEXT('2D SPACE',''
  ) );
#6932 = ORIENTED_EDGE('',*,*,#6933,.F.);
#6933 = EDGE_CURVE('',#6862,#6911,#6934,.T.);
#6934 = SURFACE_CURVE('',#6935,(#6939,#6946),.PCURVE_S1.);
#6935 = LINE('',#6936,#6937);
#6936 = CARTESIAN_POINT('',(-1.55,12.1,0.));
#6937 = VECTOR('',#6938,1.);
#6938 = DIRECTION('',(-0.,-1.,0.));
#6939 = PCURVE('',#6402,#6940);
#6940 = DEFINITIONAL_REPRESENTATION('',(#6941),#6945);
#6941 = LINE('',#6942,#6943);
#6942 = CARTESIAN_POINT('',(-0.5,0.));
#6943 = VECTOR('',#6944,1.);
#6944 = DIRECTION('',(0.,-1.));
#6945 = ( GEOMETRIC_REPRESENTATION_CONTEXT(2) 
PARAMETRIC_REPRESENTATION_CONTEXT() REPRESENTATION_CONTEXT('2D SPACE',''
  ) );
#6946 = PCURVE('',#5163,#6947);
#6947 = DEFINITIONAL_REPRESENTATION('',(#6948),#6952);
#6948 = LINE('',#6949,#6950);
#6949 = CARTESIAN_POINT('',(-1.55,12.1));
#6950 = VECTOR('',#6951,1.);
#6951 = DIRECTION('',(-0.,-1.));
#6952 = ( GEOMETRIC_REPRESENTATION_CONTEXT(2) 
PARAMETRIC_REPRESENTATION_CONTEXT() REPRESENTATION_CONTEXT('2D SPACE',''
  ) );
#6953 = ADVANCED_FACE('',(#6954),#6374,.F.);
#6954 = FACE_BOUND('',#6955,.T.);
#6955 = EDGE_LOOP('',(#6956,#6957,#6958,#6981));
#6956 = ORIENTED_EDGE('',*,*,#6910,.T.);
#6957 = ORIENTED_EDGE('',*,*,#6358,.F.);
#6958 = ORIENTED_EDGE('',*,*,#6959,.F.);
#6959 = EDGE_CURVE('',#6960,#6331,#6962,.T.);
#6960 = VERTEX_POINT('',#6961);
#6961 = CARTESIAN_POINT('',(1.55,12.1,0.));
#6962 = SURFACE_CURVE('',#6963,(#6967,#6974),.PCURVE_S1.);
#6963 = LINE('',#6964,#6965);
#6964 = CARTESIAN_POINT('',(1.55,12.1,0.5));
#6965 = VECTOR('',#6966,1.);
#6966 = DIRECTION('',(-0.,0.,1.));
#6967 = PCURVE('',#6374,#6968);
#6968 = DEFINITIONAL_REPRESENTATION('',(#6969),#6973);
#6969 = LINE('',#6970,#6971);
#6970 = CARTESIAN_POINT('',(0.,0.));
#6971 = VECTOR('',#6972,1.);
#6972 = DIRECTION('',(-1.,0.));
#6973 = ( GEOMETRIC_REPRESENTATION_CONTEXT(2) 
PARAMETRIC_REPRESENTATION_CONTEXT() REPRESENTATION_CONTEXT('2D SPACE',''
  ) );
#6974 = PCURVE('',#6346,#6975);
#6975 = DEFINITIONAL_REPRESENTATION('',(#6976),#6980);
#6976 = LINE('',#6977,#6978);
#6977 = CARTESIAN_POINT('',(0.,-1.E-01));
#6978 = VECTOR('',#6979,1.);
#6979 = DIRECTION('',(-1.,0.));
#6980 = ( GEOMETRIC_REPRESENTATION_CONTEXT(2) 
PARAMETRIC_REPRESENTATION_CONTEXT() REPRESENTATION_CONTEXT('2D SPACE',''
  ) );
#6981 = ORIENTED_EDGE('',*,*,#6982,.F.);
#6982 = EDGE_CURVE('',#6911,#6960,#6983,.T.);
#6983 = SURFACE_CURVE('',#6984,(#6988,#6995),.PCURVE_S1.);
#6984 = LINE('',#6985,#6986);
#6985 = CARTESIAN_POINT('',(1.55,12.1,0.));
#6986 = VECTOR('',#6987,1.);
#6987 = DIRECTION('',(1.,0.,0.));
#6988 = PCURVE('',#6374,#6989);
#6989 = DEFINITIONAL_REPRESENTATION('',(#6990),#6994);
#6990 = LINE('',#6991,#6992);
#6991 = CARTESIAN_POINT('',(0.5,0.));
#6992 = VECTOR('',#6993,1.);
#6993 = DIRECTION('',(0.,1.));
#6994 = ( GEOMETRIC_REPRESENTATION_CONTEXT(2) 
PARAMETRIC_REPRESENTATION_CONTEXT() REPRESENTATION_CONTEXT('2D SPACE',''
  ) );
#6995 = PCURVE('',#5163,#6996);
#6996 = DEFINITIONAL_REPRESENTATION('',(#6997),#7001);
#6997 = LINE('',#6998,#6999);
#6998 = CARTESIAN_POINT('',(1.55,12.1));
#6999 = VECTOR('',#7000,1.);
#7000 = DIRECTION('',(1.,0.));
#7001 = ( GEOMETRIC_REPRESENTATION_CONTEXT(2) 
PARAMETRIC_REPRESENTATION_CONTEXT() REPRESENTATION_CONTEXT('2D SPACE',''
  ) );
#7002 = ADVANCED_FACE('',(#7003),#6346,.F.);
#7003 = FACE_BOUND('',#7004,.T.);
#7004 = EDGE_LOOP('',(#7005,#7006,#7007,#7030));
#7005 = ORIENTED_EDGE('',*,*,#6959,.T.);
#7006 = ORIENTED_EDGE('',*,*,#6330,.F.);
#7007 = ORIENTED_EDGE('',*,*,#7008,.F.);
#7008 = EDGE_CURVE('',#7009,#6303,#7011,.T.);
#7009 = VERTEX_POINT('',#7010);
#7010 = CARTESIAN_POINT('',(1.55,12.2,0.));
#7011 = SURFACE_CURVE('',#7012,(#7016,#7023),.PCURVE_S1.);
#7012 = LINE('',#7013,#7014);
#7013 = CARTESIAN_POINT('',(1.55,12.2,0.5));
#7014 = VECTOR('',#7015,1.);
#7015 = DIRECTION('',(-0.,-0.,1.));
#7016 = PCURVE('',#6346,#7017);
#7017 = DEFINITIONAL_REPRESENTATION('',(#7018),#7022);
#7018 = LINE('',#7019,#7020);
#7019 = CARTESIAN_POINT('',(0.,0.));
#7020 = VECTOR('',#7021,1.);
#7021 = DIRECTION('',(-1.,0.));
#7022 = ( GEOMETRIC_REPRESENTATION_CONTEXT(2) 
PARAMETRIC_REPRESENTATION_CONTEXT() REPRESENTATION_CONTEXT('2D SPACE',''
  ) );
#7023 = PCURVE('',#6318,#7024);
#7024 = DEFINITIONAL_REPRESENTATION('',(#7025),#7029);
#7025 = LINE('',#7026,#7027);
#7026 = CARTESIAN_POINT('',(0.5,13.75));
#7027 = VECTOR('',#7028,1.);
#7028 = DIRECTION('',(1.,-0.));
#7029 = ( GEOMETRIC_REPRESENTATION_CONTEXT(2) 
PARAMETRIC_REPRESENTATION_CONTEXT() REPRESENTATION_CONTEXT('2D SPACE',''
  ) );
#7030 = ORIENTED_EDGE('',*,*,#7031,.F.);
#7031 = EDGE_CURVE('',#6960,#7009,#7032,.T.);
#7032 = SURFACE_CURVE('',#7033,(#7037,#7044),.PCURVE_S1.);
#7033 = LINE('',#7034,#7035);
#7034 = CARTESIAN_POINT('',(1.55,12.2,0.));
#7035 = VECTOR('',#7036,1.);
#7036 = DIRECTION('',(-0.,1.,0.));
#7037 = PCURVE('',#6346,#7038);
#7038 = DEFINITIONAL_REPRESENTATION('',(#7039),#7043);
#7039 = LINE('',#7040,#7041);
#7040 = CARTESIAN_POINT('',(0.5,0.));
#7041 = VECTOR('',#7042,1.);
#7042 = DIRECTION('',(0.,1.));
#7043 = ( GEOMETRIC_REPRESENTATION_CONTEXT(2) 
PARAMETRIC_REPRESENTATION_CONTEXT() REPRESENTATION_CONTEXT('2D SPACE',''
  ) );
#7044 = PCURVE('',#5163,#7045);
#7045 = DEFINITIONAL_REPRESENTATION('',(#7046),#7050);
#7046 = LINE('',#7047,#7048);
#7047 = CARTESIAN_POINT('',(1.55,12.2));
#7048 = VECTOR('',#7049,1.);
#7049 = DIRECTION('',(0.,1.));
#7050 = ( GEOMETRIC_REPRESENTATION_CONTEXT(2) 
PARAMETRIC_REPRESENTATION_CONTEXT() REPRESENTATION_CONTEXT('2D SPACE',''
  ) );
#7051 = ADVANCED_FACE('',(#7052),#6318,.T.);
#7052 = FACE_BOUND('',#7053,.T.);
#7053 = EDGE_LOOP('',(#7054,#7077,#7098,#7099));
#7054 = ORIENTED_EDGE('',*,*,#7055,.T.);
#7055 = EDGE_CURVE('',#6274,#7056,#7058,.T.);
#7056 = VERTEX_POINT('',#7057);
#7057 = CARTESIAN_POINT('',(11.7,12.2,0.));
#7058 = SURFACE_CURVE('',#7059,(#7063,#7070),.PCURVE_S1.);
#7059 = LINE('',#7060,#7061);
#7060 = CARTESIAN_POINT('',(11.7,12.2,0.));
#7061 = VECTOR('',#7062,1.);
#7062 = DIRECTION('',(-0.,0.,-1.));
#7063 = PCURVE('',#6318,#7064);
#7064 = DEFINITIONAL_REPRESENTATION('',(#7065),#7069);
#7065 = LINE('',#7066,#7067);
#7066 = CARTESIAN_POINT('',(0.,23.9));
#7067 = VECTOR('',#7068,1.);
#7068 = DIRECTION('',(-1.,0.));
#7069 = ( GEOMETRIC_REPRESENTATION_CONTEXT(2) 
PARAMETRIC_REPRESENTATION_CONTEXT() REPRESENTATION_CONTEXT('2D SPACE',''
  ) );
#7070 = PCURVE('',#6290,#7071);
#7071 = DEFINITIONAL_REPRESENTATION('',(#7072),#7076);
#7072 = LINE('',#7073,#7074);
#7073 = CARTESIAN_POINT('',(1.570796326795,0.));
#7074 = VECTOR('',#7075,1.);
#7075 = DIRECTION('',(0.,-1.));
#7076 = ( GEOMETRIC_REPRESENTATION_CONTEXT(2) 
PARAMETRIC_REPRESENTATION_CONTEXT() REPRESENTATION_CONTEXT('2D SPACE',''
  ) );
#7077 = ORIENTED_EDGE('',*,*,#7078,.T.);
#7078 = EDGE_CURVE('',#7056,#7009,#7079,.T.);
#7079 = SURFACE_CURVE('',#7080,(#7084,#7091),.PCURVE_S1.);
#7080 = LINE('',#7081,#7082);
#7081 = CARTESIAN_POINT('',(-12.2,12.2,0.));
#7082 = VECTOR('',#7083,1.);
#7083 = DIRECTION('',(-1.,-0.,0.));
#7084 = PCURVE('',#6318,#7085);
#7085 = DEFINITIONAL_REPRESENTATION('',(#7086),#7090);
#7086 = LINE('',#7087,#7088);
#7087 = CARTESIAN_POINT('',(0.,0.));
#7088 = VECTOR('',#7089,1.);
#7089 = DIRECTION('',(0.,-1.));
#7090 = ( GEOMETRIC_REPRESENTATION_CONTEXT(2) 
PARAMETRIC_REPRESENTATION_CONTEXT() REPRESENTATION_CONTEXT('2D SPACE',''
  ) );
#7091 = PCURVE('',#5163,#7092);
#7092 = DEFINITIONAL_REPRESENTATION('',(#7093),#7097);
#7093 = LINE('',#7094,#7095);
#7094 = CARTESIAN_POINT('',(-12.2,12.2));
#7095 = VECTOR('',#7096,1.);
#7096 = DIRECTION('',(-1.,0.));
#7097 = ( GEOMETRIC_REPRESENTATION_CONTEXT(2) 
PARAMETRIC_REPRESENTATION_CONTEXT() REPRESENTATION_CONTEXT('2D SPACE',''
  ) );
#7098 = ORIENTED_EDGE('',*,*,#7008,.T.);
#7099 = ORIENTED_EDGE('',*,*,#6302,.F.);
#7100 = ADVANCED_FACE('',(#7101),#6290,.T.);
#7101 = FACE_BOUND('',#7102,.T.);
#7102 = EDGE_LOOP('',(#7103,#7127,#7128,#7129));
#7103 = ORIENTED_EDGE('',*,*,#7104,.T.);
#7104 = EDGE_CURVE('',#7105,#7056,#7107,.T.);
#7105 = VERTEX_POINT('',#7106);
#7106 = CARTESIAN_POINT('',(12.2,11.7,0.));
#7107 = SURFACE_CURVE('',#7108,(#7113,#7120),.PCURVE_S1.);
#7108 = CIRCLE('',#7109,0.5);
#7109 = AXIS2_PLACEMENT_3D('',#7110,#7111,#7112);
#7110 = CARTESIAN_POINT('',(11.7,11.7,0.));
#7111 = DIRECTION('',(0.,0.,1.));
#7112 = DIRECTION('',(1.,0.,-0.));
#7113 = PCURVE('',#6290,#7114);
#7114 = DEFINITIONAL_REPRESENTATION('',(#7115),#7119);
#7115 = LINE('',#7116,#7117);
#7116 = CARTESIAN_POINT('',(0.,0.));
#7117 = VECTOR('',#7118,1.);
#7118 = DIRECTION('',(1.,0.));
#7119 = ( GEOMETRIC_REPRESENTATION_CONTEXT(2) 
PARAMETRIC_REPRESENTATION_CONTEXT() REPRESENTATION_CONTEXT('2D SPACE',''
  ) );
#7120 = PCURVE('',#5163,#7121);
#7121 = DEFINITIONAL_REPRESENTATION('',(#7122),#7126);
#7122 = CIRCLE('',#7123,0.5);
#7123 = AXIS2_PLACEMENT_2D('',#7124,#7125);
#7124 = CARTESIAN_POINT('',(11.7,11.7));
#7125 = DIRECTION('',(1.,0.));
#7126 = ( GEOMETRIC_REPRESENTATION_CONTEXT(2) 
PARAMETRIC_REPRESENTATION_CONTEXT() REPRESENTATION_CONTEXT('2D SPACE',''
  ) );
#7127 = ORIENTED_EDGE('',*,*,#7055,.F.);
#7128 = ORIENTED_EDGE('',*,*,#6273,.F.);
#7129 = ORIENTED_EDGE('',*,*,#7130,.T.);
#7130 = EDGE_CURVE('',#6246,#7105,#7131,.T.);
#7131 = SURFACE_CURVE('',#7132,(#7136,#7143),.PCURVE_S1.);
#7132 = LINE('',#7133,#7134);
#7133 = CARTESIAN_POINT('',(12.2,11.7,0.));
#7134 = VECTOR('',#7135,1.);
#7135 = DIRECTION('',(-0.,-0.,-1.));
#7136 = PCURVE('',#6290,#7137);
#7137 = DEFINITIONAL_REPRESENTATION('',(#7138),#7142);
#7138 = LINE('',#7139,#7140);
#7139 = CARTESIAN_POINT('',(0.,0.));
#7140 = VECTOR('',#7141,1.);
#7141 = DIRECTION('',(0.,-1.));
#7142 = ( GEOMETRIC_REPRESENTATION_CONTEXT(2) 
PARAMETRIC_REPRESENTATION_CONTEXT() REPRESENTATION_CONTEXT('2D SPACE',''
  ) );
#7143 = PCURVE('',#6261,#7144);
#7144 = DEFINITIONAL_REPRESENTATION('',(#7145),#7149);
#7145 = LINE('',#7146,#7147);
#7146 = CARTESIAN_POINT('',(0.,-0.5));
#7147 = VECTOR('',#7148,1.);
#7148 = DIRECTION('',(1.,0.));
#7149 = ( GEOMETRIC_REPRESENTATION_CONTEXT(2) 
PARAMETRIC_REPRESENTATION_CONTEXT() REPRESENTATION_CONTEXT('2D SPACE',''
  ) );
#7150 = ADVANCED_FACE('',(#7151),#6261,.T.);
#7151 = FACE_BOUND('',#7152,.T.);
#7152 = EDGE_LOOP('',(#7153,#7154,#7155,#7178));
#7153 = ORIENTED_EDGE('',*,*,#7130,.F.);
#7154 = ORIENTED_EDGE('',*,*,#6245,.F.);
#7155 = ORIENTED_EDGE('',*,*,#7156,.T.);
#7156 = EDGE_CURVE('',#6218,#7157,#7159,.T.);
#7157 = VERTEX_POINT('',#7158);
#7158 = CARTESIAN_POINT('',(12.2,1.55,0.));
#7159 = SURFACE_CURVE('',#7160,(#7164,#7171),.PCURVE_S1.);
#7160 = LINE('',#7161,#7162);
#7161 = CARTESIAN_POINT('',(12.2,1.55,0.));
#7162 = VECTOR('',#7163,1.);
#7163 = DIRECTION('',(0.,0.,-1.));
#7164 = PCURVE('',#6261,#7165);
#7165 = DEFINITIONAL_REPRESENTATION('',(#7166),#7170);
#7166 = LINE('',#7167,#7168);
#7167 = CARTESIAN_POINT('',(0.,-10.65));
#7168 = VECTOR('',#7169,1.);
#7169 = DIRECTION('',(1.,0.));
#7170 = ( GEOMETRIC_REPRESENTATION_CONTEXT(2) 
PARAMETRIC_REPRESENTATION_CONTEXT() REPRESENTATION_CONTEXT('2D SPACE',''
  ) );
#7171 = PCURVE('',#6233,#7172);
#7172 = DEFINITIONAL_REPRESENTATION('',(#7173),#7177);
#7173 = LINE('',#7174,#7175);
#7174 = CARTESIAN_POINT('',(-1.E-01,-0.5));
#7175 = VECTOR('',#7176,1.);
#7176 = DIRECTION('',(0.,-1.));
#7177 = ( GEOMETRIC_REPRESENTATION_CONTEXT(2) 
PARAMETRIC_REPRESENTATION_CONTEXT() REPRESENTATION_CONTEXT('2D SPACE',''
  ) );
#7178 = ORIENTED_EDGE('',*,*,#7179,.T.);
#7179 = EDGE_CURVE('',#7157,#7105,#7180,.T.);
#7180 = SURFACE_CURVE('',#7181,(#7185,#7192),.PCURVE_S1.);
#7181 = LINE('',#7182,#7183);
#7182 = CARTESIAN_POINT('',(12.2,12.2,0.));
#7183 = VECTOR('',#7184,1.);
#7184 = DIRECTION('',(-0.,1.,0.));
#7185 = PCURVE('',#6261,#7186);
#7186 = DEFINITIONAL_REPRESENTATION('',(#7187),#7191);
#7187 = LINE('',#7188,#7189);
#7188 = CARTESIAN_POINT('',(0.,0.));
#7189 = VECTOR('',#7190,1.);
#7190 = DIRECTION('',(0.,1.));
#7191 = ( GEOMETRIC_REPRESENTATION_CONTEXT(2) 
PARAMETRIC_REPRESENTATION_CONTEXT() REPRESENTATION_CONTEXT('2D SPACE',''
  ) );
#7192 = PCURVE('',#5163,#7193);
#7193 = DEFINITIONAL_REPRESENTATION('',(#7194),#7198);
#7194 = LINE('',#7195,#7196);
#7195 = CARTESIAN_POINT('',(12.2,12.2));
#7196 = VECTOR('',#7197,1.);
#7197 = DIRECTION('',(0.,1.));
#7198 = ( GEOMETRIC_REPRESENTATION_CONTEXT(2) 
PARAMETRIC_REPRESENTATION_CONTEXT() REPRESENTATION_CONTEXT('2D SPACE',''
  ) );
#7199 = ADVANCED_FACE('',(#7200),#6233,.F.);
#7200 = FACE_BOUND('',#7201,.T.);
#7201 = EDGE_LOOP('',(#7202,#7203,#7204,#7227));
#7202 = ORIENTED_EDGE('',*,*,#7156,.F.);
#7203 = ORIENTED_EDGE('',*,*,#6217,.F.);
#7204 = ORIENTED_EDGE('',*,*,#7205,.F.);
#7205 = EDGE_CURVE('',#7206,#6190,#7208,.T.);
#7206 = VERTEX_POINT('',#7207);
#7207 = CARTESIAN_POINT('',(12.1,1.55,0.));
#7208 = SURFACE_CURVE('',#7209,(#7213,#7220),.PCURVE_S1.);
#7209 = LINE('',#7210,#7211);
#7210 = CARTESIAN_POINT('',(12.1,1.55,0.5));
#7211 = VECTOR('',#7212,1.);
#7212 = DIRECTION('',(0.,-0.,1.));
#7213 = PCURVE('',#6233,#7214);
#7214 = DEFINITIONAL_REPRESENTATION('',(#7215),#7219);
#7215 = LINE('',#7216,#7217);
#7216 = CARTESIAN_POINT('',(0.,0.));
#7217 = VECTOR('',#7218,1.);
#7218 = DIRECTION('',(0.,1.));
#7219 = ( GEOMETRIC_REPRESENTATION_CONTEXT(2) 
PARAMETRIC_REPRESENTATION_CONTEXT() REPRESENTATION_CONTEXT('2D SPACE',''
  ) );
#7220 = PCURVE('',#6205,#7221);
#7221 = DEFINITIONAL_REPRESENTATION('',(#7222),#7226);
#7222 = LINE('',#7223,#7224);
#7223 = CARTESIAN_POINT('',(0.,3.1));
#7224 = VECTOR('',#7225,1.);
#7225 = DIRECTION('',(1.,0.));
#7226 = ( GEOMETRIC_REPRESENTATION_CONTEXT(2) 
PARAMETRIC_REPRESENTATION_CONTEXT() REPRESENTATION_CONTEXT('2D SPACE',''
  ) );
#7227 = ORIENTED_EDGE('',*,*,#7228,.F.);
#7228 = EDGE_CURVE('',#7157,#7206,#7229,.T.);
#7229 = SURFACE_CURVE('',#7230,(#7234,#7241),.PCURVE_S1.);
#7230 = LINE('',#7231,#7232);
#7231 = CARTESIAN_POINT('',(12.1,1.55,0.));
#7232 = VECTOR('',#7233,1.);
#7233 = DIRECTION('',(-1.,2.775557561563E-15,0.));
#7234 = PCURVE('',#6233,#7235);
#7235 = DEFINITIONAL_REPRESENTATION('',(#7236),#7240);
#7236 = LINE('',#7237,#7238);
#7237 = CARTESIAN_POINT('',(0.,-0.5));
#7238 = VECTOR('',#7239,1.);
#7239 = DIRECTION('',(1.,0.));
#7240 = ( GEOMETRIC_REPRESENTATION_CONTEXT(2) 
PARAMETRIC_REPRESENTATION_CONTEXT() REPRESENTATION_CONTEXT('2D SPACE',''
  ) );
#7241 = PCURVE('',#5163,#7242);
#7242 = DEFINITIONAL_REPRESENTATION('',(#7243),#7247);
#7243 = LINE('',#7244,#7245);
#7244 = CARTESIAN_POINT('',(12.1,1.55));
#7245 = VECTOR('',#7246,1.);
#7246 = DIRECTION('',(-1.,2.775557561563E-15));
#7247 = ( GEOMETRIC_REPRESENTATION_CONTEXT(2) 
PARAMETRIC_REPRESENTATION_CONTEXT() REPRESENTATION_CONTEXT('2D SPACE',''
  ) );
#7248 = ADVANCED_FACE('',(#7249),#6205,.F.);
#7249 = FACE_BOUND('',#7250,.T.);
#7250 = EDGE_LOOP('',(#7251,#7252,#7253,#7276));
#7251 = ORIENTED_EDGE('',*,*,#7205,.T.);
#7252 = ORIENTED_EDGE('',*,*,#6189,.F.);
#7253 = ORIENTED_EDGE('',*,*,#7254,.F.);
#7254 = EDGE_CURVE('',#7255,#6162,#7257,.T.);
#7255 = VERTEX_POINT('',#7256);
#7256 = CARTESIAN_POINT('',(12.1,-1.55,0.));
#7257 = SURFACE_CURVE('',#7258,(#7262,#7269),.PCURVE_S1.);
#7258 = LINE('',#7259,#7260);
#7259 = CARTESIAN_POINT('',(12.1,-1.55,0.5));
#7260 = VECTOR('',#7261,1.);
#7261 = DIRECTION('',(0.,0.,1.));
#7262 = PCURVE('',#6205,#7263);
#7263 = DEFINITIONAL_REPRESENTATION('',(#7264),#7268);
#7264 = LINE('',#7265,#7266);
#7265 = CARTESIAN_POINT('',(0.,0.));
#7266 = VECTOR('',#7267,1.);
#7267 = DIRECTION('',(1.,0.));
#7268 = ( GEOMETRIC_REPRESENTATION_CONTEXT(2) 
PARAMETRIC_REPRESENTATION_CONTEXT() REPRESENTATION_CONTEXT('2D SPACE',''
  ) );
#7269 = PCURVE('',#6177,#7270);
#7270 = DEFINITIONAL_REPRESENTATION('',(#7271),#7275);
#7271 = LINE('',#7272,#7273);
#7272 = CARTESIAN_POINT('',(-1.E-01,0.));
#7273 = VECTOR('',#7274,1.);
#7274 = DIRECTION('',(0.,1.));
#7275 = ( GEOMETRIC_REPRESENTATION_CONTEXT(2) 
PARAMETRIC_REPRESENTATION_CONTEXT() REPRESENTATION_CONTEXT('2D SPACE',''
  ) );
#7276 = ORIENTED_EDGE('',*,*,#7277,.F.);
#7277 = EDGE_CURVE('',#7206,#7255,#7278,.T.);
#7278 = SURFACE_CURVE('',#7279,(#7283,#7290),.PCURVE_S1.);
#7279 = LINE('',#7280,#7281);
#7280 = CARTESIAN_POINT('',(12.1,-1.55,0.));
#7281 = VECTOR('',#7282,1.);
#7282 = DIRECTION('',(-0.,-1.,0.));
#7283 = PCURVE('',#6205,#7284);
#7284 = DEFINITIONAL_REPRESENTATION('',(#7285),#7289);
#7285 = LINE('',#7286,#7287);
#7286 = CARTESIAN_POINT('',(-0.5,0.));
#7287 = VECTOR('',#7288,1.);
#7288 = DIRECTION('',(0.,-1.));
#7289 = ( GEOMETRIC_REPRESENTATION_CONTEXT(2) 
PARAMETRIC_REPRESENTATION_CONTEXT() REPRESENTATION_CONTEXT('2D SPACE',''
  ) );
#7290 = PCURVE('',#5163,#7291);
#7291 = DEFINITIONAL_REPRESENTATION('',(#7292),#7296);
#7292 = LINE('',#7293,#7294);
#7293 = CARTESIAN_POINT('',(12.1,-1.55));
#7294 = VECTOR('',#7295,1.);
#7295 = DIRECTION('',(-0.,-1.));
#7296 = ( GEOMETRIC_REPRESENTATION_CONTEXT(2) 
PARAMETRIC_REPRESENTATION_CONTEXT() REPRESENTATION_CONTEXT('2D SPACE',''
  ) );
#7297 = ADVANCED_FACE('',(#7298),#6177,.F.);
#7298 = FACE_BOUND('',#7299,.T.);
#7299 = EDGE_LOOP('',(#7300,#7301,#7302,#7325));
#7300 = ORIENTED_EDGE('',*,*,#7254,.T.);
#7301 = ORIENTED_EDGE('',*,*,#6161,.F.);
#7302 = ORIENTED_EDGE('',*,*,#7303,.F.);
#7303 = EDGE_CURVE('',#7304,#6134,#7306,.T.);
#7304 = VERTEX_POINT('',#7305);
#7305 = CARTESIAN_POINT('',(12.2,-1.55,0.));
#7306 = SURFACE_CURVE('',#7307,(#7311,#7318),.PCURVE_S1.);
#7307 = LINE('',#7308,#7309);
#7308 = CARTESIAN_POINT('',(12.2,-1.55,0.5));
#7309 = VECTOR('',#7310,1.);
#7310 = DIRECTION('',(-0.,0.,1.));
#7311 = PCURVE('',#6177,#7312);
#7312 = DEFINITIONAL_REPRESENTATION('',(#7313),#7317);
#7313 = LINE('',#7314,#7315);
#7314 = CARTESIAN_POINT('',(0.,0.));
#7315 = VECTOR('',#7316,1.);
#7316 = DIRECTION('',(0.,1.));
#7317 = ( GEOMETRIC_REPRESENTATION_CONTEXT(2) 
PARAMETRIC_REPRESENTATION_CONTEXT() REPRESENTATION_CONTEXT('2D SPACE',''
  ) );
#7318 = PCURVE('',#6149,#7319);
#7319 = DEFINITIONAL_REPRESENTATION('',(#7320),#7324);
#7320 = LINE('',#7321,#7322);
#7321 = CARTESIAN_POINT('',(-0.5,-13.75));
#7322 = VECTOR('',#7323,1.);
#7323 = DIRECTION('',(-1.,0.));
#7324 = ( GEOMETRIC_REPRESENTATION_CONTEXT(2) 
PARAMETRIC_REPRESENTATION_CONTEXT() REPRESENTATION_CONTEXT('2D SPACE',''
  ) );
#7325 = ORIENTED_EDGE('',*,*,#7326,.F.);
#7326 = EDGE_CURVE('',#7255,#7304,#7327,.T.);
#7327 = SURFACE_CURVE('',#7328,(#7332,#7339),.PCURVE_S1.);
#7328 = LINE('',#7329,#7330);
#7329 = CARTESIAN_POINT('',(12.2,-1.55,0.));
#7330 = VECTOR('',#7331,1.);
#7331 = DIRECTION('',(1.,2.775557561563E-15,0.));
#7332 = PCURVE('',#6177,#7333);
#7333 = DEFINITIONAL_REPRESENTATION('',(#7334),#7338);
#7334 = LINE('',#7335,#7336);
#7335 = CARTESIAN_POINT('',(0.,-0.5));
#7336 = VECTOR('',#7337,1.);
#7337 = DIRECTION('',(1.,0.));
#7338 = ( GEOMETRIC_REPRESENTATION_CONTEXT(2) 
PARAMETRIC_REPRESENTATION_CONTEXT() REPRESENTATION_CONTEXT('2D SPACE',''
  ) );
#7339 = PCURVE('',#5163,#7340);
#7340 = DEFINITIONAL_REPRESENTATION('',(#7341),#7345);
#7341 = LINE('',#7342,#7343);
#7342 = CARTESIAN_POINT('',(12.2,-1.55));
#7343 = VECTOR('',#7344,1.);
#7344 = DIRECTION('',(1.,2.775557561563E-15));
#7345 = ( GEOMETRIC_REPRESENTATION_CONTEXT(2) 
PARAMETRIC_REPRESENTATION_CONTEXT() REPRESENTATION_CONTEXT('2D SPACE',''
  ) );
#7346 = ADVANCED_FACE('',(#7347),#6149,.T.);
#7347 = FACE_BOUND('',#7348,.T.);
#7348 = EDGE_LOOP('',(#7349,#7372,#7393,#7394));
#7349 = ORIENTED_EDGE('',*,*,#7350,.T.);
#7350 = EDGE_CURVE('',#6105,#7351,#7353,.T.);
#7351 = VERTEX_POINT('',#7352);
#7352 = CARTESIAN_POINT('',(12.2,-11.7,0.));
#7353 = SURFACE_CURVE('',#7354,(#7358,#7365),.PCURVE_S1.);
#7354 = LINE('',#7355,#7356);
#7355 = CARTESIAN_POINT('',(12.2,-11.7,0.));
#7356 = VECTOR('',#7357,1.);
#7357 = DIRECTION('',(0.,0.,-1.));
#7358 = PCURVE('',#6149,#7359);
#7359 = DEFINITIONAL_REPRESENTATION('',(#7360),#7364);
#7360 = LINE('',#7361,#7362);
#7361 = CARTESIAN_POINT('',(0.,-23.9));
#7362 = VECTOR('',#7363,1.);
#7363 = DIRECTION('',(1.,0.));
#7364 = ( GEOMETRIC_REPRESENTATION_CONTEXT(2) 
PARAMETRIC_REPRESENTATION_CONTEXT() REPRESENTATION_CONTEXT('2D SPACE',''
  ) );
#7365 = PCURVE('',#6121,#7366);
#7366 = DEFINITIONAL_REPRESENTATION('',(#7367),#7371);
#7367 = LINE('',#7368,#7369);
#7368 = CARTESIAN_POINT('',(6.28318530718,0.));
#7369 = VECTOR('',#7370,1.);
#7370 = DIRECTION('',(0.,-1.));
#7371 = ( GEOMETRIC_REPRESENTATION_CONTEXT(2) 
PARAMETRIC_REPRESENTATION_CONTEXT() REPRESENTATION_CONTEXT('2D SPACE',''
  ) );
#7372 = ORIENTED_EDGE('',*,*,#7373,.T.);
#7373 = EDGE_CURVE('',#7351,#7304,#7374,.T.);
#7374 = SURFACE_CURVE('',#7375,(#7379,#7386),.PCURVE_S1.);
#7375 = LINE('',#7376,#7377);
#7376 = CARTESIAN_POINT('',(12.2,12.2,0.));
#7377 = VECTOR('',#7378,1.);
#7378 = DIRECTION('',(-0.,1.,0.));
#7379 = PCURVE('',#6149,#7380);
#7380 = DEFINITIONAL_REPRESENTATION('',(#7381),#7385);
#7381 = LINE('',#7382,#7383);
#7382 = CARTESIAN_POINT('',(0.,0.));
#7383 = VECTOR('',#7384,1.);
#7384 = DIRECTION('',(0.,1.));
#7385 = ( GEOMETRIC_REPRESENTATION_CONTEXT(2) 
PARAMETRIC_REPRESENTATION_CONTEXT() REPRESENTATION_CONTEXT('2D SPACE',''
  ) );
#7386 = PCURVE('',#5163,#7387);
#7387 = DEFINITIONAL_REPRESENTATION('',(#7388),#7392);
#7388 = LINE('',#7389,#7390);
#7389 = CARTESIAN_POINT('',(12.2,12.2));
#7390 = VECTOR('',#7391,1.);
#7391 = DIRECTION('',(0.,1.));
#7392 = ( GEOMETRIC_REPRESENTATION_CONTEXT(2) 
PARAMETRIC_REPRESENTATION_CONTEXT() REPRESENTATION_CONTEXT('2D SPACE',''
  ) );
#7393 = ORIENTED_EDGE('',*,*,#7303,.T.);
#7394 = ORIENTED_EDGE('',*,*,#6133,.F.);
#7395 = ADVANCED_FACE('',(#7396),#6121,.T.);
#7396 = FACE_BOUND('',#7397,.T.);
#7397 = EDGE_LOOP('',(#7398,#7422,#7423,#7424));
#7398 = ORIENTED_EDGE('',*,*,#7399,.T.);
#7399 = EDGE_CURVE('',#7400,#7351,#7402,.T.);
#7400 = VERTEX_POINT('',#7401);
#7401 = CARTESIAN_POINT('',(11.7,-12.2,0.));
#7402 = SURFACE_CURVE('',#7403,(#7408,#7415),.PCURVE_S1.);
#7403 = CIRCLE('',#7404,0.5);
#7404 = AXIS2_PLACEMENT_3D('',#7405,#7406,#7407);
#7405 = CARTESIAN_POINT('',(11.7,-11.7,0.));
#7406 = DIRECTION('',(0.,0.,1.));
#7407 = DIRECTION('',(1.,0.,-0.));
#7408 = PCURVE('',#6121,#7409);
#7409 = DEFINITIONAL_REPRESENTATION('',(#7410),#7414);
#7410 = LINE('',#7411,#7412);
#7411 = CARTESIAN_POINT('',(0.,0.));
#7412 = VECTOR('',#7413,1.);
#7413 = DIRECTION('',(1.,0.));
#7414 = ( GEOMETRIC_REPRESENTATION_CONTEXT(2) 
PARAMETRIC_REPRESENTATION_CONTEXT() REPRESENTATION_CONTEXT('2D SPACE',''
  ) );
#7415 = PCURVE('',#5163,#7416);
#7416 = DEFINITIONAL_REPRESENTATION('',(#7417),#7421);
#7417 = CIRCLE('',#7418,0.5);
#7418 = AXIS2_PLACEMENT_2D('',#7419,#7420);
#7419 = CARTESIAN_POINT('',(11.7,-11.7));
#7420 = DIRECTION('',(1.,0.));
#7421 = ( GEOMETRIC_REPRESENTATION_CONTEXT(2) 
PARAMETRIC_REPRESENTATION_CONTEXT() REPRESENTATION_CONTEXT('2D SPACE',''
  ) );
#7422 = ORIENTED_EDGE('',*,*,#7350,.F.);
#7423 = ORIENTED_EDGE('',*,*,#6104,.F.);
#7424 = ORIENTED_EDGE('',*,*,#7425,.T.);
#7425 = EDGE_CURVE('',#6077,#7400,#7426,.T.);
#7426 = SURFACE_CURVE('',#7427,(#7431,#7438),.PCURVE_S1.);
#7427 = LINE('',#7428,#7429);
#7428 = CARTESIAN_POINT('',(11.7,-12.2,0.));
#7429 = VECTOR('',#7430,1.);
#7430 = DIRECTION('',(-0.,-0.,-1.));
#7431 = PCURVE('',#6121,#7432);
#7432 = DEFINITIONAL_REPRESENTATION('',(#7433),#7437);
#7433 = LINE('',#7434,#7435);
#7434 = CARTESIAN_POINT('',(4.712388980385,0.));
#7435 = VECTOR('',#7436,1.);
#7436 = DIRECTION('',(0.,-1.));
#7437 = ( GEOMETRIC_REPRESENTATION_CONTEXT(2) 
PARAMETRIC_REPRESENTATION_CONTEXT() REPRESENTATION_CONTEXT('2D SPACE',''
  ) );
#7438 = PCURVE('',#6092,#7439);
#7439 = DEFINITIONAL_REPRESENTATION('',(#7440),#7444);
#7440 = LINE('',#7441,#7442);
#7441 = CARTESIAN_POINT('',(-0.,-0.5));
#7442 = VECTOR('',#7443,1.);
#7443 = DIRECTION('',(1.,0.));
#7444 = ( GEOMETRIC_REPRESENTATION_CONTEXT(2) 
PARAMETRIC_REPRESENTATION_CONTEXT() REPRESENTATION_CONTEXT('2D SPACE',''
  ) );
#7445 = ADVANCED_FACE('',(#7446),#6092,.T.);
#7446 = FACE_BOUND('',#7447,.T.);
#7447 = EDGE_LOOP('',(#7448,#7449,#7450,#7473));
#7448 = ORIENTED_EDGE('',*,*,#7425,.F.);
#7449 = ORIENTED_EDGE('',*,*,#6076,.F.);
#7450 = ORIENTED_EDGE('',*,*,#7451,.T.);
#7451 = EDGE_CURVE('',#6049,#7452,#7454,.T.);
#7452 = VERTEX_POINT('',#7453);
#7453 = CARTESIAN_POINT('',(1.55,-12.2,0.));
#7454 = SURFACE_CURVE('',#7455,(#7459,#7466),.PCURVE_S1.);
#7455 = LINE('',#7456,#7457);
#7456 = CARTESIAN_POINT('',(1.55,-12.2,0.));
#7457 = VECTOR('',#7458,1.);
#7458 = DIRECTION('',(0.,-0.,-1.));
#7459 = PCURVE('',#6092,#7460);
#7460 = DEFINITIONAL_REPRESENTATION('',(#7461),#7465);
#7461 = LINE('',#7462,#7463);
#7462 = CARTESIAN_POINT('',(-0.,-10.65));
#7463 = VECTOR('',#7464,1.);
#7464 = DIRECTION('',(1.,0.));
#7465 = ( GEOMETRIC_REPRESENTATION_CONTEXT(2) 
PARAMETRIC_REPRESENTATION_CONTEXT() REPRESENTATION_CONTEXT('2D SPACE',''
  ) );
#7466 = PCURVE('',#6064,#7467);
#7467 = DEFINITIONAL_REPRESENTATION('',(#7468),#7472);
#7468 = LINE('',#7469,#7470);
#7469 = CARTESIAN_POINT('',(-1.E-01,-0.5));
#7470 = VECTOR('',#7471,1.);
#7471 = DIRECTION('',(0.,-1.));
#7472 = ( GEOMETRIC_REPRESENTATION_CONTEXT(2) 
PARAMETRIC_REPRESENTATION_CONTEXT() REPRESENTATION_CONTEXT('2D SPACE',''
  ) );
#7473 = ORIENTED_EDGE('',*,*,#7474,.T.);
#7474 = EDGE_CURVE('',#7452,#7400,#7475,.T.);
#7475 = SURFACE_CURVE('',#7476,(#7480,#7487),.PCURVE_S1.);
#7476 = LINE('',#7477,#7478);
#7477 = CARTESIAN_POINT('',(12.2,-12.2,0.));
#7478 = VECTOR('',#7479,1.);
#7479 = DIRECTION('',(1.,0.,0.));
#7480 = PCURVE('',#6092,#7481);
#7481 = DEFINITIONAL_REPRESENTATION('',(#7482),#7486);
#7482 = LINE('',#7483,#7484);
#7483 = CARTESIAN_POINT('',(0.,0.));
#7484 = VECTOR('',#7485,1.);
#7485 = DIRECTION('',(0.,1.));
#7486 = ( GEOMETRIC_REPRESENTATION_CONTEXT(2) 
PARAMETRIC_REPRESENTATION_CONTEXT() REPRESENTATION_CONTEXT('2D SPACE',''
  ) );
#7487 = PCURVE('',#5163,#7488);
#7488 = DEFINITIONAL_REPRESENTATION('',(#7489),#7493);
#7489 = LINE('',#7490,#7491);
#7490 = CARTESIAN_POINT('',(12.2,-12.2));
#7491 = VECTOR('',#7492,1.);
#7492 = DIRECTION('',(1.,0.));
#7493 = ( GEOMETRIC_REPRESENTATION_CONTEXT(2) 
PARAMETRIC_REPRESENTATION_CONTEXT() REPRESENTATION_CONTEXT('2D SPACE',''
  ) );
#7494 = ADVANCED_FACE('',(#7495),#6064,.F.);
#7495 = FACE_BOUND('',#7496,.T.);
#7496 = EDGE_LOOP('',(#7497,#7498,#7499,#7522));
#7497 = ORIENTED_EDGE('',*,*,#7451,.F.);
#7498 = ORIENTED_EDGE('',*,*,#6048,.F.);
#7499 = ORIENTED_EDGE('',*,*,#7500,.F.);
#7500 = EDGE_CURVE('',#7501,#6021,#7503,.T.);
#7501 = VERTEX_POINT('',#7502);
#7502 = CARTESIAN_POINT('',(1.55,-12.1,0.));
#7503 = SURFACE_CURVE('',#7504,(#7508,#7515),.PCURVE_S1.);
#7504 = LINE('',#7505,#7506);
#7505 = CARTESIAN_POINT('',(1.55,-12.1,0.5));
#7506 = VECTOR('',#7507,1.);
#7507 = DIRECTION('',(-0.,0.,1.));
#7508 = PCURVE('',#6064,#7509);
#7509 = DEFINITIONAL_REPRESENTATION('',(#7510),#7514);
#7510 = LINE('',#7511,#7512);
#7511 = CARTESIAN_POINT('',(0.,0.));
#7512 = VECTOR('',#7513,1.);
#7513 = DIRECTION('',(0.,1.));
#7514 = ( GEOMETRIC_REPRESENTATION_CONTEXT(2) 
PARAMETRIC_REPRESENTATION_CONTEXT() REPRESENTATION_CONTEXT('2D SPACE',''
  ) );
#7515 = PCURVE('',#6036,#7516);
#7516 = DEFINITIONAL_REPRESENTATION('',(#7517),#7521);
#7517 = LINE('',#7518,#7519);
#7518 = CARTESIAN_POINT('',(0.,3.1));
#7519 = VECTOR('',#7520,1.);
#7520 = DIRECTION('',(1.,0.));
#7521 = ( GEOMETRIC_REPRESENTATION_CONTEXT(2) 
PARAMETRIC_REPRESENTATION_CONTEXT() REPRESENTATION_CONTEXT('2D SPACE',''
  ) );
#7522 = ORIENTED_EDGE('',*,*,#7523,.F.);
#7523 = EDGE_CURVE('',#7452,#7501,#7524,.T.);
#7524 = SURFACE_CURVE('',#7525,(#7529,#7536),.PCURVE_S1.);
#7525 = LINE('',#7526,#7527);
#7526 = CARTESIAN_POINT('',(1.55,-12.1,0.));
#7527 = VECTOR('',#7528,1.);
#7528 = DIRECTION('',(2.775557561563E-15,1.,0.));
#7529 = PCURVE('',#6064,#7530);
#7530 = DEFINITIONAL_REPRESENTATION('',(#7531),#7535);
#7531 = LINE('',#7532,#7533);
#7532 = CARTESIAN_POINT('',(0.,-0.5));
#7533 = VECTOR('',#7534,1.);
#7534 = DIRECTION('',(1.,0.));
#7535 = ( GEOMETRIC_REPRESENTATION_CONTEXT(2) 
PARAMETRIC_REPRESENTATION_CONTEXT() REPRESENTATION_CONTEXT('2D SPACE',''
  ) );
#7536 = PCURVE('',#5163,#7537);
#7537 = DEFINITIONAL_REPRESENTATION('',(#7538),#7542);
#7538 = LINE('',#7539,#7540);
#7539 = CARTESIAN_POINT('',(1.55,-12.1));
#7540 = VECTOR('',#7541,1.);
#7541 = DIRECTION('',(2.775557561563E-15,1.));
#7542 = ( GEOMETRIC_REPRESENTATION_CONTEXT(2) 
PARAMETRIC_REPRESENTATION_CONTEXT() REPRESENTATION_CONTEXT('2D SPACE',''
  ) );
#7543 = ADVANCED_FACE('',(#7544),#6036,.F.);
#7544 = FACE_BOUND('',#7545,.T.);
#7545 = EDGE_LOOP('',(#7546,#7547,#7548,#7571));
#7546 = ORIENTED_EDGE('',*,*,#7500,.T.);
#7547 = ORIENTED_EDGE('',*,*,#6020,.F.);
#7548 = ORIENTED_EDGE('',*,*,#7549,.F.);
#7549 = EDGE_CURVE('',#7550,#5993,#7552,.T.);
#7550 = VERTEX_POINT('',#7551);
#7551 = CARTESIAN_POINT('',(-1.55,-12.1,0.));
#7552 = SURFACE_CURVE('',#7553,(#7557,#7564),.PCURVE_S1.);
#7553 = LINE('',#7554,#7555);
#7554 = CARTESIAN_POINT('',(-1.55,-12.1,0.5));
#7555 = VECTOR('',#7556,1.);
#7556 = DIRECTION('',(0.,-0.,1.));
#7557 = PCURVE('',#6036,#7558);
#7558 = DEFINITIONAL_REPRESENTATION('',(#7559),#7563);
#7559 = LINE('',#7560,#7561);
#7560 = CARTESIAN_POINT('',(0.,0.));
#7561 = VECTOR('',#7562,1.);
#7562 = DIRECTION('',(1.,0.));
#7563 = ( GEOMETRIC_REPRESENTATION_CONTEXT(2) 
PARAMETRIC_REPRESENTATION_CONTEXT() REPRESENTATION_CONTEXT('2D SPACE',''
  ) );
#7564 = PCURVE('',#6008,#7565);
#7565 = DEFINITIONAL_REPRESENTATION('',(#7566),#7570);
#7566 = LINE('',#7567,#7568);
#7567 = CARTESIAN_POINT('',(-1.E-01,0.));
#7568 = VECTOR('',#7569,1.);
#7569 = DIRECTION('',(0.,1.));
#7570 = ( GEOMETRIC_REPRESENTATION_CONTEXT(2) 
PARAMETRIC_REPRESENTATION_CONTEXT() REPRESENTATION_CONTEXT('2D SPACE',''
  ) );
#7571 = ORIENTED_EDGE('',*,*,#7572,.F.);
#7572 = EDGE_CURVE('',#7501,#7550,#7573,.T.);
#7573 = SURFACE_CURVE('',#7574,(#7578,#7585),.PCURVE_S1.);
#7574 = LINE('',#7575,#7576);
#7575 = CARTESIAN_POINT('',(-1.55,-12.1,0.));
#7576 = VECTOR('',#7577,1.);
#7577 = DIRECTION('',(-1.,-0.,-0.));
#7578 = PCURVE('',#6036,#7579);
#7579 = DEFINITIONAL_REPRESENTATION('',(#7580),#7584);
#7580 = LINE('',#7581,#7582);
#7581 = CARTESIAN_POINT('',(-0.5,0.));
#7582 = VECTOR('',#7583,1.);
#7583 = DIRECTION('',(-0.,-1.));
#7584 = ( GEOMETRIC_REPRESENTATION_CONTEXT(2) 
PARAMETRIC_REPRESENTATION_CONTEXT() REPRESENTATION_CONTEXT('2D SPACE',''
  ) );
#7585 = PCURVE('',#5163,#7586);
#7586 = DEFINITIONAL_REPRESENTATION('',(#7587),#7591);
#7587 = LINE('',#7588,#7589);
#7588 = CARTESIAN_POINT('',(-1.55,-12.1));
#7589 = VECTOR('',#7590,1.);
#7590 = DIRECTION('',(-1.,0.));
#7591 = ( GEOMETRIC_REPRESENTATION_CONTEXT(2) 
PARAMETRIC_REPRESENTATION_CONTEXT() REPRESENTATION_CONTEXT('2D SPACE',''
  ) );
#7592 = ADVANCED_FACE('',(#7593),#6008,.F.);
#7593 = FACE_BOUND('',#7594,.T.);
#7594 = EDGE_LOOP('',(#7595,#7596,#7597,#7620));
#7595 = ORIENTED_EDGE('',*,*,#7549,.T.);
#7596 = ORIENTED_EDGE('',*,*,#5992,.F.);
#7597 = ORIENTED_EDGE('',*,*,#7598,.F.);
#7598 = EDGE_CURVE('',#7599,#5965,#7601,.T.);
#7599 = VERTEX_POINT('',#7600);
#7600 = CARTESIAN_POINT('',(-1.55,-12.2,0.));
#7601 = SURFACE_CURVE('',#7602,(#7606,#7613),.PCURVE_S1.);
#7602 = LINE('',#7603,#7604);
#7603 = CARTESIAN_POINT('',(-1.55,-12.2,0.5));
#7604 = VECTOR('',#7605,1.);
#7605 = DIRECTION('',(0.,0.,1.));
#7606 = PCURVE('',#6008,#7607);
#7607 = DEFINITIONAL_REPRESENTATION('',(#7608),#7612);
#7608 = LINE('',#7609,#7610);
#7609 = CARTESIAN_POINT('',(0.,0.));
#7610 = VECTOR('',#7611,1.);
#7611 = DIRECTION('',(0.,1.));
#7612 = ( GEOMETRIC_REPRESENTATION_CONTEXT(2) 
PARAMETRIC_REPRESENTATION_CONTEXT() REPRESENTATION_CONTEXT('2D SPACE',''
  ) );
#7613 = PCURVE('',#5980,#7614);
#7614 = DEFINITIONAL_REPRESENTATION('',(#7615),#7619);
#7615 = LINE('',#7616,#7617);
#7616 = CARTESIAN_POINT('',(-0.5,-13.75));
#7617 = VECTOR('',#7618,1.);
#7618 = DIRECTION('',(-1.,0.));
#7619 = ( GEOMETRIC_REPRESENTATION_CONTEXT(2) 
PARAMETRIC_REPRESENTATION_CONTEXT() REPRESENTATION_CONTEXT('2D SPACE',''
  ) );
#7620 = ORIENTED_EDGE('',*,*,#7621,.F.);
#7621 = EDGE_CURVE('',#7550,#7599,#7622,.T.);
#7622 = SURFACE_CURVE('',#7623,(#7627,#7634),.PCURVE_S1.);
#7623 = LINE('',#7624,#7625);
#7624 = CARTESIAN_POINT('',(-1.55,-12.2,0.));
#7625 = VECTOR('',#7626,1.);
#7626 = DIRECTION('',(2.775557561563E-15,-1.,0.));
#7627 = PCURVE('',#6008,#7628);
#7628 = DEFINITIONAL_REPRESENTATION('',(#7629),#7633);
#7629 = LINE('',#7630,#7631);
#7630 = CARTESIAN_POINT('',(0.,-0.5));
#7631 = VECTOR('',#7632,1.);
#7632 = DIRECTION('',(1.,0.));
#7633 = ( GEOMETRIC_REPRESENTATION_CONTEXT(2) 
PARAMETRIC_REPRESENTATION_CONTEXT() REPRESENTATION_CONTEXT('2D SPACE',''
  ) );
#7634 = PCURVE('',#5163,#7635);
#7635 = DEFINITIONAL_REPRESENTATION('',(#7636),#7640);
#7636 = LINE('',#7637,#7638);
#7637 = CARTESIAN_POINT('',(-1.55,-12.2));
#7638 = VECTOR('',#7639,1.);
#7639 = DIRECTION('',(2.775557561563E-15,-1.));
#7640 = ( GEOMETRIC_REPRESENTATION_CONTEXT(2) 
PARAMETRIC_REPRESENTATION_CONTEXT() REPRESENTATION_CONTEXT('2D SPACE',''
  ) );
#7641 = ADVANCED_FACE('',(#7642),#5980,.T.);
#7642 = FACE_BOUND('',#7643,.T.);
#7643 = EDGE_LOOP('',(#7644,#7667,#7688,#7689));
#7644 = ORIENTED_EDGE('',*,*,#7645,.T.);
#7645 = EDGE_CURVE('',#5936,#7646,#7648,.T.);
#7646 = VERTEX_POINT('',#7647);
#7647 = CARTESIAN_POINT('',(-11.7,-12.2,0.));
#7648 = SURFACE_CURVE('',#7649,(#7653,#7660),.PCURVE_S1.);
#7649 = LINE('',#7650,#7651);
#7650 = CARTESIAN_POINT('',(-11.7,-12.2,0.));
#7651 = VECTOR('',#7652,1.);
#7652 = DIRECTION('',(0.,-0.,-1.));
#7653 = PCURVE('',#5980,#7654);
#7654 = DEFINITIONAL_REPRESENTATION('',(#7655),#7659);
#7655 = LINE('',#7656,#7657);
#7656 = CARTESIAN_POINT('',(-0.,-23.9));
#7657 = VECTOR('',#7658,1.);
#7658 = DIRECTION('',(1.,0.));
#7659 = ( GEOMETRIC_REPRESENTATION_CONTEXT(2) 
PARAMETRIC_REPRESENTATION_CONTEXT() REPRESENTATION_CONTEXT('2D SPACE',''
  ) );
#7660 = PCURVE('',#5952,#7661);
#7661 = DEFINITIONAL_REPRESENTATION('',(#7662),#7666);
#7662 = LINE('',#7663,#7664);
#7663 = CARTESIAN_POINT('',(4.712388980385,0.));
#7664 = VECTOR('',#7665,1.);
#7665 = DIRECTION('',(0.,-1.));
#7666 = ( GEOMETRIC_REPRESENTATION_CONTEXT(2) 
PARAMETRIC_REPRESENTATION_CONTEXT() REPRESENTATION_CONTEXT('2D SPACE',''
  ) );
#7667 = ORIENTED_EDGE('',*,*,#7668,.T.);
#7668 = EDGE_CURVE('',#7646,#7599,#7669,.T.);
#7669 = SURFACE_CURVE('',#7670,(#7674,#7681),.PCURVE_S1.);
#7670 = LINE('',#7671,#7672);
#7671 = CARTESIAN_POINT('',(12.2,-12.2,0.));
#7672 = VECTOR('',#7673,1.);
#7673 = DIRECTION('',(1.,0.,0.));
#7674 = PCURVE('',#5980,#7675);
#7675 = DEFINITIONAL_REPRESENTATION('',(#7676),#7680);
#7676 = LINE('',#7677,#7678);
#7677 = CARTESIAN_POINT('',(0.,0.));
#7678 = VECTOR('',#7679,1.);
#7679 = DIRECTION('',(0.,1.));
#7680 = ( GEOMETRIC_REPRESENTATION_CONTEXT(2) 
PARAMETRIC_REPRESENTATION_CONTEXT() REPRESENTATION_CONTEXT('2D SPACE',''
  ) );
#7681 = PCURVE('',#5163,#7682);
#7682 = DEFINITIONAL_REPRESENTATION('',(#7683),#7687);
#7683 = LINE('',#7684,#7685);
#7684 = CARTESIAN_POINT('',(12.2,-12.2));
#7685 = VECTOR('',#7686,1.);
#7686 = DIRECTION('',(1.,0.));
#7687 = ( GEOMETRIC_REPRESENTATION_CONTEXT(2) 
PARAMETRIC_REPRESENTATION_CONTEXT() REPRESENTATION_CONTEXT('2D SPACE',''
  ) );
#7688 = ORIENTED_EDGE('',*,*,#7598,.T.);
#7689 = ORIENTED_EDGE('',*,*,#5964,.F.);
#7690 = ADVANCED_FACE('',(#7691),#5952,.T.);
#7691 = FACE_BOUND('',#7692,.T.);
#7692 = EDGE_LOOP('',(#7693,#7717,#7718,#7719));
#7693 = ORIENTED_EDGE('',*,*,#7694,.T.);
#7694 = EDGE_CURVE('',#7695,#7646,#7697,.T.);
#7695 = VERTEX_POINT('',#7696);
#7696 = CARTESIAN_POINT('',(-12.2,-11.7,0.));
#7697 = SURFACE_CURVE('',#7698,(#7703,#7710),.PCURVE_S1.);
#7698 = CIRCLE('',#7699,0.5);
#7699 = AXIS2_PLACEMENT_3D('',#7700,#7701,#7702);
#7700 = CARTESIAN_POINT('',(-11.7,-11.7,0.));
#7701 = DIRECTION('',(0.,0.,1.));
#7702 = DIRECTION('',(1.,0.,-0.));
#7703 = PCURVE('',#5952,#7704);
#7704 = DEFINITIONAL_REPRESENTATION('',(#7705),#7709);
#7705 = LINE('',#7706,#7707);
#7706 = CARTESIAN_POINT('',(0.,0.));
#7707 = VECTOR('',#7708,1.);
#7708 = DIRECTION('',(1.,0.));
#7709 = ( GEOMETRIC_REPRESENTATION_CONTEXT(2) 
PARAMETRIC_REPRESENTATION_CONTEXT() REPRESENTATION_CONTEXT('2D SPACE',''
  ) );
#7710 = PCURVE('',#5163,#7711);
#7711 = DEFINITIONAL_REPRESENTATION('',(#7712),#7716);
#7712 = CIRCLE('',#7713,0.5);
#7713 = AXIS2_PLACEMENT_2D('',#7714,#7715);
#7714 = CARTESIAN_POINT('',(-11.7,-11.7));
#7715 = DIRECTION('',(1.,0.));
#7716 = ( GEOMETRIC_REPRESENTATION_CONTEXT(2) 
PARAMETRIC_REPRESENTATION_CONTEXT() REPRESENTATION_CONTEXT('2D SPACE',''
  ) );
#7717 = ORIENTED_EDGE('',*,*,#7645,.F.);
#7718 = ORIENTED_EDGE('',*,*,#5935,.F.);
#7719 = ORIENTED_EDGE('',*,*,#7720,.T.);
#7720 = EDGE_CURVE('',#5908,#7695,#7721,.T.);
#7721 = SURFACE_CURVE('',#7722,(#7726,#7733),.PCURVE_S1.);
#7722 = LINE('',#7723,#7724);
#7723 = CARTESIAN_POINT('',(-12.2,-11.7,0.));
#7724 = VECTOR('',#7725,1.);
#7725 = DIRECTION('',(-0.,-0.,-1.));
#7726 = PCURVE('',#5952,#7727);
#7727 = DEFINITIONAL_REPRESENTATION('',(#7728),#7732);
#7728 = LINE('',#7729,#7730);
#7729 = CARTESIAN_POINT('',(3.14159265359,0.));
#7730 = VECTOR('',#7731,1.);
#7731 = DIRECTION('',(0.,-1.));
#7732 = ( GEOMETRIC_REPRESENTATION_CONTEXT(2) 
PARAMETRIC_REPRESENTATION_CONTEXT() REPRESENTATION_CONTEXT('2D SPACE',''
  ) );
#7733 = PCURVE('',#5923,#7734);
#7734 = DEFINITIONAL_REPRESENTATION('',(#7735),#7739);
#7735 = LINE('',#7736,#7737);
#7736 = CARTESIAN_POINT('',(0.,0.5));
#7737 = VECTOR('',#7738,1.);
#7738 = DIRECTION('',(-1.,0.));
#7739 = ( GEOMETRIC_REPRESENTATION_CONTEXT(2) 
PARAMETRIC_REPRESENTATION_CONTEXT() REPRESENTATION_CONTEXT('2D SPACE',''
  ) );
#7740 = ADVANCED_FACE('',(#7741),#5923,.T.);
#7741 = FACE_BOUND('',#7742,.T.);
#7742 = EDGE_LOOP('',(#7743,#7744,#7745,#7768));
#7743 = ORIENTED_EDGE('',*,*,#7720,.F.);
#7744 = ORIENTED_EDGE('',*,*,#5907,.F.);
#7745 = ORIENTED_EDGE('',*,*,#7746,.T.);
#7746 = EDGE_CURVE('',#5880,#7747,#7749,.T.);
#7747 = VERTEX_POINT('',#7748);
#7748 = CARTESIAN_POINT('',(-12.2,-1.55,0.));
#7749 = SURFACE_CURVE('',#7750,(#7754,#7761),.PCURVE_S1.);
#7750 = LINE('',#7751,#7752);
#7751 = CARTESIAN_POINT('',(-12.2,-1.55,0.));
#7752 = VECTOR('',#7753,1.);
#7753 = DIRECTION('',(-0.,-0.,-1.));
#7754 = PCURVE('',#5923,#7755);
#7755 = DEFINITIONAL_REPRESENTATION('',(#7756),#7760);
#7756 = LINE('',#7757,#7758);
#7757 = CARTESIAN_POINT('',(0.,10.65));
#7758 = VECTOR('',#7759,1.);
#7759 = DIRECTION('',(-1.,0.));
#7760 = ( GEOMETRIC_REPRESENTATION_CONTEXT(2) 
PARAMETRIC_REPRESENTATION_CONTEXT() REPRESENTATION_CONTEXT('2D SPACE',''
  ) );
#7761 = PCURVE('',#5895,#7762);
#7762 = DEFINITIONAL_REPRESENTATION('',(#7763),#7767);
#7763 = LINE('',#7764,#7765);
#7764 = CARTESIAN_POINT('',(0.5,-1.E-01));
#7765 = VECTOR('',#7766,1.);
#7766 = DIRECTION('',(1.,0.));
#7767 = ( GEOMETRIC_REPRESENTATION_CONTEXT(2) 
PARAMETRIC_REPRESENTATION_CONTEXT() REPRESENTATION_CONTEXT('2D SPACE',''
  ) );
#7768 = ORIENTED_EDGE('',*,*,#7769,.T.);
#7769 = EDGE_CURVE('',#7747,#7695,#7770,.T.);
#7770 = SURFACE_CURVE('',#7771,(#7775,#7782),.PCURVE_S1.);
#7771 = LINE('',#7772,#7773);
#7772 = CARTESIAN_POINT('',(-12.2,-12.2,0.));
#7773 = VECTOR('',#7774,1.);
#7774 = DIRECTION('',(-0.,-1.,0.));
#7775 = PCURVE('',#5923,#7776);
#7776 = DEFINITIONAL_REPRESENTATION('',(#7777),#7781);
#7777 = LINE('',#7778,#7779);
#7778 = CARTESIAN_POINT('',(0.,0.));
#7779 = VECTOR('',#7780,1.);
#7780 = DIRECTION('',(0.,-1.));
#7781 = ( GEOMETRIC_REPRESENTATION_CONTEXT(2) 
PARAMETRIC_REPRESENTATION_CONTEXT() REPRESENTATION_CONTEXT('2D SPACE',''
  ) );
#7782 = PCURVE('',#5163,#7783);
#7783 = DEFINITIONAL_REPRESENTATION('',(#7784),#7788);
#7784 = LINE('',#7785,#7786);
#7785 = CARTESIAN_POINT('',(-12.2,-12.2));
#7786 = VECTOR('',#7787,1.);
#7787 = DIRECTION('',(-0.,-1.));
#7788 = ( GEOMETRIC_REPRESENTATION_CONTEXT(2) 
PARAMETRIC_REPRESENTATION_CONTEXT() REPRESENTATION_CONTEXT('2D SPACE',''
  ) );
#7789 = ADVANCED_FACE('',(#7790),#5895,.F.);
#7790 = FACE_BOUND('',#7791,.T.);
#7791 = EDGE_LOOP('',(#7792,#7793,#7794,#7795));
#7792 = ORIENTED_EDGE('',*,*,#7746,.F.);
#7793 = ORIENTED_EDGE('',*,*,#5879,.F.);
#7794 = ORIENTED_EDGE('',*,*,#6640,.T.);
#7795 = ORIENTED_EDGE('',*,*,#7796,.F.);
#7796 = EDGE_CURVE('',#7747,#6641,#7797,.T.);
#7797 = SURFACE_CURVE('',#7798,(#7802,#7809),.PCURVE_S1.);
#7798 = LINE('',#7799,#7800);
#7799 = CARTESIAN_POINT('',(-12.1,-1.55,0.));
#7800 = VECTOR('',#7801,1.);
#7801 = DIRECTION('',(1.,0.,0.));
#7802 = PCURVE('',#5895,#7803);
#7803 = DEFINITIONAL_REPRESENTATION('',(#7804),#7808);
#7804 = LINE('',#7805,#7806);
#7805 = CARTESIAN_POINT('',(0.5,0.));
#7806 = VECTOR('',#7807,1.);
#7807 = DIRECTION('',(0.,1.));
#7808 = ( GEOMETRIC_REPRESENTATION_CONTEXT(2) 
PARAMETRIC_REPRESENTATION_CONTEXT() REPRESENTATION_CONTEXT('2D SPACE',''
  ) );
#7809 = PCURVE('',#5163,#7810);
#7810 = DEFINITIONAL_REPRESENTATION('',(#7811),#7815);
#7811 = LINE('',#7812,#7813);
#7812 = CARTESIAN_POINT('',(-12.1,-1.55));
#7813 = VECTOR('',#7814,1.);
#7814 = DIRECTION('',(1.,0.));
#7815 = ( GEOMETRIC_REPRESENTATION_CONTEXT(2) 
PARAMETRIC_REPRESENTATION_CONTEXT() REPRESENTATION_CONTEXT('2D SPACE',''
  ) );
#7816 = ADVANCED_FACE('',(#7817,#7821,#7825,#7829,#7833,#7837),#5163,.F.
  );
#7817 = FACE_BOUND('',#7818,.T.);
#7818 = EDGE_LOOP('',(#7819,#7820));
#7819 = ORIENTED_EDGE('',*,*,#5600,.T.);
#7820 = ORIENTED_EDGE('',*,*,#6612,.T.);
#7821 = FACE_BOUND('',#7822,.T.);
#7822 = EDGE_LOOP('',(#7823,#7824));
#7823 = ORIENTED_EDGE('',*,*,#5489,.T.);
#7824 = ORIENTED_EDGE('',*,*,#6584,.T.);
#7825 = FACE_BOUND('',#7826,.T.);
#7826 = EDGE_LOOP('',(#7827,#7828));
#7827 = ORIENTED_EDGE('',*,*,#5378,.T.);
#7828 = ORIENTED_EDGE('',*,*,#6556,.T.);
#7829 = FACE_BOUND('',#7830,.T.);
#7830 = EDGE_LOOP('',(#7831,#7832));
#7831 = ORIENTED_EDGE('',*,*,#5267,.T.);
#7832 = ORIENTED_EDGE('',*,*,#6528,.T.);
#7833 = FACE_BOUND('',#7834,.T.);
#7834 = EDGE_LOOP('',(#7835,#7836));
#7835 = ORIENTED_EDGE('',*,*,#5146,.T.);
#7836 = ORIENTED_EDGE('',*,*,#6500,.T.);
#7837 = FACE_BOUND('',#7838,.T.);
#7838 = EDGE_LOOP('',(#7839,#7840,#7841,#7842,#7843,#7844,#7845,#7846,
    #7847,#7848,#7849,#7850,#7851,#7852,#7853,#7854,#7855,#7856,#7857,
    #7858,#7859,#7860,#7861,#7862));
#7839 = ORIENTED_EDGE('',*,*,#6687,.T.);
#7840 = ORIENTED_EDGE('',*,*,#6736,.T.);
#7841 = ORIENTED_EDGE('',*,*,#6783,.F.);
#7842 = ORIENTED_EDGE('',*,*,#6809,.F.);
#7843 = ORIENTED_EDGE('',*,*,#6884,.F.);
#7844 = ORIENTED_EDGE('',*,*,#6933,.T.);
#7845 = ORIENTED_EDGE('',*,*,#6982,.T.);
#7846 = ORIENTED_EDGE('',*,*,#7031,.T.);
#7847 = ORIENTED_EDGE('',*,*,#7078,.F.);
#7848 = ORIENTED_EDGE('',*,*,#7104,.F.);
#7849 = ORIENTED_EDGE('',*,*,#7179,.F.);
#7850 = ORIENTED_EDGE('',*,*,#7228,.T.);
#7851 = ORIENTED_EDGE('',*,*,#7277,.T.);
#7852 = ORIENTED_EDGE('',*,*,#7326,.T.);
#7853 = ORIENTED_EDGE('',*,*,#7373,.F.);
#7854 = ORIENTED_EDGE('',*,*,#7399,.F.);
#7855 = ORIENTED_EDGE('',*,*,#7474,.F.);
#7856 = ORIENTED_EDGE('',*,*,#7523,.T.);
#7857 = ORIENTED_EDGE('',*,*,#7572,.T.);
#7858 = ORIENTED_EDGE('',*,*,#7621,.T.);
#7859 = ORIENTED_EDGE('',*,*,#7668,.F.);
#7860 = ORIENTED_EDGE('',*,*,#7694,.F.);
#7861 = ORIENTED_EDGE('',*,*,#7769,.F.);
#7862 = ORIENTED_EDGE('',*,*,#7796,.T.);
#7863 = ( GEOMETRIC_REPRESENTATION_CONTEXT(3) 
GLOBAL_UNCERTAINTY_ASSIGNED_CONTEXT((#7867)) 
GLOBAL_UNIT_ASSIGNED_CONTEXT((#7864,#7865,#7866)) REPRESENTATION_CONTEXT
('Context #1','3D Context with UNIT and UNCERTAINTY') );
#7864 = ( LENGTH_UNIT() NAMED_UNIT(*) SI_UNIT(.MILLI.,.METRE.) );
#7865 = ( NAMED_UNIT(*) PLANE_ANGLE_UNIT() SI_UNIT($,.RADIAN.) );
#7866 = ( NAMED_UNIT(*) SI_UNIT($,.STERADIAN.) SOLID_ANGLE_UNIT() );
#7867 = UNCERTAINTY_MEASURE_WITH_UNIT(LENGTH_MEASURE(1.E-07),#7864,
  'distance_accuracy_value','confusion accuracy');
#7868 = CONTEXT_DEPENDENT_SHAPE_REPRESENTATION(#7869,#7871);
#7869 = ( REPRESENTATION_RELATIONSHIP('','',#5104,#32) 
REPRESENTATION_RELATIONSHIP_WITH_TRANSFORMATION(#7870) 
SHAPE_REPRESENTATION_RELATIONSHIP() );
#7870 = ITEM_DEFINED_TRANSFORMATION('','',#11,#37);
#7871 = PRODUCT_DEFINITION_SHAPE('Placement','Placement of an item',
  #7872);
#7872 = NEXT_ASSEMBLY_USAGE_OCCURRENCE('7','base','',#27,#5099,$);
#7873 = PRODUCT_RELATED_PRODUCT_CATEGORY('part',$,(#5101));
#7874 = SHAPE_DEFINITION_REPRESENTATION(#5094,#7875);
#7875 = SHAPE_REPRESENTATION('',(#33),#5086);
#7876 = SHAPE_DEFINITION_REPRESENTATION(#7871,#7877);
#7877 = SHAPE_REPRESENTATION('',(#37),#7863);
#7878 = SHAPE_DEFINITION_REPRESENTATION(#5094,#7879);
#7879 = SHAPE_REPRESENTATION('',(#33),#5086);
#7880 = SHAPE_DEFINITION_REPRESENTATION(#7871,#7881);
#7881 = SHAPE_REPRESENTATION('',(#37),#7863);
#7882 = MECHANICAL_DESIGN_GEOMETRIC_PRESENTATION_REPRESENTATION('',(
    #7883),#5086);
#7883 = STYLED_ITEM('color',(#7884),#60);
#7884 = PRESENTATION_STYLE_ASSIGNMENT((#7885,#7891));
#7885 = SURFACE_STYLE_USAGE(.BOTH.,#7886);
#7886 = SURFACE_SIDE_STYLE('',(#7887));
#7887 = SURFACE_STYLE_FILL_AREA(#7888);
#7888 = FILL_AREA_STYLE('',(#7889));
#7889 = FILL_AREA_STYLE_COLOUR('',#7890);
#7890 = COLOUR_RGB('',0.752941202324,0.752941202324,0.752941202324);
#7891 = CURVE_STYLE('',#7892,POSITIVE_LENGTH_MEASURE(0.1),#7890);
#7892 = DRAUGHTING_PRE_DEFINED_CURVE_FONT('continuous');
#7893 = MECHANICAL_DESIGN_GEOMETRIC_PRESENTATION_REPRESENTATION('',(
    #7894),#7863);
#7894 = STYLED_ITEM('color',(#7895),#5105);
#7895 = PRESENTATION_STYLE_ASSIGNMENT((#7896,#7901));
#7896 = SURFACE_STYLE_USAGE(.BOTH.,#7897);
#7897 = SURFACE_SIDE_STYLE('',(#7898));
#7898 = SURFACE_STYLE_FILL_AREA(#7899);
#7899 = FILL_AREA_STYLE('',(#7900));
#7900 = FILL_AREA_STYLE_COLOUR('',#7890);
#7901 = CURVE_STYLE('',#7902,POSITIVE_LENGTH_MEASURE(0.1),#7890);
#7902 = DRAUGHTING_PRE_DEFINED_CURVE_FONT('continuous');
ENDSEC;
END-ISO-10303-21;
