ISO-10303-21;
HEADER;
FILE_DESCRIPTION(('Open CASCADE Model'),'2;1');
FILE_NAME('Open CASCADE Shape Model','2026-10-09T06:39:23',('Author'),(
    'Open CASCADE'),'Open CASCADE STEP processor 8.0','build123d',
  'Unknown');
FILE_SCHEMA(('AUTOMOTIVE_DESIGN { 1 0 10303 214 1 1 1 1 }'));
ENDSEC;
DATA;
#1 = APPLICATION_PROTOCOL_DEFINITION('international standard',
  'automotive_design',2000,#2);
#2 = APPLICATION_CONTEXT(
  'core data for automotive mechanical design processes');
#3 = SHAPE_DEFINITION_REPRESENTATION(#4,#10);
#4 = PRODUCT_DEFINITION_SHAPE('','',#5);
#5 = PRODUCT_DEFINITION('design','',#6,#9);
#6 = PRODUCT_DEFINITION_FORMATION('','',#7);
#7 = PRODUCT('SOLID','SOLID','',(#8));
#8 = PRODUCT_CONTEXT('',#2,'mechanical');
#9 = PRODUCT_DEFINITION_CONTEXT('part definition',#2,'design');
#10 = ADVANCED_BREP_SHAPE_REPRESENTATION('',(#11,#15),#17591);
#11 = AXIS2_PLACEMENT_3D('',#12,#13,#14);
#12 = CARTESIAN_POINT('',(0.,0.,0.));
#13 = DIRECTION('',(0.,0.,1.));
#14 = DIRECTION('',(1.,0.,-0.));
#15 = MANIFOLD_SOLID_BREP('',#16);
#16 = CLOSED_SHELL('',(#17,#353,#429,#934,#983,#1888,#2302,#2581,#2968,
    #3068,#3349,#3422,#3503,#3579,#3628,#3677,#3704,#3780,#3829,#3878,
    #3905,#3981,#4030,#4079,#4106,#4182,#4231,#4280,#4307,#4334,#4361,
    #4410,#4483,#4583,#4610,#4657,#4684,#4711,#4718,#4765,#4792,#4819,
    #4826,#4853,#4860,#4931,#4980,#5029,#5056,#5127,#5176,#5225,#5252,
    #5328,#6083,#6134,#6212,#6967,#7016,#7646,#7689,#8299,#8453,#8503,
    #8557,#8622,#8739,#8789,#8843,#8871,#8980,#9735,#9784,#10415,#11223,
    #11272,#11903,#11951,#11958,#12071,#12184,#12297,#12410,#12417,
    #12444,#12491,#12518,#12545,#12572,#12599,#12606,#12633,#12660,
    #12687,#12714,#12741,#12768,#12795,#12822,#12849,#12876,#12903,
    #12930,#12957,#12984,#13011,#13038,#13065,#13092,#13099,#13126,
    #13173,#13200,#13227,#13254,#13281,#13308,#13335,#13362,#13389,
    #13416,#13443,#13470,#13497,#13524,#13551,#13578,#13605,#13632,
    #13659,#13686,#13713,#13720,#13747,#13774,#13781,#13832,#13883,
    #13915,#13965,#13993,#14043,#14071,#14098,#14125,#14172,#14199,
    #14226,#14253,#14280,#14307,#14334,#14361,#14388,#14415,#14442,
    #14469,#14496,#14523,#14550,#14577,#14604,#14631,#14658,#14685,
    #14692,#14719,#14746,#14773,#14780,#14827,#14854,#14881,#14908,
    #14935,#14962,#14989,#15016,#15043,#15070,#15097,#15124,#15151,
    #15178,#15205,#15232,#15259,#15286,#15313,#15340,#15367,#15394,
    #15401,#15428,#15455,#15462,#15538,#15587,#15636,#15663,#15739,
    #15788,#15837,#15864,#15940,#15989,#16038,#16065,#16141,#16190,
    #16239,#16266,#16803,#16810,#16817,#16824,#16831,#16907,#16934,
    #16985,#17077,#17127,#17177,#17231,#17293,#17344,#17419,#17468,
    #17474,#17501,#17528,#17556,#17584));
#17 = ADVANCED_FACE('',(#18,#244),#32,.F.);
#18 = FACE_BOUND('',#19,.F.);
#19 = EDGE_LOOP('',(#20,#55,#83,#111,#139,#167,#195,#223));
#20 = ORIENTED_EDGE('',*,*,#21,.F.);
#21 = EDGE_CURVE('',#22,#24,#26,.T.);
#22 = VERTEX_POINT('',#23);
#23 = CARTESIAN_POINT('',(-11.,-9.3,4.5));
#24 = VERTEX_POINT('',#25);
#25 = CARTESIAN_POINT('',(-11.,-9.3,5.7));
#26 = SURFACE_CURVE('',#27,(#31,#43),.PCURVE_S1.);
#27 = LINE('',#28,#29);
#28 = CARTESIAN_POINT('',(-11.,-9.3,4.5));
#29 = VECTOR('',#30,1.);
#30 = DIRECTION('',(0.,0.,1.));
#31 = PCURVE('',#32,#37);
#32 = PLANE('',#33);
#33 = AXIS2_PLACEMENT_3D('',#34,#35,#36);
#34 = CARTESIAN_POINT('',(-11.,-9.3,4.5));
#35 = DIRECTION('',(1.,0.,-0.));
#36 = DIRECTION('',(0.,0.,1.));
#37 = DEFINITIONAL_REPRESENTATION('',(#38),#42);
#38 = LINE('',#39,#40);
#39 = CARTESIAN_POINT('',(0.,0.));
#40 = VECTOR('',#41,1.);
#41 = DIRECTION('',(1.,0.));
#42 = ( GEOMETRIC_REPRESENTATION_CONTEXT(2) 
PARAMETRIC_REPRESENTATION_CONTEXT() REPRESENTATION_CONTEXT('2D SPACE',''
  ) );
#43 = PCURVE('',#44,#49);
#44 = PLANE('',#45);
#45 = AXIS2_PLACEMENT_3D('',#46,#47,#48);
#46 = CARTESIAN_POINT('',(-11.,-9.3,4.5));
#47 = DIRECTION('',(-0.,1.,0.));
#48 = DIRECTION('',(0.,0.,1.));
#49 = DEFINITIONAL_REPRESENTATION('',(#50),#54);
#50 = LINE('',#51,#52);
#51 = CARTESIAN_POINT('',(0.,0.));
#52 = VECTOR('',#53,1.);
#53 = DIRECTION('',(1.,0.));
#54 = ( GEOMETRIC_REPRESENTATION_CONTEXT(2) 
PARAMETRIC_REPRESENTATION_CONTEXT() REPRESENTATION_CONTEXT('2D SPACE',''
  ) );
#55 = ORIENTED_EDGE('',*,*,#56,.T.);
#56 = EDGE_CURVE('',#22,#57,#59,.T.);
#57 = VERTEX_POINT('',#58);
#58 = CARTESIAN_POINT('',(-11.,9.3,4.5));
#59 = SURFACE_CURVE('',#60,(#64,#71),.PCURVE_S1.);
#60 = LINE('',#61,#62);
#61 = CARTESIAN_POINT('',(-11.,-9.3,4.5));
#62 = VECTOR('',#63,1.);
#63 = DIRECTION('',(-0.,1.,0.));
#64 = PCURVE('',#32,#65);
#65 = DEFINITIONAL_REPRESENTATION('',(#66),#70);
#66 = LINE('',#67,#68);
#67 = CARTESIAN_POINT('',(0.,0.));
#68 = VECTOR('',#69,1.);
#69 = DIRECTION('',(0.,-1.));
#70 = ( GEOMETRIC_REPRESENTATION_CONTEXT(2) 
PARAMETRIC_REPRESENTATION_CONTEXT() REPRESENTATION_CONTEXT('2D SPACE',''
  ) );
#71 = PCURVE('',#72,#77);
#72 = PLANE('',#73);
#73 = AXIS2_PLACEMENT_3D('',#74,#75,#76);
#74 = CARTESIAN_POINT('',(-11.,-9.3,4.5));
#75 = DIRECTION('',(0.,0.,1.));
#76 = DIRECTION('',(1.,0.,-0.));
#77 = DEFINITIONAL_REPRESENTATION('',(#78),#82);
#78 = LINE('',#79,#80);
#79 = CARTESIAN_POINT('',(0.,0.));
#80 = VECTOR('',#81,1.);
#81 = DIRECTION('',(0.,1.));
#82 = ( GEOMETRIC_REPRESENTATION_CONTEXT(2) 
PARAMETRIC_REPRESENTATION_CONTEXT() REPRESENTATION_CONTEXT('2D SPACE',''
  ) );
#83 = ORIENTED_EDGE('',*,*,#84,.T.);
#84 = EDGE_CURVE('',#57,#85,#87,.T.);
#85 = VERTEX_POINT('',#86);
#86 = CARTESIAN_POINT('',(-11.,9.3,5.7));
#87 = SURFACE_CURVE('',#88,(#92,#99),.PCURVE_S1.);
#88 = LINE('',#89,#90);
#89 = CARTESIAN_POINT('',(-11.,9.3,4.5));
#90 = VECTOR('',#91,1.);
#91 = DIRECTION('',(0.,0.,1.));
#92 = PCURVE('',#32,#93);
#93 = DEFINITIONAL_REPRESENTATION('',(#94),#98);
#94 = LINE('',#95,#96);
#95 = CARTESIAN_POINT('',(0.,-18.6));
#96 = VECTOR('',#97,1.);
#97 = DIRECTION('',(1.,0.));
#98 = ( GEOMETRIC_REPRESENTATION_CONTEXT(2) 
PARAMETRIC_REPRESENTATION_CONTEXT() REPRESENTATION_CONTEXT('2D SPACE',''
  ) );
#99 = PCURVE('',#100,#105);
#100 = PLANE('',#101);
#101 = AXIS2_PLACEMENT_3D('',#102,#103,#104);
#102 = CARTESIAN_POINT('',(-11.,9.3,4.5));
#103 = DIRECTION('',(-0.,1.,0.));
#104 = DIRECTION('',(0.,0.,1.));
#105 = DEFINITIONAL_REPRESENTATION('',(#106),#110);
#106 = LINE('',#107,#108);
#107 = CARTESIAN_POINT('',(0.,0.));
#108 = VECTOR('',#109,1.);
#109 = DIRECTION('',(1.,0.));
#110 = ( GEOMETRIC_REPRESENTATION_CONTEXT(2) 
PARAMETRIC_REPRESENTATION_CONTEXT() REPRESENTATION_CONTEXT('2D SPACE',''
  ) );
#111 = ORIENTED_EDGE('',*,*,#112,.F.);
#112 = EDGE_CURVE('',#113,#85,#115,.T.);
#113 = VERTEX_POINT('',#114);
#114 = CARTESIAN_POINT('',(-11.,8.454649355997,5.7));
#115 = SURFACE_CURVE('',#116,(#120,#127),.PCURVE_S1.);
#116 = LINE('',#117,#118);
#117 = CARTESIAN_POINT('',(-11.,-9.3,5.7));
#118 = VECTOR('',#119,1.);
#119 = DIRECTION('',(-0.,1.,0.));
#120 = PCURVE('',#32,#121);
#121 = DEFINITIONAL_REPRESENTATION('',(#122),#126);
#122 = LINE('',#123,#124);
#123 = CARTESIAN_POINT('',(1.2,0.));
#124 = VECTOR('',#125,1.);
#125 = DIRECTION('',(0.,-1.));
#126 = ( GEOMETRIC_REPRESENTATION_CONTEXT(2) 
PARAMETRIC_REPRESENTATION_CONTEXT() REPRESENTATION_CONTEXT('2D SPACE',''
  ) );
#127 = PCURVE('',#128,#133);
#128 = PLANE('',#129);
#129 = AXIS2_PLACEMENT_3D('',#130,#131,#132);
#130 = CARTESIAN_POINT('',(-11.,-9.3,5.7));
#131 = DIRECTION('',(0.,0.,1.));
#132 = DIRECTION('',(1.,0.,-0.));
#133 = DEFINITIONAL_REPRESENTATION('',(#134),#138);
#134 = LINE('',#135,#136);
#135 = CARTESIAN_POINT('',(0.,0.));
#136 = VECTOR('',#137,1.);
#137 = DIRECTION('',(0.,1.));
#138 = ( GEOMETRIC_REPRESENTATION_CONTEXT(2) 
PARAMETRIC_REPRESENTATION_CONTEXT() REPRESENTATION_CONTEXT('2D SPACE',''
  ) );
#139 = ORIENTED_EDGE('',*,*,#140,.F.);
#140 = EDGE_CURVE('',#141,#113,#143,.T.);
#141 = VERTEX_POINT('',#142);
#142 = CARTESIAN_POINT('',(-11.,8.454649355997,16.2));
#143 = SURFACE_CURVE('',#144,(#148,#155),.PCURVE_S1.);
#144 = LINE('',#145,#146);
#145 = CARTESIAN_POINT('',(-11.,8.454649355997,16.2));
#146 = VECTOR('',#147,1.);
#147 = DIRECTION('',(0.,0.,-1.));
#148 = PCURVE('',#32,#149);
#149 = DEFINITIONAL_REPRESENTATION('',(#150),#154);
#150 = LINE('',#151,#152);
#151 = CARTESIAN_POINT('',(11.7,-17.75464935599));
#152 = VECTOR('',#153,1.);
#153 = DIRECTION('',(-1.,0.));
#154 = ( GEOMETRIC_REPRESENTATION_CONTEXT(2) 
PARAMETRIC_REPRESENTATION_CONTEXT() REPRESENTATION_CONTEXT('2D SPACE',''
  ) );
#155 = PCURVE('',#156,#161);
#156 = PLANE('',#157);
#157 = AXIS2_PLACEMENT_3D('',#158,#159,#160);
#158 = CARTESIAN_POINT('',(-1.5,8.454649355997,16.2));
#159 = DIRECTION('',(2.22044604925E-16,-1.,0.));
#160 = DIRECTION('',(0.,0.,-1.));
#161 = DEFINITIONAL_REPRESENTATION('',(#162),#166);
#162 = LINE('',#163,#164);
#163 = CARTESIAN_POINT('',(0.,-9.5));
#164 = VECTOR('',#165,1.);
#165 = DIRECTION('',(1.,0.));
#166 = ( GEOMETRIC_REPRESENTATION_CONTEXT(2) 
PARAMETRIC_REPRESENTATION_CONTEXT() REPRESENTATION_CONTEXT('2D SPACE',''
  ) );
#167 = ORIENTED_EDGE('',*,*,#168,.F.);
#168 = EDGE_CURVE('',#169,#141,#171,.T.);
#169 = VERTEX_POINT('',#170);
#170 = CARTESIAN_POINT('',(-11.,-8.454649355997,16.2));
#171 = SURFACE_CURVE('',#172,(#176,#183),.PCURVE_S1.);
#172 = LINE('',#173,#174);
#173 = CARTESIAN_POINT('',(-11.,-2.442490654175E-15,16.2));
#174 = VECTOR('',#175,1.);
#175 = DIRECTION('',(-2.22044604925E-16,1.,0.));
#176 = PCURVE('',#32,#177);
#177 = DEFINITIONAL_REPRESENTATION('',(#178),#182);
#178 = LINE('',#179,#180);
#179 = CARTESIAN_POINT('',(11.7,-9.3));
#180 = VECTOR('',#181,1.);
#181 = DIRECTION('',(0.,-1.));
#182 = ( GEOMETRIC_REPRESENTATION_CONTEXT(2) 
PARAMETRIC_REPRESENTATION_CONTEXT() REPRESENTATION_CONTEXT('2D SPACE',''
  ) );
#183 = PCURVE('',#184,#189);
#184 = PLANE('',#185);
#185 = AXIS2_PLACEMENT_3D('',#186,#187,#188);
#186 = CARTESIAN_POINT('',(-7.5,10.5,16.2));
#187 = DIRECTION('',(0.,0.,-1.));
#188 = DIRECTION('',(-2.22044604925E-16,1.,0.));
#189 = DEFINITIONAL_REPRESENTATION('',(#190),#194);
#190 = LINE('',#191,#192);
#191 = CARTESIAN_POINT('',(-10.5,-3.5));
#192 = VECTOR('',#193,1.);
#193 = DIRECTION('',(1.,0.));
#194 = ( GEOMETRIC_REPRESENTATION_CONTEXT(2) 
PARAMETRIC_REPRESENTATION_CONTEXT() REPRESENTATION_CONTEXT('2D SPACE',''
  ) );
#195 = ORIENTED_EDGE('',*,*,#196,.F.);
#196 = EDGE_CURVE('',#197,#169,#199,.T.);
#197 = VERTEX_POINT('',#198);
#198 = CARTESIAN_POINT('',(-11.,-8.454649355997,5.7));
#199 = SURFACE_CURVE('',#200,(#204,#211),.PCURVE_S1.);
#200 = LINE('',#201,#202);
#201 = CARTESIAN_POINT('',(-11.,-8.454649355997,16.2));
#202 = VECTOR('',#203,1.);
#203 = DIRECTION('',(0.,0.,1.));
#204 = PCURVE('',#32,#205);
#205 = DEFINITIONAL_REPRESENTATION('',(#206),#210);
#206 = LINE('',#207,#208);
#207 = CARTESIAN_POINT('',(11.7,-0.845350644003));
#208 = VECTOR('',#209,1.);
#209 = DIRECTION('',(1.,0.));
#210 = ( GEOMETRIC_REPRESENTATION_CONTEXT(2) 
PARAMETRIC_REPRESENTATION_CONTEXT() REPRESENTATION_CONTEXT('2D SPACE',''
  ) );
#211 = PCURVE('',#212,#217);
#212 = PLANE('',#213);
#213 = AXIS2_PLACEMENT_3D('',#214,#215,#216);
#214 = CARTESIAN_POINT('',(-1.5,-8.454649355997,16.2));
#215 = DIRECTION('',(-2.22044604925E-16,1.,0.));
#216 = DIRECTION('',(0.,0.,1.));
#217 = DEFINITIONAL_REPRESENTATION('',(#218),#222);
#218 = LINE('',#219,#220);
#219 = CARTESIAN_POINT('',(0.,-9.5));
#220 = VECTOR('',#221,1.);
#221 = DIRECTION('',(1.,0.));
#222 = ( GEOMETRIC_REPRESENTATION_CONTEXT(2) 
PARAMETRIC_REPRESENTATION_CONTEXT() REPRESENTATION_CONTEXT('2D SPACE',''
  ) );
#223 = ORIENTED_EDGE('',*,*,#224,.F.);
#224 = EDGE_CURVE('',#24,#197,#225,.T.);
#225 = SURFACE_CURVE('',#226,(#230,#237),.PCURVE_S1.);
#226 = LINE('',#227,#228);
#227 = CARTESIAN_POINT('',(-11.,-9.3,5.7));
#228 = VECTOR('',#229,1.);
#229 = DIRECTION('',(-0.,1.,0.));
#230 = PCURVE('',#32,#231);
#231 = DEFINITIONAL_REPRESENTATION('',(#232),#236);
#232 = LINE('',#233,#234);
#233 = CARTESIAN_POINT('',(1.2,0.));
#234 = VECTOR('',#235,1.);
#235 = DIRECTION('',(0.,-1.));
#236 = ( GEOMETRIC_REPRESENTATION_CONTEXT(2) 
PARAMETRIC_REPRESENTATION_CONTEXT() REPRESENTATION_CONTEXT('2D SPACE',''
  ) );
#237 = PCURVE('',#128,#238);
#238 = DEFINITIONAL_REPRESENTATION('',(#239),#243);
#239 = LINE('',#240,#241);
#240 = CARTESIAN_POINT('',(0.,0.));
#241 = VECTOR('',#242,1.);
#242 = DIRECTION('',(0.,1.));
#243 = ( GEOMETRIC_REPRESENTATION_CONTEXT(2) 
PARAMETRIC_REPRESENTATION_CONTEXT() REPRESENTATION_CONTEXT('2D SPACE',''
  ) );
#244 = FACE_BOUND('',#245,.F.);
#245 = EDGE_LOOP('',(#246,#271,#299,#327));
#246 = ORIENTED_EDGE('',*,*,#247,.F.);
#247 = EDGE_CURVE('',#248,#250,#252,.T.);
#248 = VERTEX_POINT('',#249);
#249 = CARTESIAN_POINT('',(-11.,-7.053852729981,5.7));
#250 = VERTEX_POINT('',#251);
#251 = CARTESIAN_POINT('',(-11.,7.053852729981,5.7));
#252 = SURFACE_CURVE('',#253,(#257,#264),.PCURVE_S1.);
#253 = LINE('',#254,#255);
#254 = CARTESIAN_POINT('',(-11.,-9.3,5.7));
#255 = VECTOR('',#256,1.);
#256 = DIRECTION('',(-0.,1.,0.));
#257 = PCURVE('',#32,#258);
#258 = DEFINITIONAL_REPRESENTATION('',(#259),#263);
#259 = LINE('',#260,#261);
#260 = CARTESIAN_POINT('',(1.2,0.));
#261 = VECTOR('',#262,1.);
#262 = DIRECTION('',(0.,-1.));
#263 = ( GEOMETRIC_REPRESENTATION_CONTEXT(2) 
PARAMETRIC_REPRESENTATION_CONTEXT() REPRESENTATION_CONTEXT('2D SPACE',''
  ) );
#264 = PCURVE('',#128,#265);
#265 = DEFINITIONAL_REPRESENTATION('',(#266),#270);
#266 = LINE('',#267,#268);
#267 = CARTESIAN_POINT('',(0.,0.));
#268 = VECTOR('',#269,1.);
#269 = DIRECTION('',(0.,1.));
#270 = ( GEOMETRIC_REPRESENTATION_CONTEXT(2) 
PARAMETRIC_REPRESENTATION_CONTEXT() REPRESENTATION_CONTEXT('2D SPACE',''
  ) );
#271 = ORIENTED_EDGE('',*,*,#272,.F.);
#272 = EDGE_CURVE('',#273,#248,#275,.T.);
#273 = VERTEX_POINT('',#274);
#274 = CARTESIAN_POINT('',(-11.,-7.053852729981,6.18581864844));
#275 = SURFACE_CURVE('',#276,(#280,#287),.PCURVE_S1.);
#276 = LINE('',#277,#278);
#277 = CARTESIAN_POINT('',(-11.,-7.053852729981,4.671602555736));
#278 = VECTOR('',#279,1.);
#279 = DIRECTION('',(0.,0.,-1.));
#280 = PCURVE('',#32,#281);
#281 = DEFINITIONAL_REPRESENTATION('',(#282),#286);
#282 = LINE('',#283,#284);
#283 = CARTESIAN_POINT('',(0.171602555736,-2.246147270019));
#284 = VECTOR('',#285,1.);
#285 = DIRECTION('',(-1.,0.));
#286 = ( GEOMETRIC_REPRESENTATION_CONTEXT(2) 
PARAMETRIC_REPRESENTATION_CONTEXT() REPRESENTATION_CONTEXT('2D SPACE',''
  ) );
#287 = PCURVE('',#288,#293);
#288 = PLANE('',#289);
#289 = AXIS2_PLACEMENT_3D('',#290,#291,#292);
#290 = CARTESIAN_POINT('',(-1.5,-7.053852729981,4.671602555736));
#291 = DIRECTION('',(2.22044604925E-16,-1.,0.));
#292 = DIRECTION('',(0.,0.,-1.));
#293 = DEFINITIONAL_REPRESENTATION('',(#294),#298);
#294 = LINE('',#295,#296);
#295 = CARTESIAN_POINT('',(0.,-9.5));
#296 = VECTOR('',#297,1.);
#297 = DIRECTION('',(1.,0.));
#298 = ( GEOMETRIC_REPRESENTATION_CONTEXT(2) 
PARAMETRIC_REPRESENTATION_CONTEXT() REPRESENTATION_CONTEXT('2D SPACE',''
  ) );
#299 = ORIENTED_EDGE('',*,*,#300,.F.);
#300 = EDGE_CURVE('',#301,#273,#303,.T.);
#301 = VERTEX_POINT('',#302);
#302 = CARTESIAN_POINT('',(-11.,7.053852729981,6.18581864844));
#303 = SURFACE_CURVE('',#304,(#308,#315),.PCURVE_S1.);
#304 = LINE('',#305,#306);
#305 = CARTESIAN_POINT('',(-11.,7.053852729981,6.18581864844));
#306 = VECTOR('',#307,1.);
#307 = DIRECTION('',(2.22044604925E-16,-1.,0.));
#308 = PCURVE('',#32,#309);
#309 = DEFINITIONAL_REPRESENTATION('',(#310),#314);
#310 = LINE('',#311,#312);
#311 = CARTESIAN_POINT('',(1.68581864844,-16.35385272998));
#312 = VECTOR('',#313,1.);
#313 = DIRECTION('',(0.,1.));
#314 = ( GEOMETRIC_REPRESENTATION_CONTEXT(2) 
PARAMETRIC_REPRESENTATION_CONTEXT() REPRESENTATION_CONTEXT('2D SPACE',''
  ) );
#315 = PCURVE('',#316,#321);
#316 = PLANE('',#317);
#317 = AXIS2_PLACEMENT_3D('',#318,#319,#320);
#318 = CARTESIAN_POINT('',(-1.5,-7.053852729981,6.18581864844));
#319 = DIRECTION('',(0.,0.,1.));
#320 = DIRECTION('',(2.22044604925E-16,-1.,0.));
#321 = DEFINITIONAL_REPRESENTATION('',(#322),#326);
#322 = LINE('',#323,#324);
#323 = CARTESIAN_POINT('',(-14.10770545996,-9.5));
#324 = VECTOR('',#325,1.);
#325 = DIRECTION('',(1.,0.));
#326 = ( GEOMETRIC_REPRESENTATION_CONTEXT(2) 
PARAMETRIC_REPRESENTATION_CONTEXT() REPRESENTATION_CONTEXT('2D SPACE',''
  ) );
#327 = ORIENTED_EDGE('',*,*,#328,.F.);
#328 = EDGE_CURVE('',#250,#301,#329,.T.);
#329 = SURFACE_CURVE('',#330,(#334,#341),.PCURVE_S1.);
#330 = LINE('',#331,#332);
#331 = CARTESIAN_POINT('',(-11.,7.053852729981,4.671602555736));
#332 = VECTOR('',#333,1.);
#333 = DIRECTION('',(0.,0.,1.));
#334 = PCURVE('',#32,#335);
#335 = DEFINITIONAL_REPRESENTATION('',(#336),#340);
#336 = LINE('',#337,#338);
#337 = CARTESIAN_POINT('',(0.171602555736,-16.35385272998));
#338 = VECTOR('',#339,1.);
#339 = DIRECTION('',(1.,0.));
#340 = ( GEOMETRIC_REPRESENTATION_CONTEXT(2) 
PARAMETRIC_REPRESENTATION_CONTEXT() REPRESENTATION_CONTEXT('2D SPACE',''
  ) );
#341 = PCURVE('',#342,#347);
#342 = PLANE('',#343);
#343 = AXIS2_PLACEMENT_3D('',#344,#345,#346);
#344 = CARTESIAN_POINT('',(-1.5,7.053852729981,4.671602555736));
#345 = DIRECTION('',(-2.22044604925E-16,1.,0.));
#346 = DIRECTION('',(0.,0.,1.));
#347 = DEFINITIONAL_REPRESENTATION('',(#348),#352);
#348 = LINE('',#349,#350);
#349 = CARTESIAN_POINT('',(0.,-9.5));
#350 = VECTOR('',#351,1.);
#351 = DIRECTION('',(1.,0.));
#352 = ( GEOMETRIC_REPRESENTATION_CONTEXT(2) 
PARAMETRIC_REPRESENTATION_CONTEXT() REPRESENTATION_CONTEXT('2D SPACE',''
  ) );
#353 = ADVANCED_FACE('',(#354),#44,.F.);
#354 = FACE_BOUND('',#355,.F.);
#355 = EDGE_LOOP('',(#356,#379,#380,#403));
#356 = ORIENTED_EDGE('',*,*,#357,.F.);
#357 = EDGE_CURVE('',#22,#358,#360,.T.);
#358 = VERTEX_POINT('',#359);
#359 = CARTESIAN_POINT('',(11.,-9.3,4.5));
#360 = SURFACE_CURVE('',#361,(#365,#372),.PCURVE_S1.);
#361 = LINE('',#362,#363);
#362 = CARTESIAN_POINT('',(-11.,-9.3,4.5));
#363 = VECTOR('',#364,1.);
#364 = DIRECTION('',(1.,0.,-0.));
#365 = PCURVE('',#44,#366);
#366 = DEFINITIONAL_REPRESENTATION('',(#367),#371);
#367 = LINE('',#368,#369);
#368 = CARTESIAN_POINT('',(0.,0.));
#369 = VECTOR('',#370,1.);
#370 = DIRECTION('',(0.,1.));
#371 = ( GEOMETRIC_REPRESENTATION_CONTEXT(2) 
PARAMETRIC_REPRESENTATION_CONTEXT() REPRESENTATION_CONTEXT('2D SPACE',''
  ) );
#372 = PCURVE('',#72,#373);
#373 = DEFINITIONAL_REPRESENTATION('',(#374),#378);
#374 = LINE('',#375,#376);
#375 = CARTESIAN_POINT('',(0.,0.));
#376 = VECTOR('',#377,1.);
#377 = DIRECTION('',(1.,0.));
#378 = ( GEOMETRIC_REPRESENTATION_CONTEXT(2) 
PARAMETRIC_REPRESENTATION_CONTEXT() REPRESENTATION_CONTEXT('2D SPACE',''
  ) );
#379 = ORIENTED_EDGE('',*,*,#21,.T.);
#380 = ORIENTED_EDGE('',*,*,#381,.T.);
#381 = EDGE_CURVE('',#24,#382,#384,.T.);
#382 = VERTEX_POINT('',#383);
#383 = CARTESIAN_POINT('',(11.,-9.3,5.7));
#384 = SURFACE_CURVE('',#385,(#389,#396),.PCURVE_S1.);
#385 = LINE('',#386,#387);
#386 = CARTESIAN_POINT('',(-11.,-9.3,5.7));
#387 = VECTOR('',#388,1.);
#388 = DIRECTION('',(1.,0.,-0.));
#389 = PCURVE('',#44,#390);
#390 = DEFINITIONAL_REPRESENTATION('',(#391),#395);
#391 = LINE('',#392,#393);
#392 = CARTESIAN_POINT('',(1.2,0.));
#393 = VECTOR('',#394,1.);
#394 = DIRECTION('',(0.,1.));
#395 = ( GEOMETRIC_REPRESENTATION_CONTEXT(2) 
PARAMETRIC_REPRESENTATION_CONTEXT() REPRESENTATION_CONTEXT('2D SPACE',''
  ) );
#396 = PCURVE('',#128,#397);
#397 = DEFINITIONAL_REPRESENTATION('',(#398),#402);
#398 = LINE('',#399,#400);
#399 = CARTESIAN_POINT('',(0.,0.));
#400 = VECTOR('',#401,1.);
#401 = DIRECTION('',(1.,0.));
#402 = ( GEOMETRIC_REPRESENTATION_CONTEXT(2) 
PARAMETRIC_REPRESENTATION_CONTEXT() REPRESENTATION_CONTEXT('2D SPACE',''
  ) );
#403 = ORIENTED_EDGE('',*,*,#404,.F.);
#404 = EDGE_CURVE('',#358,#382,#405,.T.);
#405 = SURFACE_CURVE('',#406,(#410,#417),.PCURVE_S1.);
#406 = LINE('',#407,#408);
#407 = CARTESIAN_POINT('',(11.,-9.3,4.5));
#408 = VECTOR('',#409,1.);
#409 = DIRECTION('',(0.,0.,1.));
#410 = PCURVE('',#44,#411);
#411 = DEFINITIONAL_REPRESENTATION('',(#412),#416);
#412 = LINE('',#413,#414);
#413 = CARTESIAN_POINT('',(0.,22.));
#414 = VECTOR('',#415,1.);
#415 = DIRECTION('',(1.,0.));
#416 = ( GEOMETRIC_REPRESENTATION_CONTEXT(2) 
PARAMETRIC_REPRESENTATION_CONTEXT() REPRESENTATION_CONTEXT('2D SPACE',''
  ) );
#417 = PCURVE('',#418,#423);
#418 = PLANE('',#419);
#419 = AXIS2_PLACEMENT_3D('',#420,#421,#422);
#420 = CARTESIAN_POINT('',(11.,-9.3,4.5));
#421 = DIRECTION('',(1.,0.,-0.));
#422 = DIRECTION('',(0.,0.,1.));
#423 = DEFINITIONAL_REPRESENTATION('',(#424),#428);
#424 = LINE('',#425,#426);
#425 = CARTESIAN_POINT('',(0.,0.));
#426 = VECTOR('',#427,1.);
#427 = DIRECTION('',(1.,0.));
#428 = ( GEOMETRIC_REPRESENTATION_CONTEXT(2) 
PARAMETRIC_REPRESENTATION_CONTEXT() REPRESENTATION_CONTEXT('2D SPACE',''
  ) );
#429 = ADVANCED_FACE('',(#430,#478,#592,#706,#820),#72,.F.);
#430 = FACE_BOUND('',#431,.F.);
#431 = EDGE_LOOP('',(#432,#433,#434,#457));
#432 = ORIENTED_EDGE('',*,*,#56,.F.);
#433 = ORIENTED_EDGE('',*,*,#357,.T.);
#434 = ORIENTED_EDGE('',*,*,#435,.T.);
#435 = EDGE_CURVE('',#358,#436,#438,.T.);
#436 = VERTEX_POINT('',#437);
#437 = CARTESIAN_POINT('',(11.,9.3,4.5));
#438 = SURFACE_CURVE('',#439,(#443,#450),.PCURVE_S1.);
#439 = LINE('',#440,#441);
#440 = CARTESIAN_POINT('',(11.,-9.3,4.5));
#441 = VECTOR('',#442,1.);
#442 = DIRECTION('',(-0.,1.,0.));
#443 = PCURVE('',#72,#444);
#444 = DEFINITIONAL_REPRESENTATION('',(#445),#449);
#445 = LINE('',#446,#447);
#446 = CARTESIAN_POINT('',(22.,0.));
#447 = VECTOR('',#448,1.);
#448 = DIRECTION('',(0.,1.));
#449 = ( GEOMETRIC_REPRESENTATION_CONTEXT(2) 
PARAMETRIC_REPRESENTATION_CONTEXT() REPRESENTATION_CONTEXT('2D SPACE',''
  ) );
#450 = PCURVE('',#418,#451);
#451 = DEFINITIONAL_REPRESENTATION('',(#452),#456);
#452 = LINE('',#453,#454);
#453 = CARTESIAN_POINT('',(0.,0.));
#454 = VECTOR('',#455,1.);
#455 = DIRECTION('',(0.,-1.));
#456 = ( GEOMETRIC_REPRESENTATION_CONTEXT(2) 
PARAMETRIC_REPRESENTATION_CONTEXT() REPRESENTATION_CONTEXT('2D SPACE',''
  ) );
#457 = ORIENTED_EDGE('',*,*,#458,.F.);
#458 = EDGE_CURVE('',#57,#436,#459,.T.);
#459 = SURFACE_CURVE('',#460,(#464,#471),.PCURVE_S1.);
#460 = LINE('',#461,#462);
#461 = CARTESIAN_POINT('',(-11.,9.3,4.5));
#462 = VECTOR('',#463,1.);
#463 = DIRECTION('',(1.,0.,-0.));
#464 = PCURVE('',#72,#465);
#465 = DEFINITIONAL_REPRESENTATION('',(#466),#470);
#466 = LINE('',#467,#468);
#467 = CARTESIAN_POINT('',(0.,18.6));
#468 = VECTOR('',#469,1.);
#469 = DIRECTION('',(1.,0.));
#470 = ( GEOMETRIC_REPRESENTATION_CONTEXT(2) 
PARAMETRIC_REPRESENTATION_CONTEXT() REPRESENTATION_CONTEXT('2D SPACE',''
  ) );
#471 = PCURVE('',#100,#472);
#472 = DEFINITIONAL_REPRESENTATION('',(#473),#477);
#473 = LINE('',#474,#475);
#474 = CARTESIAN_POINT('',(0.,0.));
#475 = VECTOR('',#476,1.);
#476 = DIRECTION('',(0.,1.));
#477 = ( GEOMETRIC_REPRESENTATION_CONTEXT(2) 
PARAMETRIC_REPRESENTATION_CONTEXT() REPRESENTATION_CONTEXT('2D SPACE',''
  ) );
#478 = FACE_BOUND('',#479,.F.);
#479 = EDGE_LOOP('',(#480,#510,#538,#566));
#480 = ORIENTED_EDGE('',*,*,#481,.T.);
#481 = EDGE_CURVE('',#482,#484,#486,.T.);
#482 = VERTEX_POINT('',#483);
#483 = CARTESIAN_POINT('',(-6.5,-1.4,4.5));
#484 = VERTEX_POINT('',#485);
#485 = CARTESIAN_POINT('',(-6.5,1.4,4.5));
#486 = SURFACE_CURVE('',#487,(#491,#498),.PCURVE_S1.);
#487 = LINE('',#488,#489);
#488 = CARTESIAN_POINT('',(-6.5,-1.4,4.5));
#489 = VECTOR('',#490,1.);
#490 = DIRECTION('',(-0.,1.,0.));
#491 = PCURVE('',#72,#492);
#492 = DEFINITIONAL_REPRESENTATION('',(#493),#497);
#493 = LINE('',#494,#495);
#494 = CARTESIAN_POINT('',(4.5,7.9));
#495 = VECTOR('',#496,1.);
#496 = DIRECTION('',(0.,1.));
#497 = ( GEOMETRIC_REPRESENTATION_CONTEXT(2) 
PARAMETRIC_REPRESENTATION_CONTEXT() REPRESENTATION_CONTEXT('2D SPACE',''
  ) );
#498 = PCURVE('',#499,#504);
#499 = PLANE('',#500);
#500 = AXIS2_PLACEMENT_3D('',#501,#502,#503);
#501 = CARTESIAN_POINT('',(-6.5,-1.4,0.));
#502 = DIRECTION('',(1.,0.,-0.));
#503 = DIRECTION('',(0.,0.,1.));
#504 = DEFINITIONAL_REPRESENTATION('',(#505),#509);
#505 = LINE('',#506,#507);
#506 = CARTESIAN_POINT('',(4.5,0.));
#507 = VECTOR('',#508,1.);
#508 = DIRECTION('',(0.,-1.));
#509 = ( GEOMETRIC_REPRESENTATION_CONTEXT(2) 
PARAMETRIC_REPRESENTATION_CONTEXT() REPRESENTATION_CONTEXT('2D SPACE',''
  ) );
#510 = ORIENTED_EDGE('',*,*,#511,.T.);
#511 = EDGE_CURVE('',#484,#512,#514,.T.);
#512 = VERTEX_POINT('',#513);
#513 = CARTESIAN_POINT('',(-3.7,1.4,4.5));
#514 = SURFACE_CURVE('',#515,(#519,#526),.PCURVE_S1.);
#515 = LINE('',#516,#517);
#516 = CARTESIAN_POINT('',(-6.5,1.4,4.5));
#517 = VECTOR('',#518,1.);
#518 = DIRECTION('',(1.,0.,-0.));
#519 = PCURVE('',#72,#520);
#520 = DEFINITIONAL_REPRESENTATION('',(#521),#525);
#521 = LINE('',#522,#523);
#522 = CARTESIAN_POINT('',(4.5,10.7));
#523 = VECTOR('',#524,1.);
#524 = DIRECTION('',(1.,0.));
#525 = ( GEOMETRIC_REPRESENTATION_CONTEXT(2) 
PARAMETRIC_REPRESENTATION_CONTEXT() REPRESENTATION_CONTEXT('2D SPACE',''
  ) );
#526 = PCURVE('',#527,#532);
#527 = PLANE('',#528);
#528 = AXIS2_PLACEMENT_3D('',#529,#530,#531);
#529 = CARTESIAN_POINT('',(-6.5,1.4,0.));
#530 = DIRECTION('',(-0.,1.,0.));
#531 = DIRECTION('',(0.,0.,1.));
#532 = DEFINITIONAL_REPRESENTATION('',(#533),#537);
#533 = LINE('',#534,#535);
#534 = CARTESIAN_POINT('',(4.5,0.));
#535 = VECTOR('',#536,1.);
#536 = DIRECTION('',(0.,1.));
#537 = ( GEOMETRIC_REPRESENTATION_CONTEXT(2) 
PARAMETRIC_REPRESENTATION_CONTEXT() REPRESENTATION_CONTEXT('2D SPACE',''
  ) );
#538 = ORIENTED_EDGE('',*,*,#539,.F.);
#539 = EDGE_CURVE('',#540,#512,#542,.T.);
#540 = VERTEX_POINT('',#541);
#541 = CARTESIAN_POINT('',(-3.7,-1.4,4.5));
#542 = SURFACE_CURVE('',#543,(#547,#554),.PCURVE_S1.);
#543 = LINE('',#544,#545);
#544 = CARTESIAN_POINT('',(-3.7,-1.4,4.5));
#545 = VECTOR('',#546,1.);
#546 = DIRECTION('',(-0.,1.,0.));
#547 = PCURVE('',#72,#548);
#548 = DEFINITIONAL_REPRESENTATION('',(#549),#553);
#549 = LINE('',#550,#551);
#550 = CARTESIAN_POINT('',(7.3,7.9));
#551 = VECTOR('',#552,1.);
#552 = DIRECTION('',(0.,1.));
#553 = ( GEOMETRIC_REPRESENTATION_CONTEXT(2) 
PARAMETRIC_REPRESENTATION_CONTEXT() REPRESENTATION_CONTEXT('2D SPACE',''
  ) );
#554 = PCURVE('',#555,#560);
#555 = PLANE('',#556);
#556 = AXIS2_PLACEMENT_3D('',#557,#558,#559);
#557 = CARTESIAN_POINT('',(-3.7,-1.4,0.));
#558 = DIRECTION('',(1.,0.,-0.));
#559 = DIRECTION('',(0.,0.,1.));
#560 = DEFINITIONAL_REPRESENTATION('',(#561),#565);
#561 = LINE('',#562,#563);
#562 = CARTESIAN_POINT('',(4.5,0.));
#563 = VECTOR('',#564,1.);
#564 = DIRECTION('',(0.,-1.));
#565 = ( GEOMETRIC_REPRESENTATION_CONTEXT(2) 
PARAMETRIC_REPRESENTATION_CONTEXT() REPRESENTATION_CONTEXT('2D SPACE',''
  ) );
#566 = ORIENTED_EDGE('',*,*,#567,.F.);
#567 = EDGE_CURVE('',#482,#540,#568,.T.);
#568 = SURFACE_CURVE('',#569,(#573,#580),.PCURVE_S1.);
#569 = LINE('',#570,#571);
#570 = CARTESIAN_POINT('',(-6.5,-1.4,4.5));
#571 = VECTOR('',#572,1.);
#572 = DIRECTION('',(1.,0.,-0.));
#573 = PCURVE('',#72,#574);
#574 = DEFINITIONAL_REPRESENTATION('',(#575),#579);
#575 = LINE('',#576,#577);
#576 = CARTESIAN_POINT('',(4.5,7.9));
#577 = VECTOR('',#578,1.);
#578 = DIRECTION('',(1.,0.));
#579 = ( GEOMETRIC_REPRESENTATION_CONTEXT(2) 
PARAMETRIC_REPRESENTATION_CONTEXT() REPRESENTATION_CONTEXT('2D SPACE',''
  ) );
#580 = PCURVE('',#581,#586);
#581 = PLANE('',#582);
#582 = AXIS2_PLACEMENT_3D('',#583,#584,#585);
#583 = CARTESIAN_POINT('',(-6.5,-1.4,0.));
#584 = DIRECTION('',(-0.,1.,0.));
#585 = DIRECTION('',(0.,0.,1.));
#586 = DEFINITIONAL_REPRESENTATION('',(#587),#591);
#587 = LINE('',#588,#589);
#588 = CARTESIAN_POINT('',(4.5,0.));
#589 = VECTOR('',#590,1.);
#590 = DIRECTION('',(0.,1.));
#591 = ( GEOMETRIC_REPRESENTATION_CONTEXT(2) 
PARAMETRIC_REPRESENTATION_CONTEXT() REPRESENTATION_CONTEXT('2D SPACE',''
  ) );
#592 = FACE_BOUND('',#593,.F.);
#593 = EDGE_LOOP('',(#594,#624,#652,#680));
#594 = ORIENTED_EDGE('',*,*,#595,.T.);
#595 = EDGE_CURVE('',#596,#598,#600,.T.);
#596 = VERTEX_POINT('',#597);
#597 = CARTESIAN_POINT('',(3.7,-1.4,4.5));
#598 = VERTEX_POINT('',#599);
#599 = CARTESIAN_POINT('',(3.7,1.4,4.5));
#600 = SURFACE_CURVE('',#601,(#605,#612),.PCURVE_S1.);
#601 = LINE('',#602,#603);
#602 = CARTESIAN_POINT('',(3.7,-1.4,4.5));
#603 = VECTOR('',#604,1.);
#604 = DIRECTION('',(-0.,1.,0.));
#605 = PCURVE('',#72,#606);
#606 = DEFINITIONAL_REPRESENTATION('',(#607),#611);
#607 = LINE('',#608,#609);
#608 = CARTESIAN_POINT('',(14.7,7.9));
#609 = VECTOR('',#610,1.);
#610 = DIRECTION('',(0.,1.));
#611 = ( GEOMETRIC_REPRESENTATION_CONTEXT(2) 
PARAMETRIC_REPRESENTATION_CONTEXT() REPRESENTATION_CONTEXT('2D SPACE',''
  ) );
#612 = PCURVE('',#613,#618);
#613 = PLANE('',#614);
#614 = AXIS2_PLACEMENT_3D('',#615,#616,#617);
#615 = CARTESIAN_POINT('',(3.7,-1.4,0.));
#616 = DIRECTION('',(1.,0.,-0.));
#617 = DIRECTION('',(0.,0.,1.));
#618 = DEFINITIONAL_REPRESENTATION('',(#619),#623);
#619 = LINE('',#620,#621);
#620 = CARTESIAN_POINT('',(4.5,0.));
#621 = VECTOR('',#622,1.);
#622 = DIRECTION('',(0.,-1.));
#623 = ( GEOMETRIC_REPRESENTATION_CONTEXT(2) 
PARAMETRIC_REPRESENTATION_CONTEXT() REPRESENTATION_CONTEXT('2D SPACE',''
  ) );
#624 = ORIENTED_EDGE('',*,*,#625,.T.);
#625 = EDGE_CURVE('',#598,#626,#628,.T.);
#626 = VERTEX_POINT('',#627);
#627 = CARTESIAN_POINT('',(6.5,1.4,4.5));
#628 = SURFACE_CURVE('',#629,(#633,#640),.PCURVE_S1.);
#629 = LINE('',#630,#631);
#630 = CARTESIAN_POINT('',(3.7,1.4,4.5));
#631 = VECTOR('',#632,1.);
#632 = DIRECTION('',(1.,0.,-0.));
#633 = PCURVE('',#72,#634);
#634 = DEFINITIONAL_REPRESENTATION('',(#635),#639);
#635 = LINE('',#636,#637);
#636 = CARTESIAN_POINT('',(14.7,10.7));
#637 = VECTOR('',#638,1.);
#638 = DIRECTION('',(1.,0.));
#639 = ( GEOMETRIC_REPRESENTATION_CONTEXT(2) 
PARAMETRIC_REPRESENTATION_CONTEXT() REPRESENTATION_CONTEXT('2D SPACE',''
  ) );
#640 = PCURVE('',#641,#646);
#641 = PLANE('',#642);
#642 = AXIS2_PLACEMENT_3D('',#643,#644,#645);
#643 = CARTESIAN_POINT('',(3.7,1.4,0.));
#644 = DIRECTION('',(-0.,1.,0.));
#645 = DIRECTION('',(0.,0.,1.));
#646 = DEFINITIONAL_REPRESENTATION('',(#647),#651);
#647 = LINE('',#648,#649);
#648 = CARTESIAN_POINT('',(4.5,0.));
#649 = VECTOR('',#650,1.);
#650 = DIRECTION('',(0.,1.));
#651 = ( GEOMETRIC_REPRESENTATION_CONTEXT(2) 
PARAMETRIC_REPRESENTATION_CONTEXT() REPRESENTATION_CONTEXT('2D SPACE',''
  ) );
#652 = ORIENTED_EDGE('',*,*,#653,.F.);
#653 = EDGE_CURVE('',#654,#626,#656,.T.);
#654 = VERTEX_POINT('',#655);
#655 = CARTESIAN_POINT('',(6.5,-1.4,4.5));
#656 = SURFACE_CURVE('',#657,(#661,#668),.PCURVE_S1.);
#657 = LINE('',#658,#659);
#658 = CARTESIAN_POINT('',(6.5,-1.4,4.5));
#659 = VECTOR('',#660,1.);
#660 = DIRECTION('',(-0.,1.,0.));
#661 = PCURVE('',#72,#662);
#662 = DEFINITIONAL_REPRESENTATION('',(#663),#667);
#663 = LINE('',#664,#665);
#664 = CARTESIAN_POINT('',(17.5,7.9));
#665 = VECTOR('',#666,1.);
#666 = DIRECTION('',(0.,1.));
#667 = ( GEOMETRIC_REPRESENTATION_CONTEXT(2) 
PARAMETRIC_REPRESENTATION_CONTEXT() REPRESENTATION_CONTEXT('2D SPACE',''
  ) );
#668 = PCURVE('',#669,#674);
#669 = PLANE('',#670);
#670 = AXIS2_PLACEMENT_3D('',#671,#672,#673);
#671 = CARTESIAN_POINT('',(6.5,-1.4,0.));
#672 = DIRECTION('',(1.,0.,-0.));
#673 = DIRECTION('',(0.,0.,1.));
#674 = DEFINITIONAL_REPRESENTATION('',(#675),#679);
#675 = LINE('',#676,#677);
#676 = CARTESIAN_POINT('',(4.5,0.));
#677 = VECTOR('',#678,1.);
#678 = DIRECTION('',(0.,-1.));
#679 = ( GEOMETRIC_REPRESENTATION_CONTEXT(2) 
PARAMETRIC_REPRESENTATION_CONTEXT() REPRESENTATION_CONTEXT('2D SPACE',''
  ) );
#680 = ORIENTED_EDGE('',*,*,#681,.F.);
#681 = EDGE_CURVE('',#596,#654,#682,.T.);
#682 = SURFACE_CURVE('',#683,(#687,#694),.PCURVE_S1.);
#683 = LINE('',#684,#685);
#684 = CARTESIAN_POINT('',(3.7,-1.4,4.5));
#685 = VECTOR('',#686,1.);
#686 = DIRECTION('',(1.,0.,-0.));
#687 = PCURVE('',#72,#688);
#688 = DEFINITIONAL_REPRESENTATION('',(#689),#693);
#689 = LINE('',#690,#691);
#690 = CARTESIAN_POINT('',(14.7,7.9));
#691 = VECTOR('',#692,1.);
#692 = DIRECTION('',(1.,0.));
#693 = ( GEOMETRIC_REPRESENTATION_CONTEXT(2) 
PARAMETRIC_REPRESENTATION_CONTEXT() REPRESENTATION_CONTEXT('2D SPACE',''
  ) );
#694 = PCURVE('',#695,#700);
#695 = PLANE('',#696);
#696 = AXIS2_PLACEMENT_3D('',#697,#698,#699);
#697 = CARTESIAN_POINT('',(3.7,-1.4,0.));
#698 = DIRECTION('',(-0.,1.,0.));
#699 = DIRECTION('',(0.,0.,1.));
#700 = DEFINITIONAL_REPRESENTATION('',(#701),#705);
#701 = LINE('',#702,#703);
#702 = CARTESIAN_POINT('',(4.5,0.));
#703 = VECTOR('',#704,1.);
#704 = DIRECTION('',(0.,1.));
#705 = ( GEOMETRIC_REPRESENTATION_CONTEXT(2) 
PARAMETRIC_REPRESENTATION_CONTEXT() REPRESENTATION_CONTEXT('2D SPACE',''
  ) );
#706 = FACE_BOUND('',#707,.F.);
#707 = EDGE_LOOP('',(#708,#738,#766,#794));
#708 = ORIENTED_EDGE('',*,*,#709,.T.);
#709 = EDGE_CURVE('',#710,#712,#714,.T.);
#710 = VERTEX_POINT('',#711);
#711 = CARTESIAN_POINT('',(-6.5,5.6,4.5));
#712 = VERTEX_POINT('',#713);
#713 = CARTESIAN_POINT('',(-6.5,8.4,4.5));
#714 = SURFACE_CURVE('',#715,(#719,#726),.PCURVE_S1.);
#715 = LINE('',#716,#717);
#716 = CARTESIAN_POINT('',(-6.5,5.6,4.5));
#717 = VECTOR('',#718,1.);
#718 = DIRECTION('',(-0.,1.,0.));
#719 = PCURVE('',#72,#720);
#720 = DEFINITIONAL_REPRESENTATION('',(#721),#725);
#721 = LINE('',#722,#723);
#722 = CARTESIAN_POINT('',(4.5,14.9));
#723 = VECTOR('',#724,1.);
#724 = DIRECTION('',(0.,1.));
#725 = ( GEOMETRIC_REPRESENTATION_CONTEXT(2) 
PARAMETRIC_REPRESENTATION_CONTEXT() REPRESENTATION_CONTEXT('2D SPACE',''
  ) );
#726 = PCURVE('',#727,#732);
#727 = PLANE('',#728);
#728 = AXIS2_PLACEMENT_3D('',#729,#730,#731);
#729 = CARTESIAN_POINT('',(-6.5,5.6,0.));
#730 = DIRECTION('',(1.,0.,-0.));
#731 = DIRECTION('',(0.,0.,1.));
#732 = DEFINITIONAL_REPRESENTATION('',(#733),#737);
#733 = LINE('',#734,#735);
#734 = CARTESIAN_POINT('',(4.5,0.));
#735 = VECTOR('',#736,1.);
#736 = DIRECTION('',(0.,-1.));
#737 = ( GEOMETRIC_REPRESENTATION_CONTEXT(2) 
PARAMETRIC_REPRESENTATION_CONTEXT() REPRESENTATION_CONTEXT('2D SPACE',''
  ) );
#738 = ORIENTED_EDGE('',*,*,#739,.T.);
#739 = EDGE_CURVE('',#712,#740,#742,.T.);
#740 = VERTEX_POINT('',#741);
#741 = CARTESIAN_POINT('',(-3.7,8.4,4.5));
#742 = SURFACE_CURVE('',#743,(#747,#754),.PCURVE_S1.);
#743 = LINE('',#744,#745);
#744 = CARTESIAN_POINT('',(-6.5,8.4,4.5));
#745 = VECTOR('',#746,1.);
#746 = DIRECTION('',(1.,0.,-0.));
#747 = PCURVE('',#72,#748);
#748 = DEFINITIONAL_REPRESENTATION('',(#749),#753);
#749 = LINE('',#750,#751);
#750 = CARTESIAN_POINT('',(4.5,17.7));
#751 = VECTOR('',#752,1.);
#752 = DIRECTION('',(1.,0.));
#753 = ( GEOMETRIC_REPRESENTATION_CONTEXT(2) 
PARAMETRIC_REPRESENTATION_CONTEXT() REPRESENTATION_CONTEXT('2D SPACE',''
  ) );
#754 = PCURVE('',#755,#760);
#755 = PLANE('',#756);
#756 = AXIS2_PLACEMENT_3D('',#757,#758,#759);
#757 = CARTESIAN_POINT('',(-6.5,8.4,0.));
#758 = DIRECTION('',(-0.,1.,0.));
#759 = DIRECTION('',(0.,0.,1.));
#760 = DEFINITIONAL_REPRESENTATION('',(#761),#765);
#761 = LINE('',#762,#763);
#762 = CARTESIAN_POINT('',(4.5,0.));
#763 = VECTOR('',#764,1.);
#764 = DIRECTION('',(0.,1.));
#765 = ( GEOMETRIC_REPRESENTATION_CONTEXT(2) 
PARAMETRIC_REPRESENTATION_CONTEXT() REPRESENTATION_CONTEXT('2D SPACE',''
  ) );
#766 = ORIENTED_EDGE('',*,*,#767,.F.);
#767 = EDGE_CURVE('',#768,#740,#770,.T.);
#768 = VERTEX_POINT('',#769);
#769 = CARTESIAN_POINT('',(-3.7,5.6,4.5));
#770 = SURFACE_CURVE('',#771,(#775,#782),.PCURVE_S1.);
#771 = LINE('',#772,#773);
#772 = CARTESIAN_POINT('',(-3.7,5.6,4.5));
#773 = VECTOR('',#774,1.);
#774 = DIRECTION('',(-0.,1.,0.));
#775 = PCURVE('',#72,#776);
#776 = DEFINITIONAL_REPRESENTATION('',(#777),#781);
#777 = LINE('',#778,#779);
#778 = CARTESIAN_POINT('',(7.3,14.9));
#779 = VECTOR('',#780,1.);
#780 = DIRECTION('',(0.,1.));
#781 = ( GEOMETRIC_REPRESENTATION_CONTEXT(2) 
PARAMETRIC_REPRESENTATION_CONTEXT() REPRESENTATION_CONTEXT('2D SPACE',''
  ) );
#782 = PCURVE('',#783,#788);
#783 = PLANE('',#784);
#784 = AXIS2_PLACEMENT_3D('',#785,#786,#787);
#785 = CARTESIAN_POINT('',(-3.7,5.6,0.));
#786 = DIRECTION('',(1.,0.,-0.));
#787 = DIRECTION('',(0.,0.,1.));
#788 = DEFINITIONAL_REPRESENTATION('',(#789),#793);
#789 = LINE('',#790,#791);
#790 = CARTESIAN_POINT('',(4.5,0.));
#791 = VECTOR('',#792,1.);
#792 = DIRECTION('',(0.,-1.));
#793 = ( GEOMETRIC_REPRESENTATION_CONTEXT(2) 
PARAMETRIC_REPRESENTATION_CONTEXT() REPRESENTATION_CONTEXT('2D SPACE',''
  ) );
#794 = ORIENTED_EDGE('',*,*,#795,.F.);
#795 = EDGE_CURVE('',#710,#768,#796,.T.);
#796 = SURFACE_CURVE('',#797,(#801,#808),.PCURVE_S1.);
#797 = LINE('',#798,#799);
#798 = CARTESIAN_POINT('',(-6.5,5.6,4.5));
#799 = VECTOR('',#800,1.);
#800 = DIRECTION('',(1.,0.,-0.));
#801 = PCURVE('',#72,#802);
#802 = DEFINITIONAL_REPRESENTATION('',(#803),#807);
#803 = LINE('',#804,#805);
#804 = CARTESIAN_POINT('',(4.5,14.9));
#805 = VECTOR('',#806,1.);
#806 = DIRECTION('',(1.,0.));
#807 = ( GEOMETRIC_REPRESENTATION_CONTEXT(2) 
PARAMETRIC_REPRESENTATION_CONTEXT() REPRESENTATION_CONTEXT('2D SPACE',''
  ) );
#808 = PCURVE('',#809,#814);
#809 = PLANE('',#810);
#810 = AXIS2_PLACEMENT_3D('',#811,#812,#813);
#811 = CARTESIAN_POINT('',(-6.5,5.6,0.));
#812 = DIRECTION('',(-0.,1.,0.));
#813 = DIRECTION('',(0.,0.,1.));
#814 = DEFINITIONAL_REPRESENTATION('',(#815),#819);
#815 = LINE('',#816,#817);
#816 = CARTESIAN_POINT('',(4.5,0.));
#817 = VECTOR('',#818,1.);
#818 = DIRECTION('',(0.,1.));
#819 = ( GEOMETRIC_REPRESENTATION_CONTEXT(2) 
PARAMETRIC_REPRESENTATION_CONTEXT() REPRESENTATION_CONTEXT('2D SPACE',''
  ) );
#820 = FACE_BOUND('',#821,.F.);
#821 = EDGE_LOOP('',(#822,#852,#880,#908));
#822 = ORIENTED_EDGE('',*,*,#823,.T.);
#823 = EDGE_CURVE('',#824,#826,#828,.T.);
#824 = VERTEX_POINT('',#825);
#825 = CARTESIAN_POINT('',(3.7,5.6,4.5));
#826 = VERTEX_POINT('',#827);
#827 = CARTESIAN_POINT('',(3.7,8.4,4.5));
#828 = SURFACE_CURVE('',#829,(#833,#840),.PCURVE_S1.);
#829 = LINE('',#830,#831);
#830 = CARTESIAN_POINT('',(3.7,5.6,4.5));
#831 = VECTOR('',#832,1.);
#832 = DIRECTION('',(-0.,1.,0.));
#833 = PCURVE('',#72,#834);
#834 = DEFINITIONAL_REPRESENTATION('',(#835),#839);
#835 = LINE('',#836,#837);
#836 = CARTESIAN_POINT('',(14.7,14.9));
#837 = VECTOR('',#838,1.);
#838 = DIRECTION('',(0.,1.));
#839 = ( GEOMETRIC_REPRESENTATION_CONTEXT(2) 
PARAMETRIC_REPRESENTATION_CONTEXT() REPRESENTATION_CONTEXT('2D SPACE',''
  ) );
#840 = PCURVE('',#841,#846);
#841 = PLANE('',#842);
#842 = AXIS2_PLACEMENT_3D('',#843,#844,#845);
#843 = CARTESIAN_POINT('',(3.7,5.6,0.));
#844 = DIRECTION('',(1.,0.,-0.));
#845 = DIRECTION('',(0.,0.,1.));
#846 = DEFINITIONAL_REPRESENTATION('',(#847),#851);
#847 = LINE('',#848,#849);
#848 = CARTESIAN_POINT('',(4.5,0.));
#849 = VECTOR('',#850,1.);
#850 = DIRECTION('',(0.,-1.));
#851 = ( GEOMETRIC_REPRESENTATION_CONTEXT(2) 
PARAMETRIC_REPRESENTATION_CONTEXT() REPRESENTATION_CONTEXT('2D SPACE',''
  ) );
#852 = ORIENTED_EDGE('',*,*,#853,.T.);
#853 = EDGE_CURVE('',#826,#854,#856,.T.);
#854 = VERTEX_POINT('',#855);
#855 = CARTESIAN_POINT('',(6.5,8.4,4.5));
#856 = SURFACE_CURVE('',#857,(#861,#868),.PCURVE_S1.);
#857 = LINE('',#858,#859);
#858 = CARTESIAN_POINT('',(3.7,8.4,4.5));
#859 = VECTOR('',#860,1.);
#860 = DIRECTION('',(1.,0.,-0.));
#861 = PCURVE('',#72,#862);
#862 = DEFINITIONAL_REPRESENTATION('',(#863),#867);
#863 = LINE('',#864,#865);
#864 = CARTESIAN_POINT('',(14.7,17.7));
#865 = VECTOR('',#866,1.);
#866 = DIRECTION('',(1.,0.));
#867 = ( GEOMETRIC_REPRESENTATION_CONTEXT(2) 
PARAMETRIC_REPRESENTATION_CONTEXT() REPRESENTATION_CONTEXT('2D SPACE',''
  ) );
#868 = PCURVE('',#869,#874);
#869 = PLANE('',#870);
#870 = AXIS2_PLACEMENT_3D('',#871,#872,#873);
#871 = CARTESIAN_POINT('',(3.7,8.4,0.));
#872 = DIRECTION('',(-0.,1.,0.));
#873 = DIRECTION('',(0.,0.,1.));
#874 = DEFINITIONAL_REPRESENTATION('',(#875),#879);
#875 = LINE('',#876,#877);
#876 = CARTESIAN_POINT('',(4.5,0.));
#877 = VECTOR('',#878,1.);
#878 = DIRECTION('',(0.,1.));
#879 = ( GEOMETRIC_REPRESENTATION_CONTEXT(2) 
PARAMETRIC_REPRESENTATION_CONTEXT() REPRESENTATION_CONTEXT('2D SPACE',''
  ) );
#880 = ORIENTED_EDGE('',*,*,#881,.F.);
#881 = EDGE_CURVE('',#882,#854,#884,.T.);
#882 = VERTEX_POINT('',#883);
#883 = CARTESIAN_POINT('',(6.5,5.6,4.5));
#884 = SURFACE_CURVE('',#885,(#889,#896),.PCURVE_S1.);
#885 = LINE('',#886,#887);
#886 = CARTESIAN_POINT('',(6.5,5.6,4.5));
#887 = VECTOR('',#888,1.);
#888 = DIRECTION('',(-0.,1.,0.));
#889 = PCURVE('',#72,#890);
#890 = DEFINITIONAL_REPRESENTATION('',(#891),#895);
#891 = LINE('',#892,#893);
#892 = CARTESIAN_POINT('',(17.5,14.9));
#893 = VECTOR('',#894,1.);
#894 = DIRECTION('',(0.,1.));
#895 = ( GEOMETRIC_REPRESENTATION_CONTEXT(2) 
PARAMETRIC_REPRESENTATION_CONTEXT() REPRESENTATION_CONTEXT('2D SPACE',''
  ) );
#896 = PCURVE('',#897,#902);
#897 = PLANE('',#898);
#898 = AXIS2_PLACEMENT_3D('',#899,#900,#901);
#899 = CARTESIAN_POINT('',(6.5,5.6,0.));
#900 = DIRECTION('',(1.,0.,-0.));
#901 = DIRECTION('',(0.,0.,1.));
#902 = DEFINITIONAL_REPRESENTATION('',(#903),#907);
#903 = LINE('',#904,#905);
#904 = CARTESIAN_POINT('',(4.5,0.));
#905 = VECTOR('',#906,1.);
#906 = DIRECTION('',(0.,-1.));
#907 = ( GEOMETRIC_REPRESENTATION_CONTEXT(2) 
PARAMETRIC_REPRESENTATION_CONTEXT() REPRESENTATION_CONTEXT('2D SPACE',''
  ) );
#908 = ORIENTED_EDGE('',*,*,#909,.F.);
#909 = EDGE_CURVE('',#824,#882,#910,.T.);
#910 = SURFACE_CURVE('',#911,(#915,#922),.PCURVE_S1.);
#911 = LINE('',#912,#913);
#912 = CARTESIAN_POINT('',(3.7,5.6,4.5));
#913 = VECTOR('',#914,1.);
#914 = DIRECTION('',(1.,0.,-0.));
#915 = PCURVE('',#72,#916);
#916 = DEFINITIONAL_REPRESENTATION('',(#917),#921);
#917 = LINE('',#918,#919);
#918 = CARTESIAN_POINT('',(14.7,14.9));
#919 = VECTOR('',#920,1.);
#920 = DIRECTION('',(1.,0.));
#921 = ( GEOMETRIC_REPRESENTATION_CONTEXT(2) 
PARAMETRIC_REPRESENTATION_CONTEXT() REPRESENTATION_CONTEXT('2D SPACE',''
  ) );
#922 = PCURVE('',#923,#928);
#923 = PLANE('',#924);
#924 = AXIS2_PLACEMENT_3D('',#925,#926,#927);
#925 = CARTESIAN_POINT('',(3.7,5.6,0.));
#926 = DIRECTION('',(-0.,1.,0.));
#927 = DIRECTION('',(0.,0.,1.));
#928 = DEFINITIONAL_REPRESENTATION('',(#929),#933);
#929 = LINE('',#930,#931);
#930 = CARTESIAN_POINT('',(4.5,0.));
#931 = VECTOR('',#932,1.);
#932 = DIRECTION('',(0.,1.));
#933 = ( GEOMETRIC_REPRESENTATION_CONTEXT(2) 
PARAMETRIC_REPRESENTATION_CONTEXT() REPRESENTATION_CONTEXT('2D SPACE',''
  ) );
#934 = ADVANCED_FACE('',(#935),#100,.T.);
#935 = FACE_BOUND('',#936,.T.);
#936 = EDGE_LOOP('',(#937,#938,#939,#962));
#937 = ORIENTED_EDGE('',*,*,#458,.F.);
#938 = ORIENTED_EDGE('',*,*,#84,.T.);
#939 = ORIENTED_EDGE('',*,*,#940,.T.);
#940 = EDGE_CURVE('',#85,#941,#943,.T.);
#941 = VERTEX_POINT('',#942);
#942 = CARTESIAN_POINT('',(11.,9.3,5.7));
#943 = SURFACE_CURVE('',#944,(#948,#955),.PCURVE_S1.);
#944 = LINE('',#945,#946);
#945 = CARTESIAN_POINT('',(-11.,9.3,5.7));
#946 = VECTOR('',#947,1.);
#947 = DIRECTION('',(1.,0.,-0.));
#948 = PCURVE('',#100,#949);
#949 = DEFINITIONAL_REPRESENTATION('',(#950),#954);
#950 = LINE('',#951,#952);
#951 = CARTESIAN_POINT('',(1.2,0.));
#952 = VECTOR('',#953,1.);
#953 = DIRECTION('',(0.,1.));
#954 = ( GEOMETRIC_REPRESENTATION_CONTEXT(2) 
PARAMETRIC_REPRESENTATION_CONTEXT() REPRESENTATION_CONTEXT('2D SPACE',''
  ) );
#955 = PCURVE('',#128,#956);
#956 = DEFINITIONAL_REPRESENTATION('',(#957),#961);
#957 = LINE('',#958,#959);
#958 = CARTESIAN_POINT('',(0.,18.6));
#959 = VECTOR('',#960,1.);
#960 = DIRECTION('',(1.,0.));
#961 = ( GEOMETRIC_REPRESENTATION_CONTEXT(2) 
PARAMETRIC_REPRESENTATION_CONTEXT() REPRESENTATION_CONTEXT('2D SPACE',''
  ) );
#962 = ORIENTED_EDGE('',*,*,#963,.F.);
#963 = EDGE_CURVE('',#436,#941,#964,.T.);
#964 = SURFACE_CURVE('',#965,(#969,#976),.PCURVE_S1.);
#965 = LINE('',#966,#967);
#966 = CARTESIAN_POINT('',(11.,9.3,4.5));
#967 = VECTOR('',#968,1.);
#968 = DIRECTION('',(0.,0.,1.));
#969 = PCURVE('',#100,#970);
#970 = DEFINITIONAL_REPRESENTATION('',(#971),#975);
#971 = LINE('',#972,#973);
#972 = CARTESIAN_POINT('',(0.,22.));
#973 = VECTOR('',#974,1.);
#974 = DIRECTION('',(1.,0.));
#975 = ( GEOMETRIC_REPRESENTATION_CONTEXT(2) 
PARAMETRIC_REPRESENTATION_CONTEXT() REPRESENTATION_CONTEXT('2D SPACE',''
  ) );
#976 = PCURVE('',#418,#977);
#977 = DEFINITIONAL_REPRESENTATION('',(#978),#982);
#978 = LINE('',#979,#980);
#979 = CARTESIAN_POINT('',(0.,-18.6));
#980 = VECTOR('',#981,1.);
#981 = DIRECTION('',(1.,0.));
#982 = ( GEOMETRIC_REPRESENTATION_CONTEXT(2) 
PARAMETRIC_REPRESENTATION_CONTEXT() REPRESENTATION_CONTEXT('2D SPACE',''
  ) );
#983 = ADVANCED_FACE('',(#984,#1348,#1458,#1568,#1668,#1778),#128,.T.);
#984 = FACE_BOUND('',#985,.T.);
#985 = EDGE_LOOP('',(#986,#987,#988,#1011,#1033,#1060,#1087,#1110,#1137,
    #1164,#1186,#1207,#1208,#1209,#1231,#1258,#1278,#1279,#1301,#1328));
#986 = ORIENTED_EDGE('',*,*,#224,.F.);
#987 = ORIENTED_EDGE('',*,*,#381,.T.);
#988 = ORIENTED_EDGE('',*,*,#989,.T.);
#989 = EDGE_CURVE('',#382,#990,#992,.T.);
#990 = VERTEX_POINT('',#991);
#991 = CARTESIAN_POINT('',(11.,-8.454649355997,5.7));
#992 = SURFACE_CURVE('',#993,(#997,#1004),.PCURVE_S1.);
#993 = LINE('',#994,#995);
#994 = CARTESIAN_POINT('',(11.,-9.3,5.7));
#995 = VECTOR('',#996,1.);
#996 = DIRECTION('',(-0.,1.,0.));
#997 = PCURVE('',#128,#998);
#998 = DEFINITIONAL_REPRESENTATION('',(#999),#1003);
#999 = LINE('',#1000,#1001);
#1000 = CARTESIAN_POINT('',(22.,0.));
#1001 = VECTOR('',#1002,1.);
#1002 = DIRECTION('',(0.,1.));
#1003 = ( GEOMETRIC_REPRESENTATION_CONTEXT(2) 
PARAMETRIC_REPRESENTATION_CONTEXT() REPRESENTATION_CONTEXT('2D SPACE',''
  ) );
#1004 = PCURVE('',#418,#1005);
#1005 = DEFINITIONAL_REPRESENTATION('',(#1006),#1010);
#1006 = LINE('',#1007,#1008);
#1007 = CARTESIAN_POINT('',(1.2,0.));
#1008 = VECTOR('',#1009,1.);
#1009 = DIRECTION('',(0.,-1.));
#1010 = ( GEOMETRIC_REPRESENTATION_CONTEXT(2) 
PARAMETRIC_REPRESENTATION_CONTEXT() REPRESENTATION_CONTEXT('2D SPACE',''
  ) );
#1011 = ORIENTED_EDGE('',*,*,#1012,.T.);
#1012 = EDGE_CURVE('',#990,#1013,#1015,.T.);
#1013 = VERTEX_POINT('',#1014);
#1014 = CARTESIAN_POINT('',(9.459608849442,-8.454649355997,5.7));
#1015 = SURFACE_CURVE('',#1016,(#1020,#1027),.PCURVE_S1.);
#1016 = LINE('',#1017,#1018);
#1017 = CARTESIAN_POINT('',(-25.75,-8.454649355997,5.7));
#1018 = VECTOR('',#1019,1.);
#1019 = DIRECTION('',(-1.,-2.22044604925E-16,0.));
#1020 = PCURVE('',#128,#1021);
#1021 = DEFINITIONAL_REPRESENTATION('',(#1022),#1026);
#1022 = LINE('',#1023,#1024);
#1023 = CARTESIAN_POINT('',(-14.75,0.845350644003));
#1024 = VECTOR('',#1025,1.);
#1025 = DIRECTION('',(-1.,-2.22044604925E-16));
#1026 = ( GEOMETRIC_REPRESENTATION_CONTEXT(2) 
PARAMETRIC_REPRESENTATION_CONTEXT() REPRESENTATION_CONTEXT('2D SPACE',''
  ) );
#1027 = PCURVE('',#212,#1028);
#1028 = DEFINITIONAL_REPRESENTATION('',(#1029),#1032);
#1029 = B_SPLINE_CURVE_WITH_KNOTS('',1,(#1030,#1031),.UNSPECIFIED.,.F.,
  .F.,(2,2),(-36.75,-14.75),.PIECEWISE_BEZIER_KNOTS.);
#1030 = CARTESIAN_POINT('',(-10.5,12.5));
#1031 = CARTESIAN_POINT('',(-10.5,-9.5));
#1032 = ( GEOMETRIC_REPRESENTATION_CONTEXT(2) 
PARAMETRIC_REPRESENTATION_CONTEXT() REPRESENTATION_CONTEXT('2D SPACE',''
  ) );
#1033 = ORIENTED_EDGE('',*,*,#1034,.T.);
#1034 = EDGE_CURVE('',#1013,#1035,#1037,.T.);
#1035 = VERTEX_POINT('',#1036);
#1036 = CARTESIAN_POINT('',(9.459608849442,-7.053852729981,5.7));
#1037 = SURFACE_CURVE('',#1038,(#1042,#1049),.PCURVE_S1.);
#1038 = LINE('',#1039,#1040);
#1039 = CARTESIAN_POINT('',(9.459608849442,-39.7828504336,5.7));
#1040 = VECTOR('',#1041,1.);
#1041 = DIRECTION('',(-2.22044604925E-16,1.,0.));
#1042 = PCURVE('',#128,#1043);
#1043 = DEFINITIONAL_REPRESENTATION('',(#1044),#1048);
#1044 = LINE('',#1045,#1046);
#1045 = CARTESIAN_POINT('',(20.459608849442,-30.4828504336));
#1046 = VECTOR('',#1047,1.);
#1047 = DIRECTION('',(-2.22044604925E-16,1.));
#1048 = ( GEOMETRIC_REPRESENTATION_CONTEXT(2) 
PARAMETRIC_REPRESENTATION_CONTEXT() REPRESENTATION_CONTEXT('2D SPACE',''
  ) );
#1049 = PCURVE('',#1050,#1055);
#1050 = PLANE('',#1051);
#1051 = AXIS2_PLACEMENT_3D('',#1052,#1053,#1054);
#1052 = CARTESIAN_POINT('',(9.459608849442,-29.56570086721,
    4.671602555736));
#1053 = DIRECTION('',(1.,2.22044604925E-16,0.));
#1054 = DIRECTION('',(0.,-0.,1.));
#1055 = DEFINITIONAL_REPRESENTATION('',(#1056),#1059);
#1056 = B_SPLINE_CURVE_WITH_KNOTS('',1,(#1057,#1058),.UNSPECIFIED.,.F.,
  .F.,(2,2),(31.328201077609,32.728997703625),.PIECEWISE_BEZIER_KNOTS.);
#1057 = CARTESIAN_POINT('',(1.028397444264,-21.11105151121));
#1058 = CARTESIAN_POINT('',(1.028397444264,-22.51184813723));
#1059 = ( GEOMETRIC_REPRESENTATION_CONTEXT(2) 
PARAMETRIC_REPRESENTATION_CONTEXT() REPRESENTATION_CONTEXT('2D SPACE',''
  ) );
#1060 = ORIENTED_EDGE('',*,*,#1061,.T.);
#1061 = EDGE_CURVE('',#1035,#1062,#1064,.T.);
#1062 = VERTEX_POINT('',#1063);
#1063 = CARTESIAN_POINT('',(11.,-7.053852729981,5.7));
#1064 = SURFACE_CURVE('',#1065,(#1069,#1076),.PCURVE_S1.);
#1065 = LINE('',#1066,#1067);
#1066 = CARTESIAN_POINT('',(-25.75,-7.053852729981,5.7));
#1067 = VECTOR('',#1068,1.);
#1068 = DIRECTION('',(1.,2.22044604925E-16,-0.));
#1069 = PCURVE('',#128,#1070);
#1070 = DEFINITIONAL_REPRESENTATION('',(#1071),#1075);
#1071 = LINE('',#1072,#1073);
#1072 = CARTESIAN_POINT('',(-14.75,2.246147270019));
#1073 = VECTOR('',#1074,1.);
#1074 = DIRECTION('',(1.,2.22044604925E-16));
#1075 = ( GEOMETRIC_REPRESENTATION_CONTEXT(2) 
PARAMETRIC_REPRESENTATION_CONTEXT() REPRESENTATION_CONTEXT('2D SPACE',''
  ) );
#1076 = PCURVE('',#1077,#1082);
#1077 = PLANE('',#1078);
#1078 = AXIS2_PLACEMENT_3D('',#1079,#1080,#1081);
#1079 = CARTESIAN_POINT('',(-1.5,-7.053852729981,4.671602555736));
#1080 = DIRECTION('',(2.22044604925E-16,-1.,0.));
#1081 = DIRECTION('',(0.,0.,-1.));
#1082 = DEFINITIONAL_REPRESENTATION('',(#1083),#1086);
#1083 = B_SPLINE_CURVE_WITH_KNOTS('',1,(#1084,#1085),.UNSPECIFIED.,.F.,
  .F.,(2,2),(33.520287679233,36.75),.PIECEWISE_BEZIER_KNOTS.);
#1084 = CARTESIAN_POINT('',(-1.028397444264,9.270287679233));
#1085 = CARTESIAN_POINT('',(-1.028397444264,12.5));
#1086 = ( GEOMETRIC_REPRESENTATION_CONTEXT(2) 
PARAMETRIC_REPRESENTATION_CONTEXT() REPRESENTATION_CONTEXT('2D SPACE',''
  ) );
#1087 = ORIENTED_EDGE('',*,*,#1088,.T.);
#1088 = EDGE_CURVE('',#1062,#1089,#1091,.T.);
#1089 = VERTEX_POINT('',#1090);
#1090 = CARTESIAN_POINT('',(11.,7.053852729981,5.7));
#1091 = SURFACE_CURVE('',#1092,(#1096,#1103),.PCURVE_S1.);
#1092 = LINE('',#1093,#1094);
#1093 = CARTESIAN_POINT('',(11.,-9.3,5.7));
#1094 = VECTOR('',#1095,1.);
#1095 = DIRECTION('',(-0.,1.,0.));
#1096 = PCURVE('',#128,#1097);
#1097 = DEFINITIONAL_REPRESENTATION('',(#1098),#1102);
#1098 = LINE('',#1099,#1100);
#1099 = CARTESIAN_POINT('',(22.,0.));
#1100 = VECTOR('',#1101,1.);
#1101 = DIRECTION('',(0.,1.));
#1102 = ( GEOMETRIC_REPRESENTATION_CONTEXT(2) 
PARAMETRIC_REPRESENTATION_CONTEXT() REPRESENTATION_CONTEXT('2D SPACE',''
  ) );
#1103 = PCURVE('',#418,#1104);
#1104 = DEFINITIONAL_REPRESENTATION('',(#1105),#1109);
#1105 = LINE('',#1106,#1107);
#1106 = CARTESIAN_POINT('',(1.2,0.));
#1107 = VECTOR('',#1108,1.);
#1108 = DIRECTION('',(0.,-1.));
#1109 = ( GEOMETRIC_REPRESENTATION_CONTEXT(2) 
PARAMETRIC_REPRESENTATION_CONTEXT() REPRESENTATION_CONTEXT('2D SPACE',''
  ) );
#1110 = ORIENTED_EDGE('',*,*,#1111,.T.);
#1111 = EDGE_CURVE('',#1089,#1112,#1114,.T.);
#1112 = VERTEX_POINT('',#1113);
#1113 = CARTESIAN_POINT('',(9.459608849442,7.053852729981,5.7));
#1114 = SURFACE_CURVE('',#1115,(#1119,#1126),.PCURVE_S1.);
#1115 = LINE('',#1116,#1117);
#1116 = CARTESIAN_POINT('',(-25.75,7.053852729981,5.7));
#1117 = VECTOR('',#1118,1.);
#1118 = DIRECTION('',(-1.,-2.22044604925E-16,0.));
#1119 = PCURVE('',#128,#1120);
#1120 = DEFINITIONAL_REPRESENTATION('',(#1121),#1125);
#1121 = LINE('',#1122,#1123);
#1122 = CARTESIAN_POINT('',(-14.75,16.353852729981));
#1123 = VECTOR('',#1124,1.);
#1124 = DIRECTION('',(-1.,-2.22044604925E-16));
#1125 = ( GEOMETRIC_REPRESENTATION_CONTEXT(2) 
PARAMETRIC_REPRESENTATION_CONTEXT() REPRESENTATION_CONTEXT('2D SPACE',''
  ) );
#1126 = PCURVE('',#1127,#1132);
#1127 = PLANE('',#1128);
#1128 = AXIS2_PLACEMENT_3D('',#1129,#1130,#1131);
#1129 = CARTESIAN_POINT('',(-1.5,7.053852729981,4.671602555736));
#1130 = DIRECTION('',(-2.22044604925E-16,1.,0.));
#1131 = DIRECTION('',(0.,0.,1.));
#1132 = DEFINITIONAL_REPRESENTATION('',(#1133),#1136);
#1133 = B_SPLINE_CURVE_WITH_KNOTS('',1,(#1134,#1135),.UNSPECIFIED.,.F.,
  .F.,(2,2),(-36.75,-33.52028767923),.PIECEWISE_BEZIER_KNOTS.);
#1134 = CARTESIAN_POINT('',(1.028397444264,12.5));
#1135 = CARTESIAN_POINT('',(1.028397444264,9.270287679233));
#1136 = ( GEOMETRIC_REPRESENTATION_CONTEXT(2) 
PARAMETRIC_REPRESENTATION_CONTEXT() REPRESENTATION_CONTEXT('2D SPACE',''
  ) );
#1137 = ORIENTED_EDGE('',*,*,#1138,.T.);
#1138 = EDGE_CURVE('',#1112,#1139,#1141,.T.);
#1139 = VERTEX_POINT('',#1140);
#1140 = CARTESIAN_POINT('',(9.459608849442,8.454649355997,5.7));
#1141 = SURFACE_CURVE('',#1142,(#1146,#1153),.PCURVE_S1.);
#1142 = LINE('',#1143,#1144);
#1143 = CARTESIAN_POINT('',(9.459608849442,-39.7828504336,5.7));
#1144 = VECTOR('',#1145,1.);
#1145 = DIRECTION('',(-2.22044604925E-16,1.,0.));
#1146 = PCURVE('',#128,#1147);
#1147 = DEFINITIONAL_REPRESENTATION('',(#1148),#1152);
#1148 = LINE('',#1149,#1150);
#1149 = CARTESIAN_POINT('',(20.459608849442,-30.4828504336));
#1150 = VECTOR('',#1151,1.);
#1151 = DIRECTION('',(-2.22044604925E-16,1.));
#1152 = ( GEOMETRIC_REPRESENTATION_CONTEXT(2) 
PARAMETRIC_REPRESENTATION_CONTEXT() REPRESENTATION_CONTEXT('2D SPACE',''
  ) );
#1153 = PCURVE('',#1154,#1159);
#1154 = PLANE('',#1155);
#1155 = AXIS2_PLACEMENT_3D('',#1156,#1157,#1158);
#1156 = CARTESIAN_POINT('',(9.459608849442,-29.56570086721,
    4.671602555736));
#1157 = DIRECTION('',(1.,2.22044604925E-16,0.));
#1158 = DIRECTION('',(0.,-0.,1.));
#1159 = DEFINITIONAL_REPRESENTATION('',(#1160),#1163);
#1160 = B_SPLINE_CURVE_WITH_KNOTS('',1,(#1161,#1162),.UNSPECIFIED.,.F.,
  .F.,(2,2),(46.836703163587,48.237499789603),.PIECEWISE_BEZIER_KNOTS.);
#1161 = CARTESIAN_POINT('',(1.028397444264,-36.61955359719));
#1162 = CARTESIAN_POINT('',(1.028397444264,-38.0203502232));
#1163 = ( GEOMETRIC_REPRESENTATION_CONTEXT(2) 
PARAMETRIC_REPRESENTATION_CONTEXT() REPRESENTATION_CONTEXT('2D SPACE',''
  ) );
#1164 = ORIENTED_EDGE('',*,*,#1165,.T.);
#1165 = EDGE_CURVE('',#1139,#1166,#1168,.T.);
#1166 = VERTEX_POINT('',#1167);
#1167 = CARTESIAN_POINT('',(11.,8.454649355997,5.7));
#1168 = SURFACE_CURVE('',#1169,(#1173,#1180),.PCURVE_S1.);
#1169 = LINE('',#1170,#1171);
#1170 = CARTESIAN_POINT('',(-25.75,8.454649355997,5.7));
#1171 = VECTOR('',#1172,1.);
#1172 = DIRECTION('',(1.,2.22044604925E-16,-0.));
#1173 = PCURVE('',#128,#1174);
#1174 = DEFINITIONAL_REPRESENTATION('',(#1175),#1179);
#1175 = LINE('',#1176,#1177);
#1176 = CARTESIAN_POINT('',(-14.75,17.754649355997));
#1177 = VECTOR('',#1178,1.);
#1178 = DIRECTION('',(1.,2.22044604925E-16));
#1179 = ( GEOMETRIC_REPRESENTATION_CONTEXT(2) 
PARAMETRIC_REPRESENTATION_CONTEXT() REPRESENTATION_CONTEXT('2D SPACE',''
  ) );
#1180 = PCURVE('',#156,#1181);
#1181 = DEFINITIONAL_REPRESENTATION('',(#1182),#1185);
#1182 = B_SPLINE_CURVE_WITH_KNOTS('',1,(#1183,#1184),.UNSPECIFIED.,.F.,
  .F.,(2,2),(14.75,36.75),.PIECEWISE_BEZIER_KNOTS.);
#1183 = CARTESIAN_POINT('',(10.5,-9.5));
#1184 = CARTESIAN_POINT('',(10.5,12.5));
#1185 = ( GEOMETRIC_REPRESENTATION_CONTEXT(2) 
PARAMETRIC_REPRESENTATION_CONTEXT() REPRESENTATION_CONTEXT('2D SPACE',''
  ) );
#1186 = ORIENTED_EDGE('',*,*,#1187,.T.);
#1187 = EDGE_CURVE('',#1166,#941,#1188,.T.);
#1188 = SURFACE_CURVE('',#1189,(#1193,#1200),.PCURVE_S1.);
#1189 = LINE('',#1190,#1191);
#1190 = CARTESIAN_POINT('',(11.,-9.3,5.7));
#1191 = VECTOR('',#1192,1.);
#1192 = DIRECTION('',(-0.,1.,0.));
#1193 = PCURVE('',#128,#1194);
#1194 = DEFINITIONAL_REPRESENTATION('',(#1195),#1199);
#1195 = LINE('',#1196,#1197);
#1196 = CARTESIAN_POINT('',(22.,0.));
#1197 = VECTOR('',#1198,1.);
#1198 = DIRECTION('',(0.,1.));
#1199 = ( GEOMETRIC_REPRESENTATION_CONTEXT(2) 
PARAMETRIC_REPRESENTATION_CONTEXT() REPRESENTATION_CONTEXT('2D SPACE',''
  ) );
#1200 = PCURVE('',#418,#1201);
#1201 = DEFINITIONAL_REPRESENTATION('',(#1202),#1206);
#1202 = LINE('',#1203,#1204);
#1203 = CARTESIAN_POINT('',(1.2,0.));
#1204 = VECTOR('',#1205,1.);
#1205 = DIRECTION('',(0.,-1.));
#1206 = ( GEOMETRIC_REPRESENTATION_CONTEXT(2) 
PARAMETRIC_REPRESENTATION_CONTEXT() REPRESENTATION_CONTEXT('2D SPACE',''
  ) );
#1207 = ORIENTED_EDGE('',*,*,#940,.F.);
#1208 = ORIENTED_EDGE('',*,*,#112,.F.);
#1209 = ORIENTED_EDGE('',*,*,#1210,.T.);
#1210 = EDGE_CURVE('',#113,#1211,#1213,.T.);
#1211 = VERTEX_POINT('',#1212);
#1212 = CARTESIAN_POINT('',(-9.459608849442,8.454649355997,5.7));
#1213 = SURFACE_CURVE('',#1214,(#1218,#1225),.PCURVE_S1.);
#1214 = LINE('',#1215,#1216);
#1215 = CARTESIAN_POINT('',(-25.75,8.454649355997,5.7));
#1216 = VECTOR('',#1217,1.);
#1217 = DIRECTION('',(1.,2.22044604925E-16,-0.));
#1218 = PCURVE('',#128,#1219);
#1219 = DEFINITIONAL_REPRESENTATION('',(#1220),#1224);
#1220 = LINE('',#1221,#1222);
#1221 = CARTESIAN_POINT('',(-14.75,17.754649355997));
#1222 = VECTOR('',#1223,1.);
#1223 = DIRECTION('',(1.,2.22044604925E-16));
#1224 = ( GEOMETRIC_REPRESENTATION_CONTEXT(2) 
PARAMETRIC_REPRESENTATION_CONTEXT() REPRESENTATION_CONTEXT('2D SPACE',''
  ) );
#1225 = PCURVE('',#156,#1226);
#1226 = DEFINITIONAL_REPRESENTATION('',(#1227),#1230);
#1227 = B_SPLINE_CURVE_WITH_KNOTS('',1,(#1228,#1229),.UNSPECIFIED.,.F.,
  .F.,(2,2),(14.75,36.75),.PIECEWISE_BEZIER_KNOTS.);
#1228 = CARTESIAN_POINT('',(10.5,-9.5));
#1229 = CARTESIAN_POINT('',(10.5,12.5));
#1230 = ( GEOMETRIC_REPRESENTATION_CONTEXT(2) 
PARAMETRIC_REPRESENTATION_CONTEXT() REPRESENTATION_CONTEXT('2D SPACE',''
  ) );
#1231 = ORIENTED_EDGE('',*,*,#1232,.T.);
#1232 = EDGE_CURVE('',#1211,#1233,#1235,.T.);
#1233 = VERTEX_POINT('',#1234);
#1234 = CARTESIAN_POINT('',(-9.459608849442,7.053852729981,5.7));
#1235 = SURFACE_CURVE('',#1236,(#1240,#1247),.PCURVE_S1.);
#1236 = LINE('',#1237,#1238);
#1237 = CARTESIAN_POINT('',(-9.459608849442,-39.7828504336,5.7));
#1238 = VECTOR('',#1239,1.);
#1239 = DIRECTION('',(2.22044604925E-16,-1.,0.));
#1240 = PCURVE('',#128,#1241);
#1241 = DEFINITIONAL_REPRESENTATION('',(#1242),#1246);
#1242 = LINE('',#1243,#1244);
#1243 = CARTESIAN_POINT('',(1.540391150558,-30.4828504336));
#1244 = VECTOR('',#1245,1.);
#1245 = DIRECTION('',(2.22044604925E-16,-1.));
#1246 = ( GEOMETRIC_REPRESENTATION_CONTEXT(2) 
PARAMETRIC_REPRESENTATION_CONTEXT() REPRESENTATION_CONTEXT('2D SPACE',''
  ) );
#1247 = PCURVE('',#1248,#1253);
#1248 = PLANE('',#1249);
#1249 = AXIS2_PLACEMENT_3D('',#1250,#1251,#1252);
#1250 = CARTESIAN_POINT('',(-9.459608849442,-29.56570086721,
    4.671602555736));
#1251 = DIRECTION('',(-1.,-2.22044604925E-16,0.));
#1252 = DIRECTION('',(0.,0.,-1.));
#1253 = DEFINITIONAL_REPRESENTATION('',(#1254),#1257);
#1254 = B_SPLINE_CURVE_WITH_KNOTS('',1,(#1255,#1256),.UNSPECIFIED.,.F.,
  .F.,(2,2),(-48.2374997896,-46.83670316358),.PIECEWISE_BEZIER_KNOTS.);
#1255 = CARTESIAN_POINT('',(-1.028397444264,-38.0203502232));
#1256 = CARTESIAN_POINT('',(-1.028397444264,-36.61955359719));
#1257 = ( GEOMETRIC_REPRESENTATION_CONTEXT(2) 
PARAMETRIC_REPRESENTATION_CONTEXT() REPRESENTATION_CONTEXT('2D SPACE',''
  ) );
#1258 = ORIENTED_EDGE('',*,*,#1259,.T.);
#1259 = EDGE_CURVE('',#1233,#250,#1260,.T.);
#1260 = SURFACE_CURVE('',#1261,(#1265,#1272),.PCURVE_S1.);
#1261 = LINE('',#1262,#1263);
#1262 = CARTESIAN_POINT('',(-25.75,7.053852729981,5.7));
#1263 = VECTOR('',#1264,1.);
#1264 = DIRECTION('',(-1.,-2.22044604925E-16,0.));
#1265 = PCURVE('',#128,#1266);
#1266 = DEFINITIONAL_REPRESENTATION('',(#1267),#1271);
#1267 = LINE('',#1268,#1269);
#1268 = CARTESIAN_POINT('',(-14.75,16.353852729981));
#1269 = VECTOR('',#1270,1.);
#1270 = DIRECTION('',(-1.,-2.22044604925E-16));
#1271 = ( GEOMETRIC_REPRESENTATION_CONTEXT(2) 
PARAMETRIC_REPRESENTATION_CONTEXT() REPRESENTATION_CONTEXT('2D SPACE',''
  ) );
#1272 = PCURVE('',#342,#1273);
#1273 = DEFINITIONAL_REPRESENTATION('',(#1274),#1277);
#1274 = B_SPLINE_CURVE_WITH_KNOTS('',1,(#1275,#1276),.UNSPECIFIED.,.F.,
  .F.,(2,2),(-17.97971232076,-14.75),.PIECEWISE_BEZIER_KNOTS.);
#1275 = CARTESIAN_POINT('',(1.028397444264,-6.270287679233));
#1276 = CARTESIAN_POINT('',(1.028397444264,-9.5));
#1277 = ( GEOMETRIC_REPRESENTATION_CONTEXT(2) 
PARAMETRIC_REPRESENTATION_CONTEXT() REPRESENTATION_CONTEXT('2D SPACE',''
  ) );
#1278 = ORIENTED_EDGE('',*,*,#247,.F.);
#1279 = ORIENTED_EDGE('',*,*,#1280,.T.);
#1280 = EDGE_CURVE('',#248,#1281,#1283,.T.);
#1281 = VERTEX_POINT('',#1282);
#1282 = CARTESIAN_POINT('',(-9.459608849442,-7.053852729981,5.7));
#1283 = SURFACE_CURVE('',#1284,(#1288,#1295),.PCURVE_S1.);
#1284 = LINE('',#1285,#1286);
#1285 = CARTESIAN_POINT('',(-25.75,-7.053852729981,5.7));
#1286 = VECTOR('',#1287,1.);
#1287 = DIRECTION('',(1.,2.22044604925E-16,-0.));
#1288 = PCURVE('',#128,#1289);
#1289 = DEFINITIONAL_REPRESENTATION('',(#1290),#1294);
#1290 = LINE('',#1291,#1292);
#1291 = CARTESIAN_POINT('',(-14.75,2.246147270019));
#1292 = VECTOR('',#1293,1.);
#1293 = DIRECTION('',(1.,2.22044604925E-16));
#1294 = ( GEOMETRIC_REPRESENTATION_CONTEXT(2) 
PARAMETRIC_REPRESENTATION_CONTEXT() REPRESENTATION_CONTEXT('2D SPACE',''
  ) );
#1295 = PCURVE('',#288,#1296);
#1296 = DEFINITIONAL_REPRESENTATION('',(#1297),#1300);
#1297 = B_SPLINE_CURVE_WITH_KNOTS('',1,(#1298,#1299),.UNSPECIFIED.,.F.,
  .F.,(2,2),(14.75,17.979712320767),.PIECEWISE_BEZIER_KNOTS.);
#1298 = CARTESIAN_POINT('',(-1.028397444264,-9.5));
#1299 = CARTESIAN_POINT('',(-1.028397444264,-6.270287679233));
#1300 = ( GEOMETRIC_REPRESENTATION_CONTEXT(2) 
PARAMETRIC_REPRESENTATION_CONTEXT() REPRESENTATION_CONTEXT('2D SPACE',''
  ) );
#1301 = ORIENTED_EDGE('',*,*,#1302,.T.);
#1302 = EDGE_CURVE('',#1281,#1303,#1305,.T.);
#1303 = VERTEX_POINT('',#1304);
#1304 = CARTESIAN_POINT('',(-9.459608849442,-8.454649355997,5.7));
#1305 = SURFACE_CURVE('',#1306,(#1310,#1317),.PCURVE_S1.);
#1306 = LINE('',#1307,#1308);
#1307 = CARTESIAN_POINT('',(-9.459608849442,-39.7828504336,5.7));
#1308 = VECTOR('',#1309,1.);
#1309 = DIRECTION('',(2.22044604925E-16,-1.,0.));
#1310 = PCURVE('',#128,#1311);
#1311 = DEFINITIONAL_REPRESENTATION('',(#1312),#1316);
#1312 = LINE('',#1313,#1314);
#1313 = CARTESIAN_POINT('',(1.540391150558,-30.4828504336));
#1314 = VECTOR('',#1315,1.);
#1315 = DIRECTION('',(2.22044604925E-16,-1.));
#1316 = ( GEOMETRIC_REPRESENTATION_CONTEXT(2) 
PARAMETRIC_REPRESENTATION_CONTEXT() REPRESENTATION_CONTEXT('2D SPACE',''
  ) );
#1317 = PCURVE('',#1318,#1323);
#1318 = PLANE('',#1319);
#1319 = AXIS2_PLACEMENT_3D('',#1320,#1321,#1322);
#1320 = CARTESIAN_POINT('',(-9.459608849442,-29.56570086721,
    4.671602555736));
#1321 = DIRECTION('',(-1.,-2.22044604925E-16,0.));
#1322 = DIRECTION('',(0.,0.,-1.));
#1323 = DEFINITIONAL_REPRESENTATION('',(#1324),#1327);
#1324 = B_SPLINE_CURVE_WITH_KNOTS('',1,(#1325,#1326),.UNSPECIFIED.,.F.,
  .F.,(2,2),(-32.72899770362,-31.3282010776),.PIECEWISE_BEZIER_KNOTS.);
#1325 = CARTESIAN_POINT('',(-1.028397444264,-22.51184813723));
#1326 = CARTESIAN_POINT('',(-1.028397444264,-21.11105151121));
#1327 = ( GEOMETRIC_REPRESENTATION_CONTEXT(2) 
PARAMETRIC_REPRESENTATION_CONTEXT() REPRESENTATION_CONTEXT('2D SPACE',''
  ) );
#1328 = ORIENTED_EDGE('',*,*,#1329,.T.);
#1329 = EDGE_CURVE('',#1303,#197,#1330,.T.);
#1330 = SURFACE_CURVE('',#1331,(#1335,#1342),.PCURVE_S1.);
#1331 = LINE('',#1332,#1333);
#1332 = CARTESIAN_POINT('',(-25.75,-8.454649355997,5.7));
#1333 = VECTOR('',#1334,1.);
#1334 = DIRECTION('',(-1.,-2.22044604925E-16,0.));
#1335 = PCURVE('',#128,#1336);
#1336 = DEFINITIONAL_REPRESENTATION('',(#1337),#1341);
#1337 = LINE('',#1338,#1339);
#1338 = CARTESIAN_POINT('',(-14.75,0.845350644003));
#1339 = VECTOR('',#1340,1.);
#1340 = DIRECTION('',(-1.,-2.22044604925E-16));
#1341 = ( GEOMETRIC_REPRESENTATION_CONTEXT(2) 
PARAMETRIC_REPRESENTATION_CONTEXT() REPRESENTATION_CONTEXT('2D SPACE',''
  ) );
#1342 = PCURVE('',#212,#1343);
#1343 = DEFINITIONAL_REPRESENTATION('',(#1344),#1347);
#1344 = B_SPLINE_CURVE_WITH_KNOTS('',1,(#1345,#1346),.UNSPECIFIED.,.F.,
  .F.,(2,2),(-36.75,-14.75),.PIECEWISE_BEZIER_KNOTS.);
#1345 = CARTESIAN_POINT('',(-10.5,12.5));
#1346 = CARTESIAN_POINT('',(-10.5,-9.5));
#1347 = ( GEOMETRIC_REPRESENTATION_CONTEXT(2) 
PARAMETRIC_REPRESENTATION_CONTEXT() REPRESENTATION_CONTEXT('2D SPACE',''
  ) );
#1348 = FACE_BOUND('',#1349,.T.);
#1349 = EDGE_LOOP('',(#1350,#1379,#1406,#1433));
#1350 = ORIENTED_EDGE('',*,*,#1351,.F.);
#1351 = EDGE_CURVE('',#1352,#1354,#1356,.T.);
#1352 = VERTEX_POINT('',#1353);
#1353 = CARTESIAN_POINT('',(-2.993331015977,-0.500057030765,5.7));
#1354 = VERTEX_POINT('',#1355);
#1355 = CARTESIAN_POINT('',(-2.993331015977,0.500057030765,5.7));
#1356 = SURFACE_CURVE('',#1357,(#1361,#1368),.PCURVE_S1.);
#1357 = LINE('',#1358,#1359);
#1358 = CARTESIAN_POINT('',(-2.993331015977,-15.78046918907,5.7));
#1359 = VECTOR('',#1360,1.);
#1360 = DIRECTION('',(-2.22044604925E-16,1.,0.));
#1361 = PCURVE('',#128,#1362);
#1362 = DEFINITIONAL_REPRESENTATION('',(#1363),#1367);
#1363 = LINE('',#1364,#1365);
#1364 = CARTESIAN_POINT('',(8.006668984023,-6.480469189073));
#1365 = VECTOR('',#1366,1.);
#1366 = DIRECTION('',(-2.22044604925E-16,1.));
#1367 = ( GEOMETRIC_REPRESENTATION_CONTEXT(2) 
PARAMETRIC_REPRESENTATION_CONTEXT() REPRESENTATION_CONTEXT('2D SPACE',''
  ) );
#1368 = PCURVE('',#1369,#1374);
#1369 = PLANE('',#1370);
#1370 = AXIS2_PLACEMENT_3D('',#1371,#1372,#1373);
#1371 = CARTESIAN_POINT('',(-2.7,18.439061621853,5.277056271379));
#1372 = DIRECTION('',(0.821715619533,1.824575201E-16,0.569897745753));
#1373 = DIRECTION('',(-0.569897745753,-1.265427198035E-16,0.821715619533
    ));
#1374 = DEFINITIONAL_REPRESENTATION('',(#1375),#1378);
#1375 = B_SPLINE_CURVE_WITH_KNOTS('',1,(#1376,#1377),.UNSPECIFIED.,.F.,
  .F.,(2,2),(15.280412158308,16.280526219838),.PIECEWISE_BEZIER_KNOTS.);
#1376 = CARTESIAN_POINT('',(0.514708152756,18.939118652618));
#1377 = CARTESIAN_POINT('',(0.514708152756,17.939004591089));
#1378 = ( GEOMETRIC_REPRESENTATION_CONTEXT(2) 
PARAMETRIC_REPRESENTATION_CONTEXT() REPRESENTATION_CONTEXT('2D SPACE',''
  ) );
#1379 = ORIENTED_EDGE('',*,*,#1380,.T.);
#1380 = EDGE_CURVE('',#1352,#1381,#1383,.T.);
#1381 = VERTEX_POINT('',#1382);
#1382 = CARTESIAN_POINT('',(-7.206668984023,-0.500057030765,5.7));
#1383 = SURFACE_CURVE('',#1384,(#1388,#1395),.PCURVE_S1.);
#1384 = LINE('',#1385,#1386);
#1385 = CARTESIAN_POINT('',(-28.175,-0.500057030765,5.7));
#1386 = VECTOR('',#1387,1.);
#1387 = DIRECTION('',(-1.,-2.22044604925E-16,0.));
#1388 = PCURVE('',#128,#1389);
#1389 = DEFINITIONAL_REPRESENTATION('',(#1390),#1394);
#1390 = LINE('',#1391,#1392);
#1391 = CARTESIAN_POINT('',(-17.175,8.799942969235));
#1392 = VECTOR('',#1393,1.);
#1393 = DIRECTION('',(-1.,-2.22044604925E-16));
#1394 = ( GEOMETRIC_REPRESENTATION_CONTEXT(2) 
PARAMETRIC_REPRESENTATION_CONTEXT() REPRESENTATION_CONTEXT('2D SPACE',''
  ) );
#1395 = PCURVE('',#1396,#1401);
#1396 = PLANE('',#1397);
#1397 = AXIS2_PLACEMENT_3D('',#1398,#1399,#1400);
#1398 = CARTESIAN_POINT('',(-6.35,-0.500057030765,0.196935412187));
#1399 = DIRECTION('',(-2.22044604925E-16,1.,3.620715681756E-17));
#1400 = DIRECTION('',(8.039603831015E-33,-3.620715681756E-17,1.));
#1401 = DEFINITIONAL_REPRESENTATION('',(#1402),#1405);
#1402 = B_SPLINE_CURVE_WITH_KNOTS('',1,(#1403,#1404),.UNSPECIFIED.,.F.,
  .F.,(2,2),(-25.475,-20.675),.PIECEWISE_BEZIER_KNOTS.);
#1403 = CARTESIAN_POINT('',(5.503064587813,3.65));
#1404 = CARTESIAN_POINT('',(5.503064587813,-1.15));
#1405 = ( GEOMETRIC_REPRESENTATION_CONTEXT(2) 
PARAMETRIC_REPRESENTATION_CONTEXT() REPRESENTATION_CONTEXT('2D SPACE',''
  ) );
#1406 = ORIENTED_EDGE('',*,*,#1407,.T.);
#1407 = EDGE_CURVE('',#1381,#1408,#1410,.T.);
#1408 = VERTEX_POINT('',#1409);
#1409 = CARTESIAN_POINT('',(-7.206668984023,0.500057030765,5.7));
#1410 = SURFACE_CURVE('',#1411,(#1415,#1422),.PCURVE_S1.);
#1411 = LINE('',#1412,#1413);
#1412 = CARTESIAN_POINT('',(-7.206668984023,-15.78046918907,5.7));
#1413 = VECTOR('',#1414,1.);
#1414 = DIRECTION('',(-2.22044604925E-16,1.,0.));
#1415 = PCURVE('',#128,#1416);
#1416 = DEFINITIONAL_REPRESENTATION('',(#1417),#1421);
#1417 = LINE('',#1418,#1419);
#1418 = CARTESIAN_POINT('',(3.793331015977,-6.480469189073));
#1419 = VECTOR('',#1420,1.);
#1420 = DIRECTION('',(-2.22044604925E-16,1.));
#1421 = ( GEOMETRIC_REPRESENTATION_CONTEXT(2) 
PARAMETRIC_REPRESENTATION_CONTEXT() REPRESENTATION_CONTEXT('2D SPACE',''
  ) );
#1422 = PCURVE('',#1423,#1428);
#1423 = PLANE('',#1424);
#1424 = AXIS2_PLACEMENT_3D('',#1425,#1426,#1427);
#1425 = CARTESIAN_POINT('',(-7.5,18.439061621853,5.277056271379));
#1426 = DIRECTION('',(0.821715619533,1.824575201E-16,-0.569897745753));
#1427 = DIRECTION('',(0.569897745753,1.265427198035E-16,0.821715619533)
  );
#1428 = DEFINITIONAL_REPRESENTATION('',(#1429),#1432);
#1429 = B_SPLINE_CURVE_WITH_KNOTS('',1,(#1430,#1431),.UNSPECIFIED.,.F.,
  .F.,(2,2),(15.280412158308,16.280526219838),.PIECEWISE_BEZIER_KNOTS.);
#1430 = CARTESIAN_POINT('',(0.514708152756,18.939118652618));
#1431 = CARTESIAN_POINT('',(0.514708152756,17.939004591089));
#1432 = ( GEOMETRIC_REPRESENTATION_CONTEXT(2) 
PARAMETRIC_REPRESENTATION_CONTEXT() REPRESENTATION_CONTEXT('2D SPACE',''
  ) );
#1433 = ORIENTED_EDGE('',*,*,#1434,.T.);
#1434 = EDGE_CURVE('',#1408,#1354,#1435,.T.);
#1435 = SURFACE_CURVE('',#1436,(#1440,#1447),.PCURVE_S1.);
#1436 = LINE('',#1437,#1438);
#1437 = CARTESIAN_POINT('',(-28.175,0.500057030765,5.7));
#1438 = VECTOR('',#1439,1.);
#1439 = DIRECTION('',(1.,2.22044604925E-16,-0.));
#1440 = PCURVE('',#128,#1441);
#1441 = DEFINITIONAL_REPRESENTATION('',(#1442),#1446);
#1442 = LINE('',#1443,#1444);
#1443 = CARTESIAN_POINT('',(-17.175,9.800057030765));
#1444 = VECTOR('',#1445,1.);
#1445 = DIRECTION('',(1.,2.22044604925E-16));
#1446 = ( GEOMETRIC_REPRESENTATION_CONTEXT(2) 
PARAMETRIC_REPRESENTATION_CONTEXT() REPRESENTATION_CONTEXT('2D SPACE',''
  ) );
#1447 = PCURVE('',#1448,#1453);
#1448 = PLANE('',#1449);
#1449 = AXIS2_PLACEMENT_3D('',#1450,#1451,#1452);
#1450 = CARTESIAN_POINT('',(-6.35,0.500057030765,6.18581864844));
#1451 = DIRECTION('',(2.22044604925E-16,-1.,0.));
#1452 = DIRECTION('',(0.,0.,-1.));
#1453 = DEFINITIONAL_REPRESENTATION('',(#1454),#1457);
#1454 = B_SPLINE_CURVE_WITH_KNOTS('',1,(#1455,#1456),.UNSPECIFIED.,.F.,
  .F.,(2,2),(20.675,25.475),.PIECEWISE_BEZIER_KNOTS.);
#1455 = CARTESIAN_POINT('',(0.48581864844,-1.15));
#1456 = CARTESIAN_POINT('',(0.48581864844,3.65));
#1457 = ( GEOMETRIC_REPRESENTATION_CONTEXT(2) 
PARAMETRIC_REPRESENTATION_CONTEXT() REPRESENTATION_CONTEXT('2D SPACE',''
  ) );
#1458 = FACE_BOUND('',#1459,.T.);
#1459 = EDGE_LOOP('',(#1460,#1489,#1516,#1543));
#1460 = ORIENTED_EDGE('',*,*,#1461,.F.);
#1461 = EDGE_CURVE('',#1462,#1464,#1466,.T.);
#1462 = VERTEX_POINT('',#1463);
#1463 = CARTESIAN_POINT('',(-2.993331015977,6.553795699216,5.7));
#1464 = VERTEX_POINT('',#1465);
#1465 = CARTESIAN_POINT('',(-2.993331015977,7.553909760746,5.7));
#1466 = SURFACE_CURVE('',#1467,(#1471,#1478),.PCURVE_S1.);
#1467 = LINE('',#1468,#1469);
#1468 = CARTESIAN_POINT('',(-2.993331015977,-15.78046918907,5.7));
#1469 = VECTOR('',#1470,1.);
#1470 = DIRECTION('',(-2.22044604925E-16,1.,0.));
#1471 = PCURVE('',#128,#1472);
#1472 = DEFINITIONAL_REPRESENTATION('',(#1473),#1477);
#1473 = LINE('',#1474,#1475);
#1474 = CARTESIAN_POINT('',(8.006668984023,-6.480469189073));
#1475 = VECTOR('',#1476,1.);
#1476 = DIRECTION('',(-2.22044604925E-16,1.));
#1477 = ( GEOMETRIC_REPRESENTATION_CONTEXT(2) 
PARAMETRIC_REPRESENTATION_CONTEXT() REPRESENTATION_CONTEXT('2D SPACE',''
  ) );
#1478 = PCURVE('',#1479,#1484);
#1479 = PLANE('',#1480);
#1480 = AXIS2_PLACEMENT_3D('',#1481,#1482,#1483);
#1481 = CARTESIAN_POINT('',(-2.7,18.439061621853,5.277056271379));
#1482 = DIRECTION('',(0.821715619533,1.824575201E-16,0.569897745753));
#1483 = DIRECTION('',(-0.569897745753,-1.265427198035E-16,0.821715619533
    ));
#1484 = DEFINITIONAL_REPRESENTATION('',(#1485),#1488);
#1485 = B_SPLINE_CURVE_WITH_KNOTS('',1,(#1486,#1487),.UNSPECIFIED.,.F.,
  .F.,(2,2),(22.334264888289,23.334378949819),.PIECEWISE_BEZIER_KNOTS.);
#1486 = CARTESIAN_POINT('',(0.514708152756,11.885265922638));
#1487 = CARTESIAN_POINT('',(0.514708152756,10.885151861108));
#1488 = ( GEOMETRIC_REPRESENTATION_CONTEXT(2) 
PARAMETRIC_REPRESENTATION_CONTEXT() REPRESENTATION_CONTEXT('2D SPACE',''
  ) );
#1489 = ORIENTED_EDGE('',*,*,#1490,.T.);
#1490 = EDGE_CURVE('',#1462,#1491,#1493,.T.);
#1491 = VERTEX_POINT('',#1492);
#1492 = CARTESIAN_POINT('',(-7.206668984023,6.553795699216,5.7));
#1493 = SURFACE_CURVE('',#1494,(#1498,#1505),.PCURVE_S1.);
#1494 = LINE('',#1495,#1496);
#1495 = CARTESIAN_POINT('',(-28.175,6.553795699216,5.7));
#1496 = VECTOR('',#1497,1.);
#1497 = DIRECTION('',(-1.,-2.22044604925E-16,0.));
#1498 = PCURVE('',#128,#1499);
#1499 = DEFINITIONAL_REPRESENTATION('',(#1500),#1504);
#1500 = LINE('',#1501,#1502);
#1501 = CARTESIAN_POINT('',(-17.175,15.853795699216));
#1502 = VECTOR('',#1503,1.);
#1503 = DIRECTION('',(-1.,-2.22044604925E-16));
#1504 = ( GEOMETRIC_REPRESENTATION_CONTEXT(2) 
PARAMETRIC_REPRESENTATION_CONTEXT() REPRESENTATION_CONTEXT('2D SPACE',''
  ) );
#1505 = PCURVE('',#1506,#1511);
#1506 = PLANE('',#1507);
#1507 = AXIS2_PLACEMENT_3D('',#1508,#1509,#1510);
#1508 = CARTESIAN_POINT('',(-6.35,6.553795699216,0.196935412187));
#1509 = DIRECTION('',(-2.22044604925E-16,1.,0.));
#1510 = DIRECTION('',(0.,0.,1.));
#1511 = DEFINITIONAL_REPRESENTATION('',(#1512),#1515);
#1512 = B_SPLINE_CURVE_WITH_KNOTS('',1,(#1513,#1514),.UNSPECIFIED.,.F.,
  .F.,(2,2),(-25.475,-20.675),.PIECEWISE_BEZIER_KNOTS.);
#1513 = CARTESIAN_POINT('',(5.503064587813,3.65));
#1514 = CARTESIAN_POINT('',(5.503064587813,-1.15));
#1515 = ( GEOMETRIC_REPRESENTATION_CONTEXT(2) 
PARAMETRIC_REPRESENTATION_CONTEXT() REPRESENTATION_CONTEXT('2D SPACE',''
  ) );
#1516 = ORIENTED_EDGE('',*,*,#1517,.T.);
#1517 = EDGE_CURVE('',#1491,#1518,#1520,.T.);
#1518 = VERTEX_POINT('',#1519);
#1519 = CARTESIAN_POINT('',(-7.206668984023,7.553909760746,5.7));
#1520 = SURFACE_CURVE('',#1521,(#1525,#1532),.PCURVE_S1.);
#1521 = LINE('',#1522,#1523);
#1522 = CARTESIAN_POINT('',(-7.206668984023,-15.78046918907,5.7));
#1523 = VECTOR('',#1524,1.);
#1524 = DIRECTION('',(-2.22044604925E-16,1.,0.));
#1525 = PCURVE('',#128,#1526);
#1526 = DEFINITIONAL_REPRESENTATION('',(#1527),#1531);
#1527 = LINE('',#1528,#1529);
#1528 = CARTESIAN_POINT('',(3.793331015977,-6.480469189073));
#1529 = VECTOR('',#1530,1.);
#1530 = DIRECTION('',(-2.22044604925E-16,1.));
#1531 = ( GEOMETRIC_REPRESENTATION_CONTEXT(2) 
PARAMETRIC_REPRESENTATION_CONTEXT() REPRESENTATION_CONTEXT('2D SPACE',''
  ) );
#1532 = PCURVE('',#1533,#1538);
#1533 = PLANE('',#1534);
#1534 = AXIS2_PLACEMENT_3D('',#1535,#1536,#1537);
#1535 = CARTESIAN_POINT('',(-7.5,18.439061621853,5.277056271379));
#1536 = DIRECTION('',(0.821715619533,1.824575201E-16,-0.569897745753));
#1537 = DIRECTION('',(0.569897745753,1.265427198035E-16,0.821715619533)
  );
#1538 = DEFINITIONAL_REPRESENTATION('',(#1539),#1542);
#1539 = B_SPLINE_CURVE_WITH_KNOTS('',1,(#1540,#1541),.UNSPECIFIED.,.F.,
  .F.,(2,2),(22.334264888289,23.334378949819),.PIECEWISE_BEZIER_KNOTS.);
#1540 = CARTESIAN_POINT('',(0.514708152756,11.885265922638));
#1541 = CARTESIAN_POINT('',(0.514708152756,10.885151861108));
#1542 = ( GEOMETRIC_REPRESENTATION_CONTEXT(2) 
PARAMETRIC_REPRESENTATION_CONTEXT() REPRESENTATION_CONTEXT('2D SPACE',''
  ) );
#1543 = ORIENTED_EDGE('',*,*,#1544,.T.);
#1544 = EDGE_CURVE('',#1518,#1464,#1545,.T.);
#1545 = SURFACE_CURVE('',#1546,(#1550,#1557),.PCURVE_S1.);
#1546 = LINE('',#1547,#1548);
#1547 = CARTESIAN_POINT('',(-28.175,7.553909760746,5.7));
#1548 = VECTOR('',#1549,1.);
#1549 = DIRECTION('',(1.,2.22044604925E-16,-0.));
#1550 = PCURVE('',#128,#1551);
#1551 = DEFINITIONAL_REPRESENTATION('',(#1552),#1556);
#1552 = LINE('',#1553,#1554);
#1553 = CARTESIAN_POINT('',(-17.175,16.853909760746));
#1554 = VECTOR('',#1555,1.);
#1555 = DIRECTION('',(1.,2.22044604925E-16));
#1556 = ( GEOMETRIC_REPRESENTATION_CONTEXT(2) 
PARAMETRIC_REPRESENTATION_CONTEXT() REPRESENTATION_CONTEXT('2D SPACE',''
  ) );
#1557 = PCURVE('',#1558,#1563);
#1558 = PLANE('',#1559);
#1559 = AXIS2_PLACEMENT_3D('',#1560,#1561,#1562);
#1560 = CARTESIAN_POINT('',(-6.35,7.553909760746,6.18581864844));
#1561 = DIRECTION('',(2.22044604925E-16,-1.,0.));
#1562 = DIRECTION('',(0.,0.,-1.));
#1563 = DEFINITIONAL_REPRESENTATION('',(#1564),#1567);
#1564 = B_SPLINE_CURVE_WITH_KNOTS('',1,(#1565,#1566),.UNSPECIFIED.,.F.,
  .F.,(2,2),(20.675,25.475),.PIECEWISE_BEZIER_KNOTS.);
#1565 = CARTESIAN_POINT('',(0.48581864844,-1.15));
#1566 = CARTESIAN_POINT('',(0.48581864844,3.65));
#1567 = ( GEOMETRIC_REPRESENTATION_CONTEXT(2) 
PARAMETRIC_REPRESENTATION_CONTEXT() REPRESENTATION_CONTEXT('2D SPACE',''
  ) );
#1568 = FACE_BOUND('',#1569,.T.);
#1569 = EDGE_LOOP('',(#1570,#1599,#1621,#1648));
#1570 = ORIENTED_EDGE('',*,*,#1571,.F.);
#1571 = EDGE_CURVE('',#1572,#1574,#1576,.T.);
#1572 = VERTEX_POINT('',#1573);
#1573 = CARTESIAN_POINT('',(0.428990424285,-8.454649355997,5.7));
#1574 = VERTEX_POINT('',#1575);
#1575 = CARTESIAN_POINT('',(0.428990424285,8.454649355997,5.7));
#1576 = SURFACE_CURVE('',#1577,(#1581,#1588),.PCURVE_S1.);
#1577 = LINE('',#1578,#1579);
#1578 = CARTESIAN_POINT('',(0.428990424285,-29.22732467799,5.7));
#1579 = VECTOR('',#1580,1.);
#1580 = DIRECTION('',(-2.22044604925E-16,1.,0.));
#1581 = PCURVE('',#128,#1582);
#1582 = DEFINITIONAL_REPRESENTATION('',(#1583),#1587);
#1583 = LINE('',#1584,#1585);
#1584 = CARTESIAN_POINT('',(11.428990424285,-19.92732467799));
#1585 = VECTOR('',#1586,1.);
#1586 = DIRECTION('',(-2.22044604925E-16,1.));
#1587 = ( GEOMETRIC_REPRESENTATION_CONTEXT(2) 
PARAMETRIC_REPRESENTATION_CONTEXT() REPRESENTATION_CONTEXT('2D SPACE',''
  ) );
#1588 = PCURVE('',#1589,#1594);
#1589 = PLANE('',#1590);
#1590 = AXIS2_PLACEMENT_3D('',#1591,#1592,#1593);
#1591 = CARTESIAN_POINT('',(0.428990424285,-8.454649355997,-1.8));
#1592 = DIRECTION('',(1.,2.22044604925E-16,-1.764957215133E-16));
#1593 = DIRECTION('',(1.764957215133E-16,3.918992275439E-32,1.));
#1594 = DEFINITIONAL_REPRESENTATION('',(#1595),#1598);
#1595 = B_SPLINE_CURVE_WITH_KNOTS('',1,(#1596,#1597),.UNSPECIFIED.,.F.,
  .F.,(2,2),(20.772675322002,37.681974033995),.PIECEWISE_BEZIER_KNOTS.);
#1596 = CARTESIAN_POINT('',(7.5,0.));
#1597 = CARTESIAN_POINT('',(7.5,-16.90929871199));
#1598 = ( GEOMETRIC_REPRESENTATION_CONTEXT(2) 
PARAMETRIC_REPRESENTATION_CONTEXT() REPRESENTATION_CONTEXT('2D SPACE',''
  ) );
#1599 = ORIENTED_EDGE('',*,*,#1600,.T.);
#1600 = EDGE_CURVE('',#1572,#1601,#1603,.T.);
#1601 = VERTEX_POINT('',#1602);
#1602 = CARTESIAN_POINT('',(-0.428990424285,-8.454649355997,5.7));
#1603 = SURFACE_CURVE('',#1604,(#1608,#1615),.PCURVE_S1.);
#1604 = LINE('',#1605,#1606);
#1605 = CARTESIAN_POINT('',(-25.75,-8.454649355997,5.7));
#1606 = VECTOR('',#1607,1.);
#1607 = DIRECTION('',(-1.,-2.22044604925E-16,0.));
#1608 = PCURVE('',#128,#1609);
#1609 = DEFINITIONAL_REPRESENTATION('',(#1610),#1614);
#1610 = LINE('',#1611,#1612);
#1611 = CARTESIAN_POINT('',(-14.75,0.845350644003));
#1612 = VECTOR('',#1613,1.);
#1613 = DIRECTION('',(-1.,-2.22044604925E-16));
#1614 = ( GEOMETRIC_REPRESENTATION_CONTEXT(2) 
PARAMETRIC_REPRESENTATION_CONTEXT() REPRESENTATION_CONTEXT('2D SPACE',''
  ) );
#1615 = PCURVE('',#212,#1616);
#1616 = DEFINITIONAL_REPRESENTATION('',(#1617),#1620);
#1617 = B_SPLINE_CURVE_WITH_KNOTS('',1,(#1618,#1619),.UNSPECIFIED.,.F.,
  .F.,(2,2),(-36.75,-14.75),.PIECEWISE_BEZIER_KNOTS.);
#1618 = CARTESIAN_POINT('',(-10.5,12.5));
#1619 = CARTESIAN_POINT('',(-10.5,-9.5));
#1620 = ( GEOMETRIC_REPRESENTATION_CONTEXT(2) 
PARAMETRIC_REPRESENTATION_CONTEXT() REPRESENTATION_CONTEXT('2D SPACE',''
  ) );
#1621 = ORIENTED_EDGE('',*,*,#1622,.F.);
#1622 = EDGE_CURVE('',#1623,#1601,#1625,.T.);
#1623 = VERTEX_POINT('',#1624);
#1624 = CARTESIAN_POINT('',(-0.428990424285,8.454649355997,5.7));
#1625 = SURFACE_CURVE('',#1626,(#1630,#1637),.PCURVE_S1.);
#1626 = LINE('',#1627,#1628);
#1627 = CARTESIAN_POINT('',(-0.428990424285,-29.22732467799,5.7));
#1628 = VECTOR('',#1629,1.);
#1629 = DIRECTION('',(2.22044604925E-16,-1.,0.));
#1630 = PCURVE('',#128,#1631);
#1631 = DEFINITIONAL_REPRESENTATION('',(#1632),#1636);
#1632 = LINE('',#1633,#1634);
#1633 = CARTESIAN_POINT('',(10.571009575715,-19.92732467799));
#1634 = VECTOR('',#1635,1.);
#1635 = DIRECTION('',(2.22044604925E-16,-1.));
#1636 = ( GEOMETRIC_REPRESENTATION_CONTEXT(2) 
PARAMETRIC_REPRESENTATION_CONTEXT() REPRESENTATION_CONTEXT('2D SPACE',''
  ) );
#1637 = PCURVE('',#1638,#1643);
#1638 = PLANE('',#1639);
#1639 = AXIS2_PLACEMENT_3D('',#1640,#1641,#1642);
#1640 = CARTESIAN_POINT('',(-0.428990424285,-8.454649355997,
    6.18581864844));
#1641 = DIRECTION('',(-1.,-2.22044604925E-16,6.109467283154E-17));
#1642 = DIRECTION('',(-6.109467283154E-17,-1.35657424919E-32,-1.));
#1643 = DEFINITIONAL_REPRESENTATION('',(#1644),#1647);
#1644 = B_SPLINE_CURVE_WITH_KNOTS('',1,(#1645,#1646),.UNSPECIFIED.,.F.,
  .F.,(2,2),(-37.68197403399,-20.772675322),.PIECEWISE_BEZIER_KNOTS.);
#1645 = CARTESIAN_POINT('',(0.48581864844,-16.90929871199));
#1646 = CARTESIAN_POINT('',(0.48581864844,0.));
#1647 = ( GEOMETRIC_REPRESENTATION_CONTEXT(2) 
PARAMETRIC_REPRESENTATION_CONTEXT() REPRESENTATION_CONTEXT('2D SPACE',''
  ) );
#1648 = ORIENTED_EDGE('',*,*,#1649,.T.);
#1649 = EDGE_CURVE('',#1623,#1574,#1650,.T.);
#1650 = SURFACE_CURVE('',#1651,(#1655,#1662),.PCURVE_S1.);
#1651 = LINE('',#1652,#1653);
#1652 = CARTESIAN_POINT('',(-25.75,8.454649355997,5.7));
#1653 = VECTOR('',#1654,1.);
#1654 = DIRECTION('',(1.,2.22044604925E-16,-0.));
#1655 = PCURVE('',#128,#1656);
#1656 = DEFINITIONAL_REPRESENTATION('',(#1657),#1661);
#1657 = LINE('',#1658,#1659);
#1658 = CARTESIAN_POINT('',(-14.75,17.754649355997));
#1659 = VECTOR('',#1660,1.);
#1660 = DIRECTION('',(1.,2.22044604925E-16));
#1661 = ( GEOMETRIC_REPRESENTATION_CONTEXT(2) 
PARAMETRIC_REPRESENTATION_CONTEXT() REPRESENTATION_CONTEXT('2D SPACE',''
  ) );
#1662 = PCURVE('',#156,#1663);
#1663 = DEFINITIONAL_REPRESENTATION('',(#1664),#1667);
#1664 = B_SPLINE_CURVE_WITH_KNOTS('',1,(#1665,#1666),.UNSPECIFIED.,.F.,
  .F.,(2,2),(14.75,36.75),.PIECEWISE_BEZIER_KNOTS.);
#1665 = CARTESIAN_POINT('',(10.5,-9.5));
#1666 = CARTESIAN_POINT('',(10.5,12.5));
#1667 = ( GEOMETRIC_REPRESENTATION_CONTEXT(2) 
PARAMETRIC_REPRESENTATION_CONTEXT() REPRESENTATION_CONTEXT('2D SPACE',''
  ) );
#1668 = FACE_BOUND('',#1669,.T.);
#1669 = EDGE_LOOP('',(#1670,#1699,#1726,#1753));
#1670 = ORIENTED_EDGE('',*,*,#1671,.T.);
#1671 = EDGE_CURVE('',#1672,#1674,#1676,.T.);
#1672 = VERTEX_POINT('',#1673);
#1673 = CARTESIAN_POINT('',(2.993331015977,-0.500057030765,5.7));
#1674 = VERTEX_POINT('',#1675);
#1675 = CARTESIAN_POINT('',(2.993331015977,0.500057030765,5.7));
#1676 = SURFACE_CURVE('',#1677,(#1681,#1688),.PCURVE_S1.);
#1677 = LINE('',#1678,#1679);
#1678 = CARTESIAN_POINT('',(2.993331015977,-15.78046918907,5.7));
#1679 = VECTOR('',#1680,1.);
#1680 = DIRECTION('',(-2.22044604925E-16,1.,0.));
#1681 = PCURVE('',#128,#1682);
#1682 = DEFINITIONAL_REPRESENTATION('',(#1683),#1687);
#1683 = LINE('',#1684,#1685);
#1684 = CARTESIAN_POINT('',(13.993331015977,-6.480469189073));
#1685 = VECTOR('',#1686,1.);
#1686 = DIRECTION('',(-2.22044604925E-16,1.));
#1687 = ( GEOMETRIC_REPRESENTATION_CONTEXT(2) 
PARAMETRIC_REPRESENTATION_CONTEXT() REPRESENTATION_CONTEXT('2D SPACE',''
  ) );
#1688 = PCURVE('',#1689,#1694);
#1689 = PLANE('',#1690);
#1690 = AXIS2_PLACEMENT_3D('',#1691,#1692,#1693);
#1691 = CARTESIAN_POINT('',(2.7,18.439061621853,5.277056271379));
#1692 = DIRECTION('',(0.821715619533,1.824575201E-16,-0.569897745753));
#1693 = DIRECTION('',(0.569897745753,1.265427198035E-16,0.821715619533)
  );
#1694 = DEFINITIONAL_REPRESENTATION('',(#1695),#1698);
#1695 = B_SPLINE_CURVE_WITH_KNOTS('',1,(#1696,#1697),.UNSPECIFIED.,.F.,
  .F.,(2,2),(15.280412158308,16.280526219838),.PIECEWISE_BEZIER_KNOTS.);
#1696 = CARTESIAN_POINT('',(0.514708152756,18.939118652618));
#1697 = CARTESIAN_POINT('',(0.514708152756,17.939004591089));
#1698 = ( GEOMETRIC_REPRESENTATION_CONTEXT(2) 
PARAMETRIC_REPRESENTATION_CONTEXT() REPRESENTATION_CONTEXT('2D SPACE',''
  ) );
#1699 = ORIENTED_EDGE('',*,*,#1700,.T.);
#1700 = EDGE_CURVE('',#1674,#1701,#1703,.T.);
#1701 = VERTEX_POINT('',#1702);
#1702 = CARTESIAN_POINT('',(7.206668984023,0.500057030765,5.7));
#1703 = SURFACE_CURVE('',#1704,(#1708,#1715),.PCURVE_S1.);
#1704 = LINE('',#1705,#1706);
#1705 = CARTESIAN_POINT('',(-23.075,0.500057030765,5.7));
#1706 = VECTOR('',#1707,1.);
#1707 = DIRECTION('',(1.,2.22044604925E-16,-0.));
#1708 = PCURVE('',#128,#1709);
#1709 = DEFINITIONAL_REPRESENTATION('',(#1710),#1714);
#1710 = LINE('',#1711,#1712);
#1711 = CARTESIAN_POINT('',(-12.075,9.800057030765));
#1712 = VECTOR('',#1713,1.);
#1713 = DIRECTION('',(1.,2.22044604925E-16));
#1714 = ( GEOMETRIC_REPRESENTATION_CONTEXT(2) 
PARAMETRIC_REPRESENTATION_CONTEXT() REPRESENTATION_CONTEXT('2D SPACE',''
  ) );
#1715 = PCURVE('',#1716,#1721);
#1716 = PLANE('',#1717);
#1717 = AXIS2_PLACEMENT_3D('',#1718,#1719,#1720);
#1718 = CARTESIAN_POINT('',(3.85,0.500057030765,6.18581864844));
#1719 = DIRECTION('',(2.22044604925E-16,-1.,0.));
#1720 = DIRECTION('',(0.,0.,-1.));
#1721 = DEFINITIONAL_REPRESENTATION('',(#1722),#1725);
#1722 = B_SPLINE_CURVE_WITH_KNOTS('',1,(#1723,#1724),.UNSPECIFIED.,.F.,
  .F.,(2,2),(25.775,30.575),.PIECEWISE_BEZIER_KNOTS.);
#1723 = CARTESIAN_POINT('',(0.48581864844,-1.15));
#1724 = CARTESIAN_POINT('',(0.48581864844,3.65));
#1725 = ( GEOMETRIC_REPRESENTATION_CONTEXT(2) 
PARAMETRIC_REPRESENTATION_CONTEXT() REPRESENTATION_CONTEXT('2D SPACE',''
  ) );
#1726 = ORIENTED_EDGE('',*,*,#1727,.F.);
#1727 = EDGE_CURVE('',#1728,#1701,#1730,.T.);
#1728 = VERTEX_POINT('',#1729);
#1729 = CARTESIAN_POINT('',(7.206668984023,-0.500057030765,5.7));
#1730 = SURFACE_CURVE('',#1731,(#1735,#1742),.PCURVE_S1.);
#1731 = LINE('',#1732,#1733);
#1732 = CARTESIAN_POINT('',(7.206668984023,-15.78046918907,5.7));
#1733 = VECTOR('',#1734,1.);
#1734 = DIRECTION('',(-2.22044604925E-16,1.,0.));
#1735 = PCURVE('',#128,#1736);
#1736 = DEFINITIONAL_REPRESENTATION('',(#1737),#1741);
#1737 = LINE('',#1738,#1739);
#1738 = CARTESIAN_POINT('',(18.206668984023,-6.480469189073));
#1739 = VECTOR('',#1740,1.);
#1740 = DIRECTION('',(-2.22044604925E-16,1.));
#1741 = ( GEOMETRIC_REPRESENTATION_CONTEXT(2) 
PARAMETRIC_REPRESENTATION_CONTEXT() REPRESENTATION_CONTEXT('2D SPACE',''
  ) );
#1742 = PCURVE('',#1743,#1748);
#1743 = PLANE('',#1744);
#1744 = AXIS2_PLACEMENT_3D('',#1745,#1746,#1747);
#1745 = CARTESIAN_POINT('',(7.5,18.439061621853,5.277056271379));
#1746 = DIRECTION('',(0.821715619533,1.824575201E-16,0.569897745753));
#1747 = DIRECTION('',(-0.569897745753,-1.265427198035E-16,0.821715619533
    ));
#1748 = DEFINITIONAL_REPRESENTATION('',(#1749),#1752);
#1749 = B_SPLINE_CURVE_WITH_KNOTS('',1,(#1750,#1751),.UNSPECIFIED.,.F.,
  .F.,(2,2),(15.280412158308,16.280526219838),.PIECEWISE_BEZIER_KNOTS.);
#1750 = CARTESIAN_POINT('',(0.514708152756,18.939118652618));
#1751 = CARTESIAN_POINT('',(0.514708152756,17.939004591089));
#1752 = ( GEOMETRIC_REPRESENTATION_CONTEXT(2) 
PARAMETRIC_REPRESENTATION_CONTEXT() REPRESENTATION_CONTEXT('2D SPACE',''
  ) );
#1753 = ORIENTED_EDGE('',*,*,#1754,.T.);
#1754 = EDGE_CURVE('',#1728,#1672,#1755,.T.);
#1755 = SURFACE_CURVE('',#1756,(#1760,#1767),.PCURVE_S1.);
#1756 = LINE('',#1757,#1758);
#1757 = CARTESIAN_POINT('',(-23.075,-0.500057030765,5.7));
#1758 = VECTOR('',#1759,1.);
#1759 = DIRECTION('',(-1.,-2.22044604925E-16,0.));
#1760 = PCURVE('',#128,#1761);
#1761 = DEFINITIONAL_REPRESENTATION('',(#1762),#1766);
#1762 = LINE('',#1763,#1764);
#1763 = CARTESIAN_POINT('',(-12.075,8.799942969235));
#1764 = VECTOR('',#1765,1.);
#1765 = DIRECTION('',(-1.,-2.22044604925E-16));
#1766 = ( GEOMETRIC_REPRESENTATION_CONTEXT(2) 
PARAMETRIC_REPRESENTATION_CONTEXT() REPRESENTATION_CONTEXT('2D SPACE',''
  ) );
#1767 = PCURVE('',#1768,#1773);
#1768 = PLANE('',#1769);
#1769 = AXIS2_PLACEMENT_3D('',#1770,#1771,#1772);
#1770 = CARTESIAN_POINT('',(3.85,-0.500057030765,0.196935412187));
#1771 = DIRECTION('',(-2.22044604925E-16,1.,3.620715681756E-17));
#1772 = DIRECTION('',(8.039603831015E-33,-3.620715681756E-17,1.));
#1773 = DEFINITIONAL_REPRESENTATION('',(#1774),#1777);
#1774 = B_SPLINE_CURVE_WITH_KNOTS('',1,(#1775,#1776),.UNSPECIFIED.,.F.,
  .F.,(2,2),(-30.575,-25.775),.PIECEWISE_BEZIER_KNOTS.);
#1775 = CARTESIAN_POINT('',(5.503064587813,3.65));
#1776 = CARTESIAN_POINT('',(5.503064587813,-1.15));
#1777 = ( GEOMETRIC_REPRESENTATION_CONTEXT(2) 
PARAMETRIC_REPRESENTATION_CONTEXT() REPRESENTATION_CONTEXT('2D SPACE',''
  ) );
#1778 = FACE_BOUND('',#1779,.T.);
#1779 = EDGE_LOOP('',(#1780,#1809,#1836,#1863));
#1780 = ORIENTED_EDGE('',*,*,#1781,.T.);
#1781 = EDGE_CURVE('',#1782,#1784,#1786,.T.);
#1782 = VERTEX_POINT('',#1783);
#1783 = CARTESIAN_POINT('',(2.993331015977,6.553795699216,5.7));
#1784 = VERTEX_POINT('',#1785);
#1785 = CARTESIAN_POINT('',(2.993331015977,7.553909760746,5.7));
#1786 = SURFACE_CURVE('',#1787,(#1791,#1798),.PCURVE_S1.);
#1787 = LINE('',#1788,#1789);
#1788 = CARTESIAN_POINT('',(2.993331015977,-15.78046918907,5.7));
#1789 = VECTOR('',#1790,1.);
#1790 = DIRECTION('',(-2.22044604925E-16,1.,0.));
#1791 = PCURVE('',#128,#1792);
#1792 = DEFINITIONAL_REPRESENTATION('',(#1793),#1797);
#1793 = LINE('',#1794,#1795);
#1794 = CARTESIAN_POINT('',(13.993331015977,-6.480469189073));
#1795 = VECTOR('',#1796,1.);
#1796 = DIRECTION('',(-2.22044604925E-16,1.));
#1797 = ( GEOMETRIC_REPRESENTATION_CONTEXT(2) 
PARAMETRIC_REPRESENTATION_CONTEXT() REPRESENTATION_CONTEXT('2D SPACE',''
  ) );
#1798 = PCURVE('',#1799,#1804);
#1799 = PLANE('',#1800);
#1800 = AXIS2_PLACEMENT_3D('',#1801,#1802,#1803);
#1801 = CARTESIAN_POINT('',(2.7,18.439061621853,5.277056271379));
#1802 = DIRECTION('',(0.821715619533,1.824575201E-16,-0.569897745753));
#1803 = DIRECTION('',(0.569897745753,1.265427198035E-16,0.821715619533)
  );
#1804 = DEFINITIONAL_REPRESENTATION('',(#1805),#1808);
#1805 = B_SPLINE_CURVE_WITH_KNOTS('',1,(#1806,#1807),.UNSPECIFIED.,.F.,
  .F.,(2,2),(22.334264888289,23.334378949819),.PIECEWISE_BEZIER_KNOTS.);
#1806 = CARTESIAN_POINT('',(0.514708152756,11.885265922638));
#1807 = CARTESIAN_POINT('',(0.514708152756,10.885151861108));
#1808 = ( GEOMETRIC_REPRESENTATION_CONTEXT(2) 
PARAMETRIC_REPRESENTATION_CONTEXT() REPRESENTATION_CONTEXT('2D SPACE',''
  ) );
#1809 = ORIENTED_EDGE('',*,*,#1810,.T.);
#1810 = EDGE_CURVE('',#1784,#1811,#1813,.T.);
#1811 = VERTEX_POINT('',#1812);
#1812 = CARTESIAN_POINT('',(7.206668984023,7.553909760746,5.7));
#1813 = SURFACE_CURVE('',#1814,(#1818,#1825),.PCURVE_S1.);
#1814 = LINE('',#1815,#1816);
#1815 = CARTESIAN_POINT('',(-23.075,7.553909760746,5.7));
#1816 = VECTOR('',#1817,1.);
#1817 = DIRECTION('',(1.,2.22044604925E-16,-0.));
#1818 = PCURVE('',#128,#1819);
#1819 = DEFINITIONAL_REPRESENTATION('',(#1820),#1824);
#1820 = LINE('',#1821,#1822);
#1821 = CARTESIAN_POINT('',(-12.075,16.853909760746));
#1822 = VECTOR('',#1823,1.);
#1823 = DIRECTION('',(1.,2.22044604925E-16));
#1824 = ( GEOMETRIC_REPRESENTATION_CONTEXT(2) 
PARAMETRIC_REPRESENTATION_CONTEXT() REPRESENTATION_CONTEXT('2D SPACE',''
  ) );
#1825 = PCURVE('',#1826,#1831);
#1826 = PLANE('',#1827);
#1827 = AXIS2_PLACEMENT_3D('',#1828,#1829,#1830);
#1828 = CARTESIAN_POINT('',(3.85,7.553909760746,6.18581864844));
#1829 = DIRECTION('',(2.22044604925E-16,-1.,0.));
#1830 = DIRECTION('',(0.,0.,-1.));
#1831 = DEFINITIONAL_REPRESENTATION('',(#1832),#1835);
#1832 = B_SPLINE_CURVE_WITH_KNOTS('',1,(#1833,#1834),.UNSPECIFIED.,.F.,
  .F.,(2,2),(25.775,30.575),.PIECEWISE_BEZIER_KNOTS.);
#1833 = CARTESIAN_POINT('',(0.48581864844,-1.15));
#1834 = CARTESIAN_POINT('',(0.48581864844,3.65));
#1835 = ( GEOMETRIC_REPRESENTATION_CONTEXT(2) 
PARAMETRIC_REPRESENTATION_CONTEXT() REPRESENTATION_CONTEXT('2D SPACE',''
  ) );
#1836 = ORIENTED_EDGE('',*,*,#1837,.F.);
#1837 = EDGE_CURVE('',#1838,#1811,#1840,.T.);
#1838 = VERTEX_POINT('',#1839);
#1839 = CARTESIAN_POINT('',(7.206668984023,6.553795699216,5.7));
#1840 = SURFACE_CURVE('',#1841,(#1845,#1852),.PCURVE_S1.);
#1841 = LINE('',#1842,#1843);
#1842 = CARTESIAN_POINT('',(7.206668984023,-15.78046918907,5.7));
#1843 = VECTOR('',#1844,1.);
#1844 = DIRECTION('',(-2.22044604925E-16,1.,0.));
#1845 = PCURVE('',#128,#1846);
#1846 = DEFINITIONAL_REPRESENTATION('',(#1847),#1851);
#1847 = LINE('',#1848,#1849);
#1848 = CARTESIAN_POINT('',(18.206668984023,-6.480469189073));
#1849 = VECTOR('',#1850,1.);
#1850 = DIRECTION('',(-2.22044604925E-16,1.));
#1851 = ( GEOMETRIC_REPRESENTATION_CONTEXT(2) 
PARAMETRIC_REPRESENTATION_CONTEXT() REPRESENTATION_CONTEXT('2D SPACE',''
  ) );
#1852 = PCURVE('',#1853,#1858);
#1853 = PLANE('',#1854);
#1854 = AXIS2_PLACEMENT_3D('',#1855,#1856,#1857);
#1855 = CARTESIAN_POINT('',(7.5,18.439061621853,5.277056271379));
#1856 = DIRECTION('',(0.821715619533,1.824575201E-16,0.569897745753));
#1857 = DIRECTION('',(-0.569897745753,-1.265427198035E-16,0.821715619533
    ));
#1858 = DEFINITIONAL_REPRESENTATION('',(#1859),#1862);
#1859 = B_SPLINE_CURVE_WITH_KNOTS('',1,(#1860,#1861),.UNSPECIFIED.,.F.,
  .F.,(2,2),(22.334264888289,23.334378949819),.PIECEWISE_BEZIER_KNOTS.);
#1860 = CARTESIAN_POINT('',(0.514708152756,11.885265922638));
#1861 = CARTESIAN_POINT('',(0.514708152756,10.885151861108));
#1862 = ( GEOMETRIC_REPRESENTATION_CONTEXT(2) 
PARAMETRIC_REPRESENTATION_CONTEXT() REPRESENTATION_CONTEXT('2D SPACE',''
  ) );
#1863 = ORIENTED_EDGE('',*,*,#1864,.T.);
#1864 = EDGE_CURVE('',#1838,#1782,#1865,.T.);
#1865 = SURFACE_CURVE('',#1866,(#1870,#1877),.PCURVE_S1.);
#1866 = LINE('',#1867,#1868);
#1867 = CARTESIAN_POINT('',(-23.075,6.553795699216,5.7));
#1868 = VECTOR('',#1869,1.);
#1869 = DIRECTION('',(-1.,-2.22044604925E-16,0.));
#1870 = PCURVE('',#128,#1871);
#1871 = DEFINITIONAL_REPRESENTATION('',(#1872),#1876);
#1872 = LINE('',#1873,#1874);
#1873 = CARTESIAN_POINT('',(-12.075,15.853795699216));
#1874 = VECTOR('',#1875,1.);
#1875 = DIRECTION('',(-1.,-2.22044604925E-16));
#1876 = ( GEOMETRIC_REPRESENTATION_CONTEXT(2) 
PARAMETRIC_REPRESENTATION_CONTEXT() REPRESENTATION_CONTEXT('2D SPACE',''
  ) );
#1877 = PCURVE('',#1878,#1883);
#1878 = PLANE('',#1879);
#1879 = AXIS2_PLACEMENT_3D('',#1880,#1881,#1882);
#1880 = CARTESIAN_POINT('',(3.85,6.553795699216,0.196935412187));
#1881 = DIRECTION('',(-2.22044604925E-16,1.,0.));
#1882 = DIRECTION('',(0.,0.,1.));
#1883 = DEFINITIONAL_REPRESENTATION('',(#1884),#1887);
#1884 = B_SPLINE_CURVE_WITH_KNOTS('',1,(#1885,#1886),.UNSPECIFIED.,.F.,
  .F.,(2,2),(-30.575,-25.775),.PIECEWISE_BEZIER_KNOTS.);
#1885 = CARTESIAN_POINT('',(5.503064587813,3.65));
#1886 = CARTESIAN_POINT('',(5.503064587813,-1.15));
#1887 = ( GEOMETRIC_REPRESENTATION_CONTEXT(2) 
PARAMETRIC_REPRESENTATION_CONTEXT() REPRESENTATION_CONTEXT('2D SPACE',''
  ) );
#1888 = ADVANCED_FACE('',(#1889),#156,.F.);
#1889 = FACE_BOUND('',#1890,.F.);
#1890 = EDGE_LOOP('',(#1891,#1921,#1949,#1972,#1993,#1994,#2017,#2045,
    #2073,#2101,#2129,#2157,#2178,#2179,#2202,#2223,#2224,#2225,#2248,
    #2276));
#1891 = ORIENTED_EDGE('',*,*,#1892,.F.);
#1892 = EDGE_CURVE('',#1893,#1895,#1897,.T.);
#1893 = VERTEX_POINT('',#1894);
#1894 = CARTESIAN_POINT('',(-7.770287679233,8.454649355997,
    8.418173912924));
#1895 = VERTEX_POINT('',#1896);
#1896 = CARTESIAN_POINT('',(-10.65948493722,8.454649355997,
    8.418173912924));
#1897 = SURFACE_CURVE('',#1898,(#1902,#1909),.PCURVE_S1.);
#1898 = LINE('',#1899,#1900);
#1899 = CARTESIAN_POINT('',(-1.5,8.454649355997,8.418173912924));
#1900 = VECTOR('',#1901,1.);
#1901 = DIRECTION('',(-1.,-2.22044604925E-16,0.));
#1902 = PCURVE('',#156,#1903);
#1903 = DEFINITIONAL_REPRESENTATION('',(#1904),#1908);
#1904 = LINE('',#1905,#1906);
#1905 = CARTESIAN_POINT('',(7.781826087076,0.));
#1906 = VECTOR('',#1907,1.);
#1907 = DIRECTION('',(0.,-1.));
#1908 = ( GEOMETRIC_REPRESENTATION_CONTEXT(2) 
PARAMETRIC_REPRESENTATION_CONTEXT() REPRESENTATION_CONTEXT('2D SPACE',''
  ) );
#1909 = PCURVE('',#1910,#1915);
#1910 = PLANE('',#1911);
#1911 = AXIS2_PLACEMENT_3D('',#1912,#1913,#1914);
#1912 = CARTESIAN_POINT('',(-5.613463652863,8.787970572718,
    8.418173912924));
#1913 = DIRECTION('',(0.,0.,1.));
#1914 = DIRECTION('',(2.22044604925E-16,-1.,0.));
#1915 = DEFINITIONAL_REPRESENTATION('',(#1916),#1920);
#1916 = LINE('',#1917,#1918);
#1917 = CARTESIAN_POINT('',(0.333321216721,4.113463652863));
#1918 = VECTOR('',#1919,1.);
#1919 = DIRECTION('',(0.,-1.));
#1920 = ( GEOMETRIC_REPRESENTATION_CONTEXT(2) 
PARAMETRIC_REPRESENTATION_CONTEXT() REPRESENTATION_CONTEXT('2D SPACE',''
  ) );
#1921 = ORIENTED_EDGE('',*,*,#1922,.T.);
#1922 = EDGE_CURVE('',#1893,#1923,#1925,.T.);
#1923 = VERTEX_POINT('',#1924);
#1924 = CARTESIAN_POINT('',(-7.770287679233,8.454649355997,6.18581864844
    ));
#1925 = SURFACE_CURVE('',#1926,(#1930,#1937),.PCURVE_S1.);
#1926 = LINE('',#1927,#1928);
#1927 = CARTESIAN_POINT('',(-7.770287679233,8.454649355997,
    8.418173912924));
#1928 = VECTOR('',#1929,1.);
#1929 = DIRECTION('',(0.,0.,-1.));
#1930 = PCURVE('',#156,#1931);
#1931 = DEFINITIONAL_REPRESENTATION('',(#1932),#1936);
#1932 = LINE('',#1933,#1934);
#1933 = CARTESIAN_POINT('',(7.781826087076,-6.270287679233));
#1934 = VECTOR('',#1935,1.);
#1935 = DIRECTION('',(1.,0.));
#1936 = ( GEOMETRIC_REPRESENTATION_CONTEXT(2) 
PARAMETRIC_REPRESENTATION_CONTEXT() REPRESENTATION_CONTEXT('2D SPACE',''
  ) );
#1937 = PCURVE('',#1938,#1943);
#1938 = PLANE('',#1939);
#1939 = AXIS2_PLACEMENT_3D('',#1940,#1941,#1942);
#1940 = CARTESIAN_POINT('',(-7.770287679233,6.984452921423,
    12.255995943615));
#1941 = DIRECTION('',(1.,2.22044604925E-16,0.));
#1942 = DIRECTION('',(0.,0.,-1.));
#1943 = DEFINITIONAL_REPRESENTATION('',(#1944),#1948);
#1944 = LINE('',#1945,#1946);
#1945 = CARTESIAN_POINT('',(3.837822030691,1.470196434574));
#1946 = VECTOR('',#1947,1.);
#1947 = DIRECTION('',(1.,0.));
#1948 = ( GEOMETRIC_REPRESENTATION_CONTEXT(2) 
PARAMETRIC_REPRESENTATION_CONTEXT() REPRESENTATION_CONTEXT('2D SPACE',''
  ) );
#1949 = ORIENTED_EDGE('',*,*,#1950,.F.);
#1950 = EDGE_CURVE('',#1951,#1923,#1953,.T.);
#1951 = VERTEX_POINT('',#1952);
#1952 = CARTESIAN_POINT('',(-0.428990424285,8.454649355997,6.18581864844
    ));
#1953 = SURFACE_CURVE('',#1954,(#1958,#1965),.PCURVE_S1.);
#1954 = LINE('',#1955,#1956);
#1955 = CARTESIAN_POINT('',(-1.5,8.454649355997,6.18581864844));
#1956 = VECTOR('',#1957,1.);
#1957 = DIRECTION('',(-1.,-2.22044604925E-16,0.));
#1958 = PCURVE('',#156,#1959);
#1959 = DEFINITIONAL_REPRESENTATION('',(#1960),#1964);
#1960 = LINE('',#1961,#1962);
#1961 = CARTESIAN_POINT('',(10.01418135156,0.));
#1962 = VECTOR('',#1963,1.);
#1963 = DIRECTION('',(0.,-1.));
#1964 = ( GEOMETRIC_REPRESENTATION_CONTEXT(2) 
PARAMETRIC_REPRESENTATION_CONTEXT() REPRESENTATION_CONTEXT('2D SPACE',''
  ) );
#1965 = PCURVE('',#316,#1966);
#1966 = DEFINITIONAL_REPRESENTATION('',(#1967),#1971);
#1967 = LINE('',#1968,#1969);
#1968 = CARTESIAN_POINT('',(-15.50850208597,0.));
#1969 = VECTOR('',#1970,1.);
#1970 = DIRECTION('',(0.,-1.));
#1971 = ( GEOMETRIC_REPRESENTATION_CONTEXT(2) 
PARAMETRIC_REPRESENTATION_CONTEXT() REPRESENTATION_CONTEXT('2D SPACE',''
  ) );
#1972 = ORIENTED_EDGE('',*,*,#1973,.F.);
#1973 = EDGE_CURVE('',#1623,#1951,#1974,.T.);
#1974 = SURFACE_CURVE('',#1975,(#1979,#1986),.PCURVE_S1.);
#1975 = LINE('',#1976,#1977);
#1976 = CARTESIAN_POINT('',(-0.428990424285,8.454649355997,6.18581864844
    ));
#1977 = VECTOR('',#1978,1.);
#1978 = DIRECTION('',(6.109467283154E-17,1.35657424919E-32,1.));
#1979 = PCURVE('',#156,#1980);
#1980 = DEFINITIONAL_REPRESENTATION('',(#1981),#1985);
#1981 = LINE('',#1982,#1983);
#1982 = CARTESIAN_POINT('',(10.01418135156,1.071009575715));
#1983 = VECTOR('',#1984,1.);
#1984 = DIRECTION('',(-1.,6.109467283154E-17));
#1985 = ( GEOMETRIC_REPRESENTATION_CONTEXT(2) 
PARAMETRIC_REPRESENTATION_CONTEXT() REPRESENTATION_CONTEXT('2D SPACE',''
  ) );
#1986 = PCURVE('',#1638,#1987);
#1987 = DEFINITIONAL_REPRESENTATION('',(#1988),#1992);
#1988 = LINE('',#1989,#1990);
#1989 = CARTESIAN_POINT('',(-0.,-16.90929871199));
#1990 = VECTOR('',#1991,1.);
#1991 = DIRECTION('',(-1.,0.));
#1992 = ( GEOMETRIC_REPRESENTATION_CONTEXT(2) 
PARAMETRIC_REPRESENTATION_CONTEXT() REPRESENTATION_CONTEXT('2D SPACE',''
  ) );
#1993 = ORIENTED_EDGE('',*,*,#1649,.T.);
#1994 = ORIENTED_EDGE('',*,*,#1995,.F.);
#1995 = EDGE_CURVE('',#1996,#1574,#1998,.T.);
#1996 = VERTEX_POINT('',#1997);
#1997 = CARTESIAN_POINT('',(0.428990424285,8.454649355997,6.18581864844)
  );
#1998 = SURFACE_CURVE('',#1999,(#2003,#2010),.PCURVE_S1.);
#1999 = LINE('',#2000,#2001);
#2000 = CARTESIAN_POINT('',(0.428990424285,8.454649355997,-1.8));
#2001 = VECTOR('',#2002,1.);
#2002 = DIRECTION('',(-1.764957215133E-16,-3.918992275439E-32,-1.));
#2003 = PCURVE('',#156,#2004);
#2004 = DEFINITIONAL_REPRESENTATION('',(#2005),#2009);
#2005 = LINE('',#2006,#2007);
#2006 = CARTESIAN_POINT('',(18.,1.928990424285));
#2007 = VECTOR('',#2008,1.);
#2008 = DIRECTION('',(1.,-1.764957215133E-16));
#2009 = ( GEOMETRIC_REPRESENTATION_CONTEXT(2) 
PARAMETRIC_REPRESENTATION_CONTEXT() REPRESENTATION_CONTEXT('2D SPACE',''
  ) );
#2010 = PCURVE('',#1589,#2011);
#2011 = DEFINITIONAL_REPRESENTATION('',(#2012),#2016);
#2012 = LINE('',#2013,#2014);
#2013 = CARTESIAN_POINT('',(0.,-16.90929871199));
#2014 = VECTOR('',#2015,1.);
#2015 = DIRECTION('',(-1.,0.));
#2016 = ( GEOMETRIC_REPRESENTATION_CONTEXT(2) 
PARAMETRIC_REPRESENTATION_CONTEXT() REPRESENTATION_CONTEXT('2D SPACE',''
  ) );
#2017 = ORIENTED_EDGE('',*,*,#2018,.F.);
#2018 = EDGE_CURVE('',#2019,#1996,#2021,.T.);
#2019 = VERTEX_POINT('',#2020);
#2020 = CARTESIAN_POINT('',(7.770287679233,8.454649355997,6.18581864844)
  );
#2021 = SURFACE_CURVE('',#2022,(#2026,#2033),.PCURVE_S1.);
#2022 = LINE('',#2023,#2024);
#2023 = CARTESIAN_POINT('',(-1.5,8.454649355997,6.18581864844));
#2024 = VECTOR('',#2025,1.);
#2025 = DIRECTION('',(-1.,-2.22044604925E-16,0.));
#2026 = PCURVE('',#156,#2027);
#2027 = DEFINITIONAL_REPRESENTATION('',(#2028),#2032);
#2028 = LINE('',#2029,#2030);
#2029 = CARTESIAN_POINT('',(10.01418135156,0.));
#2030 = VECTOR('',#2031,1.);
#2031 = DIRECTION('',(0.,-1.));
#2032 = ( GEOMETRIC_REPRESENTATION_CONTEXT(2) 
PARAMETRIC_REPRESENTATION_CONTEXT() REPRESENTATION_CONTEXT('2D SPACE',''
  ) );
#2033 = PCURVE('',#2034,#2039);
#2034 = PLANE('',#2035);
#2035 = AXIS2_PLACEMENT_3D('',#2036,#2037,#2038);
#2036 = CARTESIAN_POINT('',(-1.5,-7.053852729981,6.18581864844));
#2037 = DIRECTION('',(0.,0.,1.));
#2038 = DIRECTION('',(2.22044604925E-16,-1.,0.));
#2039 = DEFINITIONAL_REPRESENTATION('',(#2040),#2044);
#2040 = LINE('',#2041,#2042);
#2041 = CARTESIAN_POINT('',(-15.50850208597,0.));
#2042 = VECTOR('',#2043,1.);
#2043 = DIRECTION('',(0.,-1.));
#2044 = ( GEOMETRIC_REPRESENTATION_CONTEXT(2) 
PARAMETRIC_REPRESENTATION_CONTEXT() REPRESENTATION_CONTEXT('2D SPACE',''
  ) );
#2045 = ORIENTED_EDGE('',*,*,#2046,.F.);
#2046 = EDGE_CURVE('',#2047,#2019,#2049,.T.);
#2047 = VERTEX_POINT('',#2048);
#2048 = CARTESIAN_POINT('',(7.770287679233,8.454649355997,8.418173912924
    ));
#2049 = SURFACE_CURVE('',#2050,(#2054,#2061),.PCURVE_S1.);
#2050 = LINE('',#2051,#2052);
#2051 = CARTESIAN_POINT('',(7.770287679233,8.454649355997,8.418173912924
    ));
#2052 = VECTOR('',#2053,1.);
#2053 = DIRECTION('',(0.,0.,-1.));
#2054 = PCURVE('',#156,#2055);
#2055 = DEFINITIONAL_REPRESENTATION('',(#2056),#2060);
#2056 = LINE('',#2057,#2058);
#2057 = CARTESIAN_POINT('',(7.781826087076,9.270287679233));
#2058 = VECTOR('',#2059,1.);
#2059 = DIRECTION('',(1.,0.));
#2060 = ( GEOMETRIC_REPRESENTATION_CONTEXT(2) 
PARAMETRIC_REPRESENTATION_CONTEXT() REPRESENTATION_CONTEXT('2D SPACE',''
  ) );
#2061 = PCURVE('',#2062,#2067);
#2062 = PLANE('',#2063);
#2063 = AXIS2_PLACEMENT_3D('',#2064,#2065,#2066);
#2064 = CARTESIAN_POINT('',(7.770287679233,6.984452921423,
    12.255995943615));
#2065 = DIRECTION('',(-1.,-2.22044604925E-16,0.));
#2066 = DIRECTION('',(0.,0.,-1.));
#2067 = DEFINITIONAL_REPRESENTATION('',(#2068),#2072);
#2068 = LINE('',#2069,#2070);
#2069 = CARTESIAN_POINT('',(3.837822030691,-1.470196434574));
#2070 = VECTOR('',#2071,1.);
#2071 = DIRECTION('',(1.,0.));
#2072 = ( GEOMETRIC_REPRESENTATION_CONTEXT(2) 
PARAMETRIC_REPRESENTATION_CONTEXT() REPRESENTATION_CONTEXT('2D SPACE',''
  ) );
#2073 = ORIENTED_EDGE('',*,*,#2074,.T.);
#2074 = EDGE_CURVE('',#2047,#2075,#2077,.T.);
#2075 = VERTEX_POINT('',#2076);
#2076 = CARTESIAN_POINT('',(10.659484937228,8.454649355997,
    8.418173912924));
#2077 = SURFACE_CURVE('',#2078,(#2082,#2089),.PCURVE_S1.);
#2078 = LINE('',#2079,#2080);
#2079 = CARTESIAN_POINT('',(5.613463652863,8.454649355997,8.418173912924
    ));
#2080 = VECTOR('',#2081,1.);
#2081 = DIRECTION('',(1.,2.22044604925E-16,0.));
#2082 = PCURVE('',#156,#2083);
#2083 = DEFINITIONAL_REPRESENTATION('',(#2084),#2088);
#2084 = LINE('',#2085,#2086);
#2085 = CARTESIAN_POINT('',(7.781826087076,7.113463652863));
#2086 = VECTOR('',#2087,1.);
#2087 = DIRECTION('',(0.,1.));
#2088 = ( GEOMETRIC_REPRESENTATION_CONTEXT(2) 
PARAMETRIC_REPRESENTATION_CONTEXT() REPRESENTATION_CONTEXT('2D SPACE',''
  ) );
#2089 = PCURVE('',#2090,#2095);
#2090 = PLANE('',#2091);
#2091 = AXIS2_PLACEMENT_3D('',#2092,#2093,#2094);
#2092 = CARTESIAN_POINT('',(5.613463652863,8.787970572718,8.418173912924
    ));
#2093 = DIRECTION('',(0.,0.,1.));
#2094 = DIRECTION('',(2.22044604925E-16,-1.,0.));
#2095 = DEFINITIONAL_REPRESENTATION('',(#2096),#2100);
#2096 = LINE('',#2097,#2098);
#2097 = CARTESIAN_POINT('',(0.333321216721,0.));
#2098 = VECTOR('',#2099,1.);
#2099 = DIRECTION('',(0.,1.));
#2100 = ( GEOMETRIC_REPRESENTATION_CONTEXT(2) 
PARAMETRIC_REPRESENTATION_CONTEXT() REPRESENTATION_CONTEXT('2D SPACE',''
  ) );
#2101 = ORIENTED_EDGE('',*,*,#2102,.T.);
#2102 = EDGE_CURVE('',#2075,#2103,#2105,.T.);
#2103 = VERTEX_POINT('',#2104);
#2104 = CARTESIAN_POINT('',(10.659484937228,8.454649355997,
    6.029325323827));
#2105 = SURFACE_CURVE('',#2106,(#2110,#2117),.PCURVE_S1.);
#2106 = LINE('',#2107,#2108);
#2107 = CARTESIAN_POINT('',(10.659484937228,8.454649355997,
    8.418173912924));
#2108 = VECTOR('',#2109,1.);
#2109 = DIRECTION('',(0.,0.,-1.));
#2110 = PCURVE('',#156,#2111);
#2111 = DEFINITIONAL_REPRESENTATION('',(#2112),#2116);
#2112 = LINE('',#2113,#2114);
#2113 = CARTESIAN_POINT('',(7.781826087076,12.159484937228));
#2114 = VECTOR('',#2115,1.);
#2115 = DIRECTION('',(1.,0.));
#2116 = ( GEOMETRIC_REPRESENTATION_CONTEXT(2) 
PARAMETRIC_REPRESENTATION_CONTEXT() REPRESENTATION_CONTEXT('2D SPACE',''
  ) );
#2117 = PCURVE('',#2118,#2123);
#2118 = PLANE('',#2119);
#2119 = AXIS2_PLACEMENT_3D('',#2120,#2121,#2122);
#2120 = CARTESIAN_POINT('',(10.659484937228,6.984452921423,
    12.255995943615));
#2121 = DIRECTION('',(-1.,-2.22044604925E-16,0.));
#2122 = DIRECTION('',(0.,0.,-1.));
#2123 = DEFINITIONAL_REPRESENTATION('',(#2124),#2128);
#2124 = LINE('',#2125,#2126);
#2125 = CARTESIAN_POINT('',(3.837822030691,-1.470196434574));
#2126 = VECTOR('',#2127,1.);
#2127 = DIRECTION('',(1.,0.));
#2128 = ( GEOMETRIC_REPRESENTATION_CONTEXT(2) 
PARAMETRIC_REPRESENTATION_CONTEXT() REPRESENTATION_CONTEXT('2D SPACE',''
  ) );
#2129 = ORIENTED_EDGE('',*,*,#2130,.F.);
#2130 = EDGE_CURVE('',#2131,#2103,#2133,.T.);
#2131 = VERTEX_POINT('',#2132);
#2132 = CARTESIAN_POINT('',(9.459608849442,8.454649355997,6.029325323827
    ));
#2133 = SURFACE_CURVE('',#2134,(#2138,#2145),.PCURVE_S1.);
#2134 = LINE('',#2135,#2136);
#2135 = CARTESIAN_POINT('',(5.613463652863,8.454649355997,6.029325323827
    ));
#2136 = VECTOR('',#2137,1.);
#2137 = DIRECTION('',(1.,2.22044604925E-16,0.));
#2138 = PCURVE('',#156,#2139);
#2139 = DEFINITIONAL_REPRESENTATION('',(#2140),#2144);
#2140 = LINE('',#2141,#2142);
#2141 = CARTESIAN_POINT('',(10.170674676173,7.113463652863));
#2142 = VECTOR('',#2143,1.);
#2143 = DIRECTION('',(0.,1.));
#2144 = ( GEOMETRIC_REPRESENTATION_CONTEXT(2) 
PARAMETRIC_REPRESENTATION_CONTEXT() REPRESENTATION_CONTEXT('2D SPACE',''
  ) );
#2145 = PCURVE('',#2146,#2151);
#2146 = PLANE('',#2147);
#2147 = AXIS2_PLACEMENT_3D('',#2148,#2149,#2150);
#2148 = CARTESIAN_POINT('',(5.613463652863,-29.56570086721,
    6.029325323827));
#2149 = DIRECTION('',(0.,0.,1.));
#2150 = DIRECTION('',(2.22044604925E-16,-1.,0.));
#2151 = DEFINITIONAL_REPRESENTATION('',(#2152),#2156);
#2152 = LINE('',#2153,#2154);
#2153 = CARTESIAN_POINT('',(-38.0203502232,0.));
#2154 = VECTOR('',#2155,1.);
#2155 = DIRECTION('',(0.,1.));
#2156 = ( GEOMETRIC_REPRESENTATION_CONTEXT(2) 
PARAMETRIC_REPRESENTATION_CONTEXT() REPRESENTATION_CONTEXT('2D SPACE',''
  ) );
#2157 = ORIENTED_EDGE('',*,*,#2158,.F.);
#2158 = EDGE_CURVE('',#1139,#2131,#2159,.T.);
#2159 = SURFACE_CURVE('',#2160,(#2164,#2171),.PCURVE_S1.);
#2160 = LINE('',#2161,#2162);
#2161 = CARTESIAN_POINT('',(9.459608849442,8.454649355997,16.2));
#2162 = VECTOR('',#2163,1.);
#2163 = DIRECTION('',(0.,0.,1.));
#2164 = PCURVE('',#156,#2165);
#2165 = DEFINITIONAL_REPRESENTATION('',(#2166),#2170);
#2166 = LINE('',#2167,#2168);
#2167 = CARTESIAN_POINT('',(0.,10.959608849442));
#2168 = VECTOR('',#2169,1.);
#2169 = DIRECTION('',(-1.,0.));
#2170 = ( GEOMETRIC_REPRESENTATION_CONTEXT(2) 
PARAMETRIC_REPRESENTATION_CONTEXT() REPRESENTATION_CONTEXT('2D SPACE',''
  ) );
#2171 = PCURVE('',#1154,#2172);
#2172 = DEFINITIONAL_REPRESENTATION('',(#2173),#2177);
#2173 = LINE('',#2174,#2175);
#2174 = CARTESIAN_POINT('',(11.528397444264,-38.0203502232));
#2175 = VECTOR('',#2176,1.);
#2176 = DIRECTION('',(1.,0.));
#2177 = ( GEOMETRIC_REPRESENTATION_CONTEXT(2) 
PARAMETRIC_REPRESENTATION_CONTEXT() REPRESENTATION_CONTEXT('2D SPACE',''
  ) );
#2178 = ORIENTED_EDGE('',*,*,#1165,.T.);
#2179 = ORIENTED_EDGE('',*,*,#2180,.F.);
#2180 = EDGE_CURVE('',#2181,#1166,#2183,.T.);
#2181 = VERTEX_POINT('',#2182);
#2182 = CARTESIAN_POINT('',(11.,8.454649355997,16.2));
#2183 = SURFACE_CURVE('',#2184,(#2188,#2195),.PCURVE_S1.);
#2184 = LINE('',#2185,#2186);
#2185 = CARTESIAN_POINT('',(11.,8.454649355997,16.2));
#2186 = VECTOR('',#2187,1.);
#2187 = DIRECTION('',(0.,0.,-1.));
#2188 = PCURVE('',#156,#2189);
#2189 = DEFINITIONAL_REPRESENTATION('',(#2190),#2194);
#2190 = LINE('',#2191,#2192);
#2191 = CARTESIAN_POINT('',(0.,12.5));
#2192 = VECTOR('',#2193,1.);
#2193 = DIRECTION('',(1.,0.));
#2194 = ( GEOMETRIC_REPRESENTATION_CONTEXT(2) 
PARAMETRIC_REPRESENTATION_CONTEXT() REPRESENTATION_CONTEXT('2D SPACE',''
  ) );
#2195 = PCURVE('',#418,#2196);
#2196 = DEFINITIONAL_REPRESENTATION('',(#2197),#2201);
#2197 = LINE('',#2198,#2199);
#2198 = CARTESIAN_POINT('',(11.7,-17.75464935599));
#2199 = VECTOR('',#2200,1.);
#2200 = DIRECTION('',(-1.,0.));
#2201 = ( GEOMETRIC_REPRESENTATION_CONTEXT(2) 
PARAMETRIC_REPRESENTATION_CONTEXT() REPRESENTATION_CONTEXT('2D SPACE',''
  ) );
#2202 = ORIENTED_EDGE('',*,*,#2203,.F.);
#2203 = EDGE_CURVE('',#141,#2181,#2204,.T.);
#2204 = SURFACE_CURVE('',#2205,(#2209,#2216),.PCURVE_S1.);
#2205 = LINE('',#2206,#2207);
#2206 = CARTESIAN_POINT('',(-1.5,8.454649355997,16.2));
#2207 = VECTOR('',#2208,1.);
#2208 = DIRECTION('',(1.,2.22044604925E-16,0.));
#2209 = PCURVE('',#156,#2210);
#2210 = DEFINITIONAL_REPRESENTATION('',(#2211),#2215);
#2211 = LINE('',#2212,#2213);
#2212 = CARTESIAN_POINT('',(0.,0.));
#2213 = VECTOR('',#2214,1.);
#2214 = DIRECTION('',(0.,1.));
#2215 = ( GEOMETRIC_REPRESENTATION_CONTEXT(2) 
PARAMETRIC_REPRESENTATION_CONTEXT() REPRESENTATION_CONTEXT('2D SPACE',''
  ) );
#2216 = PCURVE('',#184,#2217);
#2217 = DEFINITIONAL_REPRESENTATION('',(#2218),#2222);
#2218 = LINE('',#2219,#2220);
#2219 = CARTESIAN_POINT('',(-2.045350644003,6.));
#2220 = VECTOR('',#2221,1.);
#2221 = DIRECTION('',(0.,1.));
#2222 = ( GEOMETRIC_REPRESENTATION_CONTEXT(2) 
PARAMETRIC_REPRESENTATION_CONTEXT() REPRESENTATION_CONTEXT('2D SPACE',''
  ) );
#2223 = ORIENTED_EDGE('',*,*,#140,.T.);
#2224 = ORIENTED_EDGE('',*,*,#1210,.T.);
#2225 = ORIENTED_EDGE('',*,*,#2226,.F.);
#2226 = EDGE_CURVE('',#2227,#1211,#2229,.T.);
#2227 = VERTEX_POINT('',#2228);
#2228 = CARTESIAN_POINT('',(-9.459608849442,8.454649355997,
    6.029325323827));
#2229 = SURFACE_CURVE('',#2230,(#2234,#2241),.PCURVE_S1.);
#2230 = LINE('',#2231,#2232);
#2231 = CARTESIAN_POINT('',(-9.459608849442,8.454649355997,16.2));
#2232 = VECTOR('',#2233,1.);
#2233 = DIRECTION('',(0.,0.,-1.));
#2234 = PCURVE('',#156,#2235);
#2235 = DEFINITIONAL_REPRESENTATION('',(#2236),#2240);
#2236 = LINE('',#2237,#2238);
#2237 = CARTESIAN_POINT('',(0.,-7.959608849442));
#2238 = VECTOR('',#2239,1.);
#2239 = DIRECTION('',(1.,0.));
#2240 = ( GEOMETRIC_REPRESENTATION_CONTEXT(2) 
PARAMETRIC_REPRESENTATION_CONTEXT() REPRESENTATION_CONTEXT('2D SPACE',''
  ) );
#2241 = PCURVE('',#1248,#2242);
#2242 = DEFINITIONAL_REPRESENTATION('',(#2243),#2247);
#2243 = LINE('',#2244,#2245);
#2244 = CARTESIAN_POINT('',(-11.52839744426,-38.0203502232));
#2245 = VECTOR('',#2246,1.);
#2246 = DIRECTION('',(1.,0.));
#2247 = ( GEOMETRIC_REPRESENTATION_CONTEXT(2) 
PARAMETRIC_REPRESENTATION_CONTEXT() REPRESENTATION_CONTEXT('2D SPACE',''
  ) );
#2248 = ORIENTED_EDGE('',*,*,#2249,.T.);
#2249 = EDGE_CURVE('',#2227,#2250,#2252,.T.);
#2250 = VERTEX_POINT('',#2251);
#2251 = CARTESIAN_POINT('',(-10.65948493722,8.454649355997,
    6.029325323827));
#2252 = SURFACE_CURVE('',#2253,(#2257,#2264),.PCURVE_S1.);
#2253 = LINE('',#2254,#2255);
#2254 = CARTESIAN_POINT('',(-1.5,8.454649355997,6.029325323827));
#2255 = VECTOR('',#2256,1.);
#2256 = DIRECTION('',(-1.,-2.22044604925E-16,0.));
#2257 = PCURVE('',#156,#2258);
#2258 = DEFINITIONAL_REPRESENTATION('',(#2259),#2263);
#2259 = LINE('',#2260,#2261);
#2260 = CARTESIAN_POINT('',(10.170674676173,0.));
#2261 = VECTOR('',#2262,1.);
#2262 = DIRECTION('',(0.,-1.));
#2263 = ( GEOMETRIC_REPRESENTATION_CONTEXT(2) 
PARAMETRIC_REPRESENTATION_CONTEXT() REPRESENTATION_CONTEXT('2D SPACE',''
  ) );
#2264 = PCURVE('',#2265,#2270);
#2265 = PLANE('',#2266);
#2266 = AXIS2_PLACEMENT_3D('',#2267,#2268,#2269);
#2267 = CARTESIAN_POINT('',(-5.613463652863,-29.56570086721,
    6.029325323827));
#2268 = DIRECTION('',(0.,0.,1.));
#2269 = DIRECTION('',(2.22044604925E-16,-1.,0.));
#2270 = DEFINITIONAL_REPRESENTATION('',(#2271),#2275);
#2271 = LINE('',#2272,#2273);
#2272 = CARTESIAN_POINT('',(-38.0203502232,4.113463652863));
#2273 = VECTOR('',#2274,1.);
#2274 = DIRECTION('',(0.,-1.));
#2275 = ( GEOMETRIC_REPRESENTATION_CONTEXT(2) 
PARAMETRIC_REPRESENTATION_CONTEXT() REPRESENTATION_CONTEXT('2D SPACE',''
  ) );
#2276 = ORIENTED_EDGE('',*,*,#2277,.T.);
#2277 = EDGE_CURVE('',#2250,#1895,#2278,.T.);
#2278 = SURFACE_CURVE('',#2279,(#2283,#2290),.PCURVE_S1.);
#2279 = LINE('',#2280,#2281);
#2280 = CARTESIAN_POINT('',(-10.65948493722,8.454649355997,16.2));
#2281 = VECTOR('',#2282,1.);
#2282 = DIRECTION('',(0.,0.,1.));
#2283 = PCURVE('',#156,#2284);
#2284 = DEFINITIONAL_REPRESENTATION('',(#2285),#2289);
#2285 = LINE('',#2286,#2287);
#2286 = CARTESIAN_POINT('',(0.,-9.159484937228));
#2287 = VECTOR('',#2288,1.);
#2288 = DIRECTION('',(-1.,0.));
#2289 = ( GEOMETRIC_REPRESENTATION_CONTEXT(2) 
PARAMETRIC_REPRESENTATION_CONTEXT() REPRESENTATION_CONTEXT('2D SPACE',''
  ) );
#2290 = PCURVE('',#2291,#2296);
#2291 = PLANE('',#2292);
#2292 = AXIS2_PLACEMENT_3D('',#2293,#2294,#2295);
#2293 = CARTESIAN_POINT('',(-10.65948493722,6.984452921423,
    12.255995943615));
#2294 = DIRECTION('',(1.,2.22044604925E-16,0.));
#2295 = DIRECTION('',(0.,0.,-1.));
#2296 = DEFINITIONAL_REPRESENTATION('',(#2297),#2301);
#2297 = LINE('',#2298,#2299);
#2298 = CARTESIAN_POINT('',(-3.944004056385,1.470196434574));
#2299 = VECTOR('',#2300,1.);
#2300 = DIRECTION('',(-1.,0.));
#2301 = ( GEOMETRIC_REPRESENTATION_CONTEXT(2) 
PARAMETRIC_REPRESENTATION_CONTEXT() REPRESENTATION_CONTEXT('2D SPACE',''
  ) );
#2302 = ADVANCED_FACE('',(#2303,#2533),#184,.T.);
#2303 = FACE_BOUND('',#2304,.T.);
#2304 = EDGE_LOOP('',(#2305,#2335,#2364,#2392,#2421,#2449,#2478,#2506));
#2305 = ORIENTED_EDGE('',*,*,#2306,.F.);
#2306 = EDGE_CURVE('',#2307,#2309,#2311,.T.);
#2307 = VERTEX_POINT('',#2308);
#2308 = CARTESIAN_POINT('',(12.,-9.695587797656,16.2));
#2309 = VERTEX_POINT('',#2310);
#2310 = CARTESIAN_POINT('',(12.,9.695587797656,16.2));
#2311 = SURFACE_CURVE('',#2312,(#2316,#2323),.PCURVE_S1.);
#2312 = LINE('',#2313,#2314);
#2313 = CARTESIAN_POINT('',(12.,10.5,16.2));
#2314 = VECTOR('',#2315,1.);
#2315 = DIRECTION('',(-2.22044604925E-16,1.,0.));
#2316 = PCURVE('',#184,#2317);
#2317 = DEFINITIONAL_REPRESENTATION('',(#2318),#2322);
#2318 = LINE('',#2319,#2320);
#2319 = CARTESIAN_POINT('',(0.,19.5));
#2320 = VECTOR('',#2321,1.);
#2321 = DIRECTION('',(1.,0.));
#2322 = ( GEOMETRIC_REPRESENTATION_CONTEXT(2) 
PARAMETRIC_REPRESENTATION_CONTEXT() REPRESENTATION_CONTEXT('2D SPACE',''
  ) );
#2323 = PCURVE('',#2324,#2329);
#2324 = PLANE('',#2325);
#2325 = AXIS2_PLACEMENT_3D('',#2326,#2327,#2328);
#2326 = CARTESIAN_POINT('',(12.,-9.48,17.217839867984));
#2327 = DIRECTION('',(1.,2.22044604925E-16,0.));
#2328 = DIRECTION('',(0.,-0.,1.));
#2329 = DEFINITIONAL_REPRESENTATION('',(#2330),#2334);
#2330 = LINE('',#2331,#2332);
#2331 = CARTESIAN_POINT('',(-1.017839867984,-19.98));
#2332 = VECTOR('',#2333,1.);
#2333 = DIRECTION('',(0.,-1.));
#2334 = ( GEOMETRIC_REPRESENTATION_CONTEXT(2) 
PARAMETRIC_REPRESENTATION_CONTEXT() REPRESENTATION_CONTEXT('2D SPACE',''
  ) );
#2335 = ORIENTED_EDGE('',*,*,#2336,.T.);
#2336 = EDGE_CURVE('',#2307,#2337,#2339,.T.);
#2337 = VERTEX_POINT('',#2338);
#2338 = CARTESIAN_POINT('',(11.195587797656,-10.5,16.2));
#2339 = SURFACE_CURVE('',#2340,(#2345,#2352),.PCURVE_S1.);
#2340 = CIRCLE('',#2341,0.804412202344);
#2341 = AXIS2_PLACEMENT_3D('',#2342,#2343,#2344);
#2342 = CARTESIAN_POINT('',(11.195587797656,-9.695587797656,16.2));
#2343 = DIRECTION('',(0.,0.,-1.));
#2344 = DIRECTION('',(-2.22044604925E-16,1.,0.));
#2345 = PCURVE('',#184,#2346);
#2346 = DEFINITIONAL_REPRESENTATION('',(#2347),#2351);
#2347 = CIRCLE('',#2348,0.804412202344);
#2348 = AXIS2_PLACEMENT_2D('',#2349,#2350);
#2349 = CARTESIAN_POINT('',(-20.19558779765,18.695587797656));
#2350 = DIRECTION('',(1.,0.));
#2351 = ( GEOMETRIC_REPRESENTATION_CONTEXT(2) 
PARAMETRIC_REPRESENTATION_CONTEXT() REPRESENTATION_CONTEXT('2D SPACE',''
  ) );
#2352 = PCURVE('',#2353,#2358);
#2353 = CYLINDRICAL_SURFACE('',#2354,0.804412202344);
#2354 = AXIS2_PLACEMENT_3D('',#2355,#2356,#2357);
#2355 = CARTESIAN_POINT('',(11.195587797656,-9.695587797656,
    17.217839867984));
#2356 = DIRECTION('',(0.,0.,-1.));
#2357 = DIRECTION('',(-2.22044604925E-16,1.,0.));
#2358 = DEFINITIONAL_REPRESENTATION('',(#2359),#2363);
#2359 = LINE('',#2360,#2361);
#2360 = CARTESIAN_POINT('',(0.,1.017839867984));
#2361 = VECTOR('',#2362,1.);
#2362 = DIRECTION('',(1.,0.));
#2363 = ( GEOMETRIC_REPRESENTATION_CONTEXT(2) 
PARAMETRIC_REPRESENTATION_CONTEXT() REPRESENTATION_CONTEXT('2D SPACE',''
  ) );
#2364 = ORIENTED_EDGE('',*,*,#2365,.F.);
#2365 = EDGE_CURVE('',#2366,#2337,#2368,.T.);
#2366 = VERTEX_POINT('',#2367);
#2367 = CARTESIAN_POINT('',(-11.19558779765,-10.5,16.2));
#2368 = SURFACE_CURVE('',#2369,(#2373,#2380),.PCURVE_S1.);
#2369 = LINE('',#2370,#2371);
#2370 = CARTESIAN_POINT('',(-7.5,-10.5,16.2));
#2371 = VECTOR('',#2372,1.);
#2372 = DIRECTION('',(1.,2.22044604925E-16,0.));
#2373 = PCURVE('',#184,#2374);
#2374 = DEFINITIONAL_REPRESENTATION('',(#2375),#2379);
#2375 = LINE('',#2376,#2377);
#2376 = CARTESIAN_POINT('',(-21.,0.));
#2377 = VECTOR('',#2378,1.);
#2378 = DIRECTION('',(0.,1.));
#2379 = ( GEOMETRIC_REPRESENTATION_CONTEXT(2) 
PARAMETRIC_REPRESENTATION_CONTEXT() REPRESENTATION_CONTEXT('2D SPACE',''
  ) );
#2380 = PCURVE('',#2381,#2386);
#2381 = PLANE('',#2382);
#2382 = AXIS2_PLACEMENT_3D('',#2383,#2384,#2385);
#2383 = CARTESIAN_POINT('',(-7.5,-10.5,16.2));
#2384 = DIRECTION('',(2.22044604925E-16,-1.,0.));
#2385 = DIRECTION('',(0.,0.,-1.));
#2386 = DEFINITIONAL_REPRESENTATION('',(#2387),#2391);
#2387 = LINE('',#2388,#2389);
#2388 = CARTESIAN_POINT('',(0.,0.));
#2389 = VECTOR('',#2390,1.);
#2390 = DIRECTION('',(0.,1.));
#2391 = ( GEOMETRIC_REPRESENTATION_CONTEXT(2) 
PARAMETRIC_REPRESENTATION_CONTEXT() REPRESENTATION_CONTEXT('2D SPACE',''
  ) );
#2392 = ORIENTED_EDGE('',*,*,#2393,.T.);
#2393 = EDGE_CURVE('',#2366,#2394,#2396,.T.);
#2394 = VERTEX_POINT('',#2395);
#2395 = CARTESIAN_POINT('',(-12.,-9.695587797656,16.2));
#2396 = SURFACE_CURVE('',#2397,(#2402,#2409),.PCURVE_S1.);
#2397 = CIRCLE('',#2398,0.804412202344);
#2398 = AXIS2_PLACEMENT_3D('',#2399,#2400,#2401);
#2399 = CARTESIAN_POINT('',(-11.19558779765,-9.695587797656,16.2));
#2400 = DIRECTION('',(0.,0.,-1.));
#2401 = DIRECTION('',(-2.22044604925E-16,1.,0.));
#2402 = PCURVE('',#184,#2403);
#2403 = DEFINITIONAL_REPRESENTATION('',(#2404),#2408);
#2404 = CIRCLE('',#2405,0.804412202344);
#2405 = AXIS2_PLACEMENT_2D('',#2406,#2407);
#2406 = CARTESIAN_POINT('',(-20.19558779765,-3.695587797656));
#2407 = DIRECTION('',(1.,0.));
#2408 = ( GEOMETRIC_REPRESENTATION_CONTEXT(2) 
PARAMETRIC_REPRESENTATION_CONTEXT() REPRESENTATION_CONTEXT('2D SPACE',''
  ) );
#2409 = PCURVE('',#2410,#2415);
#2410 = CYLINDRICAL_SURFACE('',#2411,0.804412202344);
#2411 = AXIS2_PLACEMENT_3D('',#2412,#2413,#2414);
#2412 = CARTESIAN_POINT('',(-11.19558779765,-9.695587797656,16.2));
#2413 = DIRECTION('',(0.,0.,1.));
#2414 = DIRECTION('',(2.22044604925E-16,-1.,0.));
#2415 = DEFINITIONAL_REPRESENTATION('',(#2416),#2420);
#2416 = LINE('',#2417,#2418);
#2417 = CARTESIAN_POINT('',(9.424777960769,0.));
#2418 = VECTOR('',#2419,1.);
#2419 = DIRECTION('',(-1.,0.));
#2420 = ( GEOMETRIC_REPRESENTATION_CONTEXT(2) 
PARAMETRIC_REPRESENTATION_CONTEXT() REPRESENTATION_CONTEXT('2D SPACE',''
  ) );
#2421 = ORIENTED_EDGE('',*,*,#2422,.T.);
#2422 = EDGE_CURVE('',#2394,#2423,#2425,.T.);
#2423 = VERTEX_POINT('',#2424);
#2424 = CARTESIAN_POINT('',(-12.,9.695587797656,16.2));
#2425 = SURFACE_CURVE('',#2426,(#2430,#2437),.PCURVE_S1.);
#2426 = LINE('',#2427,#2428);
#2427 = CARTESIAN_POINT('',(-12.,-2.6645352591E-15,16.2));
#2428 = VECTOR('',#2429,1.);
#2429 = DIRECTION('',(-2.22044604925E-16,1.,0.));
#2430 = PCURVE('',#184,#2431);
#2431 = DEFINITIONAL_REPRESENTATION('',(#2432),#2436);
#2432 = LINE('',#2433,#2434);
#2433 = CARTESIAN_POINT('',(-10.5,-4.5));
#2434 = VECTOR('',#2435,1.);
#2435 = DIRECTION('',(1.,0.));
#2436 = ( GEOMETRIC_REPRESENTATION_CONTEXT(2) 
PARAMETRIC_REPRESENTATION_CONTEXT() REPRESENTATION_CONTEXT('2D SPACE',''
  ) );
#2437 = PCURVE('',#2438,#2443);
#2438 = PLANE('',#2439);
#2439 = AXIS2_PLACEMENT_3D('',#2440,#2441,#2442);
#2440 = CARTESIAN_POINT('',(-12.,-9.48,17.217839867984));
#2441 = DIRECTION('',(1.,2.22044604925E-16,0.));
#2442 = DIRECTION('',(0.,-0.,1.));
#2443 = DEFINITIONAL_REPRESENTATION('',(#2444),#2448);
#2444 = LINE('',#2445,#2446);
#2445 = CARTESIAN_POINT('',(-1.017839867984,-9.48));
#2446 = VECTOR('',#2447,1.);
#2447 = DIRECTION('',(0.,-1.));
#2448 = ( GEOMETRIC_REPRESENTATION_CONTEXT(2) 
PARAMETRIC_REPRESENTATION_CONTEXT() REPRESENTATION_CONTEXT('2D SPACE',''
  ) );
#2449 = ORIENTED_EDGE('',*,*,#2450,.T.);
#2450 = EDGE_CURVE('',#2423,#2451,#2453,.T.);
#2451 = VERTEX_POINT('',#2452);
#2452 = CARTESIAN_POINT('',(-11.19558779765,10.5,16.2));
#2453 = SURFACE_CURVE('',#2454,(#2459,#2466),.PCURVE_S1.);
#2454 = CIRCLE('',#2455,0.804412202344);
#2455 = AXIS2_PLACEMENT_3D('',#2456,#2457,#2458);
#2456 = CARTESIAN_POINT('',(-11.19558779765,9.695587797656,16.2));
#2457 = DIRECTION('',(0.,0.,-1.));
#2458 = DIRECTION('',(-2.22044604925E-16,1.,0.));
#2459 = PCURVE('',#184,#2460);
#2460 = DEFINITIONAL_REPRESENTATION('',(#2461),#2465);
#2461 = CIRCLE('',#2462,0.804412202344);
#2462 = AXIS2_PLACEMENT_2D('',#2463,#2464);
#2463 = CARTESIAN_POINT('',(-0.804412202344,-3.695587797656));
#2464 = DIRECTION('',(1.,0.));
#2465 = ( GEOMETRIC_REPRESENTATION_CONTEXT(2) 
PARAMETRIC_REPRESENTATION_CONTEXT() REPRESENTATION_CONTEXT('2D SPACE',''
  ) );
#2466 = PCURVE('',#2467,#2472);
#2467 = CYLINDRICAL_SURFACE('',#2468,0.804412202344);
#2468 = AXIS2_PLACEMENT_3D('',#2469,#2470,#2471);
#2469 = CARTESIAN_POINT('',(-11.19558779765,9.695587797656,
    17.217839867984));
#2470 = DIRECTION('',(0.,0.,-1.));
#2471 = DIRECTION('',(-2.22044604925E-16,1.,0.));
#2472 = DEFINITIONAL_REPRESENTATION('',(#2473),#2477);
#2473 = LINE('',#2474,#2475);
#2474 = CARTESIAN_POINT('',(0.,1.017839867984));
#2475 = VECTOR('',#2476,1.);
#2476 = DIRECTION('',(1.,0.));
#2477 = ( GEOMETRIC_REPRESENTATION_CONTEXT(2) 
PARAMETRIC_REPRESENTATION_CONTEXT() REPRESENTATION_CONTEXT('2D SPACE',''
  ) );
#2478 = ORIENTED_EDGE('',*,*,#2479,.T.);
#2479 = EDGE_CURVE('',#2451,#2480,#2482,.T.);
#2480 = VERTEX_POINT('',#2481);
#2481 = CARTESIAN_POINT('',(11.195587797656,10.5,16.2));
#2482 = SURFACE_CURVE('',#2483,(#2487,#2494),.PCURVE_S1.);
#2483 = LINE('',#2484,#2485);
#2484 = CARTESIAN_POINT('',(-7.5,10.5,16.2));
#2485 = VECTOR('',#2486,1.);
#2486 = DIRECTION('',(1.,2.22044604925E-16,0.));
#2487 = PCURVE('',#184,#2488);
#2488 = DEFINITIONAL_REPRESENTATION('',(#2489),#2493);
#2489 = LINE('',#2490,#2491);
#2490 = CARTESIAN_POINT('',(0.,0.));
#2491 = VECTOR('',#2492,1.);
#2492 = DIRECTION('',(0.,1.));
#2493 = ( GEOMETRIC_REPRESENTATION_CONTEXT(2) 
PARAMETRIC_REPRESENTATION_CONTEXT() REPRESENTATION_CONTEXT('2D SPACE',''
  ) );
#2494 = PCURVE('',#2495,#2500);
#2495 = PLANE('',#2496);
#2496 = AXIS2_PLACEMENT_3D('',#2497,#2498,#2499);
#2497 = CARTESIAN_POINT('',(-7.5,10.5,17.217839867984));
#2498 = DIRECTION('',(-2.22044604925E-16,1.,0.));
#2499 = DIRECTION('',(0.,0.,1.));
#2500 = DEFINITIONAL_REPRESENTATION('',(#2501),#2505);
#2501 = LINE('',#2502,#2503);
#2502 = CARTESIAN_POINT('',(-1.017839867984,0.));
#2503 = VECTOR('',#2504,1.);
#2504 = DIRECTION('',(0.,1.));
#2505 = ( GEOMETRIC_REPRESENTATION_CONTEXT(2) 
PARAMETRIC_REPRESENTATION_CONTEXT() REPRESENTATION_CONTEXT('2D SPACE',''
  ) );
#2506 = ORIENTED_EDGE('',*,*,#2507,.T.);
#2507 = EDGE_CURVE('',#2480,#2309,#2508,.T.);
#2508 = SURFACE_CURVE('',#2509,(#2514,#2521),.PCURVE_S1.);
#2509 = CIRCLE('',#2510,0.804412202344);
#2510 = AXIS2_PLACEMENT_3D('',#2511,#2512,#2513);
#2511 = CARTESIAN_POINT('',(11.195587797656,9.695587797656,16.2));
#2512 = DIRECTION('',(0.,0.,-1.));
#2513 = DIRECTION('',(-2.22044604925E-16,1.,0.));
#2514 = PCURVE('',#184,#2515);
#2515 = DEFINITIONAL_REPRESENTATION('',(#2516),#2520);
#2516 = CIRCLE('',#2517,0.804412202344);
#2517 = AXIS2_PLACEMENT_2D('',#2518,#2519);
#2518 = CARTESIAN_POINT('',(-0.804412202344,18.695587797656));
#2519 = DIRECTION('',(1.,0.));
#2520 = ( GEOMETRIC_REPRESENTATION_CONTEXT(2) 
PARAMETRIC_REPRESENTATION_CONTEXT() REPRESENTATION_CONTEXT('2D SPACE',''
  ) );
#2521 = PCURVE('',#2522,#2527);
#2522 = CYLINDRICAL_SURFACE('',#2523,0.804412202344);
#2523 = AXIS2_PLACEMENT_3D('',#2524,#2525,#2526);
#2524 = CARTESIAN_POINT('',(11.195587797656,9.695587797656,
    17.217839867984));
#2525 = DIRECTION('',(0.,0.,1.));
#2526 = DIRECTION('',(2.22044604925E-16,-1.,0.));
#2527 = DEFINITIONAL_REPRESENTATION('',(#2528),#2532);
#2528 = LINE('',#2529,#2530);
#2529 = CARTESIAN_POINT('',(3.14159265359,-1.017839867984));
#2530 = VECTOR('',#2531,1.);
#2531 = DIRECTION('',(-1.,0.));
#2532 = ( GEOMETRIC_REPRESENTATION_CONTEXT(2) 
PARAMETRIC_REPRESENTATION_CONTEXT() REPRESENTATION_CONTEXT('2D SPACE',''
  ) );
#2533 = FACE_BOUND('',#2534,.T.);
#2534 = EDGE_LOOP('',(#2535,#2558,#2579,#2580));
#2535 = ORIENTED_EDGE('',*,*,#2536,.T.);
#2536 = EDGE_CURVE('',#169,#2537,#2539,.T.);
#2537 = VERTEX_POINT('',#2538);
#2538 = CARTESIAN_POINT('',(11.,-8.454649355997,16.2));
#2539 = SURFACE_CURVE('',#2540,(#2544,#2551),.PCURVE_S1.);
#2540 = LINE('',#2541,#2542);
#2541 = CARTESIAN_POINT('',(-1.5,-8.454649355997,16.2));
#2542 = VECTOR('',#2543,1.);
#2543 = DIRECTION('',(1.,2.22044604925E-16,0.));
#2544 = PCURVE('',#184,#2545);
#2545 = DEFINITIONAL_REPRESENTATION('',(#2546),#2550);
#2546 = LINE('',#2547,#2548);
#2547 = CARTESIAN_POINT('',(-18.95464935599,6.));
#2548 = VECTOR('',#2549,1.);
#2549 = DIRECTION('',(0.,1.));
#2550 = ( GEOMETRIC_REPRESENTATION_CONTEXT(2) 
PARAMETRIC_REPRESENTATION_CONTEXT() REPRESENTATION_CONTEXT('2D SPACE',''
  ) );
#2551 = PCURVE('',#212,#2552);
#2552 = DEFINITIONAL_REPRESENTATION('',(#2553),#2557);
#2553 = LINE('',#2554,#2555);
#2554 = CARTESIAN_POINT('',(0.,0.));
#2555 = VECTOR('',#2556,1.);
#2556 = DIRECTION('',(0.,1.));
#2557 = ( GEOMETRIC_REPRESENTATION_CONTEXT(2) 
PARAMETRIC_REPRESENTATION_CONTEXT() REPRESENTATION_CONTEXT('2D SPACE',''
  ) );
#2558 = ORIENTED_EDGE('',*,*,#2559,.T.);
#2559 = EDGE_CURVE('',#2537,#2181,#2560,.T.);
#2560 = SURFACE_CURVE('',#2561,(#2565,#2572),.PCURVE_S1.);
#2561 = LINE('',#2562,#2563);
#2562 = CARTESIAN_POINT('',(11.,2.442490654175E-15,16.2));
#2563 = VECTOR('',#2564,1.);
#2564 = DIRECTION('',(-2.22044604925E-16,1.,0.));
#2565 = PCURVE('',#184,#2566);
#2566 = DEFINITIONAL_REPRESENTATION('',(#2567),#2571);
#2567 = LINE('',#2568,#2569);
#2568 = CARTESIAN_POINT('',(-10.5,18.5));
#2569 = VECTOR('',#2570,1.);
#2570 = DIRECTION('',(1.,0.));
#2571 = ( GEOMETRIC_REPRESENTATION_CONTEXT(2) 
PARAMETRIC_REPRESENTATION_CONTEXT() REPRESENTATION_CONTEXT('2D SPACE',''
  ) );
#2572 = PCURVE('',#418,#2573);
#2573 = DEFINITIONAL_REPRESENTATION('',(#2574),#2578);
#2574 = LINE('',#2575,#2576);
#2575 = CARTESIAN_POINT('',(11.7,-9.3));
#2576 = VECTOR('',#2577,1.);
#2577 = DIRECTION('',(0.,-1.));
#2578 = ( GEOMETRIC_REPRESENTATION_CONTEXT(2) 
PARAMETRIC_REPRESENTATION_CONTEXT() REPRESENTATION_CONTEXT('2D SPACE',''
  ) );
#2579 = ORIENTED_EDGE('',*,*,#2203,.F.);
#2580 = ORIENTED_EDGE('',*,*,#168,.F.);
#2581 = ADVANCED_FACE('',(#2582),#212,.F.);
#2582 = FACE_BOUND('',#2583,.F.);
#2583 = EDGE_LOOP('',(#2584,#2607,#2608,#2609,#2610,#2631,#2632,#2655,
    #2683,#2711,#2739,#2767,#2790,#2811,#2812,#2835,#2858,#2886,#2914,
    #2942));
#2584 = ORIENTED_EDGE('',*,*,#2585,.F.);
#2585 = EDGE_CURVE('',#1303,#2586,#2588,.T.);
#2586 = VERTEX_POINT('',#2587);
#2587 = CARTESIAN_POINT('',(-9.459608849442,-8.454649355997,
    6.029325323827));
#2588 = SURFACE_CURVE('',#2589,(#2593,#2600),.PCURVE_S1.);
#2589 = LINE('',#2590,#2591);
#2590 = CARTESIAN_POINT('',(-9.459608849442,-8.454649355997,16.2));
#2591 = VECTOR('',#2592,1.);
#2592 = DIRECTION('',(0.,0.,1.));
#2593 = PCURVE('',#212,#2594);
#2594 = DEFINITIONAL_REPRESENTATION('',(#2595),#2599);
#2595 = LINE('',#2596,#2597);
#2596 = CARTESIAN_POINT('',(0.,-7.959608849442));
#2597 = VECTOR('',#2598,1.);
#2598 = DIRECTION('',(1.,0.));
#2599 = ( GEOMETRIC_REPRESENTATION_CONTEXT(2) 
PARAMETRIC_REPRESENTATION_CONTEXT() REPRESENTATION_CONTEXT('2D SPACE',''
  ) );
#2600 = PCURVE('',#1318,#2601);
#2601 = DEFINITIONAL_REPRESENTATION('',(#2602),#2606);
#2602 = LINE('',#2603,#2604);
#2603 = CARTESIAN_POINT('',(-11.52839744426,-21.11105151121));
#2604 = VECTOR('',#2605,1.);
#2605 = DIRECTION('',(-1.,0.));
#2606 = ( GEOMETRIC_REPRESENTATION_CONTEXT(2) 
PARAMETRIC_REPRESENTATION_CONTEXT() REPRESENTATION_CONTEXT('2D SPACE',''
  ) );
#2607 = ORIENTED_EDGE('',*,*,#1329,.T.);
#2608 = ORIENTED_EDGE('',*,*,#196,.T.);
#2609 = ORIENTED_EDGE('',*,*,#2536,.T.);
#2610 = ORIENTED_EDGE('',*,*,#2611,.F.);
#2611 = EDGE_CURVE('',#990,#2537,#2612,.T.);
#2612 = SURFACE_CURVE('',#2613,(#2617,#2624),.PCURVE_S1.);
#2613 = LINE('',#2614,#2615);
#2614 = CARTESIAN_POINT('',(11.,-8.454649355997,16.2));
#2615 = VECTOR('',#2616,1.);
#2616 = DIRECTION('',(0.,0.,1.));
#2617 = PCURVE('',#212,#2618);
#2618 = DEFINITIONAL_REPRESENTATION('',(#2619),#2623);
#2619 = LINE('',#2620,#2621);
#2620 = CARTESIAN_POINT('',(0.,12.5));
#2621 = VECTOR('',#2622,1.);
#2622 = DIRECTION('',(1.,0.));
#2623 = ( GEOMETRIC_REPRESENTATION_CONTEXT(2) 
PARAMETRIC_REPRESENTATION_CONTEXT() REPRESENTATION_CONTEXT('2D SPACE',''
  ) );
#2624 = PCURVE('',#418,#2625);
#2625 = DEFINITIONAL_REPRESENTATION('',(#2626),#2630);
#2626 = LINE('',#2627,#2628);
#2627 = CARTESIAN_POINT('',(11.7,-0.845350644003));
#2628 = VECTOR('',#2629,1.);
#2629 = DIRECTION('',(1.,0.));
#2630 = ( GEOMETRIC_REPRESENTATION_CONTEXT(2) 
PARAMETRIC_REPRESENTATION_CONTEXT() REPRESENTATION_CONTEXT('2D SPACE',''
  ) );
#2631 = ORIENTED_EDGE('',*,*,#1012,.T.);
#2632 = ORIENTED_EDGE('',*,*,#2633,.F.);
#2633 = EDGE_CURVE('',#2634,#1013,#2636,.T.);
#2634 = VERTEX_POINT('',#2635);
#2635 = CARTESIAN_POINT('',(9.459608849442,-8.454649355997,
    6.029325323827));
#2636 = SURFACE_CURVE('',#2637,(#2641,#2648),.PCURVE_S1.);
#2637 = LINE('',#2638,#2639);
#2638 = CARTESIAN_POINT('',(9.459608849442,-8.454649355997,16.2));
#2639 = VECTOR('',#2640,1.);
#2640 = DIRECTION('',(0.,0.,-1.));
#2641 = PCURVE('',#212,#2642);
#2642 = DEFINITIONAL_REPRESENTATION('',(#2643),#2647);
#2643 = LINE('',#2644,#2645);
#2644 = CARTESIAN_POINT('',(0.,10.959608849442));
#2645 = VECTOR('',#2646,1.);
#2646 = DIRECTION('',(-1.,0.));
#2647 = ( GEOMETRIC_REPRESENTATION_CONTEXT(2) 
PARAMETRIC_REPRESENTATION_CONTEXT() REPRESENTATION_CONTEXT('2D SPACE',''
  ) );
#2648 = PCURVE('',#1050,#2649);
#2649 = DEFINITIONAL_REPRESENTATION('',(#2650),#2654);
#2650 = LINE('',#2651,#2652);
#2651 = CARTESIAN_POINT('',(11.528397444264,-21.11105151121));
#2652 = VECTOR('',#2653,1.);
#2653 = DIRECTION('',(-1.,0.));
#2654 = ( GEOMETRIC_REPRESENTATION_CONTEXT(2) 
PARAMETRIC_REPRESENTATION_CONTEXT() REPRESENTATION_CONTEXT('2D SPACE',''
  ) );
#2655 = ORIENTED_EDGE('',*,*,#2656,.F.);
#2656 = EDGE_CURVE('',#2657,#2634,#2659,.T.);
#2657 = VERTEX_POINT('',#2658);
#2658 = CARTESIAN_POINT('',(10.659484937228,-8.454649355997,
    6.029325323827));
#2659 = SURFACE_CURVE('',#2660,(#2664,#2671),.PCURVE_S1.);
#2660 = LINE('',#2661,#2662);
#2661 = CARTESIAN_POINT('',(10.659484937228,-8.454649355997,
    6.029325323827));
#2662 = VECTOR('',#2663,1.);
#2663 = DIRECTION('',(-1.,-2.22044604925E-16,0.));
#2664 = PCURVE('',#212,#2665);
#2665 = DEFINITIONAL_REPRESENTATION('',(#2666),#2670);
#2666 = LINE('',#2667,#2668);
#2667 = CARTESIAN_POINT('',(-10.17067467617,12.159484937228));
#2668 = VECTOR('',#2669,1.);
#2669 = DIRECTION('',(0.,-1.));
#2670 = ( GEOMETRIC_REPRESENTATION_CONTEXT(2) 
PARAMETRIC_REPRESENTATION_CONTEXT() REPRESENTATION_CONTEXT('2D SPACE',''
  ) );
#2671 = PCURVE('',#2672,#2677);
#2672 = CYLINDRICAL_SURFACE('',#2673,0.82781676686);
#2673 = AXIS2_PLACEMENT_3D('',#2674,#2675,#2676);
#2674 = CARTESIAN_POINT('',(10.659484937228,-8.454649355997,
    6.857142090687));
#2675 = DIRECTION('',(-1.,-2.22044604925E-16,0.));
#2676 = DIRECTION('',(0.,0.,-1.));
#2677 = DEFINITIONAL_REPRESENTATION('',(#2678),#2682);
#2678 = LINE('',#2679,#2680);
#2679 = CARTESIAN_POINT('',(0.,0.));
#2680 = VECTOR('',#2681,1.);
#2681 = DIRECTION('',(0.,1.));
#2682 = ( GEOMETRIC_REPRESENTATION_CONTEXT(2) 
PARAMETRIC_REPRESENTATION_CONTEXT() REPRESENTATION_CONTEXT('2D SPACE',''
  ) );
#2683 = ORIENTED_EDGE('',*,*,#2684,.F.);
#2684 = EDGE_CURVE('',#2685,#2657,#2687,.T.);
#2685 = VERTEX_POINT('',#2686);
#2686 = CARTESIAN_POINT('',(10.659484937228,-8.454649355997,
    8.418173912924));
#2687 = SURFACE_CURVE('',#2688,(#2692,#2699),.PCURVE_S1.);
#2688 = LINE('',#2689,#2690);
#2689 = CARTESIAN_POINT('',(10.659484937228,-8.454649355997,16.2));
#2690 = VECTOR('',#2691,1.);
#2691 = DIRECTION('',(0.,0.,-1.));
#2692 = PCURVE('',#212,#2693);
#2693 = DEFINITIONAL_REPRESENTATION('',(#2694),#2698);
#2694 = LINE('',#2695,#2696);
#2695 = CARTESIAN_POINT('',(0.,12.159484937228));
#2696 = VECTOR('',#2697,1.);
#2697 = DIRECTION('',(-1.,0.));
#2698 = ( GEOMETRIC_REPRESENTATION_CONTEXT(2) 
PARAMETRIC_REPRESENTATION_CONTEXT() REPRESENTATION_CONTEXT('2D SPACE',''
  ) );
#2699 = PCURVE('',#2700,#2705);
#2700 = PLANE('',#2701);
#2701 = AXIS2_PLACEMENT_3D('',#2702,#2703,#2704);
#2702 = CARTESIAN_POINT('',(10.659484937228,-6.984452921423,
    12.255995943615));
#2703 = DIRECTION('',(1.,2.22044604925E-16,0.));
#2704 = DIRECTION('',(0.,-0.,1.));
#2705 = DEFINITIONAL_REPRESENTATION('',(#2706),#2710);
#2706 = LINE('',#2707,#2708);
#2707 = CARTESIAN_POINT('',(3.944004056385,1.470196434574));
#2708 = VECTOR('',#2709,1.);
#2709 = DIRECTION('',(-1.,0.));
#2710 = ( GEOMETRIC_REPRESENTATION_CONTEXT(2) 
PARAMETRIC_REPRESENTATION_CONTEXT() REPRESENTATION_CONTEXT('2D SPACE',''
  ) );
#2711 = ORIENTED_EDGE('',*,*,#2712,.T.);
#2712 = EDGE_CURVE('',#2685,#2713,#2715,.T.);
#2713 = VERTEX_POINT('',#2714);
#2714 = CARTESIAN_POINT('',(7.770287679233,-8.454649355997,
    8.418173912924));
#2715 = SURFACE_CURVE('',#2716,(#2720,#2727),.PCURVE_S1.);
#2716 = LINE('',#2717,#2718);
#2717 = CARTESIAN_POINT('',(-1.5,-8.454649355997,8.418173912924));
#2718 = VECTOR('',#2719,1.);
#2719 = DIRECTION('',(-1.,-2.22044604925E-16,0.));
#2720 = PCURVE('',#212,#2721);
#2721 = DEFINITIONAL_REPRESENTATION('',(#2722),#2726);
#2722 = LINE('',#2723,#2724);
#2723 = CARTESIAN_POINT('',(-7.781826087076,0.));
#2724 = VECTOR('',#2725,1.);
#2725 = DIRECTION('',(0.,-1.));
#2726 = ( GEOMETRIC_REPRESENTATION_CONTEXT(2) 
PARAMETRIC_REPRESENTATION_CONTEXT() REPRESENTATION_CONTEXT('2D SPACE',''
  ) );
#2727 = PCURVE('',#2728,#2733);
#2728 = PLANE('',#2729);
#2729 = AXIS2_PLACEMENT_3D('',#2730,#2731,#2732);
#2730 = CARTESIAN_POINT('',(5.613463652863,-8.787970572718,
    8.418173912924));
#2731 = DIRECTION('',(0.,0.,-1.));
#2732 = DIRECTION('',(-2.22044604925E-16,1.,0.));
#2733 = DEFINITIONAL_REPRESENTATION('',(#2734),#2738);
#2734 = LINE('',#2735,#2736);
#2735 = CARTESIAN_POINT('',(0.333321216721,-7.113463652863));
#2736 = VECTOR('',#2737,1.);
#2737 = DIRECTION('',(0.,-1.));
#2738 = ( GEOMETRIC_REPRESENTATION_CONTEXT(2) 
PARAMETRIC_REPRESENTATION_CONTEXT() REPRESENTATION_CONTEXT('2D SPACE',''
  ) );
#2739 = ORIENTED_EDGE('',*,*,#2740,.T.);
#2740 = EDGE_CURVE('',#2713,#2741,#2743,.T.);
#2741 = VERTEX_POINT('',#2742);
#2742 = CARTESIAN_POINT('',(7.770287679233,-8.454649355997,6.18581864844
    ));
#2743 = SURFACE_CURVE('',#2744,(#2748,#2755),.PCURVE_S1.);
#2744 = LINE('',#2745,#2746);
#2745 = CARTESIAN_POINT('',(7.770287679233,-8.454649355997,16.2));
#2746 = VECTOR('',#2747,1.);
#2747 = DIRECTION('',(0.,0.,-1.));
#2748 = PCURVE('',#212,#2749);
#2749 = DEFINITIONAL_REPRESENTATION('',(#2750),#2754);
#2750 = LINE('',#2751,#2752);
#2751 = CARTESIAN_POINT('',(0.,9.270287679233));
#2752 = VECTOR('',#2753,1.);
#2753 = DIRECTION('',(-1.,0.));
#2754 = ( GEOMETRIC_REPRESENTATION_CONTEXT(2) 
PARAMETRIC_REPRESENTATION_CONTEXT() REPRESENTATION_CONTEXT('2D SPACE',''
  ) );
#2755 = PCURVE('',#2756,#2761);
#2756 = PLANE('',#2757);
#2757 = AXIS2_PLACEMENT_3D('',#2758,#2759,#2760);
#2758 = CARTESIAN_POINT('',(7.770287679233,-6.984452921423,
    12.255995943615));
#2759 = DIRECTION('',(1.,2.22044604925E-16,0.));
#2760 = DIRECTION('',(0.,-0.,1.));
#2761 = DEFINITIONAL_REPRESENTATION('',(#2762),#2766);
#2762 = LINE('',#2763,#2764);
#2763 = CARTESIAN_POINT('',(3.944004056385,1.470196434574));
#2764 = VECTOR('',#2765,1.);
#2765 = DIRECTION('',(-1.,0.));
#2766 = ( GEOMETRIC_REPRESENTATION_CONTEXT(2) 
PARAMETRIC_REPRESENTATION_CONTEXT() REPRESENTATION_CONTEXT('2D SPACE',''
  ) );
#2767 = ORIENTED_EDGE('',*,*,#2768,.F.);
#2768 = EDGE_CURVE('',#2769,#2741,#2771,.T.);
#2769 = VERTEX_POINT('',#2770);
#2770 = CARTESIAN_POINT('',(0.428990424285,-8.454649355997,6.18581864844
    ));
#2771 = SURFACE_CURVE('',#2772,(#2776,#2783),.PCURVE_S1.);
#2772 = LINE('',#2773,#2774);
#2773 = CARTESIAN_POINT('',(-1.5,-8.454649355997,6.18581864844));
#2774 = VECTOR('',#2775,1.);
#2775 = DIRECTION('',(1.,2.22044604925E-16,0.));
#2776 = PCURVE('',#212,#2777);
#2777 = DEFINITIONAL_REPRESENTATION('',(#2778),#2782);
#2778 = LINE('',#2779,#2780);
#2779 = CARTESIAN_POINT('',(-10.01418135156,0.));
#2780 = VECTOR('',#2781,1.);
#2781 = DIRECTION('',(0.,1.));
#2782 = ( GEOMETRIC_REPRESENTATION_CONTEXT(2) 
PARAMETRIC_REPRESENTATION_CONTEXT() REPRESENTATION_CONTEXT('2D SPACE',''
  ) );
#2783 = PCURVE('',#2034,#2784);
#2784 = DEFINITIONAL_REPRESENTATION('',(#2785),#2789);
#2785 = LINE('',#2786,#2787);
#2786 = CARTESIAN_POINT('',(1.400796626016,0.));
#2787 = VECTOR('',#2788,1.);
#2788 = DIRECTION('',(0.,1.));
#2789 = ( GEOMETRIC_REPRESENTATION_CONTEXT(2) 
PARAMETRIC_REPRESENTATION_CONTEXT() REPRESENTATION_CONTEXT('2D SPACE',''
  ) );
#2790 = ORIENTED_EDGE('',*,*,#2791,.T.);
#2791 = EDGE_CURVE('',#2769,#1572,#2792,.T.);
#2792 = SURFACE_CURVE('',#2793,(#2797,#2804),.PCURVE_S1.);
#2793 = LINE('',#2794,#2795);
#2794 = CARTESIAN_POINT('',(0.428990424285,-8.454649355997,-1.8));
#2795 = VECTOR('',#2796,1.);
#2796 = DIRECTION('',(-1.764957215133E-16,-3.918992275439E-32,-1.));
#2797 = PCURVE('',#212,#2798);
#2798 = DEFINITIONAL_REPRESENTATION('',(#2799),#2803);
#2799 = LINE('',#2800,#2801);
#2800 = CARTESIAN_POINT('',(-18.,1.928990424285));
#2801 = VECTOR('',#2802,1.);
#2802 = DIRECTION('',(-1.,-1.764957215133E-16));
#2803 = ( GEOMETRIC_REPRESENTATION_CONTEXT(2) 
PARAMETRIC_REPRESENTATION_CONTEXT() REPRESENTATION_CONTEXT('2D SPACE',''
  ) );
#2804 = PCURVE('',#1589,#2805);
#2805 = DEFINITIONAL_REPRESENTATION('',(#2806),#2810);
#2806 = LINE('',#2807,#2808);
#2807 = CARTESIAN_POINT('',(0.,0.));
#2808 = VECTOR('',#2809,1.);
#2809 = DIRECTION('',(-1.,0.));
#2810 = ( GEOMETRIC_REPRESENTATION_CONTEXT(2) 
PARAMETRIC_REPRESENTATION_CONTEXT() REPRESENTATION_CONTEXT('2D SPACE',''
  ) );
#2811 = ORIENTED_EDGE('',*,*,#1600,.T.);
#2812 = ORIENTED_EDGE('',*,*,#2813,.T.);
#2813 = EDGE_CURVE('',#1601,#2814,#2816,.T.);
#2814 = VERTEX_POINT('',#2815);
#2815 = CARTESIAN_POINT('',(-0.428990424285,-8.454649355997,
    6.18581864844));
#2816 = SURFACE_CURVE('',#2817,(#2821,#2828),.PCURVE_S1.);
#2817 = LINE('',#2818,#2819);
#2818 = CARTESIAN_POINT('',(-0.428990424285,-8.454649355997,
    6.18581864844));
#2819 = VECTOR('',#2820,1.);
#2820 = DIRECTION('',(6.109467283154E-17,1.35657424919E-32,1.));
#2821 = PCURVE('',#212,#2822);
#2822 = DEFINITIONAL_REPRESENTATION('',(#2823),#2827);
#2823 = LINE('',#2824,#2825);
#2824 = CARTESIAN_POINT('',(-10.01418135156,1.071009575715));
#2825 = VECTOR('',#2826,1.);
#2826 = DIRECTION('',(1.,6.109467283154E-17));
#2827 = ( GEOMETRIC_REPRESENTATION_CONTEXT(2) 
PARAMETRIC_REPRESENTATION_CONTEXT() REPRESENTATION_CONTEXT('2D SPACE',''
  ) );
#2828 = PCURVE('',#1638,#2829);
#2829 = DEFINITIONAL_REPRESENTATION('',(#2830),#2834);
#2830 = LINE('',#2831,#2832);
#2831 = CARTESIAN_POINT('',(0.,0.));
#2832 = VECTOR('',#2833,1.);
#2833 = DIRECTION('',(-1.,0.));
#2834 = ( GEOMETRIC_REPRESENTATION_CONTEXT(2) 
PARAMETRIC_REPRESENTATION_CONTEXT() REPRESENTATION_CONTEXT('2D SPACE',''
  ) );
#2835 = ORIENTED_EDGE('',*,*,#2836,.F.);
#2836 = EDGE_CURVE('',#2837,#2814,#2839,.T.);
#2837 = VERTEX_POINT('',#2838);
#2838 = CARTESIAN_POINT('',(-7.770287679233,-8.454649355997,
    6.18581864844));
#2839 = SURFACE_CURVE('',#2840,(#2844,#2851),.PCURVE_S1.);
#2840 = LINE('',#2841,#2842);
#2841 = CARTESIAN_POINT('',(-1.5,-8.454649355997,6.18581864844));
#2842 = VECTOR('',#2843,1.);
#2843 = DIRECTION('',(1.,2.22044604925E-16,0.));
#2844 = PCURVE('',#212,#2845);
#2845 = DEFINITIONAL_REPRESENTATION('',(#2846),#2850);
#2846 = LINE('',#2847,#2848);
#2847 = CARTESIAN_POINT('',(-10.01418135156,0.));
#2848 = VECTOR('',#2849,1.);
#2849 = DIRECTION('',(0.,1.));
#2850 = ( GEOMETRIC_REPRESENTATION_CONTEXT(2) 
PARAMETRIC_REPRESENTATION_CONTEXT() REPRESENTATION_CONTEXT('2D SPACE',''
  ) );
#2851 = PCURVE('',#316,#2852);
#2852 = DEFINITIONAL_REPRESENTATION('',(#2853),#2857);
#2853 = LINE('',#2854,#2855);
#2854 = CARTESIAN_POINT('',(1.400796626016,0.));
#2855 = VECTOR('',#2856,1.);
#2856 = DIRECTION('',(0.,1.));
#2857 = ( GEOMETRIC_REPRESENTATION_CONTEXT(2) 
PARAMETRIC_REPRESENTATION_CONTEXT() REPRESENTATION_CONTEXT('2D SPACE',''
  ) );
#2858 = ORIENTED_EDGE('',*,*,#2859,.T.);
#2859 = EDGE_CURVE('',#2837,#2860,#2862,.T.);
#2860 = VERTEX_POINT('',#2861);
#2861 = CARTESIAN_POINT('',(-7.770287679233,-8.454649355997,
    8.418173912924));
#2862 = SURFACE_CURVE('',#2863,(#2867,#2874),.PCURVE_S1.);
#2863 = LINE('',#2864,#2865);
#2864 = CARTESIAN_POINT('',(-7.770287679233,-8.454649355997,16.2));
#2865 = VECTOR('',#2866,1.);
#2866 = DIRECTION('',(0.,0.,1.));
#2867 = PCURVE('',#212,#2868);
#2868 = DEFINITIONAL_REPRESENTATION('',(#2869),#2873);
#2869 = LINE('',#2870,#2871);
#2870 = CARTESIAN_POINT('',(0.,-6.270287679233));
#2871 = VECTOR('',#2872,1.);
#2872 = DIRECTION('',(1.,0.));
#2873 = ( GEOMETRIC_REPRESENTATION_CONTEXT(2) 
PARAMETRIC_REPRESENTATION_CONTEXT() REPRESENTATION_CONTEXT('2D SPACE',''
  ) );
#2874 = PCURVE('',#2875,#2880);
#2875 = PLANE('',#2876);
#2876 = AXIS2_PLACEMENT_3D('',#2877,#2878,#2879);
#2877 = CARTESIAN_POINT('',(-7.770287679233,-6.984452921423,
    12.255995943615));
#2878 = DIRECTION('',(-1.,-2.22044604925E-16,0.));
#2879 = DIRECTION('',(0.,0.,1.));
#2880 = DEFINITIONAL_REPRESENTATION('',(#2881),#2885);
#2881 = LINE('',#2882,#2883);
#2882 = CARTESIAN_POINT('',(3.944004056385,-1.470196434574));
#2883 = VECTOR('',#2884,1.);
#2884 = DIRECTION('',(1.,0.));
#2885 = ( GEOMETRIC_REPRESENTATION_CONTEXT(2) 
PARAMETRIC_REPRESENTATION_CONTEXT() REPRESENTATION_CONTEXT('2D SPACE',''
  ) );
#2886 = ORIENTED_EDGE('',*,*,#2887,.T.);
#2887 = EDGE_CURVE('',#2860,#2888,#2890,.T.);
#2888 = VERTEX_POINT('',#2889);
#2889 = CARTESIAN_POINT('',(-10.65948493722,-8.454649355997,
    8.418173912924));
#2890 = SURFACE_CURVE('',#2891,(#2895,#2902),.PCURVE_S1.);
#2891 = LINE('',#2892,#2893);
#2892 = CARTESIAN_POINT('',(-1.5,-8.454649355997,8.418173912924));
#2893 = VECTOR('',#2894,1.);
#2894 = DIRECTION('',(-1.,-2.22044604925E-16,0.));
#2895 = PCURVE('',#212,#2896);
#2896 = DEFINITIONAL_REPRESENTATION('',(#2897),#2901);
#2897 = LINE('',#2898,#2899);
#2898 = CARTESIAN_POINT('',(-7.781826087076,0.));
#2899 = VECTOR('',#2900,1.);
#2900 = DIRECTION('',(0.,-1.));
#2901 = ( GEOMETRIC_REPRESENTATION_CONTEXT(2) 
PARAMETRIC_REPRESENTATION_CONTEXT() REPRESENTATION_CONTEXT('2D SPACE',''
  ) );
#2902 = PCURVE('',#2903,#2908);
#2903 = PLANE('',#2904);
#2904 = AXIS2_PLACEMENT_3D('',#2905,#2906,#2907);
#2905 = CARTESIAN_POINT('',(-5.613463652863,-8.787970572718,
    8.418173912924));
#2906 = DIRECTION('',(0.,0.,-1.));
#2907 = DIRECTION('',(-2.22044604925E-16,1.,0.));
#2908 = DEFINITIONAL_REPRESENTATION('',(#2909),#2913);
#2909 = LINE('',#2910,#2911);
#2910 = CARTESIAN_POINT('',(0.333321216721,4.113463652863));
#2911 = VECTOR('',#2912,1.);
#2912 = DIRECTION('',(0.,-1.));
#2913 = ( GEOMETRIC_REPRESENTATION_CONTEXT(2) 
PARAMETRIC_REPRESENTATION_CONTEXT() REPRESENTATION_CONTEXT('2D SPACE',''
  ) );
#2914 = ORIENTED_EDGE('',*,*,#2915,.F.);
#2915 = EDGE_CURVE('',#2916,#2888,#2918,.T.);
#2916 = VERTEX_POINT('',#2917);
#2917 = CARTESIAN_POINT('',(-10.65948493722,-8.454649355997,
    6.029325323827));
#2918 = SURFACE_CURVE('',#2919,(#2923,#2930),.PCURVE_S1.);
#2919 = LINE('',#2920,#2921);
#2920 = CARTESIAN_POINT('',(-10.65948493722,-8.454649355997,16.2));
#2921 = VECTOR('',#2922,1.);
#2922 = DIRECTION('',(0.,0.,1.));
#2923 = PCURVE('',#212,#2924);
#2924 = DEFINITIONAL_REPRESENTATION('',(#2925),#2929);
#2925 = LINE('',#2926,#2927);
#2926 = CARTESIAN_POINT('',(0.,-9.159484937228));
#2927 = VECTOR('',#2928,1.);
#2928 = DIRECTION('',(1.,0.));
#2929 = ( GEOMETRIC_REPRESENTATION_CONTEXT(2) 
PARAMETRIC_REPRESENTATION_CONTEXT() REPRESENTATION_CONTEXT('2D SPACE',''
  ) );
#2930 = PCURVE('',#2931,#2936);
#2931 = PLANE('',#2932);
#2932 = AXIS2_PLACEMENT_3D('',#2933,#2934,#2935);
#2933 = CARTESIAN_POINT('',(-10.65948493722,-6.984452921423,
    12.255995943615));
#2934 = DIRECTION('',(-1.,-2.22044604925E-16,0.));
#2935 = DIRECTION('',(0.,0.,1.));
#2936 = DEFINITIONAL_REPRESENTATION('',(#2937),#2941);
#2937 = LINE('',#2938,#2939);
#2938 = CARTESIAN_POINT('',(3.944004056385,-1.470196434574));
#2939 = VECTOR('',#2940,1.);
#2940 = DIRECTION('',(1.,0.));
#2941 = ( GEOMETRIC_REPRESENTATION_CONTEXT(2) 
PARAMETRIC_REPRESENTATION_CONTEXT() REPRESENTATION_CONTEXT('2D SPACE',''
  ) );
#2942 = ORIENTED_EDGE('',*,*,#2943,.T.);
#2943 = EDGE_CURVE('',#2916,#2586,#2944,.T.);
#2944 = SURFACE_CURVE('',#2945,(#2949,#2956),.PCURVE_S1.);
#2945 = LINE('',#2946,#2947);
#2946 = CARTESIAN_POINT('',(-10.65948493722,-8.454649355997,
    6.029325323827));
#2947 = VECTOR('',#2948,1.);
#2948 = DIRECTION('',(1.,2.22044604925E-16,0.));
#2949 = PCURVE('',#212,#2950);
#2950 = DEFINITIONAL_REPRESENTATION('',(#2951),#2955);
#2951 = LINE('',#2952,#2953);
#2952 = CARTESIAN_POINT('',(-10.17067467617,-9.159484937228));
#2953 = VECTOR('',#2954,1.);
#2954 = DIRECTION('',(0.,1.));
#2955 = ( GEOMETRIC_REPRESENTATION_CONTEXT(2) 
PARAMETRIC_REPRESENTATION_CONTEXT() REPRESENTATION_CONTEXT('2D SPACE',''
  ) );
#2956 = PCURVE('',#2957,#2962);
#2957 = CYLINDRICAL_SURFACE('',#2958,0.82781676686);
#2958 = AXIS2_PLACEMENT_3D('',#2959,#2960,#2961);
#2959 = CARTESIAN_POINT('',(-10.65948493722,-8.454649355997,
    6.857142090687));
#2960 = DIRECTION('',(1.,2.22044604925E-16,0.));
#2961 = DIRECTION('',(0.,0.,-1.));
#2962 = DEFINITIONAL_REPRESENTATION('',(#2963),#2967);
#2963 = LINE('',#2964,#2965);
#2964 = CARTESIAN_POINT('',(6.28318530718,0.));
#2965 = VECTOR('',#2966,1.);
#2966 = DIRECTION('',(0.,1.));
#2967 = ( GEOMETRIC_REPRESENTATION_CONTEXT(2) 
PARAMETRIC_REPRESENTATION_CONTEXT() REPRESENTATION_CONTEXT('2D SPACE',''
  ) );
#2968 = ADVANCED_FACE('',(#2969),#288,.F.);
#2969 = FACE_BOUND('',#2970,.F.);
#2970 = EDGE_LOOP('',(#2971,#2994,#2995,#2996,#3019,#3047));
#2971 = ORIENTED_EDGE('',*,*,#2972,.F.);
#2972 = EDGE_CURVE('',#273,#2973,#2975,.T.);
#2973 = VERTEX_POINT('',#2974);
#2974 = CARTESIAN_POINT('',(-7.770287679233,-7.053852729981,
    6.18581864844));
#2975 = SURFACE_CURVE('',#2976,(#2980,#2987),.PCURVE_S1.);
#2976 = LINE('',#2977,#2978);
#2977 = CARTESIAN_POINT('',(-1.5,-7.053852729981,6.18581864844));
#2978 = VECTOR('',#2979,1.);
#2979 = DIRECTION('',(1.,2.22044604925E-16,0.));
#2980 = PCURVE('',#288,#2981);
#2981 = DEFINITIONAL_REPRESENTATION('',(#2982),#2986);
#2982 = LINE('',#2983,#2984);
#2983 = CARTESIAN_POINT('',(-1.514216092704,0.));
#2984 = VECTOR('',#2985,1.);
#2985 = DIRECTION('',(0.,1.));
#2986 = ( GEOMETRIC_REPRESENTATION_CONTEXT(2) 
PARAMETRIC_REPRESENTATION_CONTEXT() REPRESENTATION_CONTEXT('2D SPACE',''
  ) );
#2987 = PCURVE('',#316,#2988);
#2988 = DEFINITIONAL_REPRESENTATION('',(#2989),#2993);
#2989 = LINE('',#2990,#2991);
#2990 = CARTESIAN_POINT('',(0.,0.));
#2991 = VECTOR('',#2992,1.);
#2992 = DIRECTION('',(0.,1.));
#2993 = ( GEOMETRIC_REPRESENTATION_CONTEXT(2) 
PARAMETRIC_REPRESENTATION_CONTEXT() REPRESENTATION_CONTEXT('2D SPACE',''
  ) );
#2994 = ORIENTED_EDGE('',*,*,#272,.T.);
#2995 = ORIENTED_EDGE('',*,*,#1280,.T.);
#2996 = ORIENTED_EDGE('',*,*,#2997,.F.);
#2997 = EDGE_CURVE('',#2998,#1281,#3000,.T.);
#2998 = VERTEX_POINT('',#2999);
#2999 = CARTESIAN_POINT('',(-9.459608849442,-7.053852729981,
    6.029325323827));
#3000 = SURFACE_CURVE('',#3001,(#3005,#3012),.PCURVE_S1.);
#3001 = LINE('',#3002,#3003);
#3002 = CARTESIAN_POINT('',(-9.459608849442,-7.053852729981,
    4.671602555736));
#3003 = VECTOR('',#3004,1.);
#3004 = DIRECTION('',(0.,0.,-1.));
#3005 = PCURVE('',#288,#3006);
#3006 = DEFINITIONAL_REPRESENTATION('',(#3007),#3011);
#3007 = LINE('',#3008,#3009);
#3008 = CARTESIAN_POINT('',(0.,-7.959608849442));
#3009 = VECTOR('',#3010,1.);
#3010 = DIRECTION('',(1.,0.));
#3011 = ( GEOMETRIC_REPRESENTATION_CONTEXT(2) 
PARAMETRIC_REPRESENTATION_CONTEXT() REPRESENTATION_CONTEXT('2D SPACE',''
  ) );
#3012 = PCURVE('',#1318,#3013);
#3013 = DEFINITIONAL_REPRESENTATION('',(#3014),#3018);
#3014 = LINE('',#3015,#3016);
#3015 = CARTESIAN_POINT('',(0.,-22.51184813723));
#3016 = VECTOR('',#3017,1.);
#3017 = DIRECTION('',(1.,0.));
#3018 = ( GEOMETRIC_REPRESENTATION_CONTEXT(2) 
PARAMETRIC_REPRESENTATION_CONTEXT() REPRESENTATION_CONTEXT('2D SPACE',''
  ) );
#3019 = ORIENTED_EDGE('',*,*,#3020,.T.);
#3020 = EDGE_CURVE('',#2998,#3021,#3023,.T.);
#3021 = VERTEX_POINT('',#3022);
#3022 = CARTESIAN_POINT('',(-7.770287679233,-7.053852729981,
    6.029325323827));
#3023 = SURFACE_CURVE('',#3024,(#3028,#3035),.PCURVE_S1.);
#3024 = LINE('',#3025,#3026);
#3025 = CARTESIAN_POINT('',(-6.636474295046,-7.053852729981,
    6.029325323827));
#3026 = VECTOR('',#3027,1.);
#3027 = DIRECTION('',(1.,2.22044604925E-16,0.));
#3028 = PCURVE('',#288,#3029);
#3029 = DEFINITIONAL_REPRESENTATION('',(#3030),#3034);
#3030 = LINE('',#3031,#3032);
#3031 = CARTESIAN_POINT('',(-1.35772276809,-5.136474295046));
#3032 = VECTOR('',#3033,1.);
#3033 = DIRECTION('',(0.,1.));
#3034 = ( GEOMETRIC_REPRESENTATION_CONTEXT(2) 
PARAMETRIC_REPRESENTATION_CONTEXT() REPRESENTATION_CONTEXT('2D SPACE',''
  ) );
#3035 = PCURVE('',#3036,#3041);
#3036 = PLANE('',#3037);
#3037 = AXIS2_PLACEMENT_3D('',#3038,#3039,#3040);
#3038 = CARTESIAN_POINT('',(-5.613463652863,-29.56570086721,
    6.029325323827));
#3039 = DIRECTION('',(0.,0.,1.));
#3040 = DIRECTION('',(2.22044604925E-16,-1.,0.));
#3041 = DEFINITIONAL_REPRESENTATION('',(#3042),#3046);
#3042 = LINE('',#3043,#3044);
#3043 = CARTESIAN_POINT('',(-22.51184813723,-1.023010642182));
#3044 = VECTOR('',#3045,1.);
#3045 = DIRECTION('',(0.,1.));
#3046 = ( GEOMETRIC_REPRESENTATION_CONTEXT(2) 
PARAMETRIC_REPRESENTATION_CONTEXT() REPRESENTATION_CONTEXT('2D SPACE',''
  ) );
#3047 = ORIENTED_EDGE('',*,*,#3048,.T.);
#3048 = EDGE_CURVE('',#3021,#2973,#3049,.T.);
#3049 = SURFACE_CURVE('',#3050,(#3054,#3061),.PCURVE_S1.);
#3050 = LINE('',#3051,#3052);
#3051 = CARTESIAN_POINT('',(-7.770287679233,-7.053852729981,
    4.671602555736));
#3052 = VECTOR('',#3053,1.);
#3053 = DIRECTION('',(0.,0.,1.));
#3054 = PCURVE('',#288,#3055);
#3055 = DEFINITIONAL_REPRESENTATION('',(#3056),#3060);
#3056 = LINE('',#3057,#3058);
#3057 = CARTESIAN_POINT('',(0.,-6.270287679233));
#3058 = VECTOR('',#3059,1.);
#3059 = DIRECTION('',(-1.,0.));
#3060 = ( GEOMETRIC_REPRESENTATION_CONTEXT(2) 
PARAMETRIC_REPRESENTATION_CONTEXT() REPRESENTATION_CONTEXT('2D SPACE',''
  ) );
#3061 = PCURVE('',#2875,#3062);
#3062 = DEFINITIONAL_REPRESENTATION('',(#3063),#3067);
#3063 = LINE('',#3064,#3065);
#3064 = CARTESIAN_POINT('',(-7.584393387879,-6.939980855799E-02));
#3065 = VECTOR('',#3066,1.);
#3066 = DIRECTION('',(1.,0.));
#3067 = ( GEOMETRIC_REPRESENTATION_CONTEXT(2) 
PARAMETRIC_REPRESENTATION_CONTEXT() REPRESENTATION_CONTEXT('2D SPACE',''
  ) );
#3068 = ADVANCED_FACE('',(#3069,#3163,#3257),#316,.F.);
#3069 = FACE_BOUND('',#3070,.T.);
#3070 = EDGE_LOOP('',(#3071,#3096,#3119,#3142));
#3071 = ORIENTED_EDGE('',*,*,#3072,.F.);
#3072 = EDGE_CURVE('',#3073,#3075,#3077,.T.);
#3073 = VERTEX_POINT('',#3074);
#3074 = CARTESIAN_POINT('',(-3.330268693696,6.553795699216,6.18581864844
    ));
#3075 = VERTEX_POINT('',#3076);
#3076 = CARTESIAN_POINT('',(-6.869731306304,6.553795699216,6.18581864844
    ));
#3077 = SURFACE_CURVE('',#3078,(#3082,#3089),.PCURVE_S1.);
#3078 = LINE('',#3079,#3080);
#3079 = CARTESIAN_POINT('',(-6.6,6.553795699216,6.18581864844));
#3080 = VECTOR('',#3081,1.);
#3081 = DIRECTION('',(-1.,-2.22044604925E-16,0.));
#3082 = PCURVE('',#316,#3083);
#3083 = DEFINITIONAL_REPRESENTATION('',(#3084),#3088);
#3084 = LINE('',#3085,#3086);
#3085 = CARTESIAN_POINT('',(-13.60764842919,-5.1));
#3086 = VECTOR('',#3087,1.);
#3087 = DIRECTION('',(0.,-1.));
#3088 = ( GEOMETRIC_REPRESENTATION_CONTEXT(2) 
PARAMETRIC_REPRESENTATION_CONTEXT() REPRESENTATION_CONTEXT('2D SPACE',''
  ) );
#3089 = PCURVE('',#1506,#3090);
#3090 = DEFINITIONAL_REPRESENTATION('',(#3091),#3095);
#3091 = LINE('',#3092,#3093);
#3092 = CARTESIAN_POINT('',(5.988883236253,-0.25));
#3093 = VECTOR('',#3094,1.);
#3094 = DIRECTION('',(0.,-1.));
#3095 = ( GEOMETRIC_REPRESENTATION_CONTEXT(2) 
PARAMETRIC_REPRESENTATION_CONTEXT() REPRESENTATION_CONTEXT('2D SPACE',''
  ) );
#3096 = ORIENTED_EDGE('',*,*,#3097,.T.);
#3097 = EDGE_CURVE('',#3073,#3098,#3100,.T.);
#3098 = VERTEX_POINT('',#3099);
#3099 = CARTESIAN_POINT('',(-3.330268693696,7.553909760746,6.18581864844
    ));
#3100 = SURFACE_CURVE('',#3101,(#3105,#3112),.PCURVE_S1.);
#3101 = LINE('',#3102,#3103);
#3102 = CARTESIAN_POINT('',(-3.330268693696,-7.053852729981,
    6.18581864844));
#3103 = VECTOR('',#3104,1.);
#3104 = DIRECTION('',(-2.22044604925E-16,1.,0.));
#3105 = PCURVE('',#316,#3106);
#3106 = DEFINITIONAL_REPRESENTATION('',(#3107),#3111);
#3107 = LINE('',#3108,#3109);
#3108 = CARTESIAN_POINT('',(0.,-1.830268693696));
#3109 = VECTOR('',#3110,1.);
#3110 = DIRECTION('',(-1.,0.));
#3111 = ( GEOMETRIC_REPRESENTATION_CONTEXT(2) 
PARAMETRIC_REPRESENTATION_CONTEXT() REPRESENTATION_CONTEXT('2D SPACE',''
  ) );
#3112 = PCURVE('',#1479,#3113);
#3113 = DEFINITIONAL_REPRESENTATION('',(#3114),#3118);
#3114 = LINE('',#3115,#3116);
#3115 = CARTESIAN_POINT('',(1.105932947432,25.492914351834));
#3116 = VECTOR('',#3117,1.);
#3117 = DIRECTION('',(0.,-1.));
#3118 = ( GEOMETRIC_REPRESENTATION_CONTEXT(2) 
PARAMETRIC_REPRESENTATION_CONTEXT() REPRESENTATION_CONTEXT('2D SPACE',''
  ) );
#3119 = ORIENTED_EDGE('',*,*,#3120,.F.);
#3120 = EDGE_CURVE('',#3121,#3098,#3123,.T.);
#3121 = VERTEX_POINT('',#3122);
#3122 = CARTESIAN_POINT('',(-6.869731306304,7.553909760746,6.18581864844
    ));
#3123 = SURFACE_CURVE('',#3124,(#3128,#3135),.PCURVE_S1.);
#3124 = LINE('',#3125,#3126);
#3125 = CARTESIAN_POINT('',(-1.5,7.553909760746,6.18581864844));
#3126 = VECTOR('',#3127,1.);
#3127 = DIRECTION('',(1.,2.22044604925E-16,0.));
#3128 = PCURVE('',#316,#3129);
#3129 = DEFINITIONAL_REPRESENTATION('',(#3130),#3134);
#3130 = LINE('',#3131,#3132);
#3131 = CARTESIAN_POINT('',(-14.60776249072,0.));
#3132 = VECTOR('',#3133,1.);
#3133 = DIRECTION('',(0.,1.));
#3134 = ( GEOMETRIC_REPRESENTATION_CONTEXT(2) 
PARAMETRIC_REPRESENTATION_CONTEXT() REPRESENTATION_CONTEXT('2D SPACE',''
  ) );
#3135 = PCURVE('',#1558,#3136);
#3136 = DEFINITIONAL_REPRESENTATION('',(#3137),#3141);
#3137 = LINE('',#3138,#3139);
#3138 = CARTESIAN_POINT('',(0.,4.85));
#3139 = VECTOR('',#3140,1.);
#3140 = DIRECTION('',(0.,1.));
#3141 = ( GEOMETRIC_REPRESENTATION_CONTEXT(2) 
PARAMETRIC_REPRESENTATION_CONTEXT() REPRESENTATION_CONTEXT('2D SPACE',''
  ) );
#3142 = ORIENTED_EDGE('',*,*,#3143,.F.);
#3143 = EDGE_CURVE('',#3075,#3121,#3144,.T.);
#3144 = SURFACE_CURVE('',#3145,(#3149,#3156),.PCURVE_S1.);
#3145 = LINE('',#3146,#3147);
#3146 = CARTESIAN_POINT('',(-6.869731306304,-7.053852729981,
    6.18581864844));
#3147 = VECTOR('',#3148,1.);
#3148 = DIRECTION('',(-2.22044604925E-16,1.,0.));
#3149 = PCURVE('',#316,#3150);
#3150 = DEFINITIONAL_REPRESENTATION('',(#3151),#3155);
#3151 = LINE('',#3152,#3153);
#3152 = CARTESIAN_POINT('',(0.,-5.369731306304));
#3153 = VECTOR('',#3154,1.);
#3154 = DIRECTION('',(-1.,0.));
#3155 = ( GEOMETRIC_REPRESENTATION_CONTEXT(2) 
PARAMETRIC_REPRESENTATION_CONTEXT() REPRESENTATION_CONTEXT('2D SPACE',''
  ) );
#3156 = PCURVE('',#1533,#3157);
#3157 = DEFINITIONAL_REPRESENTATION('',(#3158),#3162);
#3158 = LINE('',#3159,#3160);
#3159 = CARTESIAN_POINT('',(1.105932947432,25.492914351834));
#3160 = VECTOR('',#3161,1.);
#3161 = DIRECTION('',(0.,-1.));
#3162 = ( GEOMETRIC_REPRESENTATION_CONTEXT(2) 
PARAMETRIC_REPRESENTATION_CONTEXT() REPRESENTATION_CONTEXT('2D SPACE',''
  ) );
#3163 = FACE_BOUND('',#3164,.T.);
#3164 = EDGE_LOOP('',(#3165,#3190,#3213,#3236));
#3165 = ORIENTED_EDGE('',*,*,#3166,.F.);
#3166 = EDGE_CURVE('',#3167,#3169,#3171,.T.);
#3167 = VERTEX_POINT('',#3168);
#3168 = CARTESIAN_POINT('',(-3.330268693696,0.500057030765,6.18581864844
    ));
#3169 = VERTEX_POINT('',#3170);
#3170 = CARTESIAN_POINT('',(-3.330268693696,-0.500057030765,
    6.18581864844));
#3171 = SURFACE_CURVE('',#3172,(#3176,#3183),.PCURVE_S1.);
#3172 = LINE('',#3173,#3174);
#3173 = CARTESIAN_POINT('',(-3.330268693696,18.439061621853,
    6.18581864844));
#3174 = VECTOR('',#3175,1.);
#3175 = DIRECTION('',(2.22044604925E-16,-1.,0.));
#3176 = PCURVE('',#316,#3177);
#3177 = DEFINITIONAL_REPRESENTATION('',(#3178),#3182);
#3178 = LINE('',#3179,#3180);
#3179 = CARTESIAN_POINT('',(-25.49291435183,-1.830268693696));
#3180 = VECTOR('',#3181,1.);
#3181 = DIRECTION('',(1.,0.));
#3182 = ( GEOMETRIC_REPRESENTATION_CONTEXT(2) 
PARAMETRIC_REPRESENTATION_CONTEXT() REPRESENTATION_CONTEXT('2D SPACE',''
  ) );
#3183 = PCURVE('',#1369,#3184);
#3184 = DEFINITIONAL_REPRESENTATION('',(#3185),#3189);
#3185 = LINE('',#3186,#3187);
#3186 = CARTESIAN_POINT('',(1.105932947432,0.));
#3187 = VECTOR('',#3188,1.);
#3188 = DIRECTION('',(0.,1.));
#3189 = ( GEOMETRIC_REPRESENTATION_CONTEXT(2) 
PARAMETRIC_REPRESENTATION_CONTEXT() REPRESENTATION_CONTEXT('2D SPACE',''
  ) );
#3190 = ORIENTED_EDGE('',*,*,#3191,.F.);
#3191 = EDGE_CURVE('',#3192,#3167,#3194,.T.);
#3192 = VERTEX_POINT('',#3193);
#3193 = CARTESIAN_POINT('',(-6.869731306304,0.500057030765,6.18581864844
    ));
#3194 = SURFACE_CURVE('',#3195,(#3199,#3206),.PCURVE_S1.);
#3195 = LINE('',#3196,#3197);
#3196 = CARTESIAN_POINT('',(-1.5,0.500057030765,6.18581864844));
#3197 = VECTOR('',#3198,1.);
#3198 = DIRECTION('',(1.,2.22044604925E-16,0.));
#3199 = PCURVE('',#316,#3200);
#3200 = DEFINITIONAL_REPRESENTATION('',(#3201),#3205);
#3201 = LINE('',#3202,#3203);
#3202 = CARTESIAN_POINT('',(-7.553909760746,0.));
#3203 = VECTOR('',#3204,1.);
#3204 = DIRECTION('',(0.,1.));
#3205 = ( GEOMETRIC_REPRESENTATION_CONTEXT(2) 
PARAMETRIC_REPRESENTATION_CONTEXT() REPRESENTATION_CONTEXT('2D SPACE',''
  ) );
#3206 = PCURVE('',#1448,#3207);
#3207 = DEFINITIONAL_REPRESENTATION('',(#3208),#3212);
#3208 = LINE('',#3209,#3210);
#3209 = CARTESIAN_POINT('',(0.,4.85));
#3210 = VECTOR('',#3211,1.);
#3211 = DIRECTION('',(0.,1.));
#3212 = ( GEOMETRIC_REPRESENTATION_CONTEXT(2) 
PARAMETRIC_REPRESENTATION_CONTEXT() REPRESENTATION_CONTEXT('2D SPACE',''
  ) );
#3213 = ORIENTED_EDGE('',*,*,#3214,.F.);
#3214 = EDGE_CURVE('',#3215,#3192,#3217,.T.);
#3215 = VERTEX_POINT('',#3216);
#3216 = CARTESIAN_POINT('',(-6.869731306304,-0.500057030765,
    6.18581864844));
#3217 = SURFACE_CURVE('',#3218,(#3222,#3229),.PCURVE_S1.);
#3218 = LINE('',#3219,#3220);
#3219 = CARTESIAN_POINT('',(-6.869731306304,-7.053852729981,
    6.18581864844));
#3220 = VECTOR('',#3221,1.);
#3221 = DIRECTION('',(-2.22044604925E-16,1.,0.));
#3222 = PCURVE('',#316,#3223);
#3223 = DEFINITIONAL_REPRESENTATION('',(#3224),#3228);
#3224 = LINE('',#3225,#3226);
#3225 = CARTESIAN_POINT('',(0.,-5.369731306304));
#3226 = VECTOR('',#3227,1.);
#3227 = DIRECTION('',(-1.,0.));
#3228 = ( GEOMETRIC_REPRESENTATION_CONTEXT(2) 
PARAMETRIC_REPRESENTATION_CONTEXT() REPRESENTATION_CONTEXT('2D SPACE',''
  ) );
#3229 = PCURVE('',#1423,#3230);
#3230 = DEFINITIONAL_REPRESENTATION('',(#3231),#3235);
#3231 = LINE('',#3232,#3233);
#3232 = CARTESIAN_POINT('',(1.105932947432,25.492914351834));
#3233 = VECTOR('',#3234,1.);
#3234 = DIRECTION('',(0.,-1.));
#3235 = ( GEOMETRIC_REPRESENTATION_CONTEXT(2) 
PARAMETRIC_REPRESENTATION_CONTEXT() REPRESENTATION_CONTEXT('2D SPACE',''
  ) );
#3236 = ORIENTED_EDGE('',*,*,#3237,.F.);
#3237 = EDGE_CURVE('',#3169,#3215,#3238,.T.);
#3238 = SURFACE_CURVE('',#3239,(#3243,#3250),.PCURVE_S1.);
#3239 = LINE('',#3240,#3241);
#3240 = CARTESIAN_POINT('',(-1.5,-0.500057030765,6.18581864844));
#3241 = VECTOR('',#3242,1.);
#3242 = DIRECTION('',(-1.,-2.22044604925E-16,0.));
#3243 = PCURVE('',#316,#3244);
#3244 = DEFINITIONAL_REPRESENTATION('',(#3245),#3249);
#3245 = LINE('',#3246,#3247);
#3246 = CARTESIAN_POINT('',(-6.553795699216,0.));
#3247 = VECTOR('',#3248,1.);
#3248 = DIRECTION('',(0.,-1.));
#3249 = ( GEOMETRIC_REPRESENTATION_CONTEXT(2) 
PARAMETRIC_REPRESENTATION_CONTEXT() REPRESENTATION_CONTEXT('2D SPACE',''
  ) );
#3250 = PCURVE('',#1396,#3251);
#3251 = DEFINITIONAL_REPRESENTATION('',(#3252),#3256);
#3252 = LINE('',#3253,#3254);
#3253 = CARTESIAN_POINT('',(5.988883236253,4.85));
#3254 = VECTOR('',#3255,1.);
#3255 = DIRECTION('',(0.,-1.));
#3256 = ( GEOMETRIC_REPRESENTATION_CONTEXT(2) 
PARAMETRIC_REPRESENTATION_CONTEXT() REPRESENTATION_CONTEXT('2D SPACE',''
  ) );
#3257 = FACE_BOUND('',#3258,.T.);
#3258 = EDGE_LOOP('',(#3259,#3282,#3303,#3304,#3325,#3326,#3347,#3348));
#3259 = ORIENTED_EDGE('',*,*,#3260,.T.);
#3260 = EDGE_CURVE('',#301,#3261,#3263,.T.);
#3261 = VERTEX_POINT('',#3262);
#3262 = CARTESIAN_POINT('',(-7.770287679233,7.053852729981,6.18581864844
    ));
#3263 = SURFACE_CURVE('',#3264,(#3268,#3275),.PCURVE_S1.);
#3264 = LINE('',#3265,#3266);
#3265 = CARTESIAN_POINT('',(-1.5,7.053852729981,6.18581864844));
#3266 = VECTOR('',#3267,1.);
#3267 = DIRECTION('',(1.,2.22044604925E-16,0.));
#3268 = PCURVE('',#316,#3269);
#3269 = DEFINITIONAL_REPRESENTATION('',(#3270),#3274);
#3270 = LINE('',#3271,#3272);
#3271 = CARTESIAN_POINT('',(-14.10770545996,0.));
#3272 = VECTOR('',#3273,1.);
#3273 = DIRECTION('',(0.,1.));
#3274 = ( GEOMETRIC_REPRESENTATION_CONTEXT(2) 
PARAMETRIC_REPRESENTATION_CONTEXT() REPRESENTATION_CONTEXT('2D SPACE',''
  ) );
#3275 = PCURVE('',#342,#3276);
#3276 = DEFINITIONAL_REPRESENTATION('',(#3277),#3281);
#3277 = LINE('',#3278,#3279);
#3278 = CARTESIAN_POINT('',(1.514216092704,0.));
#3279 = VECTOR('',#3280,1.);
#3280 = DIRECTION('',(0.,1.));
#3281 = ( GEOMETRIC_REPRESENTATION_CONTEXT(2) 
PARAMETRIC_REPRESENTATION_CONTEXT() REPRESENTATION_CONTEXT('2D SPACE',''
  ) );
#3282 = ORIENTED_EDGE('',*,*,#3283,.T.);
#3283 = EDGE_CURVE('',#3261,#1923,#3284,.T.);
#3284 = SURFACE_CURVE('',#3285,(#3289,#3296),.PCURVE_S1.);
#3285 = LINE('',#3286,#3287);
#3286 = CARTESIAN_POINT('',(-7.770287679233,-7.053852729981,
    6.18581864844));
#3287 = VECTOR('',#3288,1.);
#3288 = DIRECTION('',(-2.22044604925E-16,1.,0.));
#3289 = PCURVE('',#316,#3290);
#3290 = DEFINITIONAL_REPRESENTATION('',(#3291),#3295);
#3291 = LINE('',#3292,#3293);
#3292 = CARTESIAN_POINT('',(0.,-6.270287679233));
#3293 = VECTOR('',#3294,1.);
#3294 = DIRECTION('',(-1.,0.));
#3295 = ( GEOMETRIC_REPRESENTATION_CONTEXT(2) 
PARAMETRIC_REPRESENTATION_CONTEXT() REPRESENTATION_CONTEXT('2D SPACE',''
  ) );
#3296 = PCURVE('',#1938,#3297);
#3297 = DEFINITIONAL_REPRESENTATION('',(#3298),#3302);
#3298 = LINE('',#3299,#3300);
#3299 = CARTESIAN_POINT('',(6.070177295175,-14.0383056514));
#3300 = VECTOR('',#3301,1.);
#3301 = DIRECTION('',(0.,1.));
#3302 = ( GEOMETRIC_REPRESENTATION_CONTEXT(2) 
PARAMETRIC_REPRESENTATION_CONTEXT() REPRESENTATION_CONTEXT('2D SPACE',''
  ) );
#3303 = ORIENTED_EDGE('',*,*,#1950,.F.);
#3304 = ORIENTED_EDGE('',*,*,#3305,.F.);
#3305 = EDGE_CURVE('',#2814,#1951,#3306,.T.);
#3306 = SURFACE_CURVE('',#3307,(#3311,#3318),.PCURVE_S1.);
#3307 = LINE('',#3308,#3309);
#3308 = CARTESIAN_POINT('',(-0.428990424285,-8.454649355997,
    6.18581864844));
#3309 = VECTOR('',#3310,1.);
#3310 = DIRECTION('',(-2.22044604925E-16,1.,0.));
#3311 = PCURVE('',#316,#3312);
#3312 = DEFINITIONAL_REPRESENTATION('',(#3313),#3317);
#3313 = LINE('',#3314,#3315);
#3314 = CARTESIAN_POINT('',(1.400796626016,1.071009575715));
#3315 = VECTOR('',#3316,1.);
#3316 = DIRECTION('',(-1.,0.));
#3317 = ( GEOMETRIC_REPRESENTATION_CONTEXT(2) 
PARAMETRIC_REPRESENTATION_CONTEXT() REPRESENTATION_CONTEXT('2D SPACE',''
  ) );
#3318 = PCURVE('',#1638,#3319);
#3319 = DEFINITIONAL_REPRESENTATION('',(#3320),#3324);
#3320 = LINE('',#3321,#3322);
#3321 = CARTESIAN_POINT('',(0.,0.));
#3322 = VECTOR('',#3323,1.);
#3323 = DIRECTION('',(-0.,-1.));
#3324 = ( GEOMETRIC_REPRESENTATION_CONTEXT(2) 
PARAMETRIC_REPRESENTATION_CONTEXT() REPRESENTATION_CONTEXT('2D SPACE',''
  ) );
#3325 = ORIENTED_EDGE('',*,*,#2836,.F.);
#3326 = ORIENTED_EDGE('',*,*,#3327,.F.);
#3327 = EDGE_CURVE('',#2973,#2837,#3328,.T.);
#3328 = SURFACE_CURVE('',#3329,(#3333,#3340),.PCURVE_S1.);
#3329 = LINE('',#3330,#3331);
#3330 = CARTESIAN_POINT('',(-7.770287679233,-7.053852729981,
    6.18581864844));
#3331 = VECTOR('',#3332,1.);
#3332 = DIRECTION('',(2.22044604925E-16,-1.,0.));
#3333 = PCURVE('',#316,#3334);
#3334 = DEFINITIONAL_REPRESENTATION('',(#3335),#3339);
#3335 = LINE('',#3336,#3337);
#3336 = CARTESIAN_POINT('',(0.,-6.270287679233));
#3337 = VECTOR('',#3338,1.);
#3338 = DIRECTION('',(1.,0.));
#3339 = ( GEOMETRIC_REPRESENTATION_CONTEXT(2) 
PARAMETRIC_REPRESENTATION_CONTEXT() REPRESENTATION_CONTEXT('2D SPACE',''
  ) );
#3340 = PCURVE('',#2875,#3341);
#3341 = DEFINITIONAL_REPRESENTATION('',(#3342),#3346);
#3342 = LINE('',#3343,#3344);
#3343 = CARTESIAN_POINT('',(-6.070177295175,-6.939980855799E-02));
#3344 = VECTOR('',#3345,1.);
#3345 = DIRECTION('',(0.,-1.));
#3346 = ( GEOMETRIC_REPRESENTATION_CONTEXT(2) 
PARAMETRIC_REPRESENTATION_CONTEXT() REPRESENTATION_CONTEXT('2D SPACE',''
  ) );
#3347 = ORIENTED_EDGE('',*,*,#2972,.F.);
#3348 = ORIENTED_EDGE('',*,*,#300,.F.);
#3349 = ADVANCED_FACE('',(#3350),#342,.F.);
#3350 = FACE_BOUND('',#3351,.F.);
#3351 = EDGE_LOOP('',(#3352,#3353,#3354,#3355,#3378,#3401));
#3352 = ORIENTED_EDGE('',*,*,#1259,.T.);
#3353 = ORIENTED_EDGE('',*,*,#328,.T.);
#3354 = ORIENTED_EDGE('',*,*,#3260,.T.);
#3355 = ORIENTED_EDGE('',*,*,#3356,.T.);
#3356 = EDGE_CURVE('',#3261,#3357,#3359,.T.);
#3357 = VERTEX_POINT('',#3358);
#3358 = CARTESIAN_POINT('',(-7.770287679233,7.053852729981,
    6.029325323827));
#3359 = SURFACE_CURVE('',#3360,(#3364,#3371),.PCURVE_S1.);
#3360 = LINE('',#3361,#3362);
#3361 = CARTESIAN_POINT('',(-7.770287679233,7.053852729981,
    4.671602555736));
#3362 = VECTOR('',#3363,1.);
#3363 = DIRECTION('',(0.,0.,-1.));
#3364 = PCURVE('',#342,#3365);
#3365 = DEFINITIONAL_REPRESENTATION('',(#3366),#3370);
#3366 = LINE('',#3367,#3368);
#3367 = CARTESIAN_POINT('',(0.,-6.270287679233));
#3368 = VECTOR('',#3369,1.);
#3369 = DIRECTION('',(-1.,0.));
#3370 = ( GEOMETRIC_REPRESENTATION_CONTEXT(2) 
PARAMETRIC_REPRESENTATION_CONTEXT() REPRESENTATION_CONTEXT('2D SPACE',''
  ) );
#3371 = PCURVE('',#1938,#3372);
#3372 = DEFINITIONAL_REPRESENTATION('',(#3373),#3377);
#3373 = LINE('',#3374,#3375);
#3374 = CARTESIAN_POINT('',(7.584393387879,6.939980855799E-02));
#3375 = VECTOR('',#3376,1.);
#3376 = DIRECTION('',(1.,0.));
#3377 = ( GEOMETRIC_REPRESENTATION_CONTEXT(2) 
PARAMETRIC_REPRESENTATION_CONTEXT() REPRESENTATION_CONTEXT('2D SPACE',''
  ) );
#3378 = ORIENTED_EDGE('',*,*,#3379,.T.);
#3379 = EDGE_CURVE('',#3357,#3380,#3382,.T.);
#3380 = VERTEX_POINT('',#3381);
#3381 = CARTESIAN_POINT('',(-9.459608849442,7.053852729981,
    6.029325323827));
#3382 = SURFACE_CURVE('',#3383,(#3387,#3394),.PCURVE_S1.);
#3383 = LINE('',#3384,#3385);
#3384 = CARTESIAN_POINT('',(-6.636474295046,7.053852729981,
    6.029325323827));
#3385 = VECTOR('',#3386,1.);
#3386 = DIRECTION('',(-1.,-2.22044604925E-16,0.));
#3387 = PCURVE('',#342,#3388);
#3388 = DEFINITIONAL_REPRESENTATION('',(#3389),#3393);
#3389 = LINE('',#3390,#3391);
#3390 = CARTESIAN_POINT('',(1.35772276809,-5.136474295046));
#3391 = VECTOR('',#3392,1.);
#3392 = DIRECTION('',(0.,-1.));
#3393 = ( GEOMETRIC_REPRESENTATION_CONTEXT(2) 
PARAMETRIC_REPRESENTATION_CONTEXT() REPRESENTATION_CONTEXT('2D SPACE',''
  ) );
#3394 = PCURVE('',#2265,#3395);
#3395 = DEFINITIONAL_REPRESENTATION('',(#3396),#3400);
#3396 = LINE('',#3397,#3398);
#3397 = CARTESIAN_POINT('',(-36.61955359719,-1.023010642182));
#3398 = VECTOR('',#3399,1.);
#3399 = DIRECTION('',(0.,-1.));
#3400 = ( GEOMETRIC_REPRESENTATION_CONTEXT(2) 
PARAMETRIC_REPRESENTATION_CONTEXT() REPRESENTATION_CONTEXT('2D SPACE',''
  ) );
#3401 = ORIENTED_EDGE('',*,*,#3402,.F.);
#3402 = EDGE_CURVE('',#1233,#3380,#3403,.T.);
#3403 = SURFACE_CURVE('',#3404,(#3408,#3415),.PCURVE_S1.);
#3404 = LINE('',#3405,#3406);
#3405 = CARTESIAN_POINT('',(-9.459608849442,7.053852729981,
    4.671602555736));
#3406 = VECTOR('',#3407,1.);
#3407 = DIRECTION('',(0.,0.,1.));
#3408 = PCURVE('',#342,#3409);
#3409 = DEFINITIONAL_REPRESENTATION('',(#3410),#3414);
#3410 = LINE('',#3411,#3412);
#3411 = CARTESIAN_POINT('',(0.,-7.959608849442));
#3412 = VECTOR('',#3413,1.);
#3413 = DIRECTION('',(1.,0.));
#3414 = ( GEOMETRIC_REPRESENTATION_CONTEXT(2) 
PARAMETRIC_REPRESENTATION_CONTEXT() REPRESENTATION_CONTEXT('2D SPACE',''
  ) );
#3415 = PCURVE('',#1248,#3416);
#3416 = DEFINITIONAL_REPRESENTATION('',(#3417),#3421);
#3417 = LINE('',#3418,#3419);
#3418 = CARTESIAN_POINT('',(0.,-36.61955359719));
#3419 = VECTOR('',#3420,1.);
#3420 = DIRECTION('',(-1.,0.));
#3421 = ( GEOMETRIC_REPRESENTATION_CONTEXT(2) 
PARAMETRIC_REPRESENTATION_CONTEXT() REPRESENTATION_CONTEXT('2D SPACE',''
  ) );
#3422 = ADVANCED_FACE('',(#3423,#3433),#418,.T.);
#3423 = FACE_BOUND('',#3424,.T.);
#3424 = EDGE_LOOP('',(#3425,#3426,#3427,#3428,#3429,#3430,#3431,#3432));
#3425 = ORIENTED_EDGE('',*,*,#404,.F.);
#3426 = ORIENTED_EDGE('',*,*,#435,.T.);
#3427 = ORIENTED_EDGE('',*,*,#963,.T.);
#3428 = ORIENTED_EDGE('',*,*,#1187,.F.);
#3429 = ORIENTED_EDGE('',*,*,#2180,.F.);
#3430 = ORIENTED_EDGE('',*,*,#2559,.F.);
#3431 = ORIENTED_EDGE('',*,*,#2611,.F.);
#3432 = ORIENTED_EDGE('',*,*,#989,.F.);
#3433 = FACE_BOUND('',#3434,.T.);
#3434 = EDGE_LOOP('',(#3435,#3436,#3459,#3482));
#3435 = ORIENTED_EDGE('',*,*,#1088,.F.);
#3436 = ORIENTED_EDGE('',*,*,#3437,.F.);
#3437 = EDGE_CURVE('',#3438,#1062,#3440,.T.);
#3438 = VERTEX_POINT('',#3439);
#3439 = CARTESIAN_POINT('',(11.,-7.053852729981,6.18581864844));
#3440 = SURFACE_CURVE('',#3441,(#3445,#3452),.PCURVE_S1.);
#3441 = LINE('',#3442,#3443);
#3442 = CARTESIAN_POINT('',(11.,-7.053852729981,4.671602555736));
#3443 = VECTOR('',#3444,1.);
#3444 = DIRECTION('',(0.,0.,-1.));
#3445 = PCURVE('',#418,#3446);
#3446 = DEFINITIONAL_REPRESENTATION('',(#3447),#3451);
#3447 = LINE('',#3448,#3449);
#3448 = CARTESIAN_POINT('',(0.171602555736,-2.246147270019));
#3449 = VECTOR('',#3450,1.);
#3450 = DIRECTION('',(-1.,0.));
#3451 = ( GEOMETRIC_REPRESENTATION_CONTEXT(2) 
PARAMETRIC_REPRESENTATION_CONTEXT() REPRESENTATION_CONTEXT('2D SPACE',''
  ) );
#3452 = PCURVE('',#1077,#3453);
#3453 = DEFINITIONAL_REPRESENTATION('',(#3454),#3458);
#3454 = LINE('',#3455,#3456);
#3455 = CARTESIAN_POINT('',(0.,12.5));
#3456 = VECTOR('',#3457,1.);
#3457 = DIRECTION('',(1.,0.));
#3458 = ( GEOMETRIC_REPRESENTATION_CONTEXT(2) 
PARAMETRIC_REPRESENTATION_CONTEXT() REPRESENTATION_CONTEXT('2D SPACE',''
  ) );
#3459 = ORIENTED_EDGE('',*,*,#3460,.F.);
#3460 = EDGE_CURVE('',#3461,#3438,#3463,.T.);
#3461 = VERTEX_POINT('',#3462);
#3462 = CARTESIAN_POINT('',(11.,7.053852729981,6.18581864844));
#3463 = SURFACE_CURVE('',#3464,(#3468,#3475),.PCURVE_S1.);
#3464 = LINE('',#3465,#3466);
#3465 = CARTESIAN_POINT('',(11.,-7.053852729981,6.18581864844));
#3466 = VECTOR('',#3467,1.);
#3467 = DIRECTION('',(2.22044604925E-16,-1.,0.));
#3468 = PCURVE('',#418,#3469);
#3469 = DEFINITIONAL_REPRESENTATION('',(#3470),#3474);
#3470 = LINE('',#3471,#3472);
#3471 = CARTESIAN_POINT('',(1.68581864844,-2.246147270019));
#3472 = VECTOR('',#3473,1.);
#3473 = DIRECTION('',(0.,1.));
#3474 = ( GEOMETRIC_REPRESENTATION_CONTEXT(2) 
PARAMETRIC_REPRESENTATION_CONTEXT() REPRESENTATION_CONTEXT('2D SPACE',''
  ) );
#3475 = PCURVE('',#2034,#3476);
#3476 = DEFINITIONAL_REPRESENTATION('',(#3477),#3481);
#3477 = LINE('',#3478,#3479);
#3478 = CARTESIAN_POINT('',(0.,12.5));
#3479 = VECTOR('',#3480,1.);
#3480 = DIRECTION('',(1.,0.));
#3481 = ( GEOMETRIC_REPRESENTATION_CONTEXT(2) 
PARAMETRIC_REPRESENTATION_CONTEXT() REPRESENTATION_CONTEXT('2D SPACE',''
  ) );
#3482 = ORIENTED_EDGE('',*,*,#3483,.F.);
#3483 = EDGE_CURVE('',#1089,#3461,#3484,.T.);
#3484 = SURFACE_CURVE('',#3485,(#3489,#3496),.PCURVE_S1.);
#3485 = LINE('',#3486,#3487);
#3486 = CARTESIAN_POINT('',(11.,7.053852729981,4.671602555736));
#3487 = VECTOR('',#3488,1.);
#3488 = DIRECTION('',(0.,0.,1.));
#3489 = PCURVE('',#418,#3490);
#3490 = DEFINITIONAL_REPRESENTATION('',(#3491),#3495);
#3491 = LINE('',#3492,#3493);
#3492 = CARTESIAN_POINT('',(0.171602555736,-16.35385272998));
#3493 = VECTOR('',#3494,1.);
#3494 = DIRECTION('',(1.,0.));
#3495 = ( GEOMETRIC_REPRESENTATION_CONTEXT(2) 
PARAMETRIC_REPRESENTATION_CONTEXT() REPRESENTATION_CONTEXT('2D SPACE',''
  ) );
#3496 = PCURVE('',#1127,#3497);
#3497 = DEFINITIONAL_REPRESENTATION('',(#3498),#3502);
#3498 = LINE('',#3499,#3500);
#3499 = CARTESIAN_POINT('',(0.,12.5));
#3500 = VECTOR('',#3501,1.);
#3501 = DIRECTION('',(1.,0.));
#3502 = ( GEOMETRIC_REPRESENTATION_CONTEXT(2) 
PARAMETRIC_REPRESENTATION_CONTEXT() REPRESENTATION_CONTEXT('2D SPACE',''
  ) );
#3503 = ADVANCED_FACE('',(#3504),#499,.F.);
#3504 = FACE_BOUND('',#3505,.F.);
#3505 = EDGE_LOOP('',(#3506,#3529,#3557,#3578));
#3506 = ORIENTED_EDGE('',*,*,#3507,.F.);
#3507 = EDGE_CURVE('',#3508,#482,#3510,.T.);
#3508 = VERTEX_POINT('',#3509);
#3509 = CARTESIAN_POINT('',(-6.5,-1.4,0.));
#3510 = SURFACE_CURVE('',#3511,(#3515,#3522),.PCURVE_S1.);
#3511 = LINE('',#3512,#3513);
#3512 = CARTESIAN_POINT('',(-6.5,-1.4,0.));
#3513 = VECTOR('',#3514,1.);
#3514 = DIRECTION('',(0.,0.,1.));
#3515 = PCURVE('',#499,#3516);
#3516 = DEFINITIONAL_REPRESENTATION('',(#3517),#3521);
#3517 = LINE('',#3518,#3519);
#3518 = CARTESIAN_POINT('',(0.,0.));
#3519 = VECTOR('',#3520,1.);
#3520 = DIRECTION('',(1.,0.));
#3521 = ( GEOMETRIC_REPRESENTATION_CONTEXT(2) 
PARAMETRIC_REPRESENTATION_CONTEXT() REPRESENTATION_CONTEXT('2D SPACE',''
  ) );
#3522 = PCURVE('',#581,#3523);
#3523 = DEFINITIONAL_REPRESENTATION('',(#3524),#3528);
#3524 = LINE('',#3525,#3526);
#3525 = CARTESIAN_POINT('',(0.,0.));
#3526 = VECTOR('',#3527,1.);
#3527 = DIRECTION('',(1.,0.));
#3528 = ( GEOMETRIC_REPRESENTATION_CONTEXT(2) 
PARAMETRIC_REPRESENTATION_CONTEXT() REPRESENTATION_CONTEXT('2D SPACE',''
  ) );
#3529 = ORIENTED_EDGE('',*,*,#3530,.T.);
#3530 = EDGE_CURVE('',#3508,#3531,#3533,.T.);
#3531 = VERTEX_POINT('',#3532);
#3532 = CARTESIAN_POINT('',(-6.5,1.4,0.));
#3533 = SURFACE_CURVE('',#3534,(#3538,#3545),.PCURVE_S1.);
#3534 = LINE('',#3535,#3536);
#3535 = CARTESIAN_POINT('',(-6.5,-1.4,0.));
#3536 = VECTOR('',#3537,1.);
#3537 = DIRECTION('',(-0.,1.,0.));
#3538 = PCURVE('',#499,#3539);
#3539 = DEFINITIONAL_REPRESENTATION('',(#3540),#3544);
#3540 = LINE('',#3541,#3542);
#3541 = CARTESIAN_POINT('',(0.,0.));
#3542 = VECTOR('',#3543,1.);
#3543 = DIRECTION('',(0.,-1.));
#3544 = ( GEOMETRIC_REPRESENTATION_CONTEXT(2) 
PARAMETRIC_REPRESENTATION_CONTEXT() REPRESENTATION_CONTEXT('2D SPACE',''
  ) );
#3545 = PCURVE('',#3546,#3551);
#3546 = PLANE('',#3547);
#3547 = AXIS2_PLACEMENT_3D('',#3548,#3549,#3550);
#3548 = CARTESIAN_POINT('',(-6.5,-1.4,0.));
#3549 = DIRECTION('',(0.,0.,1.));
#3550 = DIRECTION('',(1.,0.,-0.));
#3551 = DEFINITIONAL_REPRESENTATION('',(#3552),#3556);
#3552 = LINE('',#3553,#3554);
#3553 = CARTESIAN_POINT('',(0.,0.));
#3554 = VECTOR('',#3555,1.);
#3555 = DIRECTION('',(0.,1.));
#3556 = ( GEOMETRIC_REPRESENTATION_CONTEXT(2) 
PARAMETRIC_REPRESENTATION_CONTEXT() REPRESENTATION_CONTEXT('2D SPACE',''
  ) );
#3557 = ORIENTED_EDGE('',*,*,#3558,.T.);
#3558 = EDGE_CURVE('',#3531,#484,#3559,.T.);
#3559 = SURFACE_CURVE('',#3560,(#3564,#3571),.PCURVE_S1.);
#3560 = LINE('',#3561,#3562);
#3561 = CARTESIAN_POINT('',(-6.5,1.4,0.));
#3562 = VECTOR('',#3563,1.);
#3563 = DIRECTION('',(0.,0.,1.));
#3564 = PCURVE('',#499,#3565);
#3565 = DEFINITIONAL_REPRESENTATION('',(#3566),#3570);
#3566 = LINE('',#3567,#3568);
#3567 = CARTESIAN_POINT('',(0.,-2.8));
#3568 = VECTOR('',#3569,1.);
#3569 = DIRECTION('',(1.,0.));
#3570 = ( GEOMETRIC_REPRESENTATION_CONTEXT(2) 
PARAMETRIC_REPRESENTATION_CONTEXT() REPRESENTATION_CONTEXT('2D SPACE',''
  ) );
#3571 = PCURVE('',#527,#3572);
#3572 = DEFINITIONAL_REPRESENTATION('',(#3573),#3577);
#3573 = LINE('',#3574,#3575);
#3574 = CARTESIAN_POINT('',(0.,0.));
#3575 = VECTOR('',#3576,1.);
#3576 = DIRECTION('',(1.,0.));
#3577 = ( GEOMETRIC_REPRESENTATION_CONTEXT(2) 
PARAMETRIC_REPRESENTATION_CONTEXT() REPRESENTATION_CONTEXT('2D SPACE',''
  ) );
#3578 = ORIENTED_EDGE('',*,*,#481,.F.);
#3579 = ADVANCED_FACE('',(#3580),#527,.T.);
#3580 = FACE_BOUND('',#3581,.T.);
#3581 = EDGE_LOOP('',(#3582,#3605,#3606,#3607));
#3582 = ORIENTED_EDGE('',*,*,#3583,.F.);
#3583 = EDGE_CURVE('',#3531,#3584,#3586,.T.);
#3584 = VERTEX_POINT('',#3585);
#3585 = CARTESIAN_POINT('',(-3.7,1.4,0.));
#3586 = SURFACE_CURVE('',#3587,(#3591,#3598),.PCURVE_S1.);
#3587 = LINE('',#3588,#3589);
#3588 = CARTESIAN_POINT('',(-6.5,1.4,0.));
#3589 = VECTOR('',#3590,1.);
#3590 = DIRECTION('',(1.,0.,-0.));
#3591 = PCURVE('',#527,#3592);
#3592 = DEFINITIONAL_REPRESENTATION('',(#3593),#3597);
#3593 = LINE('',#3594,#3595);
#3594 = CARTESIAN_POINT('',(0.,0.));
#3595 = VECTOR('',#3596,1.);
#3596 = DIRECTION('',(0.,1.));
#3597 = ( GEOMETRIC_REPRESENTATION_CONTEXT(2) 
PARAMETRIC_REPRESENTATION_CONTEXT() REPRESENTATION_CONTEXT('2D SPACE',''
  ) );
#3598 = PCURVE('',#3546,#3599);
#3599 = DEFINITIONAL_REPRESENTATION('',(#3600),#3604);
#3600 = LINE('',#3601,#3602);
#3601 = CARTESIAN_POINT('',(0.,2.8));
#3602 = VECTOR('',#3603,1.);
#3603 = DIRECTION('',(1.,0.));
#3604 = ( GEOMETRIC_REPRESENTATION_CONTEXT(2) 
PARAMETRIC_REPRESENTATION_CONTEXT() REPRESENTATION_CONTEXT('2D SPACE',''
  ) );
#3605 = ORIENTED_EDGE('',*,*,#3558,.T.);
#3606 = ORIENTED_EDGE('',*,*,#511,.T.);
#3607 = ORIENTED_EDGE('',*,*,#3608,.F.);
#3608 = EDGE_CURVE('',#3584,#512,#3609,.T.);
#3609 = SURFACE_CURVE('',#3610,(#3614,#3621),.PCURVE_S1.);
#3610 = LINE('',#3611,#3612);
#3611 = CARTESIAN_POINT('',(-3.7,1.4,0.));
#3612 = VECTOR('',#3613,1.);
#3613 = DIRECTION('',(0.,0.,1.));
#3614 = PCURVE('',#527,#3615);
#3615 = DEFINITIONAL_REPRESENTATION('',(#3616),#3620);
#3616 = LINE('',#3617,#3618);
#3617 = CARTESIAN_POINT('',(0.,2.8));
#3618 = VECTOR('',#3619,1.);
#3619 = DIRECTION('',(1.,0.));
#3620 = ( GEOMETRIC_REPRESENTATION_CONTEXT(2) 
PARAMETRIC_REPRESENTATION_CONTEXT() REPRESENTATION_CONTEXT('2D SPACE',''
  ) );
#3621 = PCURVE('',#555,#3622);
#3622 = DEFINITIONAL_REPRESENTATION('',(#3623),#3627);
#3623 = LINE('',#3624,#3625);
#3624 = CARTESIAN_POINT('',(0.,-2.8));
#3625 = VECTOR('',#3626,1.);
#3626 = DIRECTION('',(1.,0.));
#3627 = ( GEOMETRIC_REPRESENTATION_CONTEXT(2) 
PARAMETRIC_REPRESENTATION_CONTEXT() REPRESENTATION_CONTEXT('2D SPACE',''
  ) );
#3628 = ADVANCED_FACE('',(#3629),#581,.F.);
#3629 = FACE_BOUND('',#3630,.F.);
#3630 = EDGE_LOOP('',(#3631,#3654,#3655,#3656));
#3631 = ORIENTED_EDGE('',*,*,#3632,.F.);
#3632 = EDGE_CURVE('',#3508,#3633,#3635,.T.);
#3633 = VERTEX_POINT('',#3634);
#3634 = CARTESIAN_POINT('',(-3.7,-1.4,0.));
#3635 = SURFACE_CURVE('',#3636,(#3640,#3647),.PCURVE_S1.);
#3636 = LINE('',#3637,#3638);
#3637 = CARTESIAN_POINT('',(-6.5,-1.4,0.));
#3638 = VECTOR('',#3639,1.);
#3639 = DIRECTION('',(1.,0.,-0.));
#3640 = PCURVE('',#581,#3641);
#3641 = DEFINITIONAL_REPRESENTATION('',(#3642),#3646);
#3642 = LINE('',#3643,#3644);
#3643 = CARTESIAN_POINT('',(0.,0.));
#3644 = VECTOR('',#3645,1.);
#3645 = DIRECTION('',(0.,1.));
#3646 = ( GEOMETRIC_REPRESENTATION_CONTEXT(2) 
PARAMETRIC_REPRESENTATION_CONTEXT() REPRESENTATION_CONTEXT('2D SPACE',''
  ) );
#3647 = PCURVE('',#3546,#3648);
#3648 = DEFINITIONAL_REPRESENTATION('',(#3649),#3653);
#3649 = LINE('',#3650,#3651);
#3650 = CARTESIAN_POINT('',(0.,0.));
#3651 = VECTOR('',#3652,1.);
#3652 = DIRECTION('',(1.,0.));
#3653 = ( GEOMETRIC_REPRESENTATION_CONTEXT(2) 
PARAMETRIC_REPRESENTATION_CONTEXT() REPRESENTATION_CONTEXT('2D SPACE',''
  ) );
#3654 = ORIENTED_EDGE('',*,*,#3507,.T.);
#3655 = ORIENTED_EDGE('',*,*,#567,.T.);
#3656 = ORIENTED_EDGE('',*,*,#3657,.F.);
#3657 = EDGE_CURVE('',#3633,#540,#3658,.T.);
#3658 = SURFACE_CURVE('',#3659,(#3663,#3670),.PCURVE_S1.);
#3659 = LINE('',#3660,#3661);
#3660 = CARTESIAN_POINT('',(-3.7,-1.4,0.));
#3661 = VECTOR('',#3662,1.);
#3662 = DIRECTION('',(0.,0.,1.));
#3663 = PCURVE('',#581,#3664);
#3664 = DEFINITIONAL_REPRESENTATION('',(#3665),#3669);
#3665 = LINE('',#3666,#3667);
#3666 = CARTESIAN_POINT('',(0.,2.8));
#3667 = VECTOR('',#3668,1.);
#3668 = DIRECTION('',(1.,0.));
#3669 = ( GEOMETRIC_REPRESENTATION_CONTEXT(2) 
PARAMETRIC_REPRESENTATION_CONTEXT() REPRESENTATION_CONTEXT('2D SPACE',''
  ) );
#3670 = PCURVE('',#555,#3671);
#3671 = DEFINITIONAL_REPRESENTATION('',(#3672),#3676);
#3672 = LINE('',#3673,#3674);
#3673 = CARTESIAN_POINT('',(0.,0.));
#3674 = VECTOR('',#3675,1.);
#3675 = DIRECTION('',(1.,0.));
#3676 = ( GEOMETRIC_REPRESENTATION_CONTEXT(2) 
PARAMETRIC_REPRESENTATION_CONTEXT() REPRESENTATION_CONTEXT('2D SPACE',''
  ) );
#3677 = ADVANCED_FACE('',(#3678),#555,.T.);
#3678 = FACE_BOUND('',#3679,.T.);
#3679 = EDGE_LOOP('',(#3680,#3681,#3702,#3703));
#3680 = ORIENTED_EDGE('',*,*,#3657,.F.);
#3681 = ORIENTED_EDGE('',*,*,#3682,.T.);
#3682 = EDGE_CURVE('',#3633,#3584,#3683,.T.);
#3683 = SURFACE_CURVE('',#3684,(#3688,#3695),.PCURVE_S1.);
#3684 = LINE('',#3685,#3686);
#3685 = CARTESIAN_POINT('',(-3.7,-1.4,0.));
#3686 = VECTOR('',#3687,1.);
#3687 = DIRECTION('',(-0.,1.,0.));
#3688 = PCURVE('',#555,#3689);
#3689 = DEFINITIONAL_REPRESENTATION('',(#3690),#3694);
#3690 = LINE('',#3691,#3692);
#3691 = CARTESIAN_POINT('',(0.,0.));
#3692 = VECTOR('',#3693,1.);
#3693 = DIRECTION('',(0.,-1.));
#3694 = ( GEOMETRIC_REPRESENTATION_CONTEXT(2) 
PARAMETRIC_REPRESENTATION_CONTEXT() REPRESENTATION_CONTEXT('2D SPACE',''
  ) );
#3695 = PCURVE('',#3546,#3696);
#3696 = DEFINITIONAL_REPRESENTATION('',(#3697),#3701);
#3697 = LINE('',#3698,#3699);
#3698 = CARTESIAN_POINT('',(2.8,0.));
#3699 = VECTOR('',#3700,1.);
#3700 = DIRECTION('',(0.,1.));
#3701 = ( GEOMETRIC_REPRESENTATION_CONTEXT(2) 
PARAMETRIC_REPRESENTATION_CONTEXT() REPRESENTATION_CONTEXT('2D SPACE',''
  ) );
#3702 = ORIENTED_EDGE('',*,*,#3608,.T.);
#3703 = ORIENTED_EDGE('',*,*,#539,.F.);
#3704 = ADVANCED_FACE('',(#3705),#613,.F.);
#3705 = FACE_BOUND('',#3706,.F.);
#3706 = EDGE_LOOP('',(#3707,#3730,#3758,#3779));
#3707 = ORIENTED_EDGE('',*,*,#3708,.F.);
#3708 = EDGE_CURVE('',#3709,#596,#3711,.T.);
#3709 = VERTEX_POINT('',#3710);
#3710 = CARTESIAN_POINT('',(3.7,-1.4,0.));
#3711 = SURFACE_CURVE('',#3712,(#3716,#3723),.PCURVE_S1.);
#3712 = LINE('',#3713,#3714);
#3713 = CARTESIAN_POINT('',(3.7,-1.4,0.));
#3714 = VECTOR('',#3715,1.);
#3715 = DIRECTION('',(0.,0.,1.));
#3716 = PCURVE('',#613,#3717);
#3717 = DEFINITIONAL_REPRESENTATION('',(#3718),#3722);
#3718 = LINE('',#3719,#3720);
#3719 = CARTESIAN_POINT('',(0.,0.));
#3720 = VECTOR('',#3721,1.);
#3721 = DIRECTION('',(1.,0.));
#3722 = ( GEOMETRIC_REPRESENTATION_CONTEXT(2) 
PARAMETRIC_REPRESENTATION_CONTEXT() REPRESENTATION_CONTEXT('2D SPACE',''
  ) );
#3723 = PCURVE('',#695,#3724);
#3724 = DEFINITIONAL_REPRESENTATION('',(#3725),#3729);
#3725 = LINE('',#3726,#3727);
#3726 = CARTESIAN_POINT('',(0.,0.));
#3727 = VECTOR('',#3728,1.);
#3728 = DIRECTION('',(1.,0.));
#3729 = ( GEOMETRIC_REPRESENTATION_CONTEXT(2) 
PARAMETRIC_REPRESENTATION_CONTEXT() REPRESENTATION_CONTEXT('2D SPACE',''
  ) );
#3730 = ORIENTED_EDGE('',*,*,#3731,.T.);
#3731 = EDGE_CURVE('',#3709,#3732,#3734,.T.);
#3732 = VERTEX_POINT('',#3733);
#3733 = CARTESIAN_POINT('',(3.7,1.4,0.));
#3734 = SURFACE_CURVE('',#3735,(#3739,#3746),.PCURVE_S1.);
#3735 = LINE('',#3736,#3737);
#3736 = CARTESIAN_POINT('',(3.7,-1.4,0.));
#3737 = VECTOR('',#3738,1.);
#3738 = DIRECTION('',(-0.,1.,0.));
#3739 = PCURVE('',#613,#3740);
#3740 = DEFINITIONAL_REPRESENTATION('',(#3741),#3745);
#3741 = LINE('',#3742,#3743);
#3742 = CARTESIAN_POINT('',(0.,0.));
#3743 = VECTOR('',#3744,1.);
#3744 = DIRECTION('',(0.,-1.));
#3745 = ( GEOMETRIC_REPRESENTATION_CONTEXT(2) 
PARAMETRIC_REPRESENTATION_CONTEXT() REPRESENTATION_CONTEXT('2D SPACE',''
  ) );
#3746 = PCURVE('',#3747,#3752);
#3747 = PLANE('',#3748);
#3748 = AXIS2_PLACEMENT_3D('',#3749,#3750,#3751);
#3749 = CARTESIAN_POINT('',(3.7,-1.4,0.));
#3750 = DIRECTION('',(0.,0.,1.));
#3751 = DIRECTION('',(1.,0.,-0.));
#3752 = DEFINITIONAL_REPRESENTATION('',(#3753),#3757);
#3753 = LINE('',#3754,#3755);
#3754 = CARTESIAN_POINT('',(0.,0.));
#3755 = VECTOR('',#3756,1.);
#3756 = DIRECTION('',(0.,1.));
#3757 = ( GEOMETRIC_REPRESENTATION_CONTEXT(2) 
PARAMETRIC_REPRESENTATION_CONTEXT() REPRESENTATION_CONTEXT('2D SPACE',''
  ) );
#3758 = ORIENTED_EDGE('',*,*,#3759,.T.);
#3759 = EDGE_CURVE('',#3732,#598,#3760,.T.);
#3760 = SURFACE_CURVE('',#3761,(#3765,#3772),.PCURVE_S1.);
#3761 = LINE('',#3762,#3763);
#3762 = CARTESIAN_POINT('',(3.7,1.4,0.));
#3763 = VECTOR('',#3764,1.);
#3764 = DIRECTION('',(0.,0.,1.));
#3765 = PCURVE('',#613,#3766);
#3766 = DEFINITIONAL_REPRESENTATION('',(#3767),#3771);
#3767 = LINE('',#3768,#3769);
#3768 = CARTESIAN_POINT('',(0.,-2.8));
#3769 = VECTOR('',#3770,1.);
#3770 = DIRECTION('',(1.,0.));
#3771 = ( GEOMETRIC_REPRESENTATION_CONTEXT(2) 
PARAMETRIC_REPRESENTATION_CONTEXT() REPRESENTATION_CONTEXT('2D SPACE',''
  ) );
#3772 = PCURVE('',#641,#3773);
#3773 = DEFINITIONAL_REPRESENTATION('',(#3774),#3778);
#3774 = LINE('',#3775,#3776);
#3775 = CARTESIAN_POINT('',(0.,0.));
#3776 = VECTOR('',#3777,1.);
#3777 = DIRECTION('',(1.,0.));
#3778 = ( GEOMETRIC_REPRESENTATION_CONTEXT(2) 
PARAMETRIC_REPRESENTATION_CONTEXT() REPRESENTATION_CONTEXT('2D SPACE',''
  ) );
#3779 = ORIENTED_EDGE('',*,*,#595,.F.);
#3780 = ADVANCED_FACE('',(#3781),#641,.T.);
#3781 = FACE_BOUND('',#3782,.T.);
#3782 = EDGE_LOOP('',(#3783,#3806,#3807,#3808));
#3783 = ORIENTED_EDGE('',*,*,#3784,.F.);
#3784 = EDGE_CURVE('',#3732,#3785,#3787,.T.);
#3785 = VERTEX_POINT('',#3786);
#3786 = CARTESIAN_POINT('',(6.5,1.4,0.));
#3787 = SURFACE_CURVE('',#3788,(#3792,#3799),.PCURVE_S1.);
#3788 = LINE('',#3789,#3790);
#3789 = CARTESIAN_POINT('',(3.7,1.4,0.));
#3790 = VECTOR('',#3791,1.);
#3791 = DIRECTION('',(1.,0.,-0.));
#3792 = PCURVE('',#641,#3793);
#3793 = DEFINITIONAL_REPRESENTATION('',(#3794),#3798);
#3794 = LINE('',#3795,#3796);
#3795 = CARTESIAN_POINT('',(0.,0.));
#3796 = VECTOR('',#3797,1.);
#3797 = DIRECTION('',(0.,1.));
#3798 = ( GEOMETRIC_REPRESENTATION_CONTEXT(2) 
PARAMETRIC_REPRESENTATION_CONTEXT() REPRESENTATION_CONTEXT('2D SPACE',''
  ) );
#3799 = PCURVE('',#3747,#3800);
#3800 = DEFINITIONAL_REPRESENTATION('',(#3801),#3805);
#3801 = LINE('',#3802,#3803);
#3802 = CARTESIAN_POINT('',(0.,2.8));
#3803 = VECTOR('',#3804,1.);
#3804 = DIRECTION('',(1.,0.));
#3805 = ( GEOMETRIC_REPRESENTATION_CONTEXT(2) 
PARAMETRIC_REPRESENTATION_CONTEXT() REPRESENTATION_CONTEXT('2D SPACE',''
  ) );
#3806 = ORIENTED_EDGE('',*,*,#3759,.T.);
#3807 = ORIENTED_EDGE('',*,*,#625,.T.);
#3808 = ORIENTED_EDGE('',*,*,#3809,.F.);
#3809 = EDGE_CURVE('',#3785,#626,#3810,.T.);
#3810 = SURFACE_CURVE('',#3811,(#3815,#3822),.PCURVE_S1.);
#3811 = LINE('',#3812,#3813);
#3812 = CARTESIAN_POINT('',(6.5,1.4,0.));
#3813 = VECTOR('',#3814,1.);
#3814 = DIRECTION('',(0.,0.,1.));
#3815 = PCURVE('',#641,#3816);
#3816 = DEFINITIONAL_REPRESENTATION('',(#3817),#3821);
#3817 = LINE('',#3818,#3819);
#3818 = CARTESIAN_POINT('',(0.,2.8));
#3819 = VECTOR('',#3820,1.);
#3820 = DIRECTION('',(1.,0.));
#3821 = ( GEOMETRIC_REPRESENTATION_CONTEXT(2) 
PARAMETRIC_REPRESENTATION_CONTEXT() REPRESENTATION_CONTEXT('2D SPACE',''
  ) );
#3822 = PCURVE('',#669,#3823);
#3823 = DEFINITIONAL_REPRESENTATION('',(#3824),#3828);
#3824 = LINE('',#3825,#3826);
#3825 = CARTESIAN_POINT('',(0.,-2.8));
#3826 = VECTOR('',#3827,1.);
#3827 = DIRECTION('',(1.,0.));
#3828 = ( GEOMETRIC_REPRESENTATION_CONTEXT(2) 
PARAMETRIC_REPRESENTATION_CONTEXT() REPRESENTATION_CONTEXT('2D SPACE',''
  ) );
#3829 = ADVANCED_FACE('',(#3830),#695,.F.);
#3830 = FACE_BOUND('',#3831,.F.);
#3831 = EDGE_LOOP('',(#3832,#3855,#3856,#3857));
#3832 = ORIENTED_EDGE('',*,*,#3833,.F.);
#3833 = EDGE_CURVE('',#3709,#3834,#3836,.T.);
#3834 = VERTEX_POINT('',#3835);
#3835 = CARTESIAN_POINT('',(6.5,-1.4,0.));
#3836 = SURFACE_CURVE('',#3837,(#3841,#3848),.PCURVE_S1.);
#3837 = LINE('',#3838,#3839);
#3838 = CARTESIAN_POINT('',(3.7,-1.4,0.));
#3839 = VECTOR('',#3840,1.);
#3840 = DIRECTION('',(1.,0.,-0.));
#3841 = PCURVE('',#695,#3842);
#3842 = DEFINITIONAL_REPRESENTATION('',(#3843),#3847);
#3843 = LINE('',#3844,#3845);
#3844 = CARTESIAN_POINT('',(0.,0.));
#3845 = VECTOR('',#3846,1.);
#3846 = DIRECTION('',(0.,1.));
#3847 = ( GEOMETRIC_REPRESENTATION_CONTEXT(2) 
PARAMETRIC_REPRESENTATION_CONTEXT() REPRESENTATION_CONTEXT('2D SPACE',''
  ) );
#3848 = PCURVE('',#3747,#3849);
#3849 = DEFINITIONAL_REPRESENTATION('',(#3850),#3854);
#3850 = LINE('',#3851,#3852);
#3851 = CARTESIAN_POINT('',(0.,0.));
#3852 = VECTOR('',#3853,1.);
#3853 = DIRECTION('',(1.,0.));
#3854 = ( GEOMETRIC_REPRESENTATION_CONTEXT(2) 
PARAMETRIC_REPRESENTATION_CONTEXT() REPRESENTATION_CONTEXT('2D SPACE',''
  ) );
#3855 = ORIENTED_EDGE('',*,*,#3708,.T.);
#3856 = ORIENTED_EDGE('',*,*,#681,.T.);
#3857 = ORIENTED_EDGE('',*,*,#3858,.F.);
#3858 = EDGE_CURVE('',#3834,#654,#3859,.T.);
#3859 = SURFACE_CURVE('',#3860,(#3864,#3871),.PCURVE_S1.);
#3860 = LINE('',#3861,#3862);
#3861 = CARTESIAN_POINT('',(6.5,-1.4,0.));
#3862 = VECTOR('',#3863,1.);
#3863 = DIRECTION('',(0.,0.,1.));
#3864 = PCURVE('',#695,#3865);
#3865 = DEFINITIONAL_REPRESENTATION('',(#3866),#3870);
#3866 = LINE('',#3867,#3868);
#3867 = CARTESIAN_POINT('',(0.,2.8));
#3868 = VECTOR('',#3869,1.);
#3869 = DIRECTION('',(1.,0.));
#3870 = ( GEOMETRIC_REPRESENTATION_CONTEXT(2) 
PARAMETRIC_REPRESENTATION_CONTEXT() REPRESENTATION_CONTEXT('2D SPACE',''
  ) );
#3871 = PCURVE('',#669,#3872);
#3872 = DEFINITIONAL_REPRESENTATION('',(#3873),#3877);
#3873 = LINE('',#3874,#3875);
#3874 = CARTESIAN_POINT('',(0.,0.));
#3875 = VECTOR('',#3876,1.);
#3876 = DIRECTION('',(1.,0.));
#3877 = ( GEOMETRIC_REPRESENTATION_CONTEXT(2) 
PARAMETRIC_REPRESENTATION_CONTEXT() REPRESENTATION_CONTEXT('2D SPACE',''
  ) );
#3878 = ADVANCED_FACE('',(#3879),#669,.T.);
#3879 = FACE_BOUND('',#3880,.T.);
#3880 = EDGE_LOOP('',(#3881,#3882,#3903,#3904));
#3881 = ORIENTED_EDGE('',*,*,#3858,.F.);
#3882 = ORIENTED_EDGE('',*,*,#3883,.T.);
#3883 = EDGE_CURVE('',#3834,#3785,#3884,.T.);
#3884 = SURFACE_CURVE('',#3885,(#3889,#3896),.PCURVE_S1.);
#3885 = LINE('',#3886,#3887);
#3886 = CARTESIAN_POINT('',(6.5,-1.4,0.));
#3887 = VECTOR('',#3888,1.);
#3888 = DIRECTION('',(-0.,1.,0.));
#3889 = PCURVE('',#669,#3890);
#3890 = DEFINITIONAL_REPRESENTATION('',(#3891),#3895);
#3891 = LINE('',#3892,#3893);
#3892 = CARTESIAN_POINT('',(0.,0.));
#3893 = VECTOR('',#3894,1.);
#3894 = DIRECTION('',(0.,-1.));
#3895 = ( GEOMETRIC_REPRESENTATION_CONTEXT(2) 
PARAMETRIC_REPRESENTATION_CONTEXT() REPRESENTATION_CONTEXT('2D SPACE',''
  ) );
#3896 = PCURVE('',#3747,#3897);
#3897 = DEFINITIONAL_REPRESENTATION('',(#3898),#3902);
#3898 = LINE('',#3899,#3900);
#3899 = CARTESIAN_POINT('',(2.8,0.));
#3900 = VECTOR('',#3901,1.);
#3901 = DIRECTION('',(0.,1.));
#3902 = ( GEOMETRIC_REPRESENTATION_CONTEXT(2) 
PARAMETRIC_REPRESENTATION_CONTEXT() REPRESENTATION_CONTEXT('2D SPACE',''
  ) );
#3903 = ORIENTED_EDGE('',*,*,#3809,.T.);
#3904 = ORIENTED_EDGE('',*,*,#653,.F.);
#3905 = ADVANCED_FACE('',(#3906),#727,.F.);
#3906 = FACE_BOUND('',#3907,.F.);
#3907 = EDGE_LOOP('',(#3908,#3931,#3959,#3980));
#3908 = ORIENTED_EDGE('',*,*,#3909,.F.);
#3909 = EDGE_CURVE('',#3910,#710,#3912,.T.);
#3910 = VERTEX_POINT('',#3911);
#3911 = CARTESIAN_POINT('',(-6.5,5.6,0.));
#3912 = SURFACE_CURVE('',#3913,(#3917,#3924),.PCURVE_S1.);
#3913 = LINE('',#3914,#3915);
#3914 = CARTESIAN_POINT('',(-6.5,5.6,0.));
#3915 = VECTOR('',#3916,1.);
#3916 = DIRECTION('',(0.,0.,1.));
#3917 = PCURVE('',#727,#3918);
#3918 = DEFINITIONAL_REPRESENTATION('',(#3919),#3923);
#3919 = LINE('',#3920,#3921);
#3920 = CARTESIAN_POINT('',(0.,0.));
#3921 = VECTOR('',#3922,1.);
#3922 = DIRECTION('',(1.,0.));
#3923 = ( GEOMETRIC_REPRESENTATION_CONTEXT(2) 
PARAMETRIC_REPRESENTATION_CONTEXT() REPRESENTATION_CONTEXT('2D SPACE',''
  ) );
#3924 = PCURVE('',#809,#3925);
#3925 = DEFINITIONAL_REPRESENTATION('',(#3926),#3930);
#3926 = LINE('',#3927,#3928);
#3927 = CARTESIAN_POINT('',(0.,0.));
#3928 = VECTOR('',#3929,1.);
#3929 = DIRECTION('',(1.,0.));
#3930 = ( GEOMETRIC_REPRESENTATION_CONTEXT(2) 
PARAMETRIC_REPRESENTATION_CONTEXT() REPRESENTATION_CONTEXT('2D SPACE',''
  ) );
#3931 = ORIENTED_EDGE('',*,*,#3932,.T.);
#3932 = EDGE_CURVE('',#3910,#3933,#3935,.T.);
#3933 = VERTEX_POINT('',#3934);
#3934 = CARTESIAN_POINT('',(-6.5,8.4,0.));
#3935 = SURFACE_CURVE('',#3936,(#3940,#3947),.PCURVE_S1.);
#3936 = LINE('',#3937,#3938);
#3937 = CARTESIAN_POINT('',(-6.5,5.6,0.));
#3938 = VECTOR('',#3939,1.);
#3939 = DIRECTION('',(-0.,1.,0.));
#3940 = PCURVE('',#727,#3941);
#3941 = DEFINITIONAL_REPRESENTATION('',(#3942),#3946);
#3942 = LINE('',#3943,#3944);
#3943 = CARTESIAN_POINT('',(0.,0.));
#3944 = VECTOR('',#3945,1.);
#3945 = DIRECTION('',(0.,-1.));
#3946 = ( GEOMETRIC_REPRESENTATION_CONTEXT(2) 
PARAMETRIC_REPRESENTATION_CONTEXT() REPRESENTATION_CONTEXT('2D SPACE',''
  ) );
#3947 = PCURVE('',#3948,#3953);
#3948 = PLANE('',#3949);
#3949 = AXIS2_PLACEMENT_3D('',#3950,#3951,#3952);
#3950 = CARTESIAN_POINT('',(-6.5,5.6,0.));
#3951 = DIRECTION('',(0.,0.,1.));
#3952 = DIRECTION('',(1.,0.,-0.));
#3953 = DEFINITIONAL_REPRESENTATION('',(#3954),#3958);
#3954 = LINE('',#3955,#3956);
#3955 = CARTESIAN_POINT('',(0.,0.));
#3956 = VECTOR('',#3957,1.);
#3957 = DIRECTION('',(0.,1.));
#3958 = ( GEOMETRIC_REPRESENTATION_CONTEXT(2) 
PARAMETRIC_REPRESENTATION_CONTEXT() REPRESENTATION_CONTEXT('2D SPACE',''
  ) );
#3959 = ORIENTED_EDGE('',*,*,#3960,.T.);
#3960 = EDGE_CURVE('',#3933,#712,#3961,.T.);
#3961 = SURFACE_CURVE('',#3962,(#3966,#3973),.PCURVE_S1.);
#3962 = LINE('',#3963,#3964);
#3963 = CARTESIAN_POINT('',(-6.5,8.4,0.));
#3964 = VECTOR('',#3965,1.);
#3965 = DIRECTION('',(0.,0.,1.));
#3966 = PCURVE('',#727,#3967);
#3967 = DEFINITIONAL_REPRESENTATION('',(#3968),#3972);
#3968 = LINE('',#3969,#3970);
#3969 = CARTESIAN_POINT('',(0.,-2.8));
#3970 = VECTOR('',#3971,1.);
#3971 = DIRECTION('',(1.,0.));
#3972 = ( GEOMETRIC_REPRESENTATION_CONTEXT(2) 
PARAMETRIC_REPRESENTATION_CONTEXT() REPRESENTATION_CONTEXT('2D SPACE',''
  ) );
#3973 = PCURVE('',#755,#3974);
#3974 = DEFINITIONAL_REPRESENTATION('',(#3975),#3979);
#3975 = LINE('',#3976,#3977);
#3976 = CARTESIAN_POINT('',(0.,0.));
#3977 = VECTOR('',#3978,1.);
#3978 = DIRECTION('',(1.,0.));
#3979 = ( GEOMETRIC_REPRESENTATION_CONTEXT(2) 
PARAMETRIC_REPRESENTATION_CONTEXT() REPRESENTATION_CONTEXT('2D SPACE',''
  ) );
#3980 = ORIENTED_EDGE('',*,*,#709,.F.);
#3981 = ADVANCED_FACE('',(#3982),#755,.T.);
#3982 = FACE_BOUND('',#3983,.T.);
#3983 = EDGE_LOOP('',(#3984,#4007,#4008,#4009));
#3984 = ORIENTED_EDGE('',*,*,#3985,.F.);
#3985 = EDGE_CURVE('',#3933,#3986,#3988,.T.);
#3986 = VERTEX_POINT('',#3987);
#3987 = CARTESIAN_POINT('',(-3.7,8.4,0.));
#3988 = SURFACE_CURVE('',#3989,(#3993,#4000),.PCURVE_S1.);
#3989 = LINE('',#3990,#3991);
#3990 = CARTESIAN_POINT('',(-6.5,8.4,0.));
#3991 = VECTOR('',#3992,1.);
#3992 = DIRECTION('',(1.,0.,-0.));
#3993 = PCURVE('',#755,#3994);
#3994 = DEFINITIONAL_REPRESENTATION('',(#3995),#3999);
#3995 = LINE('',#3996,#3997);
#3996 = CARTESIAN_POINT('',(0.,0.));
#3997 = VECTOR('',#3998,1.);
#3998 = DIRECTION('',(0.,1.));
#3999 = ( GEOMETRIC_REPRESENTATION_CONTEXT(2) 
PARAMETRIC_REPRESENTATION_CONTEXT() REPRESENTATION_CONTEXT('2D SPACE',''
  ) );
#4000 = PCURVE('',#3948,#4001);
#4001 = DEFINITIONAL_REPRESENTATION('',(#4002),#4006);
#4002 = LINE('',#4003,#4004);
#4003 = CARTESIAN_POINT('',(0.,2.8));
#4004 = VECTOR('',#4005,1.);
#4005 = DIRECTION('',(1.,0.));
#4006 = ( GEOMETRIC_REPRESENTATION_CONTEXT(2) 
PARAMETRIC_REPRESENTATION_CONTEXT() REPRESENTATION_CONTEXT('2D SPACE',''
  ) );
#4007 = ORIENTED_EDGE('',*,*,#3960,.T.);
#4008 = ORIENTED_EDGE('',*,*,#739,.T.);
#4009 = ORIENTED_EDGE('',*,*,#4010,.F.);
#4010 = EDGE_CURVE('',#3986,#740,#4011,.T.);
#4011 = SURFACE_CURVE('',#4012,(#4016,#4023),.PCURVE_S1.);
#4012 = LINE('',#4013,#4014);
#4013 = CARTESIAN_POINT('',(-3.7,8.4,0.));
#4014 = VECTOR('',#4015,1.);
#4015 = DIRECTION('',(0.,0.,1.));
#4016 = PCURVE('',#755,#4017);
#4017 = DEFINITIONAL_REPRESENTATION('',(#4018),#4022);
#4018 = LINE('',#4019,#4020);
#4019 = CARTESIAN_POINT('',(0.,2.8));
#4020 = VECTOR('',#4021,1.);
#4021 = DIRECTION('',(1.,0.));
#4022 = ( GEOMETRIC_REPRESENTATION_CONTEXT(2) 
PARAMETRIC_REPRESENTATION_CONTEXT() REPRESENTATION_CONTEXT('2D SPACE',''
  ) );
#4023 = PCURVE('',#783,#4024);
#4024 = DEFINITIONAL_REPRESENTATION('',(#4025),#4029);
#4025 = LINE('',#4026,#4027);
#4026 = CARTESIAN_POINT('',(0.,-2.8));
#4027 = VECTOR('',#4028,1.);
#4028 = DIRECTION('',(1.,0.));
#4029 = ( GEOMETRIC_REPRESENTATION_CONTEXT(2) 
PARAMETRIC_REPRESENTATION_CONTEXT() REPRESENTATION_CONTEXT('2D SPACE',''
  ) );
#4030 = ADVANCED_FACE('',(#4031),#809,.F.);
#4031 = FACE_BOUND('',#4032,.F.);
#4032 = EDGE_LOOP('',(#4033,#4056,#4057,#4058));
#4033 = ORIENTED_EDGE('',*,*,#4034,.F.);
#4034 = EDGE_CURVE('',#3910,#4035,#4037,.T.);
#4035 = VERTEX_POINT('',#4036);
#4036 = CARTESIAN_POINT('',(-3.7,5.6,0.));
#4037 = SURFACE_CURVE('',#4038,(#4042,#4049),.PCURVE_S1.);
#4038 = LINE('',#4039,#4040);
#4039 = CARTESIAN_POINT('',(-6.5,5.6,0.));
#4040 = VECTOR('',#4041,1.);
#4041 = DIRECTION('',(1.,0.,-0.));
#4042 = PCURVE('',#809,#4043);
#4043 = DEFINITIONAL_REPRESENTATION('',(#4044),#4048);
#4044 = LINE('',#4045,#4046);
#4045 = CARTESIAN_POINT('',(0.,0.));
#4046 = VECTOR('',#4047,1.);
#4047 = DIRECTION('',(0.,1.));
#4048 = ( GEOMETRIC_REPRESENTATION_CONTEXT(2) 
PARAMETRIC_REPRESENTATION_CONTEXT() REPRESENTATION_CONTEXT('2D SPACE',''
  ) );
#4049 = PCURVE('',#3948,#4050);
#4050 = DEFINITIONAL_REPRESENTATION('',(#4051),#4055);
#4051 = LINE('',#4052,#4053);
#4052 = CARTESIAN_POINT('',(0.,0.));
#4053 = VECTOR('',#4054,1.);
#4054 = DIRECTION('',(1.,0.));
#4055 = ( GEOMETRIC_REPRESENTATION_CONTEXT(2) 
PARAMETRIC_REPRESENTATION_CONTEXT() REPRESENTATION_CONTEXT('2D SPACE',''
  ) );
#4056 = ORIENTED_EDGE('',*,*,#3909,.T.);
#4057 = ORIENTED_EDGE('',*,*,#795,.T.);
#4058 = ORIENTED_EDGE('',*,*,#4059,.F.);
#4059 = EDGE_CURVE('',#4035,#768,#4060,.T.);
#4060 = SURFACE_CURVE('',#4061,(#4065,#4072),.PCURVE_S1.);
#4061 = LINE('',#4062,#4063);
#4062 = CARTESIAN_POINT('',(-3.7,5.6,0.));
#4063 = VECTOR('',#4064,1.);
#4064 = DIRECTION('',(0.,0.,1.));
#4065 = PCURVE('',#809,#4066);
#4066 = DEFINITIONAL_REPRESENTATION('',(#4067),#4071);
#4067 = LINE('',#4068,#4069);
#4068 = CARTESIAN_POINT('',(0.,2.8));
#4069 = VECTOR('',#4070,1.);
#4070 = DIRECTION('',(1.,0.));
#4071 = ( GEOMETRIC_REPRESENTATION_CONTEXT(2) 
PARAMETRIC_REPRESENTATION_CONTEXT() REPRESENTATION_CONTEXT('2D SPACE',''
  ) );
#4072 = PCURVE('',#783,#4073);
#4073 = DEFINITIONAL_REPRESENTATION('',(#4074),#4078);
#4074 = LINE('',#4075,#4076);
#4075 = CARTESIAN_POINT('',(0.,0.));
#4076 = VECTOR('',#4077,1.);
#4077 = DIRECTION('',(1.,0.));
#4078 = ( GEOMETRIC_REPRESENTATION_CONTEXT(2) 
PARAMETRIC_REPRESENTATION_CONTEXT() REPRESENTATION_CONTEXT('2D SPACE',''
  ) );
#4079 = ADVANCED_FACE('',(#4080),#783,.T.);
#4080 = FACE_BOUND('',#4081,.T.);
#4081 = EDGE_LOOP('',(#4082,#4083,#4104,#4105));
#4082 = ORIENTED_EDGE('',*,*,#4059,.F.);
#4083 = ORIENTED_EDGE('',*,*,#4084,.T.);
#4084 = EDGE_CURVE('',#4035,#3986,#4085,.T.);
#4085 = SURFACE_CURVE('',#4086,(#4090,#4097),.PCURVE_S1.);
#4086 = LINE('',#4087,#4088);
#4087 = CARTESIAN_POINT('',(-3.7,5.6,0.));
#4088 = VECTOR('',#4089,1.);
#4089 = DIRECTION('',(-0.,1.,0.));
#4090 = PCURVE('',#783,#4091);
#4091 = DEFINITIONAL_REPRESENTATION('',(#4092),#4096);
#4092 = LINE('',#4093,#4094);
#4093 = CARTESIAN_POINT('',(0.,0.));
#4094 = VECTOR('',#4095,1.);
#4095 = DIRECTION('',(0.,-1.));
#4096 = ( GEOMETRIC_REPRESENTATION_CONTEXT(2) 
PARAMETRIC_REPRESENTATION_CONTEXT() REPRESENTATION_CONTEXT('2D SPACE',''
  ) );
#4097 = PCURVE('',#3948,#4098);
#4098 = DEFINITIONAL_REPRESENTATION('',(#4099),#4103);
#4099 = LINE('',#4100,#4101);
#4100 = CARTESIAN_POINT('',(2.8,0.));
#4101 = VECTOR('',#4102,1.);
#4102 = DIRECTION('',(0.,1.));
#4103 = ( GEOMETRIC_REPRESENTATION_CONTEXT(2) 
PARAMETRIC_REPRESENTATION_CONTEXT() REPRESENTATION_CONTEXT('2D SPACE',''
  ) );
#4104 = ORIENTED_EDGE('',*,*,#4010,.T.);
#4105 = ORIENTED_EDGE('',*,*,#767,.F.);
#4106 = ADVANCED_FACE('',(#4107),#841,.F.);
#4107 = FACE_BOUND('',#4108,.F.);
#4108 = EDGE_LOOP('',(#4109,#4132,#4160,#4181));
#4109 = ORIENTED_EDGE('',*,*,#4110,.F.);
#4110 = EDGE_CURVE('',#4111,#824,#4113,.T.);
#4111 = VERTEX_POINT('',#4112);
#4112 = CARTESIAN_POINT('',(3.7,5.6,0.));
#4113 = SURFACE_CURVE('',#4114,(#4118,#4125),.PCURVE_S1.);
#4114 = LINE('',#4115,#4116);
#4115 = CARTESIAN_POINT('',(3.7,5.6,0.));
#4116 = VECTOR('',#4117,1.);
#4117 = DIRECTION('',(0.,0.,1.));
#4118 = PCURVE('',#841,#4119);
#4119 = DEFINITIONAL_REPRESENTATION('',(#4120),#4124);
#4120 = LINE('',#4121,#4122);
#4121 = CARTESIAN_POINT('',(0.,0.));
#4122 = VECTOR('',#4123,1.);
#4123 = DIRECTION('',(1.,0.));
#4124 = ( GEOMETRIC_REPRESENTATION_CONTEXT(2) 
PARAMETRIC_REPRESENTATION_CONTEXT() REPRESENTATION_CONTEXT('2D SPACE',''
  ) );
#4125 = PCURVE('',#923,#4126);
#4126 = DEFINITIONAL_REPRESENTATION('',(#4127),#4131);
#4127 = LINE('',#4128,#4129);
#4128 = CARTESIAN_POINT('',(0.,0.));
#4129 = VECTOR('',#4130,1.);
#4130 = DIRECTION('',(1.,0.));
#4131 = ( GEOMETRIC_REPRESENTATION_CONTEXT(2) 
PARAMETRIC_REPRESENTATION_CONTEXT() REPRESENTATION_CONTEXT('2D SPACE',''
  ) );
#4132 = ORIENTED_EDGE('',*,*,#4133,.T.);
#4133 = EDGE_CURVE('',#4111,#4134,#4136,.T.);
#4134 = VERTEX_POINT('',#4135);
#4135 = CARTESIAN_POINT('',(3.7,8.4,0.));
#4136 = SURFACE_CURVE('',#4137,(#4141,#4148),.PCURVE_S1.);
#4137 = LINE('',#4138,#4139);
#4138 = CARTESIAN_POINT('',(3.7,5.6,0.));
#4139 = VECTOR('',#4140,1.);
#4140 = DIRECTION('',(-0.,1.,0.));
#4141 = PCURVE('',#841,#4142);
#4142 = DEFINITIONAL_REPRESENTATION('',(#4143),#4147);
#4143 = LINE('',#4144,#4145);
#4144 = CARTESIAN_POINT('',(0.,0.));
#4145 = VECTOR('',#4146,1.);
#4146 = DIRECTION('',(0.,-1.));
#4147 = ( GEOMETRIC_REPRESENTATION_CONTEXT(2) 
PARAMETRIC_REPRESENTATION_CONTEXT() REPRESENTATION_CONTEXT('2D SPACE',''
  ) );
#4148 = PCURVE('',#4149,#4154);
#4149 = PLANE('',#4150);
#4150 = AXIS2_PLACEMENT_3D('',#4151,#4152,#4153);
#4151 = CARTESIAN_POINT('',(3.7,5.6,0.));
#4152 = DIRECTION('',(0.,0.,1.));
#4153 = DIRECTION('',(1.,0.,-0.));
#4154 = DEFINITIONAL_REPRESENTATION('',(#4155),#4159);
#4155 = LINE('',#4156,#4157);
#4156 = CARTESIAN_POINT('',(0.,0.));
#4157 = VECTOR('',#4158,1.);
#4158 = DIRECTION('',(0.,1.));
#4159 = ( GEOMETRIC_REPRESENTATION_CONTEXT(2) 
PARAMETRIC_REPRESENTATION_CONTEXT() REPRESENTATION_CONTEXT('2D SPACE',''
  ) );
#4160 = ORIENTED_EDGE('',*,*,#4161,.T.);
#4161 = EDGE_CURVE('',#4134,#826,#4162,.T.);
#4162 = SURFACE_CURVE('',#4163,(#4167,#4174),.PCURVE_S1.);
#4163 = LINE('',#4164,#4165);
#4164 = CARTESIAN_POINT('',(3.7,8.4,0.));
#4165 = VECTOR('',#4166,1.);
#4166 = DIRECTION('',(0.,0.,1.));
#4167 = PCURVE('',#841,#4168);
#4168 = DEFINITIONAL_REPRESENTATION('',(#4169),#4173);
#4169 = LINE('',#4170,#4171);
#4170 = CARTESIAN_POINT('',(0.,-2.8));
#4171 = VECTOR('',#4172,1.);
#4172 = DIRECTION('',(1.,0.));
#4173 = ( GEOMETRIC_REPRESENTATION_CONTEXT(2) 
PARAMETRIC_REPRESENTATION_CONTEXT() REPRESENTATION_CONTEXT('2D SPACE',''
  ) );
#4174 = PCURVE('',#869,#4175);
#4175 = DEFINITIONAL_REPRESENTATION('',(#4176),#4180);
#4176 = LINE('',#4177,#4178);
#4177 = CARTESIAN_POINT('',(0.,0.));
#4178 = VECTOR('',#4179,1.);
#4179 = DIRECTION('',(1.,0.));
#4180 = ( GEOMETRIC_REPRESENTATION_CONTEXT(2) 
PARAMETRIC_REPRESENTATION_CONTEXT() REPRESENTATION_CONTEXT('2D SPACE',''
  ) );
#4181 = ORIENTED_EDGE('',*,*,#823,.F.);
#4182 = ADVANCED_FACE('',(#4183),#923,.F.);
#4183 = FACE_BOUND('',#4184,.F.);
#4184 = EDGE_LOOP('',(#4185,#4208,#4209,#4210));
#4185 = ORIENTED_EDGE('',*,*,#4186,.F.);
#4186 = EDGE_CURVE('',#4111,#4187,#4189,.T.);
#4187 = VERTEX_POINT('',#4188);
#4188 = CARTESIAN_POINT('',(6.5,5.6,0.));
#4189 = SURFACE_CURVE('',#4190,(#4194,#4201),.PCURVE_S1.);
#4190 = LINE('',#4191,#4192);
#4191 = CARTESIAN_POINT('',(3.7,5.6,0.));
#4192 = VECTOR('',#4193,1.);
#4193 = DIRECTION('',(1.,0.,-0.));
#4194 = PCURVE('',#923,#4195);
#4195 = DEFINITIONAL_REPRESENTATION('',(#4196),#4200);
#4196 = LINE('',#4197,#4198);
#4197 = CARTESIAN_POINT('',(0.,0.));
#4198 = VECTOR('',#4199,1.);
#4199 = DIRECTION('',(0.,1.));
#4200 = ( GEOMETRIC_REPRESENTATION_CONTEXT(2) 
PARAMETRIC_REPRESENTATION_CONTEXT() REPRESENTATION_CONTEXT('2D SPACE',''
  ) );
#4201 = PCURVE('',#4149,#4202);
#4202 = DEFINITIONAL_REPRESENTATION('',(#4203),#4207);
#4203 = LINE('',#4204,#4205);
#4204 = CARTESIAN_POINT('',(0.,0.));
#4205 = VECTOR('',#4206,1.);
#4206 = DIRECTION('',(1.,0.));
#4207 = ( GEOMETRIC_REPRESENTATION_CONTEXT(2) 
PARAMETRIC_REPRESENTATION_CONTEXT() REPRESENTATION_CONTEXT('2D SPACE',''
  ) );
#4208 = ORIENTED_EDGE('',*,*,#4110,.T.);
#4209 = ORIENTED_EDGE('',*,*,#909,.T.);
#4210 = ORIENTED_EDGE('',*,*,#4211,.F.);
#4211 = EDGE_CURVE('',#4187,#882,#4212,.T.);
#4212 = SURFACE_CURVE('',#4213,(#4217,#4224),.PCURVE_S1.);
#4213 = LINE('',#4214,#4215);
#4214 = CARTESIAN_POINT('',(6.5,5.6,0.));
#4215 = VECTOR('',#4216,1.);
#4216 = DIRECTION('',(0.,0.,1.));
#4217 = PCURVE('',#923,#4218);
#4218 = DEFINITIONAL_REPRESENTATION('',(#4219),#4223);
#4219 = LINE('',#4220,#4221);
#4220 = CARTESIAN_POINT('',(0.,2.8));
#4221 = VECTOR('',#4222,1.);
#4222 = DIRECTION('',(1.,0.));
#4223 = ( GEOMETRIC_REPRESENTATION_CONTEXT(2) 
PARAMETRIC_REPRESENTATION_CONTEXT() REPRESENTATION_CONTEXT('2D SPACE',''
  ) );
#4224 = PCURVE('',#897,#4225);
#4225 = DEFINITIONAL_REPRESENTATION('',(#4226),#4230);
#4226 = LINE('',#4227,#4228);
#4227 = CARTESIAN_POINT('',(0.,0.));
#4228 = VECTOR('',#4229,1.);
#4229 = DIRECTION('',(1.,0.));
#4230 = ( GEOMETRIC_REPRESENTATION_CONTEXT(2) 
PARAMETRIC_REPRESENTATION_CONTEXT() REPRESENTATION_CONTEXT('2D SPACE',''
  ) );
#4231 = ADVANCED_FACE('',(#4232),#897,.T.);
#4232 = FACE_BOUND('',#4233,.T.);
#4233 = EDGE_LOOP('',(#4234,#4235,#4258,#4279));
#4234 = ORIENTED_EDGE('',*,*,#4211,.F.);
#4235 = ORIENTED_EDGE('',*,*,#4236,.T.);
#4236 = EDGE_CURVE('',#4187,#4237,#4239,.T.);
#4237 = VERTEX_POINT('',#4238);
#4238 = CARTESIAN_POINT('',(6.5,8.4,0.));
#4239 = SURFACE_CURVE('',#4240,(#4244,#4251),.PCURVE_S1.);
#4240 = LINE('',#4241,#4242);
#4241 = CARTESIAN_POINT('',(6.5,5.6,0.));
#4242 = VECTOR('',#4243,1.);
#4243 = DIRECTION('',(-0.,1.,0.));
#4244 = PCURVE('',#897,#4245);
#4245 = DEFINITIONAL_REPRESENTATION('',(#4246),#4250);
#4246 = LINE('',#4247,#4248);
#4247 = CARTESIAN_POINT('',(0.,0.));
#4248 = VECTOR('',#4249,1.);
#4249 = DIRECTION('',(0.,-1.));
#4250 = ( GEOMETRIC_REPRESENTATION_CONTEXT(2) 
PARAMETRIC_REPRESENTATION_CONTEXT() REPRESENTATION_CONTEXT('2D SPACE',''
  ) );
#4251 = PCURVE('',#4149,#4252);
#4252 = DEFINITIONAL_REPRESENTATION('',(#4253),#4257);
#4253 = LINE('',#4254,#4255);
#4254 = CARTESIAN_POINT('',(2.8,0.));
#4255 = VECTOR('',#4256,1.);
#4256 = DIRECTION('',(0.,1.));
#4257 = ( GEOMETRIC_REPRESENTATION_CONTEXT(2) 
PARAMETRIC_REPRESENTATION_CONTEXT() REPRESENTATION_CONTEXT('2D SPACE',''
  ) );
#4258 = ORIENTED_EDGE('',*,*,#4259,.T.);
#4259 = EDGE_CURVE('',#4237,#854,#4260,.T.);
#4260 = SURFACE_CURVE('',#4261,(#4265,#4272),.PCURVE_S1.);
#4261 = LINE('',#4262,#4263);
#4262 = CARTESIAN_POINT('',(6.5,8.4,0.));
#4263 = VECTOR('',#4264,1.);
#4264 = DIRECTION('',(0.,0.,1.));
#4265 = PCURVE('',#897,#4266);
#4266 = DEFINITIONAL_REPRESENTATION('',(#4267),#4271);
#4267 = LINE('',#4268,#4269);
#4268 = CARTESIAN_POINT('',(0.,-2.8));
#4269 = VECTOR('',#4270,1.);
#4270 = DIRECTION('',(1.,0.));
#4271 = ( GEOMETRIC_REPRESENTATION_CONTEXT(2) 
PARAMETRIC_REPRESENTATION_CONTEXT() REPRESENTATION_CONTEXT('2D SPACE',''
  ) );
#4272 = PCURVE('',#869,#4273);
#4273 = DEFINITIONAL_REPRESENTATION('',(#4274),#4278);
#4274 = LINE('',#4275,#4276);
#4275 = CARTESIAN_POINT('',(0.,2.8));
#4276 = VECTOR('',#4277,1.);
#4277 = DIRECTION('',(1.,0.));
#4278 = ( GEOMETRIC_REPRESENTATION_CONTEXT(2) 
PARAMETRIC_REPRESENTATION_CONTEXT() REPRESENTATION_CONTEXT('2D SPACE',''
  ) );
#4279 = ORIENTED_EDGE('',*,*,#881,.F.);
#4280 = ADVANCED_FACE('',(#4281),#869,.T.);
#4281 = FACE_BOUND('',#4282,.T.);
#4282 = EDGE_LOOP('',(#4283,#4304,#4305,#4306));
#4283 = ORIENTED_EDGE('',*,*,#4284,.F.);
#4284 = EDGE_CURVE('',#4134,#4237,#4285,.T.);
#4285 = SURFACE_CURVE('',#4286,(#4290,#4297),.PCURVE_S1.);
#4286 = LINE('',#4287,#4288);
#4287 = CARTESIAN_POINT('',(3.7,8.4,0.));
#4288 = VECTOR('',#4289,1.);
#4289 = DIRECTION('',(1.,0.,-0.));
#4290 = PCURVE('',#869,#4291);
#4291 = DEFINITIONAL_REPRESENTATION('',(#4292),#4296);
#4292 = LINE('',#4293,#4294);
#4293 = CARTESIAN_POINT('',(0.,0.));
#4294 = VECTOR('',#4295,1.);
#4295 = DIRECTION('',(0.,1.));
#4296 = ( GEOMETRIC_REPRESENTATION_CONTEXT(2) 
PARAMETRIC_REPRESENTATION_CONTEXT() REPRESENTATION_CONTEXT('2D SPACE',''
  ) );
#4297 = PCURVE('',#4149,#4298);
#4298 = DEFINITIONAL_REPRESENTATION('',(#4299),#4303);
#4299 = LINE('',#4300,#4301);
#4300 = CARTESIAN_POINT('',(0.,2.8));
#4301 = VECTOR('',#4302,1.);
#4302 = DIRECTION('',(1.,0.));
#4303 = ( GEOMETRIC_REPRESENTATION_CONTEXT(2) 
PARAMETRIC_REPRESENTATION_CONTEXT() REPRESENTATION_CONTEXT('2D SPACE',''
  ) );
#4304 = ORIENTED_EDGE('',*,*,#4161,.T.);
#4305 = ORIENTED_EDGE('',*,*,#853,.T.);
#4306 = ORIENTED_EDGE('',*,*,#4259,.F.);
#4307 = ADVANCED_FACE('',(#4308),#1318,.F.);
#4308 = FACE_BOUND('',#4309,.F.);
#4309 = EDGE_LOOP('',(#4310,#4331,#4332,#4333));
#4310 = ORIENTED_EDGE('',*,*,#4311,.F.);
#4311 = EDGE_CURVE('',#2998,#2586,#4312,.T.);
#4312 = SURFACE_CURVE('',#4313,(#4317,#4324),.PCURVE_S1.);
#4313 = LINE('',#4314,#4315);
#4314 = CARTESIAN_POINT('',(-9.459608849442,-29.56570086721,
    6.029325323827));
#4315 = VECTOR('',#4316,1.);
#4316 = DIRECTION('',(2.22044604925E-16,-1.,0.));
#4317 = PCURVE('',#1318,#4318);
#4318 = DEFINITIONAL_REPRESENTATION('',(#4319),#4323);
#4319 = LINE('',#4320,#4321);
#4320 = CARTESIAN_POINT('',(-1.35772276809,0.));
#4321 = VECTOR('',#4322,1.);
#4322 = DIRECTION('',(0.,1.));
#4323 = ( GEOMETRIC_REPRESENTATION_CONTEXT(2) 
PARAMETRIC_REPRESENTATION_CONTEXT() REPRESENTATION_CONTEXT('2D SPACE',''
  ) );
#4324 = PCURVE('',#3036,#4325);
#4325 = DEFINITIONAL_REPRESENTATION('',(#4326),#4330);
#4326 = LINE('',#4327,#4328);
#4327 = CARTESIAN_POINT('',(0.,-3.846145196578));
#4328 = VECTOR('',#4329,1.);
#4329 = DIRECTION('',(1.,0.));
#4330 = ( GEOMETRIC_REPRESENTATION_CONTEXT(2) 
PARAMETRIC_REPRESENTATION_CONTEXT() REPRESENTATION_CONTEXT('2D SPACE',''
  ) );
#4331 = ORIENTED_EDGE('',*,*,#2997,.T.);
#4332 = ORIENTED_EDGE('',*,*,#1302,.T.);
#4333 = ORIENTED_EDGE('',*,*,#2585,.T.);
#4334 = ADVANCED_FACE('',(#4335),#1248,.F.);
#4335 = FACE_BOUND('',#4336,.F.);
#4336 = EDGE_LOOP('',(#4337,#4338,#4359,#4360));
#4337 = ORIENTED_EDGE('',*,*,#3402,.T.);
#4338 = ORIENTED_EDGE('',*,*,#4339,.T.);
#4339 = EDGE_CURVE('',#3380,#2227,#4340,.T.);
#4340 = SURFACE_CURVE('',#4341,(#4345,#4352),.PCURVE_S1.);
#4341 = LINE('',#4342,#4343);
#4342 = CARTESIAN_POINT('',(-9.459608849442,-29.56570086721,
    6.029325323827));
#4343 = VECTOR('',#4344,1.);
#4344 = DIRECTION('',(-2.22044604925E-16,1.,0.));
#4345 = PCURVE('',#1248,#4346);
#4346 = DEFINITIONAL_REPRESENTATION('',(#4347),#4351);
#4347 = LINE('',#4348,#4349);
#4348 = CARTESIAN_POINT('',(-1.35772276809,0.));
#4349 = VECTOR('',#4350,1.);
#4350 = DIRECTION('',(0.,-1.));
#4351 = ( GEOMETRIC_REPRESENTATION_CONTEXT(2) 
PARAMETRIC_REPRESENTATION_CONTEXT() REPRESENTATION_CONTEXT('2D SPACE',''
  ) );
#4352 = PCURVE('',#2265,#4353);
#4353 = DEFINITIONAL_REPRESENTATION('',(#4354),#4358);
#4354 = LINE('',#4355,#4356);
#4355 = CARTESIAN_POINT('',(0.,-3.846145196578));
#4356 = VECTOR('',#4357,1.);
#4357 = DIRECTION('',(-1.,0.));
#4358 = ( GEOMETRIC_REPRESENTATION_CONTEXT(2) 
PARAMETRIC_REPRESENTATION_CONTEXT() REPRESENTATION_CONTEXT('2D SPACE',''
  ) );
#4359 = ORIENTED_EDGE('',*,*,#2226,.T.);
#4360 = ORIENTED_EDGE('',*,*,#1232,.T.);
#4361 = ADVANCED_FACE('',(#4362),#1154,.F.);
#4362 = FACE_BOUND('',#4363,.F.);
#4363 = EDGE_LOOP('',(#4364,#4387,#4408,#4409));
#4364 = ORIENTED_EDGE('',*,*,#4365,.F.);
#4365 = EDGE_CURVE('',#4366,#2131,#4368,.T.);
#4366 = VERTEX_POINT('',#4367);
#4367 = CARTESIAN_POINT('',(9.459608849442,7.053852729981,6.029325323827
    ));
#4368 = SURFACE_CURVE('',#4369,(#4373,#4380),.PCURVE_S1.);
#4369 = LINE('',#4370,#4371);
#4370 = CARTESIAN_POINT('',(9.459608849442,-29.56570086721,
    6.029325323827));
#4371 = VECTOR('',#4372,1.);
#4372 = DIRECTION('',(-2.22044604925E-16,1.,0.));
#4373 = PCURVE('',#1154,#4374);
#4374 = DEFINITIONAL_REPRESENTATION('',(#4375),#4379);
#4375 = LINE('',#4376,#4377);
#4376 = CARTESIAN_POINT('',(1.35772276809,0.));
#4377 = VECTOR('',#4378,1.);
#4378 = DIRECTION('',(0.,-1.));
#4379 = ( GEOMETRIC_REPRESENTATION_CONTEXT(2) 
PARAMETRIC_REPRESENTATION_CONTEXT() REPRESENTATION_CONTEXT('2D SPACE',''
  ) );
#4380 = PCURVE('',#2146,#4381);
#4381 = DEFINITIONAL_REPRESENTATION('',(#4382),#4386);
#4382 = LINE('',#4383,#4384);
#4383 = CARTESIAN_POINT('',(0.,3.846145196578));
#4384 = VECTOR('',#4385,1.);
#4385 = DIRECTION('',(-1.,0.));
#4386 = ( GEOMETRIC_REPRESENTATION_CONTEXT(2) 
PARAMETRIC_REPRESENTATION_CONTEXT() REPRESENTATION_CONTEXT('2D SPACE',''
  ) );
#4387 = ORIENTED_EDGE('',*,*,#4388,.T.);
#4388 = EDGE_CURVE('',#4366,#1112,#4389,.T.);
#4389 = SURFACE_CURVE('',#4390,(#4394,#4401),.PCURVE_S1.);
#4390 = LINE('',#4391,#4392);
#4391 = CARTESIAN_POINT('',(9.459608849442,7.053852729981,4.671602555736
    ));
#4392 = VECTOR('',#4393,1.);
#4393 = DIRECTION('',(0.,0.,-1.));
#4394 = PCURVE('',#1154,#4395);
#4395 = DEFINITIONAL_REPRESENTATION('',(#4396),#4400);
#4396 = LINE('',#4397,#4398);
#4397 = CARTESIAN_POINT('',(0.,-36.61955359719));
#4398 = VECTOR('',#4399,1.);
#4399 = DIRECTION('',(-1.,0.));
#4400 = ( GEOMETRIC_REPRESENTATION_CONTEXT(2) 
PARAMETRIC_REPRESENTATION_CONTEXT() REPRESENTATION_CONTEXT('2D SPACE',''
  ) );
#4401 = PCURVE('',#1127,#4402);
#4402 = DEFINITIONAL_REPRESENTATION('',(#4403),#4407);
#4403 = LINE('',#4404,#4405);
#4404 = CARTESIAN_POINT('',(0.,10.959608849442));
#4405 = VECTOR('',#4406,1.);
#4406 = DIRECTION('',(-1.,0.));
#4407 = ( GEOMETRIC_REPRESENTATION_CONTEXT(2) 
PARAMETRIC_REPRESENTATION_CONTEXT() REPRESENTATION_CONTEXT('2D SPACE',''
  ) );
#4408 = ORIENTED_EDGE('',*,*,#1138,.T.);
#4409 = ORIENTED_EDGE('',*,*,#2158,.T.);
#4410 = ADVANCED_FACE('',(#4411),#1127,.F.);
#4411 = FACE_BOUND('',#4412,.F.);
#4412 = EDGE_LOOP('',(#4413,#4414,#4415,#4416,#4439,#4462));
#4413 = ORIENTED_EDGE('',*,*,#3483,.F.);
#4414 = ORIENTED_EDGE('',*,*,#1111,.T.);
#4415 = ORIENTED_EDGE('',*,*,#4388,.F.);
#4416 = ORIENTED_EDGE('',*,*,#4417,.F.);
#4417 = EDGE_CURVE('',#4418,#4366,#4420,.T.);
#4418 = VERTEX_POINT('',#4419);
#4419 = CARTESIAN_POINT('',(7.770287679233,7.053852729981,6.029325323827
    ));
#4420 = SURFACE_CURVE('',#4421,(#4425,#4432),.PCURVE_S1.);
#4421 = LINE('',#4422,#4423);
#4422 = CARTESIAN_POINT('',(6.636474295046,7.053852729981,6.029325323827
    ));
#4423 = VECTOR('',#4424,1.);
#4424 = DIRECTION('',(1.,2.22044604925E-16,0.));
#4425 = PCURVE('',#1127,#4426);
#4426 = DEFINITIONAL_REPRESENTATION('',(#4427),#4431);
#4427 = LINE('',#4428,#4429);
#4428 = CARTESIAN_POINT('',(1.35772276809,8.136474295046));
#4429 = VECTOR('',#4430,1.);
#4430 = DIRECTION('',(0.,1.));
#4431 = ( GEOMETRIC_REPRESENTATION_CONTEXT(2) 
PARAMETRIC_REPRESENTATION_CONTEXT() REPRESENTATION_CONTEXT('2D SPACE',''
  ) );
#4432 = PCURVE('',#2146,#4433);
#4433 = DEFINITIONAL_REPRESENTATION('',(#4434),#4438);
#4434 = LINE('',#4435,#4436);
#4435 = CARTESIAN_POINT('',(-36.61955359719,1.023010642182));
#4436 = VECTOR('',#4437,1.);
#4437 = DIRECTION('',(0.,1.));
#4438 = ( GEOMETRIC_REPRESENTATION_CONTEXT(2) 
PARAMETRIC_REPRESENTATION_CONTEXT() REPRESENTATION_CONTEXT('2D SPACE',''
  ) );
#4439 = ORIENTED_EDGE('',*,*,#4440,.F.);
#4440 = EDGE_CURVE('',#4441,#4418,#4443,.T.);
#4441 = VERTEX_POINT('',#4442);
#4442 = CARTESIAN_POINT('',(7.770287679233,7.053852729981,6.18581864844)
  );
#4443 = SURFACE_CURVE('',#4444,(#4448,#4455),.PCURVE_S1.);
#4444 = LINE('',#4445,#4446);
#4445 = CARTESIAN_POINT('',(7.770287679233,7.053852729981,4.671602555736
    ));
#4446 = VECTOR('',#4447,1.);
#4447 = DIRECTION('',(0.,0.,-1.));
#4448 = PCURVE('',#1127,#4449);
#4449 = DEFINITIONAL_REPRESENTATION('',(#4450),#4454);
#4450 = LINE('',#4451,#4452);
#4451 = CARTESIAN_POINT('',(0.,9.270287679233));
#4452 = VECTOR('',#4453,1.);
#4453 = DIRECTION('',(-1.,0.));
#4454 = ( GEOMETRIC_REPRESENTATION_CONTEXT(2) 
PARAMETRIC_REPRESENTATION_CONTEXT() REPRESENTATION_CONTEXT('2D SPACE',''
  ) );
#4455 = PCURVE('',#2062,#4456);
#4456 = DEFINITIONAL_REPRESENTATION('',(#4457),#4461);
#4457 = LINE('',#4458,#4459);
#4458 = CARTESIAN_POINT('',(7.584393387879,-6.939980855799E-02));
#4459 = VECTOR('',#4460,1.);
#4460 = DIRECTION('',(1.,0.));
#4461 = ( GEOMETRIC_REPRESENTATION_CONTEXT(2) 
PARAMETRIC_REPRESENTATION_CONTEXT() REPRESENTATION_CONTEXT('2D SPACE',''
  ) );
#4462 = ORIENTED_EDGE('',*,*,#4463,.T.);
#4463 = EDGE_CURVE('',#4441,#3461,#4464,.T.);
#4464 = SURFACE_CURVE('',#4465,(#4469,#4476),.PCURVE_S1.);
#4465 = LINE('',#4466,#4467);
#4466 = CARTESIAN_POINT('',(6.636474295046,7.053852729981,6.18581864844)
  );
#4467 = VECTOR('',#4468,1.);
#4468 = DIRECTION('',(1.,2.22044604925E-16,0.));
#4469 = PCURVE('',#1127,#4470);
#4470 = DEFINITIONAL_REPRESENTATION('',(#4471),#4475);
#4471 = LINE('',#4472,#4473);
#4472 = CARTESIAN_POINT('',(1.514216092704,8.136474295046));
#4473 = VECTOR('',#4474,1.);
#4474 = DIRECTION('',(0.,1.));
#4475 = ( GEOMETRIC_REPRESENTATION_CONTEXT(2) 
PARAMETRIC_REPRESENTATION_CONTEXT() REPRESENTATION_CONTEXT('2D SPACE',''
  ) );
#4476 = PCURVE('',#2034,#4477);
#4477 = DEFINITIONAL_REPRESENTATION('',(#4478),#4482);
#4478 = LINE('',#4479,#4480);
#4479 = CARTESIAN_POINT('',(-14.10770545996,8.136474295046));
#4480 = VECTOR('',#4481,1.);
#4481 = DIRECTION('',(0.,1.));
#4482 = ( GEOMETRIC_REPRESENTATION_CONTEXT(2) 
PARAMETRIC_REPRESENTATION_CONTEXT() REPRESENTATION_CONTEXT('2D SPACE',''
  ) );
#4483 = ADVANCED_FACE('',(#4484),#1077,.F.);
#4484 = FACE_BOUND('',#4485,.F.);
#4485 = EDGE_LOOP('',(#4486,#4509,#4532,#4560,#4581,#4582));
#4486 = ORIENTED_EDGE('',*,*,#4487,.F.);
#4487 = EDGE_CURVE('',#4488,#3438,#4490,.T.);
#4488 = VERTEX_POINT('',#4489);
#4489 = CARTESIAN_POINT('',(7.770287679233,-7.053852729981,6.18581864844
    ));
#4490 = SURFACE_CURVE('',#4491,(#4495,#4502),.PCURVE_S1.);
#4491 = LINE('',#4492,#4493);
#4492 = CARTESIAN_POINT('',(-1.5,-7.053852729981,6.18581864844));
#4493 = VECTOR('',#4494,1.);
#4494 = DIRECTION('',(1.,2.22044604925E-16,0.));
#4495 = PCURVE('',#1077,#4496);
#4496 = DEFINITIONAL_REPRESENTATION('',(#4497),#4501);
#4497 = LINE('',#4498,#4499);
#4498 = CARTESIAN_POINT('',(-1.514216092704,0.));
#4499 = VECTOR('',#4500,1.);
#4500 = DIRECTION('',(0.,1.));
#4501 = ( GEOMETRIC_REPRESENTATION_CONTEXT(2) 
PARAMETRIC_REPRESENTATION_CONTEXT() REPRESENTATION_CONTEXT('2D SPACE',''
  ) );
#4502 = PCURVE('',#2034,#4503);
#4503 = DEFINITIONAL_REPRESENTATION('',(#4504),#4508);
#4504 = LINE('',#4505,#4506);
#4505 = CARTESIAN_POINT('',(0.,0.));
#4506 = VECTOR('',#4507,1.);
#4507 = DIRECTION('',(0.,1.));
#4508 = ( GEOMETRIC_REPRESENTATION_CONTEXT(2) 
PARAMETRIC_REPRESENTATION_CONTEXT() REPRESENTATION_CONTEXT('2D SPACE',''
  ) );
#4509 = ORIENTED_EDGE('',*,*,#4510,.F.);
#4510 = EDGE_CURVE('',#4511,#4488,#4513,.T.);
#4511 = VERTEX_POINT('',#4512);
#4512 = CARTESIAN_POINT('',(7.770287679233,-7.053852729981,
    6.029325323827));
#4513 = SURFACE_CURVE('',#4514,(#4518,#4525),.PCURVE_S1.);
#4514 = LINE('',#4515,#4516);
#4515 = CARTESIAN_POINT('',(7.770287679233,-7.053852729981,
    4.671602555736));
#4516 = VECTOR('',#4517,1.);
#4517 = DIRECTION('',(0.,0.,1.));
#4518 = PCURVE('',#1077,#4519);
#4519 = DEFINITIONAL_REPRESENTATION('',(#4520),#4524);
#4520 = LINE('',#4521,#4522);
#4521 = CARTESIAN_POINT('',(0.,9.270287679233));
#4522 = VECTOR('',#4523,1.);
#4523 = DIRECTION('',(-1.,0.));
#4524 = ( GEOMETRIC_REPRESENTATION_CONTEXT(2) 
PARAMETRIC_REPRESENTATION_CONTEXT() REPRESENTATION_CONTEXT('2D SPACE',''
  ) );
#4525 = PCURVE('',#2756,#4526);
#4526 = DEFINITIONAL_REPRESENTATION('',(#4527),#4531);
#4527 = LINE('',#4528,#4529);
#4528 = CARTESIAN_POINT('',(-7.584393387879,6.939980855799E-02));
#4529 = VECTOR('',#4530,1.);
#4530 = DIRECTION('',(1.,0.));
#4531 = ( GEOMETRIC_REPRESENTATION_CONTEXT(2) 
PARAMETRIC_REPRESENTATION_CONTEXT() REPRESENTATION_CONTEXT('2D SPACE',''
  ) );
#4532 = ORIENTED_EDGE('',*,*,#4533,.F.);
#4533 = EDGE_CURVE('',#4534,#4511,#4536,.T.);
#4534 = VERTEX_POINT('',#4535);
#4535 = CARTESIAN_POINT('',(9.459608849442,-7.053852729981,
    6.029325323827));
#4536 = SURFACE_CURVE('',#4537,(#4541,#4548),.PCURVE_S1.);
#4537 = LINE('',#4538,#4539);
#4538 = CARTESIAN_POINT('',(6.636474295046,-7.053852729981,
    6.029325323827));
#4539 = VECTOR('',#4540,1.);
#4540 = DIRECTION('',(-1.,-2.22044604925E-16,0.));
#4541 = PCURVE('',#1077,#4542);
#4542 = DEFINITIONAL_REPRESENTATION('',(#4543),#4547);
#4543 = LINE('',#4544,#4545);
#4544 = CARTESIAN_POINT('',(-1.35772276809,8.136474295046));
#4545 = VECTOR('',#4546,1.);
#4546 = DIRECTION('',(0.,-1.));
#4547 = ( GEOMETRIC_REPRESENTATION_CONTEXT(2) 
PARAMETRIC_REPRESENTATION_CONTEXT() REPRESENTATION_CONTEXT('2D SPACE',''
  ) );
#4548 = PCURVE('',#4549,#4554);
#4549 = PLANE('',#4550);
#4550 = AXIS2_PLACEMENT_3D('',#4551,#4552,#4553);
#4551 = CARTESIAN_POINT('',(5.613463652863,-29.56570086721,
    6.029325323827));
#4552 = DIRECTION('',(0.,0.,1.));
#4553 = DIRECTION('',(2.22044604925E-16,-1.,0.));
#4554 = DEFINITIONAL_REPRESENTATION('',(#4555),#4559);
#4555 = LINE('',#4556,#4557);
#4556 = CARTESIAN_POINT('',(-22.51184813723,1.023010642182));
#4557 = VECTOR('',#4558,1.);
#4558 = DIRECTION('',(0.,-1.));
#4559 = ( GEOMETRIC_REPRESENTATION_CONTEXT(2) 
PARAMETRIC_REPRESENTATION_CONTEXT() REPRESENTATION_CONTEXT('2D SPACE',''
  ) );
#4560 = ORIENTED_EDGE('',*,*,#4561,.F.);
#4561 = EDGE_CURVE('',#1035,#4534,#4562,.T.);
#4562 = SURFACE_CURVE('',#4563,(#4567,#4574),.PCURVE_S1.);
#4563 = LINE('',#4564,#4565);
#4564 = CARTESIAN_POINT('',(9.459608849442,-7.053852729981,
    4.671602555736));
#4565 = VECTOR('',#4566,1.);
#4566 = DIRECTION('',(0.,0.,1.));
#4567 = PCURVE('',#1077,#4568);
#4568 = DEFINITIONAL_REPRESENTATION('',(#4569),#4573);
#4569 = LINE('',#4570,#4571);
#4570 = CARTESIAN_POINT('',(0.,10.959608849442));
#4571 = VECTOR('',#4572,1.);
#4572 = DIRECTION('',(-1.,0.));
#4573 = ( GEOMETRIC_REPRESENTATION_CONTEXT(2) 
PARAMETRIC_REPRESENTATION_CONTEXT() REPRESENTATION_CONTEXT('2D SPACE',''
  ) );
#4574 = PCURVE('',#1050,#4575);
#4575 = DEFINITIONAL_REPRESENTATION('',(#4576),#4580);
#4576 = LINE('',#4577,#4578);
#4577 = CARTESIAN_POINT('',(0.,-22.51184813723));
#4578 = VECTOR('',#4579,1.);
#4579 = DIRECTION('',(1.,0.));
#4580 = ( GEOMETRIC_REPRESENTATION_CONTEXT(2) 
PARAMETRIC_REPRESENTATION_CONTEXT() REPRESENTATION_CONTEXT('2D SPACE',''
  ) );
#4581 = ORIENTED_EDGE('',*,*,#1061,.T.);
#4582 = ORIENTED_EDGE('',*,*,#3437,.F.);
#4583 = ADVANCED_FACE('',(#4584),#1050,.F.);
#4584 = FACE_BOUND('',#4585,.F.);
#4585 = EDGE_LOOP('',(#4586,#4587,#4608,#4609));
#4586 = ORIENTED_EDGE('',*,*,#4561,.T.);
#4587 = ORIENTED_EDGE('',*,*,#4588,.T.);
#4588 = EDGE_CURVE('',#4534,#2634,#4589,.T.);
#4589 = SURFACE_CURVE('',#4590,(#4594,#4601),.PCURVE_S1.);
#4590 = LINE('',#4591,#4592);
#4591 = CARTESIAN_POINT('',(9.459608849442,-29.56570086721,
    6.029325323827));
#4592 = VECTOR('',#4593,1.);
#4593 = DIRECTION('',(2.22044604925E-16,-1.,0.));
#4594 = PCURVE('',#1050,#4595);
#4595 = DEFINITIONAL_REPRESENTATION('',(#4596),#4600);
#4596 = LINE('',#4597,#4598);
#4597 = CARTESIAN_POINT('',(1.35772276809,0.));
#4598 = VECTOR('',#4599,1.);
#4599 = DIRECTION('',(0.,1.));
#4600 = ( GEOMETRIC_REPRESENTATION_CONTEXT(2) 
PARAMETRIC_REPRESENTATION_CONTEXT() REPRESENTATION_CONTEXT('2D SPACE',''
  ) );
#4601 = PCURVE('',#4549,#4602);
#4602 = DEFINITIONAL_REPRESENTATION('',(#4603),#4607);
#4603 = LINE('',#4604,#4605);
#4604 = CARTESIAN_POINT('',(0.,3.846145196578));
#4605 = VECTOR('',#4606,1.);
#4606 = DIRECTION('',(1.,0.));
#4607 = ( GEOMETRIC_REPRESENTATION_CONTEXT(2) 
PARAMETRIC_REPRESENTATION_CONTEXT() REPRESENTATION_CONTEXT('2D SPACE',''
  ) );
#4608 = ORIENTED_EDGE('',*,*,#2633,.T.);
#4609 = ORIENTED_EDGE('',*,*,#1034,.T.);
#4610 = ADVANCED_FACE('',(#4611),#1369,.T.);
#4611 = FACE_BOUND('',#4612,.T.);
#4612 = EDGE_LOOP('',(#4613,#4614,#4635,#4636));
#4613 = ORIENTED_EDGE('',*,*,#3166,.T.);
#4614 = ORIENTED_EDGE('',*,*,#4615,.T.);
#4615 = EDGE_CURVE('',#3169,#1352,#4616,.T.);
#4616 = SURFACE_CURVE('',#4617,(#4621,#4628),.PCURVE_S1.);
#4617 = LINE('',#4618,#4619);
#4618 = CARTESIAN_POINT('',(-1.506470054174,-0.500057030765,
    3.556147202737));
#4619 = VECTOR('',#4620,1.);
#4620 = DIRECTION('',(0.569897745753,1.562947060994E-16,-0.821715619533)
  );
#4621 = PCURVE('',#1369,#4622);
#4622 = DEFINITIONAL_REPRESENTATION('',(#4623),#4627);
#4623 = LINE('',#4624,#4625);
#4624 = CARTESIAN_POINT('',(-2.094287887115,18.939118652618));
#4625 = VECTOR('',#4626,1.);
#4626 = DIRECTION('',(-1.,-2.975198629589E-17));
#4627 = ( GEOMETRIC_REPRESENTATION_CONTEXT(2) 
PARAMETRIC_REPRESENTATION_CONTEXT() REPRESENTATION_CONTEXT('2D SPACE',''
  ) );
#4628 = PCURVE('',#1396,#4629);
#4629 = DEFINITIONAL_REPRESENTATION('',(#4630),#4634);
#4630 = LINE('',#4631,#4632);
#4631 = CARTESIAN_POINT('',(3.35921179055,4.843529945826));
#4632 = VECTOR('',#4633,1.);
#4633 = DIRECTION('',(-0.821715619533,0.569897745753));
#4634 = ( GEOMETRIC_REPRESENTATION_CONTEXT(2) 
PARAMETRIC_REPRESENTATION_CONTEXT() REPRESENTATION_CONTEXT('2D SPACE',''
  ) );
#4635 = ORIENTED_EDGE('',*,*,#1351,.T.);
#4636 = ORIENTED_EDGE('',*,*,#4637,.T.);
#4637 = EDGE_CURVE('',#1354,#3167,#4638,.T.);
#4638 = SURFACE_CURVE('',#4639,(#4643,#4650),.PCURVE_S1.);
#4639 = LINE('',#4640,#4641);
#4640 = CARTESIAN_POINT('',(-4.31102741709,0.500057030765,7.599940336079
    ));
#4641 = VECTOR('',#4642,1.);
#4642 = DIRECTION('',(-0.569897745753,-1.265427198035E-16,0.821715619533
    ));
#4643 = PCURVE('',#1369,#4644);
#4644 = DEFINITIONAL_REPRESENTATION('',(#4645),#4649);
#4645 = LINE('',#4646,#4647);
#4646 = CARTESIAN_POINT('',(2.826871011676,17.939004591089));
#4647 = VECTOR('',#4648,1.);
#4648 = DIRECTION('',(1.,0.));
#4649 = ( GEOMETRIC_REPRESENTATION_CONTEXT(2) 
PARAMETRIC_REPRESENTATION_CONTEXT() REPRESENTATION_CONTEXT('2D SPACE',''
  ) );
#4650 = PCURVE('',#1448,#4651);
#4651 = DEFINITIONAL_REPRESENTATION('',(#4652),#4656);
#4652 = LINE('',#4653,#4654);
#4653 = CARTESIAN_POINT('',(-1.414121687639,2.03897258291));
#4654 = VECTOR('',#4655,1.);
#4655 = DIRECTION('',(-0.821715619533,-0.569897745753));
#4656 = ( GEOMETRIC_REPRESENTATION_CONTEXT(2) 
PARAMETRIC_REPRESENTATION_CONTEXT() REPRESENTATION_CONTEXT('2D SPACE',''
  ) );
#4657 = ADVANCED_FACE('',(#4658),#1448,.F.);
#4658 = FACE_BOUND('',#4659,.F.);
#4659 = EDGE_LOOP('',(#4660,#4681,#4682,#4683));
#4660 = ORIENTED_EDGE('',*,*,#4661,.F.);
#4661 = EDGE_CURVE('',#1408,#3192,#4662,.T.);
#4662 = SURFACE_CURVE('',#4663,(#4667,#4674),.PCURVE_S1.);
#4663 = LINE('',#4664,#4665);
#4664 = CARTESIAN_POINT('',(-6.700931184447,0.500057030765,
    6.429205638023));
#4665 = VECTOR('',#4666,1.);
#4666 = DIRECTION('',(0.569897745753,1.265427198035E-16,0.821715619533)
  );
#4667 = PCURVE('',#1448,#4668);
#4668 = DEFINITIONAL_REPRESENTATION('',(#4669),#4673);
#4669 = LINE('',#4670,#4671);
#4670 = CARTESIAN_POINT('',(-0.243386989583,-0.350931184447));
#4671 = VECTOR('',#4672,1.);
#4672 = DIRECTION('',(-0.821715619533,0.569897745753));
#4673 = ( GEOMETRIC_REPRESENTATION_CONTEXT(2) 
PARAMETRIC_REPRESENTATION_CONTEXT() REPRESENTATION_CONTEXT('2D SPACE',''
  ) );
#4674 = PCURVE('',#1423,#4675);
#4675 = DEFINITIONAL_REPRESENTATION('',(#4676),#4680);
#4676 = LINE('',#4677,#4678);
#4677 = CARTESIAN_POINT('',(1.402126647292,17.939004591089));
#4678 = VECTOR('',#4679,1.);
#4679 = DIRECTION('',(1.,0.));
#4680 = ( GEOMETRIC_REPRESENTATION_CONTEXT(2) 
PARAMETRIC_REPRESENTATION_CONTEXT() REPRESENTATION_CONTEXT('2D SPACE',''
  ) );
#4681 = ORIENTED_EDGE('',*,*,#1434,.T.);
#4682 = ORIENTED_EDGE('',*,*,#4637,.T.);
#4683 = ORIENTED_EDGE('',*,*,#3191,.F.);
#4684 = ADVANCED_FACE('',(#4685),#1423,.F.);
#4685 = FACE_BOUND('',#4686,.F.);
#4686 = EDGE_LOOP('',(#4687,#4688,#4709,#4710));
#4687 = ORIENTED_EDGE('',*,*,#3214,.F.);
#4688 = ORIENTED_EDGE('',*,*,#4689,.T.);
#4689 = EDGE_CURVE('',#3215,#1381,#4690,.T.);
#4690 = SURFACE_CURVE('',#4691,(#4695,#4702),.PCURVE_S1.);
#4691 = LINE('',#4692,#4693);
#4692 = CARTESIAN_POINT('',(-9.505488547363,-0.500057030765,
    2.385412504681));
#4693 = VECTOR('',#4694,1.);
#4694 = DIRECTION('',(-0.569897745753,-9.679073350761E-17,
    -0.821715619533));
#4695 = PCURVE('',#1423,#4696);
#4696 = DEFINITIONAL_REPRESENTATION('',(#4697),#4701);
#4697 = LINE('',#4698,#4699);
#4698 = CARTESIAN_POINT('',(-3.519032251499,18.939118652618));
#4699 = VECTOR('',#4700,1.);
#4700 = DIRECTION('',(-1.,-2.975198629589E-17));
#4701 = ( GEOMETRIC_REPRESENTATION_CONTEXT(2) 
PARAMETRIC_REPRESENTATION_CONTEXT() REPRESENTATION_CONTEXT('2D SPACE',''
  ) );
#4702 = PCURVE('',#1396,#4703);
#4703 = DEFINITIONAL_REPRESENTATION('',(#4704),#4708);
#4704 = LINE('',#4705,#4706);
#4705 = CARTESIAN_POINT('',(2.188477092494,-3.155488547363));
#4706 = VECTOR('',#4707,1.);
#4707 = DIRECTION('',(-0.821715619533,-0.569897745753));
#4708 = ( GEOMETRIC_REPRESENTATION_CONTEXT(2) 
PARAMETRIC_REPRESENTATION_CONTEXT() REPRESENTATION_CONTEXT('2D SPACE',''
  ) );
#4709 = ORIENTED_EDGE('',*,*,#1407,.T.);
#4710 = ORIENTED_EDGE('',*,*,#4661,.T.);
#4711 = ADVANCED_FACE('',(#4712),#1396,.F.);
#4712 = FACE_BOUND('',#4713,.F.);
#4713 = EDGE_LOOP('',(#4714,#4715,#4716,#4717));
#4714 = ORIENTED_EDGE('',*,*,#3237,.F.);
#4715 = ORIENTED_EDGE('',*,*,#4615,.T.);
#4716 = ORIENTED_EDGE('',*,*,#1380,.T.);
#4717 = ORIENTED_EDGE('',*,*,#4689,.F.);
#4718 = ADVANCED_FACE('',(#4719),#1479,.T.);
#4719 = FACE_BOUND('',#4720,.T.);
#4720 = EDGE_LOOP('',(#4721,#4722,#4743,#4744));
#4721 = ORIENTED_EDGE('',*,*,#1461,.T.);
#4722 = ORIENTED_EDGE('',*,*,#4723,.T.);
#4723 = EDGE_CURVE('',#1464,#3098,#4724,.T.);
#4724 = SURFACE_CURVE('',#4725,(#4729,#4736),.PCURVE_S1.);
#4725 = LINE('',#4726,#4727);
#4726 = CARTESIAN_POINT('',(-4.31102741709,7.553909760746,7.599940336079
    ));
#4727 = VECTOR('',#4728,1.);
#4728 = DIRECTION('',(-0.569897745753,-1.265427198035E-16,0.821715619533
    ));
#4729 = PCURVE('',#1479,#4730);
#4730 = DEFINITIONAL_REPRESENTATION('',(#4731),#4735);
#4731 = LINE('',#4732,#4733);
#4732 = CARTESIAN_POINT('',(2.826871011676,10.885151861108));
#4733 = VECTOR('',#4734,1.);
#4734 = DIRECTION('',(1.,0.));
#4735 = ( GEOMETRIC_REPRESENTATION_CONTEXT(2) 
PARAMETRIC_REPRESENTATION_CONTEXT() REPRESENTATION_CONTEXT('2D SPACE',''
  ) );
#4736 = PCURVE('',#1558,#4737);
#4737 = DEFINITIONAL_REPRESENTATION('',(#4738),#4742);
#4738 = LINE('',#4739,#4740);
#4739 = CARTESIAN_POINT('',(-1.414121687639,2.03897258291));
#4740 = VECTOR('',#4741,1.);
#4741 = DIRECTION('',(-0.821715619533,-0.569897745753));
#4742 = ( GEOMETRIC_REPRESENTATION_CONTEXT(2) 
PARAMETRIC_REPRESENTATION_CONTEXT() REPRESENTATION_CONTEXT('2D SPACE',''
  ) );
#4743 = ORIENTED_EDGE('',*,*,#3097,.F.);
#4744 = ORIENTED_EDGE('',*,*,#4745,.T.);
#4745 = EDGE_CURVE('',#3073,#1462,#4746,.T.);
#4746 = SURFACE_CURVE('',#4747,(#4751,#4758),.PCURVE_S1.);
#4747 = LINE('',#4748,#4749);
#4748 = CARTESIAN_POINT('',(-1.506470054174,6.553795699216,
    3.556147202737));
#4749 = VECTOR('',#4750,1.);
#4750 = DIRECTION('',(0.569897745753,1.265427198035E-16,-0.821715619533)
  );
#4751 = PCURVE('',#1479,#4752);
#4752 = DEFINITIONAL_REPRESENTATION('',(#4753),#4757);
#4753 = LINE('',#4754,#4755);
#4754 = CARTESIAN_POINT('',(-2.094287887115,11.885265922638));
#4755 = VECTOR('',#4756,1.);
#4756 = DIRECTION('',(-1.,0.));
#4757 = ( GEOMETRIC_REPRESENTATION_CONTEXT(2) 
PARAMETRIC_REPRESENTATION_CONTEXT() REPRESENTATION_CONTEXT('2D SPACE',''
  ) );
#4758 = PCURVE('',#1506,#4759);
#4759 = DEFINITIONAL_REPRESENTATION('',(#4760),#4764);
#4760 = LINE('',#4761,#4762);
#4761 = CARTESIAN_POINT('',(3.35921179055,4.843529945826));
#4762 = VECTOR('',#4763,1.);
#4763 = DIRECTION('',(-0.821715619533,0.569897745753));
#4764 = ( GEOMETRIC_REPRESENTATION_CONTEXT(2) 
PARAMETRIC_REPRESENTATION_CONTEXT() REPRESENTATION_CONTEXT('2D SPACE',''
  ) );
#4765 = ADVANCED_FACE('',(#4766),#1558,.F.);
#4766 = FACE_BOUND('',#4767,.F.);
#4767 = EDGE_LOOP('',(#4768,#4789,#4790,#4791));
#4768 = ORIENTED_EDGE('',*,*,#4769,.F.);
#4769 = EDGE_CURVE('',#1518,#3121,#4770,.T.);
#4770 = SURFACE_CURVE('',#4771,(#4775,#4782),.PCURVE_S1.);
#4771 = LINE('',#4772,#4773);
#4772 = CARTESIAN_POINT('',(-6.700931184447,7.553909760746,
    6.429205638023));
#4773 = VECTOR('',#4774,1.);
#4774 = DIRECTION('',(0.569897745753,1.265427198035E-16,0.821715619533)
  );
#4775 = PCURVE('',#1558,#4776);
#4776 = DEFINITIONAL_REPRESENTATION('',(#4777),#4781);
#4777 = LINE('',#4778,#4779);
#4778 = CARTESIAN_POINT('',(-0.243386989583,-0.350931184447));
#4779 = VECTOR('',#4780,1.);
#4780 = DIRECTION('',(-0.821715619533,0.569897745753));
#4781 = ( GEOMETRIC_REPRESENTATION_CONTEXT(2) 
PARAMETRIC_REPRESENTATION_CONTEXT() REPRESENTATION_CONTEXT('2D SPACE',''
  ) );
#4782 = PCURVE('',#1533,#4783);
#4783 = DEFINITIONAL_REPRESENTATION('',(#4784),#4788);
#4784 = LINE('',#4785,#4786);
#4785 = CARTESIAN_POINT('',(1.402126647292,10.885151861108));
#4786 = VECTOR('',#4787,1.);
#4787 = DIRECTION('',(1.,0.));
#4788 = ( GEOMETRIC_REPRESENTATION_CONTEXT(2) 
PARAMETRIC_REPRESENTATION_CONTEXT() REPRESENTATION_CONTEXT('2D SPACE',''
  ) );
#4789 = ORIENTED_EDGE('',*,*,#1544,.T.);
#4790 = ORIENTED_EDGE('',*,*,#4723,.T.);
#4791 = ORIENTED_EDGE('',*,*,#3120,.F.);
#4792 = ADVANCED_FACE('',(#4793),#1533,.F.);
#4793 = FACE_BOUND('',#4794,.F.);
#4794 = EDGE_LOOP('',(#4795,#4796,#4797,#4798));
#4795 = ORIENTED_EDGE('',*,*,#1517,.T.);
#4796 = ORIENTED_EDGE('',*,*,#4769,.T.);
#4797 = ORIENTED_EDGE('',*,*,#3143,.F.);
#4798 = ORIENTED_EDGE('',*,*,#4799,.T.);
#4799 = EDGE_CURVE('',#3075,#1491,#4800,.T.);
#4800 = SURFACE_CURVE('',#4801,(#4805,#4812),.PCURVE_S1.);
#4801 = LINE('',#4802,#4803);
#4802 = CARTESIAN_POINT('',(-9.505488547363,6.553795699216,
    2.385412504681));
#4803 = VECTOR('',#4804,1.);
#4804 = DIRECTION('',(-0.569897745753,-1.265427198035E-16,
    -0.821715619533));
#4805 = PCURVE('',#1533,#4806);
#4806 = DEFINITIONAL_REPRESENTATION('',(#4807),#4811);
#4807 = LINE('',#4808,#4809);
#4808 = CARTESIAN_POINT('',(-3.519032251499,11.885265922638));
#4809 = VECTOR('',#4810,1.);
#4810 = DIRECTION('',(-1.,0.));
#4811 = ( GEOMETRIC_REPRESENTATION_CONTEXT(2) 
PARAMETRIC_REPRESENTATION_CONTEXT() REPRESENTATION_CONTEXT('2D SPACE',''
  ) );
#4812 = PCURVE('',#1506,#4813);
#4813 = DEFINITIONAL_REPRESENTATION('',(#4814),#4818);
#4814 = LINE('',#4815,#4816);
#4815 = CARTESIAN_POINT('',(2.188477092494,-3.155488547363));
#4816 = VECTOR('',#4817,1.);
#4817 = DIRECTION('',(-0.821715619533,-0.569897745753));
#4818 = ( GEOMETRIC_REPRESENTATION_CONTEXT(2) 
PARAMETRIC_REPRESENTATION_CONTEXT() REPRESENTATION_CONTEXT('2D SPACE',''
  ) );
#4819 = ADVANCED_FACE('',(#4820),#1506,.F.);
#4820 = FACE_BOUND('',#4821,.F.);
#4821 = EDGE_LOOP('',(#4822,#4823,#4824,#4825));
#4822 = ORIENTED_EDGE('',*,*,#3072,.F.);
#4823 = ORIENTED_EDGE('',*,*,#4745,.T.);
#4824 = ORIENTED_EDGE('',*,*,#1490,.T.);
#4825 = ORIENTED_EDGE('',*,*,#4799,.F.);
#4826 = ADVANCED_FACE('',(#4827),#1589,.T.);
#4827 = FACE_BOUND('',#4828,.T.);
#4828 = EDGE_LOOP('',(#4829,#4830,#4851,#4852));
#4829 = ORIENTED_EDGE('',*,*,#1995,.F.);
#4830 = ORIENTED_EDGE('',*,*,#4831,.F.);
#4831 = EDGE_CURVE('',#2769,#1996,#4832,.T.);
#4832 = SURFACE_CURVE('',#4833,(#4837,#4844),.PCURVE_S1.);
#4833 = LINE('',#4834,#4835);
#4834 = CARTESIAN_POINT('',(0.428990424285,-8.454649355997,6.18581864844
    ));
#4835 = VECTOR('',#4836,1.);
#4836 = DIRECTION('',(-2.22044604925E-16,1.,0.));
#4837 = PCURVE('',#1589,#4838);
#4838 = DEFINITIONAL_REPRESENTATION('',(#4839),#4843);
#4839 = LINE('',#4840,#4841);
#4840 = CARTESIAN_POINT('',(7.98581864844,0.));
#4841 = VECTOR('',#4842,1.);
#4842 = DIRECTION('',(0.,-1.));
#4843 = ( GEOMETRIC_REPRESENTATION_CONTEXT(2) 
PARAMETRIC_REPRESENTATION_CONTEXT() REPRESENTATION_CONTEXT('2D SPACE',''
  ) );
#4844 = PCURVE('',#2034,#4845);
#4845 = DEFINITIONAL_REPRESENTATION('',(#4846),#4850);
#4846 = LINE('',#4847,#4848);
#4847 = CARTESIAN_POINT('',(1.400796626016,1.928990424285));
#4848 = VECTOR('',#4849,1.);
#4849 = DIRECTION('',(-1.,0.));
#4850 = ( GEOMETRIC_REPRESENTATION_CONTEXT(2) 
PARAMETRIC_REPRESENTATION_CONTEXT() REPRESENTATION_CONTEXT('2D SPACE',''
  ) );
#4851 = ORIENTED_EDGE('',*,*,#2791,.T.);
#4852 = ORIENTED_EDGE('',*,*,#1571,.T.);
#4853 = ADVANCED_FACE('',(#4854),#1638,.T.);
#4854 = FACE_BOUND('',#4855,.T.);
#4855 = EDGE_LOOP('',(#4856,#4857,#4858,#4859));
#4856 = ORIENTED_EDGE('',*,*,#1973,.F.);
#4857 = ORIENTED_EDGE('',*,*,#1622,.T.);
#4858 = ORIENTED_EDGE('',*,*,#2813,.T.);
#4859 = ORIENTED_EDGE('',*,*,#3305,.T.);
#4860 = ADVANCED_FACE('',(#4861),#1689,.F.);
#4861 = FACE_BOUND('',#4862,.F.);
#4862 = EDGE_LOOP('',(#4863,#4886,#4909,#4930));
#4863 = ORIENTED_EDGE('',*,*,#4864,.T.);
#4864 = EDGE_CURVE('',#1674,#4865,#4867,.T.);
#4865 = VERTEX_POINT('',#4866);
#4866 = CARTESIAN_POINT('',(3.330268693696,0.500057030765,6.18581864844)
  );
#4867 = SURFACE_CURVE('',#4868,(#4872,#4879),.PCURVE_S1.);
#4868 = LINE('',#4869,#4870);
#4869 = CARTESIAN_POINT('',(3.499068815553,0.500057030765,6.429205638023
    ));
#4870 = VECTOR('',#4871,1.);
#4871 = DIRECTION('',(0.569897745753,1.265427198035E-16,0.821715619533)
  );
#4872 = PCURVE('',#1689,#4873);
#4873 = DEFINITIONAL_REPRESENTATION('',(#4874),#4878);
#4874 = LINE('',#4875,#4876);
#4875 = CARTESIAN_POINT('',(1.402126647292,17.939004591089));
#4876 = VECTOR('',#4877,1.);
#4877 = DIRECTION('',(1.,0.));
#4878 = ( GEOMETRIC_REPRESENTATION_CONTEXT(2) 
PARAMETRIC_REPRESENTATION_CONTEXT() REPRESENTATION_CONTEXT('2D SPACE',''
  ) );
#4879 = PCURVE('',#1716,#4880);
#4880 = DEFINITIONAL_REPRESENTATION('',(#4881),#4885);
#4881 = LINE('',#4882,#4883);
#4882 = CARTESIAN_POINT('',(-0.243386989583,-0.350931184447));
#4883 = VECTOR('',#4884,1.);
#4884 = DIRECTION('',(-0.821715619533,0.569897745753));
#4885 = ( GEOMETRIC_REPRESENTATION_CONTEXT(2) 
PARAMETRIC_REPRESENTATION_CONTEXT() REPRESENTATION_CONTEXT('2D SPACE',''
  ) );
#4886 = ORIENTED_EDGE('',*,*,#4887,.T.);
#4887 = EDGE_CURVE('',#4865,#4888,#4890,.T.);
#4888 = VERTEX_POINT('',#4889);
#4889 = CARTESIAN_POINT('',(3.330268693696,-0.500057030765,6.18581864844
    ));
#4890 = SURFACE_CURVE('',#4891,(#4895,#4902),.PCURVE_S1.);
#4891 = LINE('',#4892,#4893);
#4892 = CARTESIAN_POINT('',(3.330268693696,18.439061621853,6.18581864844
    ));
#4893 = VECTOR('',#4894,1.);
#4894 = DIRECTION('',(2.22044604925E-16,-1.,0.));
#4895 = PCURVE('',#1689,#4896);
#4896 = DEFINITIONAL_REPRESENTATION('',(#4897),#4901);
#4897 = LINE('',#4898,#4899);
#4898 = CARTESIAN_POINT('',(1.105932947432,0.));
#4899 = VECTOR('',#4900,1.);
#4900 = DIRECTION('',(0.,1.));
#4901 = ( GEOMETRIC_REPRESENTATION_CONTEXT(2) 
PARAMETRIC_REPRESENTATION_CONTEXT() REPRESENTATION_CONTEXT('2D SPACE',''
  ) );
#4902 = PCURVE('',#2034,#4903);
#4903 = DEFINITIONAL_REPRESENTATION('',(#4904),#4908);
#4904 = LINE('',#4905,#4906);
#4905 = CARTESIAN_POINT('',(-25.49291435183,4.830268693696));
#4906 = VECTOR('',#4907,1.);
#4907 = DIRECTION('',(1.,0.));
#4908 = ( GEOMETRIC_REPRESENTATION_CONTEXT(2) 
PARAMETRIC_REPRESENTATION_CONTEXT() REPRESENTATION_CONTEXT('2D SPACE',''
  ) );
#4909 = ORIENTED_EDGE('',*,*,#4910,.T.);
#4910 = EDGE_CURVE('',#4888,#1672,#4911,.T.);
#4911 = SURFACE_CURVE('',#4912,(#4916,#4923),.PCURVE_S1.);
#4912 = LINE('',#4913,#4914);
#4913 = CARTESIAN_POINT('',(0.694511452637,-0.500057030765,
    2.385412504681));
#4914 = VECTOR('',#4915,1.);
#4915 = DIRECTION('',(-0.569897745753,-9.679073350761E-17,
    -0.821715619533));
#4916 = PCURVE('',#1689,#4917);
#4917 = DEFINITIONAL_REPRESENTATION('',(#4918),#4922);
#4918 = LINE('',#4919,#4920);
#4919 = CARTESIAN_POINT('',(-3.519032251499,18.939118652618));
#4920 = VECTOR('',#4921,1.);
#4921 = DIRECTION('',(-1.,-2.975198629589E-17));
#4922 = ( GEOMETRIC_REPRESENTATION_CONTEXT(2) 
PARAMETRIC_REPRESENTATION_CONTEXT() REPRESENTATION_CONTEXT('2D SPACE',''
  ) );
#4923 = PCURVE('',#1768,#4924);
#4924 = DEFINITIONAL_REPRESENTATION('',(#4925),#4929);
#4925 = LINE('',#4926,#4927);
#4926 = CARTESIAN_POINT('',(2.188477092494,-3.155488547363));
#4927 = VECTOR('',#4928,1.);
#4928 = DIRECTION('',(-0.821715619533,-0.569897745753));
#4929 = ( GEOMETRIC_REPRESENTATION_CONTEXT(2) 
PARAMETRIC_REPRESENTATION_CONTEXT() REPRESENTATION_CONTEXT('2D SPACE',''
  ) );
#4930 = ORIENTED_EDGE('',*,*,#1671,.T.);
#4931 = ADVANCED_FACE('',(#4932),#1768,.F.);
#4932 = FACE_BOUND('',#4933,.F.);
#4933 = EDGE_LOOP('',(#4934,#4957,#4978,#4979));
#4934 = ORIENTED_EDGE('',*,*,#4935,.F.);
#4935 = EDGE_CURVE('',#4936,#4888,#4938,.T.);
#4936 = VERTEX_POINT('',#4937);
#4937 = CARTESIAN_POINT('',(6.869731306304,-0.500057030765,6.18581864844
    ));
#4938 = SURFACE_CURVE('',#4939,(#4943,#4950),.PCURVE_S1.);
#4939 = LINE('',#4940,#4941);
#4940 = CARTESIAN_POINT('',(-1.5,-0.500057030765,6.18581864844));
#4941 = VECTOR('',#4942,1.);
#4942 = DIRECTION('',(-1.,-2.22044604925E-16,0.));
#4943 = PCURVE('',#1768,#4944);
#4944 = DEFINITIONAL_REPRESENTATION('',(#4945),#4949);
#4945 = LINE('',#4946,#4947);
#4946 = CARTESIAN_POINT('',(5.988883236253,-5.35));
#4947 = VECTOR('',#4948,1.);
#4948 = DIRECTION('',(0.,-1.));
#4949 = ( GEOMETRIC_REPRESENTATION_CONTEXT(2) 
PARAMETRIC_REPRESENTATION_CONTEXT() REPRESENTATION_CONTEXT('2D SPACE',''
  ) );
#4950 = PCURVE('',#2034,#4951);
#4951 = DEFINITIONAL_REPRESENTATION('',(#4952),#4956);
#4952 = LINE('',#4953,#4954);
#4953 = CARTESIAN_POINT('',(-6.553795699216,0.));
#4954 = VECTOR('',#4955,1.);
#4955 = DIRECTION('',(0.,-1.));
#4956 = ( GEOMETRIC_REPRESENTATION_CONTEXT(2) 
PARAMETRIC_REPRESENTATION_CONTEXT() REPRESENTATION_CONTEXT('2D SPACE',''
  ) );
#4957 = ORIENTED_EDGE('',*,*,#4958,.T.);
#4958 = EDGE_CURVE('',#4936,#1728,#4959,.T.);
#4959 = SURFACE_CURVE('',#4960,(#4964,#4971),.PCURVE_S1.);
#4960 = LINE('',#4961,#4962);
#4961 = CARTESIAN_POINT('',(8.693529945826,-0.500057030765,
    3.556147202737));
#4962 = VECTOR('',#4963,1.);
#4963 = DIRECTION('',(0.569897745753,1.562947060994E-16,-0.821715619533)
  );
#4964 = PCURVE('',#1768,#4965);
#4965 = DEFINITIONAL_REPRESENTATION('',(#4966),#4970);
#4966 = LINE('',#4967,#4968);
#4967 = CARTESIAN_POINT('',(3.35921179055,4.843529945826));
#4968 = VECTOR('',#4969,1.);
#4969 = DIRECTION('',(-0.821715619533,0.569897745753));
#4970 = ( GEOMETRIC_REPRESENTATION_CONTEXT(2) 
PARAMETRIC_REPRESENTATION_CONTEXT() REPRESENTATION_CONTEXT('2D SPACE',''
  ) );
#4971 = PCURVE('',#1743,#4972);
#4972 = DEFINITIONAL_REPRESENTATION('',(#4973),#4977);
#4973 = LINE('',#4974,#4975);
#4974 = CARTESIAN_POINT('',(-2.094287887115,18.939118652618));
#4975 = VECTOR('',#4976,1.);
#4976 = DIRECTION('',(-1.,-2.975198629589E-17));
#4977 = ( GEOMETRIC_REPRESENTATION_CONTEXT(2) 
PARAMETRIC_REPRESENTATION_CONTEXT() REPRESENTATION_CONTEXT('2D SPACE',''
  ) );
#4978 = ORIENTED_EDGE('',*,*,#1754,.T.);
#4979 = ORIENTED_EDGE('',*,*,#4910,.F.);
#4980 = ADVANCED_FACE('',(#4981),#1743,.T.);
#4981 = FACE_BOUND('',#4982,.T.);
#4982 = EDGE_LOOP('',(#4983,#5006,#5007,#5008));
#4983 = ORIENTED_EDGE('',*,*,#4984,.T.);
#4984 = EDGE_CURVE('',#4985,#4936,#4987,.T.);
#4985 = VERTEX_POINT('',#4986);
#4986 = CARTESIAN_POINT('',(6.869731306304,0.500057030765,6.18581864844)
  );
#4987 = SURFACE_CURVE('',#4988,(#4992,#4999),.PCURVE_S1.);
#4988 = LINE('',#4989,#4990);
#4989 = CARTESIAN_POINT('',(6.869731306304,18.439061621853,6.18581864844
    ));
#4990 = VECTOR('',#4991,1.);
#4991 = DIRECTION('',(2.22044604925E-16,-1.,0.));
#4992 = PCURVE('',#1743,#4993);
#4993 = DEFINITIONAL_REPRESENTATION('',(#4994),#4998);
#4994 = LINE('',#4995,#4996);
#4995 = CARTESIAN_POINT('',(1.105932947432,0.));
#4996 = VECTOR('',#4997,1.);
#4997 = DIRECTION('',(0.,1.));
#4998 = ( GEOMETRIC_REPRESENTATION_CONTEXT(2) 
PARAMETRIC_REPRESENTATION_CONTEXT() REPRESENTATION_CONTEXT('2D SPACE',''
  ) );
#4999 = PCURVE('',#2034,#5000);
#5000 = DEFINITIONAL_REPRESENTATION('',(#5001),#5005);
#5001 = LINE('',#5002,#5003);
#5002 = CARTESIAN_POINT('',(-25.49291435183,8.369731306304));
#5003 = VECTOR('',#5004,1.);
#5004 = DIRECTION('',(1.,0.));
#5005 = ( GEOMETRIC_REPRESENTATION_CONTEXT(2) 
PARAMETRIC_REPRESENTATION_CONTEXT() REPRESENTATION_CONTEXT('2D SPACE',''
  ) );
#5006 = ORIENTED_EDGE('',*,*,#4958,.T.);
#5007 = ORIENTED_EDGE('',*,*,#1727,.T.);
#5008 = ORIENTED_EDGE('',*,*,#5009,.T.);
#5009 = EDGE_CURVE('',#1701,#4985,#5010,.T.);
#5010 = SURFACE_CURVE('',#5011,(#5015,#5022),.PCURVE_S1.);
#5011 = LINE('',#5012,#5013);
#5012 = CARTESIAN_POINT('',(5.88897258291,0.500057030765,7.599940336079)
  );
#5013 = VECTOR('',#5014,1.);
#5014 = DIRECTION('',(-0.569897745753,-1.265427198035E-16,0.821715619533
    ));
#5015 = PCURVE('',#1743,#5016);
#5016 = DEFINITIONAL_REPRESENTATION('',(#5017),#5021);
#5017 = LINE('',#5018,#5019);
#5018 = CARTESIAN_POINT('',(2.826871011676,17.939004591089));
#5019 = VECTOR('',#5020,1.);
#5020 = DIRECTION('',(1.,0.));
#5021 = ( GEOMETRIC_REPRESENTATION_CONTEXT(2) 
PARAMETRIC_REPRESENTATION_CONTEXT() REPRESENTATION_CONTEXT('2D SPACE',''
  ) );
#5022 = PCURVE('',#1716,#5023);
#5023 = DEFINITIONAL_REPRESENTATION('',(#5024),#5028);
#5024 = LINE('',#5025,#5026);
#5025 = CARTESIAN_POINT('',(-1.414121687639,2.03897258291));
#5026 = VECTOR('',#5027,1.);
#5027 = DIRECTION('',(-0.821715619533,-0.569897745753));
#5028 = ( GEOMETRIC_REPRESENTATION_CONTEXT(2) 
PARAMETRIC_REPRESENTATION_CONTEXT() REPRESENTATION_CONTEXT('2D SPACE',''
  ) );
#5029 = ADVANCED_FACE('',(#5030),#1716,.F.);
#5030 = FACE_BOUND('',#5031,.F.);
#5031 = EDGE_LOOP('',(#5032,#5033,#5034,#5035));
#5032 = ORIENTED_EDGE('',*,*,#4864,.F.);
#5033 = ORIENTED_EDGE('',*,*,#1700,.T.);
#5034 = ORIENTED_EDGE('',*,*,#5009,.T.);
#5035 = ORIENTED_EDGE('',*,*,#5036,.F.);
#5036 = EDGE_CURVE('',#4865,#4985,#5037,.T.);
#5037 = SURFACE_CURVE('',#5038,(#5042,#5049),.PCURVE_S1.);
#5038 = LINE('',#5039,#5040);
#5039 = CARTESIAN_POINT('',(-1.5,0.500057030765,6.18581864844));
#5040 = VECTOR('',#5041,1.);
#5041 = DIRECTION('',(1.,2.22044604925E-16,0.));
#5042 = PCURVE('',#1716,#5043);
#5043 = DEFINITIONAL_REPRESENTATION('',(#5044),#5048);
#5044 = LINE('',#5045,#5046);
#5045 = CARTESIAN_POINT('',(0.,-5.35));
#5046 = VECTOR('',#5047,1.);
#5047 = DIRECTION('',(0.,1.));
#5048 = ( GEOMETRIC_REPRESENTATION_CONTEXT(2) 
PARAMETRIC_REPRESENTATION_CONTEXT() REPRESENTATION_CONTEXT('2D SPACE',''
  ) );
#5049 = PCURVE('',#2034,#5050);
#5050 = DEFINITIONAL_REPRESENTATION('',(#5051),#5055);
#5051 = LINE('',#5052,#5053);
#5052 = CARTESIAN_POINT('',(-7.553909760746,0.));
#5053 = VECTOR('',#5054,1.);
#5054 = DIRECTION('',(0.,1.));
#5055 = ( GEOMETRIC_REPRESENTATION_CONTEXT(2) 
PARAMETRIC_REPRESENTATION_CONTEXT() REPRESENTATION_CONTEXT('2D SPACE',''
  ) );
#5056 = ADVANCED_FACE('',(#5057),#1799,.F.);
#5057 = FACE_BOUND('',#5058,.F.);
#5058 = EDGE_LOOP('',(#5059,#5060,#5083,#5106));
#5059 = ORIENTED_EDGE('',*,*,#1781,.T.);
#5060 = ORIENTED_EDGE('',*,*,#5061,.T.);
#5061 = EDGE_CURVE('',#1784,#5062,#5064,.T.);
#5062 = VERTEX_POINT('',#5063);
#5063 = CARTESIAN_POINT('',(3.330268693696,7.553909760746,6.18581864844)
  );
#5064 = SURFACE_CURVE('',#5065,(#5069,#5076),.PCURVE_S1.);
#5065 = LINE('',#5066,#5067);
#5066 = CARTESIAN_POINT('',(3.499068815553,7.553909760746,6.429205638023
    ));
#5067 = VECTOR('',#5068,1.);
#5068 = DIRECTION('',(0.569897745753,1.265427198035E-16,0.821715619533)
  );
#5069 = PCURVE('',#1799,#5070);
#5070 = DEFINITIONAL_REPRESENTATION('',(#5071),#5075);
#5071 = LINE('',#5072,#5073);
#5072 = CARTESIAN_POINT('',(1.402126647292,10.885151861108));
#5073 = VECTOR('',#5074,1.);
#5074 = DIRECTION('',(1.,0.));
#5075 = ( GEOMETRIC_REPRESENTATION_CONTEXT(2) 
PARAMETRIC_REPRESENTATION_CONTEXT() REPRESENTATION_CONTEXT('2D SPACE',''
  ) );
#5076 = PCURVE('',#1826,#5077);
#5077 = DEFINITIONAL_REPRESENTATION('',(#5078),#5082);
#5078 = LINE('',#5079,#5080);
#5079 = CARTESIAN_POINT('',(-0.243386989583,-0.350931184447));
#5080 = VECTOR('',#5081,1.);
#5081 = DIRECTION('',(-0.821715619533,0.569897745753));
#5082 = ( GEOMETRIC_REPRESENTATION_CONTEXT(2) 
PARAMETRIC_REPRESENTATION_CONTEXT() REPRESENTATION_CONTEXT('2D SPACE',''
  ) );
#5083 = ORIENTED_EDGE('',*,*,#5084,.T.);
#5084 = EDGE_CURVE('',#5062,#5085,#5087,.T.);
#5085 = VERTEX_POINT('',#5086);
#5086 = CARTESIAN_POINT('',(3.330268693696,6.553795699216,6.18581864844)
  );
#5087 = SURFACE_CURVE('',#5088,(#5092,#5099),.PCURVE_S1.);
#5088 = LINE('',#5089,#5090);
#5089 = CARTESIAN_POINT('',(3.330268693696,18.439061621853,6.18581864844
    ));
#5090 = VECTOR('',#5091,1.);
#5091 = DIRECTION('',(2.22044604925E-16,-1.,0.));
#5092 = PCURVE('',#1799,#5093);
#5093 = DEFINITIONAL_REPRESENTATION('',(#5094),#5098);
#5094 = LINE('',#5095,#5096);
#5095 = CARTESIAN_POINT('',(1.105932947432,0.));
#5096 = VECTOR('',#5097,1.);
#5097 = DIRECTION('',(0.,1.));
#5098 = ( GEOMETRIC_REPRESENTATION_CONTEXT(2) 
PARAMETRIC_REPRESENTATION_CONTEXT() REPRESENTATION_CONTEXT('2D SPACE',''
  ) );
#5099 = PCURVE('',#2034,#5100);
#5100 = DEFINITIONAL_REPRESENTATION('',(#5101),#5105);
#5101 = LINE('',#5102,#5103);
#5102 = CARTESIAN_POINT('',(-25.49291435183,4.830268693696));
#5103 = VECTOR('',#5104,1.);
#5104 = DIRECTION('',(1.,0.));
#5105 = ( GEOMETRIC_REPRESENTATION_CONTEXT(2) 
PARAMETRIC_REPRESENTATION_CONTEXT() REPRESENTATION_CONTEXT('2D SPACE',''
  ) );
#5106 = ORIENTED_EDGE('',*,*,#5107,.T.);
#5107 = EDGE_CURVE('',#5085,#1782,#5108,.T.);
#5108 = SURFACE_CURVE('',#5109,(#5113,#5120),.PCURVE_S1.);
#5109 = LINE('',#5110,#5111);
#5110 = CARTESIAN_POINT('',(0.694511452637,6.553795699216,2.385412504681
    ));
#5111 = VECTOR('',#5112,1.);
#5112 = DIRECTION('',(-0.569897745753,-1.265427198035E-16,
    -0.821715619533));
#5113 = PCURVE('',#1799,#5114);
#5114 = DEFINITIONAL_REPRESENTATION('',(#5115),#5119);
#5115 = LINE('',#5116,#5117);
#5116 = CARTESIAN_POINT('',(-3.519032251499,11.885265922638));
#5117 = VECTOR('',#5118,1.);
#5118 = DIRECTION('',(-1.,0.));
#5119 = ( GEOMETRIC_REPRESENTATION_CONTEXT(2) 
PARAMETRIC_REPRESENTATION_CONTEXT() REPRESENTATION_CONTEXT('2D SPACE',''
  ) );
#5120 = PCURVE('',#1878,#5121);
#5121 = DEFINITIONAL_REPRESENTATION('',(#5122),#5126);
#5122 = LINE('',#5123,#5124);
#5123 = CARTESIAN_POINT('',(2.188477092494,-3.155488547363));
#5124 = VECTOR('',#5125,1.);
#5125 = DIRECTION('',(-0.821715619533,-0.569897745753));
#5126 = ( GEOMETRIC_REPRESENTATION_CONTEXT(2) 
PARAMETRIC_REPRESENTATION_CONTEXT() REPRESENTATION_CONTEXT('2D SPACE',''
  ) );
#5127 = ADVANCED_FACE('',(#5128),#1878,.F.);
#5128 = FACE_BOUND('',#5129,.F.);
#5129 = EDGE_LOOP('',(#5130,#5153,#5174,#5175));
#5130 = ORIENTED_EDGE('',*,*,#5131,.F.);
#5131 = EDGE_CURVE('',#5132,#5085,#5134,.T.);
#5132 = VERTEX_POINT('',#5133);
#5133 = CARTESIAN_POINT('',(6.869731306304,6.553795699216,6.18581864844)
  );
#5134 = SURFACE_CURVE('',#5135,(#5139,#5146),.PCURVE_S1.);
#5135 = LINE('',#5136,#5137);
#5136 = CARTESIAN_POINT('',(3.6,6.553795699216,6.18581864844));
#5137 = VECTOR('',#5138,1.);
#5138 = DIRECTION('',(-1.,-2.22044604925E-16,0.));
#5139 = PCURVE('',#1878,#5140);
#5140 = DEFINITIONAL_REPRESENTATION('',(#5141),#5145);
#5141 = LINE('',#5142,#5143);
#5142 = CARTESIAN_POINT('',(5.988883236253,-0.25));
#5143 = VECTOR('',#5144,1.);
#5144 = DIRECTION('',(0.,-1.));
#5145 = ( GEOMETRIC_REPRESENTATION_CONTEXT(2) 
PARAMETRIC_REPRESENTATION_CONTEXT() REPRESENTATION_CONTEXT('2D SPACE',''
  ) );
#5146 = PCURVE('',#2034,#5147);
#5147 = DEFINITIONAL_REPRESENTATION('',(#5148),#5152);
#5148 = LINE('',#5149,#5150);
#5149 = CARTESIAN_POINT('',(-13.60764842919,5.1));
#5150 = VECTOR('',#5151,1.);
#5151 = DIRECTION('',(0.,-1.));
#5152 = ( GEOMETRIC_REPRESENTATION_CONTEXT(2) 
PARAMETRIC_REPRESENTATION_CONTEXT() REPRESENTATION_CONTEXT('2D SPACE',''
  ) );
#5153 = ORIENTED_EDGE('',*,*,#5154,.T.);
#5154 = EDGE_CURVE('',#5132,#1838,#5155,.T.);
#5155 = SURFACE_CURVE('',#5156,(#5160,#5167),.PCURVE_S1.);
#5156 = LINE('',#5157,#5158);
#5157 = CARTESIAN_POINT('',(8.693529945826,6.553795699216,3.556147202737
    ));
#5158 = VECTOR('',#5159,1.);
#5159 = DIRECTION('',(0.569897745753,1.265427198035E-16,-0.821715619533)
  );
#5160 = PCURVE('',#1878,#5161);
#5161 = DEFINITIONAL_REPRESENTATION('',(#5162),#5166);
#5162 = LINE('',#5163,#5164);
#5163 = CARTESIAN_POINT('',(3.35921179055,4.843529945826));
#5164 = VECTOR('',#5165,1.);
#5165 = DIRECTION('',(-0.821715619533,0.569897745753));
#5166 = ( GEOMETRIC_REPRESENTATION_CONTEXT(2) 
PARAMETRIC_REPRESENTATION_CONTEXT() REPRESENTATION_CONTEXT('2D SPACE',''
  ) );
#5167 = PCURVE('',#1853,#5168);
#5168 = DEFINITIONAL_REPRESENTATION('',(#5169),#5173);
#5169 = LINE('',#5170,#5171);
#5170 = CARTESIAN_POINT('',(-2.094287887115,11.885265922638));
#5171 = VECTOR('',#5172,1.);
#5172 = DIRECTION('',(-1.,0.));
#5173 = ( GEOMETRIC_REPRESENTATION_CONTEXT(2) 
PARAMETRIC_REPRESENTATION_CONTEXT() REPRESENTATION_CONTEXT('2D SPACE',''
  ) );
#5174 = ORIENTED_EDGE('',*,*,#1864,.T.);
#5175 = ORIENTED_EDGE('',*,*,#5107,.F.);
#5176 = ADVANCED_FACE('',(#5177),#1853,.T.);
#5177 = FACE_BOUND('',#5178,.T.);
#5178 = EDGE_LOOP('',(#5179,#5180,#5203,#5224));
#5179 = ORIENTED_EDGE('',*,*,#1837,.T.);
#5180 = ORIENTED_EDGE('',*,*,#5181,.T.);
#5181 = EDGE_CURVE('',#1811,#5182,#5184,.T.);
#5182 = VERTEX_POINT('',#5183);
#5183 = CARTESIAN_POINT('',(6.869731306304,7.553909760746,6.18581864844)
  );
#5184 = SURFACE_CURVE('',#5185,(#5189,#5196),.PCURVE_S1.);
#5185 = LINE('',#5186,#5187);
#5186 = CARTESIAN_POINT('',(5.88897258291,7.553909760746,7.599940336079)
  );
#5187 = VECTOR('',#5188,1.);
#5188 = DIRECTION('',(-0.569897745753,-1.265427198035E-16,0.821715619533
    ));
#5189 = PCURVE('',#1853,#5190);
#5190 = DEFINITIONAL_REPRESENTATION('',(#5191),#5195);
#5191 = LINE('',#5192,#5193);
#5192 = CARTESIAN_POINT('',(2.826871011676,10.885151861108));
#5193 = VECTOR('',#5194,1.);
#5194 = DIRECTION('',(1.,0.));
#5195 = ( GEOMETRIC_REPRESENTATION_CONTEXT(2) 
PARAMETRIC_REPRESENTATION_CONTEXT() REPRESENTATION_CONTEXT('2D SPACE',''
  ) );
#5196 = PCURVE('',#1826,#5197);
#5197 = DEFINITIONAL_REPRESENTATION('',(#5198),#5202);
#5198 = LINE('',#5199,#5200);
#5199 = CARTESIAN_POINT('',(-1.414121687639,2.03897258291));
#5200 = VECTOR('',#5201,1.);
#5201 = DIRECTION('',(-0.821715619533,-0.569897745753));
#5202 = ( GEOMETRIC_REPRESENTATION_CONTEXT(2) 
PARAMETRIC_REPRESENTATION_CONTEXT() REPRESENTATION_CONTEXT('2D SPACE',''
  ) );
#5203 = ORIENTED_EDGE('',*,*,#5204,.T.);
#5204 = EDGE_CURVE('',#5182,#5132,#5205,.T.);
#5205 = SURFACE_CURVE('',#5206,(#5210,#5217),.PCURVE_S1.);
#5206 = LINE('',#5207,#5208);
#5207 = CARTESIAN_POINT('',(6.869731306304,18.439061621853,6.18581864844
    ));
#5208 = VECTOR('',#5209,1.);
#5209 = DIRECTION('',(2.22044604925E-16,-1.,0.));
#5210 = PCURVE('',#1853,#5211);
#5211 = DEFINITIONAL_REPRESENTATION('',(#5212),#5216);
#5212 = LINE('',#5213,#5214);
#5213 = CARTESIAN_POINT('',(1.105932947432,0.));
#5214 = VECTOR('',#5215,1.);
#5215 = DIRECTION('',(0.,1.));
#5216 = ( GEOMETRIC_REPRESENTATION_CONTEXT(2) 
PARAMETRIC_REPRESENTATION_CONTEXT() REPRESENTATION_CONTEXT('2D SPACE',''
  ) );
#5217 = PCURVE('',#2034,#5218);
#5218 = DEFINITIONAL_REPRESENTATION('',(#5219),#5223);
#5219 = LINE('',#5220,#5221);
#5220 = CARTESIAN_POINT('',(-25.49291435183,8.369731306304));
#5221 = VECTOR('',#5222,1.);
#5222 = DIRECTION('',(1.,0.));
#5223 = ( GEOMETRIC_REPRESENTATION_CONTEXT(2) 
PARAMETRIC_REPRESENTATION_CONTEXT() REPRESENTATION_CONTEXT('2D SPACE',''
  ) );
#5224 = ORIENTED_EDGE('',*,*,#5154,.T.);
#5225 = ADVANCED_FACE('',(#5226),#1826,.F.);
#5226 = FACE_BOUND('',#5227,.F.);
#5227 = EDGE_LOOP('',(#5228,#5229,#5230,#5231));
#5228 = ORIENTED_EDGE('',*,*,#5061,.F.);
#5229 = ORIENTED_EDGE('',*,*,#1810,.T.);
#5230 = ORIENTED_EDGE('',*,*,#5181,.T.);
#5231 = ORIENTED_EDGE('',*,*,#5232,.F.);
#5232 = EDGE_CURVE('',#5062,#5182,#5233,.T.);
#5233 = SURFACE_CURVE('',#5234,(#5238,#5245),.PCURVE_S1.);
#5234 = LINE('',#5235,#5236);
#5235 = CARTESIAN_POINT('',(-1.5,7.553909760746,6.18581864844));
#5236 = VECTOR('',#5237,1.);
#5237 = DIRECTION('',(1.,2.22044604925E-16,0.));
#5238 = PCURVE('',#1826,#5239);
#5239 = DEFINITIONAL_REPRESENTATION('',(#5240),#5244);
#5240 = LINE('',#5241,#5242);
#5241 = CARTESIAN_POINT('',(0.,-5.35));
#5242 = VECTOR('',#5243,1.);
#5243 = DIRECTION('',(0.,1.));
#5244 = ( GEOMETRIC_REPRESENTATION_CONTEXT(2) 
PARAMETRIC_REPRESENTATION_CONTEXT() REPRESENTATION_CONTEXT('2D SPACE',''
  ) );
#5245 = PCURVE('',#2034,#5246);
#5246 = DEFINITIONAL_REPRESENTATION('',(#5247),#5251);
#5247 = LINE('',#5248,#5249);
#5248 = CARTESIAN_POINT('',(-14.60776249072,0.));
#5249 = VECTOR('',#5250,1.);
#5250 = DIRECTION('',(0.,1.));
#5251 = ( GEOMETRIC_REPRESENTATION_CONTEXT(2) 
PARAMETRIC_REPRESENTATION_CONTEXT() REPRESENTATION_CONTEXT('2D SPACE',''
  ) );
#5252 = ADVANCED_FACE('',(#5253),#1910,.T.);
#5253 = FACE_BOUND('',#5254,.T.);
#5254 = EDGE_LOOP('',(#5255,#5278,#5279,#5302));
#5255 = ORIENTED_EDGE('',*,*,#5256,.T.);
#5256 = EDGE_CURVE('',#5257,#1895,#5259,.T.);
#5257 = VERTEX_POINT('',#5258);
#5258 = CARTESIAN_POINT('',(-10.65948493722,8.787970572718,
    8.418173912924));
#5259 = SURFACE_CURVE('',#5260,(#5264,#5271),.PCURVE_S1.);
#5260 = LINE('',#5261,#5262);
#5261 = CARTESIAN_POINT('',(-10.65948493722,8.787970572718,
    8.418173912924));
#5262 = VECTOR('',#5263,1.);
#5263 = DIRECTION('',(2.22044604925E-16,-1.,0.));
#5264 = PCURVE('',#1910,#5265);
#5265 = DEFINITIONAL_REPRESENTATION('',(#5266),#5270);
#5266 = LINE('',#5267,#5268);
#5267 = CARTESIAN_POINT('',(0.,-5.046021284364));
#5268 = VECTOR('',#5269,1.);
#5269 = DIRECTION('',(1.,0.));
#5270 = ( GEOMETRIC_REPRESENTATION_CONTEXT(2) 
PARAMETRIC_REPRESENTATION_CONTEXT() REPRESENTATION_CONTEXT('2D SPACE',''
  ) );
#5271 = PCURVE('',#2291,#5272);
#5272 = DEFINITIONAL_REPRESENTATION('',(#5273),#5277);
#5273 = LINE('',#5274,#5275);
#5274 = CARTESIAN_POINT('',(3.837822030691,1.803517651295));
#5275 = VECTOR('',#5276,1.);
#5276 = DIRECTION('',(0.,-1.));
#5277 = ( GEOMETRIC_REPRESENTATION_CONTEXT(2) 
PARAMETRIC_REPRESENTATION_CONTEXT() REPRESENTATION_CONTEXT('2D SPACE',''
  ) );
#5278 = ORIENTED_EDGE('',*,*,#1892,.F.);
#5279 = ORIENTED_EDGE('',*,*,#5280,.F.);
#5280 = EDGE_CURVE('',#5281,#1893,#5283,.T.);
#5281 = VERTEX_POINT('',#5282);
#5282 = CARTESIAN_POINT('',(-7.770287679233,8.787970572718,
    8.418173912924));
#5283 = SURFACE_CURVE('',#5284,(#5288,#5295),.PCURVE_S1.);
#5284 = LINE('',#5285,#5286);
#5285 = CARTESIAN_POINT('',(-7.770287679233,8.787970572718,
    8.418173912924));
#5286 = VECTOR('',#5287,1.);
#5287 = DIRECTION('',(2.22044604925E-16,-1.,0.));
#5288 = PCURVE('',#1910,#5289);
#5289 = DEFINITIONAL_REPRESENTATION('',(#5290),#5294);
#5290 = LINE('',#5291,#5292);
#5291 = CARTESIAN_POINT('',(0.,-2.156824026369));
#5292 = VECTOR('',#5293,1.);
#5293 = DIRECTION('',(1.,0.));
#5294 = ( GEOMETRIC_REPRESENTATION_CONTEXT(2) 
PARAMETRIC_REPRESENTATION_CONTEXT() REPRESENTATION_CONTEXT('2D SPACE',''
  ) );
#5295 = PCURVE('',#1938,#5296);
#5296 = DEFINITIONAL_REPRESENTATION('',(#5297),#5301);
#5297 = LINE('',#5298,#5299);
#5298 = CARTESIAN_POINT('',(3.837822030691,1.803517651295));
#5299 = VECTOR('',#5300,1.);
#5300 = DIRECTION('',(0.,-1.));
#5301 = ( GEOMETRIC_REPRESENTATION_CONTEXT(2) 
PARAMETRIC_REPRESENTATION_CONTEXT() REPRESENTATION_CONTEXT('2D SPACE',''
  ) );
#5302 = ORIENTED_EDGE('',*,*,#5303,.T.);
#5303 = EDGE_CURVE('',#5281,#5257,#5304,.T.);
#5304 = SURFACE_CURVE('',#5305,(#5309,#5316),.PCURVE_S1.);
#5305 = LINE('',#5306,#5307);
#5306 = CARTESIAN_POINT('',(-5.613463652863,8.787970572718,
    8.418173912924));
#5307 = VECTOR('',#5308,1.);
#5308 = DIRECTION('',(-1.,-2.22044604925E-16,0.));
#5309 = PCURVE('',#1910,#5310);
#5310 = DEFINITIONAL_REPRESENTATION('',(#5311),#5315);
#5311 = LINE('',#5312,#5313);
#5312 = CARTESIAN_POINT('',(0.,0.));
#5313 = VECTOR('',#5314,1.);
#5314 = DIRECTION('',(0.,-1.));
#5315 = ( GEOMETRIC_REPRESENTATION_CONTEXT(2) 
PARAMETRIC_REPRESENTATION_CONTEXT() REPRESENTATION_CONTEXT('2D SPACE',''
  ) );
#5316 = PCURVE('',#5317,#5322);
#5317 = PLANE('',#5318);
#5318 = AXIS2_PLACEMENT_3D('',#5319,#5320,#5321);
#5319 = CARTESIAN_POINT('',(-5.613463652863,9.599891043983,
    11.585560691663));
#5320 = DIRECTION('',(2.150903424554E-16,-0.968680786133,0.248309352575)
  );
#5321 = DIRECTION('',(5.513575209167E-17,-0.248309352575,-0.968680786133
    ));
#5322 = DEFINITIONAL_REPRESENTATION('',(#5323),#5327);
#5323 = LINE('',#5324,#5325);
#5324 = CARTESIAN_POINT('',(3.269794161379,0.));
#5325 = VECTOR('',#5326,1.);
#5326 = DIRECTION('',(0.,-1.));
#5327 = ( GEOMETRIC_REPRESENTATION_CONTEXT(2) 
PARAMETRIC_REPRESENTATION_CONTEXT() REPRESENTATION_CONTEXT('2D SPACE',''
  ) );
#5328 = ADVANCED_FACE('',(#5329),#2291,.F.);
#5329 = FACE_BOUND('',#5330,.T.);
#5330 = EDGE_LOOP('',(#5331,#5361,#5389,#5417,#5446,#5474,#5502,#5523,
    #5524,#5525,#5548,#5581,#5609,#5637,#5665,#5693,#5721,#5749,#5777,
    #5805,#5833,#5861,#5889,#5917,#5945,#5973,#6001,#6029,#6057));
#5331 = ORIENTED_EDGE('',*,*,#5332,.T.);
#5332 = EDGE_CURVE('',#5333,#5335,#5337,.T.);
#5333 = VERTEX_POINT('',#5334);
#5334 = CARTESIAN_POINT('',(-10.65948493722,10.334835575785,
    13.064621457574));
#5335 = VERTEX_POINT('',#5336);
#5336 = CARTESIAN_POINT('',(-10.65948493722,10.241633818193,
    12.837597600218));
#5337 = SURFACE_CURVE('',#5338,(#5342,#5349),.PCURVE_S1.);
#5338 = LINE('',#5339,#5340);
#5339 = CARTESIAN_POINT('',(-10.65948493722,10.366424780898,
    13.141567465685));
#5340 = VECTOR('',#5341,1.);
#5341 = DIRECTION('',(8.432782086103E-17,-0.379778742607,-0.925077351719
    ));
#5342 = PCURVE('',#2291,#5343);
#5343 = DEFINITIONAL_REPRESENTATION('',(#5344),#5348);
#5344 = LINE('',#5345,#5346);
#5345 = CARTESIAN_POINT('',(-0.88557152207,3.381971859475));
#5346 = VECTOR('',#5347,1.);
#5347 = DIRECTION('',(0.925077351719,-0.379778742607));
#5348 = ( GEOMETRIC_REPRESENTATION_CONTEXT(2) 
PARAMETRIC_REPRESENTATION_CONTEXT() REPRESENTATION_CONTEXT('2D SPACE',''
  ) );
#5349 = PCURVE('',#5350,#5355);
#5350 = PLANE('',#5351);
#5351 = AXIS2_PLACEMENT_3D('',#5352,#5353,#5354);
#5352 = CARTESIAN_POINT('',(17.716040468236,10.366424780898,
    13.141567465685));
#5353 = DIRECTION('',(-2.054084350876E-16,0.925077351719,-0.379778742607
    ));
#5354 = DIRECTION('',(-8.432782086103E-17,0.379778742607,0.925077351719)
  );
#5355 = DEFINITIONAL_REPRESENTATION('',(#5356),#5360);
#5356 = LINE('',#5357,#5358);
#5357 = CARTESIAN_POINT('',(0.,-28.37552540546));
#5358 = VECTOR('',#5359,1.);
#5359 = DIRECTION('',(-1.,0.));
#5360 = ( GEOMETRIC_REPRESENTATION_CONTEXT(2) 
PARAMETRIC_REPRESENTATION_CONTEXT() REPRESENTATION_CONTEXT('2D SPACE',''
  ) );
#5361 = ORIENTED_EDGE('',*,*,#5362,.T.);
#5362 = EDGE_CURVE('',#5335,#5363,#5365,.T.);
#5363 = VERTEX_POINT('',#5364);
#5364 = CARTESIAN_POINT('',(-10.65948493722,10.408447671821,
    12.789588359756));
#5365 = SURFACE_CURVE('',#5366,(#5370,#5377),.PCURVE_S1.);
#5366 = LINE('',#5367,#5368);
#5367 = CARTESIAN_POINT('',(-10.65948493722,10.241633818193,
    12.837597600218));
#5368 = VECTOR('',#5369,1.);
#5369 = DIRECTION('',(-2.13383173943E-16,0.960992382657,-0.276574837025)
  );
#5370 = PCURVE('',#2291,#5371);
#5371 = DEFINITIONAL_REPRESENTATION('',(#5372),#5376);
#5372 = LINE('',#5373,#5374);
#5373 = CARTESIAN_POINT('',(-0.581601656603,3.25718089677));
#5374 = VECTOR('',#5375,1.);
#5375 = DIRECTION('',(0.276574837025,0.960992382657));
#5376 = ( GEOMETRIC_REPRESENTATION_CONTEXT(2) 
PARAMETRIC_REPRESENTATION_CONTEXT() REPRESENTATION_CONTEXT('2D SPACE',''
  ) );
#5377 = PCURVE('',#5378,#5383);
#5378 = PLANE('',#5379);
#5379 = AXIS2_PLACEMENT_3D('',#5380,#5381,#5382);
#5380 = CARTESIAN_POINT('',(17.716040468236,10.241633818193,
    12.837597600218));
#5381 = DIRECTION('',(-6.141195041948E-17,0.276574837025,0.960992382657)
  );
#5382 = DIRECTION('',(2.13383173943E-16,-0.960992382657,0.276574837025)
  );
#5383 = DEFINITIONAL_REPRESENTATION('',(#5384),#5388);
#5384 = LINE('',#5385,#5386);
#5385 = CARTESIAN_POINT('',(0.,-28.37552540546));
#5386 = VECTOR('',#5387,1.);
#5387 = DIRECTION('',(-1.,0.));
#5388 = ( GEOMETRIC_REPRESENTATION_CONTEXT(2) 
PARAMETRIC_REPRESENTATION_CONTEXT() REPRESENTATION_CONTEXT('2D SPACE',''
  ) );
#5389 = ORIENTED_EDGE('',*,*,#5390,.F.);
#5390 = EDGE_CURVE('',#5391,#5363,#5393,.T.);
#5391 = VERTEX_POINT('',#5392);
#5392 = CARTESIAN_POINT('',(-10.65948493722,10.423406909085,
    12.733696929039));
#5393 = SURFACE_CURVE('',#5394,(#5398,#5405),.PCURVE_S1.);
#5394 = LINE('',#5395,#5396);
#5395 = CARTESIAN_POINT('',(-10.65948493722,10.423406909085,
    12.733696929039));
#5396 = VECTOR('',#5397,1.);
#5397 = DIRECTION('',(5.740912107976E-17,-0.258547696302,0.965998493134)
  );
#5398 = PCURVE('',#2291,#5399);
#5399 = DEFINITIONAL_REPRESENTATION('',(#5400),#5404);
#5400 = LINE('',#5401,#5402);
#5401 = CARTESIAN_POINT('',(-0.477700985423,3.438953987662));
#5402 = VECTOR('',#5403,1.);
#5403 = DIRECTION('',(-0.965998493134,-0.258547696302));
#5404 = ( GEOMETRIC_REPRESENTATION_CONTEXT(2) 
PARAMETRIC_REPRESENTATION_CONTEXT() REPRESENTATION_CONTEXT('2D SPACE',''
  ) );
#5405 = PCURVE('',#5406,#5411);
#5406 = PLANE('',#5407);
#5407 = AXIS2_PLACEMENT_3D('',#5408,#5409,#5410);
#5408 = CARTESIAN_POINT('',(-5.613463652863,10.423406909085,
    12.733696929039));
#5409 = DIRECTION('',(-2.144947537661E-16,0.965998493134,0.258547696302)
  );
#5410 = DIRECTION('',(5.740912107976E-17,-0.258547696302,0.965998493134)
  );
#5411 = DEFINITIONAL_REPRESENTATION('',(#5412),#5416);
#5412 = LINE('',#5413,#5414);
#5413 = CARTESIAN_POINT('',(0.,-5.046021284364));
#5414 = VECTOR('',#5415,1.);
#5415 = DIRECTION('',(1.,0.));
#5416 = ( GEOMETRIC_REPRESENTATION_CONTEXT(2) 
PARAMETRIC_REPRESENTATION_CONTEXT() REPRESENTATION_CONTEXT('2D SPACE',''
  ) );
#5417 = ORIENTED_EDGE('',*,*,#5418,.F.);
#5418 = EDGE_CURVE('',#5419,#5391,#5421,.T.);
#5419 = VERTEX_POINT('',#5420);
#5420 = CARTESIAN_POINT('',(-10.65948493722,10.409890410797,
    11.288866089054));
#5421 = SURFACE_CURVE('',#5422,(#5427,#5434),.PCURVE_S1.);
#5422 = CIRCLE('',#5423,2.7);
#5423 = AXIS2_PLACEMENT_3D('',#5424,#5425,#5426);
#5424 = CARTESIAN_POINT('',(-10.65948493722,7.815210977623,
    12.035618149022));
#5425 = DIRECTION('',(1.,2.22044604925E-16,0.));
#5426 = DIRECTION('',(2.22044604925E-16,-1.,0.));
#5427 = PCURVE('',#2291,#5428);
#5428 = DEFINITIONAL_REPRESENTATION('',(#5429),#5433);
#5429 = CIRCLE('',#5430,2.7);
#5430 = AXIS2_PLACEMENT_2D('',#5431,#5432);
#5431 = CARTESIAN_POINT('',(0.220377794593,0.830758056201));
#5432 = DIRECTION('',(0.,-1.));
#5433 = ( GEOMETRIC_REPRESENTATION_CONTEXT(2) 
PARAMETRIC_REPRESENTATION_CONTEXT() REPRESENTATION_CONTEXT('2D SPACE',''
  ) );
#5434 = PCURVE('',#5435,#5440);
#5435 = CYLINDRICAL_SURFACE('',#5436,2.7);
#5436 = AXIS2_PLACEMENT_3D('',#5437,#5438,#5439);
#5437 = CARTESIAN_POINT('',(-5.613463652863,7.815210977623,
    12.035618149022));
#5438 = DIRECTION('',(-1.,-2.22044604925E-16,0.));
#5439 = DIRECTION('',(0.,0.,1.));
#5440 = DEFINITIONAL_REPRESENTATION('',(#5441),#5445);
#5441 = LINE('',#5442,#5443);
#5442 = CARTESIAN_POINT('',(4.712388980385,5.046021284364));
#5443 = VECTOR('',#5444,1.);
#5444 = DIRECTION('',(-1.,0.));
#5445 = ( GEOMETRIC_REPRESENTATION_CONTEXT(2) 
PARAMETRIC_REPRESENTATION_CONTEXT() REPRESENTATION_CONTEXT('2D SPACE',''
  ) );
#5446 = ORIENTED_EDGE('',*,*,#5447,.F.);
#5447 = EDGE_CURVE('',#5448,#5419,#5450,.T.);
#5448 = VERTEX_POINT('',#5449);
#5449 = CARTESIAN_POINT('',(-10.65948493722,9.282466122857,
    7.371495425888));
#5450 = SURFACE_CURVE('',#5451,(#5455,#5462),.PCURVE_S1.);
#5451 = LINE('',#5452,#5453);
#5452 = CARTESIAN_POINT('',(-10.65948493722,9.282466122857,
    7.371495425888));
#5453 = VECTOR('',#5454,1.);
#5454 = DIRECTION('',(-6.141195041947E-17,0.276574837025,0.960992382657)
  );
#5455 = PCURVE('',#2291,#5456);
#5456 = DEFINITIONAL_REPRESENTATION('',(#5457),#5461);
#5457 = LINE('',#5458,#5459);
#5458 = CARTESIAN_POINT('',(4.884500517728,2.298013201434));
#5459 = VECTOR('',#5460,1.);
#5460 = DIRECTION('',(-0.960992382657,0.276574837025));
#5461 = ( GEOMETRIC_REPRESENTATION_CONTEXT(2) 
PARAMETRIC_REPRESENTATION_CONTEXT() REPRESENTATION_CONTEXT('2D SPACE',''
  ) );
#5462 = PCURVE('',#5463,#5468);
#5463 = PLANE('',#5464);
#5464 = AXIS2_PLACEMENT_3D('',#5465,#5466,#5467);
#5465 = CARTESIAN_POINT('',(-5.613463652863,9.282466122857,
    7.371495425888));
#5466 = DIRECTION('',(-2.13383173943E-16,0.960992382657,-0.276574837025)
  );
#5467 = DIRECTION('',(-6.141195041947E-17,0.276574837025,0.960992382657)
  );
#5468 = DEFINITIONAL_REPRESENTATION('',(#5469),#5473);
#5469 = LINE('',#5470,#5471);
#5470 = CARTESIAN_POINT('',(0.,-5.046021284364));
#5471 = VECTOR('',#5472,1.);
#5472 = DIRECTION('',(1.,0.));
#5473 = ( GEOMETRIC_REPRESENTATION_CONTEXT(2) 
PARAMETRIC_REPRESENTATION_CONTEXT() REPRESENTATION_CONTEXT('2D SPACE',''
  ) );
#5474 = ORIENTED_EDGE('',*,*,#5475,.F.);
#5475 = EDGE_CURVE('',#5476,#5448,#5478,.T.);
#5476 = VERTEX_POINT('',#5477);
#5477 = CARTESIAN_POINT('',(-10.65948493722,9.282466122857,
    6.029325323827));
#5478 = SURFACE_CURVE('',#5479,(#5483,#5490),.PCURVE_S1.);
#5479 = LINE('',#5480,#5481);
#5480 = CARTESIAN_POINT('',(-10.65948493722,9.282466122857,
    5.959205082588));
#5481 = VECTOR('',#5482,1.);
#5482 = DIRECTION('',(0.,0.,1.));
#5483 = PCURVE('',#2291,#5484);
#5484 = DEFINITIONAL_REPRESENTATION('',(#5485),#5489);
#5485 = LINE('',#5486,#5487);
#5486 = CARTESIAN_POINT('',(6.296790861027,2.298013201434));
#5487 = VECTOR('',#5488,1.);
#5488 = DIRECTION('',(-1.,0.));
#5489 = ( GEOMETRIC_REPRESENTATION_CONTEXT(2) 
PARAMETRIC_REPRESENTATION_CONTEXT() REPRESENTATION_CONTEXT('2D SPACE',''
  ) );
#5490 = PCURVE('',#5491,#5496);
#5491 = PLANE('',#5492);
#5492 = AXIS2_PLACEMENT_3D('',#5493,#5494,#5495);
#5493 = CARTESIAN_POINT('',(-5.613463652863,9.282466122857,
    5.959205082588));
#5494 = DIRECTION('',(-2.22044604925E-16,1.,0.));
#5495 = DIRECTION('',(0.,0.,1.));
#5496 = DEFINITIONAL_REPRESENTATION('',(#5497),#5501);
#5497 = LINE('',#5498,#5499);
#5498 = CARTESIAN_POINT('',(0.,-5.046021284364));
#5499 = VECTOR('',#5500,1.);
#5500 = DIRECTION('',(1.,0.));
#5501 = ( GEOMETRIC_REPRESENTATION_CONTEXT(2) 
PARAMETRIC_REPRESENTATION_CONTEXT() REPRESENTATION_CONTEXT('2D SPACE',''
  ) );
#5502 = ORIENTED_EDGE('',*,*,#5503,.F.);
#5503 = EDGE_CURVE('',#2250,#5476,#5504,.T.);
#5504 = SURFACE_CURVE('',#5505,(#5509,#5516),.PCURVE_S1.);
#5505 = LINE('',#5506,#5507);
#5506 = CARTESIAN_POINT('',(-10.65948493722,-29.56570086721,
    6.029325323827));
#5507 = VECTOR('',#5508,1.);
#5508 = DIRECTION('',(-2.22044604925E-16,1.,0.));
#5509 = PCURVE('',#2291,#5510);
#5510 = DEFINITIONAL_REPRESENTATION('',(#5511),#5515);
#5511 = LINE('',#5512,#5513);
#5512 = CARTESIAN_POINT('',(6.226670619789,-36.55015378863));
#5513 = VECTOR('',#5514,1.);
#5514 = DIRECTION('',(0.,1.));
#5515 = ( GEOMETRIC_REPRESENTATION_CONTEXT(2) 
PARAMETRIC_REPRESENTATION_CONTEXT() REPRESENTATION_CONTEXT('2D SPACE',''
  ) );
#5516 = PCURVE('',#2265,#5517);
#5517 = DEFINITIONAL_REPRESENTATION('',(#5518),#5522);
#5518 = LINE('',#5519,#5520);
#5519 = CARTESIAN_POINT('',(0.,-5.046021284364));
#5520 = VECTOR('',#5521,1.);
#5521 = DIRECTION('',(-1.,0.));
#5522 = ( GEOMETRIC_REPRESENTATION_CONTEXT(2) 
PARAMETRIC_REPRESENTATION_CONTEXT() REPRESENTATION_CONTEXT('2D SPACE',''
  ) );
#5523 = ORIENTED_EDGE('',*,*,#2277,.T.);
#5524 = ORIENTED_EDGE('',*,*,#5256,.F.);
#5525 = ORIENTED_EDGE('',*,*,#5526,.F.);
#5526 = EDGE_CURVE('',#5527,#5257,#5529,.T.);
#5527 = VERTEX_POINT('',#5528);
#5528 = CARTESIAN_POINT('',(-10.65948493722,9.599891043983,
    11.585560691663));
#5529 = SURFACE_CURVE('',#5530,(#5534,#5541),.PCURVE_S1.);
#5530 = LINE('',#5531,#5532);
#5531 = CARTESIAN_POINT('',(-10.65948493722,9.599891043983,
    11.585560691663));
#5532 = VECTOR('',#5533,1.);
#5533 = DIRECTION('',(5.513575209167E-17,-0.248309352575,-0.968680786133
    ));
#5534 = PCURVE('',#2291,#5535);
#5535 = DEFINITIONAL_REPRESENTATION('',(#5536),#5540);
#5536 = LINE('',#5537,#5538);
#5537 = CARTESIAN_POINT('',(0.670435251952,2.61543812256));
#5538 = VECTOR('',#5539,1.);
#5539 = DIRECTION('',(0.968680786133,-0.248309352575));
#5540 = ( GEOMETRIC_REPRESENTATION_CONTEXT(2) 
PARAMETRIC_REPRESENTATION_CONTEXT() REPRESENTATION_CONTEXT('2D SPACE',''
  ) );
#5541 = PCURVE('',#5317,#5542);
#5542 = DEFINITIONAL_REPRESENTATION('',(#5543),#5547);
#5543 = LINE('',#5544,#5545);
#5544 = CARTESIAN_POINT('',(0.,-5.046021284364));
#5545 = VECTOR('',#5546,1.);
#5546 = DIRECTION('',(1.,0.));
#5547 = ( GEOMETRIC_REPRESENTATION_CONTEXT(2) 
PARAMETRIC_REPRESENTATION_CONTEXT() REPRESENTATION_CONTEXT('2D SPACE',''
  ) );
#5548 = ORIENTED_EDGE('',*,*,#5549,.F.);
#5549 = EDGE_CURVE('',#5550,#5527,#5552,.T.);
#5550 = VERTEX_POINT('',#5551);
#5551 = CARTESIAN_POINT('',(-10.65948493722,9.592648852884,
    12.954074723632));
#5552 = SURFACE_CURVE('',#5553,(#5558,#5569),.PCURVE_S1.);
#5553 = CIRCLE('',#5554,2.7);
#5554 = AXIS2_PLACEMENT_3D('',#5555,#5556,#5557);
#5555 = CARTESIAN_POINT('',(-10.65948493722,6.984452921423,
    12.255995943615));
#5556 = DIRECTION('',(-1.,-2.22044604925E-16,0.));
#5557 = DIRECTION('',(2.22044604925E-16,-1.,0.));
#5558 = PCURVE('',#2291,#5559);
#5559 = DEFINITIONAL_REPRESENTATION('',(#5560),#5568);
#5560 = ( BOUNDED_CURVE() B_SPLINE_CURVE(2,(#5561,#5562,#5563,#5564,
#5565,#5566,#5567),.UNSPECIFIED.,.T.,.F.) B_SPLINE_CURVE_WITH_KNOTS((1,2
    ,2,2,2,1),(-2.094395102393,0.,2.094395102393,4.188790204786,
6.28318530718,8.377580409573),.UNSPECIFIED.) CURVE() 
GEOMETRIC_REPRESENTATION_ITEM() RATIONAL_B_SPLINE_CURVE((1.,0.5,1.,0.5,
1.,0.5,1.)) REPRESENTATION_ITEM('') );
#5561 = CARTESIAN_POINT('',(0.,-2.7));
#5562 = CARTESIAN_POINT('',(-4.676537180436,-2.7));
#5563 = CARTESIAN_POINT('',(-2.338268590218,1.35));
#5564 = CARTESIAN_POINT('',(-6.613092715396E-16,5.4));
#5565 = CARTESIAN_POINT('',(2.338268590218,1.35));
#5566 = CARTESIAN_POINT('',(4.676537180436,-2.7));
#5567 = CARTESIAN_POINT('',(0.,-2.7));
#5568 = ( GEOMETRIC_REPRESENTATION_CONTEXT(2) 
PARAMETRIC_REPRESENTATION_CONTEXT() REPRESENTATION_CONTEXT('2D SPACE',''
  ) );
#5569 = PCURVE('',#5570,#5575);
#5570 = CYLINDRICAL_SURFACE('',#5571,2.7);
#5571 = AXIS2_PLACEMENT_3D('',#5572,#5573,#5574);
#5572 = CARTESIAN_POINT('',(-5.613463652863,6.984452921423,
    12.255995943615));
#5573 = DIRECTION('',(-1.,-2.22044604925E-16,0.));
#5574 = DIRECTION('',(0.,0.,1.));
#5575 = DEFINITIONAL_REPRESENTATION('',(#5576),#5580);
#5576 = LINE('',#5577,#5578);
#5577 = CARTESIAN_POINT('',(-1.570796326795,5.046021284364));
#5578 = VECTOR('',#5579,1.);
#5579 = DIRECTION('',(1.,0.));
#5580 = ( GEOMETRIC_REPRESENTATION_CONTEXT(2) 
PARAMETRIC_REPRESENTATION_CONTEXT() REPRESENTATION_CONTEXT('2D SPACE',''
  ) );
#5581 = ORIENTED_EDGE('',*,*,#5582,.F.);
#5582 = EDGE_CURVE('',#5583,#5550,#5585,.T.);
#5583 = VERTEX_POINT('',#5584);
#5584 = CARTESIAN_POINT('',(-10.65948493722,8.787970572718,
    15.960552898509));
#5585 = SURFACE_CURVE('',#5586,(#5590,#5597),.PCURVE_S1.);
#5586 = LINE('',#5587,#5588);
#5587 = CARTESIAN_POINT('',(-10.65948493722,8.787970572718,
    15.960552898509));
#5588 = VECTOR('',#5589,1.);
#5589 = DIRECTION('',(-5.740912107976E-17,0.258547696302,-0.965998493134
    ));
#5590 = PCURVE('',#2291,#5591);
#5591 = DEFINITIONAL_REPRESENTATION('',(#5592),#5596);
#5592 = LINE('',#5593,#5594);
#5593 = CARTESIAN_POINT('',(-3.704556954894,1.803517651295));
#5594 = VECTOR('',#5595,1.);
#5595 = DIRECTION('',(0.965998493134,0.258547696302));
#5596 = ( GEOMETRIC_REPRESENTATION_CONTEXT(2) 
PARAMETRIC_REPRESENTATION_CONTEXT() REPRESENTATION_CONTEXT('2D SPACE',''
  ) );
#5597 = PCURVE('',#5598,#5603);
#5598 = PLANE('',#5599);
#5599 = AXIS2_PLACEMENT_3D('',#5600,#5601,#5602);
#5600 = CARTESIAN_POINT('',(-5.613463652863,8.787970572718,
    15.960552898509));
#5601 = DIRECTION('',(2.144947537661E-16,-0.965998493134,-0.258547696302
    ));
#5602 = DIRECTION('',(-5.740912107976E-17,0.258547696302,-0.965998493134
    ));
#5603 = DEFINITIONAL_REPRESENTATION('',(#5604),#5608);
#5604 = LINE('',#5605,#5606);
#5605 = CARTESIAN_POINT('',(-0.,-5.046021284364));
#5606 = VECTOR('',#5607,1.);
#5607 = DIRECTION('',(1.,0.));
#5608 = ( GEOMETRIC_REPRESENTATION_CONTEXT(2) 
PARAMETRIC_REPRESENTATION_CONTEXT() REPRESENTATION_CONTEXT('2D SPACE',''
  ) );
#5609 = ORIENTED_EDGE('',*,*,#5610,.F.);
#5610 = EDGE_CURVE('',#5611,#5583,#5613,.T.);
#5611 = VERTEX_POINT('',#5612);
#5612 = CARTESIAN_POINT('',(-10.65948493722,9.559744922926,
    15.960552898509));
#5613 = SURFACE_CURVE('',#5614,(#5618,#5625),.PCURVE_S1.);
#5614 = LINE('',#5615,#5616);
#5615 = CARTESIAN_POINT('',(-10.65948493722,9.559744922926,
    15.960552898509));
#5616 = VECTOR('',#5617,1.);
#5617 = DIRECTION('',(2.22044604925E-16,-1.,-5.619270307147E-16));
#5618 = PCURVE('',#2291,#5619);
#5619 = DEFINITIONAL_REPRESENTATION('',(#5620),#5624);
#5620 = LINE('',#5621,#5622);
#5621 = CARTESIAN_POINT('',(-3.704556954894,2.575292001503));
#5622 = VECTOR('',#5623,1.);
#5623 = DIRECTION('',(5.619270307147E-16,-1.));
#5624 = ( GEOMETRIC_REPRESENTATION_CONTEXT(2) 
PARAMETRIC_REPRESENTATION_CONTEXT() REPRESENTATION_CONTEXT('2D SPACE',''
  ) );
#5625 = PCURVE('',#5626,#5631);
#5626 = PLANE('',#5627);
#5627 = AXIS2_PLACEMENT_3D('',#5628,#5629,#5630);
#5628 = CARTESIAN_POINT('',(-5.613463652863,9.559744922926,
    15.960552898509));
#5629 = DIRECTION('',(1.247728655317E-31,-5.619270307147E-16,1.));
#5630 = DIRECTION('',(2.22044604925E-16,-1.,-5.619270307147E-16));
#5631 = DEFINITIONAL_REPRESENTATION('',(#5632),#5636);
#5632 = LINE('',#5633,#5634);
#5633 = CARTESIAN_POINT('',(0.,-5.046021284364));
#5634 = VECTOR('',#5635,1.);
#5635 = DIRECTION('',(1.,0.));
#5636 = ( GEOMETRIC_REPRESENTATION_CONTEXT(2) 
PARAMETRIC_REPRESENTATION_CONTEXT() REPRESENTATION_CONTEXT('2D SPACE',''
  ) );
#5637 = ORIENTED_EDGE('',*,*,#5638,.F.);
#5638 = EDGE_CURVE('',#5639,#5611,#5641,.T.);
#5639 = VERTEX_POINT('',#5640);
#5640 = CARTESIAN_POINT('',(-10.65948493722,9.621204823817,
    15.730923423953));
#5641 = SURFACE_CURVE('',#5642,(#5646,#5653),.PCURVE_S1.);
#5642 = LINE('',#5643,#5644);
#5643 = CARTESIAN_POINT('',(-10.65948493722,10.423406909085,
    12.733696929039));
#5644 = VECTOR('',#5645,1.);
#5645 = DIRECTION('',(5.740912107976E-17,-0.258547696302,0.965998493134)
  );
#5646 = PCURVE('',#2291,#5647);
#5647 = DEFINITIONAL_REPRESENTATION('',(#5648),#5652);
#5648 = LINE('',#5649,#5650);
#5649 = CARTESIAN_POINT('',(-0.477700985423,3.438953987662));
#5650 = VECTOR('',#5651,1.);
#5651 = DIRECTION('',(-0.965998493134,-0.258547696302));
#5652 = ( GEOMETRIC_REPRESENTATION_CONTEXT(2) 
PARAMETRIC_REPRESENTATION_CONTEXT() REPRESENTATION_CONTEXT('2D SPACE',''
  ) );
#5653 = PCURVE('',#5654,#5659);
#5654 = PLANE('',#5655);
#5655 = AXIS2_PLACEMENT_3D('',#5656,#5657,#5658);
#5656 = CARTESIAN_POINT('',(-5.613463652863,10.423406909085,
    12.733696929039));
#5657 = DIRECTION('',(-2.144947537661E-16,0.965998493134,0.258547696302)
  );
#5658 = DIRECTION('',(5.740912107976E-17,-0.258547696302,0.965998493134)
  );
#5659 = DEFINITIONAL_REPRESENTATION('',(#5660),#5664);
#5660 = LINE('',#5661,#5662);
#5661 = CARTESIAN_POINT('',(0.,-5.046021284364));
#5662 = VECTOR('',#5663,1.);
#5663 = DIRECTION('',(1.,0.));
#5664 = ( GEOMETRIC_REPRESENTATION_CONTEXT(2) 
PARAMETRIC_REPRESENTATION_CONTEXT() REPRESENTATION_CONTEXT('2D SPACE',''
  ) );
#5665 = ORIENTED_EDGE('',*,*,#5666,.T.);
#5666 = EDGE_CURVE('',#5639,#5667,#5669,.T.);
#5667 = VERTEX_POINT('',#5668);
#5668 = CARTESIAN_POINT('',(-10.65948493722,9.496413861113,
    15.426953558486));
#5669 = SURFACE_CURVE('',#5670,(#5674,#5681),.PCURVE_S1.);
#5670 = LINE('',#5671,#5672);
#5671 = CARTESIAN_POINT('',(-10.65948493722,9.621204823817,
    15.730923423953));
#5672 = VECTOR('',#5673,1.);
#5673 = DIRECTION('',(8.432782086103E-17,-0.379778742607,-0.925077351719
    ));
#5674 = PCURVE('',#2291,#5675);
#5675 = DEFINITIONAL_REPRESENTATION('',(#5676),#5680);
#5676 = LINE('',#5677,#5678);
#5677 = CARTESIAN_POINT('',(-3.474927480338,2.636751902395));
#5678 = VECTOR('',#5679,1.);
#5679 = DIRECTION('',(0.925077351719,-0.379778742607));
#5680 = ( GEOMETRIC_REPRESENTATION_CONTEXT(2) 
PARAMETRIC_REPRESENTATION_CONTEXT() REPRESENTATION_CONTEXT('2D SPACE',''
  ) );
#5681 = PCURVE('',#5682,#5687);
#5682 = PLANE('',#5683);
#5683 = AXIS2_PLACEMENT_3D('',#5684,#5685,#5686);
#5684 = CARTESIAN_POINT('',(17.716040468236,9.621204823817,
    15.730923423953));
#5685 = DIRECTION('',(-2.054084350876E-16,0.925077351719,-0.379778742607
    ));
#5686 = DIRECTION('',(-8.432782086103E-17,0.379778742607,0.925077351719)
  );
#5687 = DEFINITIONAL_REPRESENTATION('',(#5688),#5692);
#5688 = LINE('',#5689,#5690);
#5689 = CARTESIAN_POINT('',(0.,-28.37552540546));
#5690 = VECTOR('',#5691,1.);
#5691 = DIRECTION('',(-1.,0.));
#5692 = ( GEOMETRIC_REPRESENTATION_CONTEXT(2) 
PARAMETRIC_REPRESENTATION_CONTEXT() REPRESENTATION_CONTEXT('2D SPACE',''
  ) );
#5693 = ORIENTED_EDGE('',*,*,#5694,.T.);
#5694 = EDGE_CURVE('',#5667,#5695,#5697,.T.);
#5695 = VERTEX_POINT('',#5696);
#5696 = CARTESIAN_POINT('',(-10.65948493722,9.719766530898,
    15.36267237441));
#5697 = SURFACE_CURVE('',#5698,(#5702,#5709),.PCURVE_S1.);
#5698 = LINE('',#5699,#5700);
#5699 = CARTESIAN_POINT('',(-10.65948493722,9.496413861113,
    15.426953558486));
#5700 = VECTOR('',#5701,1.);
#5701 = DIRECTION('',(-2.13383173943E-16,0.960992382657,-0.276574837025)
  );
#5702 = PCURVE('',#2291,#5703);
#5703 = DEFINITIONAL_REPRESENTATION('',(#5704),#5708);
#5704 = LINE('',#5705,#5706);
#5705 = CARTESIAN_POINT('',(-3.17095761487,2.51196093969));
#5706 = VECTOR('',#5707,1.);
#5707 = DIRECTION('',(0.276574837025,0.960992382657));
#5708 = ( GEOMETRIC_REPRESENTATION_CONTEXT(2) 
PARAMETRIC_REPRESENTATION_CONTEXT() REPRESENTATION_CONTEXT('2D SPACE',''
  ) );
#5709 = PCURVE('',#5710,#5715);
#5710 = PLANE('',#5711);
#5711 = AXIS2_PLACEMENT_3D('',#5712,#5713,#5714);
#5712 = CARTESIAN_POINT('',(17.716040468236,9.496413861113,
    15.426953558486));
#5713 = DIRECTION('',(-6.141195041948E-17,0.276574837025,0.960992382657)
  );
#5714 = DIRECTION('',(2.13383173943E-16,-0.960992382657,0.276574837025)
  );
#5715 = DEFINITIONAL_REPRESENTATION('',(#5716),#5720);
#5716 = LINE('',#5717,#5718);
#5717 = CARTESIAN_POINT('',(0.,-28.37552540546));
#5718 = VECTOR('',#5719,1.);
#5719 = DIRECTION('',(-1.,0.));
#5720 = ( GEOMETRIC_REPRESENTATION_CONTEXT(2) 
PARAMETRIC_REPRESENTATION_CONTEXT() REPRESENTATION_CONTEXT('2D SPACE',''
  ) );
#5721 = ORIENTED_EDGE('',*,*,#5722,.F.);
#5722 = EDGE_CURVE('',#5723,#5695,#5725,.T.);
#5723 = VERTEX_POINT('',#5724);
#5724 = CARTESIAN_POINT('',(-10.65948493722,9.763930974211,
    15.197663030677));
#5725 = SURFACE_CURVE('',#5726,(#5730,#5737),.PCURVE_S1.);
#5726 = LINE('',#5727,#5728);
#5727 = CARTESIAN_POINT('',(-10.65948493722,10.423406909085,
    12.733696929039));
#5728 = VECTOR('',#5729,1.);
#5729 = DIRECTION('',(5.740912107976E-17,-0.258547696302,0.965998493134)
  );
#5730 = PCURVE('',#2291,#5731);
#5731 = DEFINITIONAL_REPRESENTATION('',(#5732),#5736);
#5732 = LINE('',#5733,#5734);
#5733 = CARTESIAN_POINT('',(-0.477700985423,3.438953987662));
#5734 = VECTOR('',#5735,1.);
#5735 = DIRECTION('',(-0.965998493134,-0.258547696302));
#5736 = ( GEOMETRIC_REPRESENTATION_CONTEXT(2) 
PARAMETRIC_REPRESENTATION_CONTEXT() REPRESENTATION_CONTEXT('2D SPACE',''
  ) );
#5737 = PCURVE('',#5738,#5743);
#5738 = PLANE('',#5739);
#5739 = AXIS2_PLACEMENT_3D('',#5740,#5741,#5742);
#5740 = CARTESIAN_POINT('',(-5.613463652863,10.423406909085,
    12.733696929039));
#5741 = DIRECTION('',(-2.144947537661E-16,0.965998493134,0.258547696302)
  );
#5742 = DIRECTION('',(5.740912107976E-17,-0.258547696302,0.965998493134)
  );
#5743 = DEFINITIONAL_REPRESENTATION('',(#5744),#5748);
#5744 = LINE('',#5745,#5746);
#5745 = CARTESIAN_POINT('',(0.,-5.046021284364));
#5746 = VECTOR('',#5747,1.);
#5747 = DIRECTION('',(1.,0.));
#5748 = ( GEOMETRIC_REPRESENTATION_CONTEXT(2) 
PARAMETRIC_REPRESENTATION_CONTEXT() REPRESENTATION_CONTEXT('2D SPACE',''
  ) );
#5749 = ORIENTED_EDGE('',*,*,#5750,.T.);
#5750 = EDGE_CURVE('',#5723,#5751,#5753,.T.);
#5751 = VERTEX_POINT('',#5752);
#5752 = CARTESIAN_POINT('',(-10.65948493722,9.645457852529,
    14.909082366832));
#5753 = SURFACE_CURVE('',#5754,(#5758,#5765),.PCURVE_S1.);
#5754 = LINE('',#5755,#5756);
#5755 = CARTESIAN_POINT('',(-10.65948493722,9.770248815234,15.2130522323
    ));
#5756 = VECTOR('',#5757,1.);
#5757 = DIRECTION('',(8.432782086103E-17,-0.379778742607,-0.925077351719
    ));
#5758 = PCURVE('',#2291,#5759);
#5759 = DEFINITIONAL_REPRESENTATION('',(#5760),#5764);
#5760 = LINE('',#5761,#5762);
#5761 = CARTESIAN_POINT('',(-2.957056288684,2.785795893811));
#5762 = VECTOR('',#5763,1.);
#5763 = DIRECTION('',(0.925077351719,-0.379778742607));
#5764 = ( GEOMETRIC_REPRESENTATION_CONTEXT(2) 
PARAMETRIC_REPRESENTATION_CONTEXT() REPRESENTATION_CONTEXT('2D SPACE',''
  ) );
#5765 = PCURVE('',#5766,#5771);
#5766 = PLANE('',#5767);
#5767 = AXIS2_PLACEMENT_3D('',#5768,#5769,#5770);
#5768 = CARTESIAN_POINT('',(17.716040468236,9.770248815234,15.2130522323
    ));
#5769 = DIRECTION('',(-2.054084350876E-16,0.925077351719,-0.379778742607
    ));
#5770 = DIRECTION('',(-8.432782086103E-17,0.379778742607,0.925077351719)
  );
#5771 = DEFINITIONAL_REPRESENTATION('',(#5772),#5776);
#5772 = LINE('',#5773,#5774);
#5773 = CARTESIAN_POINT('',(0.,-28.37552540546));
#5774 = VECTOR('',#5775,1.);
#5775 = DIRECTION('',(-1.,0.));
#5776 = ( GEOMETRIC_REPRESENTATION_CONTEXT(2) 
PARAMETRIC_REPRESENTATION_CONTEXT() REPRESENTATION_CONTEXT('2D SPACE',''
  ) );
#5777 = ORIENTED_EDGE('',*,*,#5778,.T.);
#5778 = EDGE_CURVE('',#5751,#5779,#5781,.T.);
#5779 = VERTEX_POINT('',#5780);
#5780 = CARTESIAN_POINT('',(-10.65948493722,9.857502759082,
    14.848055571479));
#5781 = SURFACE_CURVE('',#5782,(#5786,#5793),.PCURVE_S1.);
#5782 = LINE('',#5783,#5784);
#5783 = CARTESIAN_POINT('',(-10.65948493722,9.645457852529,
    14.909082366832));
#5784 = VECTOR('',#5785,1.);
#5785 = DIRECTION('',(-2.13383173943E-16,0.960992382657,-0.276574837025)
  );
#5786 = PCURVE('',#2291,#5787);
#5787 = DEFINITIONAL_REPRESENTATION('',(#5788),#5792);
#5788 = LINE('',#5789,#5790);
#5789 = CARTESIAN_POINT('',(-2.653086423217,2.661004931106));
#5790 = VECTOR('',#5791,1.);
#5791 = DIRECTION('',(0.276574837025,0.960992382657));
#5792 = ( GEOMETRIC_REPRESENTATION_CONTEXT(2) 
PARAMETRIC_REPRESENTATION_CONTEXT() REPRESENTATION_CONTEXT('2D SPACE',''
  ) );
#5793 = PCURVE('',#5794,#5799);
#5794 = PLANE('',#5795);
#5795 = AXIS2_PLACEMENT_3D('',#5796,#5797,#5798);
#5796 = CARTESIAN_POINT('',(17.716040468236,9.645457852529,
    14.909082366832));
#5797 = DIRECTION('',(-6.141195041948E-17,0.276574837025,0.960992382657)
  );
#5798 = DIRECTION('',(2.13383173943E-16,-0.960992382657,0.276574837025)
  );
#5799 = DEFINITIONAL_REPRESENTATION('',(#5800),#5804);
#5800 = LINE('',#5801,#5802);
#5801 = CARTESIAN_POINT('',(0.,-28.37552540546));
#5802 = VECTOR('',#5803,1.);
#5803 = DIRECTION('',(-1.,0.));
#5804 = ( GEOMETRIC_REPRESENTATION_CONTEXT(2) 
PARAMETRIC_REPRESENTATION_CONTEXT() REPRESENTATION_CONTEXT('2D SPACE',''
  ) );
#5805 = ORIENTED_EDGE('',*,*,#5806,.F.);
#5806 = EDGE_CURVE('',#5807,#5779,#5809,.T.);
#5807 = VERTEX_POINT('',#5808);
#5808 = CARTESIAN_POINT('',(-10.65948493722,9.906657124604,
    14.664402637401));
#5809 = SURFACE_CURVE('',#5810,(#5814,#5821),.PCURVE_S1.);
#5810 = LINE('',#5811,#5812);
#5811 = CARTESIAN_POINT('',(-10.65948493722,10.423406909085,
    12.733696929039));
#5812 = VECTOR('',#5813,1.);
#5813 = DIRECTION('',(5.740912107976E-17,-0.258547696302,0.965998493134)
  );
#5814 = PCURVE('',#2291,#5815);
#5815 = DEFINITIONAL_REPRESENTATION('',(#5816),#5820);
#5816 = LINE('',#5817,#5818);
#5817 = CARTESIAN_POINT('',(-0.477700985423,3.438953987662));
#5818 = VECTOR('',#5819,1.);
#5819 = DIRECTION('',(-0.965998493134,-0.258547696302));
#5820 = ( GEOMETRIC_REPRESENTATION_CONTEXT(2) 
PARAMETRIC_REPRESENTATION_CONTEXT() REPRESENTATION_CONTEXT('2D SPACE',''
  ) );
#5821 = PCURVE('',#5822,#5827);
#5822 = PLANE('',#5823);
#5823 = AXIS2_PLACEMENT_3D('',#5824,#5825,#5826);
#5824 = CARTESIAN_POINT('',(-5.613463652863,10.423406909085,
    12.733696929039));
#5825 = DIRECTION('',(-2.144947537661E-16,0.965998493134,0.258547696302)
  );
#5826 = DIRECTION('',(5.740912107976E-17,-0.258547696302,0.965998493134)
  );
#5827 = DEFINITIONAL_REPRESENTATION('',(#5828),#5832);
#5828 = LINE('',#5829,#5830);
#5829 = CARTESIAN_POINT('',(0.,-5.046021284364));
#5830 = VECTOR('',#5831,1.);
#5831 = DIRECTION('',(1.,0.));
#5832 = ( GEOMETRIC_REPRESENTATION_CONTEXT(2) 
PARAMETRIC_REPRESENTATION_CONTEXT() REPRESENTATION_CONTEXT('2D SPACE',''
  ) );
#5833 = ORIENTED_EDGE('',*,*,#5834,.T.);
#5834 = EDGE_CURVE('',#5807,#5835,#5837,.T.);
#5835 = VERTEX_POINT('',#5836);
#5836 = CARTESIAN_POINT('',(-10.65948493722,9.794501843945,
    14.391211175179));
#5837 = SURFACE_CURVE('',#5838,(#5842,#5849),.PCURVE_S1.);
#5838 = LINE('',#5839,#5840);
#5839 = CARTESIAN_POINT('',(-10.65948493722,9.91929280665,
    14.695181040646));
#5840 = VECTOR('',#5841,1.);
#5841 = DIRECTION('',(8.432782086103E-17,-0.379778742607,-0.925077351719
    ));
#5842 = PCURVE('',#2291,#5843);
#5843 = DEFINITIONAL_REPRESENTATION('',(#5844),#5848);
#5844 = LINE('',#5845,#5846);
#5845 = CARTESIAN_POINT('',(-2.439185097031,2.934839885227));
#5846 = VECTOR('',#5847,1.);
#5847 = DIRECTION('',(0.925077351719,-0.379778742607));
#5848 = ( GEOMETRIC_REPRESENTATION_CONTEXT(2) 
PARAMETRIC_REPRESENTATION_CONTEXT() REPRESENTATION_CONTEXT('2D SPACE',''
  ) );
#5849 = PCURVE('',#5850,#5855);
#5850 = PLANE('',#5851);
#5851 = AXIS2_PLACEMENT_3D('',#5852,#5853,#5854);
#5852 = CARTESIAN_POINT('',(17.716040468236,9.91929280665,
    14.695181040646));
#5853 = DIRECTION('',(-2.054084350876E-16,0.925077351719,-0.379778742607
    ));
#5854 = DIRECTION('',(-8.432782086103E-17,0.379778742607,0.925077351719)
  );
#5855 = DEFINITIONAL_REPRESENTATION('',(#5856),#5860);
#5856 = LINE('',#5857,#5858);
#5857 = CARTESIAN_POINT('',(0.,-28.37552540546));
#5858 = VECTOR('',#5859,1.);
#5859 = DIRECTION('',(-1.,0.));
#5860 = ( GEOMETRIC_REPRESENTATION_CONTEXT(2) 
PARAMETRIC_REPRESENTATION_CONTEXT() REPRESENTATION_CONTEXT('2D SPACE',''
  ) );
#5861 = ORIENTED_EDGE('',*,*,#5862,.T.);
#5862 = EDGE_CURVE('',#5835,#5863,#5865,.T.);
#5863 = VERTEX_POINT('',#5864);
#5864 = CARTESIAN_POINT('',(-10.65948493722,9.995238987267,
    14.333438768549));
#5865 = SURFACE_CURVE('',#5866,(#5870,#5877),.PCURVE_S1.);
#5866 = LINE('',#5867,#5868);
#5867 = CARTESIAN_POINT('',(-10.65948493722,9.794501843945,
    14.391211175179));
#5868 = VECTOR('',#5869,1.);
#5869 = DIRECTION('',(-2.13383173943E-16,0.960992382657,-0.276574837025)
  );
#5870 = PCURVE('',#2291,#5871);
#5871 = DEFINITIONAL_REPRESENTATION('',(#5872),#5876);
#5872 = LINE('',#5873,#5874);
#5873 = CARTESIAN_POINT('',(-2.135215231563,2.810048922522));
#5874 = VECTOR('',#5875,1.);
#5875 = DIRECTION('',(0.276574837025,0.960992382657));
#5876 = ( GEOMETRIC_REPRESENTATION_CONTEXT(2) 
PARAMETRIC_REPRESENTATION_CONTEXT() REPRESENTATION_CONTEXT('2D SPACE',''
  ) );
#5877 = PCURVE('',#5878,#5883);
#5878 = PLANE('',#5879);
#5879 = AXIS2_PLACEMENT_3D('',#5880,#5881,#5882);
#5880 = CARTESIAN_POINT('',(17.716040468236,9.794501843945,
    14.391211175179));
#5881 = DIRECTION('',(-6.141195041948E-17,0.276574837025,0.960992382657)
  );
#5882 = DIRECTION('',(2.13383173943E-16,-0.960992382657,0.276574837025)
  );
#5883 = DEFINITIONAL_REPRESENTATION('',(#5884),#5888);
#5884 = LINE('',#5885,#5886);
#5885 = CARTESIAN_POINT('',(0.,-28.37552540546));
#5886 = VECTOR('',#5887,1.);
#5887 = DIRECTION('',(-1.,0.));
#5888 = ( GEOMETRIC_REPRESENTATION_CONTEXT(2) 
PARAMETRIC_REPRESENTATION_CONTEXT() REPRESENTATION_CONTEXT('2D SPACE',''
  ) );
#5889 = ORIENTED_EDGE('',*,*,#5890,.F.);
#5890 = EDGE_CURVE('',#5891,#5863,#5893,.T.);
#5891 = VERTEX_POINT('',#5892);
#5892 = CARTESIAN_POINT('',(-10.65948493722,10.049383274998,
    14.131142244125));
#5893 = SURFACE_CURVE('',#5894,(#5898,#5905),.PCURVE_S1.);
#5894 = LINE('',#5895,#5896);
#5895 = CARTESIAN_POINT('',(-10.65948493722,10.423406909085,
    12.733696929039));
#5896 = VECTOR('',#5897,1.);
#5897 = DIRECTION('',(5.740912107976E-17,-0.258547696302,0.965998493134)
  );
#5898 = PCURVE('',#2291,#5899);
#5899 = DEFINITIONAL_REPRESENTATION('',(#5900),#5904);
#5900 = LINE('',#5901,#5902);
#5901 = CARTESIAN_POINT('',(-0.477700985423,3.438953987662));
#5902 = VECTOR('',#5903,1.);
#5903 = DIRECTION('',(-0.965998493134,-0.258547696302));
#5904 = ( GEOMETRIC_REPRESENTATION_CONTEXT(2) 
PARAMETRIC_REPRESENTATION_CONTEXT() REPRESENTATION_CONTEXT('2D SPACE',''
  ) );
#5905 = PCURVE('',#5906,#5911);
#5906 = PLANE('',#5907);
#5907 = AXIS2_PLACEMENT_3D('',#5908,#5909,#5910);
#5908 = CARTESIAN_POINT('',(-5.613463652863,10.423406909085,
    12.733696929039));
#5909 = DIRECTION('',(-2.144947537661E-16,0.965998493134,0.258547696302)
  );
#5910 = DIRECTION('',(5.740912107976E-17,-0.258547696302,0.965998493134)
  );
#5911 = DEFINITIONAL_REPRESENTATION('',(#5912),#5916);
#5912 = LINE('',#5913,#5914);
#5913 = CARTESIAN_POINT('',(0.,-5.046021284364));
#5914 = VECTOR('',#5915,1.);
#5915 = DIRECTION('',(1.,0.));
#5916 = ( GEOMETRIC_REPRESENTATION_CONTEXT(2) 
PARAMETRIC_REPRESENTATION_CONTEXT() REPRESENTATION_CONTEXT('2D SPACE',''
  ) );
#5917 = ORIENTED_EDGE('',*,*,#5918,.T.);
#5918 = EDGE_CURVE('',#5891,#5919,#5921,.T.);
#5919 = VERTEX_POINT('',#5920);
#5920 = CARTESIAN_POINT('',(-10.65948493722,9.943545835361,
    13.873339983525));
#5921 = SURFACE_CURVE('',#5922,(#5926,#5933),.PCURVE_S1.);
#5922 = LINE('',#5923,#5924);
#5923 = CARTESIAN_POINT('',(-10.65948493722,10.068336798066,
    14.177309848992));
#5924 = VECTOR('',#5925,1.);
#5925 = DIRECTION('',(8.432782086103E-17,-0.379778742607,-0.925077351719
    ));
#5926 = PCURVE('',#2291,#5927);
#5927 = DEFINITIONAL_REPRESENTATION('',(#5928),#5932);
#5928 = LINE('',#5929,#5930);
#5929 = CARTESIAN_POINT('',(-1.921313905377,3.083883876643));
#5930 = VECTOR('',#5931,1.);
#5931 = DIRECTION('',(0.925077351719,-0.379778742607));
#5932 = ( GEOMETRIC_REPRESENTATION_CONTEXT(2) 
PARAMETRIC_REPRESENTATION_CONTEXT() REPRESENTATION_CONTEXT('2D SPACE',''
  ) );
#5933 = PCURVE('',#5934,#5939);
#5934 = PLANE('',#5935);
#5935 = AXIS2_PLACEMENT_3D('',#5936,#5937,#5938);
#5936 = CARTESIAN_POINT('',(17.716040468236,10.068336798066,
    14.177309848992));
#5937 = DIRECTION('',(-2.054084350876E-16,0.925077351719,-0.379778742607
    ));
#5938 = DIRECTION('',(-8.432782086103E-17,0.379778742607,0.925077351719)
  );
#5939 = DEFINITIONAL_REPRESENTATION('',(#5940),#5944);
#5940 = LINE('',#5941,#5942);
#5941 = CARTESIAN_POINT('',(0.,-28.37552540546));
#5942 = VECTOR('',#5943,1.);
#5943 = DIRECTION('',(-1.,0.));
#5944 = ( GEOMETRIC_REPRESENTATION_CONTEXT(2) 
PARAMETRIC_REPRESENTATION_CONTEXT() REPRESENTATION_CONTEXT('2D SPACE',''
  ) );
#5945 = ORIENTED_EDGE('',*,*,#5946,.T.);
#5946 = EDGE_CURVE('',#5919,#5947,#5949,.T.);
#5947 = VERTEX_POINT('',#5948);
#5948 = CARTESIAN_POINT('',(-10.65948493722,10.132975215452,
    13.818821965618));
#5949 = SURFACE_CURVE('',#5950,(#5954,#5961),.PCURVE_S1.);
#5950 = LINE('',#5951,#5952);
#5951 = CARTESIAN_POINT('',(-10.65948493722,9.943545835361,
    13.873339983525));
#5952 = VECTOR('',#5953,1.);
#5953 = DIRECTION('',(-2.13383173943E-16,0.960992382657,-0.276574837025)
  );
#5954 = PCURVE('',#2291,#5955);
#5955 = DEFINITIONAL_REPRESENTATION('',(#5956),#5960);
#5956 = LINE('',#5957,#5958);
#5957 = CARTESIAN_POINT('',(-1.61734403991,2.959092913938));
#5958 = VECTOR('',#5959,1.);
#5959 = DIRECTION('',(0.276574837025,0.960992382657));
#5960 = ( GEOMETRIC_REPRESENTATION_CONTEXT(2) 
PARAMETRIC_REPRESENTATION_CONTEXT() REPRESENTATION_CONTEXT('2D SPACE',''
  ) );
#5961 = PCURVE('',#5962,#5967);
#5962 = PLANE('',#5963);
#5963 = AXIS2_PLACEMENT_3D('',#5964,#5965,#5966);
#5964 = CARTESIAN_POINT('',(17.716040468236,9.943545835361,
    13.873339983525));
#5965 = DIRECTION('',(-6.141195041948E-17,0.276574837025,0.960992382657)
  );
#5966 = DIRECTION('',(2.13383173943E-16,-0.960992382657,0.276574837025)
  );
#5967 = DEFINITIONAL_REPRESENTATION('',(#5968),#5972);
#5968 = LINE('',#5969,#5970);
#5969 = CARTESIAN_POINT('',(0.,-28.37552540546));
#5970 = VECTOR('',#5971,1.);
#5971 = DIRECTION('',(-1.,0.));
#5972 = ( GEOMETRIC_REPRESENTATION_CONTEXT(2) 
PARAMETRIC_REPRESENTATION_CONTEXT() REPRESENTATION_CONTEXT('2D SPACE',''
  ) );
#5973 = ORIENTED_EDGE('',*,*,#5974,.F.);
#5974 = EDGE_CURVE('',#5975,#5947,#5977,.T.);
#5975 = VERTEX_POINT('',#5976);
#5976 = CARTESIAN_POINT('',(-10.65948493722,10.192109425391,
    13.597881850849));
#5977 = SURFACE_CURVE('',#5978,(#5982,#5989),.PCURVE_S1.);
#5978 = LINE('',#5979,#5980);
#5979 = CARTESIAN_POINT('',(-10.65948493722,10.423406909085,
    12.733696929039));
#5980 = VECTOR('',#5981,1.);
#5981 = DIRECTION('',(5.740912107976E-17,-0.258547696302,0.965998493134)
  );
#5982 = PCURVE('',#2291,#5983);
#5983 = DEFINITIONAL_REPRESENTATION('',(#5984),#5988);
#5984 = LINE('',#5985,#5986);
#5985 = CARTESIAN_POINT('',(-0.477700985423,3.438953987662));
#5986 = VECTOR('',#5987,1.);
#5987 = DIRECTION('',(-0.965998493134,-0.258547696302));
#5988 = ( GEOMETRIC_REPRESENTATION_CONTEXT(2) 
PARAMETRIC_REPRESENTATION_CONTEXT() REPRESENTATION_CONTEXT('2D SPACE',''
  ) );
#5989 = PCURVE('',#5990,#5995);
#5990 = PLANE('',#5991);
#5991 = AXIS2_PLACEMENT_3D('',#5992,#5993,#5994);
#5992 = CARTESIAN_POINT('',(-5.613463652863,10.423406909085,
    12.733696929039));
#5993 = DIRECTION('',(-2.144947537661E-16,0.965998493134,0.258547696302)
  );
#5994 = DIRECTION('',(5.740912107976E-17,-0.258547696302,0.965998493134)
  );
#5995 = DEFINITIONAL_REPRESENTATION('',(#5996),#6000);
#5996 = LINE('',#5997,#5998);
#5997 = CARTESIAN_POINT('',(0.,-5.046021284364));
#5998 = VECTOR('',#5999,1.);
#5999 = DIRECTION('',(1.,0.));
#6000 = ( GEOMETRIC_REPRESENTATION_CONTEXT(2) 
PARAMETRIC_REPRESENTATION_CONTEXT() REPRESENTATION_CONTEXT('2D SPACE',''
  ) );
#6001 = ORIENTED_EDGE('',*,*,#6002,.T.);
#6002 = EDGE_CURVE('',#5975,#6003,#6005,.T.);
#6003 = VERTEX_POINT('',#6004);
#6004 = CARTESIAN_POINT('',(-10.65948493722,10.092589826777,
    13.355468791872));
#6005 = SURFACE_CURVE('',#6006,(#6010,#6017),.PCURVE_S1.);
#6006 = LINE('',#6007,#6008);
#6007 = CARTESIAN_POINT('',(-10.65948493722,10.217380789482,
    13.659438657339));
#6008 = VECTOR('',#6009,1.);
#6009 = DIRECTION('',(8.432782086103E-17,-0.379778742607,-0.925077351719
    ));
#6010 = PCURVE('',#2291,#6011);
#6011 = DEFINITIONAL_REPRESENTATION('',(#6012),#6016);
#6012 = LINE('',#6013,#6014);
#6013 = CARTESIAN_POINT('',(-1.403442713723,3.232927868059));
#6014 = VECTOR('',#6015,1.);
#6015 = DIRECTION('',(0.925077351719,-0.379778742607));
#6016 = ( GEOMETRIC_REPRESENTATION_CONTEXT(2) 
PARAMETRIC_REPRESENTATION_CONTEXT() REPRESENTATION_CONTEXT('2D SPACE',''
  ) );
#6017 = PCURVE('',#6018,#6023);
#6018 = PLANE('',#6019);
#6019 = AXIS2_PLACEMENT_3D('',#6020,#6021,#6022);
#6020 = CARTESIAN_POINT('',(17.716040468236,10.217380789482,
    13.659438657339));
#6021 = DIRECTION('',(-2.054084350876E-16,0.925077351719,-0.379778742607
    ));
#6022 = DIRECTION('',(-8.432782086103E-17,0.379778742607,0.925077351719)
  );
#6023 = DEFINITIONAL_REPRESENTATION('',(#6024),#6028);
#6024 = LINE('',#6025,#6026);
#6025 = CARTESIAN_POINT('',(0.,-28.37552540546));
#6026 = VECTOR('',#6027,1.);
#6027 = DIRECTION('',(-1.,0.));
#6028 = ( GEOMETRIC_REPRESENTATION_CONTEXT(2) 
PARAMETRIC_REPRESENTATION_CONTEXT() REPRESENTATION_CONTEXT('2D SPACE',''
  ) );
#6029 = ORIENTED_EDGE('',*,*,#6030,.T.);
#6030 = EDGE_CURVE('',#6003,#6031,#6033,.T.);
#6031 = VERTEX_POINT('',#6032);
#6032 = CARTESIAN_POINT('',(-10.65948493722,10.270711443636,
    13.304205162687));
#6033 = SURFACE_CURVE('',#6034,(#6038,#6045),.PCURVE_S1.);
#6034 = LINE('',#6035,#6036);
#6035 = CARTESIAN_POINT('',(-10.65948493722,10.092589826777,
    13.355468791872));
#6036 = VECTOR('',#6037,1.);
#6037 = DIRECTION('',(-2.13383173943E-16,0.960992382657,-0.276574837025)
  );
#6038 = PCURVE('',#2291,#6039);
#6039 = DEFINITIONAL_REPRESENTATION('',(#6040),#6044);
#6040 = LINE('',#6041,#6042);
#6041 = CARTESIAN_POINT('',(-1.099472848256,3.108136905354));
#6042 = VECTOR('',#6043,1.);
#6043 = DIRECTION('',(0.276574837025,0.960992382657));
#6044 = ( GEOMETRIC_REPRESENTATION_CONTEXT(2) 
PARAMETRIC_REPRESENTATION_CONTEXT() REPRESENTATION_CONTEXT('2D SPACE',''
  ) );
#6045 = PCURVE('',#6046,#6051);
#6046 = PLANE('',#6047);
#6047 = AXIS2_PLACEMENT_3D('',#6048,#6049,#6050);
#6048 = CARTESIAN_POINT('',(17.716040468236,10.092589826777,
    13.355468791872));
#6049 = DIRECTION('',(-6.141195041948E-17,0.276574837025,0.960992382657)
  );
#6050 = DIRECTION('',(2.13383173943E-16,-0.960992382657,0.276574837025)
  );
#6051 = DEFINITIONAL_REPRESENTATION('',(#6052),#6056);
#6052 = LINE('',#6053,#6054);
#6053 = CARTESIAN_POINT('',(0.,-28.37552540546));
#6054 = VECTOR('',#6055,1.);
#6055 = DIRECTION('',(-1.,0.));
#6056 = ( GEOMETRIC_REPRESENTATION_CONTEXT(2) 
PARAMETRIC_REPRESENTATION_CONTEXT() REPRESENTATION_CONTEXT('2D SPACE',''
  ) );
#6057 = ORIENTED_EDGE('',*,*,#6058,.F.);
#6058 = EDGE_CURVE('',#5333,#6031,#6059,.T.);
#6059 = SURFACE_CURVE('',#6060,(#6064,#6071),.PCURVE_S1.);
#6060 = LINE('',#6061,#6062);
#6061 = CARTESIAN_POINT('',(-10.65948493722,10.423406909085,
    12.733696929039));
#6062 = VECTOR('',#6063,1.);
#6063 = DIRECTION('',(5.740912107976E-17,-0.258547696302,0.965998493134)
  );
#6064 = PCURVE('',#2291,#6065);
#6065 = DEFINITIONAL_REPRESENTATION('',(#6066),#6070);
#6066 = LINE('',#6067,#6068);
#6067 = CARTESIAN_POINT('',(-0.477700985423,3.438953987662));
#6068 = VECTOR('',#6069,1.);
#6069 = DIRECTION('',(-0.965998493134,-0.258547696302));
#6070 = ( GEOMETRIC_REPRESENTATION_CONTEXT(2) 
PARAMETRIC_REPRESENTATION_CONTEXT() REPRESENTATION_CONTEXT('2D SPACE',''
  ) );
#6071 = PCURVE('',#6072,#6077);
#6072 = PLANE('',#6073);
#6073 = AXIS2_PLACEMENT_3D('',#6074,#6075,#6076);
#6074 = CARTESIAN_POINT('',(-5.613463652863,10.423406909085,
    12.733696929039));
#6075 = DIRECTION('',(-2.144947537661E-16,0.965998493134,0.258547696302)
  );
#6076 = DIRECTION('',(5.740912107976E-17,-0.258547696302,0.965998493134)
  );
#6077 = DEFINITIONAL_REPRESENTATION('',(#6078),#6082);
#6078 = LINE('',#6079,#6080);
#6079 = CARTESIAN_POINT('',(0.,-5.046021284364));
#6080 = VECTOR('',#6081,1.);
#6081 = DIRECTION('',(1.,0.));
#6082 = ( GEOMETRIC_REPRESENTATION_CONTEXT(2) 
PARAMETRIC_REPRESENTATION_CONTEXT() REPRESENTATION_CONTEXT('2D SPACE',''
  ) );
#6083 = ADVANCED_FACE('',(#6084),#2265,.F.);
#6084 = FACE_BOUND('',#6085,.T.);
#6085 = EDGE_LOOP('',(#6086,#6087,#6088,#6111,#6132,#6133));
#6086 = ORIENTED_EDGE('',*,*,#2249,.T.);
#6087 = ORIENTED_EDGE('',*,*,#5503,.T.);
#6088 = ORIENTED_EDGE('',*,*,#6089,.F.);
#6089 = EDGE_CURVE('',#6090,#5476,#6092,.T.);
#6090 = VERTEX_POINT('',#6091);
#6091 = CARTESIAN_POINT('',(-7.770287679233,9.282466122857,
    6.029325323827));
#6092 = SURFACE_CURVE('',#6093,(#6097,#6104),.PCURVE_S1.);
#6093 = LINE('',#6094,#6095);
#6094 = CARTESIAN_POINT('',(-5.613463652863,9.282466122857,
    6.029325323827));
#6095 = VECTOR('',#6096,1.);
#6096 = DIRECTION('',(-1.,-2.22044604925E-16,0.));
#6097 = PCURVE('',#2265,#6098);
#6098 = DEFINITIONAL_REPRESENTATION('',(#6099),#6103);
#6099 = LINE('',#6100,#6101);
#6100 = CARTESIAN_POINT('',(-38.84816699006,0.));
#6101 = VECTOR('',#6102,1.);
#6102 = DIRECTION('',(0.,-1.));
#6103 = ( GEOMETRIC_REPRESENTATION_CONTEXT(2) 
PARAMETRIC_REPRESENTATION_CONTEXT() REPRESENTATION_CONTEXT('2D SPACE',''
  ) );
#6104 = PCURVE('',#5491,#6105);
#6105 = DEFINITIONAL_REPRESENTATION('',(#6106),#6110);
#6106 = LINE('',#6107,#6108);
#6107 = CARTESIAN_POINT('',(7.01202412388E-02,0.));
#6108 = VECTOR('',#6109,1.);
#6109 = DIRECTION('',(0.,-1.));
#6110 = ( GEOMETRIC_REPRESENTATION_CONTEXT(2) 
PARAMETRIC_REPRESENTATION_CONTEXT() REPRESENTATION_CONTEXT('2D SPACE',''
  ) );
#6111 = ORIENTED_EDGE('',*,*,#6112,.F.);
#6112 = EDGE_CURVE('',#3357,#6090,#6113,.T.);
#6113 = SURFACE_CURVE('',#6114,(#6118,#6125),.PCURVE_S1.);
#6114 = LINE('',#6115,#6116);
#6115 = CARTESIAN_POINT('',(-7.770287679233,-29.56570086721,
    6.029325323827));
#6116 = VECTOR('',#6117,1.);
#6117 = DIRECTION('',(-2.22044604925E-16,1.,0.));
#6118 = PCURVE('',#2265,#6119);
#6119 = DEFINITIONAL_REPRESENTATION('',(#6120),#6124);
#6120 = LINE('',#6121,#6122);
#6121 = CARTESIAN_POINT('',(0.,-2.156824026369));
#6122 = VECTOR('',#6123,1.);
#6123 = DIRECTION('',(-1.,0.));
#6124 = ( GEOMETRIC_REPRESENTATION_CONTEXT(2) 
PARAMETRIC_REPRESENTATION_CONTEXT() REPRESENTATION_CONTEXT('2D SPACE',''
  ) );
#6125 = PCURVE('',#1938,#6126);
#6126 = DEFINITIONAL_REPRESENTATION('',(#6127),#6131);
#6127 = LINE('',#6128,#6129);
#6128 = CARTESIAN_POINT('',(6.226670619789,-36.55015378863));
#6129 = VECTOR('',#6130,1.);
#6130 = DIRECTION('',(0.,1.));
#6131 = ( GEOMETRIC_REPRESENTATION_CONTEXT(2) 
PARAMETRIC_REPRESENTATION_CONTEXT() REPRESENTATION_CONTEXT('2D SPACE',''
  ) );
#6132 = ORIENTED_EDGE('',*,*,#3379,.T.);
#6133 = ORIENTED_EDGE('',*,*,#4339,.T.);
#6134 = ADVANCED_FACE('',(#6135),#2146,.F.);
#6135 = FACE_BOUND('',#6136,.T.);
#6136 = EDGE_LOOP('',(#6137,#6138,#6139,#6140,#6163,#6191));
#6137 = ORIENTED_EDGE('',*,*,#2130,.F.);
#6138 = ORIENTED_EDGE('',*,*,#4365,.F.);
#6139 = ORIENTED_EDGE('',*,*,#4417,.F.);
#6140 = ORIENTED_EDGE('',*,*,#6141,.T.);
#6141 = EDGE_CURVE('',#4418,#6142,#6144,.T.);
#6142 = VERTEX_POINT('',#6143);
#6143 = CARTESIAN_POINT('',(7.770287679233,9.282466122857,6.029325323827
    ));
#6144 = SURFACE_CURVE('',#6145,(#6149,#6156),.PCURVE_S1.);
#6145 = LINE('',#6146,#6147);
#6146 = CARTESIAN_POINT('',(7.770287679233,-29.56570086721,
    6.029325323827));
#6147 = VECTOR('',#6148,1.);
#6148 = DIRECTION('',(-2.22044604925E-16,1.,0.));
#6149 = PCURVE('',#2146,#6150);
#6150 = DEFINITIONAL_REPRESENTATION('',(#6151),#6155);
#6151 = LINE('',#6152,#6153);
#6152 = CARTESIAN_POINT('',(0.,2.156824026369));
#6153 = VECTOR('',#6154,1.);
#6154 = DIRECTION('',(-1.,0.));
#6155 = ( GEOMETRIC_REPRESENTATION_CONTEXT(2) 
PARAMETRIC_REPRESENTATION_CONTEXT() REPRESENTATION_CONTEXT('2D SPACE',''
  ) );
#6156 = PCURVE('',#2062,#6157);
#6157 = DEFINITIONAL_REPRESENTATION('',(#6158),#6162);
#6158 = LINE('',#6159,#6160);
#6159 = CARTESIAN_POINT('',(6.226670619789,36.550153788635));
#6160 = VECTOR('',#6161,1.);
#6161 = DIRECTION('',(0.,-1.));
#6162 = ( GEOMETRIC_REPRESENTATION_CONTEXT(2) 
PARAMETRIC_REPRESENTATION_CONTEXT() REPRESENTATION_CONTEXT('2D SPACE',''
  ) );
#6163 = ORIENTED_EDGE('',*,*,#6164,.T.);
#6164 = EDGE_CURVE('',#6142,#6165,#6167,.T.);
#6165 = VERTEX_POINT('',#6166);
#6166 = CARTESIAN_POINT('',(10.659484937228,9.282466122857,
    6.029325323827));
#6167 = SURFACE_CURVE('',#6168,(#6172,#6179),.PCURVE_S1.);
#6168 = LINE('',#6169,#6170);
#6169 = CARTESIAN_POINT('',(5.613463652863,9.282466122857,6.029325323827
    ));
#6170 = VECTOR('',#6171,1.);
#6171 = DIRECTION('',(1.,2.22044604925E-16,0.));
#6172 = PCURVE('',#2146,#6173);
#6173 = DEFINITIONAL_REPRESENTATION('',(#6174),#6178);
#6174 = LINE('',#6175,#6176);
#6175 = CARTESIAN_POINT('',(-38.84816699006,0.));
#6176 = VECTOR('',#6177,1.);
#6177 = DIRECTION('',(0.,1.));
#6178 = ( GEOMETRIC_REPRESENTATION_CONTEXT(2) 
PARAMETRIC_REPRESENTATION_CONTEXT() REPRESENTATION_CONTEXT('2D SPACE',''
  ) );
#6179 = PCURVE('',#6180,#6185);
#6180 = PLANE('',#6181);
#6181 = AXIS2_PLACEMENT_3D('',#6182,#6183,#6184);
#6182 = CARTESIAN_POINT('',(5.613463652863,9.282466122857,5.959205082588
    ));
#6183 = DIRECTION('',(-2.22044604925E-16,1.,0.));
#6184 = DIRECTION('',(0.,0.,1.));
#6185 = DEFINITIONAL_REPRESENTATION('',(#6186),#6190);
#6186 = LINE('',#6187,#6188);
#6187 = CARTESIAN_POINT('',(7.01202412388E-02,0.));
#6188 = VECTOR('',#6189,1.);
#6189 = DIRECTION('',(0.,1.));
#6190 = ( GEOMETRIC_REPRESENTATION_CONTEXT(2) 
PARAMETRIC_REPRESENTATION_CONTEXT() REPRESENTATION_CONTEXT('2D SPACE',''
  ) );
#6191 = ORIENTED_EDGE('',*,*,#6192,.F.);
#6192 = EDGE_CURVE('',#2103,#6165,#6193,.T.);
#6193 = SURFACE_CURVE('',#6194,(#6198,#6205),.PCURVE_S1.);
#6194 = LINE('',#6195,#6196);
#6195 = CARTESIAN_POINT('',(10.659484937228,-29.56570086721,
    6.029325323827));
#6196 = VECTOR('',#6197,1.);
#6197 = DIRECTION('',(-2.22044604925E-16,1.,0.));
#6198 = PCURVE('',#2146,#6199);
#6199 = DEFINITIONAL_REPRESENTATION('',(#6200),#6204);
#6200 = LINE('',#6201,#6202);
#6201 = CARTESIAN_POINT('',(0.,5.046021284364));
#6202 = VECTOR('',#6203,1.);
#6203 = DIRECTION('',(-1.,0.));
#6204 = ( GEOMETRIC_REPRESENTATION_CONTEXT(2) 
PARAMETRIC_REPRESENTATION_CONTEXT() REPRESENTATION_CONTEXT('2D SPACE',''
  ) );
#6205 = PCURVE('',#2118,#6206);
#6206 = DEFINITIONAL_REPRESENTATION('',(#6207),#6211);
#6207 = LINE('',#6208,#6209);
#6208 = CARTESIAN_POINT('',(6.226670619789,36.550153788635));
#6209 = VECTOR('',#6210,1.);
#6210 = DIRECTION('',(0.,-1.));
#6211 = ( GEOMETRIC_REPRESENTATION_CONTEXT(2) 
PARAMETRIC_REPRESENTATION_CONTEXT() REPRESENTATION_CONTEXT('2D SPACE',''
  ) );
#6212 = ADVANCED_FACE('',(#6213),#2118,.F.);
#6213 = FACE_BOUND('',#6214,.T.);
#6214 = EDGE_LOOP('',(#6215,#6245,#6273,#6301,#6329,#6357,#6385,#6413,
    #6441,#6469,#6497,#6525,#6553,#6581,#6609,#6637,#6665,#6693,#6721,
    #6749,#6777,#6806,#6834,#6855,#6856,#6857,#6880,#6908,#6941));
#6215 = ORIENTED_EDGE('',*,*,#6216,.F.);
#6216 = EDGE_CURVE('',#6217,#6219,#6221,.T.);
#6217 = VERTEX_POINT('',#6218);
#6218 = CARTESIAN_POINT('',(10.659484937228,10.241633818193,
    12.837597600218));
#6219 = VERTEX_POINT('',#6220);
#6220 = CARTESIAN_POINT('',(10.659484937228,10.408447671821,
    12.789588359756));
#6221 = SURFACE_CURVE('',#6222,(#6226,#6233),.PCURVE_S1.);
#6222 = LINE('',#6223,#6224);
#6223 = CARTESIAN_POINT('',(10.659484937228,8.764619044259,
    13.262684341546));
#6224 = VECTOR('',#6225,1.);
#6225 = DIRECTION('',(-2.13383173943E-16,0.960992382657,-0.276574837025)
  );
#6226 = PCURVE('',#2118,#6227);
#6227 = DEFINITIONAL_REPRESENTATION('',(#6228),#6232);
#6228 = LINE('',#6229,#6230);
#6229 = CARTESIAN_POINT('',(-1.006688397931,-1.780166122836));
#6230 = VECTOR('',#6231,1.);
#6231 = DIRECTION('',(0.276574837025,-0.960992382657));
#6232 = ( GEOMETRIC_REPRESENTATION_CONTEXT(2) 
PARAMETRIC_REPRESENTATION_CONTEXT() REPRESENTATION_CONTEXT('2D SPACE',''
  ) );
#6233 = PCURVE('',#6234,#6239);
#6234 = PLANE('',#6235);
#6235 = AXIS2_PLACEMENT_3D('',#6236,#6237,#6238);
#6236 = CARTESIAN_POINT('',(17.716040468236,10.241633818193,
    12.837597600218));
#6237 = DIRECTION('',(-6.141195041948E-17,0.276574837025,0.960992382657)
  );
#6238 = DIRECTION('',(2.13383173943E-16,-0.960992382657,0.276574837025)
  );
#6239 = DEFINITIONAL_REPRESENTATION('',(#6240),#6244);
#6240 = LINE('',#6241,#6242);
#6241 = CARTESIAN_POINT('',(1.536968243027,-7.056555531008));
#6242 = VECTOR('',#6243,1.);
#6243 = DIRECTION('',(-1.,0.));
#6244 = ( GEOMETRIC_REPRESENTATION_CONTEXT(2) 
PARAMETRIC_REPRESENTATION_CONTEXT() REPRESENTATION_CONTEXT('2D SPACE',''
  ) );
#6245 = ORIENTED_EDGE('',*,*,#6246,.F.);
#6246 = EDGE_CURVE('',#6247,#6217,#6249,.T.);
#6247 = VERTEX_POINT('',#6248);
#6248 = CARTESIAN_POINT('',(10.659484937228,10.334835575785,
    13.064621457574));
#6249 = SURFACE_CURVE('',#6250,(#6254,#6261),.PCURVE_S1.);
#6250 = LINE('',#6251,#6252);
#6251 = CARTESIAN_POINT('',(10.659484937228,8.76529316047,9.241479248494
    ));
#6252 = VECTOR('',#6253,1.);
#6253 = DIRECTION('',(8.432782086103E-17,-0.379778742607,-0.925077351719
    ));
#6254 = PCURVE('',#2118,#6255);
#6255 = DEFINITIONAL_REPRESENTATION('',(#6256),#6260);
#6256 = LINE('',#6257,#6258);
#6257 = CARTESIAN_POINT('',(3.014516695121,-1.780840239047));
#6258 = VECTOR('',#6259,1.);
#6259 = DIRECTION('',(0.925077351719,0.379778742607));
#6260 = ( GEOMETRIC_REPRESENTATION_CONTEXT(2) 
PARAMETRIC_REPRESENTATION_CONTEXT() REPRESENTATION_CONTEXT('2D SPACE',''
  ) );
#6261 = PCURVE('',#6262,#6267);
#6262 = PLANE('',#6263);
#6263 = AXIS2_PLACEMENT_3D('',#6264,#6265,#6266);
#6264 = CARTESIAN_POINT('',(17.716040468236,10.366424780898,
    13.141567465685));
#6265 = DIRECTION('',(-2.054084350876E-16,0.925077351719,-0.379778742607
    ));
#6266 = DIRECTION('',(-8.432782086103E-17,0.379778742607,0.925077351719)
  );
#6267 = DEFINITIONAL_REPRESENTATION('',(#6268),#6272);
#6268 = LINE('',#6269,#6270);
#6269 = CARTESIAN_POINT('',(-4.215959032985,-7.056555531008));
#6270 = VECTOR('',#6271,1.);
#6271 = DIRECTION('',(-1.,0.));
#6272 = ( GEOMETRIC_REPRESENTATION_CONTEXT(2) 
PARAMETRIC_REPRESENTATION_CONTEXT() REPRESENTATION_CONTEXT('2D SPACE',''
  ) );
#6273 = ORIENTED_EDGE('',*,*,#6274,.T.);
#6274 = EDGE_CURVE('',#6247,#6275,#6277,.T.);
#6275 = VERTEX_POINT('',#6276);
#6276 = CARTESIAN_POINT('',(10.659484937228,10.270711443636,
    13.304205162687));
#6277 = SURFACE_CURVE('',#6278,(#6282,#6289),.PCURVE_S1.);
#6278 = LINE('',#6279,#6280);
#6279 = CARTESIAN_POINT('',(10.659484937228,10.423406909085,
    12.733696929039));
#6280 = VECTOR('',#6281,1.);
#6281 = DIRECTION('',(5.740912107976E-17,-0.258547696302,0.965998493134)
  );
#6282 = PCURVE('',#2118,#6283);
#6283 = DEFINITIONAL_REPRESENTATION('',(#6284),#6288);
#6284 = LINE('',#6285,#6286);
#6285 = CARTESIAN_POINT('',(-0.477700985423,-3.438953987662));
#6286 = VECTOR('',#6287,1.);
#6287 = DIRECTION('',(-0.965998493134,0.258547696302));
#6288 = ( GEOMETRIC_REPRESENTATION_CONTEXT(2) 
PARAMETRIC_REPRESENTATION_CONTEXT() REPRESENTATION_CONTEXT('2D SPACE',''
  ) );
#6289 = PCURVE('',#6290,#6295);
#6290 = PLANE('',#6291);
#6291 = AXIS2_PLACEMENT_3D('',#6292,#6293,#6294);
#6292 = CARTESIAN_POINT('',(5.613463652863,10.423406909085,
    12.733696929039));
#6293 = DIRECTION('',(-2.144947537661E-16,0.965998493134,0.258547696302)
  );
#6294 = DIRECTION('',(5.740912107976E-17,-0.258547696302,0.965998493134)
  );
#6295 = DEFINITIONAL_REPRESENTATION('',(#6296),#6300);
#6296 = LINE('',#6297,#6298);
#6297 = CARTESIAN_POINT('',(0.,5.046021284364));
#6298 = VECTOR('',#6299,1.);
#6299 = DIRECTION('',(1.,0.));
#6300 = ( GEOMETRIC_REPRESENTATION_CONTEXT(2) 
PARAMETRIC_REPRESENTATION_CONTEXT() REPRESENTATION_CONTEXT('2D SPACE',''
  ) );
#6301 = ORIENTED_EDGE('',*,*,#6302,.F.);
#6302 = EDGE_CURVE('',#6303,#6275,#6305,.T.);
#6303 = VERTEX_POINT('',#6304);
#6304 = CARTESIAN_POINT('',(10.659484937228,10.092589826777,
    13.355468791872));
#6305 = SURFACE_CURVE('',#6306,(#6310,#6317),.PCURVE_S1.);
#6306 = LINE('',#6307,#6308);
#6307 = CARTESIAN_POINT('',(10.659484937228,8.615575052843,13.7805555332
    ));
#6308 = VECTOR('',#6309,1.);
#6309 = DIRECTION('',(-2.13383173943E-16,0.960992382657,-0.276574837025)
  );
#6310 = PCURVE('',#2118,#6311);
#6311 = DEFINITIONAL_REPRESENTATION('',(#6312),#6316);
#6312 = LINE('',#6313,#6314);
#6313 = CARTESIAN_POINT('',(-1.524559589584,-1.63112213142));
#6314 = VECTOR('',#6315,1.);
#6315 = DIRECTION('',(0.276574837025,-0.960992382657));
#6316 = ( GEOMETRIC_REPRESENTATION_CONTEXT(2) 
PARAMETRIC_REPRESENTATION_CONTEXT() REPRESENTATION_CONTEXT('2D SPACE',''
  ) );
#6317 = PCURVE('',#6318,#6323);
#6318 = PLANE('',#6319);
#6319 = AXIS2_PLACEMENT_3D('',#6320,#6321,#6322);
#6320 = CARTESIAN_POINT('',(17.716040468236,10.092589826777,
    13.355468791872));
#6321 = DIRECTION('',(-6.141195041948E-17,0.276574837025,0.960992382657)
  );
#6322 = DIRECTION('',(2.13383173943E-16,-0.960992382657,0.276574837025)
  );
#6323 = DEFINITIONAL_REPRESENTATION('',(#6324),#6328);
#6324 = LINE('',#6325,#6326);
#6325 = CARTESIAN_POINT('',(1.536968243027,-7.056555531008));
#6326 = VECTOR('',#6327,1.);
#6327 = DIRECTION('',(-1.,0.));
#6328 = ( GEOMETRIC_REPRESENTATION_CONTEXT(2) 
PARAMETRIC_REPRESENTATION_CONTEXT() REPRESENTATION_CONTEXT('2D SPACE',''
  ) );
#6329 = ORIENTED_EDGE('',*,*,#6330,.F.);
#6330 = EDGE_CURVE('',#6331,#6303,#6333,.T.);
#6331 = VERTEX_POINT('',#6332);
#6332 = CARTESIAN_POINT('',(10.659484937228,10.192109425391,
    13.597881850849));
#6333 = SURFACE_CURVE('',#6334,(#6338,#6345),.PCURVE_S1.);
#6334 = LINE('',#6335,#6336);
#6335 = CARTESIAN_POINT('',(10.659484937228,8.616249169054,
    9.759350440148));
#6336 = VECTOR('',#6337,1.);
#6337 = DIRECTION('',(8.432782086103E-17,-0.379778742607,-0.925077351719
    ));
#6338 = PCURVE('',#2118,#6339);
#6339 = DEFINITIONAL_REPRESENTATION('',(#6340),#6344);
#6340 = LINE('',#6341,#6342);
#6341 = CARTESIAN_POINT('',(2.496645503468,-1.631796247631));
#6342 = VECTOR('',#6343,1.);
#6343 = DIRECTION('',(0.925077351719,0.379778742607));
#6344 = ( GEOMETRIC_REPRESENTATION_CONTEXT(2) 
PARAMETRIC_REPRESENTATION_CONTEXT() REPRESENTATION_CONTEXT('2D SPACE',''
  ) );
#6345 = PCURVE('',#6346,#6351);
#6346 = PLANE('',#6347);
#6347 = AXIS2_PLACEMENT_3D('',#6348,#6349,#6350);
#6348 = CARTESIAN_POINT('',(17.716040468236,10.217380789482,
    13.659438657339));
#6349 = DIRECTION('',(-2.054084350876E-16,0.925077351719,-0.379778742607
    ));
#6350 = DIRECTION('',(-8.432782086103E-17,0.379778742607,0.925077351719)
  );
#6351 = DEFINITIONAL_REPRESENTATION('',(#6352),#6356);
#6352 = LINE('',#6353,#6354);
#6353 = CARTESIAN_POINT('',(-4.215959032985,-7.056555531008));
#6354 = VECTOR('',#6355,1.);
#6355 = DIRECTION('',(-1.,0.));
#6356 = ( GEOMETRIC_REPRESENTATION_CONTEXT(2) 
PARAMETRIC_REPRESENTATION_CONTEXT() REPRESENTATION_CONTEXT('2D SPACE',''
  ) );
#6357 = ORIENTED_EDGE('',*,*,#6358,.T.);
#6358 = EDGE_CURVE('',#6331,#6359,#6361,.T.);
#6359 = VERTEX_POINT('',#6360);
#6360 = CARTESIAN_POINT('',(10.659484937228,10.132975215452,
    13.818821965618));
#6361 = SURFACE_CURVE('',#6362,(#6366,#6373),.PCURVE_S1.);
#6362 = LINE('',#6363,#6364);
#6363 = CARTESIAN_POINT('',(10.659484937228,10.423406909085,
    12.733696929039));
#6364 = VECTOR('',#6365,1.);
#6365 = DIRECTION('',(5.740912107976E-17,-0.258547696302,0.965998493134)
  );
#6366 = PCURVE('',#2118,#6367);
#6367 = DEFINITIONAL_REPRESENTATION('',(#6368),#6372);
#6368 = LINE('',#6369,#6370);
#6369 = CARTESIAN_POINT('',(-0.477700985423,-3.438953987662));
#6370 = VECTOR('',#6371,1.);
#6371 = DIRECTION('',(-0.965998493134,0.258547696302));
#6372 = ( GEOMETRIC_REPRESENTATION_CONTEXT(2) 
PARAMETRIC_REPRESENTATION_CONTEXT() REPRESENTATION_CONTEXT('2D SPACE',''
  ) );
#6373 = PCURVE('',#6374,#6379);
#6374 = PLANE('',#6375);
#6375 = AXIS2_PLACEMENT_3D('',#6376,#6377,#6378);
#6376 = CARTESIAN_POINT('',(5.613463652863,10.423406909085,
    12.733696929039));
#6377 = DIRECTION('',(-2.144947537661E-16,0.965998493134,0.258547696302)
  );
#6378 = DIRECTION('',(5.740912107976E-17,-0.258547696302,0.965998493134)
  );
#6379 = DEFINITIONAL_REPRESENTATION('',(#6380),#6384);
#6380 = LINE('',#6381,#6382);
#6381 = CARTESIAN_POINT('',(0.,5.046021284364));
#6382 = VECTOR('',#6383,1.);
#6383 = DIRECTION('',(1.,0.));
#6384 = ( GEOMETRIC_REPRESENTATION_CONTEXT(2) 
PARAMETRIC_REPRESENTATION_CONTEXT() REPRESENTATION_CONTEXT('2D SPACE',''
  ) );
#6385 = ORIENTED_EDGE('',*,*,#6386,.F.);
#6386 = EDGE_CURVE('',#6387,#6359,#6389,.T.);
#6387 = VERTEX_POINT('',#6388);
#6388 = CARTESIAN_POINT('',(10.659484937228,9.943545835361,
    13.873339983525));
#6389 = SURFACE_CURVE('',#6390,(#6394,#6401),.PCURVE_S1.);
#6390 = LINE('',#6391,#6392);
#6391 = CARTESIAN_POINT('',(10.659484937228,8.466531061427,
    14.298426724853));
#6392 = VECTOR('',#6393,1.);
#6393 = DIRECTION('',(-2.13383173943E-16,0.960992382657,-0.276574837025)
  );
#6394 = PCURVE('',#2118,#6395);
#6395 = DEFINITIONAL_REPRESENTATION('',(#6396),#6400);
#6396 = LINE('',#6397,#6398);
#6397 = CARTESIAN_POINT('',(-2.042430781238,-1.482078140004));
#6398 = VECTOR('',#6399,1.);
#6399 = DIRECTION('',(0.276574837025,-0.960992382657));
#6400 = ( GEOMETRIC_REPRESENTATION_CONTEXT(2) 
PARAMETRIC_REPRESENTATION_CONTEXT() REPRESENTATION_CONTEXT('2D SPACE',''
  ) );
#6401 = PCURVE('',#6402,#6407);
#6402 = PLANE('',#6403);
#6403 = AXIS2_PLACEMENT_3D('',#6404,#6405,#6406);
#6404 = CARTESIAN_POINT('',(17.716040468236,9.943545835361,
    13.873339983525));
#6405 = DIRECTION('',(-6.141195041948E-17,0.276574837025,0.960992382657)
  );
#6406 = DIRECTION('',(2.13383173943E-16,-0.960992382657,0.276574837025)
  );
#6407 = DEFINITIONAL_REPRESENTATION('',(#6408),#6412);
#6408 = LINE('',#6409,#6410);
#6409 = CARTESIAN_POINT('',(1.536968243027,-7.056555531008));
#6410 = VECTOR('',#6411,1.);
#6411 = DIRECTION('',(-1.,0.));
#6412 = ( GEOMETRIC_REPRESENTATION_CONTEXT(2) 
PARAMETRIC_REPRESENTATION_CONTEXT() REPRESENTATION_CONTEXT('2D SPACE',''
  ) );
#6413 = ORIENTED_EDGE('',*,*,#6414,.F.);
#6414 = EDGE_CURVE('',#6415,#6387,#6417,.T.);
#6415 = VERTEX_POINT('',#6416);
#6416 = CARTESIAN_POINT('',(10.659484937228,10.049383274998,
    14.131142244125));
#6417 = SURFACE_CURVE('',#6418,(#6422,#6429),.PCURVE_S1.);
#6418 = LINE('',#6419,#6420);
#6419 = CARTESIAN_POINT('',(10.659484937228,8.467205177637,
    10.277221631801));
#6420 = VECTOR('',#6421,1.);
#6421 = DIRECTION('',(8.432782086103E-17,-0.379778742607,-0.925077351719
    ));
#6422 = PCURVE('',#2118,#6423);
#6423 = DEFINITIONAL_REPRESENTATION('',(#6424),#6428);
#6424 = LINE('',#6425,#6426);
#6425 = CARTESIAN_POINT('',(1.978774311814,-1.482752256215));
#6426 = VECTOR('',#6427,1.);
#6427 = DIRECTION('',(0.925077351719,0.379778742607));
#6428 = ( GEOMETRIC_REPRESENTATION_CONTEXT(2) 
PARAMETRIC_REPRESENTATION_CONTEXT() REPRESENTATION_CONTEXT('2D SPACE',''
  ) );
#6429 = PCURVE('',#6430,#6435);
#6430 = PLANE('',#6431);
#6431 = AXIS2_PLACEMENT_3D('',#6432,#6433,#6434);
#6432 = CARTESIAN_POINT('',(17.716040468236,10.068336798066,
    14.177309848992));
#6433 = DIRECTION('',(-2.054084350876E-16,0.925077351719,-0.379778742607
    ));
#6434 = DIRECTION('',(-8.432782086103E-17,0.379778742607,0.925077351719)
  );
#6435 = DEFINITIONAL_REPRESENTATION('',(#6436),#6440);
#6436 = LINE('',#6437,#6438);
#6437 = CARTESIAN_POINT('',(-4.215959032985,-7.056555531008));
#6438 = VECTOR('',#6439,1.);
#6439 = DIRECTION('',(-1.,0.));
#6440 = ( GEOMETRIC_REPRESENTATION_CONTEXT(2) 
PARAMETRIC_REPRESENTATION_CONTEXT() REPRESENTATION_CONTEXT('2D SPACE',''
  ) );
#6441 = ORIENTED_EDGE('',*,*,#6442,.T.);
#6442 = EDGE_CURVE('',#6415,#6443,#6445,.T.);
#6443 = VERTEX_POINT('',#6444);
#6444 = CARTESIAN_POINT('',(10.659484937228,9.995238987267,
    14.333438768549));
#6445 = SURFACE_CURVE('',#6446,(#6450,#6457),.PCURVE_S1.);
#6446 = LINE('',#6447,#6448);
#6447 = CARTESIAN_POINT('',(10.659484937228,10.423406909085,
    12.733696929039));
#6448 = VECTOR('',#6449,1.);
#6449 = DIRECTION('',(5.740912107976E-17,-0.258547696302,0.965998493134)
  );
#6450 = PCURVE('',#2118,#6451);
#6451 = DEFINITIONAL_REPRESENTATION('',(#6452),#6456);
#6452 = LINE('',#6453,#6454);
#6453 = CARTESIAN_POINT('',(-0.477700985423,-3.438953987662));
#6454 = VECTOR('',#6455,1.);
#6455 = DIRECTION('',(-0.965998493134,0.258547696302));
#6456 = ( GEOMETRIC_REPRESENTATION_CONTEXT(2) 
PARAMETRIC_REPRESENTATION_CONTEXT() REPRESENTATION_CONTEXT('2D SPACE',''
  ) );
#6457 = PCURVE('',#6458,#6463);
#6458 = PLANE('',#6459);
#6459 = AXIS2_PLACEMENT_3D('',#6460,#6461,#6462);
#6460 = CARTESIAN_POINT('',(5.613463652863,10.423406909085,
    12.733696929039));
#6461 = DIRECTION('',(-2.144947537661E-16,0.965998493134,0.258547696302)
  );
#6462 = DIRECTION('',(5.740912107976E-17,-0.258547696302,0.965998493134)
  );
#6463 = DEFINITIONAL_REPRESENTATION('',(#6464),#6468);
#6464 = LINE('',#6465,#6466);
#6465 = CARTESIAN_POINT('',(0.,5.046021284364));
#6466 = VECTOR('',#6467,1.);
#6467 = DIRECTION('',(1.,0.));
#6468 = ( GEOMETRIC_REPRESENTATION_CONTEXT(2) 
PARAMETRIC_REPRESENTATION_CONTEXT() REPRESENTATION_CONTEXT('2D SPACE',''
  ) );
#6469 = ORIENTED_EDGE('',*,*,#6470,.F.);
#6470 = EDGE_CURVE('',#6471,#6443,#6473,.T.);
#6471 = VERTEX_POINT('',#6472);
#6472 = CARTESIAN_POINT('',(10.659484937228,9.794501843945,
    14.391211175179));
#6473 = SURFACE_CURVE('',#6474,(#6478,#6485),.PCURVE_S1.);
#6474 = LINE('',#6475,#6476);
#6475 = CARTESIAN_POINT('',(10.659484937228,8.317487070011,
    14.816297916507));
#6476 = VECTOR('',#6477,1.);
#6477 = DIRECTION('',(-2.13383173943E-16,0.960992382657,-0.276574837025)
  );
#6478 = PCURVE('',#2118,#6479);
#6479 = DEFINITIONAL_REPRESENTATION('',(#6480),#6484);
#6480 = LINE('',#6481,#6482);
#6481 = CARTESIAN_POINT('',(-2.560301972891,-1.333034148588));
#6482 = VECTOR('',#6483,1.);
#6483 = DIRECTION('',(0.276574837025,-0.960992382657));
#6484 = ( GEOMETRIC_REPRESENTATION_CONTEXT(2) 
PARAMETRIC_REPRESENTATION_CONTEXT() REPRESENTATION_CONTEXT('2D SPACE',''
  ) );
#6485 = PCURVE('',#6486,#6491);
#6486 = PLANE('',#6487);
#6487 = AXIS2_PLACEMENT_3D('',#6488,#6489,#6490);
#6488 = CARTESIAN_POINT('',(17.716040468236,9.794501843945,
    14.391211175179));
#6489 = DIRECTION('',(-6.141195041948E-17,0.276574837025,0.960992382657)
  );
#6490 = DIRECTION('',(2.13383173943E-16,-0.960992382657,0.276574837025)
  );
#6491 = DEFINITIONAL_REPRESENTATION('',(#6492),#6496);
#6492 = LINE('',#6493,#6494);
#6493 = CARTESIAN_POINT('',(1.536968243027,-7.056555531008));
#6494 = VECTOR('',#6495,1.);
#6495 = DIRECTION('',(-1.,0.));
#6496 = ( GEOMETRIC_REPRESENTATION_CONTEXT(2) 
PARAMETRIC_REPRESENTATION_CONTEXT() REPRESENTATION_CONTEXT('2D SPACE',''
  ) );
#6497 = ORIENTED_EDGE('',*,*,#6498,.F.);
#6498 = EDGE_CURVE('',#6499,#6471,#6501,.T.);
#6499 = VERTEX_POINT('',#6500);
#6500 = CARTESIAN_POINT('',(10.659484937228,9.906657124604,
    14.664402637401));
#6501 = SURFACE_CURVE('',#6502,(#6506,#6513),.PCURVE_S1.);
#6502 = LINE('',#6503,#6504);
#6503 = CARTESIAN_POINT('',(10.659484937228,8.318161186221,
    10.795092823455));
#6504 = VECTOR('',#6505,1.);
#6505 = DIRECTION('',(8.432782086103E-17,-0.379778742607,-0.925077351719
    ));
#6506 = PCURVE('',#2118,#6507);
#6507 = DEFINITIONAL_REPRESENTATION('',(#6508),#6512);
#6508 = LINE('',#6509,#6510);
#6509 = CARTESIAN_POINT('',(1.46090312016,-1.333708264799));
#6510 = VECTOR('',#6511,1.);
#6511 = DIRECTION('',(0.925077351719,0.379778742607));
#6512 = ( GEOMETRIC_REPRESENTATION_CONTEXT(2) 
PARAMETRIC_REPRESENTATION_CONTEXT() REPRESENTATION_CONTEXT('2D SPACE',''
  ) );
#6513 = PCURVE('',#6514,#6519);
#6514 = PLANE('',#6515);
#6515 = AXIS2_PLACEMENT_3D('',#6516,#6517,#6518);
#6516 = CARTESIAN_POINT('',(17.716040468236,9.91929280665,
    14.695181040646));
#6517 = DIRECTION('',(-2.054084350876E-16,0.925077351719,-0.379778742607
    ));
#6518 = DIRECTION('',(-8.432782086103E-17,0.379778742607,0.925077351719)
  );
#6519 = DEFINITIONAL_REPRESENTATION('',(#6520),#6524);
#6520 = LINE('',#6521,#6522);
#6521 = CARTESIAN_POINT('',(-4.215959032985,-7.056555531008));
#6522 = VECTOR('',#6523,1.);
#6523 = DIRECTION('',(-1.,0.));
#6524 = ( GEOMETRIC_REPRESENTATION_CONTEXT(2) 
PARAMETRIC_REPRESENTATION_CONTEXT() REPRESENTATION_CONTEXT('2D SPACE',''
  ) );
#6525 = ORIENTED_EDGE('',*,*,#6526,.T.);
#6526 = EDGE_CURVE('',#6499,#6527,#6529,.T.);
#6527 = VERTEX_POINT('',#6528);
#6528 = CARTESIAN_POINT('',(10.659484937228,9.857502759082,
    14.848055571479));
#6529 = SURFACE_CURVE('',#6530,(#6534,#6541),.PCURVE_S1.);
#6530 = LINE('',#6531,#6532);
#6531 = CARTESIAN_POINT('',(10.659484937228,10.423406909085,
    12.733696929039));
#6532 = VECTOR('',#6533,1.);
#6533 = DIRECTION('',(5.740912107976E-17,-0.258547696302,0.965998493134)
  );
#6534 = PCURVE('',#2118,#6535);
#6535 = DEFINITIONAL_REPRESENTATION('',(#6536),#6540);
#6536 = LINE('',#6537,#6538);
#6537 = CARTESIAN_POINT('',(-0.477700985423,-3.438953987662));
#6538 = VECTOR('',#6539,1.);
#6539 = DIRECTION('',(-0.965998493134,0.258547696302));
#6540 = ( GEOMETRIC_REPRESENTATION_CONTEXT(2) 
PARAMETRIC_REPRESENTATION_CONTEXT() REPRESENTATION_CONTEXT('2D SPACE',''
  ) );
#6541 = PCURVE('',#6542,#6547);
#6542 = PLANE('',#6543);
#6543 = AXIS2_PLACEMENT_3D('',#6544,#6545,#6546);
#6544 = CARTESIAN_POINT('',(5.613463652863,10.423406909085,
    12.733696929039));
#6545 = DIRECTION('',(-2.144947537661E-16,0.965998493134,0.258547696302)
  );
#6546 = DIRECTION('',(5.740912107976E-17,-0.258547696302,0.965998493134)
  );
#6547 = DEFINITIONAL_REPRESENTATION('',(#6548),#6552);
#6548 = LINE('',#6549,#6550);
#6549 = CARTESIAN_POINT('',(0.,5.046021284364));
#6550 = VECTOR('',#6551,1.);
#6551 = DIRECTION('',(1.,0.));
#6552 = ( GEOMETRIC_REPRESENTATION_CONTEXT(2) 
PARAMETRIC_REPRESENTATION_CONTEXT() REPRESENTATION_CONTEXT('2D SPACE',''
  ) );
#6553 = ORIENTED_EDGE('',*,*,#6554,.F.);
#6554 = EDGE_CURVE('',#6555,#6527,#6557,.T.);
#6555 = VERTEX_POINT('',#6556);
#6556 = CARTESIAN_POINT('',(10.659484937228,9.645457852529,
    14.909082366832));
#6557 = SURFACE_CURVE('',#6558,(#6562,#6569),.PCURVE_S1.);
#6558 = LINE('',#6559,#6560);
#6559 = CARTESIAN_POINT('',(10.659484937228,8.168443078595,
    15.33416910816));
#6560 = VECTOR('',#6561,1.);
#6561 = DIRECTION('',(-2.13383173943E-16,0.960992382657,-0.276574837025)
  );
#6562 = PCURVE('',#2118,#6563);
#6563 = DEFINITIONAL_REPRESENTATION('',(#6564),#6568);
#6564 = LINE('',#6565,#6566);
#6565 = CARTESIAN_POINT('',(-3.078173164545,-1.183990157172));
#6566 = VECTOR('',#6567,1.);
#6567 = DIRECTION('',(0.276574837025,-0.960992382657));
#6568 = ( GEOMETRIC_REPRESENTATION_CONTEXT(2) 
PARAMETRIC_REPRESENTATION_CONTEXT() REPRESENTATION_CONTEXT('2D SPACE',''
  ) );
#6569 = PCURVE('',#6570,#6575);
#6570 = PLANE('',#6571);
#6571 = AXIS2_PLACEMENT_3D('',#6572,#6573,#6574);
#6572 = CARTESIAN_POINT('',(17.716040468236,9.645457852529,
    14.909082366832));
#6573 = DIRECTION('',(-6.141195041948E-17,0.276574837025,0.960992382657)
  );
#6574 = DIRECTION('',(2.13383173943E-16,-0.960992382657,0.276574837025)
  );
#6575 = DEFINITIONAL_REPRESENTATION('',(#6576),#6580);
#6576 = LINE('',#6577,#6578);
#6577 = CARTESIAN_POINT('',(1.536968243027,-7.056555531008));
#6578 = VECTOR('',#6579,1.);
#6579 = DIRECTION('',(-1.,0.));
#6580 = ( GEOMETRIC_REPRESENTATION_CONTEXT(2) 
PARAMETRIC_REPRESENTATION_CONTEXT() REPRESENTATION_CONTEXT('2D SPACE',''
  ) );
#6581 = ORIENTED_EDGE('',*,*,#6582,.F.);
#6582 = EDGE_CURVE('',#6583,#6555,#6585,.T.);
#6583 = VERTEX_POINT('',#6584);
#6584 = CARTESIAN_POINT('',(10.659484937228,9.763930974211,
    15.197663030677));
#6585 = SURFACE_CURVE('',#6586,(#6590,#6597),.PCURVE_S1.);
#6586 = LINE('',#6587,#6588);
#6587 = CARTESIAN_POINT('',(10.659484937228,8.169117194805,
    11.312964015109));
#6588 = VECTOR('',#6589,1.);
#6589 = DIRECTION('',(8.432782086103E-17,-0.379778742607,-0.925077351719
    ));
#6590 = PCURVE('',#2118,#6591);
#6591 = DEFINITIONAL_REPRESENTATION('',(#6592),#6596);
#6592 = LINE('',#6593,#6594);
#6593 = CARTESIAN_POINT('',(0.943031928507,-1.184664273383));
#6594 = VECTOR('',#6595,1.);
#6595 = DIRECTION('',(0.925077351719,0.379778742607));
#6596 = ( GEOMETRIC_REPRESENTATION_CONTEXT(2) 
PARAMETRIC_REPRESENTATION_CONTEXT() REPRESENTATION_CONTEXT('2D SPACE',''
  ) );
#6597 = PCURVE('',#6598,#6603);
#6598 = PLANE('',#6599);
#6599 = AXIS2_PLACEMENT_3D('',#6600,#6601,#6602);
#6600 = CARTESIAN_POINT('',(17.716040468236,9.770248815234,15.2130522323
    ));
#6601 = DIRECTION('',(-2.054084350876E-16,0.925077351719,-0.379778742607
    ));
#6602 = DIRECTION('',(-8.432782086103E-17,0.379778742607,0.925077351719)
  );
#6603 = DEFINITIONAL_REPRESENTATION('',(#6604),#6608);
#6604 = LINE('',#6605,#6606);
#6605 = CARTESIAN_POINT('',(-4.215959032985,-7.056555531008));
#6606 = VECTOR('',#6607,1.);
#6607 = DIRECTION('',(-1.,0.));
#6608 = ( GEOMETRIC_REPRESENTATION_CONTEXT(2) 
PARAMETRIC_REPRESENTATION_CONTEXT() REPRESENTATION_CONTEXT('2D SPACE',''
  ) );
#6609 = ORIENTED_EDGE('',*,*,#6610,.T.);
#6610 = EDGE_CURVE('',#6583,#6611,#6613,.T.);
#6611 = VERTEX_POINT('',#6612);
#6612 = CARTESIAN_POINT('',(10.659484937228,9.719766530898,
    15.36267237441));
#6613 = SURFACE_CURVE('',#6614,(#6618,#6625),.PCURVE_S1.);
#6614 = LINE('',#6615,#6616);
#6615 = CARTESIAN_POINT('',(10.659484937228,10.423406909085,
    12.733696929039));
#6616 = VECTOR('',#6617,1.);
#6617 = DIRECTION('',(5.740912107976E-17,-0.258547696302,0.965998493134)
  );
#6618 = PCURVE('',#2118,#6619);
#6619 = DEFINITIONAL_REPRESENTATION('',(#6620),#6624);
#6620 = LINE('',#6621,#6622);
#6621 = CARTESIAN_POINT('',(-0.477700985423,-3.438953987662));
#6622 = VECTOR('',#6623,1.);
#6623 = DIRECTION('',(-0.965998493134,0.258547696302));
#6624 = ( GEOMETRIC_REPRESENTATION_CONTEXT(2) 
PARAMETRIC_REPRESENTATION_CONTEXT() REPRESENTATION_CONTEXT('2D SPACE',''
  ) );
#6625 = PCURVE('',#6626,#6631);
#6626 = PLANE('',#6627);
#6627 = AXIS2_PLACEMENT_3D('',#6628,#6629,#6630);
#6628 = CARTESIAN_POINT('',(5.613463652863,10.423406909085,
    12.733696929039));
#6629 = DIRECTION('',(-2.144947537661E-16,0.965998493134,0.258547696302)
  );
#6630 = DIRECTION('',(5.740912107976E-17,-0.258547696302,0.965998493134)
  );
#6631 = DEFINITIONAL_REPRESENTATION('',(#6632),#6636);
#6632 = LINE('',#6633,#6634);
#6633 = CARTESIAN_POINT('',(0.,5.046021284364));
#6634 = VECTOR('',#6635,1.);
#6635 = DIRECTION('',(1.,0.));
#6636 = ( GEOMETRIC_REPRESENTATION_CONTEXT(2) 
PARAMETRIC_REPRESENTATION_CONTEXT() REPRESENTATION_CONTEXT('2D SPACE',''
  ) );
#6637 = ORIENTED_EDGE('',*,*,#6638,.F.);
#6638 = EDGE_CURVE('',#6639,#6611,#6641,.T.);
#6639 = VERTEX_POINT('',#6640);
#6640 = CARTESIAN_POINT('',(10.659484937228,9.496413861113,
    15.426953558486));
#6641 = SURFACE_CURVE('',#6642,(#6646,#6653),.PCURVE_S1.);
#6642 = LINE('',#6643,#6644);
#6643 = CARTESIAN_POINT('',(10.659484937228,8.019399087178,
    15.852040299814));
#6644 = VECTOR('',#6645,1.);
#6645 = DIRECTION('',(-2.13383173943E-16,0.960992382657,-0.276574837025)
  );
#6646 = PCURVE('',#2118,#6647);
#6647 = DEFINITIONAL_REPRESENTATION('',(#6648),#6652);
#6648 = LINE('',#6649,#6650);
#6649 = CARTESIAN_POINT('',(-3.596044356199,-1.034946165756));
#6650 = VECTOR('',#6651,1.);
#6651 = DIRECTION('',(0.276574837025,-0.960992382657));
#6652 = ( GEOMETRIC_REPRESENTATION_CONTEXT(2) 
PARAMETRIC_REPRESENTATION_CONTEXT() REPRESENTATION_CONTEXT('2D SPACE',''
  ) );
#6653 = PCURVE('',#6654,#6659);
#6654 = PLANE('',#6655);
#6655 = AXIS2_PLACEMENT_3D('',#6656,#6657,#6658);
#6656 = CARTESIAN_POINT('',(17.716040468236,9.496413861113,
    15.426953558486));
#6657 = DIRECTION('',(-6.141195041948E-17,0.276574837025,0.960992382657)
  );
#6658 = DIRECTION('',(2.13383173943E-16,-0.960992382657,0.276574837025)
  );
#6659 = DEFINITIONAL_REPRESENTATION('',(#6660),#6664);
#6660 = LINE('',#6661,#6662);
#6661 = CARTESIAN_POINT('',(1.536968243027,-7.056555531008));
#6662 = VECTOR('',#6663,1.);
#6663 = DIRECTION('',(-1.,0.));
#6664 = ( GEOMETRIC_REPRESENTATION_CONTEXT(2) 
PARAMETRIC_REPRESENTATION_CONTEXT() REPRESENTATION_CONTEXT('2D SPACE',''
  ) );
#6665 = ORIENTED_EDGE('',*,*,#6666,.F.);
#6666 = EDGE_CURVE('',#6667,#6639,#6669,.T.);
#6667 = VERTEX_POINT('',#6668);
#6668 = CARTESIAN_POINT('',(10.659484937228,9.621204823817,
    15.730923423953));
#6669 = SURFACE_CURVE('',#6670,(#6674,#6681),.PCURVE_S1.);
#6670 = LINE('',#6671,#6672);
#6671 = CARTESIAN_POINT('',(10.659484937228,8.020073203389,
    11.830835206762));
#6672 = VECTOR('',#6673,1.);
#6673 = DIRECTION('',(8.432782086103E-17,-0.379778742607,-0.925077351719
    ));
#6674 = PCURVE('',#2118,#6675);
#6675 = DEFINITIONAL_REPRESENTATION('',(#6676),#6680);
#6676 = LINE('',#6677,#6678);
#6677 = CARTESIAN_POINT('',(0.425160736853,-1.035620281966));
#6678 = VECTOR('',#6679,1.);
#6679 = DIRECTION('',(0.925077351719,0.379778742607));
#6680 = ( GEOMETRIC_REPRESENTATION_CONTEXT(2) 
PARAMETRIC_REPRESENTATION_CONTEXT() REPRESENTATION_CONTEXT('2D SPACE',''
  ) );
#6681 = PCURVE('',#6682,#6687);
#6682 = PLANE('',#6683);
#6683 = AXIS2_PLACEMENT_3D('',#6684,#6685,#6686);
#6684 = CARTESIAN_POINT('',(17.716040468236,9.621204823817,
    15.730923423953));
#6685 = DIRECTION('',(-2.054084350876E-16,0.925077351719,-0.379778742607
    ));
#6686 = DIRECTION('',(-8.432782086103E-17,0.379778742607,0.925077351719)
  );
#6687 = DEFINITIONAL_REPRESENTATION('',(#6688),#6692);
#6688 = LINE('',#6689,#6690);
#6689 = CARTESIAN_POINT('',(-4.215959032985,-7.056555531008));
#6690 = VECTOR('',#6691,1.);
#6691 = DIRECTION('',(-1.,0.));
#6692 = ( GEOMETRIC_REPRESENTATION_CONTEXT(2) 
PARAMETRIC_REPRESENTATION_CONTEXT() REPRESENTATION_CONTEXT('2D SPACE',''
  ) );
#6693 = ORIENTED_EDGE('',*,*,#6694,.T.);
#6694 = EDGE_CURVE('',#6667,#6695,#6697,.T.);
#6695 = VERTEX_POINT('',#6696);
#6696 = CARTESIAN_POINT('',(10.659484937228,9.559744922926,
    15.960552898509));
#6697 = SURFACE_CURVE('',#6698,(#6702,#6709),.PCURVE_S1.);
#6698 = LINE('',#6699,#6700);
#6699 = CARTESIAN_POINT('',(10.659484937228,10.423406909085,
    12.733696929039));
#6700 = VECTOR('',#6701,1.);
#6701 = DIRECTION('',(5.740912107976E-17,-0.258547696302,0.965998493134)
  );
#6702 = PCURVE('',#2118,#6703);
#6703 = DEFINITIONAL_REPRESENTATION('',(#6704),#6708);
#6704 = LINE('',#6705,#6706);
#6705 = CARTESIAN_POINT('',(-0.477700985423,-3.438953987662));
#6706 = VECTOR('',#6707,1.);
#6707 = DIRECTION('',(-0.965998493134,0.258547696302));
#6708 = ( GEOMETRIC_REPRESENTATION_CONTEXT(2) 
PARAMETRIC_REPRESENTATION_CONTEXT() REPRESENTATION_CONTEXT('2D SPACE',''
  ) );
#6709 = PCURVE('',#6710,#6715);
#6710 = PLANE('',#6711);
#6711 = AXIS2_PLACEMENT_3D('',#6712,#6713,#6714);
#6712 = CARTESIAN_POINT('',(5.613463652863,10.423406909085,
    12.733696929039));
#6713 = DIRECTION('',(-2.144947537661E-16,0.965998493134,0.258547696302)
  );
#6714 = DIRECTION('',(5.740912107976E-17,-0.258547696302,0.965998493134)
  );
#6715 = DEFINITIONAL_REPRESENTATION('',(#6716),#6720);
#6716 = LINE('',#6717,#6718);
#6717 = CARTESIAN_POINT('',(0.,5.046021284364));
#6718 = VECTOR('',#6719,1.);
#6719 = DIRECTION('',(1.,0.));
#6720 = ( GEOMETRIC_REPRESENTATION_CONTEXT(2) 
PARAMETRIC_REPRESENTATION_CONTEXT() REPRESENTATION_CONTEXT('2D SPACE',''
  ) );
#6721 = ORIENTED_EDGE('',*,*,#6722,.T.);
#6722 = EDGE_CURVE('',#6695,#6723,#6725,.T.);
#6723 = VERTEX_POINT('',#6724);
#6724 = CARTESIAN_POINT('',(10.659484937228,8.787970572718,
    15.960552898509));
#6725 = SURFACE_CURVE('',#6726,(#6730,#6737),.PCURVE_S1.);
#6726 = LINE('',#6727,#6728);
#6727 = CARTESIAN_POINT('',(10.659484937228,9.559744922926,
    15.960552898509));
#6728 = VECTOR('',#6729,1.);
#6729 = DIRECTION('',(2.22044604925E-16,-1.,-5.619270307147E-16));
#6730 = PCURVE('',#2118,#6731);
#6731 = DEFINITIONAL_REPRESENTATION('',(#6732),#6736);
#6732 = LINE('',#6733,#6734);
#6733 = CARTESIAN_POINT('',(-3.704556954894,-2.575292001503));
#6734 = VECTOR('',#6735,1.);
#6735 = DIRECTION('',(5.619270307147E-16,1.));
#6736 = ( GEOMETRIC_REPRESENTATION_CONTEXT(2) 
PARAMETRIC_REPRESENTATION_CONTEXT() REPRESENTATION_CONTEXT('2D SPACE',''
  ) );
#6737 = PCURVE('',#6738,#6743);
#6738 = PLANE('',#6739);
#6739 = AXIS2_PLACEMENT_3D('',#6740,#6741,#6742);
#6740 = CARTESIAN_POINT('',(5.613463652863,9.559744922926,
    15.960552898509));
#6741 = DIRECTION('',(1.247728655317E-31,-5.619270307147E-16,1.));
#6742 = DIRECTION('',(2.22044604925E-16,-1.,-5.619270307147E-16));
#6743 = DEFINITIONAL_REPRESENTATION('',(#6744),#6748);
#6744 = LINE('',#6745,#6746);
#6745 = CARTESIAN_POINT('',(0.,5.046021284364));
#6746 = VECTOR('',#6747,1.);
#6747 = DIRECTION('',(1.,0.));
#6748 = ( GEOMETRIC_REPRESENTATION_CONTEXT(2) 
PARAMETRIC_REPRESENTATION_CONTEXT() REPRESENTATION_CONTEXT('2D SPACE',''
  ) );
#6749 = ORIENTED_EDGE('',*,*,#6750,.T.);
#6750 = EDGE_CURVE('',#6723,#6751,#6753,.T.);
#6751 = VERTEX_POINT('',#6752);
#6752 = CARTESIAN_POINT('',(10.659484937228,9.592648852884,
    12.954074723632));
#6753 = SURFACE_CURVE('',#6754,(#6758,#6765),.PCURVE_S1.);
#6754 = LINE('',#6755,#6756);
#6755 = CARTESIAN_POINT('',(10.659484937228,8.787970572718,
    15.960552898509));
#6756 = VECTOR('',#6757,1.);
#6757 = DIRECTION('',(-5.740912107976E-17,0.258547696302,-0.965998493134
    ));
#6758 = PCURVE('',#2118,#6759);
#6759 = DEFINITIONAL_REPRESENTATION('',(#6760),#6764);
#6760 = LINE('',#6761,#6762);
#6761 = CARTESIAN_POINT('',(-3.704556954894,-1.803517651295));
#6762 = VECTOR('',#6763,1.);
#6763 = DIRECTION('',(0.965998493134,-0.258547696302));
#6764 = ( GEOMETRIC_REPRESENTATION_CONTEXT(2) 
PARAMETRIC_REPRESENTATION_CONTEXT() REPRESENTATION_CONTEXT('2D SPACE',''
  ) );
#6765 = PCURVE('',#6766,#6771);
#6766 = PLANE('',#6767);
#6767 = AXIS2_PLACEMENT_3D('',#6768,#6769,#6770);
#6768 = CARTESIAN_POINT('',(5.613463652863,8.787970572718,
    15.960552898509));
#6769 = DIRECTION('',(2.144947537661E-16,-0.965998493134,-0.258547696302
    ));
#6770 = DIRECTION('',(-5.740912107976E-17,0.258547696302,-0.965998493134
    ));
#6771 = DEFINITIONAL_REPRESENTATION('',(#6772),#6776);
#6772 = LINE('',#6773,#6774);
#6773 = CARTESIAN_POINT('',(0.,5.046021284364));
#6774 = VECTOR('',#6775,1.);
#6775 = DIRECTION('',(1.,0.));
#6776 = ( GEOMETRIC_REPRESENTATION_CONTEXT(2) 
PARAMETRIC_REPRESENTATION_CONTEXT() REPRESENTATION_CONTEXT('2D SPACE',''
  ) );
#6777 = ORIENTED_EDGE('',*,*,#6778,.T.);
#6778 = EDGE_CURVE('',#6751,#6779,#6781,.T.);
#6779 = VERTEX_POINT('',#6780);
#6780 = CARTESIAN_POINT('',(10.659484937228,9.599891043983,
    11.585560691663));
#6781 = SURFACE_CURVE('',#6782,(#6787,#6794),.PCURVE_S1.);
#6782 = CIRCLE('',#6783,2.7);
#6783 = AXIS2_PLACEMENT_3D('',#6784,#6785,#6786);
#6784 = CARTESIAN_POINT('',(10.659484937228,6.984452921423,
    12.255995943615));
#6785 = DIRECTION('',(-1.,-2.22044604925E-16,0.));
#6786 = DIRECTION('',(2.22044604925E-16,-1.,0.));
#6787 = PCURVE('',#2118,#6788);
#6788 = DEFINITIONAL_REPRESENTATION('',(#6789),#6793);
#6789 = CIRCLE('',#6790,2.7);
#6790 = AXIS2_PLACEMENT_2D('',#6791,#6792);
#6791 = CARTESIAN_POINT('',(0.,0.));
#6792 = DIRECTION('',(0.,1.));
#6793 = ( GEOMETRIC_REPRESENTATION_CONTEXT(2) 
PARAMETRIC_REPRESENTATION_CONTEXT() REPRESENTATION_CONTEXT('2D SPACE',''
  ) );
#6794 = PCURVE('',#6795,#6800);
#6795 = CYLINDRICAL_SURFACE('',#6796,2.7);
#6796 = AXIS2_PLACEMENT_3D('',#6797,#6798,#6799);
#6797 = CARTESIAN_POINT('',(5.613463652863,6.984452921423,
    12.255995943615));
#6798 = DIRECTION('',(1.,2.22044604925E-16,0.));
#6799 = DIRECTION('',(0.,-0.,1.));
#6800 = DEFINITIONAL_REPRESENTATION('',(#6801),#6805);
#6801 = LINE('',#6802,#6803);
#6802 = CARTESIAN_POINT('',(7.853981633974,5.046021284364));
#6803 = VECTOR('',#6804,1.);
#6804 = DIRECTION('',(-1.,0.));
#6805 = ( GEOMETRIC_REPRESENTATION_CONTEXT(2) 
PARAMETRIC_REPRESENTATION_CONTEXT() REPRESENTATION_CONTEXT('2D SPACE',''
  ) );
#6806 = ORIENTED_EDGE('',*,*,#6807,.T.);
#6807 = EDGE_CURVE('',#6779,#6808,#6810,.T.);
#6808 = VERTEX_POINT('',#6809);
#6809 = CARTESIAN_POINT('',(10.659484937228,8.787970572718,
    8.418173912924));
#6810 = SURFACE_CURVE('',#6811,(#6815,#6822),.PCURVE_S1.);
#6811 = LINE('',#6812,#6813);
#6812 = CARTESIAN_POINT('',(10.659484937228,9.599891043983,
    11.585560691663));
#6813 = VECTOR('',#6814,1.);
#6814 = DIRECTION('',(5.513575209167E-17,-0.248309352575,-0.968680786133
    ));
#6815 = PCURVE('',#2118,#6816);
#6816 = DEFINITIONAL_REPRESENTATION('',(#6817),#6821);
#6817 = LINE('',#6818,#6819);
#6818 = CARTESIAN_POINT('',(0.670435251952,-2.61543812256));
#6819 = VECTOR('',#6820,1.);
#6820 = DIRECTION('',(0.968680786133,0.248309352575));
#6821 = ( GEOMETRIC_REPRESENTATION_CONTEXT(2) 
PARAMETRIC_REPRESENTATION_CONTEXT() REPRESENTATION_CONTEXT('2D SPACE',''
  ) );
#6822 = PCURVE('',#6823,#6828);
#6823 = PLANE('',#6824);
#6824 = AXIS2_PLACEMENT_3D('',#6825,#6826,#6827);
#6825 = CARTESIAN_POINT('',(5.613463652863,9.599891043983,
    11.585560691663));
#6826 = DIRECTION('',(2.150903424554E-16,-0.968680786133,0.248309352575)
  );
#6827 = DIRECTION('',(5.513575209167E-17,-0.248309352575,-0.968680786133
    ));
#6828 = DEFINITIONAL_REPRESENTATION('',(#6829),#6833);
#6829 = LINE('',#6830,#6831);
#6830 = CARTESIAN_POINT('',(0.,5.046021284364));
#6831 = VECTOR('',#6832,1.);
#6832 = DIRECTION('',(1.,0.));
#6833 = ( GEOMETRIC_REPRESENTATION_CONTEXT(2) 
PARAMETRIC_REPRESENTATION_CONTEXT() REPRESENTATION_CONTEXT('2D SPACE',''
  ) );
#6834 = ORIENTED_EDGE('',*,*,#6835,.T.);
#6835 = EDGE_CURVE('',#6808,#2075,#6836,.T.);
#6836 = SURFACE_CURVE('',#6837,(#6841,#6848),.PCURVE_S1.);
#6837 = LINE('',#6838,#6839);
#6838 = CARTESIAN_POINT('',(10.659484937228,8.787970572718,
    8.418173912924));
#6839 = VECTOR('',#6840,1.);
#6840 = DIRECTION('',(2.22044604925E-16,-1.,0.));
#6841 = PCURVE('',#2118,#6842);
#6842 = DEFINITIONAL_REPRESENTATION('',(#6843),#6847);
#6843 = LINE('',#6844,#6845);
#6844 = CARTESIAN_POINT('',(3.837822030691,-1.803517651295));
#6845 = VECTOR('',#6846,1.);
#6846 = DIRECTION('',(0.,1.));
#6847 = ( GEOMETRIC_REPRESENTATION_CONTEXT(2) 
PARAMETRIC_REPRESENTATION_CONTEXT() REPRESENTATION_CONTEXT('2D SPACE',''
  ) );
#6848 = PCURVE('',#2090,#6849);
#6849 = DEFINITIONAL_REPRESENTATION('',(#6850),#6854);
#6850 = LINE('',#6851,#6852);
#6851 = CARTESIAN_POINT('',(0.,5.046021284364));
#6852 = VECTOR('',#6853,1.);
#6853 = DIRECTION('',(1.,0.));
#6854 = ( GEOMETRIC_REPRESENTATION_CONTEXT(2) 
PARAMETRIC_REPRESENTATION_CONTEXT() REPRESENTATION_CONTEXT('2D SPACE',''
  ) );
#6855 = ORIENTED_EDGE('',*,*,#2102,.T.);
#6856 = ORIENTED_EDGE('',*,*,#6192,.T.);
#6857 = ORIENTED_EDGE('',*,*,#6858,.T.);
#6858 = EDGE_CURVE('',#6165,#6859,#6861,.T.);
#6859 = VERTEX_POINT('',#6860);
#6860 = CARTESIAN_POINT('',(10.659484937228,9.282466122857,
    7.371495425888));
#6861 = SURFACE_CURVE('',#6862,(#6866,#6873),.PCURVE_S1.);
#6862 = LINE('',#6863,#6864);
#6863 = CARTESIAN_POINT('',(10.659484937228,9.282466122857,
    5.959205082588));
#6864 = VECTOR('',#6865,1.);
#6865 = DIRECTION('',(0.,0.,1.));
#6866 = PCURVE('',#2118,#6867);
#6867 = DEFINITIONAL_REPRESENTATION('',(#6868),#6872);
#6868 = LINE('',#6869,#6870);
#6869 = CARTESIAN_POINT('',(6.296790861027,-2.298013201434));
#6870 = VECTOR('',#6871,1.);
#6871 = DIRECTION('',(-1.,0.));
#6872 = ( GEOMETRIC_REPRESENTATION_CONTEXT(2) 
PARAMETRIC_REPRESENTATION_CONTEXT() REPRESENTATION_CONTEXT('2D SPACE',''
  ) );
#6873 = PCURVE('',#6180,#6874);
#6874 = DEFINITIONAL_REPRESENTATION('',(#6875),#6879);
#6875 = LINE('',#6876,#6877);
#6876 = CARTESIAN_POINT('',(0.,5.046021284364));
#6877 = VECTOR('',#6878,1.);
#6878 = DIRECTION('',(1.,0.));
#6879 = ( GEOMETRIC_REPRESENTATION_CONTEXT(2) 
PARAMETRIC_REPRESENTATION_CONTEXT() REPRESENTATION_CONTEXT('2D SPACE',''
  ) );
#6880 = ORIENTED_EDGE('',*,*,#6881,.T.);
#6881 = EDGE_CURVE('',#6859,#6882,#6884,.T.);
#6882 = VERTEX_POINT('',#6883);
#6883 = CARTESIAN_POINT('',(10.659484937228,10.409890410797,
    11.288866089054));
#6884 = SURFACE_CURVE('',#6885,(#6889,#6896),.PCURVE_S1.);
#6885 = LINE('',#6886,#6887);
#6886 = CARTESIAN_POINT('',(10.659484937228,9.282466122857,
    7.371495425888));
#6887 = VECTOR('',#6888,1.);
#6888 = DIRECTION('',(-6.141195041947E-17,0.276574837025,0.960992382657)
  );
#6889 = PCURVE('',#2118,#6890);
#6890 = DEFINITIONAL_REPRESENTATION('',(#6891),#6895);
#6891 = LINE('',#6892,#6893);
#6892 = CARTESIAN_POINT('',(4.884500517728,-2.298013201434));
#6893 = VECTOR('',#6894,1.);
#6894 = DIRECTION('',(-0.960992382657,-0.276574837025));
#6895 = ( GEOMETRIC_REPRESENTATION_CONTEXT(2) 
PARAMETRIC_REPRESENTATION_CONTEXT() REPRESENTATION_CONTEXT('2D SPACE',''
  ) );
#6896 = PCURVE('',#6897,#6902);
#6897 = PLANE('',#6898);
#6898 = AXIS2_PLACEMENT_3D('',#6899,#6900,#6901);
#6899 = CARTESIAN_POINT('',(5.613463652863,9.282466122857,7.371495425888
    ));
#6900 = DIRECTION('',(-2.13383173943E-16,0.960992382657,-0.276574837025)
  );
#6901 = DIRECTION('',(-6.141195041947E-17,0.276574837025,0.960992382657)
  );
#6902 = DEFINITIONAL_REPRESENTATION('',(#6903),#6907);
#6903 = LINE('',#6904,#6905);
#6904 = CARTESIAN_POINT('',(0.,5.046021284364));
#6905 = VECTOR('',#6906,1.);
#6906 = DIRECTION('',(1.,0.));
#6907 = ( GEOMETRIC_REPRESENTATION_CONTEXT(2) 
PARAMETRIC_REPRESENTATION_CONTEXT() REPRESENTATION_CONTEXT('2D SPACE',''
  ) );
#6908 = ORIENTED_EDGE('',*,*,#6909,.T.);
#6909 = EDGE_CURVE('',#6882,#6910,#6912,.T.);
#6910 = VERTEX_POINT('',#6911);
#6911 = CARTESIAN_POINT('',(10.659484937228,10.423406909085,
    12.733696929039));
#6912 = SURFACE_CURVE('',#6913,(#6918,#6929),.PCURVE_S1.);
#6913 = CIRCLE('',#6914,2.7);
#6914 = AXIS2_PLACEMENT_3D('',#6915,#6916,#6917);
#6915 = CARTESIAN_POINT('',(10.659484937228,7.815210977624,
    12.035618149022));
#6916 = DIRECTION('',(1.,2.22044604925E-16,0.));
#6917 = DIRECTION('',(2.22044604925E-16,-1.,0.));
#6918 = PCURVE('',#2118,#6919);
#6919 = DEFINITIONAL_REPRESENTATION('',(#6920),#6928);
#6920 = ( BOUNDED_CURVE() B_SPLINE_CURVE(2,(#6921,#6922,#6923,#6924,
#6925,#6926,#6927),.UNSPECIFIED.,.T.,.F.) B_SPLINE_CURVE_WITH_KNOTS((1,2
    ,2,2,2,1),(-2.094395102393,0.,2.094395102393,4.188790204786,
6.28318530718,8.377580409573),.UNSPECIFIED.) CURVE() 
GEOMETRIC_REPRESENTATION_ITEM() RATIONAL_B_SPLINE_CURVE((1.,0.5,1.,0.5,
1.,0.5,1.)) REPRESENTATION_ITEM('') );
#6921 = CARTESIAN_POINT('',(0.220377794593,1.869241943799));
#6922 = CARTESIAN_POINT('',(4.896914975029,1.869241943799));
#6923 = CARTESIAN_POINT('',(2.558646384811,-2.180758056201));
#6924 = CARTESIAN_POINT('',(0.220377794593,-6.230758056201));
#6925 = CARTESIAN_POINT('',(-2.117890795625,-2.180758056201));
#6926 = CARTESIAN_POINT('',(-4.456159385843,1.869241943799));
#6927 = CARTESIAN_POINT('',(0.220377794593,1.869241943799));
#6928 = ( GEOMETRIC_REPRESENTATION_CONTEXT(2) 
PARAMETRIC_REPRESENTATION_CONTEXT() REPRESENTATION_CONTEXT('2D SPACE',''
  ) );
#6929 = PCURVE('',#6930,#6935);
#6930 = CYLINDRICAL_SURFACE('',#6931,2.7);
#6931 = AXIS2_PLACEMENT_3D('',#6932,#6933,#6934);
#6932 = CARTESIAN_POINT('',(5.613463652863,7.815210977624,
    12.035618149022));
#6933 = DIRECTION('',(1.,2.22044604925E-16,0.));
#6934 = DIRECTION('',(0.,-0.,1.));
#6935 = DEFINITIONAL_REPRESENTATION('',(#6936),#6940);
#6936 = LINE('',#6937,#6938);
#6937 = CARTESIAN_POINT('',(1.570796326795,5.046021284364));
#6938 = VECTOR('',#6939,1.);
#6939 = DIRECTION('',(1.,0.));
#6940 = ( GEOMETRIC_REPRESENTATION_CONTEXT(2) 
PARAMETRIC_REPRESENTATION_CONTEXT() REPRESENTATION_CONTEXT('2D SPACE',''
  ) );
#6941 = ORIENTED_EDGE('',*,*,#6942,.T.);
#6942 = EDGE_CURVE('',#6910,#6219,#6943,.T.);
#6943 = SURFACE_CURVE('',#6944,(#6948,#6955),.PCURVE_S1.);
#6944 = LINE('',#6945,#6946);
#6945 = CARTESIAN_POINT('',(10.659484937228,10.423406909085,
    12.733696929039));
#6946 = VECTOR('',#6947,1.);
#6947 = DIRECTION('',(5.740912107976E-17,-0.258547696302,0.965998493134)
  );
#6948 = PCURVE('',#2118,#6949);
#6949 = DEFINITIONAL_REPRESENTATION('',(#6950),#6954);
#6950 = LINE('',#6951,#6952);
#6951 = CARTESIAN_POINT('',(-0.477700985423,-3.438953987662));
#6952 = VECTOR('',#6953,1.);
#6953 = DIRECTION('',(-0.965998493134,0.258547696302));
#6954 = ( GEOMETRIC_REPRESENTATION_CONTEXT(2) 
PARAMETRIC_REPRESENTATION_CONTEXT() REPRESENTATION_CONTEXT('2D SPACE',''
  ) );
#6955 = PCURVE('',#6956,#6961);
#6956 = PLANE('',#6957);
#6957 = AXIS2_PLACEMENT_3D('',#6958,#6959,#6960);
#6958 = CARTESIAN_POINT('',(5.613463652863,10.423406909085,
    12.733696929039));
#6959 = DIRECTION('',(-2.144947537661E-16,0.965998493134,0.258547696302)
  );
#6960 = DIRECTION('',(5.740912107976E-17,-0.258547696302,0.965998493134)
  );
#6961 = DEFINITIONAL_REPRESENTATION('',(#6962),#6966);
#6962 = LINE('',#6963,#6964);
#6963 = CARTESIAN_POINT('',(0.,5.046021284364));
#6964 = VECTOR('',#6965,1.);
#6965 = DIRECTION('',(1.,0.));
#6966 = ( GEOMETRIC_REPRESENTATION_CONTEXT(2) 
PARAMETRIC_REPRESENTATION_CONTEXT() REPRESENTATION_CONTEXT('2D SPACE',''
  ) );
#6967 = ADVANCED_FACE('',(#6968),#2090,.T.);
#6968 = FACE_BOUND('',#6969,.T.);
#6969 = EDGE_LOOP('',(#6970,#6971,#6994,#7015));
#6970 = ORIENTED_EDGE('',*,*,#6835,.F.);
#6971 = ORIENTED_EDGE('',*,*,#6972,.F.);
#6972 = EDGE_CURVE('',#6973,#6808,#6975,.T.);
#6973 = VERTEX_POINT('',#6974);
#6974 = CARTESIAN_POINT('',(7.770287679233,8.787970572718,8.418173912924
    ));
#6975 = SURFACE_CURVE('',#6976,(#6980,#6987),.PCURVE_S1.);
#6976 = LINE('',#6977,#6978);
#6977 = CARTESIAN_POINT('',(5.613463652863,8.787970572718,8.418173912924
    ));
#6978 = VECTOR('',#6979,1.);
#6979 = DIRECTION('',(1.,2.22044604925E-16,0.));
#6980 = PCURVE('',#2090,#6981);
#6981 = DEFINITIONAL_REPRESENTATION('',(#6982),#6986);
#6982 = LINE('',#6983,#6984);
#6983 = CARTESIAN_POINT('',(0.,0.));
#6984 = VECTOR('',#6985,1.);
#6985 = DIRECTION('',(0.,1.));
#6986 = ( GEOMETRIC_REPRESENTATION_CONTEXT(2) 
PARAMETRIC_REPRESENTATION_CONTEXT() REPRESENTATION_CONTEXT('2D SPACE',''
  ) );
#6987 = PCURVE('',#6823,#6988);
#6988 = DEFINITIONAL_REPRESENTATION('',(#6989),#6993);
#6989 = LINE('',#6990,#6991);
#6990 = CARTESIAN_POINT('',(3.269794161379,0.));
#6991 = VECTOR('',#6992,1.);
#6992 = DIRECTION('',(0.,1.));
#6993 = ( GEOMETRIC_REPRESENTATION_CONTEXT(2) 
PARAMETRIC_REPRESENTATION_CONTEXT() REPRESENTATION_CONTEXT('2D SPACE',''
  ) );
#6994 = ORIENTED_EDGE('',*,*,#6995,.T.);
#6995 = EDGE_CURVE('',#6973,#2047,#6996,.T.);
#6996 = SURFACE_CURVE('',#6997,(#7001,#7008),.PCURVE_S1.);
#6997 = LINE('',#6998,#6999);
#6998 = CARTESIAN_POINT('',(7.770287679233,8.787970572718,8.418173912924
    ));
#6999 = VECTOR('',#7000,1.);
#7000 = DIRECTION('',(2.22044604925E-16,-1.,0.));
#7001 = PCURVE('',#2090,#7002);
#7002 = DEFINITIONAL_REPRESENTATION('',(#7003),#7007);
#7003 = LINE('',#7004,#7005);
#7004 = CARTESIAN_POINT('',(0.,2.156824026369));
#7005 = VECTOR('',#7006,1.);
#7006 = DIRECTION('',(1.,0.));
#7007 = ( GEOMETRIC_REPRESENTATION_CONTEXT(2) 
PARAMETRIC_REPRESENTATION_CONTEXT() REPRESENTATION_CONTEXT('2D SPACE',''
  ) );
#7008 = PCURVE('',#2062,#7009);
#7009 = DEFINITIONAL_REPRESENTATION('',(#7010),#7014);
#7010 = LINE('',#7011,#7012);
#7011 = CARTESIAN_POINT('',(3.837822030691,-1.803517651295));
#7012 = VECTOR('',#7013,1.);
#7013 = DIRECTION('',(0.,1.));
#7014 = ( GEOMETRIC_REPRESENTATION_CONTEXT(2) 
PARAMETRIC_REPRESENTATION_CONTEXT() REPRESENTATION_CONTEXT('2D SPACE',''
  ) );
#7015 = ORIENTED_EDGE('',*,*,#2074,.T.);
#7016 = ADVANCED_FACE('',(#7017),#2062,.T.);
#7017 = FACE_BOUND('',#7018,.T.);
#7018 = EDGE_LOOP('',(#7019,#7044,#7067,#7090,#7118,#7141,#7162,#7163,
    #7164,#7185,#7186,#7187,#7210,#7234,#7257,#7280,#7303,#7326,#7349,
    #7372,#7395,#7418,#7441,#7464,#7487,#7510,#7533,#7556,#7579,#7602,
    #7625));
#7019 = ORIENTED_EDGE('',*,*,#7020,.T.);
#7020 = EDGE_CURVE('',#7021,#7023,#7025,.T.);
#7021 = VERTEX_POINT('',#7022);
#7022 = CARTESIAN_POINT('',(7.770287679233,10.334835575785,
    13.064621457574));
#7023 = VERTEX_POINT('',#7024);
#7024 = CARTESIAN_POINT('',(7.770287679233,10.241633818193,
    12.837597600218));
#7025 = SURFACE_CURVE('',#7026,(#7030,#7037),.PCURVE_S1.);
#7026 = LINE('',#7027,#7028);
#7027 = CARTESIAN_POINT('',(7.770287679233,8.76529316047,9.241479248494)
  );
#7028 = VECTOR('',#7029,1.);
#7029 = DIRECTION('',(8.432782086103E-17,-0.379778742607,-0.925077351719
    ));
#7030 = PCURVE('',#2062,#7031);
#7031 = DEFINITIONAL_REPRESENTATION('',(#7032),#7036);
#7032 = LINE('',#7033,#7034);
#7033 = CARTESIAN_POINT('',(3.014516695121,-1.780840239047));
#7034 = VECTOR('',#7035,1.);
#7035 = DIRECTION('',(0.925077351719,0.379778742607));
#7036 = ( GEOMETRIC_REPRESENTATION_CONTEXT(2) 
PARAMETRIC_REPRESENTATION_CONTEXT() REPRESENTATION_CONTEXT('2D SPACE',''
  ) );
#7037 = PCURVE('',#6262,#7038);
#7038 = DEFINITIONAL_REPRESENTATION('',(#7039),#7043);
#7039 = LINE('',#7040,#7041);
#7040 = CARTESIAN_POINT('',(-4.215959032985,-9.945752789003));
#7041 = VECTOR('',#7042,1.);
#7042 = DIRECTION('',(-1.,0.));
#7043 = ( GEOMETRIC_REPRESENTATION_CONTEXT(2) 
PARAMETRIC_REPRESENTATION_CONTEXT() REPRESENTATION_CONTEXT('2D SPACE',''
  ) );
#7044 = ORIENTED_EDGE('',*,*,#7045,.T.);
#7045 = EDGE_CURVE('',#7023,#7046,#7048,.T.);
#7046 = VERTEX_POINT('',#7047);
#7047 = CARTESIAN_POINT('',(7.770287679233,10.408447671821,
    12.789588359756));
#7048 = SURFACE_CURVE('',#7049,(#7053,#7060),.PCURVE_S1.);
#7049 = LINE('',#7050,#7051);
#7050 = CARTESIAN_POINT('',(7.770287679233,8.764619044259,
    13.262684341546));
#7051 = VECTOR('',#7052,1.);
#7052 = DIRECTION('',(-2.13383173943E-16,0.960992382657,-0.276574837025)
  );
#7053 = PCURVE('',#2062,#7054);
#7054 = DEFINITIONAL_REPRESENTATION('',(#7055),#7059);
#7055 = LINE('',#7056,#7057);
#7056 = CARTESIAN_POINT('',(-1.006688397931,-1.780166122836));
#7057 = VECTOR('',#7058,1.);
#7058 = DIRECTION('',(0.276574837025,-0.960992382657));
#7059 = ( GEOMETRIC_REPRESENTATION_CONTEXT(2) 
PARAMETRIC_REPRESENTATION_CONTEXT() REPRESENTATION_CONTEXT('2D SPACE',''
  ) );
#7060 = PCURVE('',#6234,#7061);
#7061 = DEFINITIONAL_REPRESENTATION('',(#7062),#7066);
#7062 = LINE('',#7063,#7064);
#7063 = CARTESIAN_POINT('',(1.536968243027,-9.945752789003));
#7064 = VECTOR('',#7065,1.);
#7065 = DIRECTION('',(-1.,0.));
#7066 = ( GEOMETRIC_REPRESENTATION_CONTEXT(2) 
PARAMETRIC_REPRESENTATION_CONTEXT() REPRESENTATION_CONTEXT('2D SPACE',''
  ) );
#7067 = ORIENTED_EDGE('',*,*,#7068,.F.);
#7068 = EDGE_CURVE('',#7069,#7046,#7071,.T.);
#7069 = VERTEX_POINT('',#7070);
#7070 = CARTESIAN_POINT('',(7.770287679233,10.423406909085,
    12.733696929039));
#7071 = SURFACE_CURVE('',#7072,(#7076,#7083),.PCURVE_S1.);
#7072 = LINE('',#7073,#7074);
#7073 = CARTESIAN_POINT('',(7.770287679233,10.423406909085,
    12.733696929039));
#7074 = VECTOR('',#7075,1.);
#7075 = DIRECTION('',(5.740912107976E-17,-0.258547696302,0.965998493134)
  );
#7076 = PCURVE('',#2062,#7077);
#7077 = DEFINITIONAL_REPRESENTATION('',(#7078),#7082);
#7078 = LINE('',#7079,#7080);
#7079 = CARTESIAN_POINT('',(-0.477700985423,-3.438953987662));
#7080 = VECTOR('',#7081,1.);
#7081 = DIRECTION('',(-0.965998493134,0.258547696302));
#7082 = ( GEOMETRIC_REPRESENTATION_CONTEXT(2) 
PARAMETRIC_REPRESENTATION_CONTEXT() REPRESENTATION_CONTEXT('2D SPACE',''
  ) );
#7083 = PCURVE('',#6956,#7084);
#7084 = DEFINITIONAL_REPRESENTATION('',(#7085),#7089);
#7085 = LINE('',#7086,#7087);
#7086 = CARTESIAN_POINT('',(0.,2.156824026369));
#7087 = VECTOR('',#7088,1.);
#7088 = DIRECTION('',(1.,0.));
#7089 = ( GEOMETRIC_REPRESENTATION_CONTEXT(2) 
PARAMETRIC_REPRESENTATION_CONTEXT() REPRESENTATION_CONTEXT('2D SPACE',''
  ) );
#7090 = ORIENTED_EDGE('',*,*,#7091,.F.);
#7091 = EDGE_CURVE('',#7092,#7069,#7094,.T.);
#7092 = VERTEX_POINT('',#7093);
#7093 = CARTESIAN_POINT('',(7.770287679233,10.409890410797,
    11.288866089054));
#7094 = SURFACE_CURVE('',#7095,(#7100,#7111),.PCURVE_S1.);
#7095 = CIRCLE('',#7096,2.7);
#7096 = AXIS2_PLACEMENT_3D('',#7097,#7098,#7099);
#7097 = CARTESIAN_POINT('',(7.770287679233,7.815210977624,
    12.035618149022));
#7098 = DIRECTION('',(1.,2.22044604925E-16,0.));
#7099 = DIRECTION('',(2.22044604925E-16,-1.,0.));
#7100 = PCURVE('',#2062,#7101);
#7101 = DEFINITIONAL_REPRESENTATION('',(#7102),#7110);
#7102 = ( BOUNDED_CURVE() B_SPLINE_CURVE(2,(#7103,#7104,#7105,#7106,
#7107,#7108,#7109),.UNSPECIFIED.,.T.,.F.) B_SPLINE_CURVE_WITH_KNOTS((1,2
    ,2,2,2,1),(-2.094395102393,0.,2.094395102393,4.188790204786,
6.28318530718,8.377580409573),.UNSPECIFIED.) CURVE() 
GEOMETRIC_REPRESENTATION_ITEM() RATIONAL_B_SPLINE_CURVE((1.,0.5,1.,0.5,
1.,0.5,1.)) REPRESENTATION_ITEM('') );
#7103 = CARTESIAN_POINT('',(0.220377794593,1.869241943799));
#7104 = CARTESIAN_POINT('',(4.896914975029,1.869241943799));
#7105 = CARTESIAN_POINT('',(2.558646384811,-2.180758056201));
#7106 = CARTESIAN_POINT('',(0.220377794593,-6.230758056201));
#7107 = CARTESIAN_POINT('',(-2.117890795625,-2.180758056201));
#7108 = CARTESIAN_POINT('',(-4.456159385843,1.869241943799));
#7109 = CARTESIAN_POINT('',(0.220377794593,1.869241943799));
#7110 = ( GEOMETRIC_REPRESENTATION_CONTEXT(2) 
PARAMETRIC_REPRESENTATION_CONTEXT() REPRESENTATION_CONTEXT('2D SPACE',''
  ) );
#7111 = PCURVE('',#6930,#7112);
#7112 = DEFINITIONAL_REPRESENTATION('',(#7113),#7117);
#7113 = LINE('',#7114,#7115);
#7114 = CARTESIAN_POINT('',(1.570796326795,2.156824026369));
#7115 = VECTOR('',#7116,1.);
#7116 = DIRECTION('',(1.,0.));
#7117 = ( GEOMETRIC_REPRESENTATION_CONTEXT(2) 
PARAMETRIC_REPRESENTATION_CONTEXT() REPRESENTATION_CONTEXT('2D SPACE',''
  ) );
#7118 = ORIENTED_EDGE('',*,*,#7119,.F.);
#7119 = EDGE_CURVE('',#7120,#7092,#7122,.T.);
#7120 = VERTEX_POINT('',#7121);
#7121 = CARTESIAN_POINT('',(7.770287679233,9.282466122857,7.371495425888
    ));
#7122 = SURFACE_CURVE('',#7123,(#7127,#7134),.PCURVE_S1.);
#7123 = LINE('',#7124,#7125);
#7124 = CARTESIAN_POINT('',(7.770287679233,9.282466122857,7.371495425888
    ));
#7125 = VECTOR('',#7126,1.);
#7126 = DIRECTION('',(-6.141195041947E-17,0.276574837025,0.960992382657)
  );
#7127 = PCURVE('',#2062,#7128);
#7128 = DEFINITIONAL_REPRESENTATION('',(#7129),#7133);
#7129 = LINE('',#7130,#7131);
#7130 = CARTESIAN_POINT('',(4.884500517728,-2.298013201434));
#7131 = VECTOR('',#7132,1.);
#7132 = DIRECTION('',(-0.960992382657,-0.276574837025));
#7133 = ( GEOMETRIC_REPRESENTATION_CONTEXT(2) 
PARAMETRIC_REPRESENTATION_CONTEXT() REPRESENTATION_CONTEXT('2D SPACE',''
  ) );
#7134 = PCURVE('',#6897,#7135);
#7135 = DEFINITIONAL_REPRESENTATION('',(#7136),#7140);
#7136 = LINE('',#7137,#7138);
#7137 = CARTESIAN_POINT('',(0.,2.156824026369));
#7138 = VECTOR('',#7139,1.);
#7139 = DIRECTION('',(1.,0.));
#7140 = ( GEOMETRIC_REPRESENTATION_CONTEXT(2) 
PARAMETRIC_REPRESENTATION_CONTEXT() REPRESENTATION_CONTEXT('2D SPACE',''
  ) );
#7141 = ORIENTED_EDGE('',*,*,#7142,.F.);
#7142 = EDGE_CURVE('',#6142,#7120,#7143,.T.);
#7143 = SURFACE_CURVE('',#7144,(#7148,#7155),.PCURVE_S1.);
#7144 = LINE('',#7145,#7146);
#7145 = CARTESIAN_POINT('',(7.770287679233,9.282466122857,5.959205082588
    ));
#7146 = VECTOR('',#7147,1.);
#7147 = DIRECTION('',(0.,0.,1.));
#7148 = PCURVE('',#2062,#7149);
#7149 = DEFINITIONAL_REPRESENTATION('',(#7150),#7154);
#7150 = LINE('',#7151,#7152);
#7151 = CARTESIAN_POINT('',(6.296790861027,-2.298013201434));
#7152 = VECTOR('',#7153,1.);
#7153 = DIRECTION('',(-1.,0.));
#7154 = ( GEOMETRIC_REPRESENTATION_CONTEXT(2) 
PARAMETRIC_REPRESENTATION_CONTEXT() REPRESENTATION_CONTEXT('2D SPACE',''
  ) );
#7155 = PCURVE('',#6180,#7156);
#7156 = DEFINITIONAL_REPRESENTATION('',(#7157),#7161);
#7157 = LINE('',#7158,#7159);
#7158 = CARTESIAN_POINT('',(0.,2.156824026369));
#7159 = VECTOR('',#7160,1.);
#7160 = DIRECTION('',(1.,0.));
#7161 = ( GEOMETRIC_REPRESENTATION_CONTEXT(2) 
PARAMETRIC_REPRESENTATION_CONTEXT() REPRESENTATION_CONTEXT('2D SPACE',''
  ) );
#7162 = ORIENTED_EDGE('',*,*,#6141,.F.);
#7163 = ORIENTED_EDGE('',*,*,#4440,.F.);
#7164 = ORIENTED_EDGE('',*,*,#7165,.T.);
#7165 = EDGE_CURVE('',#4441,#2019,#7166,.T.);
#7166 = SURFACE_CURVE('',#7167,(#7171,#7178),.PCURVE_S1.);
#7167 = LINE('',#7168,#7169);
#7168 = CARTESIAN_POINT('',(7.770287679233,-29.56570086721,6.18581864844
    ));
#7169 = VECTOR('',#7170,1.);
#7170 = DIRECTION('',(-2.22044604925E-16,1.,0.));
#7171 = PCURVE('',#2062,#7172);
#7172 = DEFINITIONAL_REPRESENTATION('',(#7173),#7177);
#7173 = LINE('',#7174,#7175);
#7174 = CARTESIAN_POINT('',(6.070177295175,36.550153788635));
#7175 = VECTOR('',#7176,1.);
#7176 = DIRECTION('',(0.,-1.));
#7177 = ( GEOMETRIC_REPRESENTATION_CONTEXT(2) 
PARAMETRIC_REPRESENTATION_CONTEXT() REPRESENTATION_CONTEXT('2D SPACE',''
  ) );
#7178 = PCURVE('',#2034,#7179);
#7179 = DEFINITIONAL_REPRESENTATION('',(#7180),#7184);
#7180 = LINE('',#7181,#7182);
#7181 = CARTESIAN_POINT('',(22.511848137231,9.270287679233));
#7182 = VECTOR('',#7183,1.);
#7183 = DIRECTION('',(-1.,0.));
#7184 = ( GEOMETRIC_REPRESENTATION_CONTEXT(2) 
PARAMETRIC_REPRESENTATION_CONTEXT() REPRESENTATION_CONTEXT('2D SPACE',''
  ) );
#7185 = ORIENTED_EDGE('',*,*,#2046,.F.);
#7186 = ORIENTED_EDGE('',*,*,#6995,.F.);
#7187 = ORIENTED_EDGE('',*,*,#7188,.F.);
#7188 = EDGE_CURVE('',#7189,#6973,#7191,.T.);
#7189 = VERTEX_POINT('',#7190);
#7190 = CARTESIAN_POINT('',(7.770287679233,9.599891043983,
    11.585560691663));
#7191 = SURFACE_CURVE('',#7192,(#7196,#7203),.PCURVE_S1.);
#7192 = LINE('',#7193,#7194);
#7193 = CARTESIAN_POINT('',(7.770287679233,9.599891043983,
    11.585560691663));
#7194 = VECTOR('',#7195,1.);
#7195 = DIRECTION('',(5.513575209167E-17,-0.248309352575,-0.968680786133
    ));
#7196 = PCURVE('',#2062,#7197);
#7197 = DEFINITIONAL_REPRESENTATION('',(#7198),#7202);
#7198 = LINE('',#7199,#7200);
#7199 = CARTESIAN_POINT('',(0.670435251952,-2.61543812256));
#7200 = VECTOR('',#7201,1.);
#7201 = DIRECTION('',(0.968680786133,0.248309352575));
#7202 = ( GEOMETRIC_REPRESENTATION_CONTEXT(2) 
PARAMETRIC_REPRESENTATION_CONTEXT() REPRESENTATION_CONTEXT('2D SPACE',''
  ) );
#7203 = PCURVE('',#6823,#7204);
#7204 = DEFINITIONAL_REPRESENTATION('',(#7205),#7209);
#7205 = LINE('',#7206,#7207);
#7206 = CARTESIAN_POINT('',(0.,2.156824026369));
#7207 = VECTOR('',#7208,1.);
#7208 = DIRECTION('',(1.,0.));
#7209 = ( GEOMETRIC_REPRESENTATION_CONTEXT(2) 
PARAMETRIC_REPRESENTATION_CONTEXT() REPRESENTATION_CONTEXT('2D SPACE',''
  ) );
#7210 = ORIENTED_EDGE('',*,*,#7211,.F.);
#7211 = EDGE_CURVE('',#7212,#7189,#7214,.T.);
#7212 = VERTEX_POINT('',#7213);
#7213 = CARTESIAN_POINT('',(7.770287679233,9.592648852884,
    12.954074723632));
#7214 = SURFACE_CURVE('',#7215,(#7220,#7227),.PCURVE_S1.);
#7215 = CIRCLE('',#7216,2.7);
#7216 = AXIS2_PLACEMENT_3D('',#7217,#7218,#7219);
#7217 = CARTESIAN_POINT('',(7.770287679233,6.984452921423,
    12.255995943615));
#7218 = DIRECTION('',(-1.,-2.22044604925E-16,0.));
#7219 = DIRECTION('',(2.22044604925E-16,-1.,0.));
#7220 = PCURVE('',#2062,#7221);
#7221 = DEFINITIONAL_REPRESENTATION('',(#7222),#7226);
#7222 = CIRCLE('',#7223,2.7);
#7223 = AXIS2_PLACEMENT_2D('',#7224,#7225);
#7224 = CARTESIAN_POINT('',(0.,0.));
#7225 = DIRECTION('',(0.,1.));
#7226 = ( GEOMETRIC_REPRESENTATION_CONTEXT(2) 
PARAMETRIC_REPRESENTATION_CONTEXT() REPRESENTATION_CONTEXT('2D SPACE',''
  ) );
#7227 = PCURVE('',#6795,#7228);
#7228 = DEFINITIONAL_REPRESENTATION('',(#7229),#7233);
#7229 = LINE('',#7230,#7231);
#7230 = CARTESIAN_POINT('',(7.853981633974,2.156824026369));
#7231 = VECTOR('',#7232,1.);
#7232 = DIRECTION('',(-1.,0.));
#7233 = ( GEOMETRIC_REPRESENTATION_CONTEXT(2) 
PARAMETRIC_REPRESENTATION_CONTEXT() REPRESENTATION_CONTEXT('2D SPACE',''
  ) );
#7234 = ORIENTED_EDGE('',*,*,#7235,.F.);
#7235 = EDGE_CURVE('',#7236,#7212,#7238,.T.);
#7236 = VERTEX_POINT('',#7237);
#7237 = CARTESIAN_POINT('',(7.770287679233,8.787970572718,
    15.960552898509));
#7238 = SURFACE_CURVE('',#7239,(#7243,#7250),.PCURVE_S1.);
#7239 = LINE('',#7240,#7241);
#7240 = CARTESIAN_POINT('',(7.770287679233,8.787970572718,
    15.960552898509));
#7241 = VECTOR('',#7242,1.);
#7242 = DIRECTION('',(-5.740912107976E-17,0.258547696302,-0.965998493134
    ));
#7243 = PCURVE('',#2062,#7244);
#7244 = DEFINITIONAL_REPRESENTATION('',(#7245),#7249);
#7245 = LINE('',#7246,#7247);
#7246 = CARTESIAN_POINT('',(-3.704556954894,-1.803517651295));
#7247 = VECTOR('',#7248,1.);
#7248 = DIRECTION('',(0.965998493134,-0.258547696302));
#7249 = ( GEOMETRIC_REPRESENTATION_CONTEXT(2) 
PARAMETRIC_REPRESENTATION_CONTEXT() REPRESENTATION_CONTEXT('2D SPACE',''
  ) );
#7250 = PCURVE('',#6766,#7251);
#7251 = DEFINITIONAL_REPRESENTATION('',(#7252),#7256);
#7252 = LINE('',#7253,#7254);
#7253 = CARTESIAN_POINT('',(0.,2.156824026369));
#7254 = VECTOR('',#7255,1.);
#7255 = DIRECTION('',(1.,0.));
#7256 = ( GEOMETRIC_REPRESENTATION_CONTEXT(2) 
PARAMETRIC_REPRESENTATION_CONTEXT() REPRESENTATION_CONTEXT('2D SPACE',''
  ) );
#7257 = ORIENTED_EDGE('',*,*,#7258,.F.);
#7258 = EDGE_CURVE('',#7259,#7236,#7261,.T.);
#7259 = VERTEX_POINT('',#7260);
#7260 = CARTESIAN_POINT('',(7.770287679233,9.559744922926,
    15.960552898509));
#7261 = SURFACE_CURVE('',#7262,(#7266,#7273),.PCURVE_S1.);
#7262 = LINE('',#7263,#7264);
#7263 = CARTESIAN_POINT('',(7.770287679233,9.559744922926,
    15.960552898509));
#7264 = VECTOR('',#7265,1.);
#7265 = DIRECTION('',(2.22044604925E-16,-1.,-5.619270307147E-16));
#7266 = PCURVE('',#2062,#7267);
#7267 = DEFINITIONAL_REPRESENTATION('',(#7268),#7272);
#7268 = LINE('',#7269,#7270);
#7269 = CARTESIAN_POINT('',(-3.704556954894,-2.575292001503));
#7270 = VECTOR('',#7271,1.);
#7271 = DIRECTION('',(5.619270307147E-16,1.));
#7272 = ( GEOMETRIC_REPRESENTATION_CONTEXT(2) 
PARAMETRIC_REPRESENTATION_CONTEXT() REPRESENTATION_CONTEXT('2D SPACE',''
  ) );
#7273 = PCURVE('',#6738,#7274);
#7274 = DEFINITIONAL_REPRESENTATION('',(#7275),#7279);
#7275 = LINE('',#7276,#7277);
#7276 = CARTESIAN_POINT('',(0.,2.156824026369));
#7277 = VECTOR('',#7278,1.);
#7278 = DIRECTION('',(1.,0.));
#7279 = ( GEOMETRIC_REPRESENTATION_CONTEXT(2) 
PARAMETRIC_REPRESENTATION_CONTEXT() REPRESENTATION_CONTEXT('2D SPACE',''
  ) );
#7280 = ORIENTED_EDGE('',*,*,#7281,.F.);
#7281 = EDGE_CURVE('',#7282,#7259,#7284,.T.);
#7282 = VERTEX_POINT('',#7283);
#7283 = CARTESIAN_POINT('',(7.770287679233,9.621204823817,
    15.730923423953));
#7284 = SURFACE_CURVE('',#7285,(#7289,#7296),.PCURVE_S1.);
#7285 = LINE('',#7286,#7287);
#7286 = CARTESIAN_POINT('',(7.770287679233,10.423406909085,
    12.733696929039));
#7287 = VECTOR('',#7288,1.);
#7288 = DIRECTION('',(5.740912107976E-17,-0.258547696302,0.965998493134)
  );
#7289 = PCURVE('',#2062,#7290);
#7290 = DEFINITIONAL_REPRESENTATION('',(#7291),#7295);
#7291 = LINE('',#7292,#7293);
#7292 = CARTESIAN_POINT('',(-0.477700985423,-3.438953987662));
#7293 = VECTOR('',#7294,1.);
#7294 = DIRECTION('',(-0.965998493134,0.258547696302));
#7295 = ( GEOMETRIC_REPRESENTATION_CONTEXT(2) 
PARAMETRIC_REPRESENTATION_CONTEXT() REPRESENTATION_CONTEXT('2D SPACE',''
  ) );
#7296 = PCURVE('',#6710,#7297);
#7297 = DEFINITIONAL_REPRESENTATION('',(#7298),#7302);
#7298 = LINE('',#7299,#7300);
#7299 = CARTESIAN_POINT('',(0.,2.156824026369));
#7300 = VECTOR('',#7301,1.);
#7301 = DIRECTION('',(1.,0.));
#7302 = ( GEOMETRIC_REPRESENTATION_CONTEXT(2) 
PARAMETRIC_REPRESENTATION_CONTEXT() REPRESENTATION_CONTEXT('2D SPACE',''
  ) );
#7303 = ORIENTED_EDGE('',*,*,#7304,.T.);
#7304 = EDGE_CURVE('',#7282,#7305,#7307,.T.);
#7305 = VERTEX_POINT('',#7306);
#7306 = CARTESIAN_POINT('',(7.770287679233,9.496413861113,
    15.426953558486));
#7307 = SURFACE_CURVE('',#7308,(#7312,#7319),.PCURVE_S1.);
#7308 = LINE('',#7309,#7310);
#7309 = CARTESIAN_POINT('',(7.770287679233,8.020073203389,
    11.830835206762));
#7310 = VECTOR('',#7311,1.);
#7311 = DIRECTION('',(8.432782086103E-17,-0.379778742607,-0.925077351719
    ));
#7312 = PCURVE('',#2062,#7313);
#7313 = DEFINITIONAL_REPRESENTATION('',(#7314),#7318);
#7314 = LINE('',#7315,#7316);
#7315 = CARTESIAN_POINT('',(0.425160736853,-1.035620281966));
#7316 = VECTOR('',#7317,1.);
#7317 = DIRECTION('',(0.925077351719,0.379778742607));
#7318 = ( GEOMETRIC_REPRESENTATION_CONTEXT(2) 
PARAMETRIC_REPRESENTATION_CONTEXT() REPRESENTATION_CONTEXT('2D SPACE',''
  ) );
#7319 = PCURVE('',#6682,#7320);
#7320 = DEFINITIONAL_REPRESENTATION('',(#7321),#7325);
#7321 = LINE('',#7322,#7323);
#7322 = CARTESIAN_POINT('',(-4.215959032985,-9.945752789003));
#7323 = VECTOR('',#7324,1.);
#7324 = DIRECTION('',(-1.,0.));
#7325 = ( GEOMETRIC_REPRESENTATION_CONTEXT(2) 
PARAMETRIC_REPRESENTATION_CONTEXT() REPRESENTATION_CONTEXT('2D SPACE',''
  ) );
#7326 = ORIENTED_EDGE('',*,*,#7327,.T.);
#7327 = EDGE_CURVE('',#7305,#7328,#7330,.T.);
#7328 = VERTEX_POINT('',#7329);
#7329 = CARTESIAN_POINT('',(7.770287679233,9.719766530898,15.36267237441
    ));
#7330 = SURFACE_CURVE('',#7331,(#7335,#7342),.PCURVE_S1.);
#7331 = LINE('',#7332,#7333);
#7332 = CARTESIAN_POINT('',(7.770287679233,8.019399087178,
    15.852040299814));
#7333 = VECTOR('',#7334,1.);
#7334 = DIRECTION('',(-2.13383173943E-16,0.960992382657,-0.276574837025)
  );
#7335 = PCURVE('',#2062,#7336);
#7336 = DEFINITIONAL_REPRESENTATION('',(#7337),#7341);
#7337 = LINE('',#7338,#7339);
#7338 = CARTESIAN_POINT('',(-3.596044356199,-1.034946165756));
#7339 = VECTOR('',#7340,1.);
#7340 = DIRECTION('',(0.276574837025,-0.960992382657));
#7341 = ( GEOMETRIC_REPRESENTATION_CONTEXT(2) 
PARAMETRIC_REPRESENTATION_CONTEXT() REPRESENTATION_CONTEXT('2D SPACE',''
  ) );
#7342 = PCURVE('',#6654,#7343);
#7343 = DEFINITIONAL_REPRESENTATION('',(#7344),#7348);
#7344 = LINE('',#7345,#7346);
#7345 = CARTESIAN_POINT('',(1.536968243027,-9.945752789003));
#7346 = VECTOR('',#7347,1.);
#7347 = DIRECTION('',(-1.,0.));
#7348 = ( GEOMETRIC_REPRESENTATION_CONTEXT(2) 
PARAMETRIC_REPRESENTATION_CONTEXT() REPRESENTATION_CONTEXT('2D SPACE',''
  ) );
#7349 = ORIENTED_EDGE('',*,*,#7350,.F.);
#7350 = EDGE_CURVE('',#7351,#7328,#7353,.T.);
#7351 = VERTEX_POINT('',#7352);
#7352 = CARTESIAN_POINT('',(7.770287679233,9.763930974211,
    15.197663030677));
#7353 = SURFACE_CURVE('',#7354,(#7358,#7365),.PCURVE_S1.);
#7354 = LINE('',#7355,#7356);
#7355 = CARTESIAN_POINT('',(7.770287679233,10.423406909085,
    12.733696929039));
#7356 = VECTOR('',#7357,1.);
#7357 = DIRECTION('',(5.740912107976E-17,-0.258547696302,0.965998493134)
  );
#7358 = PCURVE('',#2062,#7359);
#7359 = DEFINITIONAL_REPRESENTATION('',(#7360),#7364);
#7360 = LINE('',#7361,#7362);
#7361 = CARTESIAN_POINT('',(-0.477700985423,-3.438953987662));
#7362 = VECTOR('',#7363,1.);
#7363 = DIRECTION('',(-0.965998493134,0.258547696302));
#7364 = ( GEOMETRIC_REPRESENTATION_CONTEXT(2) 
PARAMETRIC_REPRESENTATION_CONTEXT() REPRESENTATION_CONTEXT('2D SPACE',''
  ) );
#7365 = PCURVE('',#6626,#7366);
#7366 = DEFINITIONAL_REPRESENTATION('',(#7367),#7371);
#7367 = LINE('',#7368,#7369);
#7368 = CARTESIAN_POINT('',(0.,2.156824026369));
#7369 = VECTOR('',#7370,1.);
#7370 = DIRECTION('',(1.,0.));
#7371 = ( GEOMETRIC_REPRESENTATION_CONTEXT(2) 
PARAMETRIC_REPRESENTATION_CONTEXT() REPRESENTATION_CONTEXT('2D SPACE',''
  ) );
#7372 = ORIENTED_EDGE('',*,*,#7373,.T.);
#7373 = EDGE_CURVE('',#7351,#7374,#7376,.T.);
#7374 = VERTEX_POINT('',#7375);
#7375 = CARTESIAN_POINT('',(7.770287679233,9.645457852529,
    14.909082366832));
#7376 = SURFACE_CURVE('',#7377,(#7381,#7388),.PCURVE_S1.);
#7377 = LINE('',#7378,#7379);
#7378 = CARTESIAN_POINT('',(7.770287679233,8.169117194805,
    11.312964015109));
#7379 = VECTOR('',#7380,1.);
#7380 = DIRECTION('',(8.432782086103E-17,-0.379778742607,-0.925077351719
    ));
#7381 = PCURVE('',#2062,#7382);
#7382 = DEFINITIONAL_REPRESENTATION('',(#7383),#7387);
#7383 = LINE('',#7384,#7385);
#7384 = CARTESIAN_POINT('',(0.943031928507,-1.184664273383));
#7385 = VECTOR('',#7386,1.);
#7386 = DIRECTION('',(0.925077351719,0.379778742607));
#7387 = ( GEOMETRIC_REPRESENTATION_CONTEXT(2) 
PARAMETRIC_REPRESENTATION_CONTEXT() REPRESENTATION_CONTEXT('2D SPACE',''
  ) );
#7388 = PCURVE('',#6598,#7389);
#7389 = DEFINITIONAL_REPRESENTATION('',(#7390),#7394);
#7390 = LINE('',#7391,#7392);
#7391 = CARTESIAN_POINT('',(-4.215959032985,-9.945752789003));
#7392 = VECTOR('',#7393,1.);
#7393 = DIRECTION('',(-1.,0.));
#7394 = ( GEOMETRIC_REPRESENTATION_CONTEXT(2) 
PARAMETRIC_REPRESENTATION_CONTEXT() REPRESENTATION_CONTEXT('2D SPACE',''
  ) );
#7395 = ORIENTED_EDGE('',*,*,#7396,.T.);
#7396 = EDGE_CURVE('',#7374,#7397,#7399,.T.);
#7397 = VERTEX_POINT('',#7398);
#7398 = CARTESIAN_POINT('',(7.770287679233,9.857502759082,
    14.848055571479));
#7399 = SURFACE_CURVE('',#7400,(#7404,#7411),.PCURVE_S1.);
#7400 = LINE('',#7401,#7402);
#7401 = CARTESIAN_POINT('',(7.770287679233,8.168443078595,15.33416910816
    ));
#7402 = VECTOR('',#7403,1.);
#7403 = DIRECTION('',(-2.13383173943E-16,0.960992382657,-0.276574837025)
  );
#7404 = PCURVE('',#2062,#7405);
#7405 = DEFINITIONAL_REPRESENTATION('',(#7406),#7410);
#7406 = LINE('',#7407,#7408);
#7407 = CARTESIAN_POINT('',(-3.078173164545,-1.183990157172));
#7408 = VECTOR('',#7409,1.);
#7409 = DIRECTION('',(0.276574837025,-0.960992382657));
#7410 = ( GEOMETRIC_REPRESENTATION_CONTEXT(2) 
PARAMETRIC_REPRESENTATION_CONTEXT() REPRESENTATION_CONTEXT('2D SPACE',''
  ) );
#7411 = PCURVE('',#6570,#7412);
#7412 = DEFINITIONAL_REPRESENTATION('',(#7413),#7417);
#7413 = LINE('',#7414,#7415);
#7414 = CARTESIAN_POINT('',(1.536968243027,-9.945752789003));
#7415 = VECTOR('',#7416,1.);
#7416 = DIRECTION('',(-1.,0.));
#7417 = ( GEOMETRIC_REPRESENTATION_CONTEXT(2) 
PARAMETRIC_REPRESENTATION_CONTEXT() REPRESENTATION_CONTEXT('2D SPACE',''
  ) );
#7418 = ORIENTED_EDGE('',*,*,#7419,.F.);
#7419 = EDGE_CURVE('',#7420,#7397,#7422,.T.);
#7420 = VERTEX_POINT('',#7421);
#7421 = CARTESIAN_POINT('',(7.770287679233,9.906657124604,
    14.664402637401));
#7422 = SURFACE_CURVE('',#7423,(#7427,#7434),.PCURVE_S1.);
#7423 = LINE('',#7424,#7425);
#7424 = CARTESIAN_POINT('',(7.770287679233,10.423406909085,
    12.733696929039));
#7425 = VECTOR('',#7426,1.);
#7426 = DIRECTION('',(5.740912107976E-17,-0.258547696302,0.965998493134)
  );
#7427 = PCURVE('',#2062,#7428);
#7428 = DEFINITIONAL_REPRESENTATION('',(#7429),#7433);
#7429 = LINE('',#7430,#7431);
#7430 = CARTESIAN_POINT('',(-0.477700985423,-3.438953987662));
#7431 = VECTOR('',#7432,1.);
#7432 = DIRECTION('',(-0.965998493134,0.258547696302));
#7433 = ( GEOMETRIC_REPRESENTATION_CONTEXT(2) 
PARAMETRIC_REPRESENTATION_CONTEXT() REPRESENTATION_CONTEXT('2D SPACE',''
  ) );
#7434 = PCURVE('',#6542,#7435);
#7435 = DEFINITIONAL_REPRESENTATION('',(#7436),#7440);
#7436 = LINE('',#7437,#7438);
#7437 = CARTESIAN_POINT('',(0.,2.156824026369));
#7438 = VECTOR('',#7439,1.);
#7439 = DIRECTION('',(1.,0.));
#7440 = ( GEOMETRIC_REPRESENTATION_CONTEXT(2) 
PARAMETRIC_REPRESENTATION_CONTEXT() REPRESENTATION_CONTEXT('2D SPACE',''
  ) );
#7441 = ORIENTED_EDGE('',*,*,#7442,.T.);
#7442 = EDGE_CURVE('',#7420,#7443,#7445,.T.);
#7443 = VERTEX_POINT('',#7444);
#7444 = CARTESIAN_POINT('',(7.770287679233,9.794501843945,
    14.391211175179));
#7445 = SURFACE_CURVE('',#7446,(#7450,#7457),.PCURVE_S1.);
#7446 = LINE('',#7447,#7448);
#7447 = CARTESIAN_POINT('',(7.770287679233,8.318161186221,
    10.795092823455));
#7448 = VECTOR('',#7449,1.);
#7449 = DIRECTION('',(8.432782086103E-17,-0.379778742607,-0.925077351719
    ));
#7450 = PCURVE('',#2062,#7451);
#7451 = DEFINITIONAL_REPRESENTATION('',(#7452),#7456);
#7452 = LINE('',#7453,#7454);
#7453 = CARTESIAN_POINT('',(1.46090312016,-1.333708264799));
#7454 = VECTOR('',#7455,1.);
#7455 = DIRECTION('',(0.925077351719,0.379778742607));
#7456 = ( GEOMETRIC_REPRESENTATION_CONTEXT(2) 
PARAMETRIC_REPRESENTATION_CONTEXT() REPRESENTATION_CONTEXT('2D SPACE',''
  ) );
#7457 = PCURVE('',#6514,#7458);
#7458 = DEFINITIONAL_REPRESENTATION('',(#7459),#7463);
#7459 = LINE('',#7460,#7461);
#7460 = CARTESIAN_POINT('',(-4.215959032985,-9.945752789003));
#7461 = VECTOR('',#7462,1.);
#7462 = DIRECTION('',(-1.,0.));
#7463 = ( GEOMETRIC_REPRESENTATION_CONTEXT(2) 
PARAMETRIC_REPRESENTATION_CONTEXT() REPRESENTATION_CONTEXT('2D SPACE',''
  ) );
#7464 = ORIENTED_EDGE('',*,*,#7465,.T.);
#7465 = EDGE_CURVE('',#7443,#7466,#7468,.T.);
#7466 = VERTEX_POINT('',#7467);
#7467 = CARTESIAN_POINT('',(7.770287679233,9.995238987267,
    14.333438768549));
#7468 = SURFACE_CURVE('',#7469,(#7473,#7480),.PCURVE_S1.);
#7469 = LINE('',#7470,#7471);
#7470 = CARTESIAN_POINT('',(7.770287679233,8.317487070011,
    14.816297916507));
#7471 = VECTOR('',#7472,1.);
#7472 = DIRECTION('',(-2.13383173943E-16,0.960992382657,-0.276574837025)
  );
#7473 = PCURVE('',#2062,#7474);
#7474 = DEFINITIONAL_REPRESENTATION('',(#7475),#7479);
#7475 = LINE('',#7476,#7477);
#7476 = CARTESIAN_POINT('',(-2.560301972891,-1.333034148588));
#7477 = VECTOR('',#7478,1.);
#7478 = DIRECTION('',(0.276574837025,-0.960992382657));
#7479 = ( GEOMETRIC_REPRESENTATION_CONTEXT(2) 
PARAMETRIC_REPRESENTATION_CONTEXT() REPRESENTATION_CONTEXT('2D SPACE',''
  ) );
#7480 = PCURVE('',#6486,#7481);
#7481 = DEFINITIONAL_REPRESENTATION('',(#7482),#7486);
#7482 = LINE('',#7483,#7484);
#7483 = CARTESIAN_POINT('',(1.536968243027,-9.945752789003));
#7484 = VECTOR('',#7485,1.);
#7485 = DIRECTION('',(-1.,0.));
#7486 = ( GEOMETRIC_REPRESENTATION_CONTEXT(2) 
PARAMETRIC_REPRESENTATION_CONTEXT() REPRESENTATION_CONTEXT('2D SPACE',''
  ) );
#7487 = ORIENTED_EDGE('',*,*,#7488,.F.);
#7488 = EDGE_CURVE('',#7489,#7466,#7491,.T.);
#7489 = VERTEX_POINT('',#7490);
#7490 = CARTESIAN_POINT('',(7.770287679233,10.049383274998,
    14.131142244125));
#7491 = SURFACE_CURVE('',#7492,(#7496,#7503),.PCURVE_S1.);
#7492 = LINE('',#7493,#7494);
#7493 = CARTESIAN_POINT('',(7.770287679233,10.423406909085,
    12.733696929039));
#7494 = VECTOR('',#7495,1.);
#7495 = DIRECTION('',(5.740912107976E-17,-0.258547696302,0.965998493134)
  );
#7496 = PCURVE('',#2062,#7497);
#7497 = DEFINITIONAL_REPRESENTATION('',(#7498),#7502);
#7498 = LINE('',#7499,#7500);
#7499 = CARTESIAN_POINT('',(-0.477700985423,-3.438953987662));
#7500 = VECTOR('',#7501,1.);
#7501 = DIRECTION('',(-0.965998493134,0.258547696302));
#7502 = ( GEOMETRIC_REPRESENTATION_CONTEXT(2) 
PARAMETRIC_REPRESENTATION_CONTEXT() REPRESENTATION_CONTEXT('2D SPACE',''
  ) );
#7503 = PCURVE('',#6458,#7504);
#7504 = DEFINITIONAL_REPRESENTATION('',(#7505),#7509);
#7505 = LINE('',#7506,#7507);
#7506 = CARTESIAN_POINT('',(0.,2.156824026369));
#7507 = VECTOR('',#7508,1.);
#7508 = DIRECTION('',(1.,0.));
#7509 = ( GEOMETRIC_REPRESENTATION_CONTEXT(2) 
PARAMETRIC_REPRESENTATION_CONTEXT() REPRESENTATION_CONTEXT('2D SPACE',''
  ) );
#7510 = ORIENTED_EDGE('',*,*,#7511,.T.);
#7511 = EDGE_CURVE('',#7489,#7512,#7514,.T.);
#7512 = VERTEX_POINT('',#7513);
#7513 = CARTESIAN_POINT('',(7.770287679233,9.943545835361,
    13.873339983525));
#7514 = SURFACE_CURVE('',#7515,(#7519,#7526),.PCURVE_S1.);
#7515 = LINE('',#7516,#7517);
#7516 = CARTESIAN_POINT('',(7.770287679233,8.467205177637,
    10.277221631801));
#7517 = VECTOR('',#7518,1.);
#7518 = DIRECTION('',(8.432782086103E-17,-0.379778742607,-0.925077351719
    ));
#7519 = PCURVE('',#2062,#7520);
#7520 = DEFINITIONAL_REPRESENTATION('',(#7521),#7525);
#7521 = LINE('',#7522,#7523);
#7522 = CARTESIAN_POINT('',(1.978774311814,-1.482752256215));
#7523 = VECTOR('',#7524,1.);
#7524 = DIRECTION('',(0.925077351719,0.379778742607));
#7525 = ( GEOMETRIC_REPRESENTATION_CONTEXT(2) 
PARAMETRIC_REPRESENTATION_CONTEXT() REPRESENTATION_CONTEXT('2D SPACE',''
  ) );
#7526 = PCURVE('',#6430,#7527);
#7527 = DEFINITIONAL_REPRESENTATION('',(#7528),#7532);
#7528 = LINE('',#7529,#7530);
#7529 = CARTESIAN_POINT('',(-4.215959032985,-9.945752789003));
#7530 = VECTOR('',#7531,1.);
#7531 = DIRECTION('',(-1.,0.));
#7532 = ( GEOMETRIC_REPRESENTATION_CONTEXT(2) 
PARAMETRIC_REPRESENTATION_CONTEXT() REPRESENTATION_CONTEXT('2D SPACE',''
  ) );
#7533 = ORIENTED_EDGE('',*,*,#7534,.T.);
#7534 = EDGE_CURVE('',#7512,#7535,#7537,.T.);
#7535 = VERTEX_POINT('',#7536);
#7536 = CARTESIAN_POINT('',(7.770287679233,10.132975215452,
    13.818821965618));
#7537 = SURFACE_CURVE('',#7538,(#7542,#7549),.PCURVE_S1.);
#7538 = LINE('',#7539,#7540);
#7539 = CARTESIAN_POINT('',(7.770287679233,8.466531061427,
    14.298426724853));
#7540 = VECTOR('',#7541,1.);
#7541 = DIRECTION('',(-2.13383173943E-16,0.960992382657,-0.276574837025)
  );
#7542 = PCURVE('',#2062,#7543);
#7543 = DEFINITIONAL_REPRESENTATION('',(#7544),#7548);
#7544 = LINE('',#7545,#7546);
#7545 = CARTESIAN_POINT('',(-2.042430781238,-1.482078140004));
#7546 = VECTOR('',#7547,1.);
#7547 = DIRECTION('',(0.276574837025,-0.960992382657));
#7548 = ( GEOMETRIC_REPRESENTATION_CONTEXT(2) 
PARAMETRIC_REPRESENTATION_CONTEXT() REPRESENTATION_CONTEXT('2D SPACE',''
  ) );
#7549 = PCURVE('',#6402,#7550);
#7550 = DEFINITIONAL_REPRESENTATION('',(#7551),#7555);
#7551 = LINE('',#7552,#7553);
#7552 = CARTESIAN_POINT('',(1.536968243027,-9.945752789003));
#7553 = VECTOR('',#7554,1.);
#7554 = DIRECTION('',(-1.,0.));
#7555 = ( GEOMETRIC_REPRESENTATION_CONTEXT(2) 
PARAMETRIC_REPRESENTATION_CONTEXT() REPRESENTATION_CONTEXT('2D SPACE',''
  ) );
#7556 = ORIENTED_EDGE('',*,*,#7557,.F.);
#7557 = EDGE_CURVE('',#7558,#7535,#7560,.T.);
#7558 = VERTEX_POINT('',#7559);
#7559 = CARTESIAN_POINT('',(7.770287679233,10.192109425391,
    13.597881850849));
#7560 = SURFACE_CURVE('',#7561,(#7565,#7572),.PCURVE_S1.);
#7561 = LINE('',#7562,#7563);
#7562 = CARTESIAN_POINT('',(7.770287679233,10.423406909085,
    12.733696929039));
#7563 = VECTOR('',#7564,1.);
#7564 = DIRECTION('',(5.740912107976E-17,-0.258547696302,0.965998493134)
  );
#7565 = PCURVE('',#2062,#7566);
#7566 = DEFINITIONAL_REPRESENTATION('',(#7567),#7571);
#7567 = LINE('',#7568,#7569);
#7568 = CARTESIAN_POINT('',(-0.477700985423,-3.438953987662));
#7569 = VECTOR('',#7570,1.);
#7570 = DIRECTION('',(-0.965998493134,0.258547696302));
#7571 = ( GEOMETRIC_REPRESENTATION_CONTEXT(2) 
PARAMETRIC_REPRESENTATION_CONTEXT() REPRESENTATION_CONTEXT('2D SPACE',''
  ) );
#7572 = PCURVE('',#6374,#7573);
#7573 = DEFINITIONAL_REPRESENTATION('',(#7574),#7578);
#7574 = LINE('',#7575,#7576);
#7575 = CARTESIAN_POINT('',(0.,2.156824026369));
#7576 = VECTOR('',#7577,1.);
#7577 = DIRECTION('',(1.,0.));
#7578 = ( GEOMETRIC_REPRESENTATION_CONTEXT(2) 
PARAMETRIC_REPRESENTATION_CONTEXT() REPRESENTATION_CONTEXT('2D SPACE',''
  ) );
#7579 = ORIENTED_EDGE('',*,*,#7580,.T.);
#7580 = EDGE_CURVE('',#7558,#7581,#7583,.T.);
#7581 = VERTEX_POINT('',#7582);
#7582 = CARTESIAN_POINT('',(7.770287679233,10.092589826777,
    13.355468791872));
#7583 = SURFACE_CURVE('',#7584,(#7588,#7595),.PCURVE_S1.);
#7584 = LINE('',#7585,#7586);
#7585 = CARTESIAN_POINT('',(7.770287679233,8.616249169054,9.759350440148
    ));
#7586 = VECTOR('',#7587,1.);
#7587 = DIRECTION('',(8.432782086103E-17,-0.379778742607,-0.925077351719
    ));
#7588 = PCURVE('',#2062,#7589);
#7589 = DEFINITIONAL_REPRESENTATION('',(#7590),#7594);
#7590 = LINE('',#7591,#7592);
#7591 = CARTESIAN_POINT('',(2.496645503468,-1.631796247631));
#7592 = VECTOR('',#7593,1.);
#7593 = DIRECTION('',(0.925077351719,0.379778742607));
#7594 = ( GEOMETRIC_REPRESENTATION_CONTEXT(2) 
PARAMETRIC_REPRESENTATION_CONTEXT() REPRESENTATION_CONTEXT('2D SPACE',''
  ) );
#7595 = PCURVE('',#6346,#7596);
#7596 = DEFINITIONAL_REPRESENTATION('',(#7597),#7601);
#7597 = LINE('',#7598,#7599);
#7598 = CARTESIAN_POINT('',(-4.215959032985,-9.945752789003));
#7599 = VECTOR('',#7600,1.);
#7600 = DIRECTION('',(-1.,0.));
#7601 = ( GEOMETRIC_REPRESENTATION_CONTEXT(2) 
PARAMETRIC_REPRESENTATION_CONTEXT() REPRESENTATION_CONTEXT('2D SPACE',''
  ) );
#7602 = ORIENTED_EDGE('',*,*,#7603,.T.);
#7603 = EDGE_CURVE('',#7581,#7604,#7606,.T.);
#7604 = VERTEX_POINT('',#7605);
#7605 = CARTESIAN_POINT('',(7.770287679233,10.270711443636,
    13.304205162687));
#7606 = SURFACE_CURVE('',#7607,(#7611,#7618),.PCURVE_S1.);
#7607 = LINE('',#7608,#7609);
#7608 = CARTESIAN_POINT('',(7.770287679233,8.615575052843,13.7805555332)
  );
#7609 = VECTOR('',#7610,1.);
#7610 = DIRECTION('',(-2.13383173943E-16,0.960992382657,-0.276574837025)
  );
#7611 = PCURVE('',#2062,#7612);
#7612 = DEFINITIONAL_REPRESENTATION('',(#7613),#7617);
#7613 = LINE('',#7614,#7615);
#7614 = CARTESIAN_POINT('',(-1.524559589584,-1.63112213142));
#7615 = VECTOR('',#7616,1.);
#7616 = DIRECTION('',(0.276574837025,-0.960992382657));
#7617 = ( GEOMETRIC_REPRESENTATION_CONTEXT(2) 
PARAMETRIC_REPRESENTATION_CONTEXT() REPRESENTATION_CONTEXT('2D SPACE',''
  ) );
#7618 = PCURVE('',#6318,#7619);
#7619 = DEFINITIONAL_REPRESENTATION('',(#7620),#7624);
#7620 = LINE('',#7621,#7622);
#7621 = CARTESIAN_POINT('',(1.536968243027,-9.945752789003));
#7622 = VECTOR('',#7623,1.);
#7623 = DIRECTION('',(-1.,0.));
#7624 = ( GEOMETRIC_REPRESENTATION_CONTEXT(2) 
PARAMETRIC_REPRESENTATION_CONTEXT() REPRESENTATION_CONTEXT('2D SPACE',''
  ) );
#7625 = ORIENTED_EDGE('',*,*,#7626,.F.);
#7626 = EDGE_CURVE('',#7021,#7604,#7627,.T.);
#7627 = SURFACE_CURVE('',#7628,(#7632,#7639),.PCURVE_S1.);
#7628 = LINE('',#7629,#7630);
#7629 = CARTESIAN_POINT('',(7.770287679233,10.423406909085,
    12.733696929039));
#7630 = VECTOR('',#7631,1.);
#7631 = DIRECTION('',(5.740912107976E-17,-0.258547696302,0.965998493134)
  );
#7632 = PCURVE('',#2062,#7633);
#7633 = DEFINITIONAL_REPRESENTATION('',(#7634),#7638);
#7634 = LINE('',#7635,#7636);
#7635 = CARTESIAN_POINT('',(-0.477700985423,-3.438953987662));
#7636 = VECTOR('',#7637,1.);
#7637 = DIRECTION('',(-0.965998493134,0.258547696302));
#7638 = ( GEOMETRIC_REPRESENTATION_CONTEXT(2) 
PARAMETRIC_REPRESENTATION_CONTEXT() REPRESENTATION_CONTEXT('2D SPACE',''
  ) );
#7639 = PCURVE('',#6290,#7640);
#7640 = DEFINITIONAL_REPRESENTATION('',(#7641),#7645);
#7641 = LINE('',#7642,#7643);
#7642 = CARTESIAN_POINT('',(0.,2.156824026369));
#7643 = VECTOR('',#7644,1.);
#7644 = DIRECTION('',(1.,0.));
#7645 = ( GEOMETRIC_REPRESENTATION_CONTEXT(2) 
PARAMETRIC_REPRESENTATION_CONTEXT() REPRESENTATION_CONTEXT('2D SPACE',''
  ) );
#7646 = ADVANCED_FACE('',(#7647,#7653,#7659),#2034,.F.);
#7647 = FACE_BOUND('',#7648,.T.);
#7648 = EDGE_LOOP('',(#7649,#7650,#7651,#7652));
#7649 = ORIENTED_EDGE('',*,*,#5232,.F.);
#7650 = ORIENTED_EDGE('',*,*,#5084,.T.);
#7651 = ORIENTED_EDGE('',*,*,#5131,.F.);
#7652 = ORIENTED_EDGE('',*,*,#5204,.F.);
#7653 = FACE_BOUND('',#7654,.T.);
#7654 = EDGE_LOOP('',(#7655,#7656,#7657,#7658));
#7655 = ORIENTED_EDGE('',*,*,#5036,.F.);
#7656 = ORIENTED_EDGE('',*,*,#4887,.T.);
#7657 = ORIENTED_EDGE('',*,*,#4935,.F.);
#7658 = ORIENTED_EDGE('',*,*,#4984,.F.);
#7659 = FACE_BOUND('',#7660,.T.);
#7660 = EDGE_LOOP('',(#7661,#7662,#7663,#7664,#7665,#7666,#7667,#7668));
#7661 = ORIENTED_EDGE('',*,*,#2768,.F.);
#7662 = ORIENTED_EDGE('',*,*,#4831,.T.);
#7663 = ORIENTED_EDGE('',*,*,#2018,.F.);
#7664 = ORIENTED_EDGE('',*,*,#7165,.F.);
#7665 = ORIENTED_EDGE('',*,*,#4463,.T.);
#7666 = ORIENTED_EDGE('',*,*,#3460,.T.);
#7667 = ORIENTED_EDGE('',*,*,#4487,.F.);
#7668 = ORIENTED_EDGE('',*,*,#7669,.F.);
#7669 = EDGE_CURVE('',#2741,#4488,#7670,.T.);
#7670 = SURFACE_CURVE('',#7671,(#7675,#7682),.PCURVE_S1.);
#7671 = LINE('',#7672,#7673);
#7672 = CARTESIAN_POINT('',(7.770287679233,-7.053852729981,6.18581864844
    ));
#7673 = VECTOR('',#7674,1.);
#7674 = DIRECTION('',(-2.22044604925E-16,1.,0.));
#7675 = PCURVE('',#2034,#7676);
#7676 = DEFINITIONAL_REPRESENTATION('',(#7677),#7681);
#7677 = LINE('',#7678,#7679);
#7678 = CARTESIAN_POINT('',(0.,9.270287679233));
#7679 = VECTOR('',#7680,1.);
#7680 = DIRECTION('',(-1.,0.));
#7681 = ( GEOMETRIC_REPRESENTATION_CONTEXT(2) 
PARAMETRIC_REPRESENTATION_CONTEXT() REPRESENTATION_CONTEXT('2D SPACE',''
  ) );
#7682 = PCURVE('',#2756,#7683);
#7683 = DEFINITIONAL_REPRESENTATION('',(#7684),#7688);
#7684 = LINE('',#7685,#7686);
#7685 = CARTESIAN_POINT('',(-6.070177295175,6.939980855799E-02));
#7686 = VECTOR('',#7687,1.);
#7687 = DIRECTION('',(0.,-1.));
#7688 = ( GEOMETRIC_REPRESENTATION_CONTEXT(2) 
PARAMETRIC_REPRESENTATION_CONTEXT() REPRESENTATION_CONTEXT('2D SPACE',''
  ) );
#7689 = ADVANCED_FACE('',(#7690),#1938,.T.);
#7690 = FACE_BOUND('',#7691,.T.);
#7691 = EDGE_LOOP('',(#7692,#7717,#7740,#7763,#7786,#7809,#7832,#7855,
    #7878,#7901,#7924,#7947,#7970,#7993,#8016,#8039,#8062,#8085,#8108,
    #8131,#8154,#8177,#8205,#8226,#8227,#8228,#8229,#8230,#8231,#8254,
    #8277));
#7692 = ORIENTED_EDGE('',*,*,#7693,.T.);
#7693 = EDGE_CURVE('',#7694,#7696,#7698,.T.);
#7694 = VERTEX_POINT('',#7695);
#7695 = CARTESIAN_POINT('',(-7.770287679233,10.423406909085,
    12.733696929039));
#7696 = VERTEX_POINT('',#7697);
#7697 = CARTESIAN_POINT('',(-7.770287679233,10.408447671821,
    12.789588359756));
#7698 = SURFACE_CURVE('',#7699,(#7703,#7710),.PCURVE_S1.);
#7699 = LINE('',#7700,#7701);
#7700 = CARTESIAN_POINT('',(-7.770287679233,10.423406909085,
    12.733696929039));
#7701 = VECTOR('',#7702,1.);
#7702 = DIRECTION('',(5.740912107976E-17,-0.258547696302,0.965998493134)
  );
#7703 = PCURVE('',#1938,#7704);
#7704 = DEFINITIONAL_REPRESENTATION('',(#7705),#7709);
#7705 = LINE('',#7706,#7707);
#7706 = CARTESIAN_POINT('',(-0.477700985423,3.438953987662));
#7707 = VECTOR('',#7708,1.);
#7708 = DIRECTION('',(-0.965998493134,-0.258547696302));
#7709 = ( GEOMETRIC_REPRESENTATION_CONTEXT(2) 
PARAMETRIC_REPRESENTATION_CONTEXT() REPRESENTATION_CONTEXT('2D SPACE',''
  ) );
#7710 = PCURVE('',#5406,#7711);
#7711 = DEFINITIONAL_REPRESENTATION('',(#7712),#7716);
#7712 = LINE('',#7713,#7714);
#7713 = CARTESIAN_POINT('',(0.,-2.156824026369));
#7714 = VECTOR('',#7715,1.);
#7715 = DIRECTION('',(1.,0.));
#7716 = ( GEOMETRIC_REPRESENTATION_CONTEXT(2) 
PARAMETRIC_REPRESENTATION_CONTEXT() REPRESENTATION_CONTEXT('2D SPACE',''
  ) );
#7717 = ORIENTED_EDGE('',*,*,#7718,.T.);
#7718 = EDGE_CURVE('',#7696,#7719,#7721,.T.);
#7719 = VERTEX_POINT('',#7720);
#7720 = CARTESIAN_POINT('',(-7.770287679233,10.241633818193,
    12.837597600218));
#7721 = SURFACE_CURVE('',#7722,(#7726,#7733),.PCURVE_S1.);
#7722 = LINE('',#7723,#7724);
#7723 = CARTESIAN_POINT('',(-7.770287679233,8.764619044259,
    13.262684341546));
#7724 = VECTOR('',#7725,1.);
#7725 = DIRECTION('',(2.13383173943E-16,-0.960992382657,0.276574837025)
  );
#7726 = PCURVE('',#1938,#7727);
#7727 = DEFINITIONAL_REPRESENTATION('',(#7728),#7732);
#7728 = LINE('',#7729,#7730);
#7729 = CARTESIAN_POINT('',(-1.006688397931,1.780166122836));
#7730 = VECTOR('',#7731,1.);
#7731 = DIRECTION('',(-0.276574837025,-0.960992382657));
#7732 = ( GEOMETRIC_REPRESENTATION_CONTEXT(2) 
PARAMETRIC_REPRESENTATION_CONTEXT() REPRESENTATION_CONTEXT('2D SPACE',''
  ) );
#7733 = PCURVE('',#5378,#7734);
#7734 = DEFINITIONAL_REPRESENTATION('',(#7735),#7739);
#7735 = LINE('',#7736,#7737);
#7736 = CARTESIAN_POINT('',(1.536968243027,-25.48632814746));
#7737 = VECTOR('',#7738,1.);
#7738 = DIRECTION('',(1.,0.));
#7739 = ( GEOMETRIC_REPRESENTATION_CONTEXT(2) 
PARAMETRIC_REPRESENTATION_CONTEXT() REPRESENTATION_CONTEXT('2D SPACE',''
  ) );
#7740 = ORIENTED_EDGE('',*,*,#7741,.T.);
#7741 = EDGE_CURVE('',#7719,#7742,#7744,.T.);
#7742 = VERTEX_POINT('',#7743);
#7743 = CARTESIAN_POINT('',(-7.770287679233,10.334835575785,
    13.064621457574));
#7744 = SURFACE_CURVE('',#7745,(#7749,#7756),.PCURVE_S1.);
#7745 = LINE('',#7746,#7747);
#7746 = CARTESIAN_POINT('',(-7.770287679233,8.76529316047,9.241479248494
    ));
#7747 = VECTOR('',#7748,1.);
#7748 = DIRECTION('',(-8.432782086103E-17,0.379778742607,0.925077351719)
  );
#7749 = PCURVE('',#1938,#7750);
#7750 = DEFINITIONAL_REPRESENTATION('',(#7751),#7755);
#7751 = LINE('',#7752,#7753);
#7752 = CARTESIAN_POINT('',(3.014516695121,1.780840239047));
#7753 = VECTOR('',#7754,1.);
#7754 = DIRECTION('',(-0.925077351719,0.379778742607));
#7755 = ( GEOMETRIC_REPRESENTATION_CONTEXT(2) 
PARAMETRIC_REPRESENTATION_CONTEXT() REPRESENTATION_CONTEXT('2D SPACE',''
  ) );
#7756 = PCURVE('',#5350,#7757);
#7757 = DEFINITIONAL_REPRESENTATION('',(#7758),#7762);
#7758 = LINE('',#7759,#7760);
#7759 = CARTESIAN_POINT('',(-4.215959032985,-25.48632814746));
#7760 = VECTOR('',#7761,1.);
#7761 = DIRECTION('',(1.,0.));
#7762 = ( GEOMETRIC_REPRESENTATION_CONTEXT(2) 
PARAMETRIC_REPRESENTATION_CONTEXT() REPRESENTATION_CONTEXT('2D SPACE',''
  ) );
#7763 = ORIENTED_EDGE('',*,*,#7764,.T.);
#7764 = EDGE_CURVE('',#7742,#7765,#7767,.T.);
#7765 = VERTEX_POINT('',#7766);
#7766 = CARTESIAN_POINT('',(-7.770287679233,10.270711443636,
    13.304205162687));
#7767 = SURFACE_CURVE('',#7768,(#7772,#7779),.PCURVE_S1.);
#7768 = LINE('',#7769,#7770);
#7769 = CARTESIAN_POINT('',(-7.770287679233,10.423406909085,
    12.733696929039));
#7770 = VECTOR('',#7771,1.);
#7771 = DIRECTION('',(5.740912107976E-17,-0.258547696302,0.965998493134)
  );
#7772 = PCURVE('',#1938,#7773);
#7773 = DEFINITIONAL_REPRESENTATION('',(#7774),#7778);
#7774 = LINE('',#7775,#7776);
#7775 = CARTESIAN_POINT('',(-0.477700985423,3.438953987662));
#7776 = VECTOR('',#7777,1.);
#7777 = DIRECTION('',(-0.965998493134,-0.258547696302));
#7778 = ( GEOMETRIC_REPRESENTATION_CONTEXT(2) 
PARAMETRIC_REPRESENTATION_CONTEXT() REPRESENTATION_CONTEXT('2D SPACE',''
  ) );
#7779 = PCURVE('',#6072,#7780);
#7780 = DEFINITIONAL_REPRESENTATION('',(#7781),#7785);
#7781 = LINE('',#7782,#7783);
#7782 = CARTESIAN_POINT('',(0.,-2.156824026369));
#7783 = VECTOR('',#7784,1.);
#7784 = DIRECTION('',(1.,0.));
#7785 = ( GEOMETRIC_REPRESENTATION_CONTEXT(2) 
PARAMETRIC_REPRESENTATION_CONTEXT() REPRESENTATION_CONTEXT('2D SPACE',''
  ) );
#7786 = ORIENTED_EDGE('',*,*,#7787,.T.);
#7787 = EDGE_CURVE('',#7765,#7788,#7790,.T.);
#7788 = VERTEX_POINT('',#7789);
#7789 = CARTESIAN_POINT('',(-7.770287679233,10.092589826777,
    13.355468791872));
#7790 = SURFACE_CURVE('',#7791,(#7795,#7802),.PCURVE_S1.);
#7791 = LINE('',#7792,#7793);
#7792 = CARTESIAN_POINT('',(-7.770287679233,8.615575052843,13.7805555332
    ));
#7793 = VECTOR('',#7794,1.);
#7794 = DIRECTION('',(2.13383173943E-16,-0.960992382657,0.276574837025)
  );
#7795 = PCURVE('',#1938,#7796);
#7796 = DEFINITIONAL_REPRESENTATION('',(#7797),#7801);
#7797 = LINE('',#7798,#7799);
#7798 = CARTESIAN_POINT('',(-1.524559589584,1.63112213142));
#7799 = VECTOR('',#7800,1.);
#7800 = DIRECTION('',(-0.276574837025,-0.960992382657));
#7801 = ( GEOMETRIC_REPRESENTATION_CONTEXT(2) 
PARAMETRIC_REPRESENTATION_CONTEXT() REPRESENTATION_CONTEXT('2D SPACE',''
  ) );
#7802 = PCURVE('',#6046,#7803);
#7803 = DEFINITIONAL_REPRESENTATION('',(#7804),#7808);
#7804 = LINE('',#7805,#7806);
#7805 = CARTESIAN_POINT('',(1.536968243027,-25.48632814746));
#7806 = VECTOR('',#7807,1.);
#7807 = DIRECTION('',(1.,0.));
#7808 = ( GEOMETRIC_REPRESENTATION_CONTEXT(2) 
PARAMETRIC_REPRESENTATION_CONTEXT() REPRESENTATION_CONTEXT('2D SPACE',''
  ) );
#7809 = ORIENTED_EDGE('',*,*,#7810,.T.);
#7810 = EDGE_CURVE('',#7788,#7811,#7813,.T.);
#7811 = VERTEX_POINT('',#7812);
#7812 = CARTESIAN_POINT('',(-7.770287679233,10.192109425391,
    13.597881850849));
#7813 = SURFACE_CURVE('',#7814,(#7818,#7825),.PCURVE_S1.);
#7814 = LINE('',#7815,#7816);
#7815 = CARTESIAN_POINT('',(-7.770287679233,8.616249169054,
    9.759350440148));
#7816 = VECTOR('',#7817,1.);
#7817 = DIRECTION('',(-8.432782086103E-17,0.379778742607,0.925077351719)
  );
#7818 = PCURVE('',#1938,#7819);
#7819 = DEFINITIONAL_REPRESENTATION('',(#7820),#7824);
#7820 = LINE('',#7821,#7822);
#7821 = CARTESIAN_POINT('',(2.496645503468,1.631796247631));
#7822 = VECTOR('',#7823,1.);
#7823 = DIRECTION('',(-0.925077351719,0.379778742607));
#7824 = ( GEOMETRIC_REPRESENTATION_CONTEXT(2) 
PARAMETRIC_REPRESENTATION_CONTEXT() REPRESENTATION_CONTEXT('2D SPACE',''
  ) );
#7825 = PCURVE('',#6018,#7826);
#7826 = DEFINITIONAL_REPRESENTATION('',(#7827),#7831);
#7827 = LINE('',#7828,#7829);
#7828 = CARTESIAN_POINT('',(-4.215959032985,-25.48632814746));
#7829 = VECTOR('',#7830,1.);
#7830 = DIRECTION('',(1.,0.));
#7831 = ( GEOMETRIC_REPRESENTATION_CONTEXT(2) 
PARAMETRIC_REPRESENTATION_CONTEXT() REPRESENTATION_CONTEXT('2D SPACE',''
  ) );
#7832 = ORIENTED_EDGE('',*,*,#7833,.T.);
#7833 = EDGE_CURVE('',#7811,#7834,#7836,.T.);
#7834 = VERTEX_POINT('',#7835);
#7835 = CARTESIAN_POINT('',(-7.770287679233,10.132975215452,
    13.818821965618));
#7836 = SURFACE_CURVE('',#7837,(#7841,#7848),.PCURVE_S1.);
#7837 = LINE('',#7838,#7839);
#7838 = CARTESIAN_POINT('',(-7.770287679233,10.423406909085,
    12.733696929039));
#7839 = VECTOR('',#7840,1.);
#7840 = DIRECTION('',(5.740912107976E-17,-0.258547696302,0.965998493134)
  );
#7841 = PCURVE('',#1938,#7842);
#7842 = DEFINITIONAL_REPRESENTATION('',(#7843),#7847);
#7843 = LINE('',#7844,#7845);
#7844 = CARTESIAN_POINT('',(-0.477700985423,3.438953987662));
#7845 = VECTOR('',#7846,1.);
#7846 = DIRECTION('',(-0.965998493134,-0.258547696302));
#7847 = ( GEOMETRIC_REPRESENTATION_CONTEXT(2) 
PARAMETRIC_REPRESENTATION_CONTEXT() REPRESENTATION_CONTEXT('2D SPACE',''
  ) );
#7848 = PCURVE('',#5990,#7849);
#7849 = DEFINITIONAL_REPRESENTATION('',(#7850),#7854);
#7850 = LINE('',#7851,#7852);
#7851 = CARTESIAN_POINT('',(0.,-2.156824026369));
#7852 = VECTOR('',#7853,1.);
#7853 = DIRECTION('',(1.,0.));
#7854 = ( GEOMETRIC_REPRESENTATION_CONTEXT(2) 
PARAMETRIC_REPRESENTATION_CONTEXT() REPRESENTATION_CONTEXT('2D SPACE',''
  ) );
#7855 = ORIENTED_EDGE('',*,*,#7856,.T.);
#7856 = EDGE_CURVE('',#7834,#7857,#7859,.T.);
#7857 = VERTEX_POINT('',#7858);
#7858 = CARTESIAN_POINT('',(-7.770287679233,9.943545835361,
    13.873339983525));
#7859 = SURFACE_CURVE('',#7860,(#7864,#7871),.PCURVE_S1.);
#7860 = LINE('',#7861,#7862);
#7861 = CARTESIAN_POINT('',(-7.770287679233,8.466531061427,
    14.298426724853));
#7862 = VECTOR('',#7863,1.);
#7863 = DIRECTION('',(2.13383173943E-16,-0.960992382657,0.276574837025)
  );
#7864 = PCURVE('',#1938,#7865);
#7865 = DEFINITIONAL_REPRESENTATION('',(#7866),#7870);
#7866 = LINE('',#7867,#7868);
#7867 = CARTESIAN_POINT('',(-2.042430781238,1.482078140004));
#7868 = VECTOR('',#7869,1.);
#7869 = DIRECTION('',(-0.276574837025,-0.960992382657));
#7870 = ( GEOMETRIC_REPRESENTATION_CONTEXT(2) 
PARAMETRIC_REPRESENTATION_CONTEXT() REPRESENTATION_CONTEXT('2D SPACE',''
  ) );
#7871 = PCURVE('',#5962,#7872);
#7872 = DEFINITIONAL_REPRESENTATION('',(#7873),#7877);
#7873 = LINE('',#7874,#7875);
#7874 = CARTESIAN_POINT('',(1.536968243027,-25.48632814746));
#7875 = VECTOR('',#7876,1.);
#7876 = DIRECTION('',(1.,0.));
#7877 = ( GEOMETRIC_REPRESENTATION_CONTEXT(2) 
PARAMETRIC_REPRESENTATION_CONTEXT() REPRESENTATION_CONTEXT('2D SPACE',''
  ) );
#7878 = ORIENTED_EDGE('',*,*,#7879,.T.);
#7879 = EDGE_CURVE('',#7857,#7880,#7882,.T.);
#7880 = VERTEX_POINT('',#7881);
#7881 = CARTESIAN_POINT('',(-7.770287679233,10.049383274998,
    14.131142244125));
#7882 = SURFACE_CURVE('',#7883,(#7887,#7894),.PCURVE_S1.);
#7883 = LINE('',#7884,#7885);
#7884 = CARTESIAN_POINT('',(-7.770287679233,8.467205177637,
    10.277221631801));
#7885 = VECTOR('',#7886,1.);
#7886 = DIRECTION('',(-8.432782086103E-17,0.379778742607,0.925077351719)
  );
#7887 = PCURVE('',#1938,#7888);
#7888 = DEFINITIONAL_REPRESENTATION('',(#7889),#7893);
#7889 = LINE('',#7890,#7891);
#7890 = CARTESIAN_POINT('',(1.978774311814,1.482752256215));
#7891 = VECTOR('',#7892,1.);
#7892 = DIRECTION('',(-0.925077351719,0.379778742607));
#7893 = ( GEOMETRIC_REPRESENTATION_CONTEXT(2) 
PARAMETRIC_REPRESENTATION_CONTEXT() REPRESENTATION_CONTEXT('2D SPACE',''
  ) );
#7894 = PCURVE('',#5934,#7895);
#7895 = DEFINITIONAL_REPRESENTATION('',(#7896),#7900);
#7896 = LINE('',#7897,#7898);
#7897 = CARTESIAN_POINT('',(-4.215959032985,-25.48632814746));
#7898 = VECTOR('',#7899,1.);
#7899 = DIRECTION('',(1.,0.));
#7900 = ( GEOMETRIC_REPRESENTATION_CONTEXT(2) 
PARAMETRIC_REPRESENTATION_CONTEXT() REPRESENTATION_CONTEXT('2D SPACE',''
  ) );
#7901 = ORIENTED_EDGE('',*,*,#7902,.T.);
#7902 = EDGE_CURVE('',#7880,#7903,#7905,.T.);
#7903 = VERTEX_POINT('',#7904);
#7904 = CARTESIAN_POINT('',(-7.770287679233,9.995238987267,
    14.333438768549));
#7905 = SURFACE_CURVE('',#7906,(#7910,#7917),.PCURVE_S1.);
#7906 = LINE('',#7907,#7908);
#7907 = CARTESIAN_POINT('',(-7.770287679233,10.423406909085,
    12.733696929039));
#7908 = VECTOR('',#7909,1.);
#7909 = DIRECTION('',(5.740912107976E-17,-0.258547696302,0.965998493134)
  );
#7910 = PCURVE('',#1938,#7911);
#7911 = DEFINITIONAL_REPRESENTATION('',(#7912),#7916);
#7912 = LINE('',#7913,#7914);
#7913 = CARTESIAN_POINT('',(-0.477700985423,3.438953987662));
#7914 = VECTOR('',#7915,1.);
#7915 = DIRECTION('',(-0.965998493134,-0.258547696302));
#7916 = ( GEOMETRIC_REPRESENTATION_CONTEXT(2) 
PARAMETRIC_REPRESENTATION_CONTEXT() REPRESENTATION_CONTEXT('2D SPACE',''
  ) );
#7917 = PCURVE('',#5906,#7918);
#7918 = DEFINITIONAL_REPRESENTATION('',(#7919),#7923);
#7919 = LINE('',#7920,#7921);
#7920 = CARTESIAN_POINT('',(0.,-2.156824026369));
#7921 = VECTOR('',#7922,1.);
#7922 = DIRECTION('',(1.,0.));
#7923 = ( GEOMETRIC_REPRESENTATION_CONTEXT(2) 
PARAMETRIC_REPRESENTATION_CONTEXT() REPRESENTATION_CONTEXT('2D SPACE',''
  ) );
#7924 = ORIENTED_EDGE('',*,*,#7925,.T.);
#7925 = EDGE_CURVE('',#7903,#7926,#7928,.T.);
#7926 = VERTEX_POINT('',#7927);
#7927 = CARTESIAN_POINT('',(-7.770287679233,9.794501843945,
    14.391211175179));
#7928 = SURFACE_CURVE('',#7929,(#7933,#7940),.PCURVE_S1.);
#7929 = LINE('',#7930,#7931);
#7930 = CARTESIAN_POINT('',(-7.770287679233,8.317487070011,
    14.816297916507));
#7931 = VECTOR('',#7932,1.);
#7932 = DIRECTION('',(2.13383173943E-16,-0.960992382657,0.276574837025)
  );
#7933 = PCURVE('',#1938,#7934);
#7934 = DEFINITIONAL_REPRESENTATION('',(#7935),#7939);
#7935 = LINE('',#7936,#7937);
#7936 = CARTESIAN_POINT('',(-2.560301972891,1.333034148588));
#7937 = VECTOR('',#7938,1.);
#7938 = DIRECTION('',(-0.276574837025,-0.960992382657));
#7939 = ( GEOMETRIC_REPRESENTATION_CONTEXT(2) 
PARAMETRIC_REPRESENTATION_CONTEXT() REPRESENTATION_CONTEXT('2D SPACE',''
  ) );
#7940 = PCURVE('',#5878,#7941);
#7941 = DEFINITIONAL_REPRESENTATION('',(#7942),#7946);
#7942 = LINE('',#7943,#7944);
#7943 = CARTESIAN_POINT('',(1.536968243027,-25.48632814746));
#7944 = VECTOR('',#7945,1.);
#7945 = DIRECTION('',(1.,0.));
#7946 = ( GEOMETRIC_REPRESENTATION_CONTEXT(2) 
PARAMETRIC_REPRESENTATION_CONTEXT() REPRESENTATION_CONTEXT('2D SPACE',''
  ) );
#7947 = ORIENTED_EDGE('',*,*,#7948,.T.);
#7948 = EDGE_CURVE('',#7926,#7949,#7951,.T.);
#7949 = VERTEX_POINT('',#7950);
#7950 = CARTESIAN_POINT('',(-7.770287679233,9.906657124604,
    14.664402637401));
#7951 = SURFACE_CURVE('',#7952,(#7956,#7963),.PCURVE_S1.);
#7952 = LINE('',#7953,#7954);
#7953 = CARTESIAN_POINT('',(-7.770287679233,8.318161186221,
    10.795092823455));
#7954 = VECTOR('',#7955,1.);
#7955 = DIRECTION('',(-8.432782086103E-17,0.379778742607,0.925077351719)
  );
#7956 = PCURVE('',#1938,#7957);
#7957 = DEFINITIONAL_REPRESENTATION('',(#7958),#7962);
#7958 = LINE('',#7959,#7960);
#7959 = CARTESIAN_POINT('',(1.46090312016,1.333708264799));
#7960 = VECTOR('',#7961,1.);
#7961 = DIRECTION('',(-0.925077351719,0.379778742607));
#7962 = ( GEOMETRIC_REPRESENTATION_CONTEXT(2) 
PARAMETRIC_REPRESENTATION_CONTEXT() REPRESENTATION_CONTEXT('2D SPACE',''
  ) );
#7963 = PCURVE('',#5850,#7964);
#7964 = DEFINITIONAL_REPRESENTATION('',(#7965),#7969);
#7965 = LINE('',#7966,#7967);
#7966 = CARTESIAN_POINT('',(-4.215959032985,-25.48632814746));
#7967 = VECTOR('',#7968,1.);
#7968 = DIRECTION('',(1.,0.));
#7969 = ( GEOMETRIC_REPRESENTATION_CONTEXT(2) 
PARAMETRIC_REPRESENTATION_CONTEXT() REPRESENTATION_CONTEXT('2D SPACE',''
  ) );
#7970 = ORIENTED_EDGE('',*,*,#7971,.T.);
#7971 = EDGE_CURVE('',#7949,#7972,#7974,.T.);
#7972 = VERTEX_POINT('',#7973);
#7973 = CARTESIAN_POINT('',(-7.770287679233,9.857502759082,
    14.848055571479));
#7974 = SURFACE_CURVE('',#7975,(#7979,#7986),.PCURVE_S1.);
#7975 = LINE('',#7976,#7977);
#7976 = CARTESIAN_POINT('',(-7.770287679233,10.423406909085,
    12.733696929039));
#7977 = VECTOR('',#7978,1.);
#7978 = DIRECTION('',(5.740912107976E-17,-0.258547696302,0.965998493134)
  );
#7979 = PCURVE('',#1938,#7980);
#7980 = DEFINITIONAL_REPRESENTATION('',(#7981),#7985);
#7981 = LINE('',#7982,#7983);
#7982 = CARTESIAN_POINT('',(-0.477700985423,3.438953987662));
#7983 = VECTOR('',#7984,1.);
#7984 = DIRECTION('',(-0.965998493134,-0.258547696302));
#7985 = ( GEOMETRIC_REPRESENTATION_CONTEXT(2) 
PARAMETRIC_REPRESENTATION_CONTEXT() REPRESENTATION_CONTEXT('2D SPACE',''
  ) );
#7986 = PCURVE('',#5822,#7987);
#7987 = DEFINITIONAL_REPRESENTATION('',(#7988),#7992);
#7988 = LINE('',#7989,#7990);
#7989 = CARTESIAN_POINT('',(0.,-2.156824026369));
#7990 = VECTOR('',#7991,1.);
#7991 = DIRECTION('',(1.,0.));
#7992 = ( GEOMETRIC_REPRESENTATION_CONTEXT(2) 
PARAMETRIC_REPRESENTATION_CONTEXT() REPRESENTATION_CONTEXT('2D SPACE',''
  ) );
#7993 = ORIENTED_EDGE('',*,*,#7994,.T.);
#7994 = EDGE_CURVE('',#7972,#7995,#7997,.T.);
#7995 = VERTEX_POINT('',#7996);
#7996 = CARTESIAN_POINT('',(-7.770287679233,9.645457852529,
    14.909082366832));
#7997 = SURFACE_CURVE('',#7998,(#8002,#8009),.PCURVE_S1.);
#7998 = LINE('',#7999,#8000);
#7999 = CARTESIAN_POINT('',(-7.770287679233,8.168443078595,
    15.33416910816));
#8000 = VECTOR('',#8001,1.);
#8001 = DIRECTION('',(2.13383173943E-16,-0.960992382657,0.276574837025)
  );
#8002 = PCURVE('',#1938,#8003);
#8003 = DEFINITIONAL_REPRESENTATION('',(#8004),#8008);
#8004 = LINE('',#8005,#8006);
#8005 = CARTESIAN_POINT('',(-3.078173164545,1.183990157172));
#8006 = VECTOR('',#8007,1.);
#8007 = DIRECTION('',(-0.276574837025,-0.960992382657));
#8008 = ( GEOMETRIC_REPRESENTATION_CONTEXT(2) 
PARAMETRIC_REPRESENTATION_CONTEXT() REPRESENTATION_CONTEXT('2D SPACE',''
  ) );
#8009 = PCURVE('',#5794,#8010);
#8010 = DEFINITIONAL_REPRESENTATION('',(#8011),#8015);
#8011 = LINE('',#8012,#8013);
#8012 = CARTESIAN_POINT('',(1.536968243027,-25.48632814746));
#8013 = VECTOR('',#8014,1.);
#8014 = DIRECTION('',(1.,0.));
#8015 = ( GEOMETRIC_REPRESENTATION_CONTEXT(2) 
PARAMETRIC_REPRESENTATION_CONTEXT() REPRESENTATION_CONTEXT('2D SPACE',''
  ) );
#8016 = ORIENTED_EDGE('',*,*,#8017,.T.);
#8017 = EDGE_CURVE('',#7995,#8018,#8020,.T.);
#8018 = VERTEX_POINT('',#8019);
#8019 = CARTESIAN_POINT('',(-7.770287679233,9.763930974211,
    15.197663030677));
#8020 = SURFACE_CURVE('',#8021,(#8025,#8032),.PCURVE_S1.);
#8021 = LINE('',#8022,#8023);
#8022 = CARTESIAN_POINT('',(-7.770287679233,8.169117194805,
    11.312964015109));
#8023 = VECTOR('',#8024,1.);
#8024 = DIRECTION('',(-8.432782086103E-17,0.379778742607,0.925077351719)
  );
#8025 = PCURVE('',#1938,#8026);
#8026 = DEFINITIONAL_REPRESENTATION('',(#8027),#8031);
#8027 = LINE('',#8028,#8029);
#8028 = CARTESIAN_POINT('',(0.943031928507,1.184664273383));
#8029 = VECTOR('',#8030,1.);
#8030 = DIRECTION('',(-0.925077351719,0.379778742607));
#8031 = ( GEOMETRIC_REPRESENTATION_CONTEXT(2) 
PARAMETRIC_REPRESENTATION_CONTEXT() REPRESENTATION_CONTEXT('2D SPACE',''
  ) );
#8032 = PCURVE('',#5766,#8033);
#8033 = DEFINITIONAL_REPRESENTATION('',(#8034),#8038);
#8034 = LINE('',#8035,#8036);
#8035 = CARTESIAN_POINT('',(-4.215959032985,-25.48632814746));
#8036 = VECTOR('',#8037,1.);
#8037 = DIRECTION('',(1.,0.));
#8038 = ( GEOMETRIC_REPRESENTATION_CONTEXT(2) 
PARAMETRIC_REPRESENTATION_CONTEXT() REPRESENTATION_CONTEXT('2D SPACE',''
  ) );
#8039 = ORIENTED_EDGE('',*,*,#8040,.T.);
#8040 = EDGE_CURVE('',#8018,#8041,#8043,.T.);
#8041 = VERTEX_POINT('',#8042);
#8042 = CARTESIAN_POINT('',(-7.770287679233,9.719766530898,
    15.36267237441));
#8043 = SURFACE_CURVE('',#8044,(#8048,#8055),.PCURVE_S1.);
#8044 = LINE('',#8045,#8046);
#8045 = CARTESIAN_POINT('',(-7.770287679233,10.423406909085,
    12.733696929039));
#8046 = VECTOR('',#8047,1.);
#8047 = DIRECTION('',(5.740912107976E-17,-0.258547696302,0.965998493134)
  );
#8048 = PCURVE('',#1938,#8049);
#8049 = DEFINITIONAL_REPRESENTATION('',(#8050),#8054);
#8050 = LINE('',#8051,#8052);
#8051 = CARTESIAN_POINT('',(-0.477700985423,3.438953987662));
#8052 = VECTOR('',#8053,1.);
#8053 = DIRECTION('',(-0.965998493134,-0.258547696302));
#8054 = ( GEOMETRIC_REPRESENTATION_CONTEXT(2) 
PARAMETRIC_REPRESENTATION_CONTEXT() REPRESENTATION_CONTEXT('2D SPACE',''
  ) );
#8055 = PCURVE('',#5738,#8056);
#8056 = DEFINITIONAL_REPRESENTATION('',(#8057),#8061);
#8057 = LINE('',#8058,#8059);
#8058 = CARTESIAN_POINT('',(0.,-2.156824026369));
#8059 = VECTOR('',#8060,1.);
#8060 = DIRECTION('',(1.,0.));
#8061 = ( GEOMETRIC_REPRESENTATION_CONTEXT(2) 
PARAMETRIC_REPRESENTATION_CONTEXT() REPRESENTATION_CONTEXT('2D SPACE',''
  ) );
#8062 = ORIENTED_EDGE('',*,*,#8063,.T.);
#8063 = EDGE_CURVE('',#8041,#8064,#8066,.T.);
#8064 = VERTEX_POINT('',#8065);
#8065 = CARTESIAN_POINT('',(-7.770287679233,9.496413861113,
    15.426953558486));
#8066 = SURFACE_CURVE('',#8067,(#8071,#8078),.PCURVE_S1.);
#8067 = LINE('',#8068,#8069);
#8068 = CARTESIAN_POINT('',(-7.770287679233,8.019399087178,
    15.852040299814));
#8069 = VECTOR('',#8070,1.);
#8070 = DIRECTION('',(2.13383173943E-16,-0.960992382657,0.276574837025)
  );
#8071 = PCURVE('',#1938,#8072);
#8072 = DEFINITIONAL_REPRESENTATION('',(#8073),#8077);
#8073 = LINE('',#8074,#8075);
#8074 = CARTESIAN_POINT('',(-3.596044356199,1.034946165756));
#8075 = VECTOR('',#8076,1.);
#8076 = DIRECTION('',(-0.276574837025,-0.960992382657));
#8077 = ( GEOMETRIC_REPRESENTATION_CONTEXT(2) 
PARAMETRIC_REPRESENTATION_CONTEXT() REPRESENTATION_CONTEXT('2D SPACE',''
  ) );
#8078 = PCURVE('',#5710,#8079);
#8079 = DEFINITIONAL_REPRESENTATION('',(#8080),#8084);
#8080 = LINE('',#8081,#8082);
#8081 = CARTESIAN_POINT('',(1.536968243027,-25.48632814746));
#8082 = VECTOR('',#8083,1.);
#8083 = DIRECTION('',(1.,0.));
#8084 = ( GEOMETRIC_REPRESENTATION_CONTEXT(2) 
PARAMETRIC_REPRESENTATION_CONTEXT() REPRESENTATION_CONTEXT('2D SPACE',''
  ) );
#8085 = ORIENTED_EDGE('',*,*,#8086,.T.);
#8086 = EDGE_CURVE('',#8064,#8087,#8089,.T.);
#8087 = VERTEX_POINT('',#8088);
#8088 = CARTESIAN_POINT('',(-7.770287679233,9.621204823817,
    15.730923423953));
#8089 = SURFACE_CURVE('',#8090,(#8094,#8101),.PCURVE_S1.);
#8090 = LINE('',#8091,#8092);
#8091 = CARTESIAN_POINT('',(-7.770287679233,8.020073203389,
    11.830835206762));
#8092 = VECTOR('',#8093,1.);
#8093 = DIRECTION('',(-8.432782086103E-17,0.379778742607,0.925077351719)
  );
#8094 = PCURVE('',#1938,#8095);
#8095 = DEFINITIONAL_REPRESENTATION('',(#8096),#8100);
#8096 = LINE('',#8097,#8098);
#8097 = CARTESIAN_POINT('',(0.425160736853,1.035620281966));
#8098 = VECTOR('',#8099,1.);
#8099 = DIRECTION('',(-0.925077351719,0.379778742607));
#8100 = ( GEOMETRIC_REPRESENTATION_CONTEXT(2) 
PARAMETRIC_REPRESENTATION_CONTEXT() REPRESENTATION_CONTEXT('2D SPACE',''
  ) );
#8101 = PCURVE('',#5682,#8102);
#8102 = DEFINITIONAL_REPRESENTATION('',(#8103),#8107);
#8103 = LINE('',#8104,#8105);
#8104 = CARTESIAN_POINT('',(-4.215959032985,-25.48632814746));
#8105 = VECTOR('',#8106,1.);
#8106 = DIRECTION('',(1.,0.));
#8107 = ( GEOMETRIC_REPRESENTATION_CONTEXT(2) 
PARAMETRIC_REPRESENTATION_CONTEXT() REPRESENTATION_CONTEXT('2D SPACE',''
  ) );
#8108 = ORIENTED_EDGE('',*,*,#8109,.T.);
#8109 = EDGE_CURVE('',#8087,#8110,#8112,.T.);
#8110 = VERTEX_POINT('',#8111);
#8111 = CARTESIAN_POINT('',(-7.770287679233,9.559744922926,
    15.960552898509));
#8112 = SURFACE_CURVE('',#8113,(#8117,#8124),.PCURVE_S1.);
#8113 = LINE('',#8114,#8115);
#8114 = CARTESIAN_POINT('',(-7.770287679233,10.423406909085,
    12.733696929039));
#8115 = VECTOR('',#8116,1.);
#8116 = DIRECTION('',(5.740912107976E-17,-0.258547696302,0.965998493134)
  );
#8117 = PCURVE('',#1938,#8118);
#8118 = DEFINITIONAL_REPRESENTATION('',(#8119),#8123);
#8119 = LINE('',#8120,#8121);
#8120 = CARTESIAN_POINT('',(-0.477700985423,3.438953987662));
#8121 = VECTOR('',#8122,1.);
#8122 = DIRECTION('',(-0.965998493134,-0.258547696302));
#8123 = ( GEOMETRIC_REPRESENTATION_CONTEXT(2) 
PARAMETRIC_REPRESENTATION_CONTEXT() REPRESENTATION_CONTEXT('2D SPACE',''
  ) );
#8124 = PCURVE('',#5654,#8125);
#8125 = DEFINITIONAL_REPRESENTATION('',(#8126),#8130);
#8126 = LINE('',#8127,#8128);
#8127 = CARTESIAN_POINT('',(0.,-2.156824026369));
#8128 = VECTOR('',#8129,1.);
#8129 = DIRECTION('',(1.,0.));
#8130 = ( GEOMETRIC_REPRESENTATION_CONTEXT(2) 
PARAMETRIC_REPRESENTATION_CONTEXT() REPRESENTATION_CONTEXT('2D SPACE',''
  ) );
#8131 = ORIENTED_EDGE('',*,*,#8132,.T.);
#8132 = EDGE_CURVE('',#8110,#8133,#8135,.T.);
#8133 = VERTEX_POINT('',#8134);
#8134 = CARTESIAN_POINT('',(-7.770287679233,8.787970572718,
    15.960552898509));
#8135 = SURFACE_CURVE('',#8136,(#8140,#8147),.PCURVE_S1.);
#8136 = LINE('',#8137,#8138);
#8137 = CARTESIAN_POINT('',(-7.770287679233,9.559744922926,
    15.960552898509));
#8138 = VECTOR('',#8139,1.);
#8139 = DIRECTION('',(2.22044604925E-16,-1.,-5.619270307147E-16));
#8140 = PCURVE('',#1938,#8141);
#8141 = DEFINITIONAL_REPRESENTATION('',(#8142),#8146);
#8142 = LINE('',#8143,#8144);
#8143 = CARTESIAN_POINT('',(-3.704556954894,2.575292001503));
#8144 = VECTOR('',#8145,1.);
#8145 = DIRECTION('',(5.619270307147E-16,-1.));
#8146 = ( GEOMETRIC_REPRESENTATION_CONTEXT(2) 
PARAMETRIC_REPRESENTATION_CONTEXT() REPRESENTATION_CONTEXT('2D SPACE',''
  ) );
#8147 = PCURVE('',#5626,#8148);
#8148 = DEFINITIONAL_REPRESENTATION('',(#8149),#8153);
#8149 = LINE('',#8150,#8151);
#8150 = CARTESIAN_POINT('',(0.,-2.156824026369));
#8151 = VECTOR('',#8152,1.);
#8152 = DIRECTION('',(1.,0.));
#8153 = ( GEOMETRIC_REPRESENTATION_CONTEXT(2) 
PARAMETRIC_REPRESENTATION_CONTEXT() REPRESENTATION_CONTEXT('2D SPACE',''
  ) );
#8154 = ORIENTED_EDGE('',*,*,#8155,.T.);
#8155 = EDGE_CURVE('',#8133,#8156,#8158,.T.);
#8156 = VERTEX_POINT('',#8157);
#8157 = CARTESIAN_POINT('',(-7.770287679233,9.592648852884,
    12.954074723632));
#8158 = SURFACE_CURVE('',#8159,(#8163,#8170),.PCURVE_S1.);
#8159 = LINE('',#8160,#8161);
#8160 = CARTESIAN_POINT('',(-7.770287679233,8.787970572718,
    15.960552898509));
#8161 = VECTOR('',#8162,1.);
#8162 = DIRECTION('',(-5.740912107976E-17,0.258547696302,-0.965998493134
    ));
#8163 = PCURVE('',#1938,#8164);
#8164 = DEFINITIONAL_REPRESENTATION('',(#8165),#8169);
#8165 = LINE('',#8166,#8167);
#8166 = CARTESIAN_POINT('',(-3.704556954894,1.803517651295));
#8167 = VECTOR('',#8168,1.);
#8168 = DIRECTION('',(0.965998493134,0.258547696302));
#8169 = ( GEOMETRIC_REPRESENTATION_CONTEXT(2) 
PARAMETRIC_REPRESENTATION_CONTEXT() REPRESENTATION_CONTEXT('2D SPACE',''
  ) );
#8170 = PCURVE('',#5598,#8171);
#8171 = DEFINITIONAL_REPRESENTATION('',(#8172),#8176);
#8172 = LINE('',#8173,#8174);
#8173 = CARTESIAN_POINT('',(-0.,-2.156824026369));
#8174 = VECTOR('',#8175,1.);
#8175 = DIRECTION('',(1.,0.));
#8176 = ( GEOMETRIC_REPRESENTATION_CONTEXT(2) 
PARAMETRIC_REPRESENTATION_CONTEXT() REPRESENTATION_CONTEXT('2D SPACE',''
  ) );
#8177 = ORIENTED_EDGE('',*,*,#8178,.T.);
#8178 = EDGE_CURVE('',#8156,#8179,#8181,.T.);
#8179 = VERTEX_POINT('',#8180);
#8180 = CARTESIAN_POINT('',(-7.770287679233,9.599891043983,
    11.585560691663));
#8181 = SURFACE_CURVE('',#8182,(#8187,#8198),.PCURVE_S1.);
#8182 = CIRCLE('',#8183,2.7);
#8183 = AXIS2_PLACEMENT_3D('',#8184,#8185,#8186);
#8184 = CARTESIAN_POINT('',(-7.770287679233,6.984452921423,
    12.255995943615));
#8185 = DIRECTION('',(-1.,-2.22044604925E-16,0.));
#8186 = DIRECTION('',(2.22044604925E-16,-1.,0.));
#8187 = PCURVE('',#1938,#8188);
#8188 = DEFINITIONAL_REPRESENTATION('',(#8189),#8197);
#8189 = ( BOUNDED_CURVE() B_SPLINE_CURVE(2,(#8190,#8191,#8192,#8193,
#8194,#8195,#8196),.UNSPECIFIED.,.T.,.F.) B_SPLINE_CURVE_WITH_KNOTS((1,2
    ,2,2,2,1),(-2.094395102393,0.,2.094395102393,4.188790204786,
6.28318530718,8.377580409573),.UNSPECIFIED.) CURVE() 
GEOMETRIC_REPRESENTATION_ITEM() RATIONAL_B_SPLINE_CURVE((1.,0.5,1.,0.5,
1.,0.5,1.)) REPRESENTATION_ITEM('') );
#8190 = CARTESIAN_POINT('',(0.,-2.7));
#8191 = CARTESIAN_POINT('',(-4.676537180436,-2.7));
#8192 = CARTESIAN_POINT('',(-2.338268590218,1.35));
#8193 = CARTESIAN_POINT('',(-6.613092715396E-16,5.4));
#8194 = CARTESIAN_POINT('',(2.338268590218,1.35));
#8195 = CARTESIAN_POINT('',(4.676537180436,-2.7));
#8196 = CARTESIAN_POINT('',(0.,-2.7));
#8197 = ( GEOMETRIC_REPRESENTATION_CONTEXT(2) 
PARAMETRIC_REPRESENTATION_CONTEXT() REPRESENTATION_CONTEXT('2D SPACE',''
  ) );
#8198 = PCURVE('',#5570,#8199);
#8199 = DEFINITIONAL_REPRESENTATION('',(#8200),#8204);
#8200 = LINE('',#8201,#8202);
#8201 = CARTESIAN_POINT('',(-1.570796326795,2.156824026369));
#8202 = VECTOR('',#8203,1.);
#8203 = DIRECTION('',(1.,0.));
#8204 = ( GEOMETRIC_REPRESENTATION_CONTEXT(2) 
PARAMETRIC_REPRESENTATION_CONTEXT() REPRESENTATION_CONTEXT('2D SPACE',''
  ) );
#8205 = ORIENTED_EDGE('',*,*,#8206,.T.);
#8206 = EDGE_CURVE('',#8179,#5281,#8207,.T.);
#8207 = SURFACE_CURVE('',#8208,(#8212,#8219),.PCURVE_S1.);
#8208 = LINE('',#8209,#8210);
#8209 = CARTESIAN_POINT('',(-7.770287679233,9.599891043983,
    11.585560691663));
#8210 = VECTOR('',#8211,1.);
#8211 = DIRECTION('',(5.513575209167E-17,-0.248309352575,-0.968680786133
    ));
#8212 = PCURVE('',#1938,#8213);
#8213 = DEFINITIONAL_REPRESENTATION('',(#8214),#8218);
#8214 = LINE('',#8215,#8216);
#8215 = CARTESIAN_POINT('',(0.670435251952,2.61543812256));
#8216 = VECTOR('',#8217,1.);
#8217 = DIRECTION('',(0.968680786133,-0.248309352575));
#8218 = ( GEOMETRIC_REPRESENTATION_CONTEXT(2) 
PARAMETRIC_REPRESENTATION_CONTEXT() REPRESENTATION_CONTEXT('2D SPACE',''
  ) );
#8219 = PCURVE('',#5317,#8220);
#8220 = DEFINITIONAL_REPRESENTATION('',(#8221),#8225);
#8221 = LINE('',#8222,#8223);
#8222 = CARTESIAN_POINT('',(0.,-2.156824026369));
#8223 = VECTOR('',#8224,1.);
#8224 = DIRECTION('',(1.,0.));
#8225 = ( GEOMETRIC_REPRESENTATION_CONTEXT(2) 
PARAMETRIC_REPRESENTATION_CONTEXT() REPRESENTATION_CONTEXT('2D SPACE',''
  ) );
#8226 = ORIENTED_EDGE('',*,*,#5280,.T.);
#8227 = ORIENTED_EDGE('',*,*,#1922,.T.);
#8228 = ORIENTED_EDGE('',*,*,#3283,.F.);
#8229 = ORIENTED_EDGE('',*,*,#3356,.T.);
#8230 = ORIENTED_EDGE('',*,*,#6112,.T.);
#8231 = ORIENTED_EDGE('',*,*,#8232,.T.);
#8232 = EDGE_CURVE('',#6090,#8233,#8235,.T.);
#8233 = VERTEX_POINT('',#8234);
#8234 = CARTESIAN_POINT('',(-7.770287679233,9.282466122857,
    7.371495425888));
#8235 = SURFACE_CURVE('',#8236,(#8240,#8247),.PCURVE_S1.);
#8236 = LINE('',#8237,#8238);
#8237 = CARTESIAN_POINT('',(-7.770287679233,9.282466122857,
    5.959205082588));
#8238 = VECTOR('',#8239,1.);
#8239 = DIRECTION('',(0.,0.,1.));
#8240 = PCURVE('',#1938,#8241);
#8241 = DEFINITIONAL_REPRESENTATION('',(#8242),#8246);
#8242 = LINE('',#8243,#8244);
#8243 = CARTESIAN_POINT('',(6.296790861027,2.298013201434));
#8244 = VECTOR('',#8245,1.);
#8245 = DIRECTION('',(-1.,0.));
#8246 = ( GEOMETRIC_REPRESENTATION_CONTEXT(2) 
PARAMETRIC_REPRESENTATION_CONTEXT() REPRESENTATION_CONTEXT('2D SPACE',''
  ) );
#8247 = PCURVE('',#5491,#8248);
#8248 = DEFINITIONAL_REPRESENTATION('',(#8249),#8253);
#8249 = LINE('',#8250,#8251);
#8250 = CARTESIAN_POINT('',(0.,-2.156824026369));
#8251 = VECTOR('',#8252,1.);
#8252 = DIRECTION('',(1.,0.));
#8253 = ( GEOMETRIC_REPRESENTATION_CONTEXT(2) 
PARAMETRIC_REPRESENTATION_CONTEXT() REPRESENTATION_CONTEXT('2D SPACE',''
  ) );
#8254 = ORIENTED_EDGE('',*,*,#8255,.T.);
#8255 = EDGE_CURVE('',#8233,#8256,#8258,.T.);
#8256 = VERTEX_POINT('',#8257);
#8257 = CARTESIAN_POINT('',(-7.770287679233,10.409890410797,
    11.288866089054));
#8258 = SURFACE_CURVE('',#8259,(#8263,#8270),.PCURVE_S1.);
#8259 = LINE('',#8260,#8261);
#8260 = CARTESIAN_POINT('',(-7.770287679233,9.282466122857,
    7.371495425888));
#8261 = VECTOR('',#8262,1.);
#8262 = DIRECTION('',(-6.141195041947E-17,0.276574837025,0.960992382657)
  );
#8263 = PCURVE('',#1938,#8264);
#8264 = DEFINITIONAL_REPRESENTATION('',(#8265),#8269);
#8265 = LINE('',#8266,#8267);
#8266 = CARTESIAN_POINT('',(4.884500517728,2.298013201434));
#8267 = VECTOR('',#8268,1.);
#8268 = DIRECTION('',(-0.960992382657,0.276574837025));
#8269 = ( GEOMETRIC_REPRESENTATION_CONTEXT(2) 
PARAMETRIC_REPRESENTATION_CONTEXT() REPRESENTATION_CONTEXT('2D SPACE',''
  ) );
#8270 = PCURVE('',#5463,#8271);
#8271 = DEFINITIONAL_REPRESENTATION('',(#8272),#8276);
#8272 = LINE('',#8273,#8274);
#8273 = CARTESIAN_POINT('',(0.,-2.156824026369));
#8274 = VECTOR('',#8275,1.);
#8275 = DIRECTION('',(1.,0.));
#8276 = ( GEOMETRIC_REPRESENTATION_CONTEXT(2) 
PARAMETRIC_REPRESENTATION_CONTEXT() REPRESENTATION_CONTEXT('2D SPACE',''
  ) );
#8277 = ORIENTED_EDGE('',*,*,#8278,.T.);
#8278 = EDGE_CURVE('',#8256,#7694,#8279,.T.);
#8279 = SURFACE_CURVE('',#8280,(#8285,#8292),.PCURVE_S1.);
#8280 = CIRCLE('',#8281,2.7);
#8281 = AXIS2_PLACEMENT_3D('',#8282,#8283,#8284);
#8282 = CARTESIAN_POINT('',(-7.770287679233,7.815210977623,
    12.035618149022));
#8283 = DIRECTION('',(1.,2.22044604925E-16,0.));
#8284 = DIRECTION('',(2.22044604925E-16,-1.,0.));
#8285 = PCURVE('',#1938,#8286);
#8286 = DEFINITIONAL_REPRESENTATION('',(#8287),#8291);
#8287 = CIRCLE('',#8288,2.7);
#8288 = AXIS2_PLACEMENT_2D('',#8289,#8290);
#8289 = CARTESIAN_POINT('',(0.220377794593,0.830758056201));
#8290 = DIRECTION('',(0.,-1.));
#8291 = ( GEOMETRIC_REPRESENTATION_CONTEXT(2) 
PARAMETRIC_REPRESENTATION_CONTEXT() REPRESENTATION_CONTEXT('2D SPACE',''
  ) );
#8292 = PCURVE('',#5435,#8293);
#8293 = DEFINITIONAL_REPRESENTATION('',(#8294),#8298);
#8294 = LINE('',#8295,#8296);
#8295 = CARTESIAN_POINT('',(4.712388980385,2.156824026369));
#8296 = VECTOR('',#8297,1.);
#8297 = DIRECTION('',(-1.,0.));
#8298 = ( GEOMETRIC_REPRESENTATION_CONTEXT(2) 
PARAMETRIC_REPRESENTATION_CONTEXT() REPRESENTATION_CONTEXT('2D SPACE',''
  ) );
#8299 = ADVANCED_FACE('',(#8300),#2324,.T.);
#8300 = FACE_BOUND('',#8301,.T.);
#8301 = EDGE_LOOP('',(#8302,#8343,#8364,#8365,#8388,#8427));
#8302 = ORIENTED_EDGE('',*,*,#8303,.T.);
#8303 = EDGE_CURVE('',#8304,#8306,#8308,.T.);
#8304 = VERTEX_POINT('',#8305);
#8305 = CARTESIAN_POINT('',(12.,-9.48,17.433427665641));
#8306 = VERTEX_POINT('',#8307);
#8307 = CARTESIAN_POINT('',(12.,-9.695587797656,17.217839867984));
#8308 = SURFACE_CURVE('',#8309,(#8314,#8321),.PCURVE_S1.);
#8309 = CIRCLE('',#8310,0.215587797656);
#8310 = AXIS2_PLACEMENT_3D('',#8311,#8312,#8313);
#8311 = CARTESIAN_POINT('',(12.,-9.48,17.217839867984));
#8312 = DIRECTION('',(1.,2.22044604925E-16,0.));
#8313 = DIRECTION('',(0.,-0.,1.));
#8314 = PCURVE('',#2324,#8315);
#8315 = DEFINITIONAL_REPRESENTATION('',(#8316),#8320);
#8316 = CIRCLE('',#8317,0.215587797656);
#8317 = AXIS2_PLACEMENT_2D('',#8318,#8319);
#8318 = CARTESIAN_POINT('',(0.,0.));
#8319 = DIRECTION('',(1.,0.));
#8320 = ( GEOMETRIC_REPRESENTATION_CONTEXT(2) 
PARAMETRIC_REPRESENTATION_CONTEXT() REPRESENTATION_CONTEXT('2D SPACE',''
  ) );
#8321 = PCURVE('',#8322,#8337);
#8322 = SURFACE_OF_REVOLUTION('',#8323,#8334);
#8323 = B_SPLINE_CURVE_WITH_KNOTS('',5,(#8324,#8325,#8326,#8327,#8328,
    #8329,#8330,#8331,#8332,#8333),.UNSPECIFIED.,.F.,.F.,(6,4,6),(
    -6.217248937901E-15,0.785398163397,1.570796326795),.UNSPECIFIED.);
#8324 = CARTESIAN_POINT('',(11.195587797656,-9.48,18.237839867984));
#8325 = CARTESIAN_POINT('',(11.321944570923,-9.48,18.237839867984));
#8326 = CARTESIAN_POINT('',(11.448303346069,-9.48,18.213035340752));
#8327 = CARTESIAN_POINT('',(11.568156793399,-9.48,18.163390417371));
#8328 = CARTESIAN_POINT('',(11.675045389577,-9.48,18.091580720013));
#8329 = CARTESIAN_POINT('',(11.853740852029,-9.48,17.912885257561));
#8330 = CARTESIAN_POINT('',(11.925550549387,-9.48,17.805996661383));
#8331 = CARTESIAN_POINT('',(11.975195472768,-9.48,17.686143214053));
#8332 = CARTESIAN_POINT('',(12.,-9.48,17.559784438908));
#8333 = CARTESIAN_POINT('',(12.,-9.48,17.433427665641));
#8334 = AXIS1_PLACEMENT('',#8335,#8336);
#8335 = CARTESIAN_POINT('',(11.195587797656,-9.48,17.217839867984));
#8336 = DIRECTION('',(1.,2.22044604925E-16,0.));
#8337 = DEFINITIONAL_REPRESENTATION('',(#8338),#8342);
#8338 = LINE('',#8339,#8340);
#8339 = CARTESIAN_POINT('',(0.,1.570796326795));
#8340 = VECTOR('',#8341,1.);
#8341 = DIRECTION('',(1.,5.654319433713E-16));
#8342 = ( GEOMETRIC_REPRESENTATION_CONTEXT(2) 
PARAMETRIC_REPRESENTATION_CONTEXT() REPRESENTATION_CONTEXT('2D SPACE',''
  ) );
#8343 = ORIENTED_EDGE('',*,*,#8344,.T.);
#8344 = EDGE_CURVE('',#8306,#2307,#8345,.T.);
#8345 = SURFACE_CURVE('',#8346,(#8350,#8357),.PCURVE_S1.);
#8346 = LINE('',#8347,#8348);
#8347 = CARTESIAN_POINT('',(12.,-9.695587797656,17.217839867984));
#8348 = VECTOR('',#8349,1.);
#8349 = DIRECTION('',(0.,0.,-1.));
#8350 = PCURVE('',#2324,#8351);
#8351 = DEFINITIONAL_REPRESENTATION('',(#8352),#8356);
#8352 = LINE('',#8353,#8354);
#8353 = CARTESIAN_POINT('',(0.,0.215587797656));
#8354 = VECTOR('',#8355,1.);
#8355 = DIRECTION('',(-1.,0.));
#8356 = ( GEOMETRIC_REPRESENTATION_CONTEXT(2) 
PARAMETRIC_REPRESENTATION_CONTEXT() REPRESENTATION_CONTEXT('2D SPACE',''
  ) );
#8357 = PCURVE('',#2353,#8358);
#8358 = DEFINITIONAL_REPRESENTATION('',(#8359),#8363);
#8359 = LINE('',#8360,#8361);
#8360 = CARTESIAN_POINT('',(1.570796326795,0.));
#8361 = VECTOR('',#8362,1.);
#8362 = DIRECTION('',(0.,1.));
#8363 = ( GEOMETRIC_REPRESENTATION_CONTEXT(2) 
PARAMETRIC_REPRESENTATION_CONTEXT() REPRESENTATION_CONTEXT('2D SPACE',''
  ) );
#8364 = ORIENTED_EDGE('',*,*,#2306,.T.);
#8365 = ORIENTED_EDGE('',*,*,#8366,.T.);
#8366 = EDGE_CURVE('',#2309,#8367,#8369,.T.);
#8367 = VERTEX_POINT('',#8368);
#8368 = CARTESIAN_POINT('',(12.,9.695587797656,17.217839867984));
#8369 = SURFACE_CURVE('',#8370,(#8374,#8381),.PCURVE_S1.);
#8370 = LINE('',#8371,#8372);
#8371 = CARTESIAN_POINT('',(12.,9.695587797656,17.217839867984));
#8372 = VECTOR('',#8373,1.);
#8373 = DIRECTION('',(0.,0.,1.));
#8374 = PCURVE('',#2324,#8375);
#8375 = DEFINITIONAL_REPRESENTATION('',(#8376),#8380);
#8376 = LINE('',#8377,#8378);
#8377 = CARTESIAN_POINT('',(0.,-19.17558779765));
#8378 = VECTOR('',#8379,1.);
#8379 = DIRECTION('',(1.,0.));
#8380 = ( GEOMETRIC_REPRESENTATION_CONTEXT(2) 
PARAMETRIC_REPRESENTATION_CONTEXT() REPRESENTATION_CONTEXT('2D SPACE',''
  ) );
#8381 = PCURVE('',#2522,#8382);
#8382 = DEFINITIONAL_REPRESENTATION('',(#8383),#8387);
#8383 = LINE('',#8384,#8385);
#8384 = CARTESIAN_POINT('',(1.570796326795,0.));
#8385 = VECTOR('',#8386,1.);
#8386 = DIRECTION('',(0.,1.));
#8387 = ( GEOMETRIC_REPRESENTATION_CONTEXT(2) 
PARAMETRIC_REPRESENTATION_CONTEXT() REPRESENTATION_CONTEXT('2D SPACE',''
  ) );
#8388 = ORIENTED_EDGE('',*,*,#8389,.T.);
#8389 = EDGE_CURVE('',#8367,#8390,#8392,.T.);
#8390 = VERTEX_POINT('',#8391);
#8391 = CARTESIAN_POINT('',(12.,9.48,17.433427665641));
#8392 = SURFACE_CURVE('',#8393,(#8398,#8405),.PCURVE_S1.);
#8393 = CIRCLE('',#8394,0.215587797656);
#8394 = AXIS2_PLACEMENT_3D('',#8395,#8396,#8397);
#8395 = CARTESIAN_POINT('',(12.,9.48,17.217839867984));
#8396 = DIRECTION('',(1.,2.22044604925E-16,0.));
#8397 = DIRECTION('',(0.,-0.,1.));
#8398 = PCURVE('',#2324,#8399);
#8399 = DEFINITIONAL_REPRESENTATION('',(#8400),#8404);
#8400 = CIRCLE('',#8401,0.215587797656);
#8401 = AXIS2_PLACEMENT_2D('',#8402,#8403);
#8402 = CARTESIAN_POINT('',(0.,-18.96));
#8403 = DIRECTION('',(1.,0.));
#8404 = ( GEOMETRIC_REPRESENTATION_CONTEXT(2) 
PARAMETRIC_REPRESENTATION_CONTEXT() REPRESENTATION_CONTEXT('2D SPACE',''
  ) );
#8405 = PCURVE('',#8406,#8421);
#8406 = SURFACE_OF_REVOLUTION('',#8407,#8418);
#8407 = B_SPLINE_CURVE_WITH_KNOTS('',5,(#8408,#8409,#8410,#8411,#8412,
    #8413,#8414,#8415,#8416,#8417),.UNSPECIFIED.,.F.,.F.,(6,4,6),(
    -6.217248937901E-15,0.785398163397,1.570796326795),.UNSPECIFIED.);
#8408 = CARTESIAN_POINT('',(11.195587797656,9.48,18.237839867984));
#8409 = CARTESIAN_POINT('',(11.321944570923,9.48,18.237839867984));
#8410 = CARTESIAN_POINT('',(11.448303346069,9.48,18.213035340752));
#8411 = CARTESIAN_POINT('',(11.568156793399,9.48,18.163390417371));
#8412 = CARTESIAN_POINT('',(11.675045389577,9.48,18.091580720013));
#8413 = CARTESIAN_POINT('',(11.853740852029,9.48,17.912885257561));
#8414 = CARTESIAN_POINT('',(11.925550549387,9.48,17.805996661383));
#8415 = CARTESIAN_POINT('',(11.975195472768,9.48,17.686143214053));
#8416 = CARTESIAN_POINT('',(12.,9.48,17.559784438908));
#8417 = CARTESIAN_POINT('',(12.,9.48,17.433427665641));
#8418 = AXIS1_PLACEMENT('',#8419,#8420);
#8419 = CARTESIAN_POINT('',(11.195587797656,9.48,17.217839867984));
#8420 = DIRECTION('',(1.,2.22044604925E-16,0.));
#8421 = DEFINITIONAL_REPRESENTATION('',(#8422),#8426);
#8422 = LINE('',#8423,#8424);
#8423 = CARTESIAN_POINT('',(0.,1.570796326795));
#8424 = VECTOR('',#8425,1.);
#8425 = DIRECTION('',(1.,-5.654319433713E-16));
#8426 = ( GEOMETRIC_REPRESENTATION_CONTEXT(2) 
PARAMETRIC_REPRESENTATION_CONTEXT() REPRESENTATION_CONTEXT('2D SPACE',''
  ) );
#8427 = ORIENTED_EDGE('',*,*,#8428,.T.);
#8428 = EDGE_CURVE('',#8390,#8304,#8429,.T.);
#8429 = SURFACE_CURVE('',#8430,(#8434,#8441),.PCURVE_S1.);
#8430 = LINE('',#8431,#8432);
#8431 = CARTESIAN_POINT('',(12.,-9.48,17.433427665641));
#8432 = VECTOR('',#8433,1.);
#8433 = DIRECTION('',(2.22044604925E-16,-1.,1.372407813273E-16));
#8434 = PCURVE('',#2324,#8435);
#8435 = DEFINITIONAL_REPRESENTATION('',(#8436),#8440);
#8436 = LINE('',#8437,#8438);
#8437 = CARTESIAN_POINT('',(0.215587797656,0.));
#8438 = VECTOR('',#8439,1.);
#8439 = DIRECTION('',(1.372407813273E-16,1.));
#8440 = ( GEOMETRIC_REPRESENTATION_CONTEXT(2) 
PARAMETRIC_REPRESENTATION_CONTEXT() REPRESENTATION_CONTEXT('2D SPACE',''
  ) );
#8441 = PCURVE('',#8442,#8447);
#8442 = CYLINDRICAL_SURFACE('',#8443,0.804412202344);
#8443 = AXIS2_PLACEMENT_3D('',#8444,#8445,#8446);
#8444 = CARTESIAN_POINT('',(11.195587797656,-9.48,17.433427665641));
#8445 = DIRECTION('',(2.22044604925E-16,-1.,1.372407813273E-16));
#8446 = DIRECTION('',(3.047357506942E-32,-1.372407813273E-16,-1.));
#8447 = DEFINITIONAL_REPRESENTATION('',(#8448),#8452);
#8448 = LINE('',#8449,#8450);
#8449 = CARTESIAN_POINT('',(1.570796326795,0.));
#8450 = VECTOR('',#8451,1.);
#8451 = DIRECTION('',(0.,1.));
#8452 = ( GEOMETRIC_REPRESENTATION_CONTEXT(2) 
PARAMETRIC_REPRESENTATION_CONTEXT() REPRESENTATION_CONTEXT('2D SPACE',''
  ) );
#8453 = ADVANCED_FACE('',(#8454),#2353,.T.);
#8454 = FACE_BOUND('',#8455,.T.);
#8455 = EDGE_LOOP('',(#8456,#8480,#8501,#8502));
#8456 = ORIENTED_EDGE('',*,*,#8457,.T.);
#8457 = EDGE_CURVE('',#8306,#8458,#8460,.T.);
#8458 = VERTEX_POINT('',#8459);
#8459 = CARTESIAN_POINT('',(11.195587797656,-10.5,17.217839867984));
#8460 = SURFACE_CURVE('',#8461,(#8466,#8473),.PCURVE_S1.);
#8461 = CIRCLE('',#8462,0.804412202344);
#8462 = AXIS2_PLACEMENT_3D('',#8463,#8464,#8465);
#8463 = CARTESIAN_POINT('',(11.195587797656,-9.695587797656,
    17.217839867984));
#8464 = DIRECTION('',(0.,0.,-1.));
#8465 = DIRECTION('',(-2.22044604925E-16,1.,0.));
#8466 = PCURVE('',#2353,#8467);
#8467 = DEFINITIONAL_REPRESENTATION('',(#8468),#8472);
#8468 = LINE('',#8469,#8470);
#8469 = CARTESIAN_POINT('',(0.,0.));
#8470 = VECTOR('',#8471,1.);
#8471 = DIRECTION('',(1.,0.));
#8472 = ( GEOMETRIC_REPRESENTATION_CONTEXT(2) 
PARAMETRIC_REPRESENTATION_CONTEXT() REPRESENTATION_CONTEXT('2D SPACE',''
  ) );
#8473 = PCURVE('',#8322,#8474);
#8474 = DEFINITIONAL_REPRESENTATION('',(#8475),#8479);
#8475 = LINE('',#8476,#8477);
#8476 = CARTESIAN_POINT('',(1.570796326795,3.14159265359));
#8477 = VECTOR('',#8478,1.);
#8478 = DIRECTION('',(0.,-1.));
#8479 = ( GEOMETRIC_REPRESENTATION_CONTEXT(2) 
PARAMETRIC_REPRESENTATION_CONTEXT() REPRESENTATION_CONTEXT('2D SPACE',''
  ) );
#8480 = ORIENTED_EDGE('',*,*,#8481,.T.);
#8481 = EDGE_CURVE('',#8458,#2337,#8482,.T.);
#8482 = SURFACE_CURVE('',#8483,(#8487,#8494),.PCURVE_S1.);
#8483 = LINE('',#8484,#8485);
#8484 = CARTESIAN_POINT('',(11.195587797656,-10.5,16.2));
#8485 = VECTOR('',#8486,1.);
#8486 = DIRECTION('',(0.,0.,-1.));
#8487 = PCURVE('',#2353,#8488);
#8488 = DEFINITIONAL_REPRESENTATION('',(#8489),#8493);
#8489 = LINE('',#8490,#8491);
#8490 = CARTESIAN_POINT('',(3.14159265359,1.017839867984));
#8491 = VECTOR('',#8492,1.);
#8492 = DIRECTION('',(0.,1.));
#8493 = ( GEOMETRIC_REPRESENTATION_CONTEXT(2) 
PARAMETRIC_REPRESENTATION_CONTEXT() REPRESENTATION_CONTEXT('2D SPACE',''
  ) );
#8494 = PCURVE('',#2381,#8495);
#8495 = DEFINITIONAL_REPRESENTATION('',(#8496),#8500);
#8496 = LINE('',#8497,#8498);
#8497 = CARTESIAN_POINT('',(0.,18.695587797656));
#8498 = VECTOR('',#8499,1.);
#8499 = DIRECTION('',(1.,0.));
#8500 = ( GEOMETRIC_REPRESENTATION_CONTEXT(2) 
PARAMETRIC_REPRESENTATION_CONTEXT() REPRESENTATION_CONTEXT('2D SPACE',''
  ) );
#8501 = ORIENTED_EDGE('',*,*,#2336,.F.);
#8502 = ORIENTED_EDGE('',*,*,#8344,.F.);
#8503 = ADVANCED_FACE('',(#8504),#2381,.T.);
#8504 = FACE_BOUND('',#8505,.T.);
#8505 = EDGE_LOOP('',(#8506,#8507,#8508,#8536));
#8506 = ORIENTED_EDGE('',*,*,#2365,.T.);
#8507 = ORIENTED_EDGE('',*,*,#8481,.F.);
#8508 = ORIENTED_EDGE('',*,*,#8509,.F.);
#8509 = EDGE_CURVE('',#8510,#8458,#8512,.T.);
#8510 = VERTEX_POINT('',#8511);
#8511 = CARTESIAN_POINT('',(-11.19558779765,-10.5,17.217839867984));
#8512 = SURFACE_CURVE('',#8513,(#8517,#8524),.PCURVE_S1.);
#8513 = LINE('',#8514,#8515);
#8514 = CARTESIAN_POINT('',(-7.5,-10.5,17.217839867984));
#8515 = VECTOR('',#8516,1.);
#8516 = DIRECTION('',(1.,2.22044604925E-16,0.));
#8517 = PCURVE('',#2381,#8518);
#8518 = DEFINITIONAL_REPRESENTATION('',(#8519),#8523);
#8519 = LINE('',#8520,#8521);
#8520 = CARTESIAN_POINT('',(-1.017839867984,0.));
#8521 = VECTOR('',#8522,1.);
#8522 = DIRECTION('',(0.,1.));
#8523 = ( GEOMETRIC_REPRESENTATION_CONTEXT(2) 
PARAMETRIC_REPRESENTATION_CONTEXT() REPRESENTATION_CONTEXT('2D SPACE',''
  ) );
#8524 = PCURVE('',#8525,#8530);
#8525 = CYLINDRICAL_SURFACE('',#8526,1.02);
#8526 = AXIS2_PLACEMENT_3D('',#8527,#8528,#8529);
#8527 = CARTESIAN_POINT('',(-7.5,-9.48,17.217839867984));
#8528 = DIRECTION('',(1.,2.22044604925E-16,0.));
#8529 = DIRECTION('',(0.,-0.,1.));
#8530 = DEFINITIONAL_REPRESENTATION('',(#8531),#8535);
#8531 = LINE('',#8532,#8533);
#8532 = CARTESIAN_POINT('',(1.570796326795,0.));
#8533 = VECTOR('',#8534,1.);
#8534 = DIRECTION('',(0.,1.));
#8535 = ( GEOMETRIC_REPRESENTATION_CONTEXT(2) 
PARAMETRIC_REPRESENTATION_CONTEXT() REPRESENTATION_CONTEXT('2D SPACE',''
  ) );
#8536 = ORIENTED_EDGE('',*,*,#8537,.T.);
#8537 = EDGE_CURVE('',#8510,#2366,#8538,.T.);
#8538 = SURFACE_CURVE('',#8539,(#8543,#8550),.PCURVE_S1.);
#8539 = LINE('',#8540,#8541);
#8540 = CARTESIAN_POINT('',(-11.19558779765,-10.5,16.2));
#8541 = VECTOR('',#8542,1.);
#8542 = DIRECTION('',(0.,0.,-1.));
#8543 = PCURVE('',#2381,#8544);
#8544 = DEFINITIONAL_REPRESENTATION('',(#8545),#8549);
#8545 = LINE('',#8546,#8547);
#8546 = CARTESIAN_POINT('',(0.,-3.695587797656));
#8547 = VECTOR('',#8548,1.);
#8548 = DIRECTION('',(1.,0.));
#8549 = ( GEOMETRIC_REPRESENTATION_CONTEXT(2) 
PARAMETRIC_REPRESENTATION_CONTEXT() REPRESENTATION_CONTEXT('2D SPACE',''
  ) );
#8550 = PCURVE('',#2410,#8551);
#8551 = DEFINITIONAL_REPRESENTATION('',(#8552),#8556);
#8552 = LINE('',#8553,#8554);
#8553 = CARTESIAN_POINT('',(6.28318530718,0.));
#8554 = VECTOR('',#8555,1.);
#8555 = DIRECTION('',(0.,-1.));
#8556 = ( GEOMETRIC_REPRESENTATION_CONTEXT(2) 
PARAMETRIC_REPRESENTATION_CONTEXT() REPRESENTATION_CONTEXT('2D SPACE',''
  ) );
#8557 = ADVANCED_FACE('',(#8558),#2410,.T.);
#8558 = FACE_BOUND('',#8559,.T.);
#8559 = EDGE_LOOP('',(#8560,#8599,#8620,#8621));
#8560 = ORIENTED_EDGE('',*,*,#8561,.T.);
#8561 = EDGE_CURVE('',#8510,#8562,#8564,.T.);
#8562 = VERTEX_POINT('',#8563);
#8563 = CARTESIAN_POINT('',(-12.,-9.695587797656,17.217839867984));
#8564 = SURFACE_CURVE('',#8565,(#8570,#8577),.PCURVE_S1.);
#8565 = CIRCLE('',#8566,0.804412202344);
#8566 = AXIS2_PLACEMENT_3D('',#8567,#8568,#8569);
#8567 = CARTESIAN_POINT('',(-11.19558779765,-9.695587797656,
    17.217839867984));
#8568 = DIRECTION('',(-2.695638304159E-16,-2.695638304159E-16,-1.));
#8569 = DIRECTION('',(-2.22044604925E-16,1.,-2.695638304159E-16));
#8570 = PCURVE('',#2410,#8571);
#8571 = DEFINITIONAL_REPRESENTATION('',(#8572),#8576);
#8572 = LINE('',#8573,#8574);
#8573 = CARTESIAN_POINT('',(9.424777960769,1.017839867984));
#8574 = VECTOR('',#8575,1.);
#8575 = DIRECTION('',(-1.,0.));
#8576 = ( GEOMETRIC_REPRESENTATION_CONTEXT(2) 
PARAMETRIC_REPRESENTATION_CONTEXT() REPRESENTATION_CONTEXT('2D SPACE',''
  ) );
#8577 = PCURVE('',#8578,#8593);
#8578 = SURFACE_OF_REVOLUTION('',#8579,#8590);
#8579 = B_SPLINE_CURVE_WITH_KNOTS('',5,(#8580,#8581,#8582,#8583,#8584,
    #8585,#8586,#8587,#8588,#8589),.UNSPECIFIED.,.F.,.F.,(6,4,6),(
    4.712388980385,5.497787143782,6.28318530718),.UNSPECIFIED.);
#8580 = CARTESIAN_POINT('',(-12.,-9.48,17.433427665641));
#8581 = CARTESIAN_POINT('',(-12.,-9.48,17.559784438908));
#8582 = CARTESIAN_POINT('',(-11.97519547276,-9.48,17.686143214053));
#8583 = CARTESIAN_POINT('',(-11.92555054938,-9.48,17.805996661383));
#8584 = CARTESIAN_POINT('',(-11.85374085202,-9.48,17.912885257561));
#8585 = CARTESIAN_POINT('',(-11.67504538957,-9.48,18.091580720013));
#8586 = CARTESIAN_POINT('',(-11.56815679339,-9.48,18.163390417371));
#8587 = CARTESIAN_POINT('',(-11.44830334606,-9.48,18.213035340752));
#8588 = CARTESIAN_POINT('',(-11.32194457092,-9.48,18.237839867984));
#8589 = CARTESIAN_POINT('',(-11.19558779765,-9.48,18.237839867984));
#8590 = AXIS1_PLACEMENT('',#8591,#8592);
#8591 = CARTESIAN_POINT('',(-11.19558779765,-9.48,17.217839867984));
#8592 = DIRECTION('',(1.,2.22044604925E-16,0.));
#8593 = DEFINITIONAL_REPRESENTATION('',(#8594),#8598);
#8594 = LINE('',#8595,#8596);
#8595 = CARTESIAN_POINT('',(1.570796326795,9.424777960769));
#8596 = VECTOR('',#8597,1.);
#8597 = DIRECTION('',(-4.240739575285E-16,-1.));
#8598 = ( GEOMETRIC_REPRESENTATION_CONTEXT(2) 
PARAMETRIC_REPRESENTATION_CONTEXT() REPRESENTATION_CONTEXT('2D SPACE',''
  ) );
#8599 = ORIENTED_EDGE('',*,*,#8600,.T.);
#8600 = EDGE_CURVE('',#8562,#2394,#8601,.T.);
#8601 = SURFACE_CURVE('',#8602,(#8606,#8613),.PCURVE_S1.);
#8602 = LINE('',#8603,#8604);
#8603 = CARTESIAN_POINT('',(-12.,-9.695587797656,17.217839867984));
#8604 = VECTOR('',#8605,1.);
#8605 = DIRECTION('',(0.,0.,-1.));
#8606 = PCURVE('',#2410,#8607);
#8607 = DEFINITIONAL_REPRESENTATION('',(#8608),#8612);
#8608 = LINE('',#8609,#8610);
#8609 = CARTESIAN_POINT('',(4.712388980385,1.017839867984));
#8610 = VECTOR('',#8611,1.);
#8611 = DIRECTION('',(0.,-1.));
#8612 = ( GEOMETRIC_REPRESENTATION_CONTEXT(2) 
PARAMETRIC_REPRESENTATION_CONTEXT() REPRESENTATION_CONTEXT('2D SPACE',''
  ) );
#8613 = PCURVE('',#2438,#8614);
#8614 = DEFINITIONAL_REPRESENTATION('',(#8615),#8619);
#8615 = LINE('',#8616,#8617);
#8616 = CARTESIAN_POINT('',(0.,0.215587797656));
#8617 = VECTOR('',#8618,1.);
#8618 = DIRECTION('',(-1.,0.));
#8619 = ( GEOMETRIC_REPRESENTATION_CONTEXT(2) 
PARAMETRIC_REPRESENTATION_CONTEXT() REPRESENTATION_CONTEXT('2D SPACE',''
  ) );
#8620 = ORIENTED_EDGE('',*,*,#2393,.F.);
#8621 = ORIENTED_EDGE('',*,*,#8537,.F.);
#8622 = ADVANCED_FACE('',(#8623),#2438,.F.);
#8623 = FACE_BOUND('',#8624,.T.);
#8624 = EDGE_LOOP('',(#8625,#8626,#8627,#8651,#8679,#8718));
#8625 = ORIENTED_EDGE('',*,*,#2422,.F.);
#8626 = ORIENTED_EDGE('',*,*,#8600,.F.);
#8627 = ORIENTED_EDGE('',*,*,#8628,.F.);
#8628 = EDGE_CURVE('',#8629,#8562,#8631,.T.);
#8629 = VERTEX_POINT('',#8630);
#8630 = CARTESIAN_POINT('',(-12.,-9.48,17.433427665641));
#8631 = SURFACE_CURVE('',#8632,(#8637,#8644),.PCURVE_S1.);
#8632 = CIRCLE('',#8633,0.215587797656);
#8633 = AXIS2_PLACEMENT_3D('',#8634,#8635,#8636);
#8634 = CARTESIAN_POINT('',(-12.,-9.48,17.217839867984));
#8635 = DIRECTION('',(1.,2.22044604925E-16,0.));
#8636 = DIRECTION('',(0.,-0.,1.));
#8637 = PCURVE('',#2438,#8638);
#8638 = DEFINITIONAL_REPRESENTATION('',(#8639),#8643);
#8639 = CIRCLE('',#8640,0.215587797656);
#8640 = AXIS2_PLACEMENT_2D('',#8641,#8642);
#8641 = CARTESIAN_POINT('',(0.,0.));
#8642 = DIRECTION('',(1.,0.));
#8643 = ( GEOMETRIC_REPRESENTATION_CONTEXT(2) 
PARAMETRIC_REPRESENTATION_CONTEXT() REPRESENTATION_CONTEXT('2D SPACE',''
  ) );
#8644 = PCURVE('',#8578,#8645);
#8645 = DEFINITIONAL_REPRESENTATION('',(#8646),#8650);
#8646 = LINE('',#8647,#8648);
#8647 = CARTESIAN_POINT('',(0.,4.712388980385));
#8648 = VECTOR('',#8649,1.);
#8649 = DIRECTION('',(1.,-5.654319433713E-16));
#8650 = ( GEOMETRIC_REPRESENTATION_CONTEXT(2) 
PARAMETRIC_REPRESENTATION_CONTEXT() REPRESENTATION_CONTEXT('2D SPACE',''
  ) );
#8651 = ORIENTED_EDGE('',*,*,#8652,.F.);
#8652 = EDGE_CURVE('',#8653,#8629,#8655,.T.);
#8653 = VERTEX_POINT('',#8654);
#8654 = CARTESIAN_POINT('',(-12.,9.48,17.433427665641));
#8655 = SURFACE_CURVE('',#8656,(#8660,#8667),.PCURVE_S1.);
#8656 = LINE('',#8657,#8658);
#8657 = CARTESIAN_POINT('',(-12.,9.48,17.433427665641));
#8658 = VECTOR('',#8659,1.);
#8659 = DIRECTION('',(2.22044604925E-16,-1.,1.372407813273E-16));
#8660 = PCURVE('',#2438,#8661);
#8661 = DEFINITIONAL_REPRESENTATION('',(#8662),#8666);
#8662 = LINE('',#8663,#8664);
#8663 = CARTESIAN_POINT('',(0.215587797656,-18.96));
#8664 = VECTOR('',#8665,1.);
#8665 = DIRECTION('',(1.372407813273E-16,1.));
#8666 = ( GEOMETRIC_REPRESENTATION_CONTEXT(2) 
PARAMETRIC_REPRESENTATION_CONTEXT() REPRESENTATION_CONTEXT('2D SPACE',''
  ) );
#8667 = PCURVE('',#8668,#8673);
#8668 = CYLINDRICAL_SURFACE('',#8669,0.804412202344);
#8669 = AXIS2_PLACEMENT_3D('',#8670,#8671,#8672);
#8670 = CARTESIAN_POINT('',(-11.19558779765,-9.48,17.433427665641));
#8671 = DIRECTION('',(-2.22044604925E-16,1.,-1.372407813273E-16));
#8672 = DIRECTION('',(-3.047357506942E-32,1.372407813273E-16,1.));
#8673 = DEFINITIONAL_REPRESENTATION('',(#8674),#8678);
#8674 = LINE('',#8675,#8676);
#8675 = CARTESIAN_POINT('',(4.712388980385,18.96));
#8676 = VECTOR('',#8677,1.);
#8677 = DIRECTION('',(0.,-1.));
#8678 = ( GEOMETRIC_REPRESENTATION_CONTEXT(2) 
PARAMETRIC_REPRESENTATION_CONTEXT() REPRESENTATION_CONTEXT('2D SPACE',''
  ) );
#8679 = ORIENTED_EDGE('',*,*,#8680,.F.);
#8680 = EDGE_CURVE('',#8681,#8653,#8683,.T.);
#8681 = VERTEX_POINT('',#8682);
#8682 = CARTESIAN_POINT('',(-12.,9.695587797656,17.217839867984));
#8683 = SURFACE_CURVE('',#8684,(#8689,#8696),.PCURVE_S1.);
#8684 = CIRCLE('',#8685,0.215587797656);
#8685 = AXIS2_PLACEMENT_3D('',#8686,#8687,#8688);
#8686 = CARTESIAN_POINT('',(-12.,9.48,17.217839867984));
#8687 = DIRECTION('',(1.,2.22044604925E-16,0.));
#8688 = DIRECTION('',(0.,-0.,1.));
#8689 = PCURVE('',#2438,#8690);
#8690 = DEFINITIONAL_REPRESENTATION('',(#8691),#8695);
#8691 = CIRCLE('',#8692,0.215587797656);
#8692 = AXIS2_PLACEMENT_2D('',#8693,#8694);
#8693 = CARTESIAN_POINT('',(0.,-18.96));
#8694 = DIRECTION('',(1.,0.));
#8695 = ( GEOMETRIC_REPRESENTATION_CONTEXT(2) 
PARAMETRIC_REPRESENTATION_CONTEXT() REPRESENTATION_CONTEXT('2D SPACE',''
  ) );
#8696 = PCURVE('',#8697,#8712);
#8697 = SURFACE_OF_REVOLUTION('',#8698,#8709);
#8698 = B_SPLINE_CURVE_WITH_KNOTS('',5,(#8699,#8700,#8701,#8702,#8703,
    #8704,#8705,#8706,#8707,#8708),.UNSPECIFIED.,.F.,.F.,(6,4,6),(
    4.712388980385,5.497787143782,6.28318530718),.UNSPECIFIED.);
#8699 = CARTESIAN_POINT('',(-12.,9.48,17.433427665641));
#8700 = CARTESIAN_POINT('',(-12.,9.48,17.559784438908));
#8701 = CARTESIAN_POINT('',(-11.97519547276,9.48,17.686143214053));
#8702 = CARTESIAN_POINT('',(-11.92555054938,9.48,17.805996661383));
#8703 = CARTESIAN_POINT('',(-11.85374085202,9.48,17.912885257561));
#8704 = CARTESIAN_POINT('',(-11.67504538957,9.48,18.091580720013));
#8705 = CARTESIAN_POINT('',(-11.56815679339,9.48,18.163390417371));
#8706 = CARTESIAN_POINT('',(-11.44830334606,9.48,18.213035340752));
#8707 = CARTESIAN_POINT('',(-11.32194457092,9.48,18.237839867984));
#8708 = CARTESIAN_POINT('',(-11.19558779765,9.48,18.237839867984));
#8709 = AXIS1_PLACEMENT('',#8710,#8711);
#8710 = CARTESIAN_POINT('',(-11.19558779765,9.48,17.217839867984));
#8711 = DIRECTION('',(1.,2.22044604925E-16,0.));
#8712 = DEFINITIONAL_REPRESENTATION('',(#8713),#8717);
#8713 = LINE('',#8714,#8715);
#8714 = CARTESIAN_POINT('',(0.,4.712388980385));
#8715 = VECTOR('',#8716,1.);
#8716 = DIRECTION('',(1.,5.654319433713E-16));
#8717 = ( GEOMETRIC_REPRESENTATION_CONTEXT(2) 
PARAMETRIC_REPRESENTATION_CONTEXT() REPRESENTATION_CONTEXT('2D SPACE',''
  ) );
#8718 = ORIENTED_EDGE('',*,*,#8719,.F.);
#8719 = EDGE_CURVE('',#2423,#8681,#8720,.T.);
#8720 = SURFACE_CURVE('',#8721,(#8725,#8732),.PCURVE_S1.);
#8721 = LINE('',#8722,#8723);
#8722 = CARTESIAN_POINT('',(-12.,9.695587797656,16.2));
#8723 = VECTOR('',#8724,1.);
#8724 = DIRECTION('',(0.,0.,1.));
#8725 = PCURVE('',#2438,#8726);
#8726 = DEFINITIONAL_REPRESENTATION('',(#8727),#8731);
#8727 = LINE('',#8728,#8729);
#8728 = CARTESIAN_POINT('',(-1.017839867984,-19.17558779765));
#8729 = VECTOR('',#8730,1.);
#8730 = DIRECTION('',(1.,0.));
#8731 = ( GEOMETRIC_REPRESENTATION_CONTEXT(2) 
PARAMETRIC_REPRESENTATION_CONTEXT() REPRESENTATION_CONTEXT('2D SPACE',''
  ) );
#8732 = PCURVE('',#2467,#8733);
#8733 = DEFINITIONAL_REPRESENTATION('',(#8734),#8738);
#8734 = LINE('',#8735,#8736);
#8735 = CARTESIAN_POINT('',(4.712388980385,1.017839867984));
#8736 = VECTOR('',#8737,1.);
#8737 = DIRECTION('',(0.,-1.));
#8738 = ( GEOMETRIC_REPRESENTATION_CONTEXT(2) 
PARAMETRIC_REPRESENTATION_CONTEXT() REPRESENTATION_CONTEXT('2D SPACE',''
  ) );
#8739 = ADVANCED_FACE('',(#8740),#2467,.T.);
#8740 = FACE_BOUND('',#8741,.T.);
#8741 = EDGE_LOOP('',(#8742,#8743,#8744,#8768));
#8742 = ORIENTED_EDGE('',*,*,#2450,.F.);
#8743 = ORIENTED_EDGE('',*,*,#8719,.T.);
#8744 = ORIENTED_EDGE('',*,*,#8745,.F.);
#8745 = EDGE_CURVE('',#8746,#8681,#8748,.T.);
#8746 = VERTEX_POINT('',#8747);
#8747 = CARTESIAN_POINT('',(-11.19558779765,10.5,17.217839867984));
#8748 = SURFACE_CURVE('',#8749,(#8754,#8761),.PCURVE_S1.);
#8749 = CIRCLE('',#8750,0.804412202344);
#8750 = AXIS2_PLACEMENT_3D('',#8751,#8752,#8753);
#8751 = CARTESIAN_POINT('',(-11.19558779765,9.695587797656,
    17.217839867984));
#8752 = DIRECTION('',(-0.,0.,1.));
#8753 = DIRECTION('',(2.22044604925E-16,-1.,0.));
#8754 = PCURVE('',#2467,#8755);
#8755 = DEFINITIONAL_REPRESENTATION('',(#8756),#8760);
#8756 = LINE('',#8757,#8758);
#8757 = CARTESIAN_POINT('',(9.424777960769,0.));
#8758 = VECTOR('',#8759,1.);
#8759 = DIRECTION('',(-1.,0.));
#8760 = ( GEOMETRIC_REPRESENTATION_CONTEXT(2) 
PARAMETRIC_REPRESENTATION_CONTEXT() REPRESENTATION_CONTEXT('2D SPACE',''
  ) );
#8761 = PCURVE('',#8697,#8762);
#8762 = DEFINITIONAL_REPRESENTATION('',(#8763),#8767);
#8763 = LINE('',#8764,#8765);
#8764 = CARTESIAN_POINT('',(4.712388980385,9.424777960769));
#8765 = VECTOR('',#8766,1.);
#8766 = DIRECTION('',(0.,-1.));
#8767 = ( GEOMETRIC_REPRESENTATION_CONTEXT(2) 
PARAMETRIC_REPRESENTATION_CONTEXT() REPRESENTATION_CONTEXT('2D SPACE',''
  ) );
#8768 = ORIENTED_EDGE('',*,*,#8769,.F.);
#8769 = EDGE_CURVE('',#2451,#8746,#8770,.T.);
#8770 = SURFACE_CURVE('',#8771,(#8775,#8782),.PCURVE_S1.);
#8771 = LINE('',#8772,#8773);
#8772 = CARTESIAN_POINT('',(-11.19558779765,10.5,17.217839867984));
#8773 = VECTOR('',#8774,1.);
#8774 = DIRECTION('',(0.,0.,1.));
#8775 = PCURVE('',#2467,#8776);
#8776 = DEFINITIONAL_REPRESENTATION('',(#8777),#8781);
#8777 = LINE('',#8778,#8779);
#8778 = CARTESIAN_POINT('',(6.28318530718,0.));
#8779 = VECTOR('',#8780,1.);
#8780 = DIRECTION('',(0.,-1.));
#8781 = ( GEOMETRIC_REPRESENTATION_CONTEXT(2) 
PARAMETRIC_REPRESENTATION_CONTEXT() REPRESENTATION_CONTEXT('2D SPACE',''
  ) );
#8782 = PCURVE('',#2495,#8783);
#8783 = DEFINITIONAL_REPRESENTATION('',(#8784),#8788);
#8784 = LINE('',#8785,#8786);
#8785 = CARTESIAN_POINT('',(0.,-3.695587797656));
#8786 = VECTOR('',#8787,1.);
#8787 = DIRECTION('',(1.,0.));
#8788 = ( GEOMETRIC_REPRESENTATION_CONTEXT(2) 
PARAMETRIC_REPRESENTATION_CONTEXT() REPRESENTATION_CONTEXT('2D SPACE',''
  ) );
#8789 = ADVANCED_FACE('',(#8790),#2495,.T.);
#8790 = FACE_BOUND('',#8791,.T.);
#8791 = EDGE_LOOP('',(#8792,#8820,#8841,#8842));
#8792 = ORIENTED_EDGE('',*,*,#8793,.T.);
#8793 = EDGE_CURVE('',#8746,#8794,#8796,.T.);
#8794 = VERTEX_POINT('',#8795);
#8795 = CARTESIAN_POINT('',(11.195587797656,10.5,17.217839867984));
#8796 = SURFACE_CURVE('',#8797,(#8801,#8808),.PCURVE_S1.);
#8797 = LINE('',#8798,#8799);
#8798 = CARTESIAN_POINT('',(-7.5,10.5,17.217839867984));
#8799 = VECTOR('',#8800,1.);
#8800 = DIRECTION('',(1.,2.22044604925E-16,0.));
#8801 = PCURVE('',#2495,#8802);
#8802 = DEFINITIONAL_REPRESENTATION('',(#8803),#8807);
#8803 = LINE('',#8804,#8805);
#8804 = CARTESIAN_POINT('',(0.,0.));
#8805 = VECTOR('',#8806,1.);
#8806 = DIRECTION('',(0.,1.));
#8807 = ( GEOMETRIC_REPRESENTATION_CONTEXT(2) 
PARAMETRIC_REPRESENTATION_CONTEXT() REPRESENTATION_CONTEXT('2D SPACE',''
  ) );
#8808 = PCURVE('',#8809,#8814);
#8809 = CYLINDRICAL_SURFACE('',#8810,1.02);
#8810 = AXIS2_PLACEMENT_3D('',#8811,#8812,#8813);
#8811 = CARTESIAN_POINT('',(-7.5,9.48,17.217839867984));
#8812 = DIRECTION('',(1.,2.22044604925E-16,0.));
#8813 = DIRECTION('',(0.,-0.,1.));
#8814 = DEFINITIONAL_REPRESENTATION('',(#8815),#8819);
#8815 = LINE('',#8816,#8817);
#8816 = CARTESIAN_POINT('',(4.712388980385,0.));
#8817 = VECTOR('',#8818,1.);
#8818 = DIRECTION('',(0.,1.));
#8819 = ( GEOMETRIC_REPRESENTATION_CONTEXT(2) 
PARAMETRIC_REPRESENTATION_CONTEXT() REPRESENTATION_CONTEXT('2D SPACE',''
  ) );
#8820 = ORIENTED_EDGE('',*,*,#8821,.F.);
#8821 = EDGE_CURVE('',#2480,#8794,#8822,.T.);
#8822 = SURFACE_CURVE('',#8823,(#8827,#8834),.PCURVE_S1.);
#8823 = LINE('',#8824,#8825);
#8824 = CARTESIAN_POINT('',(11.195587797656,10.5,17.217839867984));
#8825 = VECTOR('',#8826,1.);
#8826 = DIRECTION('',(0.,0.,1.));
#8827 = PCURVE('',#2495,#8828);
#8828 = DEFINITIONAL_REPRESENTATION('',(#8829),#8833);
#8829 = LINE('',#8830,#8831);
#8830 = CARTESIAN_POINT('',(0.,18.695587797656));
#8831 = VECTOR('',#8832,1.);
#8832 = DIRECTION('',(1.,0.));
#8833 = ( GEOMETRIC_REPRESENTATION_CONTEXT(2) 
PARAMETRIC_REPRESENTATION_CONTEXT() REPRESENTATION_CONTEXT('2D SPACE',''
  ) );
#8834 = PCURVE('',#2522,#8835);
#8835 = DEFINITIONAL_REPRESENTATION('',(#8836),#8840);
#8836 = LINE('',#8837,#8838);
#8837 = CARTESIAN_POINT('',(3.14159265359,0.));
#8838 = VECTOR('',#8839,1.);
#8839 = DIRECTION('',(0.,1.));
#8840 = ( GEOMETRIC_REPRESENTATION_CONTEXT(2) 
PARAMETRIC_REPRESENTATION_CONTEXT() REPRESENTATION_CONTEXT('2D SPACE',''
  ) );
#8841 = ORIENTED_EDGE('',*,*,#2479,.F.);
#8842 = ORIENTED_EDGE('',*,*,#8769,.T.);
#8843 = ADVANCED_FACE('',(#8844),#2522,.T.);
#8844 = FACE_BOUND('',#8845,.T.);
#8845 = EDGE_LOOP('',(#8846,#8847,#8848,#8870));
#8846 = ORIENTED_EDGE('',*,*,#2507,.F.);
#8847 = ORIENTED_EDGE('',*,*,#8821,.T.);
#8848 = ORIENTED_EDGE('',*,*,#8849,.F.);
#8849 = EDGE_CURVE('',#8367,#8794,#8850,.T.);
#8850 = SURFACE_CURVE('',#8851,(#8856,#8863),.PCURVE_S1.);
#8851 = CIRCLE('',#8852,0.804412202344);
#8852 = AXIS2_PLACEMENT_3D('',#8853,#8854,#8855);
#8853 = CARTESIAN_POINT('',(11.195587797656,9.695587797656,
    17.217839867984));
#8854 = DIRECTION('',(5.985519422678E-32,-2.695638304159E-16,1.));
#8855 = DIRECTION('',(2.22044604925E-16,-1.,-2.695638304159E-16));
#8856 = PCURVE('',#2522,#8857);
#8857 = DEFINITIONAL_REPRESENTATION('',(#8858),#8862);
#8858 = LINE('',#8859,#8860);
#8859 = CARTESIAN_POINT('',(0.,-2.22044604925E-16));
#8860 = VECTOR('',#8861,1.);
#8861 = DIRECTION('',(1.,1.413579858428E-16));
#8862 = ( GEOMETRIC_REPRESENTATION_CONTEXT(2) 
PARAMETRIC_REPRESENTATION_CONTEXT() REPRESENTATION_CONTEXT('2D SPACE',''
  ) );
#8863 = PCURVE('',#8406,#8864);
#8864 = DEFINITIONAL_REPRESENTATION('',(#8865),#8869);
#8865 = LINE('',#8866,#8867);
#8866 = CARTESIAN_POINT('',(4.712388980385,3.14159265359));
#8867 = VECTOR('',#8868,1.);
#8868 = DIRECTION('',(0.,-1.));
#8869 = ( GEOMETRIC_REPRESENTATION_CONTEXT(2) 
PARAMETRIC_REPRESENTATION_CONTEXT() REPRESENTATION_CONTEXT('2D SPACE',''
  ) );
#8870 = ORIENTED_EDGE('',*,*,#8366,.F.);
#8871 = ADVANCED_FACE('',(#8872),#2957,.T.);
#8872 = FACE_BOUND('',#8873,.T.);
#8873 = EDGE_LOOP('',(#8874,#8902,#8903,#8926,#8954));
#8874 = ORIENTED_EDGE('',*,*,#8875,.T.);
#8875 = EDGE_CURVE('',#8876,#2916,#8878,.T.);
#8876 = VERTEX_POINT('',#8877);
#8877 = CARTESIAN_POINT('',(-10.65948493722,-9.282466122857,
    6.857142090687));
#8878 = SURFACE_CURVE('',#8879,(#8884,#8891),.PCURVE_S1.);
#8879 = CIRCLE('',#8880,0.82781676686);
#8880 = AXIS2_PLACEMENT_3D('',#8881,#8882,#8883);
#8881 = CARTESIAN_POINT('',(-10.65948493722,-8.454649355997,
    6.857142090687));
#8882 = DIRECTION('',(1.,2.22044604925E-16,0.));
#8883 = DIRECTION('',(0.,-0.,1.));
#8884 = PCURVE('',#2957,#8885);
#8885 = DEFINITIONAL_REPRESENTATION('',(#8886),#8890);
#8886 = LINE('',#8887,#8888);
#8887 = CARTESIAN_POINT('',(3.14159265359,0.));
#8888 = VECTOR('',#8889,1.);
#8889 = DIRECTION('',(1.,0.));
#8890 = ( GEOMETRIC_REPRESENTATION_CONTEXT(2) 
PARAMETRIC_REPRESENTATION_CONTEXT() REPRESENTATION_CONTEXT('2D SPACE',''
  ) );
#8891 = PCURVE('',#2931,#8892);
#8892 = DEFINITIONAL_REPRESENTATION('',(#8893),#8901);
#8893 = ( BOUNDED_CURVE() B_SPLINE_CURVE(2,(#8894,#8895,#8896,#8897,
#8898,#8899,#8900),.UNSPECIFIED.,.T.,.F.) B_SPLINE_CURVE_WITH_KNOTS((1,2
    ,2,2,2,1),(-2.094395102393,0.,2.094395102393,4.188790204786,
6.28318530718,8.377580409573),.UNSPECIFIED.) CURVE() 
GEOMETRIC_REPRESENTATION_ITEM() RATIONAL_B_SPLINE_CURVE((1.,0.5,1.,0.5,
1.,0.5,1.)) REPRESENTATION_ITEM('') );
#8894 = CARTESIAN_POINT('',(-4.571037086068,-1.470196434574));
#8895 = CARTESIAN_POINT('',(-4.571037086068,-2.904017134133));
#8896 = CARTESIAN_POINT('',(-5.812762236359,-2.187106784354));
#8897 = CARTESIAN_POINT('',(-7.054487386649,-1.470196434574));
#8898 = CARTESIAN_POINT('',(-5.812762236359,-0.753286084795));
#8899 = CARTESIAN_POINT('',(-4.571037086068,-3.637573501495E-02));
#8900 = CARTESIAN_POINT('',(-4.571037086068,-1.470196434574));
#8901 = ( GEOMETRIC_REPRESENTATION_CONTEXT(2) 
PARAMETRIC_REPRESENTATION_CONTEXT() REPRESENTATION_CONTEXT('2D SPACE',''
  ) );
#8902 = ORIENTED_EDGE('',*,*,#2943,.T.);
#8903 = ORIENTED_EDGE('',*,*,#8904,.F.);
#8904 = EDGE_CURVE('',#8905,#2586,#8907,.T.);
#8905 = VERTEX_POINT('',#8906);
#8906 = CARTESIAN_POINT('',(-7.770287679233,-8.454649355997,
    6.029325323827));
#8907 = SURFACE_CURVE('',#8908,(#8912,#8919),.PCURVE_S1.);
#8908 = LINE('',#8909,#8910);
#8909 = CARTESIAN_POINT('',(-6.636474295046,-8.454649355997,
    6.029325323827));
#8910 = VECTOR('',#8911,1.);
#8911 = DIRECTION('',(-1.,-2.22044604925E-16,0.));
#8912 = PCURVE('',#2957,#8913);
#8913 = DEFINITIONAL_REPRESENTATION('',(#8914),#8918);
#8914 = LINE('',#8915,#8916);
#8915 = CARTESIAN_POINT('',(6.28318530718,4.023010642182));
#8916 = VECTOR('',#8917,1.);
#8917 = DIRECTION('',(0.,-1.));
#8918 = ( GEOMETRIC_REPRESENTATION_CONTEXT(2) 
PARAMETRIC_REPRESENTATION_CONTEXT() REPRESENTATION_CONTEXT('2D SPACE',''
  ) );
#8919 = PCURVE('',#3036,#8920);
#8920 = DEFINITIONAL_REPRESENTATION('',(#8921),#8925);
#8921 = LINE('',#8922,#8923);
#8922 = CARTESIAN_POINT('',(-21.11105151121,-1.023010642182));
#8923 = VECTOR('',#8924,1.);
#8924 = DIRECTION('',(0.,-1.));
#8925 = ( GEOMETRIC_REPRESENTATION_CONTEXT(2) 
PARAMETRIC_REPRESENTATION_CONTEXT() REPRESENTATION_CONTEXT('2D SPACE',''
  ) );
#8926 = ORIENTED_EDGE('',*,*,#8927,.F.);
#8927 = EDGE_CURVE('',#8928,#8905,#8930,.T.);
#8928 = VERTEX_POINT('',#8929);
#8929 = CARTESIAN_POINT('',(-7.770287679233,-9.282466122857,
    6.857142090687));
#8930 = SURFACE_CURVE('',#8931,(#8936,#8943),.PCURVE_S1.);
#8931 = CIRCLE('',#8932,0.82781676686);
#8932 = AXIS2_PLACEMENT_3D('',#8933,#8934,#8935);
#8933 = CARTESIAN_POINT('',(-7.770287679233,-8.454649355997,
    6.857142090687));
#8934 = DIRECTION('',(1.,2.22044604925E-16,0.));
#8935 = DIRECTION('',(0.,-0.,1.));
#8936 = PCURVE('',#2957,#8937);
#8937 = DEFINITIONAL_REPRESENTATION('',(#8938),#8942);
#8938 = LINE('',#8939,#8940);
#8939 = CARTESIAN_POINT('',(3.14159265359,2.889197257995));
#8940 = VECTOR('',#8941,1.);
#8941 = DIRECTION('',(1.,0.));
#8942 = ( GEOMETRIC_REPRESENTATION_CONTEXT(2) 
PARAMETRIC_REPRESENTATION_CONTEXT() REPRESENTATION_CONTEXT('2D SPACE',''
  ) );
#8943 = PCURVE('',#2875,#8944);
#8944 = DEFINITIONAL_REPRESENTATION('',(#8945),#8953);
#8945 = ( BOUNDED_CURVE() B_SPLINE_CURVE(2,(#8946,#8947,#8948,#8949,
#8950,#8951,#8952),.UNSPECIFIED.,.T.,.F.) B_SPLINE_CURVE_WITH_KNOTS((1,2
    ,2,2,2,1),(-2.094395102393,0.,2.094395102393,4.188790204786,
6.28318530718,8.377580409573),.UNSPECIFIED.) CURVE() 
GEOMETRIC_REPRESENTATION_ITEM() RATIONAL_B_SPLINE_CURVE((1.,0.5,1.,0.5,
1.,0.5,1.)) REPRESENTATION_ITEM('') );
#8946 = CARTESIAN_POINT('',(-4.571037086068,-1.470196434574));
#8947 = CARTESIAN_POINT('',(-4.571037086068,-2.904017134133));
#8948 = CARTESIAN_POINT('',(-5.812762236359,-2.187106784354));
#8949 = CARTESIAN_POINT('',(-7.054487386649,-1.470196434574));
#8950 = CARTESIAN_POINT('',(-5.812762236359,-0.753286084795));
#8951 = CARTESIAN_POINT('',(-4.571037086068,-3.637573501495E-02));
#8952 = CARTESIAN_POINT('',(-4.571037086068,-1.470196434574));
#8953 = ( GEOMETRIC_REPRESENTATION_CONTEXT(2) 
PARAMETRIC_REPRESENTATION_CONTEXT() REPRESENTATION_CONTEXT('2D SPACE',''
  ) );
#8954 = ORIENTED_EDGE('',*,*,#8955,.F.);
#8955 = EDGE_CURVE('',#8876,#8928,#8956,.T.);
#8956 = SURFACE_CURVE('',#8957,(#8961,#8968),.PCURVE_S1.);
#8957 = LINE('',#8958,#8959);
#8958 = CARTESIAN_POINT('',(-5.613463652863,-9.282466122857,
    6.857142090687));
#8959 = VECTOR('',#8960,1.);
#8960 = DIRECTION('',(1.,2.22044604925E-16,0.));
#8961 = PCURVE('',#2957,#8962);
#8962 = DEFINITIONAL_REPRESENTATION('',(#8963),#8967);
#8963 = LINE('',#8964,#8965);
#8964 = CARTESIAN_POINT('',(4.712388980385,5.046021284364));
#8965 = VECTOR('',#8966,1.);
#8966 = DIRECTION('',(0.,1.));
#8967 = ( GEOMETRIC_REPRESENTATION_CONTEXT(2) 
PARAMETRIC_REPRESENTATION_CONTEXT() REPRESENTATION_CONTEXT('2D SPACE',''
  ) );
#8968 = PCURVE('',#8969,#8974);
#8969 = PLANE('',#8970);
#8970 = AXIS2_PLACEMENT_3D('',#8971,#8972,#8973);
#8971 = CARTESIAN_POINT('',(-5.613463652863,-9.282466122857,
    5.959205082588));
#8972 = DIRECTION('',(-2.22044604925E-16,1.,0.));
#8973 = DIRECTION('',(0.,0.,1.));
#8974 = DEFINITIONAL_REPRESENTATION('',(#8975),#8979);
#8975 = LINE('',#8976,#8977);
#8976 = CARTESIAN_POINT('',(0.897937008099,0.));
#8977 = VECTOR('',#8978,1.);
#8978 = DIRECTION('',(0.,1.));
#8979 = ( GEOMETRIC_REPRESENTATION_CONTEXT(2) 
PARAMETRIC_REPRESENTATION_CONTEXT() REPRESENTATION_CONTEXT('2D SPACE',''
  ) );
#8980 = ADVANCED_FACE('',(#8981),#2931,.T.);
#8981 = FACE_BOUND('',#8982,.T.);
#8982 = EDGE_LOOP('',(#8983,#9013,#9041,#9069,#9097,#9125,#9153,#9181,
    #9209,#9237,#9265,#9293,#9321,#9349,#9377,#9405,#9433,#9461,#9489,
    #9517,#9550,#9578,#9599,#9600,#9601,#9624,#9652,#9681,#9709));
#8983 = ORIENTED_EDGE('',*,*,#8984,.F.);
#8984 = EDGE_CURVE('',#8985,#8987,#8989,.T.);
#8985 = VERTEX_POINT('',#8986);
#8986 = CARTESIAN_POINT('',(-10.65948493722,-10.18448748425,
    13.6263593185));
#8987 = VERTEX_POINT('',#8988);
#8988 = CARTESIAN_POINT('',(-10.65948493722,-10.10539282761,
    13.433697994201));
#8989 = SURFACE_CURVE('',#8990,(#8994,#9001),.PCURVE_S1.);
#8990 = LINE('',#8991,#8992);
#8991 = CARTESIAN_POINT('',(-10.65948493722,-10.23018379032,
    13.737667859668));
#8992 = VECTOR('',#8993,1.);
#8993 = DIRECTION('',(-8.432782086103E-17,0.379778742607,-0.925077351719
    ));
#8994 = PCURVE('',#2931,#8995);
#8995 = DEFINITIONAL_REPRESENTATION('',(#8996),#9000);
#8996 = LINE('',#8997,#8998);
#8997 = CARTESIAN_POINT('',(1.481671916053,-3.245730868901));
#8998 = VECTOR('',#8999,1.);
#8999 = DIRECTION('',(-0.925077351719,0.379778742607));
#9000 = ( GEOMETRIC_REPRESENTATION_CONTEXT(2) 
PARAMETRIC_REPRESENTATION_CONTEXT() REPRESENTATION_CONTEXT('2D SPACE',''
  ) );
#9001 = PCURVE('',#9002,#9007);
#9002 = PLANE('',#9003);
#9003 = AXIS2_PLACEMENT_3D('',#9004,#9005,#9006);
#9004 = CARTESIAN_POINT('',(17.716040468236,-10.23018379032,
    13.737667859668));
#9005 = DIRECTION('',(-2.054084350876E-16,0.925077351719,0.379778742607)
  );
#9006 = DIRECTION('',(8.432782086103E-17,-0.379778742607,0.925077351719)
  );
#9007 = DEFINITIONAL_REPRESENTATION('',(#9008),#9012);
#9008 = LINE('',#9009,#9010);
#9009 = CARTESIAN_POINT('',(0.,-28.37552540546));
#9010 = VECTOR('',#9011,1.);
#9011 = DIRECTION('',(-1.,0.));
#9012 = ( GEOMETRIC_REPRESENTATION_CONTEXT(2) 
PARAMETRIC_REPRESENTATION_CONTEXT() REPRESENTATION_CONTEXT('2D SPACE',''
  ) );
#9013 = ORIENTED_EDGE('',*,*,#9014,.T.);
#9014 = EDGE_CURVE('',#8985,#9015,#9017,.T.);
#9015 = VERTEX_POINT('',#9016);
#9016 = CARTESIAN_POINT('',(-10.65948493722,-10.14151937652,
    13.786898854958));
#9017 = SURFACE_CURVE('',#9018,(#9022,#9029),.PCURVE_S1.);
#9018 = LINE('',#9019,#9020);
#9019 = CARTESIAN_POINT('',(-10.65948493722,-10.42340690908,
    12.733696929039));
#9020 = VECTOR('',#9021,1.);
#9021 = DIRECTION('',(-5.740912107976E-17,0.258547696302,0.965998493134)
  );
#9022 = PCURVE('',#2931,#9023);
#9023 = DEFINITIONAL_REPRESENTATION('',(#9024),#9028);
#9024 = LINE('',#9025,#9026);
#9025 = CARTESIAN_POINT('',(0.477700985423,-3.438953987662));
#9026 = VECTOR('',#9027,1.);
#9027 = DIRECTION('',(0.965998493134,0.258547696302));
#9028 = ( GEOMETRIC_REPRESENTATION_CONTEXT(2) 
PARAMETRIC_REPRESENTATION_CONTEXT() REPRESENTATION_CONTEXT('2D SPACE',''
  ) );
#9029 = PCURVE('',#9030,#9035);
#9030 = PLANE('',#9031);
#9031 = AXIS2_PLACEMENT_3D('',#9032,#9033,#9034);
#9032 = CARTESIAN_POINT('',(-5.613463652863,-10.42340690908,
    12.733696929039));
#9033 = DIRECTION('',(-2.144947537661E-16,0.965998493134,-0.258547696302
    ));
#9034 = DIRECTION('',(-5.740912107976E-17,0.258547696302,0.965998493134)
  );
#9035 = DEFINITIONAL_REPRESENTATION('',(#9036),#9040);
#9036 = LINE('',#9037,#9038);
#9037 = CARTESIAN_POINT('',(0.,-5.046021284364));
#9038 = VECTOR('',#9039,1.);
#9039 = DIRECTION('',(1.,0.));
#9040 = ( GEOMETRIC_REPRESENTATION_CONTEXT(2) 
PARAMETRIC_REPRESENTATION_CONTEXT() REPRESENTATION_CONTEXT('2D SPACE',''
  ) );
#9041 = ORIENTED_EDGE('',*,*,#9042,.F.);
#9042 = EDGE_CURVE('',#9043,#9015,#9045,.T.);
#9043 = VERTEX_POINT('',#9044);
#9044 = CARTESIAN_POINT('',(-10.65948493722,-9.983597034318,
    13.832349107058));
#9045 = SURFACE_CURVE('',#9046,(#9050,#9057),.PCURVE_S1.);
#9046 = LINE('',#9047,#9048);
#9047 = CARTESIAN_POINT('',(-10.65948493722,-9.983597034318,
    13.832349107058));
#9048 = VECTOR('',#9049,1.);
#9049 = DIRECTION('',(2.13383173943E-16,-0.960992382657,-0.276574837025)
  );
#9050 = PCURVE('',#2931,#9051);
#9051 = DEFINITIONAL_REPRESENTATION('',(#9052),#9056);
#9052 = LINE('',#9053,#9054);
#9053 = CARTESIAN_POINT('',(1.576353163442,-2.999144112895));
#9054 = VECTOR('',#9055,1.);
#9055 = DIRECTION('',(-0.276574837025,-0.960992382657));
#9056 = ( GEOMETRIC_REPRESENTATION_CONTEXT(2) 
PARAMETRIC_REPRESENTATION_CONTEXT() REPRESENTATION_CONTEXT('2D SPACE',''
  ) );
#9057 = PCURVE('',#9058,#9063);
#9058 = PLANE('',#9059);
#9059 = AXIS2_PLACEMENT_3D('',#9060,#9061,#9062);
#9060 = CARTESIAN_POINT('',(17.716040468236,-9.983597034318,
    13.832349107058));
#9061 = DIRECTION('',(-6.141195041947E-17,0.276574837025,-0.960992382657
    ));
#9062 = DIRECTION('',(-2.13383173943E-16,0.960992382657,0.276574837025)
  );
#9063 = DEFINITIONAL_REPRESENTATION('',(#9064),#9068);
#9064 = LINE('',#9065,#9066);
#9065 = CARTESIAN_POINT('',(0.,-28.37552540546));
#9066 = VECTOR('',#9067,1.);
#9067 = DIRECTION('',(-1.,0.));
#9068 = ( GEOMETRIC_REPRESENTATION_CONTEXT(2) 
PARAMETRIC_REPRESENTATION_CONTEXT() REPRESENTATION_CONTEXT('2D SPACE',''
  ) );
#9069 = ORIENTED_EDGE('',*,*,#9070,.F.);
#9070 = EDGE_CURVE('',#9071,#9043,#9073,.T.);
#9071 = VERTEX_POINT('',#9072);
#9072 = CARTESIAN_POINT('',(-10.65948493722,-10.07183095216,
    14.047272139591));
#9073 = SURFACE_CURVE('',#9074,(#9078,#9085),.PCURVE_S1.);
#9074 = LINE('',#9075,#9076);
#9075 = CARTESIAN_POINT('',(-10.65948493722,-10.10838799702,
    14.136318972525));
#9076 = VECTOR('',#9077,1.);
#9077 = DIRECTION('',(-8.432782086103E-17,0.379778742607,-0.925077351719
    ));
#9078 = PCURVE('',#2931,#9079);
#9079 = DEFINITIONAL_REPRESENTATION('',(#9080),#9084);
#9080 = LINE('',#9081,#9082);
#9081 = CARTESIAN_POINT('',(1.88032302891,-3.1239350756));
#9082 = VECTOR('',#9083,1.);
#9083 = DIRECTION('',(-0.925077351719,0.379778742607));
#9084 = ( GEOMETRIC_REPRESENTATION_CONTEXT(2) 
PARAMETRIC_REPRESENTATION_CONTEXT() REPRESENTATION_CONTEXT('2D SPACE',''
  ) );
#9085 = PCURVE('',#9086,#9091);
#9086 = PLANE('',#9087);
#9087 = AXIS2_PLACEMENT_3D('',#9088,#9089,#9090);
#9088 = CARTESIAN_POINT('',(17.716040468236,-10.10838799702,
    14.136318972525));
#9089 = DIRECTION('',(-2.054084350876E-16,0.925077351719,0.379778742607)
  );
#9090 = DIRECTION('',(8.432782086103E-17,-0.379778742607,0.925077351719)
  );
#9091 = DEFINITIONAL_REPRESENTATION('',(#9092),#9096);
#9092 = LINE('',#9093,#9094);
#9093 = CARTESIAN_POINT('',(0.,-28.37552540546));
#9094 = VECTOR('',#9095,1.);
#9095 = DIRECTION('',(-1.,0.));
#9096 = ( GEOMETRIC_REPRESENTATION_CONTEXT(2) 
PARAMETRIC_REPRESENTATION_CONTEXT() REPRESENTATION_CONTEXT('2D SPACE',''
  ) );
#9097 = ORIENTED_EDGE('',*,*,#9098,.T.);
#9098 = EDGE_CURVE('',#9071,#9099,#9101,.T.);
#9099 = VERTEX_POINT('',#9100);
#9100 = CARTESIAN_POINT('',(-10.65948493722,-10.03608116511,
    14.180842234821));
#9101 = SURFACE_CURVE('',#9102,(#9106,#9113),.PCURVE_S1.);
#9102 = LINE('',#9103,#9104);
#9103 = CARTESIAN_POINT('',(-10.65948493722,-10.42340690908,
    12.733696929039));
#9104 = VECTOR('',#9105,1.);
#9105 = DIRECTION('',(-5.740912107976E-17,0.258547696302,0.965998493134)
  );
#9106 = PCURVE('',#2931,#9107);
#9107 = DEFINITIONAL_REPRESENTATION('',(#9108),#9112);
#9108 = LINE('',#9109,#9110);
#9109 = CARTESIAN_POINT('',(0.477700985423,-3.438953987662));
#9110 = VECTOR('',#9111,1.);
#9111 = DIRECTION('',(0.965998493134,0.258547696302));
#9112 = ( GEOMETRIC_REPRESENTATION_CONTEXT(2) 
PARAMETRIC_REPRESENTATION_CONTEXT() REPRESENTATION_CONTEXT('2D SPACE',''
  ) );
#9113 = PCURVE('',#9114,#9119);
#9114 = PLANE('',#9115);
#9115 = AXIS2_PLACEMENT_3D('',#9116,#9117,#9118);
#9116 = CARTESIAN_POINT('',(-5.613463652863,-10.42340690908,
    12.733696929039));
#9117 = DIRECTION('',(-2.144947537661E-16,0.965998493134,-0.258547696302
    ));
#9118 = DIRECTION('',(-5.740912107976E-17,0.258547696302,0.965998493134)
  );
#9119 = DEFINITIONAL_REPRESENTATION('',(#9120),#9124);
#9120 = LINE('',#9121,#9122);
#9121 = CARTESIAN_POINT('',(0.,-5.046021284364));
#9122 = VECTOR('',#9123,1.);
#9123 = DIRECTION('',(1.,0.));
#9124 = ( GEOMETRIC_REPRESENTATION_CONTEXT(2) 
PARAMETRIC_REPRESENTATION_CONTEXT() REPRESENTATION_CONTEXT('2D SPACE',''
  ) );
#9125 = ORIENTED_EDGE('',*,*,#9126,.F.);
#9126 = EDGE_CURVE('',#9127,#9099,#9129,.T.);
#9127 = VERTEX_POINT('',#9128);
#9128 = CARTESIAN_POINT('',(-10.65948493722,-9.861801241016,
    14.231000219915));
#9129 = SURFACE_CURVE('',#9130,(#9134,#9141),.PCURVE_S1.);
#9130 = LINE('',#9131,#9132);
#9131 = CARTESIAN_POINT('',(-10.65948493722,-9.861801241016,
    14.231000219915));
#9132 = VECTOR('',#9133,1.);
#9133 = DIRECTION('',(2.13383173943E-16,-0.960992382657,-0.276574837025)
  );
#9134 = PCURVE('',#2931,#9135);
#9135 = DEFINITIONAL_REPRESENTATION('',(#9136),#9140);
#9136 = LINE('',#9137,#9138);
#9137 = CARTESIAN_POINT('',(1.975004276299,-2.877348319594));
#9138 = VECTOR('',#9139,1.);
#9139 = DIRECTION('',(-0.276574837025,-0.960992382657));
#9140 = ( GEOMETRIC_REPRESENTATION_CONTEXT(2) 
PARAMETRIC_REPRESENTATION_CONTEXT() REPRESENTATION_CONTEXT('2D SPACE',''
  ) );
#9141 = PCURVE('',#9142,#9147);
#9142 = PLANE('',#9143);
#9143 = AXIS2_PLACEMENT_3D('',#9144,#9145,#9146);
#9144 = CARTESIAN_POINT('',(17.716040468236,-9.861801241016,
    14.231000219915));
#9145 = DIRECTION('',(-6.141195041947E-17,0.276574837025,-0.960992382657
    ));
#9146 = DIRECTION('',(-2.13383173943E-16,0.960992382657,0.276574837025)
  );
#9147 = DEFINITIONAL_REPRESENTATION('',(#9148),#9152);
#9148 = LINE('',#9149,#9150);
#9149 = CARTESIAN_POINT('',(0.,-28.37552540546));
#9150 = VECTOR('',#9151,1.);
#9151 = DIRECTION('',(-1.,0.));
#9152 = ( GEOMETRIC_REPRESENTATION_CONTEXT(2) 
PARAMETRIC_REPRESENTATION_CONTEXT() REPRESENTATION_CONTEXT('2D SPACE',''
  ) );
#9153 = ORIENTED_EDGE('',*,*,#9154,.F.);
#9154 = EDGE_CURVE('',#9155,#9127,#9157,.T.);
#9155 = VERTEX_POINT('',#9156);
#9156 = CARTESIAN_POINT('',(-10.65948493722,-9.959174420077,
    14.468184960681));
#9157 = SURFACE_CURVE('',#9158,(#9162,#9169),.PCURVE_S1.);
#9158 = LINE('',#9159,#9160);
#9159 = CARTESIAN_POINT('',(-10.65948493722,-9.986592203721,
    14.534970085382));
#9160 = VECTOR('',#9161,1.);
#9161 = DIRECTION('',(-8.432782086103E-17,0.379778742607,-0.925077351719
    ));
#9162 = PCURVE('',#2931,#9163);
#9163 = DEFINITIONAL_REPRESENTATION('',(#9164),#9168);
#9164 = LINE('',#9165,#9166);
#9165 = CARTESIAN_POINT('',(2.278974141767,-3.002139282298));
#9166 = VECTOR('',#9167,1.);
#9167 = DIRECTION('',(-0.925077351719,0.379778742607));
#9168 = ( GEOMETRIC_REPRESENTATION_CONTEXT(2) 
PARAMETRIC_REPRESENTATION_CONTEXT() REPRESENTATION_CONTEXT('2D SPACE',''
  ) );
#9169 = PCURVE('',#9170,#9175);
#9170 = PLANE('',#9171);
#9171 = AXIS2_PLACEMENT_3D('',#9172,#9173,#9174);
#9172 = CARTESIAN_POINT('',(17.716040468236,-9.986592203721,
    14.534970085382));
#9173 = DIRECTION('',(-2.054084350876E-16,0.925077351719,0.379778742607)
  );
#9174 = DIRECTION('',(8.432782086103E-17,-0.379778742607,0.925077351719)
  );
#9175 = DEFINITIONAL_REPRESENTATION('',(#9176),#9180);
#9176 = LINE('',#9177,#9178);
#9177 = CARTESIAN_POINT('',(0.,-28.37552540546));
#9178 = VECTOR('',#9179,1.);
#9179 = DIRECTION('',(-1.,0.));
#9180 = ( GEOMETRIC_REPRESENTATION_CONTEXT(2) 
PARAMETRIC_REPRESENTATION_CONTEXT() REPRESENTATION_CONTEXT('2D SPACE',''
  ) );
#9181 = ORIENTED_EDGE('',*,*,#9182,.T.);
#9182 = EDGE_CURVE('',#9155,#9183,#9185,.T.);
#9183 = VERTEX_POINT('',#9184);
#9184 = CARTESIAN_POINT('',(-10.65948493722,-9.93064295371,
    14.574785614684));
#9185 = SURFACE_CURVE('',#9186,(#9190,#9197),.PCURVE_S1.);
#9186 = LINE('',#9187,#9188);
#9187 = CARTESIAN_POINT('',(-10.65948493722,-10.42340690908,
    12.733696929039));
#9188 = VECTOR('',#9189,1.);
#9189 = DIRECTION('',(-5.740912107976E-17,0.258547696302,0.965998493134)
  );
#9190 = PCURVE('',#2931,#9191);
#9191 = DEFINITIONAL_REPRESENTATION('',(#9192),#9196);
#9192 = LINE('',#9193,#9194);
#9193 = CARTESIAN_POINT('',(0.477700985423,-3.438953987662));
#9194 = VECTOR('',#9195,1.);
#9195 = DIRECTION('',(0.965998493134,0.258547696302));
#9196 = ( GEOMETRIC_REPRESENTATION_CONTEXT(2) 
PARAMETRIC_REPRESENTATION_CONTEXT() REPRESENTATION_CONTEXT('2D SPACE',''
  ) );
#9197 = PCURVE('',#9198,#9203);
#9198 = PLANE('',#9199);
#9199 = AXIS2_PLACEMENT_3D('',#9200,#9201,#9202);
#9200 = CARTESIAN_POINT('',(-5.613463652863,-10.42340690908,
    12.733696929039));
#9201 = DIRECTION('',(-2.144947537661E-16,0.965998493134,-0.258547696302
    ));
#9202 = DIRECTION('',(-5.740912107976E-17,0.258547696302,0.965998493134)
  );
#9203 = DEFINITIONAL_REPRESENTATION('',(#9204),#9208);
#9204 = LINE('',#9205,#9206);
#9205 = CARTESIAN_POINT('',(0.,-5.046021284364));
#9206 = VECTOR('',#9207,1.);
#9207 = DIRECTION('',(1.,0.));
#9208 = ( GEOMETRIC_REPRESENTATION_CONTEXT(2) 
PARAMETRIC_REPRESENTATION_CONTEXT() REPRESENTATION_CONTEXT('2D SPACE',''
  ) );
#9209 = ORIENTED_EDGE('',*,*,#9210,.F.);
#9210 = EDGE_CURVE('',#9211,#9183,#9213,.T.);
#9211 = VERTEX_POINT('',#9212);
#9212 = CARTESIAN_POINT('',(-10.65948493722,-9.740005447715,
    14.629651332772));
#9213 = SURFACE_CURVE('',#9214,(#9218,#9225),.PCURVE_S1.);
#9214 = LINE('',#9215,#9216);
#9215 = CARTESIAN_POINT('',(-10.65948493722,-9.740005447715,
    14.629651332772));
#9216 = VECTOR('',#9217,1.);
#9217 = DIRECTION('',(2.13383173943E-16,-0.960992382657,-0.276574837025)
  );
#9218 = PCURVE('',#2931,#9219);
#9219 = DEFINITIONAL_REPRESENTATION('',(#9220),#9224);
#9220 = LINE('',#9221,#9222);
#9221 = CARTESIAN_POINT('',(2.373655389156,-2.755552526292));
#9222 = VECTOR('',#9223,1.);
#9223 = DIRECTION('',(-0.276574837025,-0.960992382657));
#9224 = ( GEOMETRIC_REPRESENTATION_CONTEXT(2) 
PARAMETRIC_REPRESENTATION_CONTEXT() REPRESENTATION_CONTEXT('2D SPACE',''
  ) );
#9225 = PCURVE('',#9226,#9231);
#9226 = PLANE('',#9227);
#9227 = AXIS2_PLACEMENT_3D('',#9228,#9229,#9230);
#9228 = CARTESIAN_POINT('',(17.716040468236,-9.740005447715,
    14.629651332772));
#9229 = DIRECTION('',(-6.141195041947E-17,0.276574837025,-0.960992382657
    ));
#9230 = DIRECTION('',(-2.13383173943E-16,0.960992382657,0.276574837025)
  );
#9231 = DEFINITIONAL_REPRESENTATION('',(#9232),#9236);
#9232 = LINE('',#9233,#9234);
#9233 = CARTESIAN_POINT('',(0.,-28.37552540546));
#9234 = VECTOR('',#9235,1.);
#9235 = DIRECTION('',(-1.,0.));
#9236 = ( GEOMETRIC_REPRESENTATION_CONTEXT(2) 
PARAMETRIC_REPRESENTATION_CONTEXT() REPRESENTATION_CONTEXT('2D SPACE',''
  ) );
#9237 = ORIENTED_EDGE('',*,*,#9238,.F.);
#9238 = EDGE_CURVE('',#9239,#9211,#9241,.T.);
#9239 = VERTEX_POINT('',#9240);
#9240 = CARTESIAN_POINT('',(-10.65948493722,-9.84651788799,
    14.889097781772));
#9241 = SURFACE_CURVE('',#9242,(#9246,#9253),.PCURVE_S1.);
#9242 = LINE('',#9243,#9244);
#9243 = CARTESIAN_POINT('',(-10.65948493722,-9.86479641042,
    14.933621198239));
#9244 = VECTOR('',#9245,1.);
#9245 = DIRECTION('',(-8.432782086103E-17,0.379778742607,-0.925077351719
    ));
#9246 = PCURVE('',#2931,#9247);
#9247 = DEFINITIONAL_REPRESENTATION('',(#9248),#9252);
#9248 = LINE('',#9249,#9250);
#9249 = CARTESIAN_POINT('',(2.677625254624,-2.880343488997));
#9250 = VECTOR('',#9251,1.);
#9251 = DIRECTION('',(-0.925077351719,0.379778742607));
#9252 = ( GEOMETRIC_REPRESENTATION_CONTEXT(2) 
PARAMETRIC_REPRESENTATION_CONTEXT() REPRESENTATION_CONTEXT('2D SPACE',''
  ) );
#9253 = PCURVE('',#9254,#9259);
#9254 = PLANE('',#9255);
#9255 = AXIS2_PLACEMENT_3D('',#9256,#9257,#9258);
#9256 = CARTESIAN_POINT('',(17.716040468236,-9.86479641042,
    14.933621198239));
#9257 = DIRECTION('',(-2.054084350876E-16,0.925077351719,0.379778742607)
  );
#9258 = DIRECTION('',(8.432782086103E-17,-0.379778742607,0.925077351719)
  );
#9259 = DEFINITIONAL_REPRESENTATION('',(#9260),#9264);
#9260 = LINE('',#9261,#9262);
#9261 = CARTESIAN_POINT('',(0.,-28.37552540546));
#9262 = VECTOR('',#9263,1.);
#9263 = DIRECTION('',(-1.,0.));
#9264 = ( GEOMETRIC_REPRESENTATION_CONTEXT(2) 
PARAMETRIC_REPRESENTATION_CONTEXT() REPRESENTATION_CONTEXT('2D SPACE',''
  ) );
#9265 = ORIENTED_EDGE('',*,*,#9266,.T.);
#9266 = EDGE_CURVE('',#9239,#9267,#9269,.T.);
#9267 = VERTEX_POINT('',#9268);
#9268 = CARTESIAN_POINT('',(-10.65948493722,-9.825204742304,
    14.968728994547));
#9269 = SURFACE_CURVE('',#9270,(#9274,#9281),.PCURVE_S1.);
#9270 = LINE('',#9271,#9272);
#9271 = CARTESIAN_POINT('',(-10.65948493722,-10.42340690908,
    12.733696929039));
#9272 = VECTOR('',#9273,1.);
#9273 = DIRECTION('',(-5.740912107976E-17,0.258547696302,0.965998493134)
  );
#9274 = PCURVE('',#2931,#9275);
#9275 = DEFINITIONAL_REPRESENTATION('',(#9276),#9280);
#9276 = LINE('',#9277,#9278);
#9277 = CARTESIAN_POINT('',(0.477700985423,-3.438953987662));
#9278 = VECTOR('',#9279,1.);
#9279 = DIRECTION('',(0.965998493134,0.258547696302));
#9280 = ( GEOMETRIC_REPRESENTATION_CONTEXT(2) 
PARAMETRIC_REPRESENTATION_CONTEXT() REPRESENTATION_CONTEXT('2D SPACE',''
  ) );
#9281 = PCURVE('',#9282,#9287);
#9282 = PLANE('',#9283);
#9283 = AXIS2_PLACEMENT_3D('',#9284,#9285,#9286);
#9284 = CARTESIAN_POINT('',(-5.613463652863,-10.42340690908,
    12.733696929039));
#9285 = DIRECTION('',(-2.144947537661E-16,0.965998493134,-0.258547696302
    ));
#9286 = DIRECTION('',(-5.740912107976E-17,0.258547696302,0.965998493134)
  );
#9287 = DEFINITIONAL_REPRESENTATION('',(#9288),#9292);
#9288 = LINE('',#9289,#9290);
#9289 = CARTESIAN_POINT('',(0.,-5.046021284364));
#9290 = VECTOR('',#9291,1.);
#9291 = DIRECTION('',(1.,0.));
#9292 = ( GEOMETRIC_REPRESENTATION_CONTEXT(2) 
PARAMETRIC_REPRESENTATION_CONTEXT() REPRESENTATION_CONTEXT('2D SPACE',''
  ) );
#9293 = ORIENTED_EDGE('',*,*,#9294,.F.);
#9294 = EDGE_CURVE('',#9295,#9267,#9297,.T.);
#9295 = VERTEX_POINT('',#9296);
#9296 = CARTESIAN_POINT('',(-10.65948493722,-9.618209654414,
    15.028302445629));
#9297 = SURFACE_CURVE('',#9298,(#9302,#9309),.PCURVE_S1.);
#9298 = LINE('',#9299,#9300);
#9299 = CARTESIAN_POINT('',(-10.65948493722,-9.618209654414,
    15.028302445629));
#9300 = VECTOR('',#9301,1.);
#9301 = DIRECTION('',(2.13383173943E-16,-0.960992382657,-0.276574837025)
  );
#9302 = PCURVE('',#2931,#9303);
#9303 = DEFINITIONAL_REPRESENTATION('',(#9304),#9308);
#9304 = LINE('',#9305,#9306);
#9305 = CARTESIAN_POINT('',(2.772306502013,-2.633756732991));
#9306 = VECTOR('',#9307,1.);
#9307 = DIRECTION('',(-0.276574837025,-0.960992382657));
#9308 = ( GEOMETRIC_REPRESENTATION_CONTEXT(2) 
PARAMETRIC_REPRESENTATION_CONTEXT() REPRESENTATION_CONTEXT('2D SPACE',''
  ) );
#9309 = PCURVE('',#9310,#9315);
#9310 = PLANE('',#9311);
#9311 = AXIS2_PLACEMENT_3D('',#9312,#9313,#9314);
#9312 = CARTESIAN_POINT('',(17.716040468236,-9.618209654414,
    15.028302445629));
#9313 = DIRECTION('',(-6.141195041947E-17,0.276574837025,-0.960992382657
    ));
#9314 = DIRECTION('',(-2.13383173943E-16,0.960992382657,0.276574837025)
  );
#9315 = DEFINITIONAL_REPRESENTATION('',(#9316),#9320);
#9316 = LINE('',#9317,#9318);
#9317 = CARTESIAN_POINT('',(0.,-28.37552540546));
#9318 = VECTOR('',#9319,1.);
#9319 = DIRECTION('',(-1.,0.));
#9320 = ( GEOMETRIC_REPRESENTATION_CONTEXT(2) 
PARAMETRIC_REPRESENTATION_CONTEXT() REPRESENTATION_CONTEXT('2D SPACE',''
  ) );
#9321 = ORIENTED_EDGE('',*,*,#9322,.F.);
#9322 = EDGE_CURVE('',#9323,#9295,#9325,.T.);
#9323 = VERTEX_POINT('',#9324);
#9324 = CARTESIAN_POINT('',(-10.65948493722,-9.733861355904,
    15.310010602862));
#9325 = SURFACE_CURVE('',#9326,(#9330,#9337),.PCURVE_S1.);
#9326 = LINE('',#9327,#9328);
#9327 = CARTESIAN_POINT('',(-10.65948493722,-9.743000617119,
    15.332272311096));
#9328 = VECTOR('',#9329,1.);
#9329 = DIRECTION('',(-8.432782086103E-17,0.379778742607,-0.925077351719
    ));
#9330 = PCURVE('',#2931,#9331);
#9331 = DEFINITIONAL_REPRESENTATION('',(#9332),#9336);
#9332 = LINE('',#9333,#9334);
#9333 = CARTESIAN_POINT('',(3.076276367481,-2.758547695696));
#9334 = VECTOR('',#9335,1.);
#9335 = DIRECTION('',(-0.925077351719,0.379778742607));
#9336 = ( GEOMETRIC_REPRESENTATION_CONTEXT(2) 
PARAMETRIC_REPRESENTATION_CONTEXT() REPRESENTATION_CONTEXT('2D SPACE',''
  ) );
#9337 = PCURVE('',#9338,#9343);
#9338 = PLANE('',#9339);
#9339 = AXIS2_PLACEMENT_3D('',#9340,#9341,#9342);
#9340 = CARTESIAN_POINT('',(17.716040468236,-9.743000617119,
    15.332272311096));
#9341 = DIRECTION('',(-2.054084350876E-16,0.925077351719,0.379778742607)
  );
#9342 = DIRECTION('',(8.432782086103E-17,-0.379778742607,0.925077351719)
  );
#9343 = DEFINITIONAL_REPRESENTATION('',(#9344),#9348);
#9344 = LINE('',#9345,#9346);
#9345 = CARTESIAN_POINT('',(0.,-28.37552540546));
#9346 = VECTOR('',#9347,1.);
#9347 = DIRECTION('',(-1.,0.));
#9348 = ( GEOMETRIC_REPRESENTATION_CONTEXT(2) 
PARAMETRIC_REPRESENTATION_CONTEXT() REPRESENTATION_CONTEXT('2D SPACE',''
  ) );
#9349 = ORIENTED_EDGE('',*,*,#9350,.T.);
#9350 = EDGE_CURVE('',#9323,#9351,#9353,.T.);
#9351 = VERTEX_POINT('',#9352);
#9352 = CARTESIAN_POINT('',(-10.65948493722,-9.719766530898,
    15.36267237441));
#9353 = SURFACE_CURVE('',#9354,(#9358,#9365),.PCURVE_S1.);
#9354 = LINE('',#9355,#9356);
#9355 = CARTESIAN_POINT('',(-10.65948493722,-10.42340690908,
    12.733696929039));
#9356 = VECTOR('',#9357,1.);
#9357 = DIRECTION('',(-5.740912107976E-17,0.258547696302,0.965998493134)
  );
#9358 = PCURVE('',#2931,#9359);
#9359 = DEFINITIONAL_REPRESENTATION('',(#9360),#9364);
#9360 = LINE('',#9361,#9362);
#9361 = CARTESIAN_POINT('',(0.477700985423,-3.438953987662));
#9362 = VECTOR('',#9363,1.);
#9363 = DIRECTION('',(0.965998493134,0.258547696302));
#9364 = ( GEOMETRIC_REPRESENTATION_CONTEXT(2) 
PARAMETRIC_REPRESENTATION_CONTEXT() REPRESENTATION_CONTEXT('2D SPACE',''
  ) );
#9365 = PCURVE('',#9366,#9371);
#9366 = PLANE('',#9367);
#9367 = AXIS2_PLACEMENT_3D('',#9368,#9369,#9370);
#9368 = CARTESIAN_POINT('',(-5.613463652863,-10.42340690908,
    12.733696929039));
#9369 = DIRECTION('',(-2.144947537661E-16,0.965998493134,-0.258547696302
    ));
#9370 = DIRECTION('',(-5.740912107976E-17,0.258547696302,0.965998493134)
  );
#9371 = DEFINITIONAL_REPRESENTATION('',(#9372),#9376);
#9372 = LINE('',#9373,#9374);
#9373 = CARTESIAN_POINT('',(0.,-5.046021284364));
#9374 = VECTOR('',#9375,1.);
#9375 = DIRECTION('',(1.,0.));
#9376 = ( GEOMETRIC_REPRESENTATION_CONTEXT(2) 
PARAMETRIC_REPRESENTATION_CONTEXT() REPRESENTATION_CONTEXT('2D SPACE',''
  ) );
#9377 = ORIENTED_EDGE('',*,*,#9378,.F.);
#9378 = EDGE_CURVE('',#9379,#9351,#9381,.T.);
#9379 = VERTEX_POINT('',#9380);
#9380 = CARTESIAN_POINT('',(-10.65948493722,-9.496413861113,
    15.426953558486));
#9381 = SURFACE_CURVE('',#9382,(#9386,#9393),.PCURVE_S1.);
#9382 = LINE('',#9383,#9384);
#9383 = CARTESIAN_POINT('',(-10.65948493722,-9.496413861113,
    15.426953558486));
#9384 = VECTOR('',#9385,1.);
#9385 = DIRECTION('',(2.13383173943E-16,-0.960992382657,-0.276574837025)
  );
#9386 = PCURVE('',#2931,#9387);
#9387 = DEFINITIONAL_REPRESENTATION('',(#9388),#9392);
#9388 = LINE('',#9389,#9390);
#9389 = CARTESIAN_POINT('',(3.17095761487,-2.51196093969));
#9390 = VECTOR('',#9391,1.);
#9391 = DIRECTION('',(-0.276574837025,-0.960992382657));
#9392 = ( GEOMETRIC_REPRESENTATION_CONTEXT(2) 
PARAMETRIC_REPRESENTATION_CONTEXT() REPRESENTATION_CONTEXT('2D SPACE',''
  ) );
#9393 = PCURVE('',#9394,#9399);
#9394 = PLANE('',#9395);
#9395 = AXIS2_PLACEMENT_3D('',#9396,#9397,#9398);
#9396 = CARTESIAN_POINT('',(17.716040468236,-9.496413861113,
    15.426953558486));
#9397 = DIRECTION('',(-6.141195041947E-17,0.276574837025,-0.960992382657
    ));
#9398 = DIRECTION('',(-2.13383173943E-16,0.960992382657,0.276574837025)
  );
#9399 = DEFINITIONAL_REPRESENTATION('',(#9400),#9404);
#9400 = LINE('',#9401,#9402);
#9401 = CARTESIAN_POINT('',(0.,-28.37552540546));
#9402 = VECTOR('',#9403,1.);
#9403 = DIRECTION('',(-1.,0.));
#9404 = ( GEOMETRIC_REPRESENTATION_CONTEXT(2) 
PARAMETRIC_REPRESENTATION_CONTEXT() REPRESENTATION_CONTEXT('2D SPACE',''
  ) );
#9405 = ORIENTED_EDGE('',*,*,#9406,.F.);
#9406 = EDGE_CURVE('',#9407,#9379,#9409,.T.);
#9407 = VERTEX_POINT('',#9408);
#9408 = CARTESIAN_POINT('',(-10.65948493722,-9.621204823817,
    15.730923423953));
#9409 = SURFACE_CURVE('',#9410,(#9414,#9421),.PCURVE_S1.);
#9410 = LINE('',#9411,#9412);
#9411 = CARTESIAN_POINT('',(-10.65948493722,-9.621204823817,
    15.730923423953));
#9412 = VECTOR('',#9413,1.);
#9413 = DIRECTION('',(-8.432782086103E-17,0.379778742607,-0.925077351719
    ));
#9414 = PCURVE('',#2931,#9415);
#9415 = DEFINITIONAL_REPRESENTATION('',(#9416),#9420);
#9416 = LINE('',#9417,#9418);
#9417 = CARTESIAN_POINT('',(3.474927480338,-2.636751902395));
#9418 = VECTOR('',#9419,1.);
#9419 = DIRECTION('',(-0.925077351719,0.379778742607));
#9420 = ( GEOMETRIC_REPRESENTATION_CONTEXT(2) 
PARAMETRIC_REPRESENTATION_CONTEXT() REPRESENTATION_CONTEXT('2D SPACE',''
  ) );
#9421 = PCURVE('',#9422,#9427);
#9422 = PLANE('',#9423);
#9423 = AXIS2_PLACEMENT_3D('',#9424,#9425,#9426);
#9424 = CARTESIAN_POINT('',(17.716040468236,-9.621204823817,
    15.730923423953));
#9425 = DIRECTION('',(-2.054084350876E-16,0.925077351719,0.379778742607)
  );
#9426 = DIRECTION('',(8.432782086103E-17,-0.379778742607,0.925077351719)
  );
#9427 = DEFINITIONAL_REPRESENTATION('',(#9428),#9432);
#9428 = LINE('',#9429,#9430);
#9429 = CARTESIAN_POINT('',(0.,-28.37552540546));
#9430 = VECTOR('',#9431,1.);
#9431 = DIRECTION('',(-1.,0.));
#9432 = ( GEOMETRIC_REPRESENTATION_CONTEXT(2) 
PARAMETRIC_REPRESENTATION_CONTEXT() REPRESENTATION_CONTEXT('2D SPACE',''
  ) );
#9433 = ORIENTED_EDGE('',*,*,#9434,.T.);
#9434 = EDGE_CURVE('',#9407,#9435,#9437,.T.);
#9435 = VERTEX_POINT('',#9436);
#9436 = CARTESIAN_POINT('',(-10.65948493722,-9.559744922926,
    15.960552898509));
#9437 = SURFACE_CURVE('',#9438,(#9442,#9449),.PCURVE_S1.);
#9438 = LINE('',#9439,#9440);
#9439 = CARTESIAN_POINT('',(-10.65948493722,-10.42340690908,
    12.733696929039));
#9440 = VECTOR('',#9441,1.);
#9441 = DIRECTION('',(-5.740912107976E-17,0.258547696302,0.965998493134)
  );
#9442 = PCURVE('',#2931,#9443);
#9443 = DEFINITIONAL_REPRESENTATION('',(#9444),#9448);
#9444 = LINE('',#9445,#9446);
#9445 = CARTESIAN_POINT('',(0.477700985423,-3.438953987662));
#9446 = VECTOR('',#9447,1.);
#9447 = DIRECTION('',(0.965998493134,0.258547696302));
#9448 = ( GEOMETRIC_REPRESENTATION_CONTEXT(2) 
PARAMETRIC_REPRESENTATION_CONTEXT() REPRESENTATION_CONTEXT('2D SPACE',''
  ) );
#9449 = PCURVE('',#9450,#9455);
#9450 = PLANE('',#9451);
#9451 = AXIS2_PLACEMENT_3D('',#9452,#9453,#9454);
#9452 = CARTESIAN_POINT('',(-5.613463652863,-10.42340690908,
    12.733696929039));
#9453 = DIRECTION('',(-2.144947537661E-16,0.965998493134,-0.258547696302
    ));
#9454 = DIRECTION('',(-5.740912107976E-17,0.258547696302,0.965998493134)
  );
#9455 = DEFINITIONAL_REPRESENTATION('',(#9456),#9460);
#9456 = LINE('',#9457,#9458);
#9457 = CARTESIAN_POINT('',(0.,-5.046021284364));
#9458 = VECTOR('',#9459,1.);
#9459 = DIRECTION('',(1.,0.));
#9460 = ( GEOMETRIC_REPRESENTATION_CONTEXT(2) 
PARAMETRIC_REPRESENTATION_CONTEXT() REPRESENTATION_CONTEXT('2D SPACE',''
  ) );
#9461 = ORIENTED_EDGE('',*,*,#9462,.T.);
#9462 = EDGE_CURVE('',#9435,#9463,#9465,.T.);
#9463 = VERTEX_POINT('',#9464);
#9464 = CARTESIAN_POINT('',(-10.65948493722,-8.787970572718,
    15.960552898509));
#9465 = SURFACE_CURVE('',#9466,(#9470,#9477),.PCURVE_S1.);
#9466 = LINE('',#9467,#9468);
#9467 = CARTESIAN_POINT('',(-10.65948493722,-9.559744922926,
    15.960552898509));
#9468 = VECTOR('',#9469,1.);
#9469 = DIRECTION('',(-2.22044604925E-16,1.,-5.619270307147E-16));
#9470 = PCURVE('',#2931,#9471);
#9471 = DEFINITIONAL_REPRESENTATION('',(#9472),#9476);
#9472 = LINE('',#9473,#9474);
#9473 = CARTESIAN_POINT('',(3.704556954894,-2.575292001503));
#9474 = VECTOR('',#9475,1.);
#9475 = DIRECTION('',(-5.619270307147E-16,1.));
#9476 = ( GEOMETRIC_REPRESENTATION_CONTEXT(2) 
PARAMETRIC_REPRESENTATION_CONTEXT() REPRESENTATION_CONTEXT('2D SPACE',''
  ) );
#9477 = PCURVE('',#9478,#9483);
#9478 = PLANE('',#9479);
#9479 = AXIS2_PLACEMENT_3D('',#9480,#9481,#9482);
#9480 = CARTESIAN_POINT('',(-5.613463652863,-9.559744922926,
    15.960552898509));
#9481 = DIRECTION('',(1.247728655317E-31,-5.619270307147E-16,-1.));
#9482 = DIRECTION('',(-2.22044604925E-16,1.,-5.619270307147E-16));
#9483 = DEFINITIONAL_REPRESENTATION('',(#9484),#9488);
#9484 = LINE('',#9485,#9486);
#9485 = CARTESIAN_POINT('',(-0.,-5.046021284364));
#9486 = VECTOR('',#9487,1.);
#9487 = DIRECTION('',(1.,0.));
#9488 = ( GEOMETRIC_REPRESENTATION_CONTEXT(2) 
PARAMETRIC_REPRESENTATION_CONTEXT() REPRESENTATION_CONTEXT('2D SPACE',''
  ) );
#9489 = ORIENTED_EDGE('',*,*,#9490,.T.);
#9490 = EDGE_CURVE('',#9463,#9491,#9493,.T.);
#9491 = VERTEX_POINT('',#9492);
#9492 = CARTESIAN_POINT('',(-10.65948493722,-9.592648852884,
    12.954074723632));
#9493 = SURFACE_CURVE('',#9494,(#9498,#9505),.PCURVE_S1.);
#9494 = LINE('',#9495,#9496);
#9495 = CARTESIAN_POINT('',(-10.65948493722,-8.787970572718,
    15.960552898509));
#9496 = VECTOR('',#9497,1.);
#9497 = DIRECTION('',(5.740912107976E-17,-0.258547696302,-0.965998493134
    ));
#9498 = PCURVE('',#2931,#9499);
#9499 = DEFINITIONAL_REPRESENTATION('',(#9500),#9504);
#9500 = LINE('',#9501,#9502);
#9501 = CARTESIAN_POINT('',(3.704556954894,-1.803517651295));
#9502 = VECTOR('',#9503,1.);
#9503 = DIRECTION('',(-0.965998493134,-0.258547696302));
#9504 = ( GEOMETRIC_REPRESENTATION_CONTEXT(2) 
PARAMETRIC_REPRESENTATION_CONTEXT() REPRESENTATION_CONTEXT('2D SPACE',''
  ) );
#9505 = PCURVE('',#9506,#9511);
#9506 = PLANE('',#9507);
#9507 = AXIS2_PLACEMENT_3D('',#9508,#9509,#9510);
#9508 = CARTESIAN_POINT('',(-5.613463652863,-8.787970572718,
    15.960552898509));
#9509 = DIRECTION('',(2.144947537661E-16,-0.965998493134,0.258547696302)
  );
#9510 = DIRECTION('',(5.740912107976E-17,-0.258547696302,-0.965998493134
    ));
#9511 = DEFINITIONAL_REPRESENTATION('',(#9512),#9516);
#9512 = LINE('',#9513,#9514);
#9513 = CARTESIAN_POINT('',(0.,-5.046021284364));
#9514 = VECTOR('',#9515,1.);
#9515 = DIRECTION('',(1.,0.));
#9516 = ( GEOMETRIC_REPRESENTATION_CONTEXT(2) 
PARAMETRIC_REPRESENTATION_CONTEXT() REPRESENTATION_CONTEXT('2D SPACE',''
  ) );
#9517 = ORIENTED_EDGE('',*,*,#9518,.T.);
#9518 = EDGE_CURVE('',#9491,#9519,#9521,.T.);
#9519 = VERTEX_POINT('',#9520);
#9520 = CARTESIAN_POINT('',(-10.65948493722,-9.599891043983,
    11.585560691663));
#9521 = SURFACE_CURVE('',#9522,(#9527,#9538),.PCURVE_S1.);
#9522 = CIRCLE('',#9523,2.7);
#9523 = AXIS2_PLACEMENT_3D('',#9524,#9525,#9526);
#9524 = CARTESIAN_POINT('',(-10.65948493722,-6.984452921423,
    12.255995943615));
#9525 = DIRECTION('',(1.,2.22044604925E-16,0.));
#9526 = DIRECTION('',(-2.22044604925E-16,1.,0.));
#9527 = PCURVE('',#2931,#9528);
#9528 = DEFINITIONAL_REPRESENTATION('',(#9529),#9537);
#9529 = ( BOUNDED_CURVE() B_SPLINE_CURVE(2,(#9530,#9531,#9532,#9533,
#9534,#9535,#9536),.UNSPECIFIED.,.T.,.F.) B_SPLINE_CURVE_WITH_KNOTS((1,2
    ,2,2,2,1),(-2.094395102393,0.,2.094395102393,4.188790204786,
6.28318530718,8.377580409573),.UNSPECIFIED.) CURVE() 
GEOMETRIC_REPRESENTATION_ITEM() RATIONAL_B_SPLINE_CURVE((1.,0.5,1.,0.5,
1.,0.5,1.)) REPRESENTATION_ITEM('') );
#9530 = CARTESIAN_POINT('',(0.,2.7));
#9531 = CARTESIAN_POINT('',(4.676537180436,2.7));
#9532 = CARTESIAN_POINT('',(2.338268590218,-1.35));
#9533 = CARTESIAN_POINT('',(6.613092715396E-16,-5.4));
#9534 = CARTESIAN_POINT('',(-2.338268590218,-1.35));
#9535 = CARTESIAN_POINT('',(-4.676537180436,2.7));
#9536 = CARTESIAN_POINT('',(0.,2.7));
#9537 = ( GEOMETRIC_REPRESENTATION_CONTEXT(2) 
PARAMETRIC_REPRESENTATION_CONTEXT() REPRESENTATION_CONTEXT('2D SPACE',''
  ) );
#9538 = PCURVE('',#9539,#9544);
#9539 = CYLINDRICAL_SURFACE('',#9540,2.7);
#9540 = AXIS2_PLACEMENT_3D('',#9541,#9542,#9543);
#9541 = CARTESIAN_POINT('',(-5.613463652863,-6.984452921423,
    12.255995943615));
#9542 = DIRECTION('',(-1.,-2.22044604925E-16,0.));
#9543 = DIRECTION('',(0.,0.,1.));
#9544 = DEFINITIONAL_REPRESENTATION('',(#9545),#9549);
#9545 = LINE('',#9546,#9547);
#9546 = CARTESIAN_POINT('',(7.853981633974,5.046021284364));
#9547 = VECTOR('',#9548,1.);
#9548 = DIRECTION('',(-1.,0.));
#9549 = ( GEOMETRIC_REPRESENTATION_CONTEXT(2) 
PARAMETRIC_REPRESENTATION_CONTEXT() REPRESENTATION_CONTEXT('2D SPACE',''
  ) );
#9550 = ORIENTED_EDGE('',*,*,#9551,.T.);
#9551 = EDGE_CURVE('',#9519,#9552,#9554,.T.);
#9552 = VERTEX_POINT('',#9553);
#9553 = CARTESIAN_POINT('',(-10.65948493722,-8.787970572718,
    8.418173912924));
#9554 = SURFACE_CURVE('',#9555,(#9559,#9566),.PCURVE_S1.);
#9555 = LINE('',#9556,#9557);
#9556 = CARTESIAN_POINT('',(-10.65948493722,-9.599891043983,
    11.585560691663));
#9557 = VECTOR('',#9558,1.);
#9558 = DIRECTION('',(-5.513575209167E-17,0.248309352575,-0.968680786133
    ));
#9559 = PCURVE('',#2931,#9560);
#9560 = DEFINITIONAL_REPRESENTATION('',(#9561),#9565);
#9561 = LINE('',#9562,#9563);
#9562 = CARTESIAN_POINT('',(-0.670435251952,-2.61543812256));
#9563 = VECTOR('',#9564,1.);
#9564 = DIRECTION('',(-0.968680786133,0.248309352575));
#9565 = ( GEOMETRIC_REPRESENTATION_CONTEXT(2) 
PARAMETRIC_REPRESENTATION_CONTEXT() REPRESENTATION_CONTEXT('2D SPACE',''
  ) );
#9566 = PCURVE('',#9567,#9572);
#9567 = PLANE('',#9568);
#9568 = AXIS2_PLACEMENT_3D('',#9569,#9570,#9571);
#9569 = CARTESIAN_POINT('',(-5.613463652863,-9.599891043983,
    11.585560691663));
#9570 = DIRECTION('',(2.150903424554E-16,-0.968680786133,-0.248309352575
    ));
#9571 = DIRECTION('',(-5.513575209167E-17,0.248309352575,-0.968680786133
    ));
#9572 = DEFINITIONAL_REPRESENTATION('',(#9573),#9577);
#9573 = LINE('',#9574,#9575);
#9574 = CARTESIAN_POINT('',(-0.,-5.046021284364));
#9575 = VECTOR('',#9576,1.);
#9576 = DIRECTION('',(1.,0.));
#9577 = ( GEOMETRIC_REPRESENTATION_CONTEXT(2) 
PARAMETRIC_REPRESENTATION_CONTEXT() REPRESENTATION_CONTEXT('2D SPACE',''
  ) );
#9578 = ORIENTED_EDGE('',*,*,#9579,.T.);
#9579 = EDGE_CURVE('',#9552,#2888,#9580,.T.);
#9580 = SURFACE_CURVE('',#9581,(#9585,#9592),.PCURVE_S1.);
#9581 = LINE('',#9582,#9583);
#9582 = CARTESIAN_POINT('',(-10.65948493722,-8.787970572718,
    8.418173912924));
#9583 = VECTOR('',#9584,1.);
#9584 = DIRECTION('',(-2.22044604925E-16,1.,0.));
#9585 = PCURVE('',#2931,#9586);
#9586 = DEFINITIONAL_REPRESENTATION('',(#9587),#9591);
#9587 = LINE('',#9588,#9589);
#9588 = CARTESIAN_POINT('',(-3.837822030691,-1.803517651295));
#9589 = VECTOR('',#9590,1.);
#9590 = DIRECTION('',(0.,1.));
#9591 = ( GEOMETRIC_REPRESENTATION_CONTEXT(2) 
PARAMETRIC_REPRESENTATION_CONTEXT() REPRESENTATION_CONTEXT('2D SPACE',''
  ) );
#9592 = PCURVE('',#2903,#9593);
#9593 = DEFINITIONAL_REPRESENTATION('',(#9594),#9598);
#9594 = LINE('',#9595,#9596);
#9595 = CARTESIAN_POINT('',(0.,-5.046021284364));
#9596 = VECTOR('',#9597,1.);
#9597 = DIRECTION('',(1.,0.));
#9598 = ( GEOMETRIC_REPRESENTATION_CONTEXT(2) 
PARAMETRIC_REPRESENTATION_CONTEXT() REPRESENTATION_CONTEXT('2D SPACE',''
  ) );
#9599 = ORIENTED_EDGE('',*,*,#2915,.F.);
#9600 = ORIENTED_EDGE('',*,*,#8875,.F.);
#9601 = ORIENTED_EDGE('',*,*,#9602,.T.);
#9602 = EDGE_CURVE('',#8876,#9603,#9605,.T.);
#9603 = VERTEX_POINT('',#9604);
#9604 = CARTESIAN_POINT('',(-10.65948493722,-9.282466122857,
    7.371495425888));
#9605 = SURFACE_CURVE('',#9606,(#9610,#9617),.PCURVE_S1.);
#9606 = LINE('',#9607,#9608);
#9607 = CARTESIAN_POINT('',(-10.65948493722,-9.282466122857,
    5.959205082588));
#9608 = VECTOR('',#9609,1.);
#9609 = DIRECTION('',(0.,0.,1.));
#9610 = PCURVE('',#2931,#9611);
#9611 = DEFINITIONAL_REPRESENTATION('',(#9612),#9616);
#9612 = LINE('',#9613,#9614);
#9613 = CARTESIAN_POINT('',(-6.296790861027,-2.298013201434));
#9614 = VECTOR('',#9615,1.);
#9615 = DIRECTION('',(1.,0.));
#9616 = ( GEOMETRIC_REPRESENTATION_CONTEXT(2) 
PARAMETRIC_REPRESENTATION_CONTEXT() REPRESENTATION_CONTEXT('2D SPACE',''
  ) );
#9617 = PCURVE('',#8969,#9618);
#9618 = DEFINITIONAL_REPRESENTATION('',(#9619),#9623);
#9619 = LINE('',#9620,#9621);
#9620 = CARTESIAN_POINT('',(0.,-5.046021284364));
#9621 = VECTOR('',#9622,1.);
#9622 = DIRECTION('',(1.,0.));
#9623 = ( GEOMETRIC_REPRESENTATION_CONTEXT(2) 
PARAMETRIC_REPRESENTATION_CONTEXT() REPRESENTATION_CONTEXT('2D SPACE',''
  ) );
#9624 = ORIENTED_EDGE('',*,*,#9625,.T.);
#9625 = EDGE_CURVE('',#9603,#9626,#9628,.T.);
#9626 = VERTEX_POINT('',#9627);
#9627 = CARTESIAN_POINT('',(-10.65948493722,-10.40989041079,
    11.288866089054));
#9628 = SURFACE_CURVE('',#9629,(#9633,#9640),.PCURVE_S1.);
#9629 = LINE('',#9630,#9631);
#9630 = CARTESIAN_POINT('',(-10.65948493722,-9.282466122857,
    7.371495425888));
#9631 = VECTOR('',#9632,1.);
#9632 = DIRECTION('',(6.141195041947E-17,-0.276574837025,0.960992382657)
  );
#9633 = PCURVE('',#2931,#9634);
#9634 = DEFINITIONAL_REPRESENTATION('',(#9635),#9639);
#9635 = LINE('',#9636,#9637);
#9636 = CARTESIAN_POINT('',(-4.884500517728,-2.298013201434));
#9637 = VECTOR('',#9638,1.);
#9638 = DIRECTION('',(0.960992382657,-0.276574837025));
#9639 = ( GEOMETRIC_REPRESENTATION_CONTEXT(2) 
PARAMETRIC_REPRESENTATION_CONTEXT() REPRESENTATION_CONTEXT('2D SPACE',''
  ) );
#9640 = PCURVE('',#9641,#9646);
#9641 = PLANE('',#9642);
#9642 = AXIS2_PLACEMENT_3D('',#9643,#9644,#9645);
#9643 = CARTESIAN_POINT('',(-5.613463652863,-9.282466122857,
    7.371495425888));
#9644 = DIRECTION('',(-2.13383173943E-16,0.960992382657,0.276574837025)
  );
#9645 = DIRECTION('',(6.141195041947E-17,-0.276574837025,0.960992382657)
  );
#9646 = DEFINITIONAL_REPRESENTATION('',(#9647),#9651);
#9647 = LINE('',#9648,#9649);
#9648 = CARTESIAN_POINT('',(0.,-5.046021284364));
#9649 = VECTOR('',#9650,1.);
#9650 = DIRECTION('',(1.,0.));
#9651 = ( GEOMETRIC_REPRESENTATION_CONTEXT(2) 
PARAMETRIC_REPRESENTATION_CONTEXT() REPRESENTATION_CONTEXT('2D SPACE',''
  ) );
#9652 = ORIENTED_EDGE('',*,*,#9653,.T.);
#9653 = EDGE_CURVE('',#9626,#9654,#9656,.T.);
#9654 = VERTEX_POINT('',#9655);
#9655 = CARTESIAN_POINT('',(-10.65948493722,-10.42340690908,
    12.733696929039));
#9656 = SURFACE_CURVE('',#9657,(#9662,#9669),.PCURVE_S1.);
#9657 = CIRCLE('',#9658,2.7);
#9658 = AXIS2_PLACEMENT_3D('',#9659,#9660,#9661);
#9659 = CARTESIAN_POINT('',(-10.65948493722,-7.815210977624,
    12.035618149022));
#9660 = DIRECTION('',(-1.,-2.22044604925E-16,0.));
#9661 = DIRECTION('',(-2.22044604925E-16,1.,0.));
#9662 = PCURVE('',#2931,#9663);
#9663 = DEFINITIONAL_REPRESENTATION('',(#9664),#9668);
#9664 = CIRCLE('',#9665,2.7);
#9665 = AXIS2_PLACEMENT_2D('',#9666,#9667);
#9666 = CARTESIAN_POINT('',(-0.220377794593,-0.830758056201));
#9667 = DIRECTION('',(0.,1.));
#9668 = ( GEOMETRIC_REPRESENTATION_CONTEXT(2) 
PARAMETRIC_REPRESENTATION_CONTEXT() REPRESENTATION_CONTEXT('2D SPACE',''
  ) );
#9669 = PCURVE('',#9670,#9675);
#9670 = CYLINDRICAL_SURFACE('',#9671,2.7);
#9671 = AXIS2_PLACEMENT_3D('',#9672,#9673,#9674);
#9672 = CARTESIAN_POINT('',(-5.613463652863,-7.815210977624,
    12.035618149022));
#9673 = DIRECTION('',(-1.,-2.22044604925E-16,0.));
#9674 = DIRECTION('',(0.,0.,1.));
#9675 = DEFINITIONAL_REPRESENTATION('',(#9676),#9680);
#9676 = LINE('',#9677,#9678);
#9677 = CARTESIAN_POINT('',(1.570796326795,5.046021284364));
#9678 = VECTOR('',#9679,1.);
#9679 = DIRECTION('',(1.,0.));
#9680 = ( GEOMETRIC_REPRESENTATION_CONTEXT(2) 
PARAMETRIC_REPRESENTATION_CONTEXT() REPRESENTATION_CONTEXT('2D SPACE',''
  ) );
#9681 = ORIENTED_EDGE('',*,*,#9682,.T.);
#9682 = EDGE_CURVE('',#9654,#9683,#9685,.T.);
#9683 = VERTEX_POINT('',#9684);
#9684 = CARTESIAN_POINT('',(-10.65948493722,-10.24695758792,
    13.392955475094));
#9685 = SURFACE_CURVE('',#9686,(#9690,#9697),.PCURVE_S1.);
#9686 = LINE('',#9687,#9688);
#9687 = CARTESIAN_POINT('',(-10.65948493722,-10.42340690908,
    12.733696929039));
#9688 = VECTOR('',#9689,1.);
#9689 = DIRECTION('',(-5.740912107976E-17,0.258547696302,0.965998493134)
  );
#9690 = PCURVE('',#2931,#9691);
#9691 = DEFINITIONAL_REPRESENTATION('',(#9692),#9696);
#9692 = LINE('',#9693,#9694);
#9693 = CARTESIAN_POINT('',(0.477700985423,-3.438953987662));
#9694 = VECTOR('',#9695,1.);
#9695 = DIRECTION('',(0.965998493134,0.258547696302));
#9696 = ( GEOMETRIC_REPRESENTATION_CONTEXT(2) 
PARAMETRIC_REPRESENTATION_CONTEXT() REPRESENTATION_CONTEXT('2D SPACE',''
  ) );
#9697 = PCURVE('',#9698,#9703);
#9698 = PLANE('',#9699);
#9699 = AXIS2_PLACEMENT_3D('',#9700,#9701,#9702);
#9700 = CARTESIAN_POINT('',(-5.613463652863,-10.42340690908,
    12.733696929039));
#9701 = DIRECTION('',(-2.144947537661E-16,0.965998493134,-0.258547696302
    ));
#9702 = DIRECTION('',(-5.740912107976E-17,0.258547696302,0.965998493134)
  );
#9703 = DEFINITIONAL_REPRESENTATION('',(#9704),#9708);
#9704 = LINE('',#9705,#9706);
#9705 = CARTESIAN_POINT('',(0.,-5.046021284364));
#9706 = VECTOR('',#9707,1.);
#9707 = DIRECTION('',(1.,0.));
#9708 = ( GEOMETRIC_REPRESENTATION_CONTEXT(2) 
PARAMETRIC_REPRESENTATION_CONTEXT() REPRESENTATION_CONTEXT('2D SPACE',''
  ) );
#9709 = ORIENTED_EDGE('',*,*,#9710,.F.);
#9710 = EDGE_CURVE('',#8987,#9683,#9711,.T.);
#9711 = SURFACE_CURVE('',#9712,(#9716,#9723),.PCURVE_S1.);
#9712 = LINE('',#9713,#9714);
#9713 = CARTESIAN_POINT('',(-10.65948493722,-10.10539282761,
    13.433697994201));
#9714 = VECTOR('',#9715,1.);
#9715 = DIRECTION('',(2.13383173943E-16,-0.960992382657,-0.276574837025)
  );
#9716 = PCURVE('',#2931,#9717);
#9717 = DEFINITIONAL_REPRESENTATION('',(#9718),#9722);
#9718 = LINE('',#9719,#9720);
#9719 = CARTESIAN_POINT('',(1.177702050585,-3.120939906196));
#9720 = VECTOR('',#9721,1.);
#9721 = DIRECTION('',(-0.276574837025,-0.960992382657));
#9722 = ( GEOMETRIC_REPRESENTATION_CONTEXT(2) 
PARAMETRIC_REPRESENTATION_CONTEXT() REPRESENTATION_CONTEXT('2D SPACE',''
  ) );
#9723 = PCURVE('',#9724,#9729);
#9724 = PLANE('',#9725);
#9725 = AXIS2_PLACEMENT_3D('',#9726,#9727,#9728);
#9726 = CARTESIAN_POINT('',(17.716040468236,-10.10539282761,
    13.433697994201));
#9727 = DIRECTION('',(-6.141195041947E-17,0.276574837025,-0.960992382657
    ));
#9728 = DIRECTION('',(-2.13383173943E-16,0.960992382657,0.276574837025)
  );
#9729 = DEFINITIONAL_REPRESENTATION('',(#9730),#9734);
#9730 = LINE('',#9731,#9732);
#9731 = CARTESIAN_POINT('',(0.,-28.37552540546));
#9732 = VECTOR('',#9733,1.);
#9733 = DIRECTION('',(-1.,0.));
#9734 = ( GEOMETRIC_REPRESENTATION_CONTEXT(2) 
PARAMETRIC_REPRESENTATION_CONTEXT() REPRESENTATION_CONTEXT('2D SPACE',''
  ) );
#9735 = ADVANCED_FACE('',(#9736),#2903,.F.);
#9736 = FACE_BOUND('',#9737,.T.);
#9737 = EDGE_LOOP('',(#9738,#9739,#9762,#9783));
#9738 = ORIENTED_EDGE('',*,*,#9579,.F.);
#9739 = ORIENTED_EDGE('',*,*,#9740,.F.);
#9740 = EDGE_CURVE('',#9741,#9552,#9743,.T.);
#9741 = VERTEX_POINT('',#9742);
#9742 = CARTESIAN_POINT('',(-7.770287679233,-8.787970572718,
    8.418173912924));
#9743 = SURFACE_CURVE('',#9744,(#9748,#9755),.PCURVE_S1.);
#9744 = LINE('',#9745,#9746);
#9745 = CARTESIAN_POINT('',(-5.613463652863,-8.787970572718,
    8.418173912924));
#9746 = VECTOR('',#9747,1.);
#9747 = DIRECTION('',(-1.,-2.22044604925E-16,0.));
#9748 = PCURVE('',#2903,#9749);
#9749 = DEFINITIONAL_REPRESENTATION('',(#9750),#9754);
#9750 = LINE('',#9751,#9752);
#9751 = CARTESIAN_POINT('',(0.,0.));
#9752 = VECTOR('',#9753,1.);
#9753 = DIRECTION('',(0.,-1.));
#9754 = ( GEOMETRIC_REPRESENTATION_CONTEXT(2) 
PARAMETRIC_REPRESENTATION_CONTEXT() REPRESENTATION_CONTEXT('2D SPACE',''
  ) );
#9755 = PCURVE('',#9567,#9756);
#9756 = DEFINITIONAL_REPRESENTATION('',(#9757),#9761);
#9757 = LINE('',#9758,#9759);
#9758 = CARTESIAN_POINT('',(3.269794161379,0.));
#9759 = VECTOR('',#9760,1.);
#9760 = DIRECTION('',(-0.,-1.));
#9761 = ( GEOMETRIC_REPRESENTATION_CONTEXT(2) 
PARAMETRIC_REPRESENTATION_CONTEXT() REPRESENTATION_CONTEXT('2D SPACE',''
  ) );
#9762 = ORIENTED_EDGE('',*,*,#9763,.T.);
#9763 = EDGE_CURVE('',#9741,#2860,#9764,.T.);
#9764 = SURFACE_CURVE('',#9765,(#9769,#9776),.PCURVE_S1.);
#9765 = LINE('',#9766,#9767);
#9766 = CARTESIAN_POINT('',(-7.770287679233,-8.787970572718,
    8.418173912924));
#9767 = VECTOR('',#9768,1.);
#9768 = DIRECTION('',(-2.22044604925E-16,1.,0.));
#9769 = PCURVE('',#2903,#9770);
#9770 = DEFINITIONAL_REPRESENTATION('',(#9771),#9775);
#9771 = LINE('',#9772,#9773);
#9772 = CARTESIAN_POINT('',(0.,-2.156824026369));
#9773 = VECTOR('',#9774,1.);
#9774 = DIRECTION('',(1.,0.));
#9775 = ( GEOMETRIC_REPRESENTATION_CONTEXT(2) 
PARAMETRIC_REPRESENTATION_CONTEXT() REPRESENTATION_CONTEXT('2D SPACE',''
  ) );
#9776 = PCURVE('',#2875,#9777);
#9777 = DEFINITIONAL_REPRESENTATION('',(#9778),#9782);
#9778 = LINE('',#9779,#9780);
#9779 = CARTESIAN_POINT('',(-3.837822030691,-1.803517651295));
#9780 = VECTOR('',#9781,1.);
#9781 = DIRECTION('',(0.,1.));
#9782 = ( GEOMETRIC_REPRESENTATION_CONTEXT(2) 
PARAMETRIC_REPRESENTATION_CONTEXT() REPRESENTATION_CONTEXT('2D SPACE',''
  ) );
#9783 = ORIENTED_EDGE('',*,*,#2887,.T.);
#9784 = ADVANCED_FACE('',(#9785),#2875,.F.);
#9785 = FACE_BOUND('',#9786,.T.);
#9786 = EDGE_LOOP('',(#9787,#9812,#9835,#9858,#9881,#9905,#9928,#9949,
    #9950,#9971,#9972,#9973,#9974,#9975,#9998,#10026,#10049,#10072,
    #10095,#10118,#10141,#10164,#10187,#10210,#10233,#10256,#10279,
    #10302,#10325,#10348,#10371,#10394));
#9787 = ORIENTED_EDGE('',*,*,#9788,.F.);
#9788 = EDGE_CURVE('',#9789,#9791,#9793,.T.);
#9789 = VERTEX_POINT('',#9790);
#9790 = CARTESIAN_POINT('',(-7.770287679233,-10.18448748425,
    13.6263593185));
#9791 = VERTEX_POINT('',#9792);
#9792 = CARTESIAN_POINT('',(-7.770287679233,-10.14151937652,
    13.786898854958));
#9793 = SURFACE_CURVE('',#9794,(#9798,#9805),.PCURVE_S1.);
#9794 = LINE('',#9795,#9796);
#9795 = CARTESIAN_POINT('',(-7.770287679233,-10.42340690908,
    12.733696929039));
#9796 = VECTOR('',#9797,1.);
#9797 = DIRECTION('',(-5.740912107976E-17,0.258547696302,0.965998493134)
  );
#9798 = PCURVE('',#2875,#9799);
#9799 = DEFINITIONAL_REPRESENTATION('',(#9800),#9804);
#9800 = LINE('',#9801,#9802);
#9801 = CARTESIAN_POINT('',(0.477700985423,-3.438953987662));
#9802 = VECTOR('',#9803,1.);
#9803 = DIRECTION('',(0.965998493134,0.258547696302));
#9804 = ( GEOMETRIC_REPRESENTATION_CONTEXT(2) 
PARAMETRIC_REPRESENTATION_CONTEXT() REPRESENTATION_CONTEXT('2D SPACE',''
  ) );
#9805 = PCURVE('',#9030,#9806);
#9806 = DEFINITIONAL_REPRESENTATION('',(#9807),#9811);
#9807 = LINE('',#9808,#9809);
#9808 = CARTESIAN_POINT('',(0.,-2.156824026369));
#9809 = VECTOR('',#9810,1.);
#9810 = DIRECTION('',(1.,0.));
#9811 = ( GEOMETRIC_REPRESENTATION_CONTEXT(2) 
PARAMETRIC_REPRESENTATION_CONTEXT() REPRESENTATION_CONTEXT('2D SPACE',''
  ) );
#9812 = ORIENTED_EDGE('',*,*,#9813,.T.);
#9813 = EDGE_CURVE('',#9789,#9814,#9816,.T.);
#9814 = VERTEX_POINT('',#9815);
#9815 = CARTESIAN_POINT('',(-7.770287679233,-10.10539282761,
    13.433697994201));
#9816 = SURFACE_CURVE('',#9817,(#9821,#9828),.PCURVE_S1.);
#9817 = LINE('',#9818,#9819);
#9818 = CARTESIAN_POINT('',(-7.770287679233,-8.629052169895,
    9.837579642477));
#9819 = VECTOR('',#9820,1.);
#9820 = DIRECTION('',(-8.432782086103E-17,0.379778742607,-0.925077351719
    ));
#9821 = PCURVE('',#2875,#9822);
#9822 = DEFINITIONAL_REPRESENTATION('',(#9823),#9827);
#9823 = LINE('',#9824,#9825);
#9824 = CARTESIAN_POINT('',(-2.418416301138,-1.644599248472));
#9825 = VECTOR('',#9826,1.);
#9826 = DIRECTION('',(-0.925077351719,0.379778742607));
#9827 = ( GEOMETRIC_REPRESENTATION_CONTEXT(2) 
PARAMETRIC_REPRESENTATION_CONTEXT() REPRESENTATION_CONTEXT('2D SPACE',''
  ) );
#9828 = PCURVE('',#9002,#9829);
#9829 = DEFINITIONAL_REPRESENTATION('',(#9830),#9834);
#9830 = LINE('',#9831,#9832);
#9831 = CARTESIAN_POINT('',(-4.215959032985,-25.48632814746));
#9832 = VECTOR('',#9833,1.);
#9833 = DIRECTION('',(-1.,0.));
#9834 = ( GEOMETRIC_REPRESENTATION_CONTEXT(2) 
PARAMETRIC_REPRESENTATION_CONTEXT() REPRESENTATION_CONTEXT('2D SPACE',''
  ) );
#9835 = ORIENTED_EDGE('',*,*,#9836,.T.);
#9836 = EDGE_CURVE('',#9814,#9837,#9839,.T.);
#9837 = VERTEX_POINT('',#9838);
#9838 = CARTESIAN_POINT('',(-7.770287679233,-10.24695758792,
    13.392955475094));
#9839 = SURFACE_CURVE('',#9840,(#9844,#9851),.PCURVE_S1.);
#9840 = LINE('',#9841,#9842);
#9841 = CARTESIAN_POINT('',(-7.770287679233,-8.628378053685,
    13.858784735529));
#9842 = VECTOR('',#9843,1.);
#9843 = DIRECTION('',(2.13383173943E-16,-0.960992382657,-0.276574837025)
  );
#9844 = PCURVE('',#2875,#9845);
#9845 = DEFINITIONAL_REPRESENTATION('',(#9846),#9850);
#9846 = LINE('',#9847,#9848);
#9847 = CARTESIAN_POINT('',(1.602788791914,-1.643925132262));
#9848 = VECTOR('',#9849,1.);
#9849 = DIRECTION('',(-0.276574837025,-0.960992382657));
#9850 = ( GEOMETRIC_REPRESENTATION_CONTEXT(2) 
PARAMETRIC_REPRESENTATION_CONTEXT() REPRESENTATION_CONTEXT('2D SPACE',''
  ) );
#9851 = PCURVE('',#9724,#9852);
#9852 = DEFINITIONAL_REPRESENTATION('',(#9853),#9857);
#9853 = LINE('',#9854,#9855);
#9854 = CARTESIAN_POINT('',(1.536968243027,-25.48632814746));
#9855 = VECTOR('',#9856,1.);
#9856 = DIRECTION('',(-1.,0.));
#9857 = ( GEOMETRIC_REPRESENTATION_CONTEXT(2) 
PARAMETRIC_REPRESENTATION_CONTEXT() REPRESENTATION_CONTEXT('2D SPACE',''
  ) );
#9858 = ORIENTED_EDGE('',*,*,#9859,.F.);
#9859 = EDGE_CURVE('',#9860,#9837,#9862,.T.);
#9860 = VERTEX_POINT('',#9861);
#9861 = CARTESIAN_POINT('',(-7.770287679233,-10.42340690908,
    12.733696929039));
#9862 = SURFACE_CURVE('',#9863,(#9867,#9874),.PCURVE_S1.);
#9863 = LINE('',#9864,#9865);
#9864 = CARTESIAN_POINT('',(-7.770287679233,-10.42340690908,
    12.733696929039));
#9865 = VECTOR('',#9866,1.);
#9866 = DIRECTION('',(-5.740912107976E-17,0.258547696302,0.965998493134)
  );
#9867 = PCURVE('',#2875,#9868);
#9868 = DEFINITIONAL_REPRESENTATION('',(#9869),#9873);
#9869 = LINE('',#9870,#9871);
#9870 = CARTESIAN_POINT('',(0.477700985423,-3.438953987662));
#9871 = VECTOR('',#9872,1.);
#9872 = DIRECTION('',(0.965998493134,0.258547696302));
#9873 = ( GEOMETRIC_REPRESENTATION_CONTEXT(2) 
PARAMETRIC_REPRESENTATION_CONTEXT() REPRESENTATION_CONTEXT('2D SPACE',''
  ) );
#9874 = PCURVE('',#9698,#9875);
#9875 = DEFINITIONAL_REPRESENTATION('',(#9876),#9880);
#9876 = LINE('',#9877,#9878);
#9877 = CARTESIAN_POINT('',(0.,-2.156824026369));
#9878 = VECTOR('',#9879,1.);
#9879 = DIRECTION('',(1.,0.));
#9880 = ( GEOMETRIC_REPRESENTATION_CONTEXT(2) 
PARAMETRIC_REPRESENTATION_CONTEXT() REPRESENTATION_CONTEXT('2D SPACE',''
  ) );
#9881 = ORIENTED_EDGE('',*,*,#9882,.F.);
#9882 = EDGE_CURVE('',#9883,#9860,#9885,.T.);
#9883 = VERTEX_POINT('',#9884);
#9884 = CARTESIAN_POINT('',(-7.770287679233,-10.40989041079,
    11.288866089054));
#9885 = SURFACE_CURVE('',#9886,(#9891,#9898),.PCURVE_S1.);
#9886 = CIRCLE('',#9887,2.7);
#9887 = AXIS2_PLACEMENT_3D('',#9888,#9889,#9890);
#9888 = CARTESIAN_POINT('',(-7.770287679233,-7.815210977624,
    12.035618149022));
#9889 = DIRECTION('',(-1.,-2.22044604925E-16,0.));
#9890 = DIRECTION('',(-2.22044604925E-16,1.,0.));
#9891 = PCURVE('',#2875,#9892);
#9892 = DEFINITIONAL_REPRESENTATION('',(#9893),#9897);
#9893 = CIRCLE('',#9894,2.7);
#9894 = AXIS2_PLACEMENT_2D('',#9895,#9896);
#9895 = CARTESIAN_POINT('',(-0.220377794593,-0.830758056201));
#9896 = DIRECTION('',(0.,1.));
#9897 = ( GEOMETRIC_REPRESENTATION_CONTEXT(2) 
PARAMETRIC_REPRESENTATION_CONTEXT() REPRESENTATION_CONTEXT('2D SPACE',''
  ) );
#9898 = PCURVE('',#9670,#9899);
#9899 = DEFINITIONAL_REPRESENTATION('',(#9900),#9904);
#9900 = LINE('',#9901,#9902);
#9901 = CARTESIAN_POINT('',(1.570796326795,2.156824026369));
#9902 = VECTOR('',#9903,1.);
#9903 = DIRECTION('',(1.,0.));
#9904 = ( GEOMETRIC_REPRESENTATION_CONTEXT(2) 
PARAMETRIC_REPRESENTATION_CONTEXT() REPRESENTATION_CONTEXT('2D SPACE',''
  ) );
#9905 = ORIENTED_EDGE('',*,*,#9906,.F.);
#9906 = EDGE_CURVE('',#9907,#9883,#9909,.T.);
#9907 = VERTEX_POINT('',#9908);
#9908 = CARTESIAN_POINT('',(-7.770287679233,-9.282466122857,
    7.371495425888));
#9909 = SURFACE_CURVE('',#9910,(#9914,#9921),.PCURVE_S1.);
#9910 = LINE('',#9911,#9912);
#9911 = CARTESIAN_POINT('',(-7.770287679233,-9.282466122857,
    7.371495425888));
#9912 = VECTOR('',#9913,1.);
#9913 = DIRECTION('',(6.141195041947E-17,-0.276574837025,0.960992382657)
  );
#9914 = PCURVE('',#2875,#9915);
#9915 = DEFINITIONAL_REPRESENTATION('',(#9916),#9920);
#9916 = LINE('',#9917,#9918);
#9917 = CARTESIAN_POINT('',(-4.884500517728,-2.298013201434));
#9918 = VECTOR('',#9919,1.);
#9919 = DIRECTION('',(0.960992382657,-0.276574837025));
#9920 = ( GEOMETRIC_REPRESENTATION_CONTEXT(2) 
PARAMETRIC_REPRESENTATION_CONTEXT() REPRESENTATION_CONTEXT('2D SPACE',''
  ) );
#9921 = PCURVE('',#9641,#9922);
#9922 = DEFINITIONAL_REPRESENTATION('',(#9923),#9927);
#9923 = LINE('',#9924,#9925);
#9924 = CARTESIAN_POINT('',(0.,-2.156824026369));
#9925 = VECTOR('',#9926,1.);
#9926 = DIRECTION('',(1.,0.));
#9927 = ( GEOMETRIC_REPRESENTATION_CONTEXT(2) 
PARAMETRIC_REPRESENTATION_CONTEXT() REPRESENTATION_CONTEXT('2D SPACE',''
  ) );
#9928 = ORIENTED_EDGE('',*,*,#9929,.F.);
#9929 = EDGE_CURVE('',#8928,#9907,#9930,.T.);
#9930 = SURFACE_CURVE('',#9931,(#9935,#9942),.PCURVE_S1.);
#9931 = LINE('',#9932,#9933);
#9932 = CARTESIAN_POINT('',(-7.770287679233,-9.282466122857,
    5.959205082588));
#9933 = VECTOR('',#9934,1.);
#9934 = DIRECTION('',(0.,0.,1.));
#9935 = PCURVE('',#2875,#9936);
#9936 = DEFINITIONAL_REPRESENTATION('',(#9937),#9941);
#9937 = LINE('',#9938,#9939);
#9938 = CARTESIAN_POINT('',(-6.296790861027,-2.298013201434));
#9939 = VECTOR('',#9940,1.);
#9940 = DIRECTION('',(1.,0.));
#9941 = ( GEOMETRIC_REPRESENTATION_CONTEXT(2) 
PARAMETRIC_REPRESENTATION_CONTEXT() REPRESENTATION_CONTEXT('2D SPACE',''
  ) );
#9942 = PCURVE('',#8969,#9943);
#9943 = DEFINITIONAL_REPRESENTATION('',(#9944),#9948);
#9944 = LINE('',#9945,#9946);
#9945 = CARTESIAN_POINT('',(0.,-2.156824026369));
#9946 = VECTOR('',#9947,1.);
#9947 = DIRECTION('',(1.,0.));
#9948 = ( GEOMETRIC_REPRESENTATION_CONTEXT(2) 
PARAMETRIC_REPRESENTATION_CONTEXT() REPRESENTATION_CONTEXT('2D SPACE',''
  ) );
#9949 = ORIENTED_EDGE('',*,*,#8927,.T.);
#9950 = ORIENTED_EDGE('',*,*,#9951,.T.);
#9951 = EDGE_CURVE('',#8905,#3021,#9952,.T.);
#9952 = SURFACE_CURVE('',#9953,(#9957,#9964),.PCURVE_S1.);
#9953 = LINE('',#9954,#9955);
#9954 = CARTESIAN_POINT('',(-7.770287679233,-29.56570086721,
    6.029325323827));
#9955 = VECTOR('',#9956,1.);
#9956 = DIRECTION('',(-2.22044604925E-16,1.,0.));
#9957 = PCURVE('',#2875,#9958);
#9958 = DEFINITIONAL_REPRESENTATION('',(#9959),#9963);
#9959 = LINE('',#9960,#9961);
#9960 = CARTESIAN_POINT('',(-6.226670619789,-22.58124794578));
#9961 = VECTOR('',#9962,1.);
#9962 = DIRECTION('',(0.,1.));
#9963 = ( GEOMETRIC_REPRESENTATION_CONTEXT(2) 
PARAMETRIC_REPRESENTATION_CONTEXT() REPRESENTATION_CONTEXT('2D SPACE',''
  ) );
#9964 = PCURVE('',#3036,#9965);
#9965 = DEFINITIONAL_REPRESENTATION('',(#9966),#9970);
#9966 = LINE('',#9967,#9968);
#9967 = CARTESIAN_POINT('',(0.,-2.156824026369));
#9968 = VECTOR('',#9969,1.);
#9969 = DIRECTION('',(-1.,0.));
#9970 = ( GEOMETRIC_REPRESENTATION_CONTEXT(2) 
PARAMETRIC_REPRESENTATION_CONTEXT() REPRESENTATION_CONTEXT('2D SPACE',''
  ) );
#9971 = ORIENTED_EDGE('',*,*,#3048,.T.);
#9972 = ORIENTED_EDGE('',*,*,#3327,.T.);
#9973 = ORIENTED_EDGE('',*,*,#2859,.T.);
#9974 = ORIENTED_EDGE('',*,*,#9763,.F.);
#9975 = ORIENTED_EDGE('',*,*,#9976,.F.);
#9976 = EDGE_CURVE('',#9977,#9741,#9979,.T.);
#9977 = VERTEX_POINT('',#9978);
#9978 = CARTESIAN_POINT('',(-7.770287679233,-9.599891043983,
    11.585560691663));
#9979 = SURFACE_CURVE('',#9980,(#9984,#9991),.PCURVE_S1.);
#9980 = LINE('',#9981,#9982);
#9981 = CARTESIAN_POINT('',(-7.770287679233,-9.599891043983,
    11.585560691663));
#9982 = VECTOR('',#9983,1.);
#9983 = DIRECTION('',(-5.513575209167E-17,0.248309352575,-0.968680786133
    ));
#9984 = PCURVE('',#2875,#9985);
#9985 = DEFINITIONAL_REPRESENTATION('',(#9986),#9990);
#9986 = LINE('',#9987,#9988);
#9987 = CARTESIAN_POINT('',(-0.670435251952,-2.61543812256));
#9988 = VECTOR('',#9989,1.);
#9989 = DIRECTION('',(-0.968680786133,0.248309352575));
#9990 = ( GEOMETRIC_REPRESENTATION_CONTEXT(2) 
PARAMETRIC_REPRESENTATION_CONTEXT() REPRESENTATION_CONTEXT('2D SPACE',''
  ) );
#9991 = PCURVE('',#9567,#9992);
#9992 = DEFINITIONAL_REPRESENTATION('',(#9993),#9997);
#9993 = LINE('',#9994,#9995);
#9994 = CARTESIAN_POINT('',(-0.,-2.156824026369));
#9995 = VECTOR('',#9996,1.);
#9996 = DIRECTION('',(1.,0.));
#9997 = ( GEOMETRIC_REPRESENTATION_CONTEXT(2) 
PARAMETRIC_REPRESENTATION_CONTEXT() REPRESENTATION_CONTEXT('2D SPACE',''
  ) );
#9998 = ORIENTED_EDGE('',*,*,#9999,.F.);
#9999 = EDGE_CURVE('',#10000,#9977,#10002,.T.);
#10000 = VERTEX_POINT('',#10001);
#10001 = CARTESIAN_POINT('',(-7.770287679233,-9.592648852884,
    12.954074723632));
#10002 = SURFACE_CURVE('',#10003,(#10008,#10019),.PCURVE_S1.);
#10003 = CIRCLE('',#10004,2.7);
#10004 = AXIS2_PLACEMENT_3D('',#10005,#10006,#10007);
#10005 = CARTESIAN_POINT('',(-7.770287679233,-6.984452921423,
    12.255995943615));
#10006 = DIRECTION('',(1.,2.22044604925E-16,0.));
#10007 = DIRECTION('',(-2.22044604925E-16,1.,0.));
#10008 = PCURVE('',#2875,#10009);
#10009 = DEFINITIONAL_REPRESENTATION('',(#10010),#10018);
#10010 = ( BOUNDED_CURVE() B_SPLINE_CURVE(2,(#10011,#10012,#10013,#10014
    ,#10015,#10016,#10017),.UNSPECIFIED.,.T.,.F.) 
B_SPLINE_CURVE_WITH_KNOTS((1,2,2,2,2,1),(-2.094395102393,0.,
    2.094395102393,4.188790204786,6.28318530718,8.377580409573),
.UNSPECIFIED.) CURVE() GEOMETRIC_REPRESENTATION_ITEM() 
RATIONAL_B_SPLINE_CURVE((1.,0.5,1.,0.5,1.,0.5,1.)) REPRESENTATION_ITEM(
  '') );
#10011 = CARTESIAN_POINT('',(0.,2.7));
#10012 = CARTESIAN_POINT('',(4.676537180436,2.7));
#10013 = CARTESIAN_POINT('',(2.338268590218,-1.35));
#10014 = CARTESIAN_POINT('',(6.613092715396E-16,-5.4));
#10015 = CARTESIAN_POINT('',(-2.338268590218,-1.35));
#10016 = CARTESIAN_POINT('',(-4.676537180436,2.7));
#10017 = CARTESIAN_POINT('',(0.,2.7));
#10018 = ( GEOMETRIC_REPRESENTATION_CONTEXT(2) 
PARAMETRIC_REPRESENTATION_CONTEXT() REPRESENTATION_CONTEXT('2D SPACE',''
  ) );
#10019 = PCURVE('',#9539,#10020);
#10020 = DEFINITIONAL_REPRESENTATION('',(#10021),#10025);
#10021 = LINE('',#10022,#10023);
#10022 = CARTESIAN_POINT('',(7.853981633974,2.156824026369));
#10023 = VECTOR('',#10024,1.);
#10024 = DIRECTION('',(-1.,0.));
#10025 = ( GEOMETRIC_REPRESENTATION_CONTEXT(2) 
PARAMETRIC_REPRESENTATION_CONTEXT() REPRESENTATION_CONTEXT('2D SPACE',''
  ) );
#10026 = ORIENTED_EDGE('',*,*,#10027,.F.);
#10027 = EDGE_CURVE('',#10028,#10000,#10030,.T.);
#10028 = VERTEX_POINT('',#10029);
#10029 = CARTESIAN_POINT('',(-7.770287679233,-8.787970572718,
    15.960552898509));
#10030 = SURFACE_CURVE('',#10031,(#10035,#10042),.PCURVE_S1.);
#10031 = LINE('',#10032,#10033);
#10032 = CARTESIAN_POINT('',(-7.770287679233,-8.787970572718,
    15.960552898509));
#10033 = VECTOR('',#10034,1.);
#10034 = DIRECTION('',(5.740912107976E-17,-0.258547696302,
    -0.965998493134));
#10035 = PCURVE('',#2875,#10036);
#10036 = DEFINITIONAL_REPRESENTATION('',(#10037),#10041);
#10037 = LINE('',#10038,#10039);
#10038 = CARTESIAN_POINT('',(3.704556954894,-1.803517651295));
#10039 = VECTOR('',#10040,1.);
#10040 = DIRECTION('',(-0.965998493134,-0.258547696302));
#10041 = ( GEOMETRIC_REPRESENTATION_CONTEXT(2) 
PARAMETRIC_REPRESENTATION_CONTEXT() REPRESENTATION_CONTEXT('2D SPACE',''
  ) );
#10042 = PCURVE('',#9506,#10043);
#10043 = DEFINITIONAL_REPRESENTATION('',(#10044),#10048);
#10044 = LINE('',#10045,#10046);
#10045 = CARTESIAN_POINT('',(0.,-2.156824026369));
#10046 = VECTOR('',#10047,1.);
#10047 = DIRECTION('',(1.,0.));
#10048 = ( GEOMETRIC_REPRESENTATION_CONTEXT(2) 
PARAMETRIC_REPRESENTATION_CONTEXT() REPRESENTATION_CONTEXT('2D SPACE',''
  ) );
#10049 = ORIENTED_EDGE('',*,*,#10050,.F.);
#10050 = EDGE_CURVE('',#10051,#10028,#10053,.T.);
#10051 = VERTEX_POINT('',#10052);
#10052 = CARTESIAN_POINT('',(-7.770287679233,-9.559744922926,
    15.960552898509));
#10053 = SURFACE_CURVE('',#10054,(#10058,#10065),.PCURVE_S1.);
#10054 = LINE('',#10055,#10056);
#10055 = CARTESIAN_POINT('',(-7.770287679233,-9.559744922926,
    15.960552898509));
#10056 = VECTOR('',#10057,1.);
#10057 = DIRECTION('',(-2.22044604925E-16,1.,-5.619270307147E-16));
#10058 = PCURVE('',#2875,#10059);
#10059 = DEFINITIONAL_REPRESENTATION('',(#10060),#10064);
#10060 = LINE('',#10061,#10062);
#10061 = CARTESIAN_POINT('',(3.704556954894,-2.575292001503));
#10062 = VECTOR('',#10063,1.);
#10063 = DIRECTION('',(-5.619270307147E-16,1.));
#10064 = ( GEOMETRIC_REPRESENTATION_CONTEXT(2) 
PARAMETRIC_REPRESENTATION_CONTEXT() REPRESENTATION_CONTEXT('2D SPACE',''
  ) );
#10065 = PCURVE('',#9478,#10066);
#10066 = DEFINITIONAL_REPRESENTATION('',(#10067),#10071);
#10067 = LINE('',#10068,#10069);
#10068 = CARTESIAN_POINT('',(-0.,-2.156824026369));
#10069 = VECTOR('',#10070,1.);
#10070 = DIRECTION('',(1.,0.));
#10071 = ( GEOMETRIC_REPRESENTATION_CONTEXT(2) 
PARAMETRIC_REPRESENTATION_CONTEXT() REPRESENTATION_CONTEXT('2D SPACE',''
  ) );
#10072 = ORIENTED_EDGE('',*,*,#10073,.F.);
#10073 = EDGE_CURVE('',#10074,#10051,#10076,.T.);
#10074 = VERTEX_POINT('',#10075);
#10075 = CARTESIAN_POINT('',(-7.770287679233,-9.621204823817,
    15.730923423953));
#10076 = SURFACE_CURVE('',#10077,(#10081,#10088),.PCURVE_S1.);
#10077 = LINE('',#10078,#10079);
#10078 = CARTESIAN_POINT('',(-7.770287679233,-10.42340690908,
    12.733696929039));
#10079 = VECTOR('',#10080,1.);
#10080 = DIRECTION('',(-5.740912107976E-17,0.258547696302,0.965998493134
    ));
#10081 = PCURVE('',#2875,#10082);
#10082 = DEFINITIONAL_REPRESENTATION('',(#10083),#10087);
#10083 = LINE('',#10084,#10085);
#10084 = CARTESIAN_POINT('',(0.477700985423,-3.438953987662));
#10085 = VECTOR('',#10086,1.);
#10086 = DIRECTION('',(0.965998493134,0.258547696302));
#10087 = ( GEOMETRIC_REPRESENTATION_CONTEXT(2) 
PARAMETRIC_REPRESENTATION_CONTEXT() REPRESENTATION_CONTEXT('2D SPACE',''
  ) );
#10088 = PCURVE('',#9450,#10089);
#10089 = DEFINITIONAL_REPRESENTATION('',(#10090),#10094);
#10090 = LINE('',#10091,#10092);
#10091 = CARTESIAN_POINT('',(0.,-2.156824026369));
#10092 = VECTOR('',#10093,1.);
#10093 = DIRECTION('',(1.,0.));
#10094 = ( GEOMETRIC_REPRESENTATION_CONTEXT(2) 
PARAMETRIC_REPRESENTATION_CONTEXT() REPRESENTATION_CONTEXT('2D SPACE',''
  ) );
#10095 = ORIENTED_EDGE('',*,*,#10096,.T.);
#10096 = EDGE_CURVE('',#10074,#10097,#10099,.T.);
#10097 = VERTEX_POINT('',#10098);
#10098 = CARTESIAN_POINT('',(-7.770287679233,-9.496413861113,
    15.426953558486));
#10099 = SURFACE_CURVE('',#10100,(#10104,#10111),.PCURVE_S1.);
#10100 = LINE('',#10101,#10102);
#10101 = CARTESIAN_POINT('',(-7.770287679233,-8.020073203389,
    11.830835206762));
#10102 = VECTOR('',#10103,1.);
#10103 = DIRECTION('',(-8.432782086103E-17,0.379778742607,
    -0.925077351719));
#10104 = PCURVE('',#2875,#10105);
#10105 = DEFINITIONAL_REPRESENTATION('',(#10106),#10110);
#10106 = LINE('',#10107,#10108);
#10107 = CARTESIAN_POINT('',(-0.425160736853,-1.035620281966));
#10108 = VECTOR('',#10109,1.);
#10109 = DIRECTION('',(-0.925077351719,0.379778742607));
#10110 = ( GEOMETRIC_REPRESENTATION_CONTEXT(2) 
PARAMETRIC_REPRESENTATION_CONTEXT() REPRESENTATION_CONTEXT('2D SPACE',''
  ) );
#10111 = PCURVE('',#9422,#10112);
#10112 = DEFINITIONAL_REPRESENTATION('',(#10113),#10117);
#10113 = LINE('',#10114,#10115);
#10114 = CARTESIAN_POINT('',(-4.215959032985,-25.48632814746));
#10115 = VECTOR('',#10116,1.);
#10116 = DIRECTION('',(-1.,0.));
#10117 = ( GEOMETRIC_REPRESENTATION_CONTEXT(2) 
PARAMETRIC_REPRESENTATION_CONTEXT() REPRESENTATION_CONTEXT('2D SPACE',''
  ) );
#10118 = ORIENTED_EDGE('',*,*,#10119,.T.);
#10119 = EDGE_CURVE('',#10097,#10120,#10122,.T.);
#10120 = VERTEX_POINT('',#10121);
#10121 = CARTESIAN_POINT('',(-7.770287679233,-9.719766530898,
    15.36267237441));
#10122 = SURFACE_CURVE('',#10123,(#10127,#10134),.PCURVE_S1.);
#10123 = LINE('',#10124,#10125);
#10124 = CARTESIAN_POINT('',(-7.770287679233,-8.019399087178,
    15.852040299814));
#10125 = VECTOR('',#10126,1.);
#10126 = DIRECTION('',(2.13383173943E-16,-0.960992382657,-0.276574837025
    ));
#10127 = PCURVE('',#2875,#10128);
#10128 = DEFINITIONAL_REPRESENTATION('',(#10129),#10133);
#10129 = LINE('',#10130,#10131);
#10130 = CARTESIAN_POINT('',(3.596044356199,-1.034946165756));
#10131 = VECTOR('',#10132,1.);
#10132 = DIRECTION('',(-0.276574837025,-0.960992382657));
#10133 = ( GEOMETRIC_REPRESENTATION_CONTEXT(2) 
PARAMETRIC_REPRESENTATION_CONTEXT() REPRESENTATION_CONTEXT('2D SPACE',''
  ) );
#10134 = PCURVE('',#9394,#10135);
#10135 = DEFINITIONAL_REPRESENTATION('',(#10136),#10140);
#10136 = LINE('',#10137,#10138);
#10137 = CARTESIAN_POINT('',(1.536968243027,-25.48632814746));
#10138 = VECTOR('',#10139,1.);
#10139 = DIRECTION('',(-1.,0.));
#10140 = ( GEOMETRIC_REPRESENTATION_CONTEXT(2) 
PARAMETRIC_REPRESENTATION_CONTEXT() REPRESENTATION_CONTEXT('2D SPACE',''
  ) );
#10141 = ORIENTED_EDGE('',*,*,#10142,.F.);
#10142 = EDGE_CURVE('',#10143,#10120,#10145,.T.);
#10143 = VERTEX_POINT('',#10144);
#10144 = CARTESIAN_POINT('',(-7.770287679233,-9.733861355904,
    15.310010602862));
#10145 = SURFACE_CURVE('',#10146,(#10150,#10157),.PCURVE_S1.);
#10146 = LINE('',#10147,#10148);
#10147 = CARTESIAN_POINT('',(-7.770287679233,-10.42340690908,
    12.733696929039));
#10148 = VECTOR('',#10149,1.);
#10149 = DIRECTION('',(-5.740912107976E-17,0.258547696302,0.965998493134
    ));
#10150 = PCURVE('',#2875,#10151);
#10151 = DEFINITIONAL_REPRESENTATION('',(#10152),#10156);
#10152 = LINE('',#10153,#10154);
#10153 = CARTESIAN_POINT('',(0.477700985423,-3.438953987662));
#10154 = VECTOR('',#10155,1.);
#10155 = DIRECTION('',(0.965998493134,0.258547696302));
#10156 = ( GEOMETRIC_REPRESENTATION_CONTEXT(2) 
PARAMETRIC_REPRESENTATION_CONTEXT() REPRESENTATION_CONTEXT('2D SPACE',''
  ) );
#10157 = PCURVE('',#9366,#10158);
#10158 = DEFINITIONAL_REPRESENTATION('',(#10159),#10163);
#10159 = LINE('',#10160,#10161);
#10160 = CARTESIAN_POINT('',(0.,-2.156824026369));
#10161 = VECTOR('',#10162,1.);
#10162 = DIRECTION('',(1.,0.));
#10163 = ( GEOMETRIC_REPRESENTATION_CONTEXT(2) 
PARAMETRIC_REPRESENTATION_CONTEXT() REPRESENTATION_CONTEXT('2D SPACE',''
  ) );
#10164 = ORIENTED_EDGE('',*,*,#10165,.T.);
#10165 = EDGE_CURVE('',#10143,#10166,#10168,.T.);
#10166 = VERTEX_POINT('',#10167);
#10167 = CARTESIAN_POINT('',(-7.770287679233,-9.618209654414,
    15.028302445629));
#10168 = SURFACE_CURVE('',#10169,(#10173,#10180),.PCURVE_S1.);
#10169 = LINE('',#10170,#10171);
#10170 = CARTESIAN_POINT('',(-7.770287679233,-8.14186899669,
    11.432184093905));
#10171 = VECTOR('',#10172,1.);
#10172 = DIRECTION('',(-8.432782086103E-17,0.379778742607,
    -0.925077351719));
#10173 = PCURVE('',#2875,#10174);
#10174 = DEFINITIONAL_REPRESENTATION('',(#10175),#10179);
#10175 = LINE('',#10176,#10177);
#10176 = CARTESIAN_POINT('',(-0.82381184971,-1.157416075268));
#10177 = VECTOR('',#10178,1.);
#10178 = DIRECTION('',(-0.925077351719,0.379778742607));
#10179 = ( GEOMETRIC_REPRESENTATION_CONTEXT(2) 
PARAMETRIC_REPRESENTATION_CONTEXT() REPRESENTATION_CONTEXT('2D SPACE',''
  ) );
#10180 = PCURVE('',#9338,#10181);
#10181 = DEFINITIONAL_REPRESENTATION('',(#10182),#10186);
#10182 = LINE('',#10183,#10184);
#10183 = CARTESIAN_POINT('',(-4.215959032985,-25.48632814746));
#10184 = VECTOR('',#10185,1.);
#10185 = DIRECTION('',(-1.,0.));
#10186 = ( GEOMETRIC_REPRESENTATION_CONTEXT(2) 
PARAMETRIC_REPRESENTATION_CONTEXT() REPRESENTATION_CONTEXT('2D SPACE',''
  ) );
#10187 = ORIENTED_EDGE('',*,*,#10188,.T.);
#10188 = EDGE_CURVE('',#10166,#10189,#10191,.T.);
#10189 = VERTEX_POINT('',#10190);
#10190 = CARTESIAN_POINT('',(-7.770287679233,-9.825204742304,
    14.968728994547));
#10191 = SURFACE_CURVE('',#10192,(#10196,#10203),.PCURVE_S1.);
#10192 = LINE('',#10193,#10194);
#10193 = CARTESIAN_POINT('',(-7.770287679233,-8.14119488048,
    15.453389186957));
#10194 = VECTOR('',#10195,1.);
#10195 = DIRECTION('',(2.13383173943E-16,-0.960992382657,-0.276574837025
    ));
#10196 = PCURVE('',#2875,#10197);
#10197 = DEFINITIONAL_REPRESENTATION('',(#10198),#10202);
#10198 = LINE('',#10199,#10200);
#10199 = CARTESIAN_POINT('',(3.197393243342,-1.156741959057));
#10200 = VECTOR('',#10201,1.);
#10201 = DIRECTION('',(-0.276574837025,-0.960992382657));
#10202 = ( GEOMETRIC_REPRESENTATION_CONTEXT(2) 
PARAMETRIC_REPRESENTATION_CONTEXT() REPRESENTATION_CONTEXT('2D SPACE',''
  ) );
#10203 = PCURVE('',#9310,#10204);
#10204 = DEFINITIONAL_REPRESENTATION('',(#10205),#10209);
#10205 = LINE('',#10206,#10207);
#10206 = CARTESIAN_POINT('',(1.536968243027,-25.48632814746));
#10207 = VECTOR('',#10208,1.);
#10208 = DIRECTION('',(-1.,0.));
#10209 = ( GEOMETRIC_REPRESENTATION_CONTEXT(2) 
PARAMETRIC_REPRESENTATION_CONTEXT() REPRESENTATION_CONTEXT('2D SPACE',''
  ) );
#10210 = ORIENTED_EDGE('',*,*,#10211,.F.);
#10211 = EDGE_CURVE('',#10212,#10189,#10214,.T.);
#10212 = VERTEX_POINT('',#10213);
#10213 = CARTESIAN_POINT('',(-7.770287679233,-9.84651788799,
    14.889097781772));
#10214 = SURFACE_CURVE('',#10215,(#10219,#10226),.PCURVE_S1.);
#10215 = LINE('',#10216,#10217);
#10216 = CARTESIAN_POINT('',(-7.770287679233,-10.42340690908,
    12.733696929039));
#10217 = VECTOR('',#10218,1.);
#10218 = DIRECTION('',(-5.740912107976E-17,0.258547696302,0.965998493134
    ));
#10219 = PCURVE('',#2875,#10220);
#10220 = DEFINITIONAL_REPRESENTATION('',(#10221),#10225);
#10221 = LINE('',#10222,#10223);
#10222 = CARTESIAN_POINT('',(0.477700985423,-3.438953987662));
#10223 = VECTOR('',#10224,1.);
#10224 = DIRECTION('',(0.965998493134,0.258547696302));
#10225 = ( GEOMETRIC_REPRESENTATION_CONTEXT(2) 
PARAMETRIC_REPRESENTATION_CONTEXT() REPRESENTATION_CONTEXT('2D SPACE',''
  ) );
#10226 = PCURVE('',#9282,#10227);
#10227 = DEFINITIONAL_REPRESENTATION('',(#10228),#10232);
#10228 = LINE('',#10229,#10230);
#10229 = CARTESIAN_POINT('',(0.,-2.156824026369));
#10230 = VECTOR('',#10231,1.);
#10231 = DIRECTION('',(1.,0.));
#10232 = ( GEOMETRIC_REPRESENTATION_CONTEXT(2) 
PARAMETRIC_REPRESENTATION_CONTEXT() REPRESENTATION_CONTEXT('2D SPACE',''
  ) );
#10233 = ORIENTED_EDGE('',*,*,#10234,.T.);
#10234 = EDGE_CURVE('',#10212,#10235,#10237,.T.);
#10235 = VERTEX_POINT('',#10236);
#10236 = CARTESIAN_POINT('',(-7.770287679233,-9.740005447715,
    14.629651332772));
#10237 = SURFACE_CURVE('',#10238,(#10242,#10249),.PCURVE_S1.);
#10238 = LINE('',#10239,#10240);
#10239 = CARTESIAN_POINT('',(-7.770287679233,-8.263664789992,
    11.033532981048));
#10240 = VECTOR('',#10241,1.);
#10241 = DIRECTION('',(-8.432782086103E-17,0.379778742607,
    -0.925077351719));
#10242 = PCURVE('',#2875,#10243);
#10243 = DEFINITIONAL_REPRESENTATION('',(#10244),#10248);
#10244 = LINE('',#10245,#10246);
#10245 = CARTESIAN_POINT('',(-1.222462962567,-1.279211868569));
#10246 = VECTOR('',#10247,1.);
#10247 = DIRECTION('',(-0.925077351719,0.379778742607));
#10248 = ( GEOMETRIC_REPRESENTATION_CONTEXT(2) 
PARAMETRIC_REPRESENTATION_CONTEXT() REPRESENTATION_CONTEXT('2D SPACE',''
  ) );
#10249 = PCURVE('',#9254,#10250);
#10250 = DEFINITIONAL_REPRESENTATION('',(#10251),#10255);
#10251 = LINE('',#10252,#10253);
#10252 = CARTESIAN_POINT('',(-4.215959032985,-25.48632814746));
#10253 = VECTOR('',#10254,1.);
#10254 = DIRECTION('',(-1.,0.));
#10255 = ( GEOMETRIC_REPRESENTATION_CONTEXT(2) 
PARAMETRIC_REPRESENTATION_CONTEXT() REPRESENTATION_CONTEXT('2D SPACE',''
  ) );
#10256 = ORIENTED_EDGE('',*,*,#10257,.T.);
#10257 = EDGE_CURVE('',#10235,#10258,#10260,.T.);
#10258 = VERTEX_POINT('',#10259);
#10259 = CARTESIAN_POINT('',(-7.770287679233,-9.93064295371,
    14.574785614684));
#10260 = SURFACE_CURVE('',#10261,(#10265,#10272),.PCURVE_S1.);
#10261 = LINE('',#10262,#10263);
#10262 = CARTESIAN_POINT('',(-7.770287679233,-8.262990673781,
    15.0547380741));
#10263 = VECTOR('',#10264,1.);
#10264 = DIRECTION('',(2.13383173943E-16,-0.960992382657,-0.276574837025
    ));
#10265 = PCURVE('',#2875,#10266);
#10266 = DEFINITIONAL_REPRESENTATION('',(#10267),#10271);
#10267 = LINE('',#10268,#10269);
#10268 = CARTESIAN_POINT('',(2.798742130485,-1.278537752358));
#10269 = VECTOR('',#10270,1.);
#10270 = DIRECTION('',(-0.276574837025,-0.960992382657));
#10271 = ( GEOMETRIC_REPRESENTATION_CONTEXT(2) 
PARAMETRIC_REPRESENTATION_CONTEXT() REPRESENTATION_CONTEXT('2D SPACE',''
  ) );
#10272 = PCURVE('',#9226,#10273);
#10273 = DEFINITIONAL_REPRESENTATION('',(#10274),#10278);
#10274 = LINE('',#10275,#10276);
#10275 = CARTESIAN_POINT('',(1.536968243027,-25.48632814746));
#10276 = VECTOR('',#10277,1.);
#10277 = DIRECTION('',(-1.,0.));
#10278 = ( GEOMETRIC_REPRESENTATION_CONTEXT(2) 
PARAMETRIC_REPRESENTATION_CONTEXT() REPRESENTATION_CONTEXT('2D SPACE',''
  ) );
#10279 = ORIENTED_EDGE('',*,*,#10280,.F.);
#10280 = EDGE_CURVE('',#10281,#10258,#10283,.T.);
#10281 = VERTEX_POINT('',#10282);
#10282 = CARTESIAN_POINT('',(-7.770287679233,-9.959174420077,
    14.468184960681));
#10283 = SURFACE_CURVE('',#10284,(#10288,#10295),.PCURVE_S1.);
#10284 = LINE('',#10285,#10286);
#10285 = CARTESIAN_POINT('',(-7.770287679233,-10.42340690908,
    12.733696929039));
#10286 = VECTOR('',#10287,1.);
#10287 = DIRECTION('',(-5.740912107976E-17,0.258547696302,0.965998493134
    ));
#10288 = PCURVE('',#2875,#10289);
#10289 = DEFINITIONAL_REPRESENTATION('',(#10290),#10294);
#10290 = LINE('',#10291,#10292);
#10291 = CARTESIAN_POINT('',(0.477700985423,-3.438953987662));
#10292 = VECTOR('',#10293,1.);
#10293 = DIRECTION('',(0.965998493134,0.258547696302));
#10294 = ( GEOMETRIC_REPRESENTATION_CONTEXT(2) 
PARAMETRIC_REPRESENTATION_CONTEXT() REPRESENTATION_CONTEXT('2D SPACE',''
  ) );
#10295 = PCURVE('',#9198,#10296);
#10296 = DEFINITIONAL_REPRESENTATION('',(#10297),#10301);
#10297 = LINE('',#10298,#10299);
#10298 = CARTESIAN_POINT('',(0.,-2.156824026369));
#10299 = VECTOR('',#10300,1.);
#10300 = DIRECTION('',(1.,0.));
#10301 = ( GEOMETRIC_REPRESENTATION_CONTEXT(2) 
PARAMETRIC_REPRESENTATION_CONTEXT() REPRESENTATION_CONTEXT('2D SPACE',''
  ) );
#10302 = ORIENTED_EDGE('',*,*,#10303,.T.);
#10303 = EDGE_CURVE('',#10281,#10304,#10306,.T.);
#10304 = VERTEX_POINT('',#10305);
#10305 = CARTESIAN_POINT('',(-7.770287679233,-9.861801241016,
    14.231000219915));
#10306 = SURFACE_CURVE('',#10307,(#10311,#10318),.PCURVE_S1.);
#10307 = LINE('',#10308,#10309);
#10308 = CARTESIAN_POINT('',(-7.770287679233,-8.385460583293,
    10.634881868191));
#10309 = VECTOR('',#10310,1.);
#10310 = DIRECTION('',(-8.432782086103E-17,0.379778742607,
    -0.925077351719));
#10311 = PCURVE('',#2875,#10312);
#10312 = DEFINITIONAL_REPRESENTATION('',(#10313),#10317);
#10313 = LINE('',#10314,#10315);
#10314 = CARTESIAN_POINT('',(-1.621114075424,-1.40100766187));
#10315 = VECTOR('',#10316,1.);
#10316 = DIRECTION('',(-0.925077351719,0.379778742607));
#10317 = ( GEOMETRIC_REPRESENTATION_CONTEXT(2) 
PARAMETRIC_REPRESENTATION_CONTEXT() REPRESENTATION_CONTEXT('2D SPACE',''
  ) );
#10318 = PCURVE('',#9170,#10319);
#10319 = DEFINITIONAL_REPRESENTATION('',(#10320),#10324);
#10320 = LINE('',#10321,#10322);
#10321 = CARTESIAN_POINT('',(-4.215959032985,-25.48632814746));
#10322 = VECTOR('',#10323,1.);
#10323 = DIRECTION('',(-1.,0.));
#10324 = ( GEOMETRIC_REPRESENTATION_CONTEXT(2) 
PARAMETRIC_REPRESENTATION_CONTEXT() REPRESENTATION_CONTEXT('2D SPACE',''
  ) );
#10325 = ORIENTED_EDGE('',*,*,#10326,.T.);
#10326 = EDGE_CURVE('',#10304,#10327,#10329,.T.);
#10327 = VERTEX_POINT('',#10328);
#10328 = CARTESIAN_POINT('',(-7.770287679233,-10.03608116511,
    14.180842234821));
#10329 = SURFACE_CURVE('',#10330,(#10334,#10341),.PCURVE_S1.);
#10330 = LINE('',#10331,#10332);
#10331 = CARTESIAN_POINT('',(-7.770287679233,-8.384786467082,
    14.656086961243));
#10332 = VECTOR('',#10333,1.);
#10333 = DIRECTION('',(2.13383173943E-16,-0.960992382657,-0.276574837025
    ));
#10334 = PCURVE('',#2875,#10335);
#10335 = DEFINITIONAL_REPRESENTATION('',(#10336),#10340);
#10336 = LINE('',#10337,#10338);
#10337 = CARTESIAN_POINT('',(2.400091017628,-1.400333545659));
#10338 = VECTOR('',#10339,1.);
#10339 = DIRECTION('',(-0.276574837025,-0.960992382657));
#10340 = ( GEOMETRIC_REPRESENTATION_CONTEXT(2) 
PARAMETRIC_REPRESENTATION_CONTEXT() REPRESENTATION_CONTEXT('2D SPACE',''
  ) );
#10341 = PCURVE('',#9142,#10342);
#10342 = DEFINITIONAL_REPRESENTATION('',(#10343),#10347);
#10343 = LINE('',#10344,#10345);
#10344 = CARTESIAN_POINT('',(1.536968243027,-25.48632814746));
#10345 = VECTOR('',#10346,1.);
#10346 = DIRECTION('',(-1.,0.));
#10347 = ( GEOMETRIC_REPRESENTATION_CONTEXT(2) 
PARAMETRIC_REPRESENTATION_CONTEXT() REPRESENTATION_CONTEXT('2D SPACE',''
  ) );
#10348 = ORIENTED_EDGE('',*,*,#10349,.F.);
#10349 = EDGE_CURVE('',#10350,#10327,#10352,.T.);
#10350 = VERTEX_POINT('',#10351);
#10351 = CARTESIAN_POINT('',(-7.770287679233,-10.07183095216,
    14.047272139591));
#10352 = SURFACE_CURVE('',#10353,(#10357,#10364),.PCURVE_S1.);
#10353 = LINE('',#10354,#10355);
#10354 = CARTESIAN_POINT('',(-7.770287679233,-10.42340690908,
    12.733696929039));
#10355 = VECTOR('',#10356,1.);
#10356 = DIRECTION('',(-5.740912107976E-17,0.258547696302,0.965998493134
    ));
#10357 = PCURVE('',#2875,#10358);
#10358 = DEFINITIONAL_REPRESENTATION('',(#10359),#10363);
#10359 = LINE('',#10360,#10361);
#10360 = CARTESIAN_POINT('',(0.477700985423,-3.438953987662));
#10361 = VECTOR('',#10362,1.);
#10362 = DIRECTION('',(0.965998493134,0.258547696302));
#10363 = ( GEOMETRIC_REPRESENTATION_CONTEXT(2) 
PARAMETRIC_REPRESENTATION_CONTEXT() REPRESENTATION_CONTEXT('2D SPACE',''
  ) );
#10364 = PCURVE('',#9114,#10365);
#10365 = DEFINITIONAL_REPRESENTATION('',(#10366),#10370);
#10366 = LINE('',#10367,#10368);
#10367 = CARTESIAN_POINT('',(0.,-2.156824026369));
#10368 = VECTOR('',#10369,1.);
#10369 = DIRECTION('',(1.,0.));
#10370 = ( GEOMETRIC_REPRESENTATION_CONTEXT(2) 
PARAMETRIC_REPRESENTATION_CONTEXT() REPRESENTATION_CONTEXT('2D SPACE',''
  ) );
#10371 = ORIENTED_EDGE('',*,*,#10372,.T.);
#10372 = EDGE_CURVE('',#10350,#10373,#10375,.T.);
#10373 = VERTEX_POINT('',#10374);
#10374 = CARTESIAN_POINT('',(-7.770287679233,-9.983597034318,
    13.832349107058));
#10375 = SURFACE_CURVE('',#10376,(#10380,#10387),.PCURVE_S1.);
#10376 = LINE('',#10377,#10378);
#10377 = CARTESIAN_POINT('',(-7.770287679233,-8.507256376594,
    10.236230755334));
#10378 = VECTOR('',#10379,1.);
#10379 = DIRECTION('',(-8.432782086103E-17,0.379778742607,
    -0.925077351719));
#10380 = PCURVE('',#2875,#10381);
#10381 = DEFINITIONAL_REPRESENTATION('',(#10382),#10386);
#10382 = LINE('',#10383,#10384);
#10383 = CARTESIAN_POINT('',(-2.019765188281,-1.522803455171));
#10384 = VECTOR('',#10385,1.);
#10385 = DIRECTION('',(-0.925077351719,0.379778742607));
#10386 = ( GEOMETRIC_REPRESENTATION_CONTEXT(2) 
PARAMETRIC_REPRESENTATION_CONTEXT() REPRESENTATION_CONTEXT('2D SPACE',''
  ) );
#10387 = PCURVE('',#9086,#10388);
#10388 = DEFINITIONAL_REPRESENTATION('',(#10389),#10393);
#10389 = LINE('',#10390,#10391);
#10390 = CARTESIAN_POINT('',(-4.215959032985,-25.48632814746));
#10391 = VECTOR('',#10392,1.);
#10392 = DIRECTION('',(-1.,0.));
#10393 = ( GEOMETRIC_REPRESENTATION_CONTEXT(2) 
PARAMETRIC_REPRESENTATION_CONTEXT() REPRESENTATION_CONTEXT('2D SPACE',''
  ) );
#10394 = ORIENTED_EDGE('',*,*,#10395,.T.);
#10395 = EDGE_CURVE('',#10373,#9791,#10396,.T.);
#10396 = SURFACE_CURVE('',#10397,(#10401,#10408),.PCURVE_S1.);
#10397 = LINE('',#10398,#10399);
#10398 = CARTESIAN_POINT('',(-7.770287679233,-8.506582260383,
    14.257435848386));
#10399 = VECTOR('',#10400,1.);
#10400 = DIRECTION('',(2.13383173943E-16,-0.960992382657,-0.276574837025
    ));
#10401 = PCURVE('',#2875,#10402);
#10402 = DEFINITIONAL_REPRESENTATION('',(#10403),#10407);
#10403 = LINE('',#10404,#10405);
#10404 = CARTESIAN_POINT('',(2.001439904771,-1.522129338961));
#10405 = VECTOR('',#10406,1.);
#10406 = DIRECTION('',(-0.276574837025,-0.960992382657));
#10407 = ( GEOMETRIC_REPRESENTATION_CONTEXT(2) 
PARAMETRIC_REPRESENTATION_CONTEXT() REPRESENTATION_CONTEXT('2D SPACE',''
  ) );
#10408 = PCURVE('',#9058,#10409);
#10409 = DEFINITIONAL_REPRESENTATION('',(#10410),#10414);
#10410 = LINE('',#10411,#10412);
#10411 = CARTESIAN_POINT('',(1.536968243027,-25.48632814746));
#10412 = VECTOR('',#10413,1.);
#10413 = DIRECTION('',(-1.,0.));
#10414 = ( GEOMETRIC_REPRESENTATION_CONTEXT(2) 
PARAMETRIC_REPRESENTATION_CONTEXT() REPRESENTATION_CONTEXT('2D SPACE',''
  ) );
#10415 = ADVANCED_FACE('',(#10416),#2756,.F.);
#10416 = FACE_BOUND('',#10417,.T.);
#10417 = EDGE_LOOP('',(#10418,#10448,#10476,#10504,#10532,#10560,#10588,
    #10616,#10644,#10672,#10700,#10728,#10756,#10784,#10812,#10840,
    #10868,#10896,#10924,#10952,#10980,#11008,#11037,#11065,#11086,
    #11087,#11088,#11089,#11112,#11136,#11164,#11192));
#10418 = ORIENTED_EDGE('',*,*,#10419,.T.);
#10419 = EDGE_CURVE('',#10420,#10422,#10424,.T.);
#10420 = VERTEX_POINT('',#10421);
#10421 = CARTESIAN_POINT('',(7.770287679233,-10.42340690908,
    12.733696929039));
#10422 = VERTEX_POINT('',#10423);
#10423 = CARTESIAN_POINT('',(7.770287679233,-10.24695758792,
    13.392955475094));
#10424 = SURFACE_CURVE('',#10425,(#10429,#10436),.PCURVE_S1.);
#10425 = LINE('',#10426,#10427);
#10426 = CARTESIAN_POINT('',(7.770287679233,-10.42340690908,
    12.733696929039));
#10427 = VECTOR('',#10428,1.);
#10428 = DIRECTION('',(-5.740912107976E-17,0.258547696302,0.965998493134
    ));
#10429 = PCURVE('',#2756,#10430);
#10430 = DEFINITIONAL_REPRESENTATION('',(#10431),#10435);
#10431 = LINE('',#10432,#10433);
#10432 = CARTESIAN_POINT('',(0.477700985423,3.438953987662));
#10433 = VECTOR('',#10434,1.);
#10434 = DIRECTION('',(0.965998493134,-0.258547696302));
#10435 = ( GEOMETRIC_REPRESENTATION_CONTEXT(2) 
PARAMETRIC_REPRESENTATION_CONTEXT() REPRESENTATION_CONTEXT('2D SPACE',''
  ) );
#10436 = PCURVE('',#10437,#10442);
#10437 = PLANE('',#10438);
#10438 = AXIS2_PLACEMENT_3D('',#10439,#10440,#10441);
#10439 = CARTESIAN_POINT('',(5.613463652863,-10.42340690908,
    12.733696929039));
#10440 = DIRECTION('',(-2.144947537661E-16,0.965998493134,
    -0.258547696302));
#10441 = DIRECTION('',(-5.740912107976E-17,0.258547696302,0.965998493134
    ));
#10442 = DEFINITIONAL_REPRESENTATION('',(#10443),#10447);
#10443 = LINE('',#10444,#10445);
#10444 = CARTESIAN_POINT('',(0.,2.156824026369));
#10445 = VECTOR('',#10446,1.);
#10446 = DIRECTION('',(1.,0.));
#10447 = ( GEOMETRIC_REPRESENTATION_CONTEXT(2) 
PARAMETRIC_REPRESENTATION_CONTEXT() REPRESENTATION_CONTEXT('2D SPACE',''
  ) );
#10448 = ORIENTED_EDGE('',*,*,#10449,.T.);
#10449 = EDGE_CURVE('',#10422,#10450,#10452,.T.);
#10450 = VERTEX_POINT('',#10451);
#10451 = CARTESIAN_POINT('',(7.770287679233,-10.10539282761,
    13.433697994201));
#10452 = SURFACE_CURVE('',#10453,(#10457,#10464),.PCURVE_S1.);
#10453 = LINE('',#10454,#10455);
#10454 = CARTESIAN_POINT('',(7.770287679233,-8.628378053685,
    13.858784735529));
#10455 = VECTOR('',#10456,1.);
#10456 = DIRECTION('',(-2.13383173943E-16,0.960992382657,0.276574837025)
  );
#10457 = PCURVE('',#2756,#10458);
#10458 = DEFINITIONAL_REPRESENTATION('',(#10459),#10463);
#10459 = LINE('',#10460,#10461);
#10460 = CARTESIAN_POINT('',(1.602788791914,1.643925132262));
#10461 = VECTOR('',#10462,1.);
#10462 = DIRECTION('',(0.276574837025,-0.960992382657));
#10463 = ( GEOMETRIC_REPRESENTATION_CONTEXT(2) 
PARAMETRIC_REPRESENTATION_CONTEXT() REPRESENTATION_CONTEXT('2D SPACE',''
  ) );
#10464 = PCURVE('',#10465,#10470);
#10465 = PLANE('',#10466);
#10466 = AXIS2_PLACEMENT_3D('',#10467,#10468,#10469);
#10467 = CARTESIAN_POINT('',(17.716040468236,-10.10539282761,
    13.433697994201));
#10468 = DIRECTION('',(-6.141195041947E-17,0.276574837025,
    -0.960992382657));
#10469 = DIRECTION('',(-2.13383173943E-16,0.960992382657,0.276574837025)
  );
#10470 = DEFINITIONAL_REPRESENTATION('',(#10471),#10475);
#10471 = LINE('',#10472,#10473);
#10472 = CARTESIAN_POINT('',(1.536968243027,-9.945752789003));
#10473 = VECTOR('',#10474,1.);
#10474 = DIRECTION('',(1.,0.));
#10475 = ( GEOMETRIC_REPRESENTATION_CONTEXT(2) 
PARAMETRIC_REPRESENTATION_CONTEXT() REPRESENTATION_CONTEXT('2D SPACE',''
  ) );
#10476 = ORIENTED_EDGE('',*,*,#10477,.T.);
#10477 = EDGE_CURVE('',#10450,#10478,#10480,.T.);
#10478 = VERTEX_POINT('',#10479);
#10479 = CARTESIAN_POINT('',(7.770287679233,-10.18448748425,
    13.6263593185));
#10480 = SURFACE_CURVE('',#10481,(#10485,#10492),.PCURVE_S1.);
#10481 = LINE('',#10482,#10483);
#10482 = CARTESIAN_POINT('',(7.770287679233,-8.629052169895,
    9.837579642477));
#10483 = VECTOR('',#10484,1.);
#10484 = DIRECTION('',(8.432782086103E-17,-0.379778742607,0.925077351719
    ));
#10485 = PCURVE('',#2756,#10486);
#10486 = DEFINITIONAL_REPRESENTATION('',(#10487),#10491);
#10487 = LINE('',#10488,#10489);
#10488 = CARTESIAN_POINT('',(-2.418416301138,1.644599248472));
#10489 = VECTOR('',#10490,1.);
#10490 = DIRECTION('',(0.925077351719,0.379778742607));
#10491 = ( GEOMETRIC_REPRESENTATION_CONTEXT(2) 
PARAMETRIC_REPRESENTATION_CONTEXT() REPRESENTATION_CONTEXT('2D SPACE',''
  ) );
#10492 = PCURVE('',#10493,#10498);
#10493 = PLANE('',#10494);
#10494 = AXIS2_PLACEMENT_3D('',#10495,#10496,#10497);
#10495 = CARTESIAN_POINT('',(17.716040468236,-10.23018379032,
    13.737667859668));
#10496 = DIRECTION('',(-2.054084350876E-16,0.925077351719,0.379778742607
    ));
#10497 = DIRECTION('',(8.432782086103E-17,-0.379778742607,0.925077351719
    ));
#10498 = DEFINITIONAL_REPRESENTATION('',(#10499),#10503);
#10499 = LINE('',#10500,#10501);
#10500 = CARTESIAN_POINT('',(-4.215959032985,-9.945752789003));
#10501 = VECTOR('',#10502,1.);
#10502 = DIRECTION('',(1.,0.));
#10503 = ( GEOMETRIC_REPRESENTATION_CONTEXT(2) 
PARAMETRIC_REPRESENTATION_CONTEXT() REPRESENTATION_CONTEXT('2D SPACE',''
  ) );
#10504 = ORIENTED_EDGE('',*,*,#10505,.T.);
#10505 = EDGE_CURVE('',#10478,#10506,#10508,.T.);
#10506 = VERTEX_POINT('',#10507);
#10507 = CARTESIAN_POINT('',(7.770287679233,-10.14151937652,
    13.786898854958));
#10508 = SURFACE_CURVE('',#10509,(#10513,#10520),.PCURVE_S1.);
#10509 = LINE('',#10510,#10511);
#10510 = CARTESIAN_POINT('',(7.770287679233,-10.42340690908,
    12.733696929039));
#10511 = VECTOR('',#10512,1.);
#10512 = DIRECTION('',(-5.740912107976E-17,0.258547696302,0.965998493134
    ));
#10513 = PCURVE('',#2756,#10514);
#10514 = DEFINITIONAL_REPRESENTATION('',(#10515),#10519);
#10515 = LINE('',#10516,#10517);
#10516 = CARTESIAN_POINT('',(0.477700985423,3.438953987662));
#10517 = VECTOR('',#10518,1.);
#10518 = DIRECTION('',(0.965998493134,-0.258547696302));
#10519 = ( GEOMETRIC_REPRESENTATION_CONTEXT(2) 
PARAMETRIC_REPRESENTATION_CONTEXT() REPRESENTATION_CONTEXT('2D SPACE',''
  ) );
#10520 = PCURVE('',#10521,#10526);
#10521 = PLANE('',#10522);
#10522 = AXIS2_PLACEMENT_3D('',#10523,#10524,#10525);
#10523 = CARTESIAN_POINT('',(5.613463652863,-10.42340690908,
    12.733696929039));
#10524 = DIRECTION('',(-2.144947537661E-16,0.965998493134,
    -0.258547696302));
#10525 = DIRECTION('',(-5.740912107976E-17,0.258547696302,0.965998493134
    ));
#10526 = DEFINITIONAL_REPRESENTATION('',(#10527),#10531);
#10527 = LINE('',#10528,#10529);
#10528 = CARTESIAN_POINT('',(0.,2.156824026369));
#10529 = VECTOR('',#10530,1.);
#10530 = DIRECTION('',(1.,0.));
#10531 = ( GEOMETRIC_REPRESENTATION_CONTEXT(2) 
PARAMETRIC_REPRESENTATION_CONTEXT() REPRESENTATION_CONTEXT('2D SPACE',''
  ) );
#10532 = ORIENTED_EDGE('',*,*,#10533,.T.);
#10533 = EDGE_CURVE('',#10506,#10534,#10536,.T.);
#10534 = VERTEX_POINT('',#10535);
#10535 = CARTESIAN_POINT('',(7.770287679233,-9.983597034318,
    13.832349107058));
#10536 = SURFACE_CURVE('',#10537,(#10541,#10548),.PCURVE_S1.);
#10537 = LINE('',#10538,#10539);
#10538 = CARTESIAN_POINT('',(7.770287679233,-8.506582260383,
    14.257435848386));
#10539 = VECTOR('',#10540,1.);
#10540 = DIRECTION('',(-2.13383173943E-16,0.960992382657,0.276574837025)
  );
#10541 = PCURVE('',#2756,#10542);
#10542 = DEFINITIONAL_REPRESENTATION('',(#10543),#10547);
#10543 = LINE('',#10544,#10545);
#10544 = CARTESIAN_POINT('',(2.001439904771,1.522129338961));
#10545 = VECTOR('',#10546,1.);
#10546 = DIRECTION('',(0.276574837025,-0.960992382657));
#10547 = ( GEOMETRIC_REPRESENTATION_CONTEXT(2) 
PARAMETRIC_REPRESENTATION_CONTEXT() REPRESENTATION_CONTEXT('2D SPACE',''
  ) );
#10548 = PCURVE('',#10549,#10554);
#10549 = PLANE('',#10550);
#10550 = AXIS2_PLACEMENT_3D('',#10551,#10552,#10553);
#10551 = CARTESIAN_POINT('',(17.716040468236,-9.983597034318,
    13.832349107058));
#10552 = DIRECTION('',(-6.141195041947E-17,0.276574837025,
    -0.960992382657));
#10553 = DIRECTION('',(-2.13383173943E-16,0.960992382657,0.276574837025)
  );
#10554 = DEFINITIONAL_REPRESENTATION('',(#10555),#10559);
#10555 = LINE('',#10556,#10557);
#10556 = CARTESIAN_POINT('',(1.536968243027,-9.945752789003));
#10557 = VECTOR('',#10558,1.);
#10558 = DIRECTION('',(1.,0.));
#10559 = ( GEOMETRIC_REPRESENTATION_CONTEXT(2) 
PARAMETRIC_REPRESENTATION_CONTEXT() REPRESENTATION_CONTEXT('2D SPACE',''
  ) );
#10560 = ORIENTED_EDGE('',*,*,#10561,.T.);
#10561 = EDGE_CURVE('',#10534,#10562,#10564,.T.);
#10562 = VERTEX_POINT('',#10563);
#10563 = CARTESIAN_POINT('',(7.770287679233,-10.07183095216,
    14.047272139591));
#10564 = SURFACE_CURVE('',#10565,(#10569,#10576),.PCURVE_S1.);
#10565 = LINE('',#10566,#10567);
#10566 = CARTESIAN_POINT('',(7.770287679233,-8.507256376594,
    10.236230755334));
#10567 = VECTOR('',#10568,1.);
#10568 = DIRECTION('',(8.432782086103E-17,-0.379778742607,0.925077351719
    ));
#10569 = PCURVE('',#2756,#10570);
#10570 = DEFINITIONAL_REPRESENTATION('',(#10571),#10575);
#10571 = LINE('',#10572,#10573);
#10572 = CARTESIAN_POINT('',(-2.019765188281,1.522803455171));
#10573 = VECTOR('',#10574,1.);
#10574 = DIRECTION('',(0.925077351719,0.379778742607));
#10575 = ( GEOMETRIC_REPRESENTATION_CONTEXT(2) 
PARAMETRIC_REPRESENTATION_CONTEXT() REPRESENTATION_CONTEXT('2D SPACE',''
  ) );
#10576 = PCURVE('',#10577,#10582);
#10577 = PLANE('',#10578);
#10578 = AXIS2_PLACEMENT_3D('',#10579,#10580,#10581);
#10579 = CARTESIAN_POINT('',(17.716040468236,-10.10838799702,
    14.136318972525));
#10580 = DIRECTION('',(-2.054084350876E-16,0.925077351719,0.379778742607
    ));
#10581 = DIRECTION('',(8.432782086103E-17,-0.379778742607,0.925077351719
    ));
#10582 = DEFINITIONAL_REPRESENTATION('',(#10583),#10587);
#10583 = LINE('',#10584,#10585);
#10584 = CARTESIAN_POINT('',(-4.215959032985,-9.945752789003));
#10585 = VECTOR('',#10586,1.);
#10586 = DIRECTION('',(1.,0.));
#10587 = ( GEOMETRIC_REPRESENTATION_CONTEXT(2) 
PARAMETRIC_REPRESENTATION_CONTEXT() REPRESENTATION_CONTEXT('2D SPACE',''
  ) );
#10588 = ORIENTED_EDGE('',*,*,#10589,.T.);
#10589 = EDGE_CURVE('',#10562,#10590,#10592,.T.);
#10590 = VERTEX_POINT('',#10591);
#10591 = CARTESIAN_POINT('',(7.770287679233,-10.03608116511,
    14.180842234821));
#10592 = SURFACE_CURVE('',#10593,(#10597,#10604),.PCURVE_S1.);
#10593 = LINE('',#10594,#10595);
#10594 = CARTESIAN_POINT('',(7.770287679233,-10.42340690908,
    12.733696929039));
#10595 = VECTOR('',#10596,1.);
#10596 = DIRECTION('',(-5.740912107976E-17,0.258547696302,0.965998493134
    ));
#10597 = PCURVE('',#2756,#10598);
#10598 = DEFINITIONAL_REPRESENTATION('',(#10599),#10603);
#10599 = LINE('',#10600,#10601);
#10600 = CARTESIAN_POINT('',(0.477700985423,3.438953987662));
#10601 = VECTOR('',#10602,1.);
#10602 = DIRECTION('',(0.965998493134,-0.258547696302));
#10603 = ( GEOMETRIC_REPRESENTATION_CONTEXT(2) 
PARAMETRIC_REPRESENTATION_CONTEXT() REPRESENTATION_CONTEXT('2D SPACE',''
  ) );
#10604 = PCURVE('',#10605,#10610);
#10605 = PLANE('',#10606);
#10606 = AXIS2_PLACEMENT_3D('',#10607,#10608,#10609);
#10607 = CARTESIAN_POINT('',(5.613463652863,-10.42340690908,
    12.733696929039));
#10608 = DIRECTION('',(-2.144947537661E-16,0.965998493134,
    -0.258547696302));
#10609 = DIRECTION('',(-5.740912107976E-17,0.258547696302,0.965998493134
    ));
#10610 = DEFINITIONAL_REPRESENTATION('',(#10611),#10615);
#10611 = LINE('',#10612,#10613);
#10612 = CARTESIAN_POINT('',(0.,2.156824026369));
#10613 = VECTOR('',#10614,1.);
#10614 = DIRECTION('',(1.,0.));
#10615 = ( GEOMETRIC_REPRESENTATION_CONTEXT(2) 
PARAMETRIC_REPRESENTATION_CONTEXT() REPRESENTATION_CONTEXT('2D SPACE',''
  ) );
#10616 = ORIENTED_EDGE('',*,*,#10617,.T.);
#10617 = EDGE_CURVE('',#10590,#10618,#10620,.T.);
#10618 = VERTEX_POINT('',#10619);
#10619 = CARTESIAN_POINT('',(7.770287679233,-9.861801241016,
    14.231000219915));
#10620 = SURFACE_CURVE('',#10621,(#10625,#10632),.PCURVE_S1.);
#10621 = LINE('',#10622,#10623);
#10622 = CARTESIAN_POINT('',(7.770287679233,-8.384786467082,
    14.656086961243));
#10623 = VECTOR('',#10624,1.);
#10624 = DIRECTION('',(-2.13383173943E-16,0.960992382657,0.276574837025)
  );
#10625 = PCURVE('',#2756,#10626);
#10626 = DEFINITIONAL_REPRESENTATION('',(#10627),#10631);
#10627 = LINE('',#10628,#10629);
#10628 = CARTESIAN_POINT('',(2.400091017628,1.400333545659));
#10629 = VECTOR('',#10630,1.);
#10630 = DIRECTION('',(0.276574837025,-0.960992382657));
#10631 = ( GEOMETRIC_REPRESENTATION_CONTEXT(2) 
PARAMETRIC_REPRESENTATION_CONTEXT() REPRESENTATION_CONTEXT('2D SPACE',''
  ) );
#10632 = PCURVE('',#10633,#10638);
#10633 = PLANE('',#10634);
#10634 = AXIS2_PLACEMENT_3D('',#10635,#10636,#10637);
#10635 = CARTESIAN_POINT('',(17.716040468236,-9.861801241016,
    14.231000219915));
#10636 = DIRECTION('',(-6.141195041947E-17,0.276574837025,
    -0.960992382657));
#10637 = DIRECTION('',(-2.13383173943E-16,0.960992382657,0.276574837025)
  );
#10638 = DEFINITIONAL_REPRESENTATION('',(#10639),#10643);
#10639 = LINE('',#10640,#10641);
#10640 = CARTESIAN_POINT('',(1.536968243027,-9.945752789003));
#10641 = VECTOR('',#10642,1.);
#10642 = DIRECTION('',(1.,0.));
#10643 = ( GEOMETRIC_REPRESENTATION_CONTEXT(2) 
PARAMETRIC_REPRESENTATION_CONTEXT() REPRESENTATION_CONTEXT('2D SPACE',''
  ) );
#10644 = ORIENTED_EDGE('',*,*,#10645,.T.);
#10645 = EDGE_CURVE('',#10618,#10646,#10648,.T.);
#10646 = VERTEX_POINT('',#10647);
#10647 = CARTESIAN_POINT('',(7.770287679233,-9.959174420077,
    14.468184960681));
#10648 = SURFACE_CURVE('',#10649,(#10653,#10660),.PCURVE_S1.);
#10649 = LINE('',#10650,#10651);
#10650 = CARTESIAN_POINT('',(7.770287679233,-8.385460583293,
    10.634881868191));
#10651 = VECTOR('',#10652,1.);
#10652 = DIRECTION('',(8.432782086103E-17,-0.379778742607,0.925077351719
    ));
#10653 = PCURVE('',#2756,#10654);
#10654 = DEFINITIONAL_REPRESENTATION('',(#10655),#10659);
#10655 = LINE('',#10656,#10657);
#10656 = CARTESIAN_POINT('',(-1.621114075424,1.40100766187));
#10657 = VECTOR('',#10658,1.);
#10658 = DIRECTION('',(0.925077351719,0.379778742607));
#10659 = ( GEOMETRIC_REPRESENTATION_CONTEXT(2) 
PARAMETRIC_REPRESENTATION_CONTEXT() REPRESENTATION_CONTEXT('2D SPACE',''
  ) );
#10660 = PCURVE('',#10661,#10666);
#10661 = PLANE('',#10662);
#10662 = AXIS2_PLACEMENT_3D('',#10663,#10664,#10665);
#10663 = CARTESIAN_POINT('',(17.716040468236,-9.986592203721,
    14.534970085382));
#10664 = DIRECTION('',(-2.054084350876E-16,0.925077351719,0.379778742607
    ));
#10665 = DIRECTION('',(8.432782086103E-17,-0.379778742607,0.925077351719
    ));
#10666 = DEFINITIONAL_REPRESENTATION('',(#10667),#10671);
#10667 = LINE('',#10668,#10669);
#10668 = CARTESIAN_POINT('',(-4.215959032985,-9.945752789003));
#10669 = VECTOR('',#10670,1.);
#10670 = DIRECTION('',(1.,0.));
#10671 = ( GEOMETRIC_REPRESENTATION_CONTEXT(2) 
PARAMETRIC_REPRESENTATION_CONTEXT() REPRESENTATION_CONTEXT('2D SPACE',''
  ) );
#10672 = ORIENTED_EDGE('',*,*,#10673,.T.);
#10673 = EDGE_CURVE('',#10646,#10674,#10676,.T.);
#10674 = VERTEX_POINT('',#10675);
#10675 = CARTESIAN_POINT('',(7.770287679233,-9.93064295371,
    14.574785614684));
#10676 = SURFACE_CURVE('',#10677,(#10681,#10688),.PCURVE_S1.);
#10677 = LINE('',#10678,#10679);
#10678 = CARTESIAN_POINT('',(7.770287679233,-10.42340690908,
    12.733696929039));
#10679 = VECTOR('',#10680,1.);
#10680 = DIRECTION('',(-5.740912107976E-17,0.258547696302,0.965998493134
    ));
#10681 = PCURVE('',#2756,#10682);
#10682 = DEFINITIONAL_REPRESENTATION('',(#10683),#10687);
#10683 = LINE('',#10684,#10685);
#10684 = CARTESIAN_POINT('',(0.477700985423,3.438953987662));
#10685 = VECTOR('',#10686,1.);
#10686 = DIRECTION('',(0.965998493134,-0.258547696302));
#10687 = ( GEOMETRIC_REPRESENTATION_CONTEXT(2) 
PARAMETRIC_REPRESENTATION_CONTEXT() REPRESENTATION_CONTEXT('2D SPACE',''
  ) );
#10688 = PCURVE('',#10689,#10694);
#10689 = PLANE('',#10690);
#10690 = AXIS2_PLACEMENT_3D('',#10691,#10692,#10693);
#10691 = CARTESIAN_POINT('',(5.613463652863,-10.42340690908,
    12.733696929039));
#10692 = DIRECTION('',(-2.144947537661E-16,0.965998493134,
    -0.258547696302));
#10693 = DIRECTION('',(-5.740912107976E-17,0.258547696302,0.965998493134
    ));
#10694 = DEFINITIONAL_REPRESENTATION('',(#10695),#10699);
#10695 = LINE('',#10696,#10697);
#10696 = CARTESIAN_POINT('',(0.,2.156824026369));
#10697 = VECTOR('',#10698,1.);
#10698 = DIRECTION('',(1.,0.));
#10699 = ( GEOMETRIC_REPRESENTATION_CONTEXT(2) 
PARAMETRIC_REPRESENTATION_CONTEXT() REPRESENTATION_CONTEXT('2D SPACE',''
  ) );
#10700 = ORIENTED_EDGE('',*,*,#10701,.T.);
#10701 = EDGE_CURVE('',#10674,#10702,#10704,.T.);
#10702 = VERTEX_POINT('',#10703);
#10703 = CARTESIAN_POINT('',(7.770287679233,-9.740005447715,
    14.629651332772));
#10704 = SURFACE_CURVE('',#10705,(#10709,#10716),.PCURVE_S1.);
#10705 = LINE('',#10706,#10707);
#10706 = CARTESIAN_POINT('',(7.770287679233,-8.262990673781,
    15.0547380741));
#10707 = VECTOR('',#10708,1.);
#10708 = DIRECTION('',(-2.13383173943E-16,0.960992382657,0.276574837025)
  );
#10709 = PCURVE('',#2756,#10710);
#10710 = DEFINITIONAL_REPRESENTATION('',(#10711),#10715);
#10711 = LINE('',#10712,#10713);
#10712 = CARTESIAN_POINT('',(2.798742130485,1.278537752358));
#10713 = VECTOR('',#10714,1.);
#10714 = DIRECTION('',(0.276574837025,-0.960992382657));
#10715 = ( GEOMETRIC_REPRESENTATION_CONTEXT(2) 
PARAMETRIC_REPRESENTATION_CONTEXT() REPRESENTATION_CONTEXT('2D SPACE',''
  ) );
#10716 = PCURVE('',#10717,#10722);
#10717 = PLANE('',#10718);
#10718 = AXIS2_PLACEMENT_3D('',#10719,#10720,#10721);
#10719 = CARTESIAN_POINT('',(17.716040468236,-9.740005447715,
    14.629651332772));
#10720 = DIRECTION('',(-6.141195041947E-17,0.276574837025,
    -0.960992382657));
#10721 = DIRECTION('',(-2.13383173943E-16,0.960992382657,0.276574837025)
  );
#10722 = DEFINITIONAL_REPRESENTATION('',(#10723),#10727);
#10723 = LINE('',#10724,#10725);
#10724 = CARTESIAN_POINT('',(1.536968243027,-9.945752789003));
#10725 = VECTOR('',#10726,1.);
#10726 = DIRECTION('',(1.,0.));
#10727 = ( GEOMETRIC_REPRESENTATION_CONTEXT(2) 
PARAMETRIC_REPRESENTATION_CONTEXT() REPRESENTATION_CONTEXT('2D SPACE',''
  ) );
#10728 = ORIENTED_EDGE('',*,*,#10729,.T.);
#10729 = EDGE_CURVE('',#10702,#10730,#10732,.T.);
#10730 = VERTEX_POINT('',#10731);
#10731 = CARTESIAN_POINT('',(7.770287679233,-9.84651788799,
    14.889097781772));
#10732 = SURFACE_CURVE('',#10733,(#10737,#10744),.PCURVE_S1.);
#10733 = LINE('',#10734,#10735);
#10734 = CARTESIAN_POINT('',(7.770287679233,-8.263664789992,
    11.033532981048));
#10735 = VECTOR('',#10736,1.);
#10736 = DIRECTION('',(8.432782086103E-17,-0.379778742607,0.925077351719
    ));
#10737 = PCURVE('',#2756,#10738);
#10738 = DEFINITIONAL_REPRESENTATION('',(#10739),#10743);
#10739 = LINE('',#10740,#10741);
#10740 = CARTESIAN_POINT('',(-1.222462962567,1.279211868569));
#10741 = VECTOR('',#10742,1.);
#10742 = DIRECTION('',(0.925077351719,0.379778742607));
#10743 = ( GEOMETRIC_REPRESENTATION_CONTEXT(2) 
PARAMETRIC_REPRESENTATION_CONTEXT() REPRESENTATION_CONTEXT('2D SPACE',''
  ) );
#10744 = PCURVE('',#10745,#10750);
#10745 = PLANE('',#10746);
#10746 = AXIS2_PLACEMENT_3D('',#10747,#10748,#10749);
#10747 = CARTESIAN_POINT('',(17.716040468236,-9.86479641042,
    14.933621198239));
#10748 = DIRECTION('',(-2.054084350876E-16,0.925077351719,0.379778742607
    ));
#10749 = DIRECTION('',(8.432782086103E-17,-0.379778742607,0.925077351719
    ));
#10750 = DEFINITIONAL_REPRESENTATION('',(#10751),#10755);
#10751 = LINE('',#10752,#10753);
#10752 = CARTESIAN_POINT('',(-4.215959032985,-9.945752789003));
#10753 = VECTOR('',#10754,1.);
#10754 = DIRECTION('',(1.,0.));
#10755 = ( GEOMETRIC_REPRESENTATION_CONTEXT(2) 
PARAMETRIC_REPRESENTATION_CONTEXT() REPRESENTATION_CONTEXT('2D SPACE',''
  ) );
#10756 = ORIENTED_EDGE('',*,*,#10757,.T.);
#10757 = EDGE_CURVE('',#10730,#10758,#10760,.T.);
#10758 = VERTEX_POINT('',#10759);
#10759 = CARTESIAN_POINT('',(7.770287679233,-9.825204742304,
    14.968728994547));
#10760 = SURFACE_CURVE('',#10761,(#10765,#10772),.PCURVE_S1.);
#10761 = LINE('',#10762,#10763);
#10762 = CARTESIAN_POINT('',(7.770287679233,-10.42340690908,
    12.733696929039));
#10763 = VECTOR('',#10764,1.);
#10764 = DIRECTION('',(-5.740912107976E-17,0.258547696302,0.965998493134
    ));
#10765 = PCURVE('',#2756,#10766);
#10766 = DEFINITIONAL_REPRESENTATION('',(#10767),#10771);
#10767 = LINE('',#10768,#10769);
#10768 = CARTESIAN_POINT('',(0.477700985423,3.438953987662));
#10769 = VECTOR('',#10770,1.);
#10770 = DIRECTION('',(0.965998493134,-0.258547696302));
#10771 = ( GEOMETRIC_REPRESENTATION_CONTEXT(2) 
PARAMETRIC_REPRESENTATION_CONTEXT() REPRESENTATION_CONTEXT('2D SPACE',''
  ) );
#10772 = PCURVE('',#10773,#10778);
#10773 = PLANE('',#10774);
#10774 = AXIS2_PLACEMENT_3D('',#10775,#10776,#10777);
#10775 = CARTESIAN_POINT('',(5.613463652863,-10.42340690908,
    12.733696929039));
#10776 = DIRECTION('',(-2.144947537661E-16,0.965998493134,
    -0.258547696302));
#10777 = DIRECTION('',(-5.740912107976E-17,0.258547696302,0.965998493134
    ));
#10778 = DEFINITIONAL_REPRESENTATION('',(#10779),#10783);
#10779 = LINE('',#10780,#10781);
#10780 = CARTESIAN_POINT('',(0.,2.156824026369));
#10781 = VECTOR('',#10782,1.);
#10782 = DIRECTION('',(1.,0.));
#10783 = ( GEOMETRIC_REPRESENTATION_CONTEXT(2) 
PARAMETRIC_REPRESENTATION_CONTEXT() REPRESENTATION_CONTEXT('2D SPACE',''
  ) );
#10784 = ORIENTED_EDGE('',*,*,#10785,.T.);
#10785 = EDGE_CURVE('',#10758,#10786,#10788,.T.);
#10786 = VERTEX_POINT('',#10787);
#10787 = CARTESIAN_POINT('',(7.770287679233,-9.618209654414,
    15.028302445629));
#10788 = SURFACE_CURVE('',#10789,(#10793,#10800),.PCURVE_S1.);
#10789 = LINE('',#10790,#10791);
#10790 = CARTESIAN_POINT('',(7.770287679233,-8.14119488048,
    15.453389186957));
#10791 = VECTOR('',#10792,1.);
#10792 = DIRECTION('',(-2.13383173943E-16,0.960992382657,0.276574837025)
  );
#10793 = PCURVE('',#2756,#10794);
#10794 = DEFINITIONAL_REPRESENTATION('',(#10795),#10799);
#10795 = LINE('',#10796,#10797);
#10796 = CARTESIAN_POINT('',(3.197393243342,1.156741959057));
#10797 = VECTOR('',#10798,1.);
#10798 = DIRECTION('',(0.276574837025,-0.960992382657));
#10799 = ( GEOMETRIC_REPRESENTATION_CONTEXT(2) 
PARAMETRIC_REPRESENTATION_CONTEXT() REPRESENTATION_CONTEXT('2D SPACE',''
  ) );
#10800 = PCURVE('',#10801,#10806);
#10801 = PLANE('',#10802);
#10802 = AXIS2_PLACEMENT_3D('',#10803,#10804,#10805);
#10803 = CARTESIAN_POINT('',(17.716040468236,-9.618209654414,
    15.028302445629));
#10804 = DIRECTION('',(-6.141195041947E-17,0.276574837025,
    -0.960992382657));
#10805 = DIRECTION('',(-2.13383173943E-16,0.960992382657,0.276574837025)
  );
#10806 = DEFINITIONAL_REPRESENTATION('',(#10807),#10811);
#10807 = LINE('',#10808,#10809);
#10808 = CARTESIAN_POINT('',(1.536968243027,-9.945752789003));
#10809 = VECTOR('',#10810,1.);
#10810 = DIRECTION('',(1.,0.));
#10811 = ( GEOMETRIC_REPRESENTATION_CONTEXT(2) 
PARAMETRIC_REPRESENTATION_CONTEXT() REPRESENTATION_CONTEXT('2D SPACE',''
  ) );
#10812 = ORIENTED_EDGE('',*,*,#10813,.T.);
#10813 = EDGE_CURVE('',#10786,#10814,#10816,.T.);
#10814 = VERTEX_POINT('',#10815);
#10815 = CARTESIAN_POINT('',(7.770287679233,-9.733861355904,
    15.310010602862));
#10816 = SURFACE_CURVE('',#10817,(#10821,#10828),.PCURVE_S1.);
#10817 = LINE('',#10818,#10819);
#10818 = CARTESIAN_POINT('',(7.770287679233,-8.14186899669,
    11.432184093905));
#10819 = VECTOR('',#10820,1.);
#10820 = DIRECTION('',(8.432782086103E-17,-0.379778742607,0.925077351719
    ));
#10821 = PCURVE('',#2756,#10822);
#10822 = DEFINITIONAL_REPRESENTATION('',(#10823),#10827);
#10823 = LINE('',#10824,#10825);
#10824 = CARTESIAN_POINT('',(-0.82381184971,1.157416075268));
#10825 = VECTOR('',#10826,1.);
#10826 = DIRECTION('',(0.925077351719,0.379778742607));
#10827 = ( GEOMETRIC_REPRESENTATION_CONTEXT(2) 
PARAMETRIC_REPRESENTATION_CONTEXT() REPRESENTATION_CONTEXT('2D SPACE',''
  ) );
#10828 = PCURVE('',#10829,#10834);
#10829 = PLANE('',#10830);
#10830 = AXIS2_PLACEMENT_3D('',#10831,#10832,#10833);
#10831 = CARTESIAN_POINT('',(17.716040468236,-9.743000617119,
    15.332272311096));
#10832 = DIRECTION('',(-2.054084350876E-16,0.925077351719,0.379778742607
    ));
#10833 = DIRECTION('',(8.432782086103E-17,-0.379778742607,0.925077351719
    ));
#10834 = DEFINITIONAL_REPRESENTATION('',(#10835),#10839);
#10835 = LINE('',#10836,#10837);
#10836 = CARTESIAN_POINT('',(-4.215959032985,-9.945752789003));
#10837 = VECTOR('',#10838,1.);
#10838 = DIRECTION('',(1.,0.));
#10839 = ( GEOMETRIC_REPRESENTATION_CONTEXT(2) 
PARAMETRIC_REPRESENTATION_CONTEXT() REPRESENTATION_CONTEXT('2D SPACE',''
  ) );
#10840 = ORIENTED_EDGE('',*,*,#10841,.T.);
#10841 = EDGE_CURVE('',#10814,#10842,#10844,.T.);
#10842 = VERTEX_POINT('',#10843);
#10843 = CARTESIAN_POINT('',(7.770287679233,-9.719766530898,
    15.36267237441));
#10844 = SURFACE_CURVE('',#10845,(#10849,#10856),.PCURVE_S1.);
#10845 = LINE('',#10846,#10847);
#10846 = CARTESIAN_POINT('',(7.770287679233,-10.42340690908,
    12.733696929039));
#10847 = VECTOR('',#10848,1.);
#10848 = DIRECTION('',(-5.740912107976E-17,0.258547696302,0.965998493134
    ));
#10849 = PCURVE('',#2756,#10850);
#10850 = DEFINITIONAL_REPRESENTATION('',(#10851),#10855);
#10851 = LINE('',#10852,#10853);
#10852 = CARTESIAN_POINT('',(0.477700985423,3.438953987662));
#10853 = VECTOR('',#10854,1.);
#10854 = DIRECTION('',(0.965998493134,-0.258547696302));
#10855 = ( GEOMETRIC_REPRESENTATION_CONTEXT(2) 
PARAMETRIC_REPRESENTATION_CONTEXT() REPRESENTATION_CONTEXT('2D SPACE',''
  ) );
#10856 = PCURVE('',#10857,#10862);
#10857 = PLANE('',#10858);
#10858 = AXIS2_PLACEMENT_3D('',#10859,#10860,#10861);
#10859 = CARTESIAN_POINT('',(5.613463652863,-10.42340690908,
    12.733696929039));
#10860 = DIRECTION('',(-2.144947537661E-16,0.965998493134,
    -0.258547696302));
#10861 = DIRECTION('',(-5.740912107976E-17,0.258547696302,0.965998493134
    ));
#10862 = DEFINITIONAL_REPRESENTATION('',(#10863),#10867);
#10863 = LINE('',#10864,#10865);
#10864 = CARTESIAN_POINT('',(0.,2.156824026369));
#10865 = VECTOR('',#10866,1.);
#10866 = DIRECTION('',(1.,0.));
#10867 = ( GEOMETRIC_REPRESENTATION_CONTEXT(2) 
PARAMETRIC_REPRESENTATION_CONTEXT() REPRESENTATION_CONTEXT('2D SPACE',''
  ) );
#10868 = ORIENTED_EDGE('',*,*,#10869,.T.);
#10869 = EDGE_CURVE('',#10842,#10870,#10872,.T.);
#10870 = VERTEX_POINT('',#10871);
#10871 = CARTESIAN_POINT('',(7.770287679233,-9.496413861113,
    15.426953558486));
#10872 = SURFACE_CURVE('',#10873,(#10877,#10884),.PCURVE_S1.);
#10873 = LINE('',#10874,#10875);
#10874 = CARTESIAN_POINT('',(7.770287679233,-8.019399087178,
    15.852040299814));
#10875 = VECTOR('',#10876,1.);
#10876 = DIRECTION('',(-2.13383173943E-16,0.960992382657,0.276574837025)
  );
#10877 = PCURVE('',#2756,#10878);
#10878 = DEFINITIONAL_REPRESENTATION('',(#10879),#10883);
#10879 = LINE('',#10880,#10881);
#10880 = CARTESIAN_POINT('',(3.596044356199,1.034946165756));
#10881 = VECTOR('',#10882,1.);
#10882 = DIRECTION('',(0.276574837025,-0.960992382657));
#10883 = ( GEOMETRIC_REPRESENTATION_CONTEXT(2) 
PARAMETRIC_REPRESENTATION_CONTEXT() REPRESENTATION_CONTEXT('2D SPACE',''
  ) );
#10884 = PCURVE('',#10885,#10890);
#10885 = PLANE('',#10886);
#10886 = AXIS2_PLACEMENT_3D('',#10887,#10888,#10889);
#10887 = CARTESIAN_POINT('',(17.716040468236,-9.496413861113,
    15.426953558486));
#10888 = DIRECTION('',(-6.141195041947E-17,0.276574837025,
    -0.960992382657));
#10889 = DIRECTION('',(-2.13383173943E-16,0.960992382657,0.276574837025)
  );
#10890 = DEFINITIONAL_REPRESENTATION('',(#10891),#10895);
#10891 = LINE('',#10892,#10893);
#10892 = CARTESIAN_POINT('',(1.536968243027,-9.945752789003));
#10893 = VECTOR('',#10894,1.);
#10894 = DIRECTION('',(1.,0.));
#10895 = ( GEOMETRIC_REPRESENTATION_CONTEXT(2) 
PARAMETRIC_REPRESENTATION_CONTEXT() REPRESENTATION_CONTEXT('2D SPACE',''
  ) );
#10896 = ORIENTED_EDGE('',*,*,#10897,.T.);
#10897 = EDGE_CURVE('',#10870,#10898,#10900,.T.);
#10898 = VERTEX_POINT('',#10899);
#10899 = CARTESIAN_POINT('',(7.770287679233,-9.621204823817,
    15.730923423953));
#10900 = SURFACE_CURVE('',#10901,(#10905,#10912),.PCURVE_S1.);
#10901 = LINE('',#10902,#10903);
#10902 = CARTESIAN_POINT('',(7.770287679233,-8.020073203389,
    11.830835206762));
#10903 = VECTOR('',#10904,1.);
#10904 = DIRECTION('',(8.432782086103E-17,-0.379778742607,0.925077351719
    ));
#10905 = PCURVE('',#2756,#10906);
#10906 = DEFINITIONAL_REPRESENTATION('',(#10907),#10911);
#10907 = LINE('',#10908,#10909);
#10908 = CARTESIAN_POINT('',(-0.425160736853,1.035620281966));
#10909 = VECTOR('',#10910,1.);
#10910 = DIRECTION('',(0.925077351719,0.379778742607));
#10911 = ( GEOMETRIC_REPRESENTATION_CONTEXT(2) 
PARAMETRIC_REPRESENTATION_CONTEXT() REPRESENTATION_CONTEXT('2D SPACE',''
  ) );
#10912 = PCURVE('',#10913,#10918);
#10913 = PLANE('',#10914);
#10914 = AXIS2_PLACEMENT_3D('',#10915,#10916,#10917);
#10915 = CARTESIAN_POINT('',(17.716040468236,-9.621204823817,
    15.730923423953));
#10916 = DIRECTION('',(-2.054084350876E-16,0.925077351719,0.379778742607
    ));
#10917 = DIRECTION('',(8.432782086103E-17,-0.379778742607,0.925077351719
    ));
#10918 = DEFINITIONAL_REPRESENTATION('',(#10919),#10923);
#10919 = LINE('',#10920,#10921);
#10920 = CARTESIAN_POINT('',(-4.215959032985,-9.945752789003));
#10921 = VECTOR('',#10922,1.);
#10922 = DIRECTION('',(1.,0.));
#10923 = ( GEOMETRIC_REPRESENTATION_CONTEXT(2) 
PARAMETRIC_REPRESENTATION_CONTEXT() REPRESENTATION_CONTEXT('2D SPACE',''
  ) );
#10924 = ORIENTED_EDGE('',*,*,#10925,.T.);
#10925 = EDGE_CURVE('',#10898,#10926,#10928,.T.);
#10926 = VERTEX_POINT('',#10927);
#10927 = CARTESIAN_POINT('',(7.770287679233,-9.559744922926,
    15.960552898509));
#10928 = SURFACE_CURVE('',#10929,(#10933,#10940),.PCURVE_S1.);
#10929 = LINE('',#10930,#10931);
#10930 = CARTESIAN_POINT('',(7.770287679233,-10.42340690908,
    12.733696929039));
#10931 = VECTOR('',#10932,1.);
#10932 = DIRECTION('',(-5.740912107976E-17,0.258547696302,0.965998493134
    ));
#10933 = PCURVE('',#2756,#10934);
#10934 = DEFINITIONAL_REPRESENTATION('',(#10935),#10939);
#10935 = LINE('',#10936,#10937);
#10936 = CARTESIAN_POINT('',(0.477700985423,3.438953987662));
#10937 = VECTOR('',#10938,1.);
#10938 = DIRECTION('',(0.965998493134,-0.258547696302));
#10939 = ( GEOMETRIC_REPRESENTATION_CONTEXT(2) 
PARAMETRIC_REPRESENTATION_CONTEXT() REPRESENTATION_CONTEXT('2D SPACE',''
  ) );
#10940 = PCURVE('',#10941,#10946);
#10941 = PLANE('',#10942);
#10942 = AXIS2_PLACEMENT_3D('',#10943,#10944,#10945);
#10943 = CARTESIAN_POINT('',(5.613463652863,-10.42340690908,
    12.733696929039));
#10944 = DIRECTION('',(-2.144947537661E-16,0.965998493134,
    -0.258547696302));
#10945 = DIRECTION('',(-5.740912107976E-17,0.258547696302,0.965998493134
    ));
#10946 = DEFINITIONAL_REPRESENTATION('',(#10947),#10951);
#10947 = LINE('',#10948,#10949);
#10948 = CARTESIAN_POINT('',(0.,2.156824026369));
#10949 = VECTOR('',#10950,1.);
#10950 = DIRECTION('',(1.,0.));
#10951 = ( GEOMETRIC_REPRESENTATION_CONTEXT(2) 
PARAMETRIC_REPRESENTATION_CONTEXT() REPRESENTATION_CONTEXT('2D SPACE',''
  ) );
#10952 = ORIENTED_EDGE('',*,*,#10953,.T.);
#10953 = EDGE_CURVE('',#10926,#10954,#10956,.T.);
#10954 = VERTEX_POINT('',#10955);
#10955 = CARTESIAN_POINT('',(7.770287679233,-8.787970572718,
    15.960552898509));
#10956 = SURFACE_CURVE('',#10957,(#10961,#10968),.PCURVE_S1.);
#10957 = LINE('',#10958,#10959);
#10958 = CARTESIAN_POINT('',(7.770287679233,-9.559744922926,
    15.960552898509));
#10959 = VECTOR('',#10960,1.);
#10960 = DIRECTION('',(-2.22044604925E-16,1.,-5.619270307147E-16));
#10961 = PCURVE('',#2756,#10962);
#10962 = DEFINITIONAL_REPRESENTATION('',(#10963),#10967);
#10963 = LINE('',#10964,#10965);
#10964 = CARTESIAN_POINT('',(3.704556954894,2.575292001503));
#10965 = VECTOR('',#10966,1.);
#10966 = DIRECTION('',(-5.619270307147E-16,-1.));
#10967 = ( GEOMETRIC_REPRESENTATION_CONTEXT(2) 
PARAMETRIC_REPRESENTATION_CONTEXT() REPRESENTATION_CONTEXT('2D SPACE',''
  ) );
#10968 = PCURVE('',#10969,#10974);
#10969 = PLANE('',#10970);
#10970 = AXIS2_PLACEMENT_3D('',#10971,#10972,#10973);
#10971 = CARTESIAN_POINT('',(5.613463652863,-9.559744922926,
    15.960552898509));
#10972 = DIRECTION('',(1.247728655317E-31,-5.619270307147E-16,-1.));
#10973 = DIRECTION('',(-2.22044604925E-16,1.,-5.619270307147E-16));
#10974 = DEFINITIONAL_REPRESENTATION('',(#10975),#10979);
#10975 = LINE('',#10976,#10977);
#10976 = CARTESIAN_POINT('',(0.,2.156824026369));
#10977 = VECTOR('',#10978,1.);
#10978 = DIRECTION('',(1.,0.));
#10979 = ( GEOMETRIC_REPRESENTATION_CONTEXT(2) 
PARAMETRIC_REPRESENTATION_CONTEXT() REPRESENTATION_CONTEXT('2D SPACE',''
  ) );
#10980 = ORIENTED_EDGE('',*,*,#10981,.T.);
#10981 = EDGE_CURVE('',#10954,#10982,#10984,.T.);
#10982 = VERTEX_POINT('',#10983);
#10983 = CARTESIAN_POINT('',(7.770287679233,-9.592648852884,
    12.954074723632));
#10984 = SURFACE_CURVE('',#10985,(#10989,#10996),.PCURVE_S1.);
#10985 = LINE('',#10986,#10987);
#10986 = CARTESIAN_POINT('',(7.770287679233,-8.787970572718,
    15.960552898509));
#10987 = VECTOR('',#10988,1.);
#10988 = DIRECTION('',(5.740912107976E-17,-0.258547696302,
    -0.965998493134));
#10989 = PCURVE('',#2756,#10990);
#10990 = DEFINITIONAL_REPRESENTATION('',(#10991),#10995);
#10991 = LINE('',#10992,#10993);
#10992 = CARTESIAN_POINT('',(3.704556954894,1.803517651295));
#10993 = VECTOR('',#10994,1.);
#10994 = DIRECTION('',(-0.965998493134,0.258547696302));
#10995 = ( GEOMETRIC_REPRESENTATION_CONTEXT(2) 
PARAMETRIC_REPRESENTATION_CONTEXT() REPRESENTATION_CONTEXT('2D SPACE',''
  ) );
#10996 = PCURVE('',#10997,#11002);
#10997 = PLANE('',#10998);
#10998 = AXIS2_PLACEMENT_3D('',#10999,#11000,#11001);
#10999 = CARTESIAN_POINT('',(5.613463652863,-8.787970572718,
    15.960552898509));
#11000 = DIRECTION('',(2.144947537661E-16,-0.965998493134,0.258547696302
    ));
#11001 = DIRECTION('',(5.740912107976E-17,-0.258547696302,
    -0.965998493134));
#11002 = DEFINITIONAL_REPRESENTATION('',(#11003),#11007);
#11003 = LINE('',#11004,#11005);
#11004 = CARTESIAN_POINT('',(0.,2.156824026369));
#11005 = VECTOR('',#11006,1.);
#11006 = DIRECTION('',(1.,0.));
#11007 = ( GEOMETRIC_REPRESENTATION_CONTEXT(2) 
PARAMETRIC_REPRESENTATION_CONTEXT() REPRESENTATION_CONTEXT('2D SPACE',''
  ) );
#11008 = ORIENTED_EDGE('',*,*,#11009,.T.);
#11009 = EDGE_CURVE('',#10982,#11010,#11012,.T.);
#11010 = VERTEX_POINT('',#11011);
#11011 = CARTESIAN_POINT('',(7.770287679233,-9.599891043983,
    11.585560691663));
#11012 = SURFACE_CURVE('',#11013,(#11018,#11025),.PCURVE_S1.);
#11013 = CIRCLE('',#11014,2.7);
#11014 = AXIS2_PLACEMENT_3D('',#11015,#11016,#11017);
#11015 = CARTESIAN_POINT('',(7.770287679233,-6.984452921423,
    12.255995943615));
#11016 = DIRECTION('',(1.,2.22044604925E-16,0.));
#11017 = DIRECTION('',(-2.22044604925E-16,1.,0.));
#11018 = PCURVE('',#2756,#11019);
#11019 = DEFINITIONAL_REPRESENTATION('',(#11020),#11024);
#11020 = CIRCLE('',#11021,2.7);
#11021 = AXIS2_PLACEMENT_2D('',#11022,#11023);
#11022 = CARTESIAN_POINT('',(0.,0.));
#11023 = DIRECTION('',(0.,-1.));
#11024 = ( GEOMETRIC_REPRESENTATION_CONTEXT(2) 
PARAMETRIC_REPRESENTATION_CONTEXT() REPRESENTATION_CONTEXT('2D SPACE',''
  ) );
#11025 = PCURVE('',#11026,#11031);
#11026 = CYLINDRICAL_SURFACE('',#11027,2.7);
#11027 = AXIS2_PLACEMENT_3D('',#11028,#11029,#11030);
#11028 = CARTESIAN_POINT('',(5.613463652863,-6.984452921423,
    12.255995943615));
#11029 = DIRECTION('',(1.,2.22044604925E-16,0.));
#11030 = DIRECTION('',(0.,-0.,1.));
#11031 = DEFINITIONAL_REPRESENTATION('',(#11032),#11036);
#11032 = LINE('',#11033,#11034);
#11033 = CARTESIAN_POINT('',(-1.570796326795,2.156824026369));
#11034 = VECTOR('',#11035,1.);
#11035 = DIRECTION('',(1.,0.));
#11036 = ( GEOMETRIC_REPRESENTATION_CONTEXT(2) 
PARAMETRIC_REPRESENTATION_CONTEXT() REPRESENTATION_CONTEXT('2D SPACE',''
  ) );
#11037 = ORIENTED_EDGE('',*,*,#11038,.T.);
#11038 = EDGE_CURVE('',#11010,#11039,#11041,.T.);
#11039 = VERTEX_POINT('',#11040);
#11040 = CARTESIAN_POINT('',(7.770287679233,-8.787970572718,
    8.418173912924));
#11041 = SURFACE_CURVE('',#11042,(#11046,#11053),.PCURVE_S1.);
#11042 = LINE('',#11043,#11044);
#11043 = CARTESIAN_POINT('',(7.770287679233,-9.599891043983,
    11.585560691663));
#11044 = VECTOR('',#11045,1.);
#11045 = DIRECTION('',(-5.513575209167E-17,0.248309352575,
    -0.968680786133));
#11046 = PCURVE('',#2756,#11047);
#11047 = DEFINITIONAL_REPRESENTATION('',(#11048),#11052);
#11048 = LINE('',#11049,#11050);
#11049 = CARTESIAN_POINT('',(-0.670435251952,2.61543812256));
#11050 = VECTOR('',#11051,1.);
#11051 = DIRECTION('',(-0.968680786133,-0.248309352575));
#11052 = ( GEOMETRIC_REPRESENTATION_CONTEXT(2) 
PARAMETRIC_REPRESENTATION_CONTEXT() REPRESENTATION_CONTEXT('2D SPACE',''
  ) );
#11053 = PCURVE('',#11054,#11059);
#11054 = PLANE('',#11055);
#11055 = AXIS2_PLACEMENT_3D('',#11056,#11057,#11058);
#11056 = CARTESIAN_POINT('',(5.613463652863,-9.599891043983,
    11.585560691663));
#11057 = DIRECTION('',(2.150903424554E-16,-0.968680786133,
    -0.248309352575));
#11058 = DIRECTION('',(-5.513575209167E-17,0.248309352575,
    -0.968680786133));
#11059 = DEFINITIONAL_REPRESENTATION('',(#11060),#11064);
#11060 = LINE('',#11061,#11062);
#11061 = CARTESIAN_POINT('',(0.,2.156824026369));
#11062 = VECTOR('',#11063,1.);
#11063 = DIRECTION('',(1.,0.));
#11064 = ( GEOMETRIC_REPRESENTATION_CONTEXT(2) 
PARAMETRIC_REPRESENTATION_CONTEXT() REPRESENTATION_CONTEXT('2D SPACE',''
  ) );
#11065 = ORIENTED_EDGE('',*,*,#11066,.T.);
#11066 = EDGE_CURVE('',#11039,#2713,#11067,.T.);
#11067 = SURFACE_CURVE('',#11068,(#11072,#11079),.PCURVE_S1.);
#11068 = LINE('',#11069,#11070);
#11069 = CARTESIAN_POINT('',(7.770287679233,-8.787970572718,
    8.418173912924));
#11070 = VECTOR('',#11071,1.);
#11071 = DIRECTION('',(-2.22044604925E-16,1.,0.));
#11072 = PCURVE('',#2756,#11073);
#11073 = DEFINITIONAL_REPRESENTATION('',(#11074),#11078);
#11074 = LINE('',#11075,#11076);
#11075 = CARTESIAN_POINT('',(-3.837822030691,1.803517651295));
#11076 = VECTOR('',#11077,1.);
#11077 = DIRECTION('',(0.,-1.));
#11078 = ( GEOMETRIC_REPRESENTATION_CONTEXT(2) 
PARAMETRIC_REPRESENTATION_CONTEXT() REPRESENTATION_CONTEXT('2D SPACE',''
  ) );
#11079 = PCURVE('',#2728,#11080);
#11080 = DEFINITIONAL_REPRESENTATION('',(#11081),#11085);
#11081 = LINE('',#11082,#11083);
#11082 = CARTESIAN_POINT('',(0.,2.156824026369));
#11083 = VECTOR('',#11084,1.);
#11084 = DIRECTION('',(1.,0.));
#11085 = ( GEOMETRIC_REPRESENTATION_CONTEXT(2) 
PARAMETRIC_REPRESENTATION_CONTEXT() REPRESENTATION_CONTEXT('2D SPACE',''
  ) );
#11086 = ORIENTED_EDGE('',*,*,#2740,.T.);
#11087 = ORIENTED_EDGE('',*,*,#7669,.T.);
#11088 = ORIENTED_EDGE('',*,*,#4510,.F.);
#11089 = ORIENTED_EDGE('',*,*,#11090,.F.);
#11090 = EDGE_CURVE('',#11091,#4511,#11093,.T.);
#11091 = VERTEX_POINT('',#11092);
#11092 = CARTESIAN_POINT('',(7.770287679233,-8.454649355997,
    6.029325323827));
#11093 = SURFACE_CURVE('',#11094,(#11098,#11105),.PCURVE_S1.);
#11094 = LINE('',#11095,#11096);
#11095 = CARTESIAN_POINT('',(7.770287679233,-29.56570086721,
    6.029325323827));
#11096 = VECTOR('',#11097,1.);
#11097 = DIRECTION('',(-2.22044604925E-16,1.,0.));
#11098 = PCURVE('',#2756,#11099);
#11099 = DEFINITIONAL_REPRESENTATION('',(#11100),#11104);
#11100 = LINE('',#11101,#11102);
#11101 = CARTESIAN_POINT('',(-6.226670619789,22.581247945789));
#11102 = VECTOR('',#11103,1.);
#11103 = DIRECTION('',(0.,-1.));
#11104 = ( GEOMETRIC_REPRESENTATION_CONTEXT(2) 
PARAMETRIC_REPRESENTATION_CONTEXT() REPRESENTATION_CONTEXT('2D SPACE',''
  ) );
#11105 = PCURVE('',#4549,#11106);
#11106 = DEFINITIONAL_REPRESENTATION('',(#11107),#11111);
#11107 = LINE('',#11108,#11109);
#11108 = CARTESIAN_POINT('',(0.,2.156824026369));
#11109 = VECTOR('',#11110,1.);
#11110 = DIRECTION('',(-1.,0.));
#11111 = ( GEOMETRIC_REPRESENTATION_CONTEXT(2) 
PARAMETRIC_REPRESENTATION_CONTEXT() REPRESENTATION_CONTEXT('2D SPACE',''
  ) );
#11112 = ORIENTED_EDGE('',*,*,#11113,.F.);
#11113 = EDGE_CURVE('',#11114,#11091,#11116,.T.);
#11114 = VERTEX_POINT('',#11115);
#11115 = CARTESIAN_POINT('',(7.770287679233,-9.282466122857,
    6.857142090687));
#11116 = SURFACE_CURVE('',#11117,(#11122,#11129),.PCURVE_S1.);
#11117 = CIRCLE('',#11118,0.82781676686);
#11118 = AXIS2_PLACEMENT_3D('',#11119,#11120,#11121);
#11119 = CARTESIAN_POINT('',(7.770287679233,-8.454649355997,
    6.857142090687));
#11120 = DIRECTION('',(1.,2.22044604925E-16,0.));
#11121 = DIRECTION('',(0.,-0.,1.));
#11122 = PCURVE('',#2756,#11123);
#11123 = DEFINITIONAL_REPRESENTATION('',(#11124),#11128);
#11124 = CIRCLE('',#11125,0.82781676686);
#11125 = AXIS2_PLACEMENT_2D('',#11126,#11127);
#11126 = CARTESIAN_POINT('',(-5.398853852928,1.470196434574));
#11127 = DIRECTION('',(1.,0.));
#11128 = ( GEOMETRIC_REPRESENTATION_CONTEXT(2) 
PARAMETRIC_REPRESENTATION_CONTEXT() REPRESENTATION_CONTEXT('2D SPACE',''
  ) );
#11129 = PCURVE('',#2672,#11130);
#11130 = DEFINITIONAL_REPRESENTATION('',(#11131),#11135);
#11131 = LINE('',#11132,#11133);
#11132 = CARTESIAN_POINT('',(3.14159265359,2.889197257995));
#11133 = VECTOR('',#11134,1.);
#11134 = DIRECTION('',(-1.,0.));
#11135 = ( GEOMETRIC_REPRESENTATION_CONTEXT(2) 
PARAMETRIC_REPRESENTATION_CONTEXT() REPRESENTATION_CONTEXT('2D SPACE',''
  ) );
#11136 = ORIENTED_EDGE('',*,*,#11137,.T.);
#11137 = EDGE_CURVE('',#11114,#11138,#11140,.T.);
#11138 = VERTEX_POINT('',#11139);
#11139 = CARTESIAN_POINT('',(7.770287679233,-9.282466122857,
    7.371495425888));
#11140 = SURFACE_CURVE('',#11141,(#11145,#11152),.PCURVE_S1.);
#11141 = LINE('',#11142,#11143);
#11142 = CARTESIAN_POINT('',(7.770287679233,-9.282466122857,
    5.959205082588));
#11143 = VECTOR('',#11144,1.);
#11144 = DIRECTION('',(0.,0.,1.));
#11145 = PCURVE('',#2756,#11146);
#11146 = DEFINITIONAL_REPRESENTATION('',(#11147),#11151);
#11147 = LINE('',#11148,#11149);
#11148 = CARTESIAN_POINT('',(-6.296790861027,2.298013201434));
#11149 = VECTOR('',#11150,1.);
#11150 = DIRECTION('',(1.,0.));
#11151 = ( GEOMETRIC_REPRESENTATION_CONTEXT(2) 
PARAMETRIC_REPRESENTATION_CONTEXT() REPRESENTATION_CONTEXT('2D SPACE',''
  ) );
#11152 = PCURVE('',#11153,#11158);
#11153 = PLANE('',#11154);
#11154 = AXIS2_PLACEMENT_3D('',#11155,#11156,#11157);
#11155 = CARTESIAN_POINT('',(5.613463652863,-9.282466122857,
    5.959205082588));
#11156 = DIRECTION('',(-2.22044604925E-16,1.,0.));
#11157 = DIRECTION('',(0.,0.,1.));
#11158 = DEFINITIONAL_REPRESENTATION('',(#11159),#11163);
#11159 = LINE('',#11160,#11161);
#11160 = CARTESIAN_POINT('',(0.,2.156824026369));
#11161 = VECTOR('',#11162,1.);
#11162 = DIRECTION('',(1.,0.));
#11163 = ( GEOMETRIC_REPRESENTATION_CONTEXT(2) 
PARAMETRIC_REPRESENTATION_CONTEXT() REPRESENTATION_CONTEXT('2D SPACE',''
  ) );
#11164 = ORIENTED_EDGE('',*,*,#11165,.T.);
#11165 = EDGE_CURVE('',#11138,#11166,#11168,.T.);
#11166 = VERTEX_POINT('',#11167);
#11167 = CARTESIAN_POINT('',(7.770287679233,-10.40989041079,
    11.288866089054));
#11168 = SURFACE_CURVE('',#11169,(#11173,#11180),.PCURVE_S1.);
#11169 = LINE('',#11170,#11171);
#11170 = CARTESIAN_POINT('',(7.770287679233,-9.282466122857,
    7.371495425888));
#11171 = VECTOR('',#11172,1.);
#11172 = DIRECTION('',(6.141195041947E-17,-0.276574837025,0.960992382657
    ));
#11173 = PCURVE('',#2756,#11174);
#11174 = DEFINITIONAL_REPRESENTATION('',(#11175),#11179);
#11175 = LINE('',#11176,#11177);
#11176 = CARTESIAN_POINT('',(-4.884500517728,2.298013201434));
#11177 = VECTOR('',#11178,1.);
#11178 = DIRECTION('',(0.960992382657,0.276574837025));
#11179 = ( GEOMETRIC_REPRESENTATION_CONTEXT(2) 
PARAMETRIC_REPRESENTATION_CONTEXT() REPRESENTATION_CONTEXT('2D SPACE',''
  ) );
#11180 = PCURVE('',#11181,#11186);
#11181 = PLANE('',#11182);
#11182 = AXIS2_PLACEMENT_3D('',#11183,#11184,#11185);
#11183 = CARTESIAN_POINT('',(5.613463652863,-9.282466122857,
    7.371495425888));
#11184 = DIRECTION('',(-2.13383173943E-16,0.960992382657,0.276574837025)
  );
#11185 = DIRECTION('',(6.141195041947E-17,-0.276574837025,0.960992382657
    ));
#11186 = DEFINITIONAL_REPRESENTATION('',(#11187),#11191);
#11187 = LINE('',#11188,#11189);
#11188 = CARTESIAN_POINT('',(0.,2.156824026369));
#11189 = VECTOR('',#11190,1.);
#11190 = DIRECTION('',(1.,0.));
#11191 = ( GEOMETRIC_REPRESENTATION_CONTEXT(2) 
PARAMETRIC_REPRESENTATION_CONTEXT() REPRESENTATION_CONTEXT('2D SPACE',''
  ) );
#11192 = ORIENTED_EDGE('',*,*,#11193,.T.);
#11193 = EDGE_CURVE('',#11166,#10420,#11194,.T.);
#11194 = SURFACE_CURVE('',#11195,(#11200,#11211),.PCURVE_S1.);
#11195 = CIRCLE('',#11196,2.7);
#11196 = AXIS2_PLACEMENT_3D('',#11197,#11198,#11199);
#11197 = CARTESIAN_POINT('',(7.770287679233,-7.815210977623,
    12.035618149022));
#11198 = DIRECTION('',(-1.,-2.22044604925E-16,0.));
#11199 = DIRECTION('',(-2.22044604925E-16,1.,0.));
#11200 = PCURVE('',#2756,#11201);
#11201 = DEFINITIONAL_REPRESENTATION('',(#11202),#11210);
#11202 = ( BOUNDED_CURVE() B_SPLINE_CURVE(2,(#11203,#11204,#11205,#11206
    ,#11207,#11208,#11209),.UNSPECIFIED.,.T.,.F.) 
B_SPLINE_CURVE_WITH_KNOTS((1,2,2,2,2,1),(-2.094395102393,0.,
    2.094395102393,4.188790204786,6.28318530718,8.377580409573),
.UNSPECIFIED.) CURVE() GEOMETRIC_REPRESENTATION_ITEM() 
RATIONAL_B_SPLINE_CURVE((1.,0.5,1.,0.5,1.,0.5,1.)) REPRESENTATION_ITEM(
  '') );
#11203 = CARTESIAN_POINT('',(-0.220377794593,-1.869241943799));
#11204 = CARTESIAN_POINT('',(-4.896914975029,-1.869241943799));
#11205 = CARTESIAN_POINT('',(-2.558646384811,2.180758056201));
#11206 = CARTESIAN_POINT('',(-0.220377794593,6.230758056201));
#11207 = CARTESIAN_POINT('',(2.117890795625,2.180758056201));
#11208 = CARTESIAN_POINT('',(4.456159385843,-1.869241943799));
#11209 = CARTESIAN_POINT('',(-0.220377794593,-1.869241943799));
#11210 = ( GEOMETRIC_REPRESENTATION_CONTEXT(2) 
PARAMETRIC_REPRESENTATION_CONTEXT() REPRESENTATION_CONTEXT('2D SPACE',''
  ) );
#11211 = PCURVE('',#11212,#11217);
#11212 = CYLINDRICAL_SURFACE('',#11213,2.7);
#11213 = AXIS2_PLACEMENT_3D('',#11214,#11215,#11216);
#11214 = CARTESIAN_POINT('',(5.613463652863,-7.815210977623,
    12.035618149022));
#11215 = DIRECTION('',(1.,2.22044604925E-16,0.));
#11216 = DIRECTION('',(0.,-0.,1.));
#11217 = DEFINITIONAL_REPRESENTATION('',(#11218),#11222);
#11218 = LINE('',#11219,#11220);
#11219 = CARTESIAN_POINT('',(4.712388980385,2.156824026369));
#11220 = VECTOR('',#11221,1.);
#11221 = DIRECTION('',(-1.,0.));
#11222 = ( GEOMETRIC_REPRESENTATION_CONTEXT(2) 
PARAMETRIC_REPRESENTATION_CONTEXT() REPRESENTATION_CONTEXT('2D SPACE',''
  ) );
#11223 = ADVANCED_FACE('',(#11224),#2728,.F.);
#11224 = FACE_BOUND('',#11225,.T.);
#11225 = EDGE_LOOP('',(#11226,#11249,#11250,#11251));
#11226 = ORIENTED_EDGE('',*,*,#11227,.T.);
#11227 = EDGE_CURVE('',#11228,#2685,#11230,.T.);
#11228 = VERTEX_POINT('',#11229);
#11229 = CARTESIAN_POINT('',(10.659484937228,-8.787970572718,
    8.418173912924));
#11230 = SURFACE_CURVE('',#11231,(#11235,#11242),.PCURVE_S1.);
#11231 = LINE('',#11232,#11233);
#11232 = CARTESIAN_POINT('',(10.659484937228,-8.787970572718,
    8.418173912924));
#11233 = VECTOR('',#11234,1.);
#11234 = DIRECTION('',(-2.22044604925E-16,1.,0.));
#11235 = PCURVE('',#2728,#11236);
#11236 = DEFINITIONAL_REPRESENTATION('',(#11237),#11241);
#11237 = LINE('',#11238,#11239);
#11238 = CARTESIAN_POINT('',(0.,5.046021284364));
#11239 = VECTOR('',#11240,1.);
#11240 = DIRECTION('',(1.,0.));
#11241 = ( GEOMETRIC_REPRESENTATION_CONTEXT(2) 
PARAMETRIC_REPRESENTATION_CONTEXT() REPRESENTATION_CONTEXT('2D SPACE',''
  ) );
#11242 = PCURVE('',#2700,#11243);
#11243 = DEFINITIONAL_REPRESENTATION('',(#11244),#11248);
#11244 = LINE('',#11245,#11246);
#11245 = CARTESIAN_POINT('',(-3.837822030691,1.803517651295));
#11246 = VECTOR('',#11247,1.);
#11247 = DIRECTION('',(0.,-1.));
#11248 = ( GEOMETRIC_REPRESENTATION_CONTEXT(2) 
PARAMETRIC_REPRESENTATION_CONTEXT() REPRESENTATION_CONTEXT('2D SPACE',''
  ) );
#11249 = ORIENTED_EDGE('',*,*,#2712,.T.);
#11250 = ORIENTED_EDGE('',*,*,#11066,.F.);
#11251 = ORIENTED_EDGE('',*,*,#11252,.T.);
#11252 = EDGE_CURVE('',#11039,#11228,#11253,.T.);
#11253 = SURFACE_CURVE('',#11254,(#11258,#11265),.PCURVE_S1.);
#11254 = LINE('',#11255,#11256);
#11255 = CARTESIAN_POINT('',(5.613463652863,-8.787970572718,
    8.418173912924));
#11256 = VECTOR('',#11257,1.);
#11257 = DIRECTION('',(1.,2.22044604925E-16,0.));
#11258 = PCURVE('',#2728,#11259);
#11259 = DEFINITIONAL_REPRESENTATION('',(#11260),#11264);
#11260 = LINE('',#11261,#11262);
#11261 = CARTESIAN_POINT('',(0.,0.));
#11262 = VECTOR('',#11263,1.);
#11263 = DIRECTION('',(0.,1.));
#11264 = ( GEOMETRIC_REPRESENTATION_CONTEXT(2) 
PARAMETRIC_REPRESENTATION_CONTEXT() REPRESENTATION_CONTEXT('2D SPACE',''
  ) );
#11265 = PCURVE('',#11054,#11266);
#11266 = DEFINITIONAL_REPRESENTATION('',(#11267),#11271);
#11267 = LINE('',#11268,#11269);
#11268 = CARTESIAN_POINT('',(3.269794161379,0.));
#11269 = VECTOR('',#11270,1.);
#11270 = DIRECTION('',(0.,1.));
#11271 = ( GEOMETRIC_REPRESENTATION_CONTEXT(2) 
PARAMETRIC_REPRESENTATION_CONTEXT() REPRESENTATION_CONTEXT('2D SPACE',''
  ) );
#11272 = ADVANCED_FACE('',(#11273),#2700,.T.);
#11273 = FACE_BOUND('',#11274,.T.);
#11274 = EDGE_LOOP('',(#11275,#11300,#11323,#11351,#11374,#11397,#11419,
    #11420,#11421,#11444,#11468,#11491,#11514,#11537,#11560,#11583,
    #11606,#11629,#11652,#11675,#11698,#11721,#11744,#11767,#11790,
    #11813,#11836,#11859,#11882));
#11275 = ORIENTED_EDGE('',*,*,#11276,.F.);
#11276 = EDGE_CURVE('',#11277,#11279,#11281,.T.);
#11277 = VERTEX_POINT('',#11278);
#11278 = CARTESIAN_POINT('',(10.659484937228,-10.24695758792,
    13.392955475094));
#11279 = VERTEX_POINT('',#11280);
#11280 = CARTESIAN_POINT('',(10.659484937228,-10.10539282761,
    13.433697994201));
#11281 = SURFACE_CURVE('',#11282,(#11286,#11293),.PCURVE_S1.);
#11282 = LINE('',#11283,#11284);
#11283 = CARTESIAN_POINT('',(10.659484937228,-8.628378053685,
    13.858784735529));
#11284 = VECTOR('',#11285,1.);
#11285 = DIRECTION('',(-2.13383173943E-16,0.960992382657,0.276574837025)
  );
#11286 = PCURVE('',#2700,#11287);
#11287 = DEFINITIONAL_REPRESENTATION('',(#11288),#11292);
#11288 = LINE('',#11289,#11290);
#11289 = CARTESIAN_POINT('',(1.602788791914,1.643925132262));
#11290 = VECTOR('',#11291,1.);
#11291 = DIRECTION('',(0.276574837025,-0.960992382657));
#11292 = ( GEOMETRIC_REPRESENTATION_CONTEXT(2) 
PARAMETRIC_REPRESENTATION_CONTEXT() REPRESENTATION_CONTEXT('2D SPACE',''
  ) );
#11293 = PCURVE('',#10465,#11294);
#11294 = DEFINITIONAL_REPRESENTATION('',(#11295),#11299);
#11295 = LINE('',#11296,#11297);
#11296 = CARTESIAN_POINT('',(1.536968243027,-7.056555531008));
#11297 = VECTOR('',#11298,1.);
#11298 = DIRECTION('',(1.,0.));
#11299 = ( GEOMETRIC_REPRESENTATION_CONTEXT(2) 
PARAMETRIC_REPRESENTATION_CONTEXT() REPRESENTATION_CONTEXT('2D SPACE',''
  ) );
#11300 = ORIENTED_EDGE('',*,*,#11301,.F.);
#11301 = EDGE_CURVE('',#11302,#11277,#11304,.T.);
#11302 = VERTEX_POINT('',#11303);
#11303 = CARTESIAN_POINT('',(10.659484937228,-10.42340690908,
    12.733696929039));
#11304 = SURFACE_CURVE('',#11305,(#11309,#11316),.PCURVE_S1.);
#11305 = LINE('',#11306,#11307);
#11306 = CARTESIAN_POINT('',(10.659484937228,-10.42340690908,
    12.733696929039));
#11307 = VECTOR('',#11308,1.);
#11308 = DIRECTION('',(-5.740912107976E-17,0.258547696302,0.965998493134
    ));
#11309 = PCURVE('',#2700,#11310);
#11310 = DEFINITIONAL_REPRESENTATION('',(#11311),#11315);
#11311 = LINE('',#11312,#11313);
#11312 = CARTESIAN_POINT('',(0.477700985423,3.438953987662));
#11313 = VECTOR('',#11314,1.);
#11314 = DIRECTION('',(0.965998493134,-0.258547696302));
#11315 = ( GEOMETRIC_REPRESENTATION_CONTEXT(2) 
PARAMETRIC_REPRESENTATION_CONTEXT() REPRESENTATION_CONTEXT('2D SPACE',''
  ) );
#11316 = PCURVE('',#10437,#11317);
#11317 = DEFINITIONAL_REPRESENTATION('',(#11318),#11322);
#11318 = LINE('',#11319,#11320);
#11319 = CARTESIAN_POINT('',(0.,5.046021284364));
#11320 = VECTOR('',#11321,1.);
#11321 = DIRECTION('',(1.,0.));
#11322 = ( GEOMETRIC_REPRESENTATION_CONTEXT(2) 
PARAMETRIC_REPRESENTATION_CONTEXT() REPRESENTATION_CONTEXT('2D SPACE',''
  ) );
#11323 = ORIENTED_EDGE('',*,*,#11324,.F.);
#11324 = EDGE_CURVE('',#11325,#11302,#11327,.T.);
#11325 = VERTEX_POINT('',#11326);
#11326 = CARTESIAN_POINT('',(10.659484937228,-10.40989041079,
    11.288866089054));
#11327 = SURFACE_CURVE('',#11328,(#11333,#11344),.PCURVE_S1.);
#11328 = CIRCLE('',#11329,2.7);
#11329 = AXIS2_PLACEMENT_3D('',#11330,#11331,#11332);
#11330 = CARTESIAN_POINT('',(10.659484937228,-7.815210977623,
    12.035618149022));
#11331 = DIRECTION('',(-1.,-2.22044604925E-16,0.));
#11332 = DIRECTION('',(-2.22044604925E-16,1.,0.));
#11333 = PCURVE('',#2700,#11334);
#11334 = DEFINITIONAL_REPRESENTATION('',(#11335),#11343);
#11335 = ( BOUNDED_CURVE() B_SPLINE_CURVE(2,(#11336,#11337,#11338,#11339
    ,#11340,#11341,#11342),.UNSPECIFIED.,.T.,.F.) 
B_SPLINE_CURVE_WITH_KNOTS((1,2,2,2,2,1),(-2.094395102393,0.,
    2.094395102393,4.188790204786,6.28318530718,8.377580409573),
.UNSPECIFIED.) CURVE() GEOMETRIC_REPRESENTATION_ITEM() 
RATIONAL_B_SPLINE_CURVE((1.,0.5,1.,0.5,1.,0.5,1.)) REPRESENTATION_ITEM(
  '') );
#11336 = CARTESIAN_POINT('',(-0.220377794593,-1.869241943799));
#11337 = CARTESIAN_POINT('',(-4.896914975029,-1.869241943799));
#11338 = CARTESIAN_POINT('',(-2.558646384811,2.180758056201));
#11339 = CARTESIAN_POINT('',(-0.220377794593,6.230758056201));
#11340 = CARTESIAN_POINT('',(2.117890795625,2.180758056201));
#11341 = CARTESIAN_POINT('',(4.456159385843,-1.869241943799));
#11342 = CARTESIAN_POINT('',(-0.220377794593,-1.869241943799));
#11343 = ( GEOMETRIC_REPRESENTATION_CONTEXT(2) 
PARAMETRIC_REPRESENTATION_CONTEXT() REPRESENTATION_CONTEXT('2D SPACE',''
  ) );
#11344 = PCURVE('',#11212,#11345);
#11345 = DEFINITIONAL_REPRESENTATION('',(#11346),#11350);
#11346 = LINE('',#11347,#11348);
#11347 = CARTESIAN_POINT('',(4.712388980385,5.046021284364));
#11348 = VECTOR('',#11349,1.);
#11349 = DIRECTION('',(-1.,0.));
#11350 = ( GEOMETRIC_REPRESENTATION_CONTEXT(2) 
PARAMETRIC_REPRESENTATION_CONTEXT() REPRESENTATION_CONTEXT('2D SPACE',''
  ) );
#11351 = ORIENTED_EDGE('',*,*,#11352,.F.);
#11352 = EDGE_CURVE('',#11353,#11325,#11355,.T.);
#11353 = VERTEX_POINT('',#11354);
#11354 = CARTESIAN_POINT('',(10.659484937228,-9.282466122857,
    7.371495425888));
#11355 = SURFACE_CURVE('',#11356,(#11360,#11367),.PCURVE_S1.);
#11356 = LINE('',#11357,#11358);
#11357 = CARTESIAN_POINT('',(10.659484937228,-9.282466122857,
    7.371495425888));
#11358 = VECTOR('',#11359,1.);
#11359 = DIRECTION('',(6.141195041947E-17,-0.276574837025,0.960992382657
    ));
#11360 = PCURVE('',#2700,#11361);
#11361 = DEFINITIONAL_REPRESENTATION('',(#11362),#11366);
#11362 = LINE('',#11363,#11364);
#11363 = CARTESIAN_POINT('',(-4.884500517728,2.298013201434));
#11364 = VECTOR('',#11365,1.);
#11365 = DIRECTION('',(0.960992382657,0.276574837025));
#11366 = ( GEOMETRIC_REPRESENTATION_CONTEXT(2) 
PARAMETRIC_REPRESENTATION_CONTEXT() REPRESENTATION_CONTEXT('2D SPACE',''
  ) );
#11367 = PCURVE('',#11181,#11368);
#11368 = DEFINITIONAL_REPRESENTATION('',(#11369),#11373);
#11369 = LINE('',#11370,#11371);
#11370 = CARTESIAN_POINT('',(0.,5.046021284364));
#11371 = VECTOR('',#11372,1.);
#11372 = DIRECTION('',(1.,0.));
#11373 = ( GEOMETRIC_REPRESENTATION_CONTEXT(2) 
PARAMETRIC_REPRESENTATION_CONTEXT() REPRESENTATION_CONTEXT('2D SPACE',''
  ) );
#11374 = ORIENTED_EDGE('',*,*,#11375,.F.);
#11375 = EDGE_CURVE('',#11376,#11353,#11378,.T.);
#11376 = VERTEX_POINT('',#11377);
#11377 = CARTESIAN_POINT('',(10.659484937228,-9.282466122857,
    6.857142090687));
#11378 = SURFACE_CURVE('',#11379,(#11383,#11390),.PCURVE_S1.);
#11379 = LINE('',#11380,#11381);
#11380 = CARTESIAN_POINT('',(10.659484937228,-9.282466122857,
    5.959205082588));
#11381 = VECTOR('',#11382,1.);
#11382 = DIRECTION('',(0.,0.,1.));
#11383 = PCURVE('',#2700,#11384);
#11384 = DEFINITIONAL_REPRESENTATION('',(#11385),#11389);
#11385 = LINE('',#11386,#11387);
#11386 = CARTESIAN_POINT('',(-6.296790861027,2.298013201434));
#11387 = VECTOR('',#11388,1.);
#11388 = DIRECTION('',(1.,0.));
#11389 = ( GEOMETRIC_REPRESENTATION_CONTEXT(2) 
PARAMETRIC_REPRESENTATION_CONTEXT() REPRESENTATION_CONTEXT('2D SPACE',''
  ) );
#11390 = PCURVE('',#11153,#11391);
#11391 = DEFINITIONAL_REPRESENTATION('',(#11392),#11396);
#11392 = LINE('',#11393,#11394);
#11393 = CARTESIAN_POINT('',(0.,5.046021284364));
#11394 = VECTOR('',#11395,1.);
#11395 = DIRECTION('',(1.,0.));
#11396 = ( GEOMETRIC_REPRESENTATION_CONTEXT(2) 
PARAMETRIC_REPRESENTATION_CONTEXT() REPRESENTATION_CONTEXT('2D SPACE',''
  ) );
#11397 = ORIENTED_EDGE('',*,*,#11398,.T.);
#11398 = EDGE_CURVE('',#11376,#2657,#11399,.T.);
#11399 = SURFACE_CURVE('',#11400,(#11405,#11412),.PCURVE_S1.);
#11400 = CIRCLE('',#11401,0.82781676686);
#11401 = AXIS2_PLACEMENT_3D('',#11402,#11403,#11404);
#11402 = CARTESIAN_POINT('',(10.659484937228,-8.454649355997,
    6.857142090687));
#11403 = DIRECTION('',(1.,2.22044604925E-16,0.));
#11404 = DIRECTION('',(0.,-0.,1.));
#11405 = PCURVE('',#2700,#11406);
#11406 = DEFINITIONAL_REPRESENTATION('',(#11407),#11411);
#11407 = CIRCLE('',#11408,0.82781676686);
#11408 = AXIS2_PLACEMENT_2D('',#11409,#11410);
#11409 = CARTESIAN_POINT('',(-5.398853852928,1.470196434574));
#11410 = DIRECTION('',(1.,0.));
#11411 = ( GEOMETRIC_REPRESENTATION_CONTEXT(2) 
PARAMETRIC_REPRESENTATION_CONTEXT() REPRESENTATION_CONTEXT('2D SPACE',''
  ) );
#11412 = PCURVE('',#2672,#11413);
#11413 = DEFINITIONAL_REPRESENTATION('',(#11414),#11418);
#11414 = LINE('',#11415,#11416);
#11415 = CARTESIAN_POINT('',(3.14159265359,0.));
#11416 = VECTOR('',#11417,1.);
#11417 = DIRECTION('',(-1.,0.));
#11418 = ( GEOMETRIC_REPRESENTATION_CONTEXT(2) 
PARAMETRIC_REPRESENTATION_CONTEXT() REPRESENTATION_CONTEXT('2D SPACE',''
  ) );
#11419 = ORIENTED_EDGE('',*,*,#2684,.F.);
#11420 = ORIENTED_EDGE('',*,*,#11227,.F.);
#11421 = ORIENTED_EDGE('',*,*,#11422,.F.);
#11422 = EDGE_CURVE('',#11423,#11228,#11425,.T.);
#11423 = VERTEX_POINT('',#11424);
#11424 = CARTESIAN_POINT('',(10.659484937228,-9.599891043983,
    11.585560691663));
#11425 = SURFACE_CURVE('',#11426,(#11430,#11437),.PCURVE_S1.);
#11426 = LINE('',#11427,#11428);
#11427 = CARTESIAN_POINT('',(10.659484937228,-9.599891043983,
    11.585560691663));
#11428 = VECTOR('',#11429,1.);
#11429 = DIRECTION('',(-5.513575209167E-17,0.248309352575,
    -0.968680786133));
#11430 = PCURVE('',#2700,#11431);
#11431 = DEFINITIONAL_REPRESENTATION('',(#11432),#11436);
#11432 = LINE('',#11433,#11434);
#11433 = CARTESIAN_POINT('',(-0.670435251952,2.61543812256));
#11434 = VECTOR('',#11435,1.);
#11435 = DIRECTION('',(-0.968680786133,-0.248309352575));
#11436 = ( GEOMETRIC_REPRESENTATION_CONTEXT(2) 
PARAMETRIC_REPRESENTATION_CONTEXT() REPRESENTATION_CONTEXT('2D SPACE',''
  ) );
#11437 = PCURVE('',#11054,#11438);
#11438 = DEFINITIONAL_REPRESENTATION('',(#11439),#11443);
#11439 = LINE('',#11440,#11441);
#11440 = CARTESIAN_POINT('',(0.,5.046021284364));
#11441 = VECTOR('',#11442,1.);
#11442 = DIRECTION('',(1.,0.));
#11443 = ( GEOMETRIC_REPRESENTATION_CONTEXT(2) 
PARAMETRIC_REPRESENTATION_CONTEXT() REPRESENTATION_CONTEXT('2D SPACE',''
  ) );
#11444 = ORIENTED_EDGE('',*,*,#11445,.F.);
#11445 = EDGE_CURVE('',#11446,#11423,#11448,.T.);
#11446 = VERTEX_POINT('',#11447);
#11447 = CARTESIAN_POINT('',(10.659484937228,-9.592648852884,
    12.954074723632));
#11448 = SURFACE_CURVE('',#11449,(#11454,#11461),.PCURVE_S1.);
#11449 = CIRCLE('',#11450,2.7);
#11450 = AXIS2_PLACEMENT_3D('',#11451,#11452,#11453);
#11451 = CARTESIAN_POINT('',(10.659484937228,-6.984452921423,
    12.255995943615));
#11452 = DIRECTION('',(1.,2.22044604925E-16,0.));
#11453 = DIRECTION('',(-2.22044604925E-16,1.,0.));
#11454 = PCURVE('',#2700,#11455);
#11455 = DEFINITIONAL_REPRESENTATION('',(#11456),#11460);
#11456 = CIRCLE('',#11457,2.7);
#11457 = AXIS2_PLACEMENT_2D('',#11458,#11459);
#11458 = CARTESIAN_POINT('',(0.,0.));
#11459 = DIRECTION('',(0.,-1.));
#11460 = ( GEOMETRIC_REPRESENTATION_CONTEXT(2) 
PARAMETRIC_REPRESENTATION_CONTEXT() REPRESENTATION_CONTEXT('2D SPACE',''
  ) );
#11461 = PCURVE('',#11026,#11462);
#11462 = DEFINITIONAL_REPRESENTATION('',(#11463),#11467);
#11463 = LINE('',#11464,#11465);
#11464 = CARTESIAN_POINT('',(-1.570796326795,5.046021284364));
#11465 = VECTOR('',#11466,1.);
#11466 = DIRECTION('',(1.,0.));
#11467 = ( GEOMETRIC_REPRESENTATION_CONTEXT(2) 
PARAMETRIC_REPRESENTATION_CONTEXT() REPRESENTATION_CONTEXT('2D SPACE',''
  ) );
#11468 = ORIENTED_EDGE('',*,*,#11469,.F.);
#11469 = EDGE_CURVE('',#11470,#11446,#11472,.T.);
#11470 = VERTEX_POINT('',#11471);
#11471 = CARTESIAN_POINT('',(10.659484937228,-8.787970572718,
    15.960552898509));
#11472 = SURFACE_CURVE('',#11473,(#11477,#11484),.PCURVE_S1.);
#11473 = LINE('',#11474,#11475);
#11474 = CARTESIAN_POINT('',(10.659484937228,-8.787970572718,
    15.960552898509));
#11475 = VECTOR('',#11476,1.);
#11476 = DIRECTION('',(5.740912107976E-17,-0.258547696302,
    -0.965998493134));
#11477 = PCURVE('',#2700,#11478);
#11478 = DEFINITIONAL_REPRESENTATION('',(#11479),#11483);
#11479 = LINE('',#11480,#11481);
#11480 = CARTESIAN_POINT('',(3.704556954894,1.803517651295));
#11481 = VECTOR('',#11482,1.);
#11482 = DIRECTION('',(-0.965998493134,0.258547696302));
#11483 = ( GEOMETRIC_REPRESENTATION_CONTEXT(2) 
PARAMETRIC_REPRESENTATION_CONTEXT() REPRESENTATION_CONTEXT('2D SPACE',''
  ) );
#11484 = PCURVE('',#10997,#11485);
#11485 = DEFINITIONAL_REPRESENTATION('',(#11486),#11490);
#11486 = LINE('',#11487,#11488);
#11487 = CARTESIAN_POINT('',(0.,5.046021284364));
#11488 = VECTOR('',#11489,1.);
#11489 = DIRECTION('',(1.,0.));
#11490 = ( GEOMETRIC_REPRESENTATION_CONTEXT(2) 
PARAMETRIC_REPRESENTATION_CONTEXT() REPRESENTATION_CONTEXT('2D SPACE',''
  ) );
#11491 = ORIENTED_EDGE('',*,*,#11492,.F.);
#11492 = EDGE_CURVE('',#11493,#11470,#11495,.T.);
#11493 = VERTEX_POINT('',#11494);
#11494 = CARTESIAN_POINT('',(10.659484937228,-9.559744922926,
    15.960552898509));
#11495 = SURFACE_CURVE('',#11496,(#11500,#11507),.PCURVE_S1.);
#11496 = LINE('',#11497,#11498);
#11497 = CARTESIAN_POINT('',(10.659484937228,-9.559744922926,
    15.960552898509));
#11498 = VECTOR('',#11499,1.);
#11499 = DIRECTION('',(-2.22044604925E-16,1.,-5.619270307147E-16));
#11500 = PCURVE('',#2700,#11501);
#11501 = DEFINITIONAL_REPRESENTATION('',(#11502),#11506);
#11502 = LINE('',#11503,#11504);
#11503 = CARTESIAN_POINT('',(3.704556954894,2.575292001503));
#11504 = VECTOR('',#11505,1.);
#11505 = DIRECTION('',(-5.619270307147E-16,-1.));
#11506 = ( GEOMETRIC_REPRESENTATION_CONTEXT(2) 
PARAMETRIC_REPRESENTATION_CONTEXT() REPRESENTATION_CONTEXT('2D SPACE',''
  ) );
#11507 = PCURVE('',#10969,#11508);
#11508 = DEFINITIONAL_REPRESENTATION('',(#11509),#11513);
#11509 = LINE('',#11510,#11511);
#11510 = CARTESIAN_POINT('',(0.,5.046021284364));
#11511 = VECTOR('',#11512,1.);
#11512 = DIRECTION('',(1.,0.));
#11513 = ( GEOMETRIC_REPRESENTATION_CONTEXT(2) 
PARAMETRIC_REPRESENTATION_CONTEXT() REPRESENTATION_CONTEXT('2D SPACE',''
  ) );
#11514 = ORIENTED_EDGE('',*,*,#11515,.F.);
#11515 = EDGE_CURVE('',#11516,#11493,#11518,.T.);
#11516 = VERTEX_POINT('',#11517);
#11517 = CARTESIAN_POINT('',(10.659484937228,-9.621204823817,
    15.730923423953));
#11518 = SURFACE_CURVE('',#11519,(#11523,#11530),.PCURVE_S1.);
#11519 = LINE('',#11520,#11521);
#11520 = CARTESIAN_POINT('',(10.659484937228,-10.42340690908,
    12.733696929039));
#11521 = VECTOR('',#11522,1.);
#11522 = DIRECTION('',(-5.740912107976E-17,0.258547696302,0.965998493134
    ));
#11523 = PCURVE('',#2700,#11524);
#11524 = DEFINITIONAL_REPRESENTATION('',(#11525),#11529);
#11525 = LINE('',#11526,#11527);
#11526 = CARTESIAN_POINT('',(0.477700985423,3.438953987662));
#11527 = VECTOR('',#11528,1.);
#11528 = DIRECTION('',(0.965998493134,-0.258547696302));
#11529 = ( GEOMETRIC_REPRESENTATION_CONTEXT(2) 
PARAMETRIC_REPRESENTATION_CONTEXT() REPRESENTATION_CONTEXT('2D SPACE',''
  ) );
#11530 = PCURVE('',#10941,#11531);
#11531 = DEFINITIONAL_REPRESENTATION('',(#11532),#11536);
#11532 = LINE('',#11533,#11534);
#11533 = CARTESIAN_POINT('',(0.,5.046021284364));
#11534 = VECTOR('',#11535,1.);
#11535 = DIRECTION('',(1.,0.));
#11536 = ( GEOMETRIC_REPRESENTATION_CONTEXT(2) 
PARAMETRIC_REPRESENTATION_CONTEXT() REPRESENTATION_CONTEXT('2D SPACE',''
  ) );
#11537 = ORIENTED_EDGE('',*,*,#11538,.F.);
#11538 = EDGE_CURVE('',#11539,#11516,#11541,.T.);
#11539 = VERTEX_POINT('',#11540);
#11540 = CARTESIAN_POINT('',(10.659484937228,-9.496413861113,
    15.426953558486));
#11541 = SURFACE_CURVE('',#11542,(#11546,#11553),.PCURVE_S1.);
#11542 = LINE('',#11543,#11544);
#11543 = CARTESIAN_POINT('',(10.659484937228,-8.020073203389,
    11.830835206762));
#11544 = VECTOR('',#11545,1.);
#11545 = DIRECTION('',(8.432782086103E-17,-0.379778742607,0.925077351719
    ));
#11546 = PCURVE('',#2700,#11547);
#11547 = DEFINITIONAL_REPRESENTATION('',(#11548),#11552);
#11548 = LINE('',#11549,#11550);
#11549 = CARTESIAN_POINT('',(-0.425160736853,1.035620281966));
#11550 = VECTOR('',#11551,1.);
#11551 = DIRECTION('',(0.925077351719,0.379778742607));
#11552 = ( GEOMETRIC_REPRESENTATION_CONTEXT(2) 
PARAMETRIC_REPRESENTATION_CONTEXT() REPRESENTATION_CONTEXT('2D SPACE',''
  ) );
#11553 = PCURVE('',#10913,#11554);
#11554 = DEFINITIONAL_REPRESENTATION('',(#11555),#11559);
#11555 = LINE('',#11556,#11557);
#11556 = CARTESIAN_POINT('',(-4.215959032985,-7.056555531008));
#11557 = VECTOR('',#11558,1.);
#11558 = DIRECTION('',(1.,0.));
#11559 = ( GEOMETRIC_REPRESENTATION_CONTEXT(2) 
PARAMETRIC_REPRESENTATION_CONTEXT() REPRESENTATION_CONTEXT('2D SPACE',''
  ) );
#11560 = ORIENTED_EDGE('',*,*,#11561,.F.);
#11561 = EDGE_CURVE('',#11562,#11539,#11564,.T.);
#11562 = VERTEX_POINT('',#11563);
#11563 = CARTESIAN_POINT('',(10.659484937228,-9.719766530898,
    15.36267237441));
#11564 = SURFACE_CURVE('',#11565,(#11569,#11576),.PCURVE_S1.);
#11565 = LINE('',#11566,#11567);
#11566 = CARTESIAN_POINT('',(10.659484937228,-8.019399087178,
    15.852040299814));
#11567 = VECTOR('',#11568,1.);
#11568 = DIRECTION('',(-2.13383173943E-16,0.960992382657,0.276574837025)
  );
#11569 = PCURVE('',#2700,#11570);
#11570 = DEFINITIONAL_REPRESENTATION('',(#11571),#11575);
#11571 = LINE('',#11572,#11573);
#11572 = CARTESIAN_POINT('',(3.596044356199,1.034946165756));
#11573 = VECTOR('',#11574,1.);
#11574 = DIRECTION('',(0.276574837025,-0.960992382657));
#11575 = ( GEOMETRIC_REPRESENTATION_CONTEXT(2) 
PARAMETRIC_REPRESENTATION_CONTEXT() REPRESENTATION_CONTEXT('2D SPACE',''
  ) );
#11576 = PCURVE('',#10885,#11577);
#11577 = DEFINITIONAL_REPRESENTATION('',(#11578),#11582);
#11578 = LINE('',#11579,#11580);
#11579 = CARTESIAN_POINT('',(1.536968243027,-7.056555531008));
#11580 = VECTOR('',#11581,1.);
#11581 = DIRECTION('',(1.,0.));
#11582 = ( GEOMETRIC_REPRESENTATION_CONTEXT(2) 
PARAMETRIC_REPRESENTATION_CONTEXT() REPRESENTATION_CONTEXT('2D SPACE',''
  ) );
#11583 = ORIENTED_EDGE('',*,*,#11584,.F.);
#11584 = EDGE_CURVE('',#11585,#11562,#11587,.T.);
#11585 = VERTEX_POINT('',#11586);
#11586 = CARTESIAN_POINT('',(10.659484937228,-9.733861355904,
    15.310010602862));
#11587 = SURFACE_CURVE('',#11588,(#11592,#11599),.PCURVE_S1.);
#11588 = LINE('',#11589,#11590);
#11589 = CARTESIAN_POINT('',(10.659484937228,-10.42340690908,
    12.733696929039));
#11590 = VECTOR('',#11591,1.);
#11591 = DIRECTION('',(-5.740912107976E-17,0.258547696302,0.965998493134
    ));
#11592 = PCURVE('',#2700,#11593);
#11593 = DEFINITIONAL_REPRESENTATION('',(#11594),#11598);
#11594 = LINE('',#11595,#11596);
#11595 = CARTESIAN_POINT('',(0.477700985423,3.438953987662));
#11596 = VECTOR('',#11597,1.);
#11597 = DIRECTION('',(0.965998493134,-0.258547696302));
#11598 = ( GEOMETRIC_REPRESENTATION_CONTEXT(2) 
PARAMETRIC_REPRESENTATION_CONTEXT() REPRESENTATION_CONTEXT('2D SPACE',''
  ) );
#11599 = PCURVE('',#10857,#11600);
#11600 = DEFINITIONAL_REPRESENTATION('',(#11601),#11605);
#11601 = LINE('',#11602,#11603);
#11602 = CARTESIAN_POINT('',(0.,5.046021284364));
#11603 = VECTOR('',#11604,1.);
#11604 = DIRECTION('',(1.,0.));
#11605 = ( GEOMETRIC_REPRESENTATION_CONTEXT(2) 
PARAMETRIC_REPRESENTATION_CONTEXT() REPRESENTATION_CONTEXT('2D SPACE',''
  ) );
#11606 = ORIENTED_EDGE('',*,*,#11607,.F.);
#11607 = EDGE_CURVE('',#11608,#11585,#11610,.T.);
#11608 = VERTEX_POINT('',#11609);
#11609 = CARTESIAN_POINT('',(10.659484937228,-9.618209654414,
    15.028302445629));
#11610 = SURFACE_CURVE('',#11611,(#11615,#11622),.PCURVE_S1.);
#11611 = LINE('',#11612,#11613);
#11612 = CARTESIAN_POINT('',(10.659484937228,-8.14186899669,
    11.432184093905));
#11613 = VECTOR('',#11614,1.);
#11614 = DIRECTION('',(8.432782086103E-17,-0.379778742607,0.925077351719
    ));
#11615 = PCURVE('',#2700,#11616);
#11616 = DEFINITIONAL_REPRESENTATION('',(#11617),#11621);
#11617 = LINE('',#11618,#11619);
#11618 = CARTESIAN_POINT('',(-0.82381184971,1.157416075268));
#11619 = VECTOR('',#11620,1.);
#11620 = DIRECTION('',(0.925077351719,0.379778742607));
#11621 = ( GEOMETRIC_REPRESENTATION_CONTEXT(2) 
PARAMETRIC_REPRESENTATION_CONTEXT() REPRESENTATION_CONTEXT('2D SPACE',''
  ) );
#11622 = PCURVE('',#10829,#11623);
#11623 = DEFINITIONAL_REPRESENTATION('',(#11624),#11628);
#11624 = LINE('',#11625,#11626);
#11625 = CARTESIAN_POINT('',(-4.215959032985,-7.056555531008));
#11626 = VECTOR('',#11627,1.);
#11627 = DIRECTION('',(1.,0.));
#11628 = ( GEOMETRIC_REPRESENTATION_CONTEXT(2) 
PARAMETRIC_REPRESENTATION_CONTEXT() REPRESENTATION_CONTEXT('2D SPACE',''
  ) );
#11629 = ORIENTED_EDGE('',*,*,#11630,.F.);
#11630 = EDGE_CURVE('',#11631,#11608,#11633,.T.);
#11631 = VERTEX_POINT('',#11632);
#11632 = CARTESIAN_POINT('',(10.659484937228,-9.825204742304,
    14.968728994547));
#11633 = SURFACE_CURVE('',#11634,(#11638,#11645),.PCURVE_S1.);
#11634 = LINE('',#11635,#11636);
#11635 = CARTESIAN_POINT('',(10.659484937228,-8.14119488048,
    15.453389186957));
#11636 = VECTOR('',#11637,1.);
#11637 = DIRECTION('',(-2.13383173943E-16,0.960992382657,0.276574837025)
  );
#11638 = PCURVE('',#2700,#11639);
#11639 = DEFINITIONAL_REPRESENTATION('',(#11640),#11644);
#11640 = LINE('',#11641,#11642);
#11641 = CARTESIAN_POINT('',(3.197393243342,1.156741959057));
#11642 = VECTOR('',#11643,1.);
#11643 = DIRECTION('',(0.276574837025,-0.960992382657));
#11644 = ( GEOMETRIC_REPRESENTATION_CONTEXT(2) 
PARAMETRIC_REPRESENTATION_CONTEXT() REPRESENTATION_CONTEXT('2D SPACE',''
  ) );
#11645 = PCURVE('',#10801,#11646);
#11646 = DEFINITIONAL_REPRESENTATION('',(#11647),#11651);
#11647 = LINE('',#11648,#11649);
#11648 = CARTESIAN_POINT('',(1.536968243027,-7.056555531008));
#11649 = VECTOR('',#11650,1.);
#11650 = DIRECTION('',(1.,0.));
#11651 = ( GEOMETRIC_REPRESENTATION_CONTEXT(2) 
PARAMETRIC_REPRESENTATION_CONTEXT() REPRESENTATION_CONTEXT('2D SPACE',''
  ) );
#11652 = ORIENTED_EDGE('',*,*,#11653,.F.);
#11653 = EDGE_CURVE('',#11654,#11631,#11656,.T.);
#11654 = VERTEX_POINT('',#11655);
#11655 = CARTESIAN_POINT('',(10.659484937228,-9.84651788799,
    14.889097781772));
#11656 = SURFACE_CURVE('',#11657,(#11661,#11668),.PCURVE_S1.);
#11657 = LINE('',#11658,#11659);
#11658 = CARTESIAN_POINT('',(10.659484937228,-10.42340690908,
    12.733696929039));
#11659 = VECTOR('',#11660,1.);
#11660 = DIRECTION('',(-5.740912107976E-17,0.258547696302,0.965998493134
    ));
#11661 = PCURVE('',#2700,#11662);
#11662 = DEFINITIONAL_REPRESENTATION('',(#11663),#11667);
#11663 = LINE('',#11664,#11665);
#11664 = CARTESIAN_POINT('',(0.477700985423,3.438953987662));
#11665 = VECTOR('',#11666,1.);
#11666 = DIRECTION('',(0.965998493134,-0.258547696302));
#11667 = ( GEOMETRIC_REPRESENTATION_CONTEXT(2) 
PARAMETRIC_REPRESENTATION_CONTEXT() REPRESENTATION_CONTEXT('2D SPACE',''
  ) );
#11668 = PCURVE('',#10773,#11669);
#11669 = DEFINITIONAL_REPRESENTATION('',(#11670),#11674);
#11670 = LINE('',#11671,#11672);
#11671 = CARTESIAN_POINT('',(0.,5.046021284364));
#11672 = VECTOR('',#11673,1.);
#11673 = DIRECTION('',(1.,0.));
#11674 = ( GEOMETRIC_REPRESENTATION_CONTEXT(2) 
PARAMETRIC_REPRESENTATION_CONTEXT() REPRESENTATION_CONTEXT('2D SPACE',''
  ) );
#11675 = ORIENTED_EDGE('',*,*,#11676,.F.);
#11676 = EDGE_CURVE('',#11677,#11654,#11679,.T.);
#11677 = VERTEX_POINT('',#11678);
#11678 = CARTESIAN_POINT('',(10.659484937228,-9.740005447715,
    14.629651332772));
#11679 = SURFACE_CURVE('',#11680,(#11684,#11691),.PCURVE_S1.);
#11680 = LINE('',#11681,#11682);
#11681 = CARTESIAN_POINT('',(10.659484937228,-8.263664789992,
    11.033532981048));
#11682 = VECTOR('',#11683,1.);
#11683 = DIRECTION('',(8.432782086103E-17,-0.379778742607,0.925077351719
    ));
#11684 = PCURVE('',#2700,#11685);
#11685 = DEFINITIONAL_REPRESENTATION('',(#11686),#11690);
#11686 = LINE('',#11687,#11688);
#11687 = CARTESIAN_POINT('',(-1.222462962567,1.279211868569));
#11688 = VECTOR('',#11689,1.);
#11689 = DIRECTION('',(0.925077351719,0.379778742607));
#11690 = ( GEOMETRIC_REPRESENTATION_CONTEXT(2) 
PARAMETRIC_REPRESENTATION_CONTEXT() REPRESENTATION_CONTEXT('2D SPACE',''
  ) );
#11691 = PCURVE('',#10745,#11692);
#11692 = DEFINITIONAL_REPRESENTATION('',(#11693),#11697);
#11693 = LINE('',#11694,#11695);
#11694 = CARTESIAN_POINT('',(-4.215959032985,-7.056555531008));
#11695 = VECTOR('',#11696,1.);
#11696 = DIRECTION('',(1.,0.));
#11697 = ( GEOMETRIC_REPRESENTATION_CONTEXT(2) 
PARAMETRIC_REPRESENTATION_CONTEXT() REPRESENTATION_CONTEXT('2D SPACE',''
  ) );
#11698 = ORIENTED_EDGE('',*,*,#11699,.F.);
#11699 = EDGE_CURVE('',#11700,#11677,#11702,.T.);
#11700 = VERTEX_POINT('',#11701);
#11701 = CARTESIAN_POINT('',(10.659484937228,-9.93064295371,
    14.574785614684));
#11702 = SURFACE_CURVE('',#11703,(#11707,#11714),.PCURVE_S1.);
#11703 = LINE('',#11704,#11705);
#11704 = CARTESIAN_POINT('',(10.659484937228,-8.262990673781,
    15.0547380741));
#11705 = VECTOR('',#11706,1.);
#11706 = DIRECTION('',(-2.13383173943E-16,0.960992382657,0.276574837025)
  );
#11707 = PCURVE('',#2700,#11708);
#11708 = DEFINITIONAL_REPRESENTATION('',(#11709),#11713);
#11709 = LINE('',#11710,#11711);
#11710 = CARTESIAN_POINT('',(2.798742130485,1.278537752358));
#11711 = VECTOR('',#11712,1.);
#11712 = DIRECTION('',(0.276574837025,-0.960992382657));
#11713 = ( GEOMETRIC_REPRESENTATION_CONTEXT(2) 
PARAMETRIC_REPRESENTATION_CONTEXT() REPRESENTATION_CONTEXT('2D SPACE',''
  ) );
#11714 = PCURVE('',#10717,#11715);
#11715 = DEFINITIONAL_REPRESENTATION('',(#11716),#11720);
#11716 = LINE('',#11717,#11718);
#11717 = CARTESIAN_POINT('',(1.536968243027,-7.056555531008));
#11718 = VECTOR('',#11719,1.);
#11719 = DIRECTION('',(1.,0.));
#11720 = ( GEOMETRIC_REPRESENTATION_CONTEXT(2) 
PARAMETRIC_REPRESENTATION_CONTEXT() REPRESENTATION_CONTEXT('2D SPACE',''
  ) );
#11721 = ORIENTED_EDGE('',*,*,#11722,.F.);
#11722 = EDGE_CURVE('',#11723,#11700,#11725,.T.);
#11723 = VERTEX_POINT('',#11724);
#11724 = CARTESIAN_POINT('',(10.659484937228,-9.959174420077,
    14.468184960681));
#11725 = SURFACE_CURVE('',#11726,(#11730,#11737),.PCURVE_S1.);
#11726 = LINE('',#11727,#11728);
#11727 = CARTESIAN_POINT('',(10.659484937228,-10.42340690908,
    12.733696929039));
#11728 = VECTOR('',#11729,1.);
#11729 = DIRECTION('',(-5.740912107976E-17,0.258547696302,0.965998493134
    ));
#11730 = PCURVE('',#2700,#11731);
#11731 = DEFINITIONAL_REPRESENTATION('',(#11732),#11736);
#11732 = LINE('',#11733,#11734);
#11733 = CARTESIAN_POINT('',(0.477700985423,3.438953987662));
#11734 = VECTOR('',#11735,1.);
#11735 = DIRECTION('',(0.965998493134,-0.258547696302));
#11736 = ( GEOMETRIC_REPRESENTATION_CONTEXT(2) 
PARAMETRIC_REPRESENTATION_CONTEXT() REPRESENTATION_CONTEXT('2D SPACE',''
  ) );
#11737 = PCURVE('',#10689,#11738);
#11738 = DEFINITIONAL_REPRESENTATION('',(#11739),#11743);
#11739 = LINE('',#11740,#11741);
#11740 = CARTESIAN_POINT('',(0.,5.046021284364));
#11741 = VECTOR('',#11742,1.);
#11742 = DIRECTION('',(1.,0.));
#11743 = ( GEOMETRIC_REPRESENTATION_CONTEXT(2) 
PARAMETRIC_REPRESENTATION_CONTEXT() REPRESENTATION_CONTEXT('2D SPACE',''
  ) );
#11744 = ORIENTED_EDGE('',*,*,#11745,.F.);
#11745 = EDGE_CURVE('',#11746,#11723,#11748,.T.);
#11746 = VERTEX_POINT('',#11747);
#11747 = CARTESIAN_POINT('',(10.659484937228,-9.861801241016,
    14.231000219915));
#11748 = SURFACE_CURVE('',#11749,(#11753,#11760),.PCURVE_S1.);
#11749 = LINE('',#11750,#11751);
#11750 = CARTESIAN_POINT('',(10.659484937228,-8.385460583293,
    10.634881868191));
#11751 = VECTOR('',#11752,1.);
#11752 = DIRECTION('',(8.432782086103E-17,-0.379778742607,0.925077351719
    ));
#11753 = PCURVE('',#2700,#11754);
#11754 = DEFINITIONAL_REPRESENTATION('',(#11755),#11759);
#11755 = LINE('',#11756,#11757);
#11756 = CARTESIAN_POINT('',(-1.621114075424,1.40100766187));
#11757 = VECTOR('',#11758,1.);
#11758 = DIRECTION('',(0.925077351719,0.379778742607));
#11759 = ( GEOMETRIC_REPRESENTATION_CONTEXT(2) 
PARAMETRIC_REPRESENTATION_CONTEXT() REPRESENTATION_CONTEXT('2D SPACE',''
  ) );
#11760 = PCURVE('',#10661,#11761);
#11761 = DEFINITIONAL_REPRESENTATION('',(#11762),#11766);
#11762 = LINE('',#11763,#11764);
#11763 = CARTESIAN_POINT('',(-4.215959032985,-7.056555531008));
#11764 = VECTOR('',#11765,1.);
#11765 = DIRECTION('',(1.,0.));
#11766 = ( GEOMETRIC_REPRESENTATION_CONTEXT(2) 
PARAMETRIC_REPRESENTATION_CONTEXT() REPRESENTATION_CONTEXT('2D SPACE',''
  ) );
#11767 = ORIENTED_EDGE('',*,*,#11768,.F.);
#11768 = EDGE_CURVE('',#11769,#11746,#11771,.T.);
#11769 = VERTEX_POINT('',#11770);
#11770 = CARTESIAN_POINT('',(10.659484937228,-10.03608116511,
    14.180842234821));
#11771 = SURFACE_CURVE('',#11772,(#11776,#11783),.PCURVE_S1.);
#11772 = LINE('',#11773,#11774);
#11773 = CARTESIAN_POINT('',(10.659484937228,-8.384786467082,
    14.656086961243));
#11774 = VECTOR('',#11775,1.);
#11775 = DIRECTION('',(-2.13383173943E-16,0.960992382657,0.276574837025)
  );
#11776 = PCURVE('',#2700,#11777);
#11777 = DEFINITIONAL_REPRESENTATION('',(#11778),#11782);
#11778 = LINE('',#11779,#11780);
#11779 = CARTESIAN_POINT('',(2.400091017628,1.400333545659));
#11780 = VECTOR('',#11781,1.);
#11781 = DIRECTION('',(0.276574837025,-0.960992382657));
#11782 = ( GEOMETRIC_REPRESENTATION_CONTEXT(2) 
PARAMETRIC_REPRESENTATION_CONTEXT() REPRESENTATION_CONTEXT('2D SPACE',''
  ) );
#11783 = PCURVE('',#10633,#11784);
#11784 = DEFINITIONAL_REPRESENTATION('',(#11785),#11789);
#11785 = LINE('',#11786,#11787);
#11786 = CARTESIAN_POINT('',(1.536968243027,-7.056555531008));
#11787 = VECTOR('',#11788,1.);
#11788 = DIRECTION('',(1.,0.));
#11789 = ( GEOMETRIC_REPRESENTATION_CONTEXT(2) 
PARAMETRIC_REPRESENTATION_CONTEXT() REPRESENTATION_CONTEXT('2D SPACE',''
  ) );
#11790 = ORIENTED_EDGE('',*,*,#11791,.F.);
#11791 = EDGE_CURVE('',#11792,#11769,#11794,.T.);
#11792 = VERTEX_POINT('',#11793);
#11793 = CARTESIAN_POINT('',(10.659484937228,-10.07183095216,
    14.047272139591));
#11794 = SURFACE_CURVE('',#11795,(#11799,#11806),.PCURVE_S1.);
#11795 = LINE('',#11796,#11797);
#11796 = CARTESIAN_POINT('',(10.659484937228,-10.42340690908,
    12.733696929039));
#11797 = VECTOR('',#11798,1.);
#11798 = DIRECTION('',(-5.740912107976E-17,0.258547696302,0.965998493134
    ));
#11799 = PCURVE('',#2700,#11800);
#11800 = DEFINITIONAL_REPRESENTATION('',(#11801),#11805);
#11801 = LINE('',#11802,#11803);
#11802 = CARTESIAN_POINT('',(0.477700985423,3.438953987662));
#11803 = VECTOR('',#11804,1.);
#11804 = DIRECTION('',(0.965998493134,-0.258547696302));
#11805 = ( GEOMETRIC_REPRESENTATION_CONTEXT(2) 
PARAMETRIC_REPRESENTATION_CONTEXT() REPRESENTATION_CONTEXT('2D SPACE',''
  ) );
#11806 = PCURVE('',#10605,#11807);
#11807 = DEFINITIONAL_REPRESENTATION('',(#11808),#11812);
#11808 = LINE('',#11809,#11810);
#11809 = CARTESIAN_POINT('',(0.,5.046021284364));
#11810 = VECTOR('',#11811,1.);
#11811 = DIRECTION('',(1.,0.));
#11812 = ( GEOMETRIC_REPRESENTATION_CONTEXT(2) 
PARAMETRIC_REPRESENTATION_CONTEXT() REPRESENTATION_CONTEXT('2D SPACE',''
  ) );
#11813 = ORIENTED_EDGE('',*,*,#11814,.F.);
#11814 = EDGE_CURVE('',#11815,#11792,#11817,.T.);
#11815 = VERTEX_POINT('',#11816);
#11816 = CARTESIAN_POINT('',(10.659484937228,-9.983597034318,
    13.832349107058));
#11817 = SURFACE_CURVE('',#11818,(#11822,#11829),.PCURVE_S1.);
#11818 = LINE('',#11819,#11820);
#11819 = CARTESIAN_POINT('',(10.659484937228,-8.507256376594,
    10.236230755334));
#11820 = VECTOR('',#11821,1.);
#11821 = DIRECTION('',(8.432782086103E-17,-0.379778742607,0.925077351719
    ));
#11822 = PCURVE('',#2700,#11823);
#11823 = DEFINITIONAL_REPRESENTATION('',(#11824),#11828);
#11824 = LINE('',#11825,#11826);
#11825 = CARTESIAN_POINT('',(-2.019765188281,1.522803455171));
#11826 = VECTOR('',#11827,1.);
#11827 = DIRECTION('',(0.925077351719,0.379778742607));
#11828 = ( GEOMETRIC_REPRESENTATION_CONTEXT(2) 
PARAMETRIC_REPRESENTATION_CONTEXT() REPRESENTATION_CONTEXT('2D SPACE',''
  ) );
#11829 = PCURVE('',#10577,#11830);
#11830 = DEFINITIONAL_REPRESENTATION('',(#11831),#11835);
#11831 = LINE('',#11832,#11833);
#11832 = CARTESIAN_POINT('',(-4.215959032985,-7.056555531008));
#11833 = VECTOR('',#11834,1.);
#11834 = DIRECTION('',(1.,0.));
#11835 = ( GEOMETRIC_REPRESENTATION_CONTEXT(2) 
PARAMETRIC_REPRESENTATION_CONTEXT() REPRESENTATION_CONTEXT('2D SPACE',''
  ) );
#11836 = ORIENTED_EDGE('',*,*,#11837,.F.);
#11837 = EDGE_CURVE('',#11838,#11815,#11840,.T.);
#11838 = VERTEX_POINT('',#11839);
#11839 = CARTESIAN_POINT('',(10.659484937228,-10.14151937652,
    13.786898854958));
#11840 = SURFACE_CURVE('',#11841,(#11845,#11852),.PCURVE_S1.);
#11841 = LINE('',#11842,#11843);
#11842 = CARTESIAN_POINT('',(10.659484937228,-8.506582260383,
    14.257435848386));
#11843 = VECTOR('',#11844,1.);
#11844 = DIRECTION('',(-2.13383173943E-16,0.960992382657,0.276574837025)
  );
#11845 = PCURVE('',#2700,#11846);
#11846 = DEFINITIONAL_REPRESENTATION('',(#11847),#11851);
#11847 = LINE('',#11848,#11849);
#11848 = CARTESIAN_POINT('',(2.001439904771,1.522129338961));
#11849 = VECTOR('',#11850,1.);
#11850 = DIRECTION('',(0.276574837025,-0.960992382657));
#11851 = ( GEOMETRIC_REPRESENTATION_CONTEXT(2) 
PARAMETRIC_REPRESENTATION_CONTEXT() REPRESENTATION_CONTEXT('2D SPACE',''
  ) );
#11852 = PCURVE('',#10549,#11853);
#11853 = DEFINITIONAL_REPRESENTATION('',(#11854),#11858);
#11854 = LINE('',#11855,#11856);
#11855 = CARTESIAN_POINT('',(1.536968243027,-7.056555531008));
#11856 = VECTOR('',#11857,1.);
#11857 = DIRECTION('',(1.,0.));
#11858 = ( GEOMETRIC_REPRESENTATION_CONTEXT(2) 
PARAMETRIC_REPRESENTATION_CONTEXT() REPRESENTATION_CONTEXT('2D SPACE',''
  ) );
#11859 = ORIENTED_EDGE('',*,*,#11860,.F.);
#11860 = EDGE_CURVE('',#11861,#11838,#11863,.T.);
#11861 = VERTEX_POINT('',#11862);
#11862 = CARTESIAN_POINT('',(10.659484937228,-10.18448748425,
    13.6263593185));
#11863 = SURFACE_CURVE('',#11864,(#11868,#11875),.PCURVE_S1.);
#11864 = LINE('',#11865,#11866);
#11865 = CARTESIAN_POINT('',(10.659484937228,-10.42340690908,
    12.733696929039));
#11866 = VECTOR('',#11867,1.);
#11867 = DIRECTION('',(-5.740912107976E-17,0.258547696302,0.965998493134
    ));
#11868 = PCURVE('',#2700,#11869);
#11869 = DEFINITIONAL_REPRESENTATION('',(#11870),#11874);
#11870 = LINE('',#11871,#11872);
#11871 = CARTESIAN_POINT('',(0.477700985423,3.438953987662));
#11872 = VECTOR('',#11873,1.);
#11873 = DIRECTION('',(0.965998493134,-0.258547696302));
#11874 = ( GEOMETRIC_REPRESENTATION_CONTEXT(2) 
PARAMETRIC_REPRESENTATION_CONTEXT() REPRESENTATION_CONTEXT('2D SPACE',''
  ) );
#11875 = PCURVE('',#10521,#11876);
#11876 = DEFINITIONAL_REPRESENTATION('',(#11877),#11881);
#11877 = LINE('',#11878,#11879);
#11878 = CARTESIAN_POINT('',(0.,5.046021284364));
#11879 = VECTOR('',#11880,1.);
#11880 = DIRECTION('',(1.,0.));
#11881 = ( GEOMETRIC_REPRESENTATION_CONTEXT(2) 
PARAMETRIC_REPRESENTATION_CONTEXT() REPRESENTATION_CONTEXT('2D SPACE',''
  ) );
#11882 = ORIENTED_EDGE('',*,*,#11883,.F.);
#11883 = EDGE_CURVE('',#11279,#11861,#11884,.T.);
#11884 = SURFACE_CURVE('',#11885,(#11889,#11896),.PCURVE_S1.);
#11885 = LINE('',#11886,#11887);
#11886 = CARTESIAN_POINT('',(10.659484937228,-8.629052169895,
    9.837579642477));
#11887 = VECTOR('',#11888,1.);
#11888 = DIRECTION('',(8.432782086103E-17,-0.379778742607,0.925077351719
    ));
#11889 = PCURVE('',#2700,#11890);
#11890 = DEFINITIONAL_REPRESENTATION('',(#11891),#11895);
#11891 = LINE('',#11892,#11893);
#11892 = CARTESIAN_POINT('',(-2.418416301138,1.644599248472));
#11893 = VECTOR('',#11894,1.);
#11894 = DIRECTION('',(0.925077351719,0.379778742607));
#11895 = ( GEOMETRIC_REPRESENTATION_CONTEXT(2) 
PARAMETRIC_REPRESENTATION_CONTEXT() REPRESENTATION_CONTEXT('2D SPACE',''
  ) );
#11896 = PCURVE('',#10493,#11897);
#11897 = DEFINITIONAL_REPRESENTATION('',(#11898),#11902);
#11898 = LINE('',#11899,#11900);
#11899 = CARTESIAN_POINT('',(-4.215959032985,-7.056555531008));
#11900 = VECTOR('',#11901,1.);
#11901 = DIRECTION('',(1.,0.));
#11902 = ( GEOMETRIC_REPRESENTATION_CONTEXT(2) 
PARAMETRIC_REPRESENTATION_CONTEXT() REPRESENTATION_CONTEXT('2D SPACE',''
  ) );
#11903 = ADVANCED_FACE('',(#11904),#2672,.T.);
#11904 = FACE_BOUND('',#11905,.T.);
#11905 = EDGE_LOOP('',(#11906,#11907,#11928,#11929,#11950));
#11906 = ORIENTED_EDGE('',*,*,#11398,.F.);
#11907 = ORIENTED_EDGE('',*,*,#11908,.T.);
#11908 = EDGE_CURVE('',#11376,#11114,#11909,.T.);
#11909 = SURFACE_CURVE('',#11910,(#11914,#11921),.PCURVE_S1.);
#11910 = LINE('',#11911,#11912);
#11911 = CARTESIAN_POINT('',(5.613463652863,-9.282466122857,
    6.857142090687));
#11912 = VECTOR('',#11913,1.);
#11913 = DIRECTION('',(-1.,-2.22044604925E-16,0.));
#11914 = PCURVE('',#2672,#11915);
#11915 = DEFINITIONAL_REPRESENTATION('',(#11916),#11920);
#11916 = LINE('',#11917,#11918);
#11917 = CARTESIAN_POINT('',(1.570796326795,5.046021284364));
#11918 = VECTOR('',#11919,1.);
#11919 = DIRECTION('',(0.,1.));
#11920 = ( GEOMETRIC_REPRESENTATION_CONTEXT(2) 
PARAMETRIC_REPRESENTATION_CONTEXT() REPRESENTATION_CONTEXT('2D SPACE',''
  ) );
#11921 = PCURVE('',#11153,#11922);
#11922 = DEFINITIONAL_REPRESENTATION('',(#11923),#11927);
#11923 = LINE('',#11924,#11925);
#11924 = CARTESIAN_POINT('',(0.897937008099,0.));
#11925 = VECTOR('',#11926,1.);
#11926 = DIRECTION('',(0.,-1.));
#11927 = ( GEOMETRIC_REPRESENTATION_CONTEXT(2) 
PARAMETRIC_REPRESENTATION_CONTEXT() REPRESENTATION_CONTEXT('2D SPACE',''
  ) );
#11928 = ORIENTED_EDGE('',*,*,#11113,.T.);
#11929 = ORIENTED_EDGE('',*,*,#11930,.T.);
#11930 = EDGE_CURVE('',#11091,#2634,#11931,.T.);
#11931 = SURFACE_CURVE('',#11932,(#11936,#11943),.PCURVE_S1.);
#11932 = LINE('',#11933,#11934);
#11933 = CARTESIAN_POINT('',(6.636474295046,-8.454649355997,
    6.029325323827));
#11934 = VECTOR('',#11935,1.);
#11935 = DIRECTION('',(1.,2.22044604925E-16,0.));
#11936 = PCURVE('',#2672,#11937);
#11937 = DEFINITIONAL_REPRESENTATION('',(#11938),#11942);
#11938 = LINE('',#11939,#11940);
#11939 = CARTESIAN_POINT('',(0.,4.023010642182));
#11940 = VECTOR('',#11941,1.);
#11941 = DIRECTION('',(0.,-1.));
#11942 = ( GEOMETRIC_REPRESENTATION_CONTEXT(2) 
PARAMETRIC_REPRESENTATION_CONTEXT() REPRESENTATION_CONTEXT('2D SPACE',''
  ) );
#11943 = PCURVE('',#4549,#11944);
#11944 = DEFINITIONAL_REPRESENTATION('',(#11945),#11949);
#11945 = LINE('',#11946,#11947);
#11946 = CARTESIAN_POINT('',(-21.11105151121,1.023010642182));
#11947 = VECTOR('',#11948,1.);
#11948 = DIRECTION('',(0.,1.));
#11949 = ( GEOMETRIC_REPRESENTATION_CONTEXT(2) 
PARAMETRIC_REPRESENTATION_CONTEXT() REPRESENTATION_CONTEXT('2D SPACE',''
  ) );
#11950 = ORIENTED_EDGE('',*,*,#2656,.F.);
#11951 = ADVANCED_FACE('',(#11952),#3036,.F.);
#11952 = FACE_BOUND('',#11953,.T.);
#11953 = EDGE_LOOP('',(#11954,#11955,#11956,#11957));
#11954 = ORIENTED_EDGE('',*,*,#3020,.T.);
#11955 = ORIENTED_EDGE('',*,*,#9951,.F.);
#11956 = ORIENTED_EDGE('',*,*,#8904,.T.);
#11957 = ORIENTED_EDGE('',*,*,#4311,.F.);
#11958 = ADVANCED_FACE('',(#11959,#11965),#3546,.F.);
#11959 = FACE_BOUND('',#11960,.F.);
#11960 = EDGE_LOOP('',(#11961,#11962,#11963,#11964));
#11961 = ORIENTED_EDGE('',*,*,#3530,.F.);
#11962 = ORIENTED_EDGE('',*,*,#3632,.T.);
#11963 = ORIENTED_EDGE('',*,*,#3682,.T.);
#11964 = ORIENTED_EDGE('',*,*,#3583,.F.);
#11965 = FACE_BOUND('',#11966,.F.);
#11966 = EDGE_LOOP('',(#11967,#11995,#12021,#12047));
#11967 = ORIENTED_EDGE('',*,*,#11968,.T.);
#11968 = EDGE_CURVE('',#11969,#11971,#11973,.T.);
#11969 = VERTEX_POINT('',#11970);
#11970 = CARTESIAN_POINT('',(-4.7,-0.4,0.));
#11971 = VERTEX_POINT('',#11972);
#11972 = CARTESIAN_POINT('',(-5.5,-0.4,0.));
#11973 = SURFACE_CURVE('',#11974,(#11978,#11984),.PCURVE_S1.);
#11974 = LINE('',#11975,#11976);
#11975 = CARTESIAN_POINT('',(-6.,-0.4,0.));
#11976 = VECTOR('',#11977,1.);
#11977 = DIRECTION('',(-1.,-0.,0.));
#11978 = PCURVE('',#3546,#11979);
#11979 = DEFINITIONAL_REPRESENTATION('',(#11980),#11983);
#11980 = B_SPLINE_CURVE_WITH_KNOTS('',1,(#11981,#11982),.UNSPECIFIED.,
  .F.,.F.,(2,2),(-1.3,-0.5),.PIECEWISE_BEZIER_KNOTS.);
#11981 = CARTESIAN_POINT('',(1.8,1.));
#11982 = CARTESIAN_POINT('',(1.,1.));
#11983 = ( GEOMETRIC_REPRESENTATION_CONTEXT(2) 
PARAMETRIC_REPRESENTATION_CONTEXT() REPRESENTATION_CONTEXT('2D SPACE',''
  ) );
#11984 = PCURVE('',#11985,#11990);
#11985 = PLANE('',#11986);
#11986 = AXIS2_PLACEMENT_3D('',#11987,#11988,#11989);
#11987 = CARTESIAN_POINT('',(-5.5,-0.4,-4.3));
#11988 = DIRECTION('',(-0.,1.,0.));
#11989 = DIRECTION('',(0.,0.,1.));
#11990 = DEFINITIONAL_REPRESENTATION('',(#11991),#11994);
#11991 = B_SPLINE_CURVE_WITH_KNOTS('',1,(#11992,#11993),.UNSPECIFIED.,
  .F.,.F.,(2,2),(-1.3,-0.5),.PIECEWISE_BEZIER_KNOTS.);
#11992 = CARTESIAN_POINT('',(4.3,0.8));
#11993 = CARTESIAN_POINT('',(4.3,0.));
#11994 = ( GEOMETRIC_REPRESENTATION_CONTEXT(2) 
PARAMETRIC_REPRESENTATION_CONTEXT() REPRESENTATION_CONTEXT('2D SPACE',''
  ) );
#11995 = ORIENTED_EDGE('',*,*,#11996,.T.);
#11996 = EDGE_CURVE('',#11971,#11997,#11999,.T.);
#11997 = VERTEX_POINT('',#11998);
#11998 = CARTESIAN_POINT('',(-5.5,0.4,0.));
#11999 = SURFACE_CURVE('',#12000,(#12004,#12010),.PCURVE_S1.);
#12000 = LINE('',#12001,#12002);
#12001 = CARTESIAN_POINT('',(-5.5,-0.9,0.));
#12002 = VECTOR('',#12003,1.);
#12003 = DIRECTION('',(-0.,1.,0.));
#12004 = PCURVE('',#3546,#12005);
#12005 = DEFINITIONAL_REPRESENTATION('',(#12006),#12009);
#12006 = B_SPLINE_CURVE_WITH_KNOTS('',1,(#12007,#12008),.UNSPECIFIED.,
  .F.,.F.,(2,2),(0.5,1.3),.PIECEWISE_BEZIER_KNOTS.);
#12007 = CARTESIAN_POINT('',(1.,1.));
#12008 = CARTESIAN_POINT('',(1.,1.8));
#12009 = ( GEOMETRIC_REPRESENTATION_CONTEXT(2) 
PARAMETRIC_REPRESENTATION_CONTEXT() REPRESENTATION_CONTEXT('2D SPACE',''
  ) );
#12010 = PCURVE('',#12011,#12016);
#12011 = PLANE('',#12012);
#12012 = AXIS2_PLACEMENT_3D('',#12013,#12014,#12015);
#12013 = CARTESIAN_POINT('',(-5.5,-0.4,-4.3));
#12014 = DIRECTION('',(1.,0.,-0.));
#12015 = DIRECTION('',(0.,0.,1.));
#12016 = DEFINITIONAL_REPRESENTATION('',(#12017),#12020);
#12017 = B_SPLINE_CURVE_WITH_KNOTS('',1,(#12018,#12019),.UNSPECIFIED.,
  .F.,.F.,(2,2),(0.5,1.3),.PIECEWISE_BEZIER_KNOTS.);
#12018 = CARTESIAN_POINT('',(4.3,0.));
#12019 = CARTESIAN_POINT('',(4.3,-0.8));
#12020 = ( GEOMETRIC_REPRESENTATION_CONTEXT(2) 
PARAMETRIC_REPRESENTATION_CONTEXT() REPRESENTATION_CONTEXT('2D SPACE',''
  ) );
#12021 = ORIENTED_EDGE('',*,*,#12022,.F.);
#12022 = EDGE_CURVE('',#12023,#11997,#12025,.T.);
#12023 = VERTEX_POINT('',#12024);
#12024 = CARTESIAN_POINT('',(-4.7,0.4,0.));
#12025 = SURFACE_CURVE('',#12026,(#12030,#12036),.PCURVE_S1.);
#12026 = LINE('',#12027,#12028);
#12027 = CARTESIAN_POINT('',(-6.,0.4,0.));
#12028 = VECTOR('',#12029,1.);
#12029 = DIRECTION('',(-1.,-0.,0.));
#12030 = PCURVE('',#3546,#12031);
#12031 = DEFINITIONAL_REPRESENTATION('',(#12032),#12035);
#12032 = B_SPLINE_CURVE_WITH_KNOTS('',1,(#12033,#12034),.UNSPECIFIED.,
  .F.,.F.,(2,2),(-1.3,-0.5),.PIECEWISE_BEZIER_KNOTS.);
#12033 = CARTESIAN_POINT('',(1.8,1.8));
#12034 = CARTESIAN_POINT('',(1.,1.8));
#12035 = ( GEOMETRIC_REPRESENTATION_CONTEXT(2) 
PARAMETRIC_REPRESENTATION_CONTEXT() REPRESENTATION_CONTEXT('2D SPACE',''
  ) );
#12036 = PCURVE('',#12037,#12042);
#12037 = PLANE('',#12038);
#12038 = AXIS2_PLACEMENT_3D('',#12039,#12040,#12041);
#12039 = CARTESIAN_POINT('',(-5.5,0.4,-4.3));
#12040 = DIRECTION('',(-0.,1.,0.));
#12041 = DIRECTION('',(0.,0.,1.));
#12042 = DEFINITIONAL_REPRESENTATION('',(#12043),#12046);
#12043 = B_SPLINE_CURVE_WITH_KNOTS('',1,(#12044,#12045),.UNSPECIFIED.,
  .F.,.F.,(2,2),(-1.3,-0.5),.PIECEWISE_BEZIER_KNOTS.);
#12044 = CARTESIAN_POINT('',(4.3,0.8));
#12045 = CARTESIAN_POINT('',(4.3,0.));
#12046 = ( GEOMETRIC_REPRESENTATION_CONTEXT(2) 
PARAMETRIC_REPRESENTATION_CONTEXT() REPRESENTATION_CONTEXT('2D SPACE',''
  ) );
#12047 = ORIENTED_EDGE('',*,*,#12048,.F.);
#12048 = EDGE_CURVE('',#11969,#12023,#12049,.T.);
#12049 = SURFACE_CURVE('',#12050,(#12054,#12060),.PCURVE_S1.);
#12050 = LINE('',#12051,#12052);
#12051 = CARTESIAN_POINT('',(-4.7,-0.9,0.));
#12052 = VECTOR('',#12053,1.);
#12053 = DIRECTION('',(-0.,1.,0.));
#12054 = PCURVE('',#3546,#12055);
#12055 = DEFINITIONAL_REPRESENTATION('',(#12056),#12059);
#12056 = B_SPLINE_CURVE_WITH_KNOTS('',1,(#12057,#12058),.UNSPECIFIED.,
  .F.,.F.,(2,2),(0.5,1.3),.PIECEWISE_BEZIER_KNOTS.);
#12057 = CARTESIAN_POINT('',(1.8,1.));
#12058 = CARTESIAN_POINT('',(1.8,1.8));
#12059 = ( GEOMETRIC_REPRESENTATION_CONTEXT(2) 
PARAMETRIC_REPRESENTATION_CONTEXT() REPRESENTATION_CONTEXT('2D SPACE',''
  ) );
#12060 = PCURVE('',#12061,#12066);
#12061 = PLANE('',#12062);
#12062 = AXIS2_PLACEMENT_3D('',#12063,#12064,#12065);
#12063 = CARTESIAN_POINT('',(-4.7,-0.4,-4.3));
#12064 = DIRECTION('',(1.,0.,-0.));
#12065 = DIRECTION('',(0.,0.,1.));
#12066 = DEFINITIONAL_REPRESENTATION('',(#12067),#12070);
#12067 = B_SPLINE_CURVE_WITH_KNOTS('',1,(#12068,#12069),.UNSPECIFIED.,
  .F.,.F.,(2,2),(0.5,1.3),.PIECEWISE_BEZIER_KNOTS.);
#12068 = CARTESIAN_POINT('',(4.3,0.));
#12069 = CARTESIAN_POINT('',(4.3,-0.8));
#12070 = ( GEOMETRIC_REPRESENTATION_CONTEXT(2) 
PARAMETRIC_REPRESENTATION_CONTEXT() REPRESENTATION_CONTEXT('2D SPACE',''
  ) );
#12071 = ADVANCED_FACE('',(#12072,#12078),#3747,.F.);
#12072 = FACE_BOUND('',#12073,.F.);
#12073 = EDGE_LOOP('',(#12074,#12075,#12076,#12077));
#12074 = ORIENTED_EDGE('',*,*,#3731,.F.);
#12075 = ORIENTED_EDGE('',*,*,#3833,.T.);
#12076 = ORIENTED_EDGE('',*,*,#3883,.T.);
#12077 = ORIENTED_EDGE('',*,*,#3784,.F.);
#12078 = FACE_BOUND('',#12079,.F.);
#12079 = EDGE_LOOP('',(#12080,#12108,#12134,#12160));
#12080 = ORIENTED_EDGE('',*,*,#12081,.T.);
#12081 = EDGE_CURVE('',#12082,#12084,#12086,.T.);
#12082 = VERTEX_POINT('',#12083);
#12083 = CARTESIAN_POINT('',(5.5,-0.4,0.));
#12084 = VERTEX_POINT('',#12085);
#12085 = CARTESIAN_POINT('',(4.7,-0.4,0.));
#12086 = SURFACE_CURVE('',#12087,(#12091,#12097),.PCURVE_S1.);
#12087 = LINE('',#12088,#12089);
#12088 = CARTESIAN_POINT('',(4.2,-0.4,0.));
#12089 = VECTOR('',#12090,1.);
#12090 = DIRECTION('',(-1.,-0.,0.));
#12091 = PCURVE('',#3747,#12092);
#12092 = DEFINITIONAL_REPRESENTATION('',(#12093),#12096);
#12093 = B_SPLINE_CURVE_WITH_KNOTS('',1,(#12094,#12095),.UNSPECIFIED.,
  .F.,.F.,(2,2),(-1.3,-0.5),.PIECEWISE_BEZIER_KNOTS.);
#12094 = CARTESIAN_POINT('',(1.8,1.));
#12095 = CARTESIAN_POINT('',(1.,1.));
#12096 = ( GEOMETRIC_REPRESENTATION_CONTEXT(2) 
PARAMETRIC_REPRESENTATION_CONTEXT() REPRESENTATION_CONTEXT('2D SPACE',''
  ) );
#12097 = PCURVE('',#12098,#12103);
#12098 = PLANE('',#12099);
#12099 = AXIS2_PLACEMENT_3D('',#12100,#12101,#12102);
#12100 = CARTESIAN_POINT('',(4.7,-0.4,-4.3));
#12101 = DIRECTION('',(-0.,1.,0.));
#12102 = DIRECTION('',(0.,0.,1.));
#12103 = DEFINITIONAL_REPRESENTATION('',(#12104),#12107);
#12104 = B_SPLINE_CURVE_WITH_KNOTS('',1,(#12105,#12106),.UNSPECIFIED.,
  .F.,.F.,(2,2),(-1.3,-0.5),.PIECEWISE_BEZIER_KNOTS.);
#12105 = CARTESIAN_POINT('',(4.3,0.8));
#12106 = CARTESIAN_POINT('',(4.3,0.));
#12107 = ( GEOMETRIC_REPRESENTATION_CONTEXT(2) 
PARAMETRIC_REPRESENTATION_CONTEXT() REPRESENTATION_CONTEXT('2D SPACE',''
  ) );
#12108 = ORIENTED_EDGE('',*,*,#12109,.T.);
#12109 = EDGE_CURVE('',#12084,#12110,#12112,.T.);
#12110 = VERTEX_POINT('',#12111);
#12111 = CARTESIAN_POINT('',(4.7,0.4,0.));
#12112 = SURFACE_CURVE('',#12113,(#12117,#12123),.PCURVE_S1.);
#12113 = LINE('',#12114,#12115);
#12114 = CARTESIAN_POINT('',(4.7,-0.9,0.));
#12115 = VECTOR('',#12116,1.);
#12116 = DIRECTION('',(-0.,1.,0.));
#12117 = PCURVE('',#3747,#12118);
#12118 = DEFINITIONAL_REPRESENTATION('',(#12119),#12122);
#12119 = B_SPLINE_CURVE_WITH_KNOTS('',1,(#12120,#12121),.UNSPECIFIED.,
  .F.,.F.,(2,2),(0.5,1.3),.PIECEWISE_BEZIER_KNOTS.);
#12120 = CARTESIAN_POINT('',(1.,1.));
#12121 = CARTESIAN_POINT('',(1.,1.8));
#12122 = ( GEOMETRIC_REPRESENTATION_CONTEXT(2) 
PARAMETRIC_REPRESENTATION_CONTEXT() REPRESENTATION_CONTEXT('2D SPACE',''
  ) );
#12123 = PCURVE('',#12124,#12129);
#12124 = PLANE('',#12125);
#12125 = AXIS2_PLACEMENT_3D('',#12126,#12127,#12128);
#12126 = CARTESIAN_POINT('',(4.7,-0.4,-4.3));
#12127 = DIRECTION('',(1.,0.,-0.));
#12128 = DIRECTION('',(0.,0.,1.));
#12129 = DEFINITIONAL_REPRESENTATION('',(#12130),#12133);
#12130 = B_SPLINE_CURVE_WITH_KNOTS('',1,(#12131,#12132),.UNSPECIFIED.,
  .F.,.F.,(2,2),(0.5,1.3),.PIECEWISE_BEZIER_KNOTS.);
#12131 = CARTESIAN_POINT('',(4.3,0.));
#12132 = CARTESIAN_POINT('',(4.3,-0.8));
#12133 = ( GEOMETRIC_REPRESENTATION_CONTEXT(2) 
PARAMETRIC_REPRESENTATION_CONTEXT() REPRESENTATION_CONTEXT('2D SPACE',''
  ) );
#12134 = ORIENTED_EDGE('',*,*,#12135,.F.);
#12135 = EDGE_CURVE('',#12136,#12110,#12138,.T.);
#12136 = VERTEX_POINT('',#12137);
#12137 = CARTESIAN_POINT('',(5.5,0.4,0.));
#12138 = SURFACE_CURVE('',#12139,(#12143,#12149),.PCURVE_S1.);
#12139 = LINE('',#12140,#12141);
#12140 = CARTESIAN_POINT('',(4.2,0.4,0.));
#12141 = VECTOR('',#12142,1.);
#12142 = DIRECTION('',(-1.,-0.,0.));
#12143 = PCURVE('',#3747,#12144);
#12144 = DEFINITIONAL_REPRESENTATION('',(#12145),#12148);
#12145 = B_SPLINE_CURVE_WITH_KNOTS('',1,(#12146,#12147),.UNSPECIFIED.,
  .F.,.F.,(2,2),(-1.3,-0.5),.PIECEWISE_BEZIER_KNOTS.);
#12146 = CARTESIAN_POINT('',(1.8,1.8));
#12147 = CARTESIAN_POINT('',(1.,1.8));
#12148 = ( GEOMETRIC_REPRESENTATION_CONTEXT(2) 
PARAMETRIC_REPRESENTATION_CONTEXT() REPRESENTATION_CONTEXT('2D SPACE',''
  ) );
#12149 = PCURVE('',#12150,#12155);
#12150 = PLANE('',#12151);
#12151 = AXIS2_PLACEMENT_3D('',#12152,#12153,#12154);
#12152 = CARTESIAN_POINT('',(4.7,0.4,-4.3));
#12153 = DIRECTION('',(-0.,1.,0.));
#12154 = DIRECTION('',(0.,0.,1.));
#12155 = DEFINITIONAL_REPRESENTATION('',(#12156),#12159);
#12156 = B_SPLINE_CURVE_WITH_KNOTS('',1,(#12157,#12158),.UNSPECIFIED.,
  .F.,.F.,(2,2),(-1.3,-0.5),.PIECEWISE_BEZIER_KNOTS.);
#12157 = CARTESIAN_POINT('',(4.3,0.8));
#12158 = CARTESIAN_POINT('',(4.3,0.));
#12159 = ( GEOMETRIC_REPRESENTATION_CONTEXT(2) 
PARAMETRIC_REPRESENTATION_CONTEXT() REPRESENTATION_CONTEXT('2D SPACE',''
  ) );
#12160 = ORIENTED_EDGE('',*,*,#12161,.F.);
#12161 = EDGE_CURVE('',#12082,#12136,#12162,.T.);
#12162 = SURFACE_CURVE('',#12163,(#12167,#12173),.PCURVE_S1.);
#12163 = LINE('',#12164,#12165);
#12164 = CARTESIAN_POINT('',(5.5,-0.9,0.));
#12165 = VECTOR('',#12166,1.);
#12166 = DIRECTION('',(-0.,1.,0.));
#12167 = PCURVE('',#3747,#12168);
#12168 = DEFINITIONAL_REPRESENTATION('',(#12169),#12172);
#12169 = B_SPLINE_CURVE_WITH_KNOTS('',1,(#12170,#12171),.UNSPECIFIED.,
  .F.,.F.,(2,2),(0.5,1.3),.PIECEWISE_BEZIER_KNOTS.);
#12170 = CARTESIAN_POINT('',(1.8,1.));
#12171 = CARTESIAN_POINT('',(1.8,1.8));
#12172 = ( GEOMETRIC_REPRESENTATION_CONTEXT(2) 
PARAMETRIC_REPRESENTATION_CONTEXT() REPRESENTATION_CONTEXT('2D SPACE',''
  ) );
#12173 = PCURVE('',#12174,#12179);
#12174 = PLANE('',#12175);
#12175 = AXIS2_PLACEMENT_3D('',#12176,#12177,#12178);
#12176 = CARTESIAN_POINT('',(5.5,-0.4,-4.3));
#12177 = DIRECTION('',(1.,0.,-0.));
#12178 = DIRECTION('',(0.,0.,1.));
#12179 = DEFINITIONAL_REPRESENTATION('',(#12180),#12183);
#12180 = B_SPLINE_CURVE_WITH_KNOTS('',1,(#12181,#12182),.UNSPECIFIED.,
  .F.,.F.,(2,2),(0.5,1.3),.PIECEWISE_BEZIER_KNOTS.);
#12181 = CARTESIAN_POINT('',(4.3,0.));
#12182 = CARTESIAN_POINT('',(4.3,-0.8));
#12183 = ( GEOMETRIC_REPRESENTATION_CONTEXT(2) 
PARAMETRIC_REPRESENTATION_CONTEXT() REPRESENTATION_CONTEXT('2D SPACE',''
  ) );
#12184 = ADVANCED_FACE('',(#12185,#12191),#3948,.F.);
#12185 = FACE_BOUND('',#12186,.F.);
#12186 = EDGE_LOOP('',(#12187,#12188,#12189,#12190));
#12187 = ORIENTED_EDGE('',*,*,#3932,.F.);
#12188 = ORIENTED_EDGE('',*,*,#4034,.T.);
#12189 = ORIENTED_EDGE('',*,*,#4084,.T.);
#12190 = ORIENTED_EDGE('',*,*,#3985,.F.);
#12191 = FACE_BOUND('',#12192,.F.);
#12192 = EDGE_LOOP('',(#12193,#12221,#12247,#12273));
#12193 = ORIENTED_EDGE('',*,*,#12194,.T.);
#12194 = EDGE_CURVE('',#12195,#12197,#12199,.T.);
#12195 = VERTEX_POINT('',#12196);
#12196 = CARTESIAN_POINT('',(-4.7,6.6,0.));
#12197 = VERTEX_POINT('',#12198);
#12198 = CARTESIAN_POINT('',(-5.5,6.6,0.));
#12199 = SURFACE_CURVE('',#12200,(#12204,#12210),.PCURVE_S1.);
#12200 = LINE('',#12201,#12202);
#12201 = CARTESIAN_POINT('',(-6.,6.6,0.));
#12202 = VECTOR('',#12203,1.);
#12203 = DIRECTION('',(-1.,-0.,0.));
#12204 = PCURVE('',#3948,#12205);
#12205 = DEFINITIONAL_REPRESENTATION('',(#12206),#12209);
#12206 = B_SPLINE_CURVE_WITH_KNOTS('',1,(#12207,#12208),.UNSPECIFIED.,
  .F.,.F.,(2,2),(-1.3,-0.5),.PIECEWISE_BEZIER_KNOTS.);
#12207 = CARTESIAN_POINT('',(1.8,1.));
#12208 = CARTESIAN_POINT('',(1.,1.));
#12209 = ( GEOMETRIC_REPRESENTATION_CONTEXT(2) 
PARAMETRIC_REPRESENTATION_CONTEXT() REPRESENTATION_CONTEXT('2D SPACE',''
  ) );
#12210 = PCURVE('',#12211,#12216);
#12211 = PLANE('',#12212);
#12212 = AXIS2_PLACEMENT_3D('',#12213,#12214,#12215);
#12213 = CARTESIAN_POINT('',(-5.5,6.6,-4.3));
#12214 = DIRECTION('',(-0.,1.,0.));
#12215 = DIRECTION('',(0.,0.,1.));
#12216 = DEFINITIONAL_REPRESENTATION('',(#12217),#12220);
#12217 = B_SPLINE_CURVE_WITH_KNOTS('',1,(#12218,#12219),.UNSPECIFIED.,
  .F.,.F.,(2,2),(-1.3,-0.5),.PIECEWISE_BEZIER_KNOTS.);
#12218 = CARTESIAN_POINT('',(4.3,0.8));
#12219 = CARTESIAN_POINT('',(4.3,0.));
#12220 = ( GEOMETRIC_REPRESENTATION_CONTEXT(2) 
PARAMETRIC_REPRESENTATION_CONTEXT() REPRESENTATION_CONTEXT('2D SPACE',''
  ) );
#12221 = ORIENTED_EDGE('',*,*,#12222,.T.);
#12222 = EDGE_CURVE('',#12197,#12223,#12225,.T.);
#12223 = VERTEX_POINT('',#12224);
#12224 = CARTESIAN_POINT('',(-5.5,7.4,0.));
#12225 = SURFACE_CURVE('',#12226,(#12230,#12236),.PCURVE_S1.);
#12226 = LINE('',#12227,#12228);
#12227 = CARTESIAN_POINT('',(-5.5,6.1,0.));
#12228 = VECTOR('',#12229,1.);
#12229 = DIRECTION('',(-0.,1.,0.));
#12230 = PCURVE('',#3948,#12231);
#12231 = DEFINITIONAL_REPRESENTATION('',(#12232),#12235);
#12232 = B_SPLINE_CURVE_WITH_KNOTS('',1,(#12233,#12234),.UNSPECIFIED.,
  .F.,.F.,(2,2),(0.5,1.3),.PIECEWISE_BEZIER_KNOTS.);
#12233 = CARTESIAN_POINT('',(1.,1.));
#12234 = CARTESIAN_POINT('',(1.,1.8));
#12235 = ( GEOMETRIC_REPRESENTATION_CONTEXT(2) 
PARAMETRIC_REPRESENTATION_CONTEXT() REPRESENTATION_CONTEXT('2D SPACE',''
  ) );
#12236 = PCURVE('',#12237,#12242);
#12237 = PLANE('',#12238);
#12238 = AXIS2_PLACEMENT_3D('',#12239,#12240,#12241);
#12239 = CARTESIAN_POINT('',(-5.5,6.6,-4.3));
#12240 = DIRECTION('',(1.,0.,-0.));
#12241 = DIRECTION('',(0.,0.,1.));
#12242 = DEFINITIONAL_REPRESENTATION('',(#12243),#12246);
#12243 = B_SPLINE_CURVE_WITH_KNOTS('',1,(#12244,#12245),.UNSPECIFIED.,
  .F.,.F.,(2,2),(0.5,1.3),.PIECEWISE_BEZIER_KNOTS.);
#12244 = CARTESIAN_POINT('',(4.3,0.));
#12245 = CARTESIAN_POINT('',(4.3,-0.8));
#12246 = ( GEOMETRIC_REPRESENTATION_CONTEXT(2) 
PARAMETRIC_REPRESENTATION_CONTEXT() REPRESENTATION_CONTEXT('2D SPACE',''
  ) );
#12247 = ORIENTED_EDGE('',*,*,#12248,.F.);
#12248 = EDGE_CURVE('',#12249,#12223,#12251,.T.);
#12249 = VERTEX_POINT('',#12250);
#12250 = CARTESIAN_POINT('',(-4.7,7.4,0.));
#12251 = SURFACE_CURVE('',#12252,(#12256,#12262),.PCURVE_S1.);
#12252 = LINE('',#12253,#12254);
#12253 = CARTESIAN_POINT('',(-6.,7.4,0.));
#12254 = VECTOR('',#12255,1.);
#12255 = DIRECTION('',(-1.,-0.,0.));
#12256 = PCURVE('',#3948,#12257);
#12257 = DEFINITIONAL_REPRESENTATION('',(#12258),#12261);
#12258 = B_SPLINE_CURVE_WITH_KNOTS('',1,(#12259,#12260),.UNSPECIFIED.,
  .F.,.F.,(2,2),(-1.3,-0.5),.PIECEWISE_BEZIER_KNOTS.);
#12259 = CARTESIAN_POINT('',(1.8,1.8));
#12260 = CARTESIAN_POINT('',(1.,1.8));
#12261 = ( GEOMETRIC_REPRESENTATION_CONTEXT(2) 
PARAMETRIC_REPRESENTATION_CONTEXT() REPRESENTATION_CONTEXT('2D SPACE',''
  ) );
#12262 = PCURVE('',#12263,#12268);
#12263 = PLANE('',#12264);
#12264 = AXIS2_PLACEMENT_3D('',#12265,#12266,#12267);
#12265 = CARTESIAN_POINT('',(-5.5,7.4,-4.3));
#12266 = DIRECTION('',(-0.,1.,0.));
#12267 = DIRECTION('',(0.,0.,1.));
#12268 = DEFINITIONAL_REPRESENTATION('',(#12269),#12272);
#12269 = B_SPLINE_CURVE_WITH_KNOTS('',1,(#12270,#12271),.UNSPECIFIED.,
  .F.,.F.,(2,2),(-1.3,-0.5),.PIECEWISE_BEZIER_KNOTS.);
#12270 = CARTESIAN_POINT('',(4.3,0.8));
#12271 = CARTESIAN_POINT('',(4.3,0.));
#12272 = ( GEOMETRIC_REPRESENTATION_CONTEXT(2) 
PARAMETRIC_REPRESENTATION_CONTEXT() REPRESENTATION_CONTEXT('2D SPACE',''
  ) );
#12273 = ORIENTED_EDGE('',*,*,#12274,.F.);
#12274 = EDGE_CURVE('',#12195,#12249,#12275,.T.);
#12275 = SURFACE_CURVE('',#12276,(#12280,#12286),.PCURVE_S1.);
#12276 = LINE('',#12277,#12278);
#12277 = CARTESIAN_POINT('',(-4.7,6.1,0.));
#12278 = VECTOR('',#12279,1.);
#12279 = DIRECTION('',(-0.,1.,0.));
#12280 = PCURVE('',#3948,#12281);
#12281 = DEFINITIONAL_REPRESENTATION('',(#12282),#12285);
#12282 = B_SPLINE_CURVE_WITH_KNOTS('',1,(#12283,#12284),.UNSPECIFIED.,
  .F.,.F.,(2,2),(0.5,1.3),.PIECEWISE_BEZIER_KNOTS.);
#12283 = CARTESIAN_POINT('',(1.8,1.));
#12284 = CARTESIAN_POINT('',(1.8,1.8));
#12285 = ( GEOMETRIC_REPRESENTATION_CONTEXT(2) 
PARAMETRIC_REPRESENTATION_CONTEXT() REPRESENTATION_CONTEXT('2D SPACE',''
  ) );
#12286 = PCURVE('',#12287,#12292);
#12287 = PLANE('',#12288);
#12288 = AXIS2_PLACEMENT_3D('',#12289,#12290,#12291);
#12289 = CARTESIAN_POINT('',(-4.7,6.6,-4.3));
#12290 = DIRECTION('',(1.,0.,-0.));
#12291 = DIRECTION('',(0.,0.,1.));
#12292 = DEFINITIONAL_REPRESENTATION('',(#12293),#12296);
#12293 = B_SPLINE_CURVE_WITH_KNOTS('',1,(#12294,#12295),.UNSPECIFIED.,
  .F.,.F.,(2,2),(0.5,1.3),.PIECEWISE_BEZIER_KNOTS.);
#12294 = CARTESIAN_POINT('',(4.3,0.));
#12295 = CARTESIAN_POINT('',(4.3,-0.8));
#12296 = ( GEOMETRIC_REPRESENTATION_CONTEXT(2) 
PARAMETRIC_REPRESENTATION_CONTEXT() REPRESENTATION_CONTEXT('2D SPACE',''
  ) );
#12297 = ADVANCED_FACE('',(#12298,#12304),#4149,.F.);
#12298 = FACE_BOUND('',#12299,.F.);
#12299 = EDGE_LOOP('',(#12300,#12301,#12302,#12303));
#12300 = ORIENTED_EDGE('',*,*,#4133,.F.);
#12301 = ORIENTED_EDGE('',*,*,#4186,.T.);
#12302 = ORIENTED_EDGE('',*,*,#4236,.T.);
#12303 = ORIENTED_EDGE('',*,*,#4284,.F.);
#12304 = FACE_BOUND('',#12305,.F.);
#12305 = EDGE_LOOP('',(#12306,#12334,#12360,#12386));
#12306 = ORIENTED_EDGE('',*,*,#12307,.T.);
#12307 = EDGE_CURVE('',#12308,#12310,#12312,.T.);
#12308 = VERTEX_POINT('',#12309);
#12309 = CARTESIAN_POINT('',(5.5,6.6,0.));
#12310 = VERTEX_POINT('',#12311);
#12311 = CARTESIAN_POINT('',(4.7,6.6,0.));
#12312 = SURFACE_CURVE('',#12313,(#12317,#12323),.PCURVE_S1.);
#12313 = LINE('',#12314,#12315);
#12314 = CARTESIAN_POINT('',(4.2,6.6,0.));
#12315 = VECTOR('',#12316,1.);
#12316 = DIRECTION('',(-1.,-0.,0.));
#12317 = PCURVE('',#4149,#12318);
#12318 = DEFINITIONAL_REPRESENTATION('',(#12319),#12322);
#12319 = B_SPLINE_CURVE_WITH_KNOTS('',1,(#12320,#12321),.UNSPECIFIED.,
  .F.,.F.,(2,2),(-1.3,-0.5),.PIECEWISE_BEZIER_KNOTS.);
#12320 = CARTESIAN_POINT('',(1.8,1.));
#12321 = CARTESIAN_POINT('',(1.,1.));
#12322 = ( GEOMETRIC_REPRESENTATION_CONTEXT(2) 
PARAMETRIC_REPRESENTATION_CONTEXT() REPRESENTATION_CONTEXT('2D SPACE',''
  ) );
#12323 = PCURVE('',#12324,#12329);
#12324 = PLANE('',#12325);
#12325 = AXIS2_PLACEMENT_3D('',#12326,#12327,#12328);
#12326 = CARTESIAN_POINT('',(4.7,6.6,-4.3));
#12327 = DIRECTION('',(-0.,1.,0.));
#12328 = DIRECTION('',(0.,0.,1.));
#12329 = DEFINITIONAL_REPRESENTATION('',(#12330),#12333);
#12330 = B_SPLINE_CURVE_WITH_KNOTS('',1,(#12331,#12332),.UNSPECIFIED.,
  .F.,.F.,(2,2),(-1.3,-0.5),.PIECEWISE_BEZIER_KNOTS.);
#12331 = CARTESIAN_POINT('',(4.3,0.8));
#12332 = CARTESIAN_POINT('',(4.3,0.));
#12333 = ( GEOMETRIC_REPRESENTATION_CONTEXT(2) 
PARAMETRIC_REPRESENTATION_CONTEXT() REPRESENTATION_CONTEXT('2D SPACE',''
  ) );
#12334 = ORIENTED_EDGE('',*,*,#12335,.T.);
#12335 = EDGE_CURVE('',#12310,#12336,#12338,.T.);
#12336 = VERTEX_POINT('',#12337);
#12337 = CARTESIAN_POINT('',(4.7,7.4,0.));
#12338 = SURFACE_CURVE('',#12339,(#12343,#12349),.PCURVE_S1.);
#12339 = LINE('',#12340,#12341);
#12340 = CARTESIAN_POINT('',(4.7,6.1,0.));
#12341 = VECTOR('',#12342,1.);
#12342 = DIRECTION('',(-0.,1.,0.));
#12343 = PCURVE('',#4149,#12344);
#12344 = DEFINITIONAL_REPRESENTATION('',(#12345),#12348);
#12345 = B_SPLINE_CURVE_WITH_KNOTS('',1,(#12346,#12347),.UNSPECIFIED.,
  .F.,.F.,(2,2),(0.5,1.3),.PIECEWISE_BEZIER_KNOTS.);
#12346 = CARTESIAN_POINT('',(1.,1.));
#12347 = CARTESIAN_POINT('',(1.,1.8));
#12348 = ( GEOMETRIC_REPRESENTATION_CONTEXT(2) 
PARAMETRIC_REPRESENTATION_CONTEXT() REPRESENTATION_CONTEXT('2D SPACE',''
  ) );
#12349 = PCURVE('',#12350,#12355);
#12350 = PLANE('',#12351);
#12351 = AXIS2_PLACEMENT_3D('',#12352,#12353,#12354);
#12352 = CARTESIAN_POINT('',(4.7,6.6,-4.3));
#12353 = DIRECTION('',(1.,0.,-0.));
#12354 = DIRECTION('',(0.,0.,1.));
#12355 = DEFINITIONAL_REPRESENTATION('',(#12356),#12359);
#12356 = B_SPLINE_CURVE_WITH_KNOTS('',1,(#12357,#12358),.UNSPECIFIED.,
  .F.,.F.,(2,2),(0.5,1.3),.PIECEWISE_BEZIER_KNOTS.);
#12357 = CARTESIAN_POINT('',(4.3,0.));
#12358 = CARTESIAN_POINT('',(4.3,-0.8));
#12359 = ( GEOMETRIC_REPRESENTATION_CONTEXT(2) 
PARAMETRIC_REPRESENTATION_CONTEXT() REPRESENTATION_CONTEXT('2D SPACE',''
  ) );
#12360 = ORIENTED_EDGE('',*,*,#12361,.F.);
#12361 = EDGE_CURVE('',#12362,#12336,#12364,.T.);
#12362 = VERTEX_POINT('',#12363);
#12363 = CARTESIAN_POINT('',(5.5,7.4,0.));
#12364 = SURFACE_CURVE('',#12365,(#12369,#12375),.PCURVE_S1.);
#12365 = LINE('',#12366,#12367);
#12366 = CARTESIAN_POINT('',(4.2,7.4,0.));
#12367 = VECTOR('',#12368,1.);
#12368 = DIRECTION('',(-1.,-0.,0.));
#12369 = PCURVE('',#4149,#12370);
#12370 = DEFINITIONAL_REPRESENTATION('',(#12371),#12374);
#12371 = B_SPLINE_CURVE_WITH_KNOTS('',1,(#12372,#12373),.UNSPECIFIED.,
  .F.,.F.,(2,2),(-1.3,-0.5),.PIECEWISE_BEZIER_KNOTS.);
#12372 = CARTESIAN_POINT('',(1.8,1.8));
#12373 = CARTESIAN_POINT('',(1.,1.8));
#12374 = ( GEOMETRIC_REPRESENTATION_CONTEXT(2) 
PARAMETRIC_REPRESENTATION_CONTEXT() REPRESENTATION_CONTEXT('2D SPACE',''
  ) );
#12375 = PCURVE('',#12376,#12381);
#12376 = PLANE('',#12377);
#12377 = AXIS2_PLACEMENT_3D('',#12378,#12379,#12380);
#12378 = CARTESIAN_POINT('',(4.7,7.4,-4.3));
#12379 = DIRECTION('',(-0.,1.,0.));
#12380 = DIRECTION('',(0.,0.,1.));
#12381 = DEFINITIONAL_REPRESENTATION('',(#12382),#12385);
#12382 = B_SPLINE_CURVE_WITH_KNOTS('',1,(#12383,#12384),.UNSPECIFIED.,
  .F.,.F.,(2,2),(-1.3,-0.5),.PIECEWISE_BEZIER_KNOTS.);
#12383 = CARTESIAN_POINT('',(4.3,0.8));
#12384 = CARTESIAN_POINT('',(4.3,0.));
#12385 = ( GEOMETRIC_REPRESENTATION_CONTEXT(2) 
PARAMETRIC_REPRESENTATION_CONTEXT() REPRESENTATION_CONTEXT('2D SPACE',''
  ) );
#12386 = ORIENTED_EDGE('',*,*,#12387,.F.);
#12387 = EDGE_CURVE('',#12308,#12362,#12388,.T.);
#12388 = SURFACE_CURVE('',#12389,(#12393,#12399),.PCURVE_S1.);
#12389 = LINE('',#12390,#12391);
#12390 = CARTESIAN_POINT('',(5.5,6.1,0.));
#12391 = VECTOR('',#12392,1.);
#12392 = DIRECTION('',(-0.,1.,0.));
#12393 = PCURVE('',#4149,#12394);
#12394 = DEFINITIONAL_REPRESENTATION('',(#12395),#12398);
#12395 = B_SPLINE_CURVE_WITH_KNOTS('',1,(#12396,#12397),.UNSPECIFIED.,
  .F.,.F.,(2,2),(0.5,1.3),.PIECEWISE_BEZIER_KNOTS.);
#12396 = CARTESIAN_POINT('',(1.8,1.));
#12397 = CARTESIAN_POINT('',(1.8,1.8));
#12398 = ( GEOMETRIC_REPRESENTATION_CONTEXT(2) 
PARAMETRIC_REPRESENTATION_CONTEXT() REPRESENTATION_CONTEXT('2D SPACE',''
  ) );
#12399 = PCURVE('',#12400,#12405);
#12400 = PLANE('',#12401);
#12401 = AXIS2_PLACEMENT_3D('',#12402,#12403,#12404);
#12402 = CARTESIAN_POINT('',(5.5,6.6,-4.3));
#12403 = DIRECTION('',(1.,0.,-0.));
#12404 = DIRECTION('',(0.,0.,1.));
#12405 = DEFINITIONAL_REPRESENTATION('',(#12406),#12409);
#12406 = B_SPLINE_CURVE_WITH_KNOTS('',1,(#12407,#12408),.UNSPECIFIED.,
  .F.,.F.,(2,2),(0.5,1.3),.PIECEWISE_BEZIER_KNOTS.);
#12407 = CARTESIAN_POINT('',(4.3,0.));
#12408 = CARTESIAN_POINT('',(4.3,-0.8));
#12409 = ( GEOMETRIC_REPRESENTATION_CONTEXT(2) 
PARAMETRIC_REPRESENTATION_CONTEXT() REPRESENTATION_CONTEXT('2D SPACE',''
  ) );
#12410 = ADVANCED_FACE('',(#12411),#4549,.F.);
#12411 = FACE_BOUND('',#12412,.T.);
#12412 = EDGE_LOOP('',(#12413,#12414,#12415,#12416));
#12413 = ORIENTED_EDGE('',*,*,#4533,.F.);
#12414 = ORIENTED_EDGE('',*,*,#4588,.T.);
#12415 = ORIENTED_EDGE('',*,*,#11930,.F.);
#12416 = ORIENTED_EDGE('',*,*,#11090,.T.);
#12417 = ADVANCED_FACE('',(#12418),#5317,.T.);
#12418 = FACE_BOUND('',#12419,.T.);
#12419 = EDGE_LOOP('',(#12420,#12421,#12422,#12423));
#12420 = ORIENTED_EDGE('',*,*,#5526,.T.);
#12421 = ORIENTED_EDGE('',*,*,#5303,.F.);
#12422 = ORIENTED_EDGE('',*,*,#8206,.F.);
#12423 = ORIENTED_EDGE('',*,*,#12424,.T.);
#12424 = EDGE_CURVE('',#8179,#5527,#12425,.T.);
#12425 = SURFACE_CURVE('',#12426,(#12430,#12437),.PCURVE_S1.);
#12426 = LINE('',#12427,#12428);
#12427 = CARTESIAN_POINT('',(-5.613463652863,9.599891043983,
    11.585560691663));
#12428 = VECTOR('',#12429,1.);
#12429 = DIRECTION('',(-1.,-2.22044604925E-16,0.));
#12430 = PCURVE('',#5317,#12431);
#12431 = DEFINITIONAL_REPRESENTATION('',(#12432),#12436);
#12432 = LINE('',#12433,#12434);
#12433 = CARTESIAN_POINT('',(0.,0.));
#12434 = VECTOR('',#12435,1.);
#12435 = DIRECTION('',(0.,-1.));
#12436 = ( GEOMETRIC_REPRESENTATION_CONTEXT(2) 
PARAMETRIC_REPRESENTATION_CONTEXT() REPRESENTATION_CONTEXT('2D SPACE',''
  ) );
#12437 = PCURVE('',#5570,#12438);
#12438 = DEFINITIONAL_REPRESENTATION('',(#12439),#12443);
#12439 = LINE('',#12440,#12441);
#12440 = CARTESIAN_POINT('',(1.821730881324,0.));
#12441 = VECTOR('',#12442,1.);
#12442 = DIRECTION('',(0.,1.));
#12443 = ( GEOMETRIC_REPRESENTATION_CONTEXT(2) 
PARAMETRIC_REPRESENTATION_CONTEXT() REPRESENTATION_CONTEXT('2D SPACE',''
  ) );
#12444 = ADVANCED_FACE('',(#12445),#5350,.T.);
#12445 = FACE_BOUND('',#12446,.T.);
#12446 = EDGE_LOOP('',(#12447,#12468,#12469,#12490));
#12447 = ORIENTED_EDGE('',*,*,#12448,.F.);
#12448 = EDGE_CURVE('',#7742,#5333,#12449,.T.);
#12449 = SURFACE_CURVE('',#12450,(#12454,#12461),.PCURVE_S1.);
#12450 = LINE('',#12451,#12452);
#12451 = CARTESIAN_POINT('',(-5.613463652863,10.334835575785,
    13.064621457574));
#12452 = VECTOR('',#12453,1.);
#12453 = DIRECTION('',(-1.,-2.22044604925E-16,0.));
#12454 = PCURVE('',#5350,#12455);
#12455 = DEFINITIONAL_REPRESENTATION('',(#12456),#12460);
#12456 = LINE('',#12457,#12458);
#12457 = CARTESIAN_POINT('',(-8.317791800727E-02,-23.32950412109));
#12458 = VECTOR('',#12459,1.);
#12459 = DIRECTION('',(0.,-1.));
#12460 = ( GEOMETRIC_REPRESENTATION_CONTEXT(2) 
PARAMETRIC_REPRESENTATION_CONTEXT() REPRESENTATION_CONTEXT('2D SPACE',''
  ) );
#12461 = PCURVE('',#6072,#12462);
#12462 = DEFINITIONAL_REPRESENTATION('',(#12463),#12467);
#12463 = LINE('',#12464,#12465);
#12464 = CARTESIAN_POINT('',(0.342572510089,0.));
#12465 = VECTOR('',#12466,1.);
#12466 = DIRECTION('',(0.,-1.));
#12467 = ( GEOMETRIC_REPRESENTATION_CONTEXT(2) 
PARAMETRIC_REPRESENTATION_CONTEXT() REPRESENTATION_CONTEXT('2D SPACE',''
  ) );
#12468 = ORIENTED_EDGE('',*,*,#7741,.F.);
#12469 = ORIENTED_EDGE('',*,*,#12470,.T.);
#12470 = EDGE_CURVE('',#7719,#5335,#12471,.T.);
#12471 = SURFACE_CURVE('',#12472,(#12476,#12483),.PCURVE_S1.);
#12472 = LINE('',#12473,#12474);
#12473 = CARTESIAN_POINT('',(17.716040468236,10.241633818193,
    12.837597600218));
#12474 = VECTOR('',#12475,1.);
#12475 = DIRECTION('',(-1.,-2.22044604925E-16,0.));
#12476 = PCURVE('',#5350,#12477);
#12477 = DEFINITIONAL_REPRESENTATION('',(#12478),#12482);
#12478 = LINE('',#12479,#12480);
#12479 = CARTESIAN_POINT('',(-0.328588593054,0.));
#12480 = VECTOR('',#12481,1.);
#12481 = DIRECTION('',(0.,-1.));
#12482 = ( GEOMETRIC_REPRESENTATION_CONTEXT(2) 
PARAMETRIC_REPRESENTATION_CONTEXT() REPRESENTATION_CONTEXT('2D SPACE',''
  ) );
#12483 = PCURVE('',#5378,#12484);
#12484 = DEFINITIONAL_REPRESENTATION('',(#12485),#12489);
#12485 = LINE('',#12486,#12487);
#12486 = CARTESIAN_POINT('',(0.,0.));
#12487 = VECTOR('',#12488,1.);
#12488 = DIRECTION('',(0.,-1.));
#12489 = ( GEOMETRIC_REPRESENTATION_CONTEXT(2) 
PARAMETRIC_REPRESENTATION_CONTEXT() REPRESENTATION_CONTEXT('2D SPACE',''
  ) );
#12490 = ORIENTED_EDGE('',*,*,#5332,.F.);
#12491 = ADVANCED_FACE('',(#12492),#5378,.T.);
#12492 = FACE_BOUND('',#12493,.T.);
#12493 = EDGE_LOOP('',(#12494,#12515,#12516,#12517));
#12494 = ORIENTED_EDGE('',*,*,#12495,.F.);
#12495 = EDGE_CURVE('',#5363,#7696,#12496,.T.);
#12496 = SURFACE_CURVE('',#12497,(#12501,#12508),.PCURVE_S1.);
#12497 = LINE('',#12498,#12499);
#12498 = CARTESIAN_POINT('',(-5.613463652863,10.408447671821,
    12.789588359756));
#12499 = VECTOR('',#12500,1.);
#12500 = DIRECTION('',(1.,2.22044604925E-16,0.));
#12501 = PCURVE('',#5378,#12502);
#12502 = DEFINITIONAL_REPRESENTATION('',(#12503),#12507);
#12503 = LINE('',#12504,#12505);
#12504 = CARTESIAN_POINT('',(-0.173584990514,-23.32950412109));
#12505 = VECTOR('',#12506,1.);
#12506 = DIRECTION('',(0.,1.));
#12507 = ( GEOMETRIC_REPRESENTATION_CONTEXT(2) 
PARAMETRIC_REPRESENTATION_CONTEXT() REPRESENTATION_CONTEXT('2D SPACE',''
  ) );
#12508 = PCURVE('',#5406,#12509);
#12509 = DEFINITIONAL_REPRESENTATION('',(#12510),#12514);
#12510 = LINE('',#12511,#12512);
#12511 = CARTESIAN_POINT('',(5.78587141854E-02,0.));
#12512 = VECTOR('',#12513,1.);
#12513 = DIRECTION('',(0.,1.));
#12514 = ( GEOMETRIC_REPRESENTATION_CONTEXT(2) 
PARAMETRIC_REPRESENTATION_CONTEXT() REPRESENTATION_CONTEXT('2D SPACE',''
  ) );
#12515 = ORIENTED_EDGE('',*,*,#5362,.F.);
#12516 = ORIENTED_EDGE('',*,*,#12470,.F.);
#12517 = ORIENTED_EDGE('',*,*,#7718,.F.);
#12518 = ADVANCED_FACE('',(#12519),#5406,.T.);
#12519 = FACE_BOUND('',#12520,.T.);
#12520 = EDGE_LOOP('',(#12521,#12522,#12523,#12524));
#12521 = ORIENTED_EDGE('',*,*,#5390,.T.);
#12522 = ORIENTED_EDGE('',*,*,#12495,.T.);
#12523 = ORIENTED_EDGE('',*,*,#7693,.F.);
#12524 = ORIENTED_EDGE('',*,*,#12525,.T.);
#12525 = EDGE_CURVE('',#7694,#5391,#12526,.T.);
#12526 = SURFACE_CURVE('',#12527,(#12531,#12538),.PCURVE_S1.);
#12527 = LINE('',#12528,#12529);
#12528 = CARTESIAN_POINT('',(-5.613463652863,10.423406909085,
    12.733696929039));
#12529 = VECTOR('',#12530,1.);
#12530 = DIRECTION('',(-1.,-2.22044604925E-16,0.));
#12531 = PCURVE('',#5406,#12532);
#12532 = DEFINITIONAL_REPRESENTATION('',(#12533),#12537);
#12533 = LINE('',#12534,#12535);
#12534 = CARTESIAN_POINT('',(0.,0.));
#12535 = VECTOR('',#12536,1.);
#12536 = DIRECTION('',(0.,-1.));
#12537 = ( GEOMETRIC_REPRESENTATION_CONTEXT(2) 
PARAMETRIC_REPRESENTATION_CONTEXT() REPRESENTATION_CONTEXT('2D SPACE',''
  ) );
#12538 = PCURVE('',#5435,#12539);
#12539 = DEFINITIONAL_REPRESENTATION('',(#12540),#12544);
#12540 = LINE('',#12541,#12542);
#12541 = CARTESIAN_POINT('',(1.309277849377,0.));
#12542 = VECTOR('',#12543,1.);
#12543 = DIRECTION('',(0.,1.));
#12544 = ( GEOMETRIC_REPRESENTATION_CONTEXT(2) 
PARAMETRIC_REPRESENTATION_CONTEXT() REPRESENTATION_CONTEXT('2D SPACE',''
  ) );
#12545 = ADVANCED_FACE('',(#12546),#5435,.T.);
#12546 = FACE_BOUND('',#12547,.T.);
#12547 = EDGE_LOOP('',(#12548,#12549,#12550,#12551));
#12548 = ORIENTED_EDGE('',*,*,#5418,.T.);
#12549 = ORIENTED_EDGE('',*,*,#12525,.F.);
#12550 = ORIENTED_EDGE('',*,*,#8278,.F.);
#12551 = ORIENTED_EDGE('',*,*,#12552,.T.);
#12552 = EDGE_CURVE('',#8256,#5419,#12553,.T.);
#12553 = SURFACE_CURVE('',#12554,(#12558,#12565),.PCURVE_S1.);
#12554 = LINE('',#12555,#12556);
#12555 = CARTESIAN_POINT('',(-5.613463652863,10.409890410797,
    11.288866089054));
#12556 = VECTOR('',#12557,1.);
#12557 = DIRECTION('',(-1.,-2.22044604925E-16,0.));
#12558 = PCURVE('',#5435,#12559);
#12559 = DEFINITIONAL_REPRESENTATION('',(#12560),#12564);
#12560 = LINE('',#12561,#12562);
#12561 = CARTESIAN_POINT('',(1.851024404846,0.));
#12562 = VECTOR('',#12563,1.);
#12563 = DIRECTION('',(0.,1.));
#12564 = ( GEOMETRIC_REPRESENTATION_CONTEXT(2) 
PARAMETRIC_REPRESENTATION_CONTEXT() REPRESENTATION_CONTEXT('2D SPACE',''
  ) );
#12565 = PCURVE('',#5463,#12566);
#12566 = DEFINITIONAL_REPRESENTATION('',(#12567),#12571);
#12567 = LINE('',#12568,#12569);
#12568 = CARTESIAN_POINT('',(4.076380556041,0.));
#12569 = VECTOR('',#12570,1.);
#12570 = DIRECTION('',(0.,-1.));
#12571 = ( GEOMETRIC_REPRESENTATION_CONTEXT(2) 
PARAMETRIC_REPRESENTATION_CONTEXT() REPRESENTATION_CONTEXT('2D SPACE',''
  ) );
#12572 = ADVANCED_FACE('',(#12573),#5463,.T.);
#12573 = FACE_BOUND('',#12574,.T.);
#12574 = EDGE_LOOP('',(#12575,#12576,#12577,#12578));
#12575 = ORIENTED_EDGE('',*,*,#5447,.T.);
#12576 = ORIENTED_EDGE('',*,*,#12552,.F.);
#12577 = ORIENTED_EDGE('',*,*,#8255,.F.);
#12578 = ORIENTED_EDGE('',*,*,#12579,.T.);
#12579 = EDGE_CURVE('',#8233,#5448,#12580,.T.);
#12580 = SURFACE_CURVE('',#12581,(#12585,#12592),.PCURVE_S1.);
#12581 = LINE('',#12582,#12583);
#12582 = CARTESIAN_POINT('',(-5.613463652863,9.282466122857,
    7.371495425888));
#12583 = VECTOR('',#12584,1.);
#12584 = DIRECTION('',(-1.,-2.22044604925E-16,0.));
#12585 = PCURVE('',#5463,#12586);
#12586 = DEFINITIONAL_REPRESENTATION('',(#12587),#12591);
#12587 = LINE('',#12588,#12589);
#12588 = CARTESIAN_POINT('',(0.,0.));
#12589 = VECTOR('',#12590,1.);
#12590 = DIRECTION('',(0.,-1.));
#12591 = ( GEOMETRIC_REPRESENTATION_CONTEXT(2) 
PARAMETRIC_REPRESENTATION_CONTEXT() REPRESENTATION_CONTEXT('2D SPACE',''
  ) );
#12592 = PCURVE('',#5491,#12593);
#12593 = DEFINITIONAL_REPRESENTATION('',(#12594),#12598);
#12594 = LINE('',#12595,#12596);
#12595 = CARTESIAN_POINT('',(1.4122903433,0.));
#12596 = VECTOR('',#12597,1.);
#12597 = DIRECTION('',(0.,-1.));
#12598 = ( GEOMETRIC_REPRESENTATION_CONTEXT(2) 
PARAMETRIC_REPRESENTATION_CONTEXT() REPRESENTATION_CONTEXT('2D SPACE',''
  ) );
#12599 = ADVANCED_FACE('',(#12600),#5491,.T.);
#12600 = FACE_BOUND('',#12601,.T.);
#12601 = EDGE_LOOP('',(#12602,#12603,#12604,#12605));
#12602 = ORIENTED_EDGE('',*,*,#6089,.T.);
#12603 = ORIENTED_EDGE('',*,*,#5475,.T.);
#12604 = ORIENTED_EDGE('',*,*,#12579,.F.);
#12605 = ORIENTED_EDGE('',*,*,#8232,.F.);
#12606 = ADVANCED_FACE('',(#12607),#5570,.F.);
#12607 = FACE_BOUND('',#12608,.F.);
#12608 = EDGE_LOOP('',(#12609,#12630,#12631,#12632));
#12609 = ORIENTED_EDGE('',*,*,#12610,.F.);
#12610 = EDGE_CURVE('',#8156,#5550,#12611,.T.);
#12611 = SURFACE_CURVE('',#12612,(#12616,#12623),.PCURVE_S1.);
#12612 = LINE('',#12613,#12614);
#12613 = CARTESIAN_POINT('',(-5.613463652863,9.592648852884,
    12.954074723632));
#12614 = VECTOR('',#12615,1.);
#12615 = DIRECTION('',(-1.,-2.22044604925E-16,0.));
#12616 = PCURVE('',#5570,#12617);
#12617 = DEFINITIONAL_REPRESENTATION('',(#12618),#12622);
#12618 = LINE('',#12619,#12620);
#12619 = CARTESIAN_POINT('',(1.309277849377,0.));
#12620 = VECTOR('',#12621,1.);
#12621 = DIRECTION('',(0.,1.));
#12622 = ( GEOMETRIC_REPRESENTATION_CONTEXT(2) 
PARAMETRIC_REPRESENTATION_CONTEXT() REPRESENTATION_CONTEXT('2D SPACE',''
  ) );
#12623 = PCURVE('',#5598,#12624);
#12624 = DEFINITIONAL_REPRESENTATION('',(#12625),#12629);
#12625 = LINE('',#12626,#12627);
#12626 = CARTESIAN_POINT('',(3.112301102172,0.));
#12627 = VECTOR('',#12628,1.);
#12628 = DIRECTION('',(-0.,-1.));
#12629 = ( GEOMETRIC_REPRESENTATION_CONTEXT(2) 
PARAMETRIC_REPRESENTATION_CONTEXT() REPRESENTATION_CONTEXT('2D SPACE',''
  ) );
#12630 = ORIENTED_EDGE('',*,*,#8178,.T.);
#12631 = ORIENTED_EDGE('',*,*,#12424,.T.);
#12632 = ORIENTED_EDGE('',*,*,#5549,.F.);
#12633 = ADVANCED_FACE('',(#12634),#5598,.T.);
#12634 = FACE_BOUND('',#12635,.T.);
#12635 = EDGE_LOOP('',(#12636,#12637,#12638,#12639));
#12636 = ORIENTED_EDGE('',*,*,#5582,.T.);
#12637 = ORIENTED_EDGE('',*,*,#12610,.F.);
#12638 = ORIENTED_EDGE('',*,*,#8155,.F.);
#12639 = ORIENTED_EDGE('',*,*,#12640,.T.);
#12640 = EDGE_CURVE('',#8133,#5583,#12641,.T.);
#12641 = SURFACE_CURVE('',#12642,(#12646,#12653),.PCURVE_S1.);
#12642 = LINE('',#12643,#12644);
#12643 = CARTESIAN_POINT('',(-5.613463652863,8.787970572718,
    15.960552898509));
#12644 = VECTOR('',#12645,1.);
#12645 = DIRECTION('',(-1.,-2.22044604925E-16,0.));
#12646 = PCURVE('',#5598,#12647);
#12647 = DEFINITIONAL_REPRESENTATION('',(#12648),#12652);
#12648 = LINE('',#12649,#12650);
#12649 = CARTESIAN_POINT('',(0.,0.));
#12650 = VECTOR('',#12651,1.);
#12651 = DIRECTION('',(-0.,-1.));
#12652 = ( GEOMETRIC_REPRESENTATION_CONTEXT(2) 
PARAMETRIC_REPRESENTATION_CONTEXT() REPRESENTATION_CONTEXT('2D SPACE',''
  ) );
#12653 = PCURVE('',#5626,#12654);
#12654 = DEFINITIONAL_REPRESENTATION('',(#12655),#12659);
#12655 = LINE('',#12656,#12657);
#12656 = CARTESIAN_POINT('',(0.771774350208,0.));
#12657 = VECTOR('',#12658,1.);
#12658 = DIRECTION('',(0.,-1.));
#12659 = ( GEOMETRIC_REPRESENTATION_CONTEXT(2) 
PARAMETRIC_REPRESENTATION_CONTEXT() REPRESENTATION_CONTEXT('2D SPACE',''
  ) );
#12660 = ADVANCED_FACE('',(#12661),#5626,.T.);
#12661 = FACE_BOUND('',#12662,.T.);
#12662 = EDGE_LOOP('',(#12663,#12664,#12665,#12666));
#12663 = ORIENTED_EDGE('',*,*,#5610,.T.);
#12664 = ORIENTED_EDGE('',*,*,#12640,.F.);
#12665 = ORIENTED_EDGE('',*,*,#8132,.F.);
#12666 = ORIENTED_EDGE('',*,*,#12667,.T.);
#12667 = EDGE_CURVE('',#8110,#5611,#12668,.T.);
#12668 = SURFACE_CURVE('',#12669,(#12673,#12680),.PCURVE_S1.);
#12669 = LINE('',#12670,#12671);
#12670 = CARTESIAN_POINT('',(-5.613463652863,9.559744922926,
    15.960552898509));
#12671 = VECTOR('',#12672,1.);
#12672 = DIRECTION('',(-1.,-2.22044604925E-16,0.));
#12673 = PCURVE('',#5626,#12674);
#12674 = DEFINITIONAL_REPRESENTATION('',(#12675),#12679);
#12675 = LINE('',#12676,#12677);
#12676 = CARTESIAN_POINT('',(0.,0.));
#12677 = VECTOR('',#12678,1.);
#12678 = DIRECTION('',(0.,-1.));
#12679 = ( GEOMETRIC_REPRESENTATION_CONTEXT(2) 
PARAMETRIC_REPRESENTATION_CONTEXT() REPRESENTATION_CONTEXT('2D SPACE',''
  ) );
#12680 = PCURVE('',#5654,#12681);
#12681 = DEFINITIONAL_REPRESENTATION('',(#12682),#12686);
#12682 = LINE('',#12683,#12684);
#12683 = CARTESIAN_POINT('',(3.340435820974,0.));
#12684 = VECTOR('',#12685,1.);
#12685 = DIRECTION('',(0.,-1.));
#12686 = ( GEOMETRIC_REPRESENTATION_CONTEXT(2) 
PARAMETRIC_REPRESENTATION_CONTEXT() REPRESENTATION_CONTEXT('2D SPACE',''
  ) );
#12687 = ADVANCED_FACE('',(#12688),#5654,.T.);
#12688 = FACE_BOUND('',#12689,.T.);
#12689 = EDGE_LOOP('',(#12690,#12691,#12712,#12713));
#12690 = ORIENTED_EDGE('',*,*,#8109,.F.);
#12691 = ORIENTED_EDGE('',*,*,#12692,.T.);
#12692 = EDGE_CURVE('',#8087,#5639,#12693,.T.);
#12693 = SURFACE_CURVE('',#12694,(#12698,#12705),.PCURVE_S1.);
#12694 = LINE('',#12695,#12696);
#12695 = CARTESIAN_POINT('',(17.716040468236,9.621204823817,
    15.730923423953));
#12696 = VECTOR('',#12697,1.);
#12697 = DIRECTION('',(-1.,-2.22044604925E-16,0.));
#12698 = PCURVE('',#5654,#12699);
#12699 = DEFINITIONAL_REPRESENTATION('',(#12700),#12704);
#12700 = LINE('',#12701,#12702);
#12701 = CARTESIAN_POINT('',(3.102723778783,23.329504121099));
#12702 = VECTOR('',#12703,1.);
#12703 = DIRECTION('',(0.,-1.));
#12704 = ( GEOMETRIC_REPRESENTATION_CONTEXT(2) 
PARAMETRIC_REPRESENTATION_CONTEXT() REPRESENTATION_CONTEXT('2D SPACE',''
  ) );
#12705 = PCURVE('',#5682,#12706);
#12706 = DEFINITIONAL_REPRESENTATION('',(#12707),#12711);
#12707 = LINE('',#12708,#12709);
#12708 = CARTESIAN_POINT('',(0.,0.));
#12709 = VECTOR('',#12710,1.);
#12710 = DIRECTION('',(0.,-1.));
#12711 = ( GEOMETRIC_REPRESENTATION_CONTEXT(2) 
PARAMETRIC_REPRESENTATION_CONTEXT() REPRESENTATION_CONTEXT('2D SPACE',''
  ) );
#12712 = ORIENTED_EDGE('',*,*,#5638,.T.);
#12713 = ORIENTED_EDGE('',*,*,#12667,.F.);
#12714 = ADVANCED_FACE('',(#12715),#5682,.T.);
#12715 = FACE_BOUND('',#12716,.T.);
#12716 = EDGE_LOOP('',(#12717,#12738,#12739,#12740));
#12717 = ORIENTED_EDGE('',*,*,#12718,.T.);
#12718 = EDGE_CURVE('',#8064,#5667,#12719,.T.);
#12719 = SURFACE_CURVE('',#12720,(#12724,#12731),.PCURVE_S1.);
#12720 = LINE('',#12721,#12722);
#12721 = CARTESIAN_POINT('',(17.716040468236,9.496413861113,
    15.426953558486));
#12722 = VECTOR('',#12723,1.);
#12723 = DIRECTION('',(-1.,-2.22044604925E-16,0.));
#12724 = PCURVE('',#5682,#12725);
#12725 = DEFINITIONAL_REPRESENTATION('',(#12726),#12730);
#12726 = LINE('',#12727,#12728);
#12727 = CARTESIAN_POINT('',(-0.328588593054,0.));
#12728 = VECTOR('',#12729,1.);
#12729 = DIRECTION('',(0.,-1.));
#12730 = ( GEOMETRIC_REPRESENTATION_CONTEXT(2) 
PARAMETRIC_REPRESENTATION_CONTEXT() REPRESENTATION_CONTEXT('2D SPACE',''
  ) );
#12731 = PCURVE('',#5710,#12732);
#12732 = DEFINITIONAL_REPRESENTATION('',(#12733),#12737);
#12733 = LINE('',#12734,#12735);
#12734 = CARTESIAN_POINT('',(-7.473087045581E-15,0.));
#12735 = VECTOR('',#12736,1.);
#12736 = DIRECTION('',(0.,-1.));
#12737 = ( GEOMETRIC_REPRESENTATION_CONTEXT(2) 
PARAMETRIC_REPRESENTATION_CONTEXT() REPRESENTATION_CONTEXT('2D SPACE',''
  ) );
#12738 = ORIENTED_EDGE('',*,*,#5666,.F.);
#12739 = ORIENTED_EDGE('',*,*,#12692,.F.);
#12740 = ORIENTED_EDGE('',*,*,#8086,.F.);
#12741 = ADVANCED_FACE('',(#12742),#5710,.T.);
#12742 = FACE_BOUND('',#12743,.T.);
#12743 = EDGE_LOOP('',(#12744,#12765,#12766,#12767));
#12744 = ORIENTED_EDGE('',*,*,#12745,.T.);
#12745 = EDGE_CURVE('',#8041,#5695,#12746,.T.);
#12746 = SURFACE_CURVE('',#12747,(#12751,#12758),.PCURVE_S1.);
#12747 = LINE('',#12748,#12749);
#12748 = CARTESIAN_POINT('',(17.716040468236,9.719766530898,
    15.36267237441));
#12749 = VECTOR('',#12750,1.);
#12750 = DIRECTION('',(-1.,-2.22044604925E-16,0.));
#12751 = PCURVE('',#5710,#12752);
#12752 = DEFINITIONAL_REPRESENTATION('',(#12753),#12757);
#12753 = LINE('',#12754,#12755);
#12754 = CARTESIAN_POINT('',(-0.232418772319,0.));
#12755 = VECTOR('',#12756,1.);
#12756 = DIRECTION('',(0.,-1.));
#12757 = ( GEOMETRIC_REPRESENTATION_CONTEXT(2) 
PARAMETRIC_REPRESENTATION_CONTEXT() REPRESENTATION_CONTEXT('2D SPACE',''
  ) );
#12758 = PCURVE('',#5738,#12759);
#12759 = DEFINITIONAL_REPRESENTATION('',(#12760),#12764);
#12760 = LINE('',#12761,#12762);
#12761 = CARTESIAN_POINT('',(2.72151091752,23.329504121099));
#12762 = VECTOR('',#12763,1.);
#12763 = DIRECTION('',(0.,-1.));
#12764 = ( GEOMETRIC_REPRESENTATION_CONTEXT(2) 
PARAMETRIC_REPRESENTATION_CONTEXT() REPRESENTATION_CONTEXT('2D SPACE',''
  ) );
#12765 = ORIENTED_EDGE('',*,*,#5694,.F.);
#12766 = ORIENTED_EDGE('',*,*,#12718,.F.);
#12767 = ORIENTED_EDGE('',*,*,#8063,.F.);
#12768 = ADVANCED_FACE('',(#12769),#5738,.T.);
#12769 = FACE_BOUND('',#12770,.T.);
#12770 = EDGE_LOOP('',(#12771,#12772,#12793,#12794));
#12771 = ORIENTED_EDGE('',*,*,#8040,.F.);
#12772 = ORIENTED_EDGE('',*,*,#12773,.T.);
#12773 = EDGE_CURVE('',#8018,#5723,#12774,.T.);
#12774 = SURFACE_CURVE('',#12775,(#12779,#12786),.PCURVE_S1.);
#12775 = LINE('',#12776,#12777);
#12776 = CARTESIAN_POINT('',(-5.613463652863,9.763930974211,
    15.197663030677));
#12777 = VECTOR('',#12778,1.);
#12778 = DIRECTION('',(-1.,-2.22044604925E-16,0.));
#12779 = PCURVE('',#5738,#12780);
#12780 = DEFINITIONAL_REPRESENTATION('',(#12781),#12785);
#12781 = LINE('',#12782,#12783);
#12782 = CARTESIAN_POINT('',(2.550693525044,0.));
#12783 = VECTOR('',#12784,1.);
#12784 = DIRECTION('',(0.,-1.));
#12785 = ( GEOMETRIC_REPRESENTATION_CONTEXT(2) 
PARAMETRIC_REPRESENTATION_CONTEXT() REPRESENTATION_CONTEXT('2D SPACE',''
  ) );
#12786 = PCURVE('',#5766,#12787);
#12787 = DEFINITIONAL_REPRESENTATION('',(#12788),#12792);
#12788 = LINE('',#12789,#12790);
#12789 = CARTESIAN_POINT('',(-1.663558360146E-02,-23.32950412109));
#12790 = VECTOR('',#12791,1.);
#12791 = DIRECTION('',(0.,-1.));
#12792 = ( GEOMETRIC_REPRESENTATION_CONTEXT(2) 
PARAMETRIC_REPRESENTATION_CONTEXT() REPRESENTATION_CONTEXT('2D SPACE',''
  ) );
#12793 = ORIENTED_EDGE('',*,*,#5722,.T.);
#12794 = ORIENTED_EDGE('',*,*,#12745,.F.);
#12795 = ADVANCED_FACE('',(#12796),#5766,.T.);
#12796 = FACE_BOUND('',#12797,.T.);
#12797 = EDGE_LOOP('',(#12798,#12799,#12800,#12821));
#12798 = ORIENTED_EDGE('',*,*,#12773,.F.);
#12799 = ORIENTED_EDGE('',*,*,#8017,.F.);
#12800 = ORIENTED_EDGE('',*,*,#12801,.T.);
#12801 = EDGE_CURVE('',#7995,#5751,#12802,.T.);
#12802 = SURFACE_CURVE('',#12803,(#12807,#12814),.PCURVE_S1.);
#12803 = LINE('',#12804,#12805);
#12804 = CARTESIAN_POINT('',(17.716040468236,9.645457852529,
    14.909082366832));
#12805 = VECTOR('',#12806,1.);
#12806 = DIRECTION('',(-1.,-2.22044604925E-16,0.));
#12807 = PCURVE('',#5766,#12808);
#12808 = DEFINITIONAL_REPRESENTATION('',(#12809),#12813);
#12809 = LINE('',#12810,#12811);
#12810 = CARTESIAN_POINT('',(-0.328588593054,0.));
#12811 = VECTOR('',#12812,1.);
#12812 = DIRECTION('',(0.,-1.));
#12813 = ( GEOMETRIC_REPRESENTATION_CONTEXT(2) 
PARAMETRIC_REPRESENTATION_CONTEXT() REPRESENTATION_CONTEXT('2D SPACE',''
  ) );
#12814 = PCURVE('',#5794,#12815);
#12815 = DEFINITIONAL_REPRESENTATION('',(#12816),#12820);
#12816 = LINE('',#12817,#12818);
#12817 = CARTESIAN_POINT('',(-9.210858412334E-15,0.));
#12818 = VECTOR('',#12819,1.);
#12819 = DIRECTION('',(0.,-1.));
#12820 = ( GEOMETRIC_REPRESENTATION_CONTEXT(2) 
PARAMETRIC_REPRESENTATION_CONTEXT() REPRESENTATION_CONTEXT('2D SPACE',''
  ) );
#12821 = ORIENTED_EDGE('',*,*,#5750,.F.);
#12822 = ADVANCED_FACE('',(#12823),#5794,.T.);
#12823 = FACE_BOUND('',#12824,.T.);
#12824 = EDGE_LOOP('',(#12825,#12846,#12847,#12848));
#12825 = ORIENTED_EDGE('',*,*,#12826,.F.);
#12826 = EDGE_CURVE('',#5779,#7972,#12827,.T.);
#12827 = SURFACE_CURVE('',#12828,(#12832,#12839),.PCURVE_S1.);
#12828 = LINE('',#12829,#12830);
#12829 = CARTESIAN_POINT('',(-5.613463652863,9.857502759082,
    14.848055571479));
#12830 = VECTOR('',#12831,1.);
#12831 = DIRECTION('',(1.,2.22044604925E-16,0.));
#12832 = PCURVE('',#5794,#12833);
#12833 = DEFINITIONAL_REPRESENTATION('',(#12834),#12838);
#12834 = LINE('',#12835,#12836);
#12835 = CARTESIAN_POINT('',(-0.220652015958,-23.32950412109));
#12836 = VECTOR('',#12837,1.);
#12837 = DIRECTION('',(0.,1.));
#12838 = ( GEOMETRIC_REPRESENTATION_CONTEXT(2) 
PARAMETRIC_REPRESENTATION_CONTEXT() REPRESENTATION_CONTEXT('2D SPACE',''
  ) );
#12839 = PCURVE('',#5822,#12840);
#12840 = DEFINITIONAL_REPRESENTATION('',(#12841),#12845);
#12841 = LINE('',#12842,#12843);
#12842 = CARTESIAN_POINT('',(2.188780476853,0.));
#12843 = VECTOR('',#12844,1.);
#12844 = DIRECTION('',(0.,1.));
#12845 = ( GEOMETRIC_REPRESENTATION_CONTEXT(2) 
PARAMETRIC_REPRESENTATION_CONTEXT() REPRESENTATION_CONTEXT('2D SPACE',''
  ) );
#12846 = ORIENTED_EDGE('',*,*,#5778,.F.);
#12847 = ORIENTED_EDGE('',*,*,#12801,.F.);
#12848 = ORIENTED_EDGE('',*,*,#7994,.F.);
#12849 = ADVANCED_FACE('',(#12850),#5822,.T.);
#12850 = FACE_BOUND('',#12851,.T.);
#12851 = EDGE_LOOP('',(#12852,#12853,#12874,#12875));
#12852 = ORIENTED_EDGE('',*,*,#7971,.F.);
#12853 = ORIENTED_EDGE('',*,*,#12854,.T.);
#12854 = EDGE_CURVE('',#7949,#5807,#12855,.T.);
#12855 = SURFACE_CURVE('',#12856,(#12860,#12867),.PCURVE_S1.);
#12856 = LINE('',#12857,#12858);
#12857 = CARTESIAN_POINT('',(-5.613463652863,9.906657124604,
    14.664402637401));
#12858 = VECTOR('',#12859,1.);
#12859 = DIRECTION('',(-1.,-2.22044604925E-16,0.));
#12860 = PCURVE('',#5822,#12861);
#12861 = DEFINITIONAL_REPRESENTATION('',(#12862),#12866);
#12862 = LINE('',#12863,#12864);
#12863 = CARTESIAN_POINT('',(1.998663271305,0.));
#12864 = VECTOR('',#12865,1.);
#12865 = DIRECTION('',(0.,-1.));
#12866 = ( GEOMETRIC_REPRESENTATION_CONTEXT(2) 
PARAMETRIC_REPRESENTATION_CONTEXT() REPRESENTATION_CONTEXT('2D SPACE',''
  ) );
#12867 = PCURVE('',#5850,#12868);
#12868 = DEFINITIONAL_REPRESENTATION('',(#12869),#12873);
#12869 = LINE('',#12870,#12871);
#12870 = CARTESIAN_POINT('',(-3.327116720291E-02,-23.32950412109));
#12871 = VECTOR('',#12872,1.);
#12872 = DIRECTION('',(0.,-1.));
#12873 = ( GEOMETRIC_REPRESENTATION_CONTEXT(2) 
PARAMETRIC_REPRESENTATION_CONTEXT() REPRESENTATION_CONTEXT('2D SPACE',''
  ) );
#12874 = ORIENTED_EDGE('',*,*,#5806,.T.);
#12875 = ORIENTED_EDGE('',*,*,#12826,.T.);
#12876 = ADVANCED_FACE('',(#12877),#5850,.T.);
#12877 = FACE_BOUND('',#12878,.T.);
#12878 = EDGE_LOOP('',(#12879,#12880,#12881,#12902));
#12879 = ORIENTED_EDGE('',*,*,#12854,.F.);
#12880 = ORIENTED_EDGE('',*,*,#7948,.F.);
#12881 = ORIENTED_EDGE('',*,*,#12882,.T.);
#12882 = EDGE_CURVE('',#7926,#5835,#12883,.T.);
#12883 = SURFACE_CURVE('',#12884,(#12888,#12895),.PCURVE_S1.);
#12884 = LINE('',#12885,#12886);
#12885 = CARTESIAN_POINT('',(17.716040468236,9.794501843945,
    14.391211175179));
#12886 = VECTOR('',#12887,1.);
#12887 = DIRECTION('',(-1.,-2.22044604925E-16,0.));
#12888 = PCURVE('',#5850,#12889);
#12889 = DEFINITIONAL_REPRESENTATION('',(#12890),#12894);
#12890 = LINE('',#12891,#12892);
#12891 = CARTESIAN_POINT('',(-0.328588593054,0.));
#12892 = VECTOR('',#12893,1.);
#12893 = DIRECTION('',(0.,-1.));
#12894 = ( GEOMETRIC_REPRESENTATION_CONTEXT(2) 
PARAMETRIC_REPRESENTATION_CONTEXT() REPRESENTATION_CONTEXT('2D SPACE',''
  ) );
#12895 = PCURVE('',#5878,#12896);
#12896 = DEFINITIONAL_REPRESENTATION('',(#12897),#12901);
#12897 = LINE('',#12898,#12899);
#12898 = CARTESIAN_POINT('',(-1.104074770472E-14,0.));
#12899 = VECTOR('',#12900,1.);
#12900 = DIRECTION('',(0.,-1.));
#12901 = ( GEOMETRIC_REPRESENTATION_CONTEXT(2) 
PARAMETRIC_REPRESENTATION_CONTEXT() REPRESENTATION_CONTEXT('2D SPACE',''
  ) );
#12902 = ORIENTED_EDGE('',*,*,#5834,.F.);
#12903 = ADVANCED_FACE('',(#12904),#5878,.T.);
#12904 = FACE_BOUND('',#12905,.T.);
#12905 = EDGE_LOOP('',(#12906,#12927,#12928,#12929));
#12906 = ORIENTED_EDGE('',*,*,#12907,.F.);
#12907 = EDGE_CURVE('',#5863,#7903,#12908,.T.);
#12908 = SURFACE_CURVE('',#12909,(#12913,#12920),.PCURVE_S1.);
#12909 = LINE('',#12910,#12911);
#12910 = CARTESIAN_POINT('',(-5.613463652863,9.995238987267,
    14.333438768549));
#12911 = VECTOR('',#12912,1.);
#12912 = DIRECTION('',(1.,2.22044604925E-16,0.));
#12913 = PCURVE('',#5878,#12914);
#12914 = DEFINITIONAL_REPRESENTATION('',(#12915),#12919);
#12915 = LINE('',#12916,#12917);
#12916 = CARTESIAN_POINT('',(-0.208885259597,-23.32950412109));
#12917 = VECTOR('',#12918,1.);
#12918 = DIRECTION('',(0.,1.));
#12919 = ( GEOMETRIC_REPRESENTATION_CONTEXT(2) 
PARAMETRIC_REPRESENTATION_CONTEXT() REPRESENTATION_CONTEXT('2D SPACE',''
  ) );
#12920 = PCURVE('',#5906,#12921);
#12921 = DEFINITIONAL_REPRESENTATION('',(#12922),#12926);
#12922 = LINE('',#12923,#12924);
#12923 = CARTESIAN_POINT('',(1.656050036186,0.));
#12924 = VECTOR('',#12925,1.);
#12925 = DIRECTION('',(0.,1.));
#12926 = ( GEOMETRIC_REPRESENTATION_CONTEXT(2) 
PARAMETRIC_REPRESENTATION_CONTEXT() REPRESENTATION_CONTEXT('2D SPACE',''
  ) );
#12927 = ORIENTED_EDGE('',*,*,#5862,.F.);
#12928 = ORIENTED_EDGE('',*,*,#12882,.F.);
#12929 = ORIENTED_EDGE('',*,*,#7925,.F.);
#12930 = ADVANCED_FACE('',(#12931),#5906,.T.);
#12931 = FACE_BOUND('',#12932,.T.);
#12932 = EDGE_LOOP('',(#12933,#12934,#12955,#12956));
#12933 = ORIENTED_EDGE('',*,*,#7902,.F.);
#12934 = ORIENTED_EDGE('',*,*,#12935,.T.);
#12935 = EDGE_CURVE('',#7880,#5891,#12936,.T.);
#12936 = SURFACE_CURVE('',#12937,(#12941,#12948),.PCURVE_S1.);
#12937 = LINE('',#12938,#12939);
#12938 = CARTESIAN_POINT('',(-5.613463652863,10.049383274998,
    14.131142244125));
#12939 = VECTOR('',#12940,1.);
#12940 = DIRECTION('',(-1.,-2.22044604925E-16,0.));
#12941 = PCURVE('',#5906,#12942);
#12942 = DEFINITIONAL_REPRESENTATION('',(#12943),#12947);
#12943 = LINE('',#12944,#12945);
#12944 = CARTESIAN_POINT('',(1.446633017566,0.));
#12945 = VECTOR('',#12946,1.);
#12946 = DIRECTION('',(0.,-1.));
#12947 = ( GEOMETRIC_REPRESENTATION_CONTEXT(2) 
PARAMETRIC_REPRESENTATION_CONTEXT() REPRESENTATION_CONTEXT('2D SPACE',''
  ) );
#12948 = PCURVE('',#5934,#12949);
#12949 = DEFINITIONAL_REPRESENTATION('',(#12950),#12954);
#12950 = LINE('',#12951,#12952);
#12951 = CARTESIAN_POINT('',(-4.990675080433E-02,-23.32950412109));
#12952 = VECTOR('',#12953,1.);
#12953 = DIRECTION('',(0.,-1.));
#12954 = ( GEOMETRIC_REPRESENTATION_CONTEXT(2) 
PARAMETRIC_REPRESENTATION_CONTEXT() REPRESENTATION_CONTEXT('2D SPACE',''
  ) );
#12955 = ORIENTED_EDGE('',*,*,#5890,.T.);
#12956 = ORIENTED_EDGE('',*,*,#12907,.T.);
#12957 = ADVANCED_FACE('',(#12958),#5934,.T.);
#12958 = FACE_BOUND('',#12959,.T.);
#12959 = EDGE_LOOP('',(#12960,#12961,#12962,#12983));
#12960 = ORIENTED_EDGE('',*,*,#12935,.F.);
#12961 = ORIENTED_EDGE('',*,*,#7879,.F.);
#12962 = ORIENTED_EDGE('',*,*,#12963,.T.);
#12963 = EDGE_CURVE('',#7857,#5919,#12964,.T.);
#12964 = SURFACE_CURVE('',#12965,(#12969,#12976),.PCURVE_S1.);
#12965 = LINE('',#12966,#12967);
#12966 = CARTESIAN_POINT('',(17.716040468236,9.943545835361,
    13.873339983525));
#12967 = VECTOR('',#12968,1.);
#12968 = DIRECTION('',(-1.,-2.22044604925E-16,0.));
#12969 = PCURVE('',#5934,#12970);
#12970 = DEFINITIONAL_REPRESENTATION('',(#12971),#12975);
#12971 = LINE('',#12972,#12973);
#12972 = CARTESIAN_POINT('',(-0.328588593054,0.));
#12973 = VECTOR('',#12974,1.);
#12974 = DIRECTION('',(0.,-1.));
#12975 = ( GEOMETRIC_REPRESENTATION_CONTEXT(2) 
PARAMETRIC_REPRESENTATION_CONTEXT() REPRESENTATION_CONTEXT('2D SPACE',''
  ) );
#12976 = PCURVE('',#5962,#12977);
#12977 = DEFINITIONAL_REPRESENTATION('',(#12978),#12982);
#12978 = LINE('',#12979,#12980);
#12979 = CARTESIAN_POINT('',(0.,0.));
#12980 = VECTOR('',#12981,1.);
#12981 = DIRECTION('',(0.,-1.));
#12982 = ( GEOMETRIC_REPRESENTATION_CONTEXT(2) 
PARAMETRIC_REPRESENTATION_CONTEXT() REPRESENTATION_CONTEXT('2D SPACE',''
  ) );
#12983 = ORIENTED_EDGE('',*,*,#5918,.F.);
#12984 = ADVANCED_FACE('',(#12985),#5962,.T.);
#12985 = FACE_BOUND('',#12986,.T.);
#12986 = EDGE_LOOP('',(#12987,#13008,#13009,#13010));
#12987 = ORIENTED_EDGE('',*,*,#12988,.F.);
#12988 = EDGE_CURVE('',#5947,#7834,#12989,.T.);
#12989 = SURFACE_CURVE('',#12990,(#12994,#13001),.PCURVE_S1.);
#12990 = LINE('',#12991,#12992);
#12991 = CARTESIAN_POINT('',(-5.613463652863,10.132975215452,
    13.818821965618));
#12992 = VECTOR('',#12993,1.);
#12993 = DIRECTION('',(1.,2.22044604925E-16,0.));
#12994 = PCURVE('',#5962,#12995);
#12995 = DEFINITIONAL_REPRESENTATION('',(#12996),#13000);
#12996 = LINE('',#12997,#12998);
#12997 = CARTESIAN_POINT('',(-0.197118503236,-23.32950412109));
#12998 = VECTOR('',#12999,1.);
#12999 = DIRECTION('',(0.,1.));
#13000 = ( GEOMETRIC_REPRESENTATION_CONTEXT(2) 
PARAMETRIC_REPRESENTATION_CONTEXT() REPRESENTATION_CONTEXT('2D SPACE',''
  ) );
#13001 = PCURVE('',#5990,#13002);
#13002 = DEFINITIONAL_REPRESENTATION('',(#13003),#13007);
#13003 = LINE('',#13004,#13005);
#13004 = CARTESIAN_POINT('',(1.123319595519,0.));
#13005 = VECTOR('',#13006,1.);
#13006 = DIRECTION('',(0.,1.));
#13007 = ( GEOMETRIC_REPRESENTATION_CONTEXT(2) 
PARAMETRIC_REPRESENTATION_CONTEXT() REPRESENTATION_CONTEXT('2D SPACE',''
  ) );
#13008 = ORIENTED_EDGE('',*,*,#5946,.F.);
#13009 = ORIENTED_EDGE('',*,*,#12963,.F.);
#13010 = ORIENTED_EDGE('',*,*,#7856,.F.);
#13011 = ADVANCED_FACE('',(#13012),#5990,.T.);
#13012 = FACE_BOUND('',#13013,.T.);
#13013 = EDGE_LOOP('',(#13014,#13015,#13036,#13037));
#13014 = ORIENTED_EDGE('',*,*,#7833,.F.);
#13015 = ORIENTED_EDGE('',*,*,#13016,.T.);
#13016 = EDGE_CURVE('',#7811,#5975,#13017,.T.);
#13017 = SURFACE_CURVE('',#13018,(#13022,#13029),.PCURVE_S1.);
#13018 = LINE('',#13019,#13020);
#13019 = CARTESIAN_POINT('',(-5.613463652863,10.192109425391,
    13.597881850849));
#13020 = VECTOR('',#13021,1.);
#13021 = DIRECTION('',(-1.,-2.22044604925E-16,0.));
#13022 = PCURVE('',#5990,#13023);
#13023 = DEFINITIONAL_REPRESENTATION('',(#13024),#13028);
#13024 = LINE('',#13025,#13026);
#13025 = CARTESIAN_POINT('',(0.894602763828,0.));
#13026 = VECTOR('',#13027,1.);
#13027 = DIRECTION('',(0.,-1.));
#13028 = ( GEOMETRIC_REPRESENTATION_CONTEXT(2) 
PARAMETRIC_REPRESENTATION_CONTEXT() REPRESENTATION_CONTEXT('2D SPACE',''
  ) );
#13029 = PCURVE('',#6018,#13030);
#13030 = DEFINITIONAL_REPRESENTATION('',(#13031),#13035);
#13031 = LINE('',#13032,#13033);
#13032 = CARTESIAN_POINT('',(-6.654233440578E-02,-23.32950412109));
#13033 = VECTOR('',#13034,1.);
#13034 = DIRECTION('',(0.,-1.));
#13035 = ( GEOMETRIC_REPRESENTATION_CONTEXT(2) 
PARAMETRIC_REPRESENTATION_CONTEXT() REPRESENTATION_CONTEXT('2D SPACE',''
  ) );
#13036 = ORIENTED_EDGE('',*,*,#5974,.T.);
#13037 = ORIENTED_EDGE('',*,*,#12988,.T.);
#13038 = ADVANCED_FACE('',(#13039),#6018,.T.);
#13039 = FACE_BOUND('',#13040,.T.);
#13040 = EDGE_LOOP('',(#13041,#13042,#13043,#13064));
#13041 = ORIENTED_EDGE('',*,*,#13016,.F.);
#13042 = ORIENTED_EDGE('',*,*,#7810,.F.);
#13043 = ORIENTED_EDGE('',*,*,#13044,.T.);
#13044 = EDGE_CURVE('',#7788,#6003,#13045,.T.);
#13045 = SURFACE_CURVE('',#13046,(#13050,#13057),.PCURVE_S1.);
#13046 = LINE('',#13047,#13048);
#13047 = CARTESIAN_POINT('',(17.716040468236,10.092589826777,
    13.355468791872));
#13048 = VECTOR('',#13049,1.);
#13049 = DIRECTION('',(-1.,-2.22044604925E-16,0.));
#13050 = PCURVE('',#6018,#13051);
#13051 = DEFINITIONAL_REPRESENTATION('',(#13052),#13056);
#13052 = LINE('',#13053,#13054);
#13053 = CARTESIAN_POINT('',(-0.328588593054,0.));
#13054 = VECTOR('',#13055,1.);
#13055 = DIRECTION('',(0.,-1.));
#13056 = ( GEOMETRIC_REPRESENTATION_CONTEXT(2) 
PARAMETRIC_REPRESENTATION_CONTEXT() REPRESENTATION_CONTEXT('2D SPACE',''
  ) );
#13057 = PCURVE('',#6046,#13058);
#13058 = DEFINITIONAL_REPRESENTATION('',(#13059),#13063);
#13059 = LINE('',#13060,#13061);
#13060 = CARTESIAN_POINT('',(0.,0.));
#13061 = VECTOR('',#13062,1.);
#13062 = DIRECTION('',(0.,-1.));
#13063 = ( GEOMETRIC_REPRESENTATION_CONTEXT(2) 
PARAMETRIC_REPRESENTATION_CONTEXT() REPRESENTATION_CONTEXT('2D SPACE',''
  ) );
#13064 = ORIENTED_EDGE('',*,*,#6002,.F.);
#13065 = ADVANCED_FACE('',(#13066),#6046,.T.);
#13066 = FACE_BOUND('',#13067,.T.);
#13067 = EDGE_LOOP('',(#13068,#13089,#13090,#13091));
#13068 = ORIENTED_EDGE('',*,*,#13069,.F.);
#13069 = EDGE_CURVE('',#6031,#7765,#13070,.T.);
#13070 = SURFACE_CURVE('',#13071,(#13075,#13082),.PCURVE_S1.);
#13071 = LINE('',#13072,#13073);
#13072 = CARTESIAN_POINT('',(-5.613463652863,10.270711443636,
    13.304205162687));
#13073 = VECTOR('',#13074,1.);
#13074 = DIRECTION('',(1.,2.22044604925E-16,0.));
#13075 = PCURVE('',#6046,#13076);
#13076 = DEFINITIONAL_REPRESENTATION('',(#13077),#13081);
#13077 = LINE('',#13078,#13079);
#13078 = CARTESIAN_POINT('',(-0.185351746875,-23.32950412109));
#13079 = VECTOR('',#13080,1.);
#13080 = DIRECTION('',(0.,1.));
#13081 = ( GEOMETRIC_REPRESENTATION_CONTEXT(2) 
PARAMETRIC_REPRESENTATION_CONTEXT() REPRESENTATION_CONTEXT('2D SPACE',''
  ) );
#13082 = PCURVE('',#6072,#13083);
#13083 = DEFINITIONAL_REPRESENTATION('',(#13084),#13088);
#13084 = LINE('',#13085,#13086);
#13085 = CARTESIAN_POINT('',(0.590589154852,0.));
#13086 = VECTOR('',#13087,1.);
#13087 = DIRECTION('',(0.,1.));
#13088 = ( GEOMETRIC_REPRESENTATION_CONTEXT(2) 
PARAMETRIC_REPRESENTATION_CONTEXT() REPRESENTATION_CONTEXT('2D SPACE',''
  ) );
#13089 = ORIENTED_EDGE('',*,*,#6030,.F.);
#13090 = ORIENTED_EDGE('',*,*,#13044,.F.);
#13091 = ORIENTED_EDGE('',*,*,#7787,.F.);
#13092 = ADVANCED_FACE('',(#13093),#6072,.T.);
#13093 = FACE_BOUND('',#13094,.T.);
#13094 = EDGE_LOOP('',(#13095,#13096,#13097,#13098));
#13095 = ORIENTED_EDGE('',*,*,#7764,.F.);
#13096 = ORIENTED_EDGE('',*,*,#12448,.T.);
#13097 = ORIENTED_EDGE('',*,*,#6058,.T.);
#13098 = ORIENTED_EDGE('',*,*,#13069,.T.);
#13099 = ADVANCED_FACE('',(#13100),#6180,.T.);
#13100 = FACE_BOUND('',#13101,.T.);
#13101 = EDGE_LOOP('',(#13102,#13103,#13104,#13125));
#13102 = ORIENTED_EDGE('',*,*,#6164,.F.);
#13103 = ORIENTED_EDGE('',*,*,#7142,.T.);
#13104 = ORIENTED_EDGE('',*,*,#13105,.T.);
#13105 = EDGE_CURVE('',#7120,#6859,#13106,.T.);
#13106 = SURFACE_CURVE('',#13107,(#13111,#13118),.PCURVE_S1.);
#13107 = LINE('',#13108,#13109);
#13108 = CARTESIAN_POINT('',(5.613463652863,9.282466122857,
    7.371495425888));
#13109 = VECTOR('',#13110,1.);
#13110 = DIRECTION('',(1.,2.22044604925E-16,0.));
#13111 = PCURVE('',#6180,#13112);
#13112 = DEFINITIONAL_REPRESENTATION('',(#13113),#13117);
#13113 = LINE('',#13114,#13115);
#13114 = CARTESIAN_POINT('',(1.4122903433,0.));
#13115 = VECTOR('',#13116,1.);
#13116 = DIRECTION('',(0.,1.));
#13117 = ( GEOMETRIC_REPRESENTATION_CONTEXT(2) 
PARAMETRIC_REPRESENTATION_CONTEXT() REPRESENTATION_CONTEXT('2D SPACE',''
  ) );
#13118 = PCURVE('',#6897,#13119);
#13119 = DEFINITIONAL_REPRESENTATION('',(#13120),#13124);
#13120 = LINE('',#13121,#13122);
#13121 = CARTESIAN_POINT('',(0.,0.));
#13122 = VECTOR('',#13123,1.);
#13123 = DIRECTION('',(0.,1.));
#13124 = ( GEOMETRIC_REPRESENTATION_CONTEXT(2) 
PARAMETRIC_REPRESENTATION_CONTEXT() REPRESENTATION_CONTEXT('2D SPACE',''
  ) );
#13125 = ORIENTED_EDGE('',*,*,#6858,.F.);
#13126 = ADVANCED_FACE('',(#13127),#6234,.T.);
#13127 = FACE_BOUND('',#13128,.T.);
#13128 = EDGE_LOOP('',(#13129,#13150,#13151,#13172));
#13129 = ORIENTED_EDGE('',*,*,#13130,.F.);
#13130 = EDGE_CURVE('',#7046,#6219,#13131,.T.);
#13131 = SURFACE_CURVE('',#13132,(#13136,#13143),.PCURVE_S1.);
#13132 = LINE('',#13133,#13134);
#13133 = CARTESIAN_POINT('',(5.613463652863,10.408447671821,
    12.789588359756));
#13134 = VECTOR('',#13135,1.);
#13135 = DIRECTION('',(1.,2.22044604925E-16,0.));
#13136 = PCURVE('',#6234,#13137);
#13137 = DEFINITIONAL_REPRESENTATION('',(#13138),#13142);
#13138 = LINE('',#13139,#13140);
#13139 = CARTESIAN_POINT('',(-0.173584990514,-12.10257681537));
#13140 = VECTOR('',#13141,1.);
#13141 = DIRECTION('',(0.,1.));
#13142 = ( GEOMETRIC_REPRESENTATION_CONTEXT(2) 
PARAMETRIC_REPRESENTATION_CONTEXT() REPRESENTATION_CONTEXT('2D SPACE',''
  ) );
#13143 = PCURVE('',#6956,#13144);
#13144 = DEFINITIONAL_REPRESENTATION('',(#13145),#13149);
#13145 = LINE('',#13146,#13147);
#13146 = CARTESIAN_POINT('',(5.78587141854E-02,0.));
#13147 = VECTOR('',#13148,1.);
#13148 = DIRECTION('',(0.,1.));
#13149 = ( GEOMETRIC_REPRESENTATION_CONTEXT(2) 
PARAMETRIC_REPRESENTATION_CONTEXT() REPRESENTATION_CONTEXT('2D SPACE',''
  ) );
#13150 = ORIENTED_EDGE('',*,*,#7045,.F.);
#13151 = ORIENTED_EDGE('',*,*,#13152,.F.);
#13152 = EDGE_CURVE('',#6217,#7023,#13153,.T.);
#13153 = SURFACE_CURVE('',#13154,(#13158,#13165),.PCURVE_S1.);
#13154 = LINE('',#13155,#13156);
#13155 = CARTESIAN_POINT('',(17.716040468236,10.241633818193,
    12.837597600218));
#13156 = VECTOR('',#13157,1.);
#13157 = DIRECTION('',(-1.,-2.22044604925E-16,0.));
#13158 = PCURVE('',#6234,#13159);
#13159 = DEFINITIONAL_REPRESENTATION('',(#13160),#13164);
#13160 = LINE('',#13161,#13162);
#13161 = CARTESIAN_POINT('',(0.,0.));
#13162 = VECTOR('',#13163,1.);
#13163 = DIRECTION('',(0.,-1.));
#13164 = ( GEOMETRIC_REPRESENTATION_CONTEXT(2) 
PARAMETRIC_REPRESENTATION_CONTEXT() REPRESENTATION_CONTEXT('2D SPACE',''
  ) );
#13165 = PCURVE('',#6262,#13166);
#13166 = DEFINITIONAL_REPRESENTATION('',(#13167),#13171);
#13167 = LINE('',#13168,#13169);
#13168 = CARTESIAN_POINT('',(-0.328588593054,0.));
#13169 = VECTOR('',#13170,1.);
#13170 = DIRECTION('',(0.,-1.));
#13171 = ( GEOMETRIC_REPRESENTATION_CONTEXT(2) 
PARAMETRIC_REPRESENTATION_CONTEXT() REPRESENTATION_CONTEXT('2D SPACE',''
  ) );
#13172 = ORIENTED_EDGE('',*,*,#6216,.T.);
#13173 = ADVANCED_FACE('',(#13174),#6262,.T.);
#13174 = FACE_BOUND('',#13175,.T.);
#13175 = EDGE_LOOP('',(#13176,#13197,#13198,#13199));
#13176 = ORIENTED_EDGE('',*,*,#13177,.F.);
#13177 = EDGE_CURVE('',#6247,#7021,#13178,.T.);
#13178 = SURFACE_CURVE('',#13179,(#13183,#13190),.PCURVE_S1.);
#13179 = LINE('',#13180,#13181);
#13180 = CARTESIAN_POINT('',(5.613463652863,10.334835575785,
    13.064621457574));
#13181 = VECTOR('',#13182,1.);
#13182 = DIRECTION('',(-1.,-2.22044604925E-16,0.));
#13183 = PCURVE('',#6262,#13184);
#13184 = DEFINITIONAL_REPRESENTATION('',(#13185),#13189);
#13185 = LINE('',#13186,#13187);
#13186 = CARTESIAN_POINT('',(-8.317791800727E-02,-12.10257681537));
#13187 = VECTOR('',#13188,1.);
#13188 = DIRECTION('',(0.,-1.));
#13189 = ( GEOMETRIC_REPRESENTATION_CONTEXT(2) 
PARAMETRIC_REPRESENTATION_CONTEXT() REPRESENTATION_CONTEXT('2D SPACE',''
  ) );
#13190 = PCURVE('',#6290,#13191);
#13191 = DEFINITIONAL_REPRESENTATION('',(#13192),#13196);
#13192 = LINE('',#13193,#13194);
#13193 = CARTESIAN_POINT('',(0.342572510089,0.));
#13194 = VECTOR('',#13195,1.);
#13195 = DIRECTION('',(0.,-1.));
#13196 = ( GEOMETRIC_REPRESENTATION_CONTEXT(2) 
PARAMETRIC_REPRESENTATION_CONTEXT() REPRESENTATION_CONTEXT('2D SPACE',''
  ) );
#13197 = ORIENTED_EDGE('',*,*,#6246,.T.);
#13198 = ORIENTED_EDGE('',*,*,#13152,.T.);
#13199 = ORIENTED_EDGE('',*,*,#7020,.F.);
#13200 = ADVANCED_FACE('',(#13201),#6290,.T.);
#13201 = FACE_BOUND('',#13202,.T.);
#13202 = EDGE_LOOP('',(#13203,#13204,#13205,#13206));
#13203 = ORIENTED_EDGE('',*,*,#6274,.F.);
#13204 = ORIENTED_EDGE('',*,*,#13177,.T.);
#13205 = ORIENTED_EDGE('',*,*,#7626,.T.);
#13206 = ORIENTED_EDGE('',*,*,#13207,.T.);
#13207 = EDGE_CURVE('',#7604,#6275,#13208,.T.);
#13208 = SURFACE_CURVE('',#13209,(#13213,#13220),.PCURVE_S1.);
#13209 = LINE('',#13210,#13211);
#13210 = CARTESIAN_POINT('',(5.613463652863,10.270711443636,
    13.304205162687));
#13211 = VECTOR('',#13212,1.);
#13212 = DIRECTION('',(1.,2.22044604925E-16,0.));
#13213 = PCURVE('',#6290,#13214);
#13214 = DEFINITIONAL_REPRESENTATION('',(#13215),#13219);
#13215 = LINE('',#13216,#13217);
#13216 = CARTESIAN_POINT('',(0.590589154852,0.));
#13217 = VECTOR('',#13218,1.);
#13218 = DIRECTION('',(0.,1.));
#13219 = ( GEOMETRIC_REPRESENTATION_CONTEXT(2) 
PARAMETRIC_REPRESENTATION_CONTEXT() REPRESENTATION_CONTEXT('2D SPACE',''
  ) );
#13220 = PCURVE('',#6318,#13221);
#13221 = DEFINITIONAL_REPRESENTATION('',(#13222),#13226);
#13222 = LINE('',#13223,#13224);
#13223 = CARTESIAN_POINT('',(-0.185351746875,-12.10257681537));
#13224 = VECTOR('',#13225,1.);
#13225 = DIRECTION('',(0.,1.));
#13226 = ( GEOMETRIC_REPRESENTATION_CONTEXT(2) 
PARAMETRIC_REPRESENTATION_CONTEXT() REPRESENTATION_CONTEXT('2D SPACE',''
  ) );
#13227 = ADVANCED_FACE('',(#13228),#6318,.T.);
#13228 = FACE_BOUND('',#13229,.T.);
#13229 = EDGE_LOOP('',(#13230,#13231,#13232,#13253));
#13230 = ORIENTED_EDGE('',*,*,#13207,.F.);
#13231 = ORIENTED_EDGE('',*,*,#7603,.F.);
#13232 = ORIENTED_EDGE('',*,*,#13233,.F.);
#13233 = EDGE_CURVE('',#6303,#7581,#13234,.T.);
#13234 = SURFACE_CURVE('',#13235,(#13239,#13246),.PCURVE_S1.);
#13235 = LINE('',#13236,#13237);
#13236 = CARTESIAN_POINT('',(17.716040468236,10.092589826777,
    13.355468791872));
#13237 = VECTOR('',#13238,1.);
#13238 = DIRECTION('',(-1.,-2.22044604925E-16,0.));
#13239 = PCURVE('',#6318,#13240);
#13240 = DEFINITIONAL_REPRESENTATION('',(#13241),#13245);
#13241 = LINE('',#13242,#13243);
#13242 = CARTESIAN_POINT('',(0.,0.));
#13243 = VECTOR('',#13244,1.);
#13244 = DIRECTION('',(0.,-1.));
#13245 = ( GEOMETRIC_REPRESENTATION_CONTEXT(2) 
PARAMETRIC_REPRESENTATION_CONTEXT() REPRESENTATION_CONTEXT('2D SPACE',''
  ) );
#13246 = PCURVE('',#6346,#13247);
#13247 = DEFINITIONAL_REPRESENTATION('',(#13248),#13252);
#13248 = LINE('',#13249,#13250);
#13249 = CARTESIAN_POINT('',(-0.328588593054,0.));
#13250 = VECTOR('',#13251,1.);
#13251 = DIRECTION('',(0.,-1.));
#13252 = ( GEOMETRIC_REPRESENTATION_CONTEXT(2) 
PARAMETRIC_REPRESENTATION_CONTEXT() REPRESENTATION_CONTEXT('2D SPACE',''
  ) );
#13253 = ORIENTED_EDGE('',*,*,#6302,.T.);
#13254 = ADVANCED_FACE('',(#13255),#6346,.T.);
#13255 = FACE_BOUND('',#13256,.T.);
#13256 = EDGE_LOOP('',(#13257,#13278,#13279,#13280));
#13257 = ORIENTED_EDGE('',*,*,#13258,.F.);
#13258 = EDGE_CURVE('',#6331,#7558,#13259,.T.);
#13259 = SURFACE_CURVE('',#13260,(#13264,#13271),.PCURVE_S1.);
#13260 = LINE('',#13261,#13262);
#13261 = CARTESIAN_POINT('',(5.613463652863,10.192109425391,
    13.597881850849));
#13262 = VECTOR('',#13263,1.);
#13263 = DIRECTION('',(-1.,-2.22044604925E-16,0.));
#13264 = PCURVE('',#6346,#13265);
#13265 = DEFINITIONAL_REPRESENTATION('',(#13266),#13270);
#13266 = LINE('',#13267,#13268);
#13267 = CARTESIAN_POINT('',(-6.654233440578E-02,-12.10257681537));
#13268 = VECTOR('',#13269,1.);
#13269 = DIRECTION('',(0.,-1.));
#13270 = ( GEOMETRIC_REPRESENTATION_CONTEXT(2) 
PARAMETRIC_REPRESENTATION_CONTEXT() REPRESENTATION_CONTEXT('2D SPACE',''
  ) );
#13271 = PCURVE('',#6374,#13272);
#13272 = DEFINITIONAL_REPRESENTATION('',(#13273),#13277);
#13273 = LINE('',#13274,#13275);
#13274 = CARTESIAN_POINT('',(0.894602763828,0.));
#13275 = VECTOR('',#13276,1.);
#13276 = DIRECTION('',(0.,-1.));
#13277 = ( GEOMETRIC_REPRESENTATION_CONTEXT(2) 
PARAMETRIC_REPRESENTATION_CONTEXT() REPRESENTATION_CONTEXT('2D SPACE',''
  ) );
#13278 = ORIENTED_EDGE('',*,*,#6330,.T.);
#13279 = ORIENTED_EDGE('',*,*,#13233,.T.);
#13280 = ORIENTED_EDGE('',*,*,#7580,.F.);
#13281 = ADVANCED_FACE('',(#13282),#6374,.T.);
#13282 = FACE_BOUND('',#13283,.T.);
#13283 = EDGE_LOOP('',(#13284,#13285,#13286,#13287));
#13284 = ORIENTED_EDGE('',*,*,#6358,.F.);
#13285 = ORIENTED_EDGE('',*,*,#13258,.T.);
#13286 = ORIENTED_EDGE('',*,*,#7557,.T.);
#13287 = ORIENTED_EDGE('',*,*,#13288,.T.);
#13288 = EDGE_CURVE('',#7535,#6359,#13289,.T.);
#13289 = SURFACE_CURVE('',#13290,(#13294,#13301),.PCURVE_S1.);
#13290 = LINE('',#13291,#13292);
#13291 = CARTESIAN_POINT('',(5.613463652863,10.132975215452,
    13.818821965618));
#13292 = VECTOR('',#13293,1.);
#13293 = DIRECTION('',(1.,2.22044604925E-16,0.));
#13294 = PCURVE('',#6374,#13295);
#13295 = DEFINITIONAL_REPRESENTATION('',(#13296),#13300);
#13296 = LINE('',#13297,#13298);
#13297 = CARTESIAN_POINT('',(1.123319595519,0.));
#13298 = VECTOR('',#13299,1.);
#13299 = DIRECTION('',(0.,1.));
#13300 = ( GEOMETRIC_REPRESENTATION_CONTEXT(2) 
PARAMETRIC_REPRESENTATION_CONTEXT() REPRESENTATION_CONTEXT('2D SPACE',''
  ) );
#13301 = PCURVE('',#6402,#13302);
#13302 = DEFINITIONAL_REPRESENTATION('',(#13303),#13307);
#13303 = LINE('',#13304,#13305);
#13304 = CARTESIAN_POINT('',(-0.197118503236,-12.10257681537));
#13305 = VECTOR('',#13306,1.);
#13306 = DIRECTION('',(0.,1.));
#13307 = ( GEOMETRIC_REPRESENTATION_CONTEXT(2) 
PARAMETRIC_REPRESENTATION_CONTEXT() REPRESENTATION_CONTEXT('2D SPACE',''
  ) );
#13308 = ADVANCED_FACE('',(#13309),#6402,.T.);
#13309 = FACE_BOUND('',#13310,.T.);
#13310 = EDGE_LOOP('',(#13311,#13312,#13313,#13334));
#13311 = ORIENTED_EDGE('',*,*,#13288,.F.);
#13312 = ORIENTED_EDGE('',*,*,#7534,.F.);
#13313 = ORIENTED_EDGE('',*,*,#13314,.F.);
#13314 = EDGE_CURVE('',#6387,#7512,#13315,.T.);
#13315 = SURFACE_CURVE('',#13316,(#13320,#13327),.PCURVE_S1.);
#13316 = LINE('',#13317,#13318);
#13317 = CARTESIAN_POINT('',(17.716040468236,9.943545835361,
    13.873339983525));
#13318 = VECTOR('',#13319,1.);
#13319 = DIRECTION('',(-1.,-2.22044604925E-16,0.));
#13320 = PCURVE('',#6402,#13321);
#13321 = DEFINITIONAL_REPRESENTATION('',(#13322),#13326);
#13322 = LINE('',#13323,#13324);
#13323 = CARTESIAN_POINT('',(0.,0.));
#13324 = VECTOR('',#13325,1.);
#13325 = DIRECTION('',(0.,-1.));
#13326 = ( GEOMETRIC_REPRESENTATION_CONTEXT(2) 
PARAMETRIC_REPRESENTATION_CONTEXT() REPRESENTATION_CONTEXT('2D SPACE',''
  ) );
#13327 = PCURVE('',#6430,#13328);
#13328 = DEFINITIONAL_REPRESENTATION('',(#13329),#13333);
#13329 = LINE('',#13330,#13331);
#13330 = CARTESIAN_POINT('',(-0.328588593054,0.));
#13331 = VECTOR('',#13332,1.);
#13332 = DIRECTION('',(0.,-1.));
#13333 = ( GEOMETRIC_REPRESENTATION_CONTEXT(2) 
PARAMETRIC_REPRESENTATION_CONTEXT() REPRESENTATION_CONTEXT('2D SPACE',''
  ) );
#13334 = ORIENTED_EDGE('',*,*,#6386,.T.);
#13335 = ADVANCED_FACE('',(#13336),#6430,.T.);
#13336 = FACE_BOUND('',#13337,.T.);
#13337 = EDGE_LOOP('',(#13338,#13359,#13360,#13361));
#13338 = ORIENTED_EDGE('',*,*,#13339,.F.);
#13339 = EDGE_CURVE('',#6415,#7489,#13340,.T.);
#13340 = SURFACE_CURVE('',#13341,(#13345,#13352),.PCURVE_S1.);
#13341 = LINE('',#13342,#13343);
#13342 = CARTESIAN_POINT('',(5.613463652863,10.049383274998,
    14.131142244125));
#13343 = VECTOR('',#13344,1.);
#13344 = DIRECTION('',(-1.,-2.22044604925E-16,0.));
#13345 = PCURVE('',#6430,#13346);
#13346 = DEFINITIONAL_REPRESENTATION('',(#13347),#13351);
#13347 = LINE('',#13348,#13349);
#13348 = CARTESIAN_POINT('',(-4.990675080433E-02,-12.10257681537));
#13349 = VECTOR('',#13350,1.);
#13350 = DIRECTION('',(0.,-1.));
#13351 = ( GEOMETRIC_REPRESENTATION_CONTEXT(2) 
PARAMETRIC_REPRESENTATION_CONTEXT() REPRESENTATION_CONTEXT('2D SPACE',''
  ) );
#13352 = PCURVE('',#6458,#13353);
#13353 = DEFINITIONAL_REPRESENTATION('',(#13354),#13358);
#13354 = LINE('',#13355,#13356);
#13355 = CARTESIAN_POINT('',(1.446633017566,0.));
#13356 = VECTOR('',#13357,1.);
#13357 = DIRECTION('',(0.,-1.));
#13358 = ( GEOMETRIC_REPRESENTATION_CONTEXT(2) 
PARAMETRIC_REPRESENTATION_CONTEXT() REPRESENTATION_CONTEXT('2D SPACE',''
  ) );
#13359 = ORIENTED_EDGE('',*,*,#6414,.T.);
#13360 = ORIENTED_EDGE('',*,*,#13314,.T.);
#13361 = ORIENTED_EDGE('',*,*,#7511,.F.);
#13362 = ADVANCED_FACE('',(#13363),#6458,.T.);
#13363 = FACE_BOUND('',#13364,.T.);
#13364 = EDGE_LOOP('',(#13365,#13366,#13367,#13368));
#13365 = ORIENTED_EDGE('',*,*,#6442,.F.);
#13366 = ORIENTED_EDGE('',*,*,#13339,.T.);
#13367 = ORIENTED_EDGE('',*,*,#7488,.T.);
#13368 = ORIENTED_EDGE('',*,*,#13369,.T.);
#13369 = EDGE_CURVE('',#7466,#6443,#13370,.T.);
#13370 = SURFACE_CURVE('',#13371,(#13375,#13382),.PCURVE_S1.);
#13371 = LINE('',#13372,#13373);
#13372 = CARTESIAN_POINT('',(5.613463652863,9.995238987267,
    14.333438768549));
#13373 = VECTOR('',#13374,1.);
#13374 = DIRECTION('',(1.,2.22044604925E-16,0.));
#13375 = PCURVE('',#6458,#13376);
#13376 = DEFINITIONAL_REPRESENTATION('',(#13377),#13381);
#13377 = LINE('',#13378,#13379);
#13378 = CARTESIAN_POINT('',(1.656050036186,0.));
#13379 = VECTOR('',#13380,1.);
#13380 = DIRECTION('',(0.,1.));
#13381 = ( GEOMETRIC_REPRESENTATION_CONTEXT(2) 
PARAMETRIC_REPRESENTATION_CONTEXT() REPRESENTATION_CONTEXT('2D SPACE',''
  ) );
#13382 = PCURVE('',#6486,#13383);
#13383 = DEFINITIONAL_REPRESENTATION('',(#13384),#13388);
#13384 = LINE('',#13385,#13386);
#13385 = CARTESIAN_POINT('',(-0.208885259597,-12.10257681537));
#13386 = VECTOR('',#13387,1.);
#13387 = DIRECTION('',(0.,1.));
#13388 = ( GEOMETRIC_REPRESENTATION_CONTEXT(2) 
PARAMETRIC_REPRESENTATION_CONTEXT() REPRESENTATION_CONTEXT('2D SPACE',''
  ) );
#13389 = ADVANCED_FACE('',(#13390),#6486,.T.);
#13390 = FACE_BOUND('',#13391,.T.);
#13391 = EDGE_LOOP('',(#13392,#13393,#13394,#13415));
#13392 = ORIENTED_EDGE('',*,*,#13369,.F.);
#13393 = ORIENTED_EDGE('',*,*,#7465,.F.);
#13394 = ORIENTED_EDGE('',*,*,#13395,.F.);
#13395 = EDGE_CURVE('',#6471,#7443,#13396,.T.);
#13396 = SURFACE_CURVE('',#13397,(#13401,#13408),.PCURVE_S1.);
#13397 = LINE('',#13398,#13399);
#13398 = CARTESIAN_POINT('',(17.716040468236,9.794501843945,
    14.391211175179));
#13399 = VECTOR('',#13400,1.);
#13400 = DIRECTION('',(-1.,-2.22044604925E-16,0.));
#13401 = PCURVE('',#6486,#13402);
#13402 = DEFINITIONAL_REPRESENTATION('',(#13403),#13407);
#13403 = LINE('',#13404,#13405);
#13404 = CARTESIAN_POINT('',(-1.104074770472E-14,0.));
#13405 = VECTOR('',#13406,1.);
#13406 = DIRECTION('',(0.,-1.));
#13407 = ( GEOMETRIC_REPRESENTATION_CONTEXT(2) 
PARAMETRIC_REPRESENTATION_CONTEXT() REPRESENTATION_CONTEXT('2D SPACE',''
  ) );
#13408 = PCURVE('',#6514,#13409);
#13409 = DEFINITIONAL_REPRESENTATION('',(#13410),#13414);
#13410 = LINE('',#13411,#13412);
#13411 = CARTESIAN_POINT('',(-0.328588593054,0.));
#13412 = VECTOR('',#13413,1.);
#13413 = DIRECTION('',(0.,-1.));
#13414 = ( GEOMETRIC_REPRESENTATION_CONTEXT(2) 
PARAMETRIC_REPRESENTATION_CONTEXT() REPRESENTATION_CONTEXT('2D SPACE',''
  ) );
#13415 = ORIENTED_EDGE('',*,*,#6470,.T.);
#13416 = ADVANCED_FACE('',(#13417),#6514,.T.);
#13417 = FACE_BOUND('',#13418,.T.);
#13418 = EDGE_LOOP('',(#13419,#13440,#13441,#13442));
#13419 = ORIENTED_EDGE('',*,*,#13420,.F.);
#13420 = EDGE_CURVE('',#6499,#7420,#13421,.T.);
#13421 = SURFACE_CURVE('',#13422,(#13426,#13433),.PCURVE_S1.);
#13422 = LINE('',#13423,#13424);
#13423 = CARTESIAN_POINT('',(5.613463652863,9.906657124604,
    14.664402637401));
#13424 = VECTOR('',#13425,1.);
#13425 = DIRECTION('',(-1.,-2.22044604925E-16,0.));
#13426 = PCURVE('',#6514,#13427);
#13427 = DEFINITIONAL_REPRESENTATION('',(#13428),#13432);
#13428 = LINE('',#13429,#13430);
#13429 = CARTESIAN_POINT('',(-3.327116720291E-02,-12.10257681537));
#13430 = VECTOR('',#13431,1.);
#13431 = DIRECTION('',(0.,-1.));
#13432 = ( GEOMETRIC_REPRESENTATION_CONTEXT(2) 
PARAMETRIC_REPRESENTATION_CONTEXT() REPRESENTATION_CONTEXT('2D SPACE',''
  ) );
#13433 = PCURVE('',#6542,#13434);
#13434 = DEFINITIONAL_REPRESENTATION('',(#13435),#13439);
#13435 = LINE('',#13436,#13437);
#13436 = CARTESIAN_POINT('',(1.998663271305,0.));
#13437 = VECTOR('',#13438,1.);
#13438 = DIRECTION('',(0.,-1.));
#13439 = ( GEOMETRIC_REPRESENTATION_CONTEXT(2) 
PARAMETRIC_REPRESENTATION_CONTEXT() REPRESENTATION_CONTEXT('2D SPACE',''
  ) );
#13440 = ORIENTED_EDGE('',*,*,#6498,.T.);
#13441 = ORIENTED_EDGE('',*,*,#13395,.T.);
#13442 = ORIENTED_EDGE('',*,*,#7442,.F.);
#13443 = ADVANCED_FACE('',(#13444),#6542,.T.);
#13444 = FACE_BOUND('',#13445,.T.);
#13445 = EDGE_LOOP('',(#13446,#13447,#13448,#13449));
#13446 = ORIENTED_EDGE('',*,*,#6526,.F.);
#13447 = ORIENTED_EDGE('',*,*,#13420,.T.);
#13448 = ORIENTED_EDGE('',*,*,#7419,.T.);
#13449 = ORIENTED_EDGE('',*,*,#13450,.T.);
#13450 = EDGE_CURVE('',#7397,#6527,#13451,.T.);
#13451 = SURFACE_CURVE('',#13452,(#13456,#13463),.PCURVE_S1.);
#13452 = LINE('',#13453,#13454);
#13453 = CARTESIAN_POINT('',(5.613463652863,9.857502759082,
    14.848055571479));
#13454 = VECTOR('',#13455,1.);
#13455 = DIRECTION('',(1.,2.22044604925E-16,0.));
#13456 = PCURVE('',#6542,#13457);
#13457 = DEFINITIONAL_REPRESENTATION('',(#13458),#13462);
#13458 = LINE('',#13459,#13460);
#13459 = CARTESIAN_POINT('',(2.188780476853,0.));
#13460 = VECTOR('',#13461,1.);
#13461 = DIRECTION('',(0.,1.));
#13462 = ( GEOMETRIC_REPRESENTATION_CONTEXT(2) 
PARAMETRIC_REPRESENTATION_CONTEXT() REPRESENTATION_CONTEXT('2D SPACE',''
  ) );
#13463 = PCURVE('',#6570,#13464);
#13464 = DEFINITIONAL_REPRESENTATION('',(#13465),#13469);
#13465 = LINE('',#13466,#13467);
#13466 = CARTESIAN_POINT('',(-0.220652015958,-12.10257681537));
#13467 = VECTOR('',#13468,1.);
#13468 = DIRECTION('',(0.,1.));
#13469 = ( GEOMETRIC_REPRESENTATION_CONTEXT(2) 
PARAMETRIC_REPRESENTATION_CONTEXT() REPRESENTATION_CONTEXT('2D SPACE',''
  ) );
#13470 = ADVANCED_FACE('',(#13471),#6570,.T.);
#13471 = FACE_BOUND('',#13472,.T.);
#13472 = EDGE_LOOP('',(#13473,#13474,#13475,#13496));
#13473 = ORIENTED_EDGE('',*,*,#13450,.F.);
#13474 = ORIENTED_EDGE('',*,*,#7396,.F.);
#13475 = ORIENTED_EDGE('',*,*,#13476,.F.);
#13476 = EDGE_CURVE('',#6555,#7374,#13477,.T.);
#13477 = SURFACE_CURVE('',#13478,(#13482,#13489),.PCURVE_S1.);
#13478 = LINE('',#13479,#13480);
#13479 = CARTESIAN_POINT('',(17.716040468236,9.645457852529,
    14.909082366832));
#13480 = VECTOR('',#13481,1.);
#13481 = DIRECTION('',(-1.,-2.22044604925E-16,0.));
#13482 = PCURVE('',#6570,#13483);
#13483 = DEFINITIONAL_REPRESENTATION('',(#13484),#13488);
#13484 = LINE('',#13485,#13486);
#13485 = CARTESIAN_POINT('',(-9.210858412334E-15,0.));
#13486 = VECTOR('',#13487,1.);
#13487 = DIRECTION('',(0.,-1.));
#13488 = ( GEOMETRIC_REPRESENTATION_CONTEXT(2) 
PARAMETRIC_REPRESENTATION_CONTEXT() REPRESENTATION_CONTEXT('2D SPACE',''
  ) );
#13489 = PCURVE('',#6598,#13490);
#13490 = DEFINITIONAL_REPRESENTATION('',(#13491),#13495);
#13491 = LINE('',#13492,#13493);
#13492 = CARTESIAN_POINT('',(-0.328588593054,0.));
#13493 = VECTOR('',#13494,1.);
#13494 = DIRECTION('',(0.,-1.));
#13495 = ( GEOMETRIC_REPRESENTATION_CONTEXT(2) 
PARAMETRIC_REPRESENTATION_CONTEXT() REPRESENTATION_CONTEXT('2D SPACE',''
  ) );
#13496 = ORIENTED_EDGE('',*,*,#6554,.T.);
#13497 = ADVANCED_FACE('',(#13498),#6598,.T.);
#13498 = FACE_BOUND('',#13499,.T.);
#13499 = EDGE_LOOP('',(#13500,#13521,#13522,#13523));
#13500 = ORIENTED_EDGE('',*,*,#13501,.F.);
#13501 = EDGE_CURVE('',#6583,#7351,#13502,.T.);
#13502 = SURFACE_CURVE('',#13503,(#13507,#13514),.PCURVE_S1.);
#13503 = LINE('',#13504,#13505);
#13504 = CARTESIAN_POINT('',(5.613463652863,9.763930974211,
    15.197663030677));
#13505 = VECTOR('',#13506,1.);
#13506 = DIRECTION('',(-1.,-2.22044604925E-16,0.));
#13507 = PCURVE('',#6598,#13508);
#13508 = DEFINITIONAL_REPRESENTATION('',(#13509),#13513);
#13509 = LINE('',#13510,#13511);
#13510 = CARTESIAN_POINT('',(-1.663558360146E-02,-12.10257681537));
#13511 = VECTOR('',#13512,1.);
#13512 = DIRECTION('',(0.,-1.));
#13513 = ( GEOMETRIC_REPRESENTATION_CONTEXT(2) 
PARAMETRIC_REPRESENTATION_CONTEXT() REPRESENTATION_CONTEXT('2D SPACE',''
  ) );
#13514 = PCURVE('',#6626,#13515);
#13515 = DEFINITIONAL_REPRESENTATION('',(#13516),#13520);
#13516 = LINE('',#13517,#13518);
#13517 = CARTESIAN_POINT('',(2.550693525044,0.));
#13518 = VECTOR('',#13519,1.);
#13519 = DIRECTION('',(0.,-1.));
#13520 = ( GEOMETRIC_REPRESENTATION_CONTEXT(2) 
PARAMETRIC_REPRESENTATION_CONTEXT() REPRESENTATION_CONTEXT('2D SPACE',''
  ) );
#13521 = ORIENTED_EDGE('',*,*,#6582,.T.);
#13522 = ORIENTED_EDGE('',*,*,#13476,.T.);
#13523 = ORIENTED_EDGE('',*,*,#7373,.F.);
#13524 = ADVANCED_FACE('',(#13525),#6626,.T.);
#13525 = FACE_BOUND('',#13526,.T.);
#13526 = EDGE_LOOP('',(#13527,#13528,#13529,#13530));
#13527 = ORIENTED_EDGE('',*,*,#6610,.F.);
#13528 = ORIENTED_EDGE('',*,*,#13501,.T.);
#13529 = ORIENTED_EDGE('',*,*,#7350,.T.);
#13530 = ORIENTED_EDGE('',*,*,#13531,.F.);
#13531 = EDGE_CURVE('',#6611,#7328,#13532,.T.);
#13532 = SURFACE_CURVE('',#13533,(#13537,#13544),.PCURVE_S1.);
#13533 = LINE('',#13534,#13535);
#13534 = CARTESIAN_POINT('',(17.716040468236,9.719766530898,
    15.36267237441));
#13535 = VECTOR('',#13536,1.);
#13536 = DIRECTION('',(-1.,-2.22044604925E-16,0.));
#13537 = PCURVE('',#6626,#13538);
#13538 = DEFINITIONAL_REPRESENTATION('',(#13539),#13543);
#13539 = LINE('',#13540,#13541);
#13540 = CARTESIAN_POINT('',(2.72151091752,12.102576815372));
#13541 = VECTOR('',#13542,1.);
#13542 = DIRECTION('',(0.,-1.));
#13543 = ( GEOMETRIC_REPRESENTATION_CONTEXT(2) 
PARAMETRIC_REPRESENTATION_CONTEXT() REPRESENTATION_CONTEXT('2D SPACE',''
  ) );
#13544 = PCURVE('',#6654,#13545);
#13545 = DEFINITIONAL_REPRESENTATION('',(#13546),#13550);
#13546 = LINE('',#13547,#13548);
#13547 = CARTESIAN_POINT('',(-0.232418772319,0.));
#13548 = VECTOR('',#13549,1.);
#13549 = DIRECTION('',(0.,-1.));
#13550 = ( GEOMETRIC_REPRESENTATION_CONTEXT(2) 
PARAMETRIC_REPRESENTATION_CONTEXT() REPRESENTATION_CONTEXT('2D SPACE',''
  ) );
#13551 = ADVANCED_FACE('',(#13552),#6654,.T.);
#13552 = FACE_BOUND('',#13553,.T.);
#13553 = EDGE_LOOP('',(#13554,#13575,#13576,#13577));
#13554 = ORIENTED_EDGE('',*,*,#13555,.F.);
#13555 = EDGE_CURVE('',#6639,#7305,#13556,.T.);
#13556 = SURFACE_CURVE('',#13557,(#13561,#13568),.PCURVE_S1.);
#13557 = LINE('',#13558,#13559);
#13558 = CARTESIAN_POINT('',(17.716040468236,9.496413861113,
    15.426953558486));
#13559 = VECTOR('',#13560,1.);
#13560 = DIRECTION('',(-1.,-2.22044604925E-16,0.));
#13561 = PCURVE('',#6654,#13562);
#13562 = DEFINITIONAL_REPRESENTATION('',(#13563),#13567);
#13563 = LINE('',#13564,#13565);
#13564 = CARTESIAN_POINT('',(-7.473087045581E-15,0.));
#13565 = VECTOR('',#13566,1.);
#13566 = DIRECTION('',(0.,-1.));
#13567 = ( GEOMETRIC_REPRESENTATION_CONTEXT(2) 
PARAMETRIC_REPRESENTATION_CONTEXT() REPRESENTATION_CONTEXT('2D SPACE',''
  ) );
#13568 = PCURVE('',#6682,#13569);
#13569 = DEFINITIONAL_REPRESENTATION('',(#13570),#13574);
#13570 = LINE('',#13571,#13572);
#13571 = CARTESIAN_POINT('',(-0.328588593054,0.));
#13572 = VECTOR('',#13573,1.);
#13573 = DIRECTION('',(0.,-1.));
#13574 = ( GEOMETRIC_REPRESENTATION_CONTEXT(2) 
PARAMETRIC_REPRESENTATION_CONTEXT() REPRESENTATION_CONTEXT('2D SPACE',''
  ) );
#13575 = ORIENTED_EDGE('',*,*,#6638,.T.);
#13576 = ORIENTED_EDGE('',*,*,#13531,.T.);
#13577 = ORIENTED_EDGE('',*,*,#7327,.F.);
#13578 = ADVANCED_FACE('',(#13579),#6682,.T.);
#13579 = FACE_BOUND('',#13580,.T.);
#13580 = EDGE_LOOP('',(#13581,#13602,#13603,#13604));
#13581 = ORIENTED_EDGE('',*,*,#13582,.F.);
#13582 = EDGE_CURVE('',#6667,#7282,#13583,.T.);
#13583 = SURFACE_CURVE('',#13584,(#13588,#13595),.PCURVE_S1.);
#13584 = LINE('',#13585,#13586);
#13585 = CARTESIAN_POINT('',(17.716040468236,9.621204823817,
    15.730923423953));
#13586 = VECTOR('',#13587,1.);
#13587 = DIRECTION('',(-1.,-2.22044604925E-16,0.));
#13588 = PCURVE('',#6682,#13589);
#13589 = DEFINITIONAL_REPRESENTATION('',(#13590),#13594);
#13590 = LINE('',#13591,#13592);
#13591 = CARTESIAN_POINT('',(0.,0.));
#13592 = VECTOR('',#13593,1.);
#13593 = DIRECTION('',(0.,-1.));
#13594 = ( GEOMETRIC_REPRESENTATION_CONTEXT(2) 
PARAMETRIC_REPRESENTATION_CONTEXT() REPRESENTATION_CONTEXT('2D SPACE',''
  ) );
#13595 = PCURVE('',#6710,#13596);
#13596 = DEFINITIONAL_REPRESENTATION('',(#13597),#13601);
#13597 = LINE('',#13598,#13599);
#13598 = CARTESIAN_POINT('',(3.102723778783,12.102576815372));
#13599 = VECTOR('',#13600,1.);
#13600 = DIRECTION('',(0.,-1.));
#13601 = ( GEOMETRIC_REPRESENTATION_CONTEXT(2) 
PARAMETRIC_REPRESENTATION_CONTEXT() REPRESENTATION_CONTEXT('2D SPACE',''
  ) );
#13602 = ORIENTED_EDGE('',*,*,#6666,.T.);
#13603 = ORIENTED_EDGE('',*,*,#13555,.T.);
#13604 = ORIENTED_EDGE('',*,*,#7304,.F.);
#13605 = ADVANCED_FACE('',(#13606),#6710,.T.);
#13606 = FACE_BOUND('',#13607,.T.);
#13607 = EDGE_LOOP('',(#13608,#13609,#13610,#13611));
#13608 = ORIENTED_EDGE('',*,*,#6694,.F.);
#13609 = ORIENTED_EDGE('',*,*,#13582,.T.);
#13610 = ORIENTED_EDGE('',*,*,#7281,.T.);
#13611 = ORIENTED_EDGE('',*,*,#13612,.T.);
#13612 = EDGE_CURVE('',#7259,#6695,#13613,.T.);
#13613 = SURFACE_CURVE('',#13614,(#13618,#13625),.PCURVE_S1.);
#13614 = LINE('',#13615,#13616);
#13615 = CARTESIAN_POINT('',(5.613463652863,9.559744922926,
    15.960552898509));
#13616 = VECTOR('',#13617,1.);
#13617 = DIRECTION('',(1.,2.22044604925E-16,0.));
#13618 = PCURVE('',#6710,#13619);
#13619 = DEFINITIONAL_REPRESENTATION('',(#13620),#13624);
#13620 = LINE('',#13621,#13622);
#13621 = CARTESIAN_POINT('',(3.340435820974,0.));
#13622 = VECTOR('',#13623,1.);
#13623 = DIRECTION('',(0.,1.));
#13624 = ( GEOMETRIC_REPRESENTATION_CONTEXT(2) 
PARAMETRIC_REPRESENTATION_CONTEXT() REPRESENTATION_CONTEXT('2D SPACE',''
  ) );
#13625 = PCURVE('',#6738,#13626);
#13626 = DEFINITIONAL_REPRESENTATION('',(#13627),#13631);
#13627 = LINE('',#13628,#13629);
#13628 = CARTESIAN_POINT('',(0.,0.));
#13629 = VECTOR('',#13630,1.);
#13630 = DIRECTION('',(0.,1.));
#13631 = ( GEOMETRIC_REPRESENTATION_CONTEXT(2) 
PARAMETRIC_REPRESENTATION_CONTEXT() REPRESENTATION_CONTEXT('2D SPACE',''
  ) );
#13632 = ADVANCED_FACE('',(#13633),#6738,.T.);
#13633 = FACE_BOUND('',#13634,.T.);
#13634 = EDGE_LOOP('',(#13635,#13636,#13637,#13638));
#13635 = ORIENTED_EDGE('',*,*,#6722,.F.);
#13636 = ORIENTED_EDGE('',*,*,#13612,.F.);
#13637 = ORIENTED_EDGE('',*,*,#7258,.T.);
#13638 = ORIENTED_EDGE('',*,*,#13639,.T.);
#13639 = EDGE_CURVE('',#7236,#6723,#13640,.T.);
#13640 = SURFACE_CURVE('',#13641,(#13645,#13652),.PCURVE_S1.);
#13641 = LINE('',#13642,#13643);
#13642 = CARTESIAN_POINT('',(5.613463652863,8.787970572718,
    15.960552898509));
#13643 = VECTOR('',#13644,1.);
#13644 = DIRECTION('',(1.,2.22044604925E-16,0.));
#13645 = PCURVE('',#6738,#13646);
#13646 = DEFINITIONAL_REPRESENTATION('',(#13647),#13651);
#13647 = LINE('',#13648,#13649);
#13648 = CARTESIAN_POINT('',(0.771774350208,0.));
#13649 = VECTOR('',#13650,1.);
#13650 = DIRECTION('',(0.,1.));
#13651 = ( GEOMETRIC_REPRESENTATION_CONTEXT(2) 
PARAMETRIC_REPRESENTATION_CONTEXT() REPRESENTATION_CONTEXT('2D SPACE',''
  ) );
#13652 = PCURVE('',#6766,#13653);
#13653 = DEFINITIONAL_REPRESENTATION('',(#13654),#13658);
#13654 = LINE('',#13655,#13656);
#13655 = CARTESIAN_POINT('',(0.,0.));
#13656 = VECTOR('',#13657,1.);
#13657 = DIRECTION('',(0.,1.));
#13658 = ( GEOMETRIC_REPRESENTATION_CONTEXT(2) 
PARAMETRIC_REPRESENTATION_CONTEXT() REPRESENTATION_CONTEXT('2D SPACE',''
  ) );
#13659 = ADVANCED_FACE('',(#13660),#6766,.T.);
#13660 = FACE_BOUND('',#13661,.T.);
#13661 = EDGE_LOOP('',(#13662,#13663,#13664,#13665));
#13662 = ORIENTED_EDGE('',*,*,#6750,.F.);
#13663 = ORIENTED_EDGE('',*,*,#13639,.F.);
#13664 = ORIENTED_EDGE('',*,*,#7235,.T.);
#13665 = ORIENTED_EDGE('',*,*,#13666,.T.);
#13666 = EDGE_CURVE('',#7212,#6751,#13667,.T.);
#13667 = SURFACE_CURVE('',#13668,(#13672,#13679),.PCURVE_S1.);
#13668 = LINE('',#13669,#13670);
#13669 = CARTESIAN_POINT('',(5.613463652863,9.592648852884,
    12.954074723632));
#13670 = VECTOR('',#13671,1.);
#13671 = DIRECTION('',(1.,2.22044604925E-16,0.));
#13672 = PCURVE('',#6766,#13673);
#13673 = DEFINITIONAL_REPRESENTATION('',(#13674),#13678);
#13674 = LINE('',#13675,#13676);
#13675 = CARTESIAN_POINT('',(3.112301102172,0.));
#13676 = VECTOR('',#13677,1.);
#13677 = DIRECTION('',(0.,1.));
#13678 = ( GEOMETRIC_REPRESENTATION_CONTEXT(2) 
PARAMETRIC_REPRESENTATION_CONTEXT() REPRESENTATION_CONTEXT('2D SPACE',''
  ) );
#13679 = PCURVE('',#6795,#13680);
#13680 = DEFINITIONAL_REPRESENTATION('',(#13681),#13685);
#13681 = LINE('',#13682,#13683);
#13682 = CARTESIAN_POINT('',(4.973907457803,0.));
#13683 = VECTOR('',#13684,1.);
#13684 = DIRECTION('',(0.,1.));
#13685 = ( GEOMETRIC_REPRESENTATION_CONTEXT(2) 
PARAMETRIC_REPRESENTATION_CONTEXT() REPRESENTATION_CONTEXT('2D SPACE',''
  ) );
#13686 = ADVANCED_FACE('',(#13687),#6795,.F.);
#13687 = FACE_BOUND('',#13688,.F.);
#13688 = EDGE_LOOP('',(#13689,#13710,#13711,#13712));
#13689 = ORIENTED_EDGE('',*,*,#13690,.F.);
#13690 = EDGE_CURVE('',#7189,#6779,#13691,.T.);
#13691 = SURFACE_CURVE('',#13692,(#13696,#13703),.PCURVE_S1.);
#13692 = LINE('',#13693,#13694);
#13693 = CARTESIAN_POINT('',(5.613463652863,9.599891043983,
    11.585560691663));
#13694 = VECTOR('',#13695,1.);
#13695 = DIRECTION('',(1.,2.22044604925E-16,0.));
#13696 = PCURVE('',#6795,#13697);
#13697 = DEFINITIONAL_REPRESENTATION('',(#13698),#13702);
#13698 = LINE('',#13699,#13700);
#13699 = CARTESIAN_POINT('',(4.461454425855,0.));
#13700 = VECTOR('',#13701,1.);
#13701 = DIRECTION('',(0.,1.));
#13702 = ( GEOMETRIC_REPRESENTATION_CONTEXT(2) 
PARAMETRIC_REPRESENTATION_CONTEXT() REPRESENTATION_CONTEXT('2D SPACE',''
  ) );
#13703 = PCURVE('',#6823,#13704);
#13704 = DEFINITIONAL_REPRESENTATION('',(#13705),#13709);
#13705 = LINE('',#13706,#13707);
#13706 = CARTESIAN_POINT('',(0.,0.));
#13707 = VECTOR('',#13708,1.);
#13708 = DIRECTION('',(0.,1.));
#13709 = ( GEOMETRIC_REPRESENTATION_CONTEXT(2) 
PARAMETRIC_REPRESENTATION_CONTEXT() REPRESENTATION_CONTEXT('2D SPACE',''
  ) );
#13710 = ORIENTED_EDGE('',*,*,#7211,.F.);
#13711 = ORIENTED_EDGE('',*,*,#13666,.T.);
#13712 = ORIENTED_EDGE('',*,*,#6778,.T.);
#13713 = ADVANCED_FACE('',(#13714),#6823,.T.);
#13714 = FACE_BOUND('',#13715,.T.);
#13715 = EDGE_LOOP('',(#13716,#13717,#13718,#13719));
#13716 = ORIENTED_EDGE('',*,*,#6807,.F.);
#13717 = ORIENTED_EDGE('',*,*,#13690,.F.);
#13718 = ORIENTED_EDGE('',*,*,#7188,.T.);
#13719 = ORIENTED_EDGE('',*,*,#6972,.T.);
#13720 = ADVANCED_FACE('',(#13721),#6897,.T.);
#13721 = FACE_BOUND('',#13722,.T.);
#13722 = EDGE_LOOP('',(#13723,#13724,#13725,#13726));
#13723 = ORIENTED_EDGE('',*,*,#6881,.F.);
#13724 = ORIENTED_EDGE('',*,*,#13105,.F.);
#13725 = ORIENTED_EDGE('',*,*,#7119,.T.);
#13726 = ORIENTED_EDGE('',*,*,#13727,.T.);
#13727 = EDGE_CURVE('',#7092,#6882,#13728,.T.);
#13728 = SURFACE_CURVE('',#13729,(#13733,#13740),.PCURVE_S1.);
#13729 = LINE('',#13730,#13731);
#13730 = CARTESIAN_POINT('',(5.613463652863,10.409890410797,
    11.288866089054));
#13731 = VECTOR('',#13732,1.);
#13732 = DIRECTION('',(1.,2.22044604925E-16,0.));
#13733 = PCURVE('',#6897,#13734);
#13734 = DEFINITIONAL_REPRESENTATION('',(#13735),#13739);
#13735 = LINE('',#13736,#13737);
#13736 = CARTESIAN_POINT('',(4.076380556041,0.));
#13737 = VECTOR('',#13738,1.);
#13738 = DIRECTION('',(0.,1.));
#13739 = ( GEOMETRIC_REPRESENTATION_CONTEXT(2) 
PARAMETRIC_REPRESENTATION_CONTEXT() REPRESENTATION_CONTEXT('2D SPACE',''
  ) );
#13740 = PCURVE('',#6930,#13741);
#13741 = DEFINITIONAL_REPRESENTATION('',(#13742),#13746);
#13742 = LINE('',#13743,#13744);
#13743 = CARTESIAN_POINT('',(4.432160902334,0.));
#13744 = VECTOR('',#13745,1.);
#13745 = DIRECTION('',(0.,1.));
#13746 = ( GEOMETRIC_REPRESENTATION_CONTEXT(2) 
PARAMETRIC_REPRESENTATION_CONTEXT() REPRESENTATION_CONTEXT('2D SPACE',''
  ) );
#13747 = ADVANCED_FACE('',(#13748),#6930,.T.);
#13748 = FACE_BOUND('',#13749,.T.);
#13749 = EDGE_LOOP('',(#13750,#13751,#13752,#13753));
#13750 = ORIENTED_EDGE('',*,*,#6909,.F.);
#13751 = ORIENTED_EDGE('',*,*,#13727,.F.);
#13752 = ORIENTED_EDGE('',*,*,#7091,.T.);
#13753 = ORIENTED_EDGE('',*,*,#13754,.T.);
#13754 = EDGE_CURVE('',#7069,#6910,#13755,.T.);
#13755 = SURFACE_CURVE('',#13756,(#13760,#13767),.PCURVE_S1.);
#13756 = LINE('',#13757,#13758);
#13757 = CARTESIAN_POINT('',(5.613463652863,10.423406909085,
    12.733696929039));
#13758 = VECTOR('',#13759,1.);
#13759 = DIRECTION('',(1.,2.22044604925E-16,0.));
#13760 = PCURVE('',#6930,#13761);
#13761 = DEFINITIONAL_REPRESENTATION('',(#13762),#13766);
#13762 = LINE('',#13763,#13764);
#13763 = CARTESIAN_POINT('',(4.973907457803,0.));
#13764 = VECTOR('',#13765,1.);
#13765 = DIRECTION('',(0.,1.));
#13766 = ( GEOMETRIC_REPRESENTATION_CONTEXT(2) 
PARAMETRIC_REPRESENTATION_CONTEXT() REPRESENTATION_CONTEXT('2D SPACE',''
  ) );
#13767 = PCURVE('',#6956,#13768);
#13768 = DEFINITIONAL_REPRESENTATION('',(#13769),#13773);
#13769 = LINE('',#13770,#13771);
#13770 = CARTESIAN_POINT('',(0.,0.));
#13771 = VECTOR('',#13772,1.);
#13772 = DIRECTION('',(0.,1.));
#13773 = ( GEOMETRIC_REPRESENTATION_CONTEXT(2) 
PARAMETRIC_REPRESENTATION_CONTEXT() REPRESENTATION_CONTEXT('2D SPACE',''
  ) );
#13774 = ADVANCED_FACE('',(#13775),#6956,.T.);
#13775 = FACE_BOUND('',#13776,.T.);
#13776 = EDGE_LOOP('',(#13777,#13778,#13779,#13780));
#13777 = ORIENTED_EDGE('',*,*,#7068,.T.);
#13778 = ORIENTED_EDGE('',*,*,#13130,.T.);
#13779 = ORIENTED_EDGE('',*,*,#6942,.F.);
#13780 = ORIENTED_EDGE('',*,*,#13754,.F.);
#13781 = ADVANCED_FACE('',(#13782),#8322,.T.);
#13782 = FACE_BOUND('',#13783,.T.);
#13783 = EDGE_LOOP('',(#13784,#13808,#13830,#13831));
#13784 = ORIENTED_EDGE('',*,*,#13785,.T.);
#13785 = EDGE_CURVE('',#8304,#13786,#13788,.T.);
#13786 = VERTEX_POINT('',#13787);
#13787 = CARTESIAN_POINT('',(11.195587797656,-9.48,18.237839867984));
#13788 = SURFACE_CURVE('',#13789,(#13794,#13801),.PCURVE_S1.);
#13789 = CIRCLE('',#13790,0.804412202344);
#13790 = AXIS2_PLACEMENT_3D('',#13791,#13792,#13793);
#13791 = CARTESIAN_POINT('',(11.195587797656,-9.48,17.433427665641));
#13792 = DIRECTION('',(2.22044604925E-16,-1.,0.));
#13793 = DIRECTION('',(0.,0.,-1.));
#13794 = PCURVE('',#8322,#13795);
#13795 = DEFINITIONAL_REPRESENTATION('',(#13796),#13800);
#13796 = LINE('',#13797,#13798);
#13797 = CARTESIAN_POINT('',(0.,3.14159265359));
#13798 = VECTOR('',#13799,1.);
#13799 = DIRECTION('',(0.,-1.));
#13800 = ( GEOMETRIC_REPRESENTATION_CONTEXT(2) 
PARAMETRIC_REPRESENTATION_CONTEXT() REPRESENTATION_CONTEXT('2D SPACE',''
  ) );
#13801 = PCURVE('',#8442,#13802);
#13802 = DEFINITIONAL_REPRESENTATION('',(#13803),#13807);
#13803 = LINE('',#13804,#13805);
#13804 = CARTESIAN_POINT('',(0.,0.));
#13805 = VECTOR('',#13806,1.);
#13806 = DIRECTION('',(1.,0.));
#13807 = ( GEOMETRIC_REPRESENTATION_CONTEXT(2) 
PARAMETRIC_REPRESENTATION_CONTEXT() REPRESENTATION_CONTEXT('2D SPACE',''
  ) );
#13808 = ORIENTED_EDGE('',*,*,#13809,.T.);
#13809 = EDGE_CURVE('',#13786,#8458,#13810,.T.);
#13810 = SURFACE_CURVE('',#13811,(#13816,#13823),.PCURVE_S1.);
#13811 = CIRCLE('',#13812,1.02);
#13812 = AXIS2_PLACEMENT_3D('',#13813,#13814,#13815);
#13813 = CARTESIAN_POINT('',(11.195587797656,-9.48,17.217839867984));
#13814 = DIRECTION('',(1.,2.22044604925E-16,0.));
#13815 = DIRECTION('',(0.,-0.,1.));
#13816 = PCURVE('',#8322,#13817);
#13817 = DEFINITIONAL_REPRESENTATION('',(#13818),#13822);
#13818 = LINE('',#13819,#13820);
#13819 = CARTESIAN_POINT('',(0.,0.));
#13820 = VECTOR('',#13821,1.);
#13821 = DIRECTION('',(1.,0.));
#13822 = ( GEOMETRIC_REPRESENTATION_CONTEXT(2) 
PARAMETRIC_REPRESENTATION_CONTEXT() REPRESENTATION_CONTEXT('2D SPACE',''
  ) );
#13823 = PCURVE('',#8525,#13824);
#13824 = DEFINITIONAL_REPRESENTATION('',(#13825),#13829);
#13825 = LINE('',#13826,#13827);
#13826 = CARTESIAN_POINT('',(0.,18.695587797656));
#13827 = VECTOR('',#13828,1.);
#13828 = DIRECTION('',(1.,0.));
#13829 = ( GEOMETRIC_REPRESENTATION_CONTEXT(2) 
PARAMETRIC_REPRESENTATION_CONTEXT() REPRESENTATION_CONTEXT('2D SPACE',''
  ) );
#13830 = ORIENTED_EDGE('',*,*,#8457,.F.);
#13831 = ORIENTED_EDGE('',*,*,#8303,.F.);
#13832 = ADVANCED_FACE('',(#13833),#8406,.T.);
#13833 = FACE_BOUND('',#13834,.T.);
#13834 = EDGE_LOOP('',(#13835,#13836,#13860,#13882));
#13835 = ORIENTED_EDGE('',*,*,#8849,.T.);
#13836 = ORIENTED_EDGE('',*,*,#13837,.T.);
#13837 = EDGE_CURVE('',#8794,#13838,#13840,.T.);
#13838 = VERTEX_POINT('',#13839);
#13839 = CARTESIAN_POINT('',(11.195587797656,9.48,18.237839867984));
#13840 = SURFACE_CURVE('',#13841,(#13846,#13853),.PCURVE_S1.);
#13841 = CIRCLE('',#13842,1.02);
#13842 = AXIS2_PLACEMENT_3D('',#13843,#13844,#13845);
#13843 = CARTESIAN_POINT('',(11.195587797656,9.48,17.217839867984));
#13844 = DIRECTION('',(1.,2.22044604925E-16,0.));
#13845 = DIRECTION('',(0.,-0.,1.));
#13846 = PCURVE('',#8406,#13847);
#13847 = DEFINITIONAL_REPRESENTATION('',(#13848),#13852);
#13848 = LINE('',#13849,#13850);
#13849 = CARTESIAN_POINT('',(0.,0.));
#13850 = VECTOR('',#13851,1.);
#13851 = DIRECTION('',(1.,0.));
#13852 = ( GEOMETRIC_REPRESENTATION_CONTEXT(2) 
PARAMETRIC_REPRESENTATION_CONTEXT() REPRESENTATION_CONTEXT('2D SPACE',''
  ) );
#13853 = PCURVE('',#8809,#13854);
#13854 = DEFINITIONAL_REPRESENTATION('',(#13855),#13859);
#13855 = LINE('',#13856,#13857);
#13856 = CARTESIAN_POINT('',(0.,18.695587797656));
#13857 = VECTOR('',#13858,1.);
#13858 = DIRECTION('',(1.,0.));
#13859 = ( GEOMETRIC_REPRESENTATION_CONTEXT(2) 
PARAMETRIC_REPRESENTATION_CONTEXT() REPRESENTATION_CONTEXT('2D SPACE',''
  ) );
#13860 = ORIENTED_EDGE('',*,*,#13861,.F.);
#13861 = EDGE_CURVE('',#8390,#13838,#13862,.T.);
#13862 = SURFACE_CURVE('',#13863,(#13868,#13875),.PCURVE_S1.);
#13863 = CIRCLE('',#13864,0.804412202344);
#13864 = AXIS2_PLACEMENT_3D('',#13865,#13866,#13867);
#13865 = CARTESIAN_POINT('',(11.195587797656,9.48,17.433427665641));
#13866 = DIRECTION('',(2.22044604925E-16,-1.,0.));
#13867 = DIRECTION('',(0.,0.,-1.));
#13868 = PCURVE('',#8406,#13869);
#13869 = DEFINITIONAL_REPRESENTATION('',(#13870),#13874);
#13870 = LINE('',#13871,#13872);
#13871 = CARTESIAN_POINT('',(6.28318530718,3.14159265359));
#13872 = VECTOR('',#13873,1.);
#13873 = DIRECTION('',(0.,-1.));
#13874 = ( GEOMETRIC_REPRESENTATION_CONTEXT(2) 
PARAMETRIC_REPRESENTATION_CONTEXT() REPRESENTATION_CONTEXT('2D SPACE',''
  ) );
#13875 = PCURVE('',#8442,#13876);
#13876 = DEFINITIONAL_REPRESENTATION('',(#13877),#13881);
#13877 = LINE('',#13878,#13879);
#13878 = CARTESIAN_POINT('',(3.330669073875E-15,-18.96));
#13879 = VECTOR('',#13880,1.);
#13880 = DIRECTION('',(1.,0.));
#13881 = ( GEOMETRIC_REPRESENTATION_CONTEXT(2) 
PARAMETRIC_REPRESENTATION_CONTEXT() REPRESENTATION_CONTEXT('2D SPACE',''
  ) );
#13882 = ORIENTED_EDGE('',*,*,#8389,.F.);
#13883 = ADVANCED_FACE('',(#13884),#8442,.T.);
#13884 = FACE_BOUND('',#13885,.T.);
#13885 = EDGE_LOOP('',(#13886,#13887,#13913,#13914));
#13886 = ORIENTED_EDGE('',*,*,#13861,.T.);
#13887 = ORIENTED_EDGE('',*,*,#13888,.T.);
#13888 = EDGE_CURVE('',#13838,#13786,#13889,.T.);
#13889 = SURFACE_CURVE('',#13890,(#13894,#13901),.PCURVE_S1.);
#13890 = LINE('',#13891,#13892);
#13891 = CARTESIAN_POINT('',(11.195587797656,-9.48,18.237839867984));
#13892 = VECTOR('',#13893,1.);
#13893 = DIRECTION('',(2.22044604925E-16,-1.,1.372407813273E-16));
#13894 = PCURVE('',#8442,#13895);
#13895 = DEFINITIONAL_REPRESENTATION('',(#13896),#13900);
#13896 = LINE('',#13897,#13898);
#13897 = CARTESIAN_POINT('',(3.14159265359,0.));
#13898 = VECTOR('',#13899,1.);
#13899 = DIRECTION('',(0.,1.));
#13900 = ( GEOMETRIC_REPRESENTATION_CONTEXT(2) 
PARAMETRIC_REPRESENTATION_CONTEXT() REPRESENTATION_CONTEXT('2D SPACE',''
  ) );
#13901 = PCURVE('',#13902,#13907);
#13902 = PLANE('',#13903);
#13903 = AXIS2_PLACEMENT_3D('',#13904,#13905,#13906);
#13904 = CARTESIAN_POINT('',(-7.5,-9.48,18.237839867984));
#13905 = DIRECTION('',(-3.047357506942E-32,1.372407813273E-16,1.));
#13906 = DIRECTION('',(2.22044604925E-16,-1.,1.372407813273E-16));
#13907 = DEFINITIONAL_REPRESENTATION('',(#13908),#13912);
#13908 = LINE('',#13909,#13910);
#13909 = CARTESIAN_POINT('',(0.,18.695587797656));
#13910 = VECTOR('',#13911,1.);
#13911 = DIRECTION('',(1.,0.));
#13912 = ( GEOMETRIC_REPRESENTATION_CONTEXT(2) 
PARAMETRIC_REPRESENTATION_CONTEXT() REPRESENTATION_CONTEXT('2D SPACE',''
  ) );
#13913 = ORIENTED_EDGE('',*,*,#13785,.F.);
#13914 = ORIENTED_EDGE('',*,*,#8428,.F.);
#13915 = ADVANCED_FACE('',(#13916),#8525,.T.);
#13916 = FACE_BOUND('',#13917,.T.);
#13917 = EDGE_LOOP('',(#13918,#13919,#13920,#13943));
#13918 = ORIENTED_EDGE('',*,*,#8509,.T.);
#13919 = ORIENTED_EDGE('',*,*,#13809,.F.);
#13920 = ORIENTED_EDGE('',*,*,#13921,.F.);
#13921 = EDGE_CURVE('',#13922,#13786,#13924,.T.);
#13922 = VERTEX_POINT('',#13923);
#13923 = CARTESIAN_POINT('',(-11.19558779765,-9.48,18.237839867984));
#13924 = SURFACE_CURVE('',#13925,(#13929,#13936),.PCURVE_S1.);
#13925 = LINE('',#13926,#13927);
#13926 = CARTESIAN_POINT('',(-7.5,-9.48,18.237839867984));
#13927 = VECTOR('',#13928,1.);
#13928 = DIRECTION('',(1.,2.22044604925E-16,0.));
#13929 = PCURVE('',#8525,#13930);
#13930 = DEFINITIONAL_REPRESENTATION('',(#13931),#13935);
#13931 = LINE('',#13932,#13933);
#13932 = CARTESIAN_POINT('',(0.,0.));
#13933 = VECTOR('',#13934,1.);
#13934 = DIRECTION('',(0.,1.));
#13935 = ( GEOMETRIC_REPRESENTATION_CONTEXT(2) 
PARAMETRIC_REPRESENTATION_CONTEXT() REPRESENTATION_CONTEXT('2D SPACE',''
  ) );
#13936 = PCURVE('',#13902,#13937);
#13937 = DEFINITIONAL_REPRESENTATION('',(#13938),#13942);
#13938 = LINE('',#13939,#13940);
#13939 = CARTESIAN_POINT('',(0.,0.));
#13940 = VECTOR('',#13941,1.);
#13941 = DIRECTION('',(0.,1.));
#13942 = ( GEOMETRIC_REPRESENTATION_CONTEXT(2) 
PARAMETRIC_REPRESENTATION_CONTEXT() REPRESENTATION_CONTEXT('2D SPACE',''
  ) );
#13943 = ORIENTED_EDGE('',*,*,#13944,.T.);
#13944 = EDGE_CURVE('',#13922,#8510,#13945,.T.);
#13945 = SURFACE_CURVE('',#13946,(#13951,#13958),.PCURVE_S1.);
#13946 = CIRCLE('',#13947,1.02);
#13947 = AXIS2_PLACEMENT_3D('',#13948,#13949,#13950);
#13948 = CARTESIAN_POINT('',(-11.19558779765,-9.48,17.217839867984));
#13949 = DIRECTION('',(1.,2.22044604925E-16,0.));
#13950 = DIRECTION('',(0.,-0.,1.));
#13951 = PCURVE('',#8525,#13952);
#13952 = DEFINITIONAL_REPRESENTATION('',(#13953),#13957);
#13953 = LINE('',#13954,#13955);
#13954 = CARTESIAN_POINT('',(0.,-3.695587797656));
#13955 = VECTOR('',#13956,1.);
#13956 = DIRECTION('',(1.,0.));
#13957 = ( GEOMETRIC_REPRESENTATION_CONTEXT(2) 
PARAMETRIC_REPRESENTATION_CONTEXT() REPRESENTATION_CONTEXT('2D SPACE',''
  ) );
#13958 = PCURVE('',#8578,#13959);
#13959 = DEFINITIONAL_REPRESENTATION('',(#13960),#13964);
#13960 = LINE('',#13961,#13962);
#13961 = CARTESIAN_POINT('',(0.,6.28318530718));
#13962 = VECTOR('',#13963,1.);
#13963 = DIRECTION('',(1.,0.));
#13964 = ( GEOMETRIC_REPRESENTATION_CONTEXT(2) 
PARAMETRIC_REPRESENTATION_CONTEXT() REPRESENTATION_CONTEXT('2D SPACE',''
  ) );
#13965 = ADVANCED_FACE('',(#13966),#8578,.T.);
#13966 = FACE_BOUND('',#13967,.T.);
#13967 = EDGE_LOOP('',(#13968,#13990,#13991,#13992));
#13968 = ORIENTED_EDGE('',*,*,#13969,.T.);
#13969 = EDGE_CURVE('',#13922,#8629,#13970,.T.);
#13970 = SURFACE_CURVE('',#13971,(#13976,#13983),.PCURVE_S1.);
#13971 = CIRCLE('',#13972,0.804412202344);
#13972 = AXIS2_PLACEMENT_3D('',#13973,#13974,#13975);
#13973 = CARTESIAN_POINT('',(-11.19558779765,-9.48,17.433427665641));
#13974 = DIRECTION('',(2.22044604925E-16,-1.,0.));
#13975 = DIRECTION('',(0.,0.,-1.));
#13976 = PCURVE('',#8578,#13977);
#13977 = DEFINITIONAL_REPRESENTATION('',(#13978),#13982);
#13978 = LINE('',#13979,#13980);
#13979 = CARTESIAN_POINT('',(0.,9.424777960769));
#13980 = VECTOR('',#13981,1.);
#13981 = DIRECTION('',(0.,-1.));
#13982 = ( GEOMETRIC_REPRESENTATION_CONTEXT(2) 
PARAMETRIC_REPRESENTATION_CONTEXT() REPRESENTATION_CONTEXT('2D SPACE',''
  ) );
#13983 = PCURVE('',#8668,#13984);
#13984 = DEFINITIONAL_REPRESENTATION('',(#13985),#13989);
#13985 = LINE('',#13986,#13987);
#13986 = CARTESIAN_POINT('',(9.424777960769,0.));
#13987 = VECTOR('',#13988,1.);
#13988 = DIRECTION('',(-1.,0.));
#13989 = ( GEOMETRIC_REPRESENTATION_CONTEXT(2) 
PARAMETRIC_REPRESENTATION_CONTEXT() REPRESENTATION_CONTEXT('2D SPACE',''
  ) );
#13990 = ORIENTED_EDGE('',*,*,#8628,.T.);
#13991 = ORIENTED_EDGE('',*,*,#8561,.F.);
#13992 = ORIENTED_EDGE('',*,*,#13944,.F.);
#13993 = ADVANCED_FACE('',(#13994),#8668,.T.);
#13994 = FACE_BOUND('',#13995,.T.);
#13995 = EDGE_LOOP('',(#13996,#14020,#14021,#14022));
#13996 = ORIENTED_EDGE('',*,*,#13997,.T.);
#13997 = EDGE_CURVE('',#13998,#8653,#14000,.T.);
#13998 = VERTEX_POINT('',#13999);
#13999 = CARTESIAN_POINT('',(-11.19558779765,9.48,18.237839867984));
#14000 = SURFACE_CURVE('',#14001,(#14006,#14013),.PCURVE_S1.);
#14001 = CIRCLE('',#14002,0.804412202344);
#14002 = AXIS2_PLACEMENT_3D('',#14003,#14004,#14005);
#14003 = CARTESIAN_POINT('',(-11.19558779765,9.48,17.433427665641));
#14004 = DIRECTION('',(2.22044604925E-16,-1.,0.));
#14005 = DIRECTION('',(0.,0.,-1.));
#14006 = PCURVE('',#8668,#14007);
#14007 = DEFINITIONAL_REPRESENTATION('',(#14008),#14012);
#14008 = LINE('',#14009,#14010);
#14009 = CARTESIAN_POINT('',(9.424777960769,18.96));
#14010 = VECTOR('',#14011,1.);
#14011 = DIRECTION('',(-1.,0.));
#14012 = ( GEOMETRIC_REPRESENTATION_CONTEXT(2) 
PARAMETRIC_REPRESENTATION_CONTEXT() REPRESENTATION_CONTEXT('2D SPACE',''
  ) );
#14013 = PCURVE('',#8697,#14014);
#14014 = DEFINITIONAL_REPRESENTATION('',(#14015),#14019);
#14015 = LINE('',#14016,#14017);
#14016 = CARTESIAN_POINT('',(6.28318530718,9.424777960769));
#14017 = VECTOR('',#14018,1.);
#14018 = DIRECTION('',(0.,-1.));
#14019 = ( GEOMETRIC_REPRESENTATION_CONTEXT(2) 
PARAMETRIC_REPRESENTATION_CONTEXT() REPRESENTATION_CONTEXT('2D SPACE',''
  ) );
#14020 = ORIENTED_EDGE('',*,*,#8652,.T.);
#14021 = ORIENTED_EDGE('',*,*,#13969,.F.);
#14022 = ORIENTED_EDGE('',*,*,#14023,.F.);
#14023 = EDGE_CURVE('',#13998,#13922,#14024,.T.);
#14024 = SURFACE_CURVE('',#14025,(#14029,#14036),.PCURVE_S1.);
#14025 = LINE('',#14026,#14027);
#14026 = CARTESIAN_POINT('',(-11.19558779765,-9.48,18.237839867984));
#14027 = VECTOR('',#14028,1.);
#14028 = DIRECTION('',(2.22044604925E-16,-1.,1.372407813273E-16));
#14029 = PCURVE('',#8668,#14030);
#14030 = DEFINITIONAL_REPRESENTATION('',(#14031),#14035);
#14031 = LINE('',#14032,#14033);
#14032 = CARTESIAN_POINT('',(6.28318530718,0.));
#14033 = VECTOR('',#14034,1.);
#14034 = DIRECTION('',(0.,-1.));
#14035 = ( GEOMETRIC_REPRESENTATION_CONTEXT(2) 
PARAMETRIC_REPRESENTATION_CONTEXT() REPRESENTATION_CONTEXT('2D SPACE',''
  ) );
#14036 = PCURVE('',#13902,#14037);
#14037 = DEFINITIONAL_REPRESENTATION('',(#14038),#14042);
#14038 = LINE('',#14039,#14040);
#14039 = CARTESIAN_POINT('',(0.,-3.695587797656));
#14040 = VECTOR('',#14041,1.);
#14041 = DIRECTION('',(1.,0.));
#14042 = ( GEOMETRIC_REPRESENTATION_CONTEXT(2) 
PARAMETRIC_REPRESENTATION_CONTEXT() REPRESENTATION_CONTEXT('2D SPACE',''
  ) );
#14043 = ADVANCED_FACE('',(#14044),#8697,.T.);
#14044 = FACE_BOUND('',#14045,.T.);
#14045 = EDGE_LOOP('',(#14046,#14047,#14048,#14049));
#14046 = ORIENTED_EDGE('',*,*,#8745,.T.);
#14047 = ORIENTED_EDGE('',*,*,#8680,.T.);
#14048 = ORIENTED_EDGE('',*,*,#13997,.F.);
#14049 = ORIENTED_EDGE('',*,*,#14050,.F.);
#14050 = EDGE_CURVE('',#8746,#13998,#14051,.T.);
#14051 = SURFACE_CURVE('',#14052,(#14057,#14064),.PCURVE_S1.);
#14052 = CIRCLE('',#14053,1.02);
#14053 = AXIS2_PLACEMENT_3D('',#14054,#14055,#14056);
#14054 = CARTESIAN_POINT('',(-11.19558779765,9.48,17.217839867984));
#14055 = DIRECTION('',(1.,2.22044604925E-16,0.));
#14056 = DIRECTION('',(0.,-0.,1.));
#14057 = PCURVE('',#8697,#14058);
#14058 = DEFINITIONAL_REPRESENTATION('',(#14059),#14063);
#14059 = LINE('',#14060,#14061);
#14060 = CARTESIAN_POINT('',(0.,6.28318530718));
#14061 = VECTOR('',#14062,1.);
#14062 = DIRECTION('',(1.,0.));
#14063 = ( GEOMETRIC_REPRESENTATION_CONTEXT(2) 
PARAMETRIC_REPRESENTATION_CONTEXT() REPRESENTATION_CONTEXT('2D SPACE',''
  ) );
#14064 = PCURVE('',#8809,#14065);
#14065 = DEFINITIONAL_REPRESENTATION('',(#14066),#14070);
#14066 = LINE('',#14067,#14068);
#14067 = CARTESIAN_POINT('',(0.,-3.695587797656));
#14068 = VECTOR('',#14069,1.);
#14069 = DIRECTION('',(1.,0.));
#14070 = ( GEOMETRIC_REPRESENTATION_CONTEXT(2) 
PARAMETRIC_REPRESENTATION_CONTEXT() REPRESENTATION_CONTEXT('2D SPACE',''
  ) );
#14071 = ADVANCED_FACE('',(#14072),#8809,.T.);
#14072 = FACE_BOUND('',#14073,.T.);
#14073 = EDGE_LOOP('',(#14074,#14095,#14096,#14097));
#14074 = ORIENTED_EDGE('',*,*,#14075,.T.);
#14075 = EDGE_CURVE('',#13998,#13838,#14076,.T.);
#14076 = SURFACE_CURVE('',#14077,(#14081,#14088),.PCURVE_S1.);
#14077 = LINE('',#14078,#14079);
#14078 = CARTESIAN_POINT('',(-7.5,9.48,18.237839867984));
#14079 = VECTOR('',#14080,1.);
#14080 = DIRECTION('',(1.,2.22044604925E-16,0.));
#14081 = PCURVE('',#8809,#14082);
#14082 = DEFINITIONAL_REPRESENTATION('',(#14083),#14087);
#14083 = LINE('',#14084,#14085);
#14084 = CARTESIAN_POINT('',(6.28318530718,0.));
#14085 = VECTOR('',#14086,1.);
#14086 = DIRECTION('',(0.,1.));
#14087 = ( GEOMETRIC_REPRESENTATION_CONTEXT(2) 
PARAMETRIC_REPRESENTATION_CONTEXT() REPRESENTATION_CONTEXT('2D SPACE',''
  ) );
#14088 = PCURVE('',#13902,#14089);
#14089 = DEFINITIONAL_REPRESENTATION('',(#14090),#14094);
#14090 = LINE('',#14091,#14092);
#14091 = CARTESIAN_POINT('',(-18.96,0.));
#14092 = VECTOR('',#14093,1.);
#14093 = DIRECTION('',(0.,1.));
#14094 = ( GEOMETRIC_REPRESENTATION_CONTEXT(2) 
PARAMETRIC_REPRESENTATION_CONTEXT() REPRESENTATION_CONTEXT('2D SPACE',''
  ) );
#14095 = ORIENTED_EDGE('',*,*,#13837,.F.);
#14096 = ORIENTED_EDGE('',*,*,#8793,.F.);
#14097 = ORIENTED_EDGE('',*,*,#14050,.T.);
#14098 = ADVANCED_FACE('',(#14099),#8969,.F.);
#14099 = FACE_BOUND('',#14100,.T.);
#14100 = EDGE_LOOP('',(#14101,#14102,#14103,#14104));
#14101 = ORIENTED_EDGE('',*,*,#9602,.F.);
#14102 = ORIENTED_EDGE('',*,*,#8955,.T.);
#14103 = ORIENTED_EDGE('',*,*,#9929,.T.);
#14104 = ORIENTED_EDGE('',*,*,#14105,.T.);
#14105 = EDGE_CURVE('',#9907,#9603,#14106,.T.);
#14106 = SURFACE_CURVE('',#14107,(#14111,#14118),.PCURVE_S1.);
#14107 = LINE('',#14108,#14109);
#14108 = CARTESIAN_POINT('',(-5.613463652863,-9.282466122857,
    7.371495425888));
#14109 = VECTOR('',#14110,1.);
#14110 = DIRECTION('',(-1.,-2.22044604925E-16,0.));
#14111 = PCURVE('',#8969,#14112);
#14112 = DEFINITIONAL_REPRESENTATION('',(#14113),#14117);
#14113 = LINE('',#14114,#14115);
#14114 = CARTESIAN_POINT('',(1.4122903433,0.));
#14115 = VECTOR('',#14116,1.);
#14116 = DIRECTION('',(0.,-1.));
#14117 = ( GEOMETRIC_REPRESENTATION_CONTEXT(2) 
PARAMETRIC_REPRESENTATION_CONTEXT() REPRESENTATION_CONTEXT('2D SPACE',''
  ) );
#14118 = PCURVE('',#9641,#14119);
#14119 = DEFINITIONAL_REPRESENTATION('',(#14120),#14124);
#14120 = LINE('',#14121,#14122);
#14121 = CARTESIAN_POINT('',(0.,0.));
#14122 = VECTOR('',#14123,1.);
#14123 = DIRECTION('',(0.,-1.));
#14124 = ( GEOMETRIC_REPRESENTATION_CONTEXT(2) 
PARAMETRIC_REPRESENTATION_CONTEXT() REPRESENTATION_CONTEXT('2D SPACE',''
  ) );
#14125 = ADVANCED_FACE('',(#14126),#9002,.F.);
#14126 = FACE_BOUND('',#14127,.T.);
#14127 = EDGE_LOOP('',(#14128,#14149,#14150,#14171));
#14128 = ORIENTED_EDGE('',*,*,#14129,.F.);
#14129 = EDGE_CURVE('',#8985,#9789,#14130,.T.);
#14130 = SURFACE_CURVE('',#14131,(#14135,#14142),.PCURVE_S1.);
#14131 = LINE('',#14132,#14133);
#14132 = CARTESIAN_POINT('',(-5.613463652863,-10.18448748425,
    13.6263593185));
#14133 = VECTOR('',#14134,1.);
#14134 = DIRECTION('',(1.,2.22044604925E-16,0.));
#14135 = PCURVE('',#9002,#14136);
#14136 = DEFINITIONAL_REPRESENTATION('',(#14137),#14141);
#14137 = LINE('',#14138,#14139);
#14138 = CARTESIAN_POINT('',(-0.12032349615,-23.32950412109));
#14139 = VECTOR('',#14140,1.);
#14140 = DIRECTION('',(0.,1.));
#14141 = ( GEOMETRIC_REPRESENTATION_CONTEXT(2) 
PARAMETRIC_REPRESENTATION_CONTEXT() REPRESENTATION_CONTEXT('2D SPACE',''
  ) );
#14142 = PCURVE('',#9030,#14143);
#14143 = DEFINITIONAL_REPRESENTATION('',(#14144),#14148);
#14144 = LINE('',#14145,#14146);
#14145 = CARTESIAN_POINT('',(0.92408258999,0.));
#14146 = VECTOR('',#14147,1.);
#14147 = DIRECTION('',(0.,1.));
#14148 = ( GEOMETRIC_REPRESENTATION_CONTEXT(2) 
PARAMETRIC_REPRESENTATION_CONTEXT() REPRESENTATION_CONTEXT('2D SPACE',''
  ) );
#14149 = ORIENTED_EDGE('',*,*,#8984,.T.);
#14150 = ORIENTED_EDGE('',*,*,#14151,.F.);
#14151 = EDGE_CURVE('',#9814,#8987,#14152,.T.);
#14152 = SURFACE_CURVE('',#14153,(#14157,#14164),.PCURVE_S1.);
#14153 = LINE('',#14154,#14155);
#14154 = CARTESIAN_POINT('',(17.716040468236,-10.10539282761,
    13.433697994201));
#14155 = VECTOR('',#14156,1.);
#14156 = DIRECTION('',(-1.,-2.22044604925E-16,0.));
#14157 = PCURVE('',#9002,#14158);
#14158 = DEFINITIONAL_REPRESENTATION('',(#14159),#14163);
#14159 = LINE('',#14160,#14161);
#14160 = CARTESIAN_POINT('',(-0.328588593054,0.));
#14161 = VECTOR('',#14162,1.);
#14162 = DIRECTION('',(0.,-1.));
#14163 = ( GEOMETRIC_REPRESENTATION_CONTEXT(2) 
PARAMETRIC_REPRESENTATION_CONTEXT() REPRESENTATION_CONTEXT('2D SPACE',''
  ) );
#14164 = PCURVE('',#9724,#14165);
#14165 = DEFINITIONAL_REPRESENTATION('',(#14166),#14170);
#14166 = LINE('',#14167,#14168);
#14167 = CARTESIAN_POINT('',(0.,0.));
#14168 = VECTOR('',#14169,1.);
#14169 = DIRECTION('',(0.,-1.));
#14170 = ( GEOMETRIC_REPRESENTATION_CONTEXT(2) 
PARAMETRIC_REPRESENTATION_CONTEXT() REPRESENTATION_CONTEXT('2D SPACE',''
  ) );
#14171 = ORIENTED_EDGE('',*,*,#9813,.F.);
#14172 = ADVANCED_FACE('',(#14173),#9030,.F.);
#14173 = FACE_BOUND('',#14174,.T.);
#14174 = EDGE_LOOP('',(#14175,#14176,#14177,#14178));
#14175 = ORIENTED_EDGE('',*,*,#9014,.F.);
#14176 = ORIENTED_EDGE('',*,*,#14129,.T.);
#14177 = ORIENTED_EDGE('',*,*,#9788,.T.);
#14178 = ORIENTED_EDGE('',*,*,#14179,.T.);
#14179 = EDGE_CURVE('',#9791,#9015,#14180,.T.);
#14180 = SURFACE_CURVE('',#14181,(#14185,#14192),.PCURVE_S1.);
#14181 = LINE('',#14182,#14183);
#14182 = CARTESIAN_POINT('',(-5.613463652863,-10.14151937652,
    13.786898854958));
#14183 = VECTOR('',#14184,1.);
#14184 = DIRECTION('',(-1.,-2.22044604925E-16,0.));
#14185 = PCURVE('',#9030,#14186);
#14186 = DEFINITIONAL_REPRESENTATION('',(#14187),#14191);
#14187 = LINE('',#14188,#14189);
#14188 = CARTESIAN_POINT('',(1.090272845563,0.));
#14189 = VECTOR('',#14190,1.);
#14190 = DIRECTION('',(0.,-1.));
#14191 = ( GEOMETRIC_REPRESENTATION_CONTEXT(2) 
PARAMETRIC_REPRESENTATION_CONTEXT() REPRESENTATION_CONTEXT('2D SPACE',''
  ) );
#14192 = PCURVE('',#9058,#14193);
#14193 = DEFINITIONAL_REPRESENTATION('',(#14194),#14198);
#14194 = LINE('',#14195,#14196);
#14195 = CARTESIAN_POINT('',(-0.164332563978,-23.32950412109));
#14196 = VECTOR('',#14197,1.);
#14197 = DIRECTION('',(0.,-1.));
#14198 = ( GEOMETRIC_REPRESENTATION_CONTEXT(2) 
PARAMETRIC_REPRESENTATION_CONTEXT() REPRESENTATION_CONTEXT('2D SPACE',''
  ) );
#14199 = ADVANCED_FACE('',(#14200),#9058,.F.);
#14200 = FACE_BOUND('',#14201,.T.);
#14201 = EDGE_LOOP('',(#14202,#14203,#14204,#14225));
#14202 = ORIENTED_EDGE('',*,*,#14179,.F.);
#14203 = ORIENTED_EDGE('',*,*,#10395,.F.);
#14204 = ORIENTED_EDGE('',*,*,#14205,.T.);
#14205 = EDGE_CURVE('',#10373,#9043,#14206,.T.);
#14206 = SURFACE_CURVE('',#14207,(#14211,#14218),.PCURVE_S1.);
#14207 = LINE('',#14208,#14209);
#14208 = CARTESIAN_POINT('',(17.716040468236,-9.983597034318,
    13.832349107058));
#14209 = VECTOR('',#14210,1.);
#14210 = DIRECTION('',(-1.,-2.22044604925E-16,0.));
#14211 = PCURVE('',#9058,#14212);
#14212 = DEFINITIONAL_REPRESENTATION('',(#14213),#14217);
#14213 = LINE('',#14214,#14215);
#14214 = CARTESIAN_POINT('',(0.,0.));
#14215 = VECTOR('',#14216,1.);
#14216 = DIRECTION('',(0.,-1.));
#14217 = ( GEOMETRIC_REPRESENTATION_CONTEXT(2) 
PARAMETRIC_REPRESENTATION_CONTEXT() REPRESENTATION_CONTEXT('2D SPACE',''
  ) );
#14218 = PCURVE('',#9086,#14219);
#14219 = DEFINITIONAL_REPRESENTATION('',(#14220),#14224);
#14220 = LINE('',#14221,#14222);
#14221 = CARTESIAN_POINT('',(-0.328588593054,0.));
#14222 = VECTOR('',#14223,1.);
#14223 = DIRECTION('',(0.,-1.));
#14224 = ( GEOMETRIC_REPRESENTATION_CONTEXT(2) 
PARAMETRIC_REPRESENTATION_CONTEXT() REPRESENTATION_CONTEXT('2D SPACE',''
  ) );
#14225 = ORIENTED_EDGE('',*,*,#9042,.T.);
#14226 = ADVANCED_FACE('',(#14227),#9086,.F.);
#14227 = FACE_BOUND('',#14228,.T.);
#14228 = EDGE_LOOP('',(#14229,#14250,#14251,#14252));
#14229 = ORIENTED_EDGE('',*,*,#14230,.F.);
#14230 = EDGE_CURVE('',#9071,#10350,#14231,.T.);
#14231 = SURFACE_CURVE('',#14232,(#14236,#14243),.PCURVE_S1.);
#14232 = LINE('',#14233,#14234);
#14233 = CARTESIAN_POINT('',(-5.613463652863,-10.07183095216,
    14.047272139591));
#14234 = VECTOR('',#14235,1.);
#14235 = DIRECTION('',(1.,2.22044604925E-16,0.));
#14236 = PCURVE('',#9086,#14237);
#14237 = DEFINITIONAL_REPRESENTATION('',(#14238),#14242);
#14238 = LINE('',#14239,#14240);
#14239 = CARTESIAN_POINT('',(-9.625879692012E-02,-23.32950412109));
#14240 = VECTOR('',#14241,1.);
#14241 = DIRECTION('',(0.,1.));
#14242 = ( GEOMETRIC_REPRESENTATION_CONTEXT(2) 
PARAMETRIC_REPRESENTATION_CONTEXT() REPRESENTATION_CONTEXT('2D SPACE',''
  ) );
#14243 = PCURVE('',#9114,#14244);
#14244 = DEFINITIONAL_REPRESENTATION('',(#14245),#14249);
#14245 = LINE('',#14246,#14247);
#14246 = CARTESIAN_POINT('',(1.359810827748,0.));
#14247 = VECTOR('',#14248,1.);
#14248 = DIRECTION('',(0.,1.));
#14249 = ( GEOMETRIC_REPRESENTATION_CONTEXT(2) 
PARAMETRIC_REPRESENTATION_CONTEXT() REPRESENTATION_CONTEXT('2D SPACE',''
  ) );
#14250 = ORIENTED_EDGE('',*,*,#9070,.T.);
#14251 = ORIENTED_EDGE('',*,*,#14205,.F.);
#14252 = ORIENTED_EDGE('',*,*,#10372,.F.);
#14253 = ADVANCED_FACE('',(#14254),#9114,.F.);
#14254 = FACE_BOUND('',#14255,.T.);
#14255 = EDGE_LOOP('',(#14256,#14257,#14258,#14259));
#14256 = ORIENTED_EDGE('',*,*,#9098,.F.);
#14257 = ORIENTED_EDGE('',*,*,#14230,.T.);
#14258 = ORIENTED_EDGE('',*,*,#10349,.T.);
#14259 = ORIENTED_EDGE('',*,*,#14260,.T.);
#14260 = EDGE_CURVE('',#10327,#9099,#14261,.T.);
#14261 = SURFACE_CURVE('',#14262,(#14266,#14273),.PCURVE_S1.);
#14262 = LINE('',#14263,#14264);
#14263 = CARTESIAN_POINT('',(-5.613463652863,-10.03608116511,
    14.180842234821));
#14264 = VECTOR('',#14265,1.);
#14265 = DIRECTION('',(-1.,-2.22044604925E-16,0.));
#14266 = PCURVE('',#9114,#14267);
#14267 = DEFINITIONAL_REPRESENTATION('',(#14268),#14272);
#14268 = LINE('',#14269,#14270);
#14269 = CARTESIAN_POINT('',(1.498082363553,0.));
#14270 = VECTOR('',#14271,1.);
#14271 = DIRECTION('',(0.,-1.));
#14272 = ( GEOMETRIC_REPRESENTATION_CONTEXT(2) 
PARAMETRIC_REPRESENTATION_CONTEXT() REPRESENTATION_CONTEXT('2D SPACE',''
  ) );
#14273 = PCURVE('',#9142,#14274);
#14274 = DEFINITIONAL_REPRESENTATION('',(#14275),#14279);
#14275 = LINE('',#14276,#14277);
#14276 = CARTESIAN_POINT('',(-0.181354116063,-23.32950412109));
#14277 = VECTOR('',#14278,1.);
#14278 = DIRECTION('',(0.,-1.));
#14279 = ( GEOMETRIC_REPRESENTATION_CONTEXT(2) 
PARAMETRIC_REPRESENTATION_CONTEXT() REPRESENTATION_CONTEXT('2D SPACE',''
  ) );
#14280 = ADVANCED_FACE('',(#14281),#9142,.F.);
#14281 = FACE_BOUND('',#14282,.T.);
#14282 = EDGE_LOOP('',(#14283,#14284,#14285,#14306));
#14283 = ORIENTED_EDGE('',*,*,#14260,.F.);
#14284 = ORIENTED_EDGE('',*,*,#10326,.F.);
#14285 = ORIENTED_EDGE('',*,*,#14286,.T.);
#14286 = EDGE_CURVE('',#10304,#9127,#14287,.T.);
#14287 = SURFACE_CURVE('',#14288,(#14292,#14299),.PCURVE_S1.);
#14288 = LINE('',#14289,#14290);
#14289 = CARTESIAN_POINT('',(17.716040468236,-9.861801241016,
    14.231000219915));
#14290 = VECTOR('',#14291,1.);
#14291 = DIRECTION('',(-1.,-2.22044604925E-16,0.));
#14292 = PCURVE('',#9142,#14293);
#14293 = DEFINITIONAL_REPRESENTATION('',(#14294),#14298);
#14294 = LINE('',#14295,#14296);
#14295 = CARTESIAN_POINT('',(0.,0.));
#14296 = VECTOR('',#14297,1.);
#14297 = DIRECTION('',(0.,-1.));
#14298 = ( GEOMETRIC_REPRESENTATION_CONTEXT(2) 
PARAMETRIC_REPRESENTATION_CONTEXT() REPRESENTATION_CONTEXT('2D SPACE',''
  ) );
#14299 = PCURVE('',#9170,#14300);
#14300 = DEFINITIONAL_REPRESENTATION('',(#14301),#14305);
#14301 = LINE('',#14302,#14303);
#14302 = CARTESIAN_POINT('',(-0.328588593054,0.));
#14303 = VECTOR('',#14304,1.);
#14304 = DIRECTION('',(0.,-1.));
#14305 = ( GEOMETRIC_REPRESENTATION_CONTEXT(2) 
PARAMETRIC_REPRESENTATION_CONTEXT() REPRESENTATION_CONTEXT('2D SPACE',''
  ) );
#14306 = ORIENTED_EDGE('',*,*,#9126,.T.);
#14307 = ADVANCED_FACE('',(#14308),#9170,.F.);
#14308 = FACE_BOUND('',#14309,.T.);
#14309 = EDGE_LOOP('',(#14310,#14331,#14332,#14333));
#14310 = ORIENTED_EDGE('',*,*,#14311,.F.);
#14311 = EDGE_CURVE('',#9155,#10281,#14312,.T.);
#14312 = SURFACE_CURVE('',#14313,(#14317,#14324),.PCURVE_S1.);
#14313 = LINE('',#14314,#14315);
#14314 = CARTESIAN_POINT('',(-5.613463652863,-9.959174420077,
    14.468184960681));
#14315 = VECTOR('',#14316,1.);
#14316 = DIRECTION('',(1.,2.22044604925E-16,0.));
#14317 = PCURVE('',#9170,#14318);
#14318 = DEFINITIONAL_REPRESENTATION('',(#14319),#14323);
#14319 = LINE('',#14320,#14321);
#14320 = CARTESIAN_POINT('',(-7.219409769011E-02,-23.32950412109));
#14321 = VECTOR('',#14322,1.);
#14322 = DIRECTION('',(0.,1.));
#14323 = ( GEOMETRIC_REPRESENTATION_CONTEXT(2) 
PARAMETRIC_REPRESENTATION_CONTEXT() REPRESENTATION_CONTEXT('2D SPACE',''
  ) );
#14324 = PCURVE('',#9198,#14325);
#14325 = DEFINITIONAL_REPRESENTATION('',(#14326),#14330);
#14326 = LINE('',#14327,#14328);
#14327 = CARTESIAN_POINT('',(1.795539065507,0.));
#14328 = VECTOR('',#14329,1.);
#14329 = DIRECTION('',(0.,1.));
#14330 = ( GEOMETRIC_REPRESENTATION_CONTEXT(2) 
PARAMETRIC_REPRESENTATION_CONTEXT() REPRESENTATION_CONTEXT('2D SPACE',''
  ) );
#14331 = ORIENTED_EDGE('',*,*,#9154,.T.);
#14332 = ORIENTED_EDGE('',*,*,#14286,.F.);
#14333 = ORIENTED_EDGE('',*,*,#10303,.F.);
#14334 = ADVANCED_FACE('',(#14335),#9198,.F.);
#14335 = FACE_BOUND('',#14336,.T.);
#14336 = EDGE_LOOP('',(#14337,#14338,#14339,#14340));
#14337 = ORIENTED_EDGE('',*,*,#9182,.F.);
#14338 = ORIENTED_EDGE('',*,*,#14311,.T.);
#14339 = ORIENTED_EDGE('',*,*,#10280,.T.);
#14340 = ORIENTED_EDGE('',*,*,#14341,.T.);
#14341 = EDGE_CURVE('',#10258,#9183,#14342,.T.);
#14342 = SURFACE_CURVE('',#14343,(#14347,#14354),.PCURVE_S1.);
#14343 = LINE('',#14344,#14345);
#14344 = CARTESIAN_POINT('',(-5.613463652863,-9.93064295371,
    14.574785614684));
#14345 = VECTOR('',#14346,1.);
#14346 = DIRECTION('',(-1.,-2.22044604925E-16,0.));
#14347 = PCURVE('',#9198,#14348);
#14348 = DEFINITIONAL_REPRESENTATION('',(#14349),#14353);
#14349 = LINE('',#14350,#14351);
#14350 = CARTESIAN_POINT('',(1.905891881542,0.));
#14351 = VECTOR('',#14352,1.);
#14352 = DIRECTION('',(0.,-1.));
#14353 = ( GEOMETRIC_REPRESENTATION_CONTEXT(2) 
PARAMETRIC_REPRESENTATION_CONTEXT() REPRESENTATION_CONTEXT('2D SPACE',''
  ) );
#14354 = PCURVE('',#9226,#14355);
#14355 = DEFINITIONAL_REPRESENTATION('',(#14356),#14360);
#14356 = LINE('',#14357,#14358);
#14357 = CARTESIAN_POINT('',(-0.198375668149,-23.32950412109));
#14358 = VECTOR('',#14359,1.);
#14359 = DIRECTION('',(0.,-1.));
#14360 = ( GEOMETRIC_REPRESENTATION_CONTEXT(2) 
PARAMETRIC_REPRESENTATION_CONTEXT() REPRESENTATION_CONTEXT('2D SPACE',''
  ) );
#14361 = ADVANCED_FACE('',(#14362),#9226,.F.);
#14362 = FACE_BOUND('',#14363,.T.);
#14363 = EDGE_LOOP('',(#14364,#14365,#14366,#14387));
#14364 = ORIENTED_EDGE('',*,*,#14341,.F.);
#14365 = ORIENTED_EDGE('',*,*,#10257,.F.);
#14366 = ORIENTED_EDGE('',*,*,#14367,.T.);
#14367 = EDGE_CURVE('',#10235,#9211,#14368,.T.);
#14368 = SURFACE_CURVE('',#14369,(#14373,#14380),.PCURVE_S1.);
#14369 = LINE('',#14370,#14371);
#14370 = CARTESIAN_POINT('',(17.716040468236,-9.740005447715,
    14.629651332772));
#14371 = VECTOR('',#14372,1.);
#14372 = DIRECTION('',(-1.,-2.22044604925E-16,0.));
#14373 = PCURVE('',#9226,#14374);
#14374 = DEFINITIONAL_REPRESENTATION('',(#14375),#14379);
#14375 = LINE('',#14376,#14377);
#14376 = CARTESIAN_POINT('',(0.,0.));
#14377 = VECTOR('',#14378,1.);
#14378 = DIRECTION('',(0.,-1.));
#14379 = ( GEOMETRIC_REPRESENTATION_CONTEXT(2) 
PARAMETRIC_REPRESENTATION_CONTEXT() REPRESENTATION_CONTEXT('2D SPACE',''
  ) );
#14380 = PCURVE('',#9254,#14381);
#14381 = DEFINITIONAL_REPRESENTATION('',(#14382),#14386);
#14382 = LINE('',#14383,#14384);
#14383 = CARTESIAN_POINT('',(-0.328588593054,0.));
#14384 = VECTOR('',#14385,1.);
#14385 = DIRECTION('',(0.,-1.));
#14386 = ( GEOMETRIC_REPRESENTATION_CONTEXT(2) 
PARAMETRIC_REPRESENTATION_CONTEXT() REPRESENTATION_CONTEXT('2D SPACE',''
  ) );
#14387 = ORIENTED_EDGE('',*,*,#9210,.T.);
#14388 = ADVANCED_FACE('',(#14389),#9254,.F.);
#14389 = FACE_BOUND('',#14390,.T.);
#14390 = EDGE_LOOP('',(#14391,#14412,#14413,#14414));
#14391 = ORIENTED_EDGE('',*,*,#14392,.F.);
#14392 = EDGE_CURVE('',#9239,#10212,#14393,.T.);
#14393 = SURFACE_CURVE('',#14394,(#14398,#14405),.PCURVE_S1.);
#14394 = LINE('',#14395,#14396);
#14395 = CARTESIAN_POINT('',(-5.613463652863,-9.84651788799,
    14.889097781772));
#14396 = VECTOR('',#14397,1.);
#14397 = DIRECTION('',(1.,2.22044604925E-16,0.));
#14398 = PCURVE('',#9254,#14399);
#14399 = DEFINITIONAL_REPRESENTATION('',(#14400),#14404);
#14400 = LINE('',#14401,#14402);
#14401 = CARTESIAN_POINT('',(-4.812939846007E-02,-23.32950412109));
#14402 = VECTOR('',#14403,1.);
#14403 = DIRECTION('',(0.,1.));
#14404 = ( GEOMETRIC_REPRESENTATION_CONTEXT(2) 
PARAMETRIC_REPRESENTATION_CONTEXT() REPRESENTATION_CONTEXT('2D SPACE',''
  ) );
#14405 = PCURVE('',#9282,#14406);
#14406 = DEFINITIONAL_REPRESENTATION('',(#14407),#14411);
#14407 = LINE('',#14408,#14409);
#14408 = CARTESIAN_POINT('',(2.231267303266,0.));
#14409 = VECTOR('',#14410,1.);
#14410 = DIRECTION('',(0.,1.));
#14411 = ( GEOMETRIC_REPRESENTATION_CONTEXT(2) 
PARAMETRIC_REPRESENTATION_CONTEXT() REPRESENTATION_CONTEXT('2D SPACE',''
  ) );
#14412 = ORIENTED_EDGE('',*,*,#9238,.T.);
#14413 = ORIENTED_EDGE('',*,*,#14367,.F.);
#14414 = ORIENTED_EDGE('',*,*,#10234,.F.);
#14415 = ADVANCED_FACE('',(#14416),#9282,.F.);
#14416 = FACE_BOUND('',#14417,.T.);
#14417 = EDGE_LOOP('',(#14418,#14419,#14420,#14421));
#14418 = ORIENTED_EDGE('',*,*,#9266,.F.);
#14419 = ORIENTED_EDGE('',*,*,#14392,.T.);
#14420 = ORIENTED_EDGE('',*,*,#10211,.T.);
#14421 = ORIENTED_EDGE('',*,*,#14422,.T.);
#14422 = EDGE_CURVE('',#10189,#9267,#14423,.T.);
#14423 = SURFACE_CURVE('',#14424,(#14428,#14435),.PCURVE_S1.);
#14424 = LINE('',#14425,#14426);
#14425 = CARTESIAN_POINT('',(-5.613463652863,-9.825204742304,
    14.968728994547));
#14426 = VECTOR('',#14427,1.);
#14427 = DIRECTION('',(-1.,-2.22044604925E-16,0.));
#14428 = PCURVE('',#9282,#14429);
#14429 = DEFINITIONAL_REPRESENTATION('',(#14430),#14434);
#14430 = LINE('',#14431,#14432);
#14431 = CARTESIAN_POINT('',(2.313701399531,0.));
#14432 = VECTOR('',#14433,1.);
#14433 = DIRECTION('',(0.,-1.));
#14434 = ( GEOMETRIC_REPRESENTATION_CONTEXT(2) 
PARAMETRIC_REPRESENTATION_CONTEXT() REPRESENTATION_CONTEXT('2D SPACE',''
  ) );
#14435 = PCURVE('',#9310,#14436);
#14436 = DEFINITIONAL_REPRESENTATION('',(#14437),#14441);
#14437 = LINE('',#14438,#14439);
#14438 = CARTESIAN_POINT('',(-0.215397220234,-23.32950412109));
#14439 = VECTOR('',#14440,1.);
#14440 = DIRECTION('',(0.,-1.));
#14441 = ( GEOMETRIC_REPRESENTATION_CONTEXT(2) 
PARAMETRIC_REPRESENTATION_CONTEXT() REPRESENTATION_CONTEXT('2D SPACE',''
  ) );
#14442 = ADVANCED_FACE('',(#14443),#9310,.F.);
#14443 = FACE_BOUND('',#14444,.T.);
#14444 = EDGE_LOOP('',(#14445,#14446,#14447,#14468));
#14445 = ORIENTED_EDGE('',*,*,#14422,.F.);
#14446 = ORIENTED_EDGE('',*,*,#10188,.F.);
#14447 = ORIENTED_EDGE('',*,*,#14448,.T.);
#14448 = EDGE_CURVE('',#10166,#9295,#14449,.T.);
#14449 = SURFACE_CURVE('',#14450,(#14454,#14461),.PCURVE_S1.);
#14450 = LINE('',#14451,#14452);
#14451 = CARTESIAN_POINT('',(17.716040468236,-9.618209654414,
    15.028302445629));
#14452 = VECTOR('',#14453,1.);
#14453 = DIRECTION('',(-1.,-2.22044604925E-16,0.));
#14454 = PCURVE('',#9310,#14455);
#14455 = DEFINITIONAL_REPRESENTATION('',(#14456),#14460);
#14456 = LINE('',#14457,#14458);
#14457 = CARTESIAN_POINT('',(0.,0.));
#14458 = VECTOR('',#14459,1.);
#14459 = DIRECTION('',(0.,-1.));
#14460 = ( GEOMETRIC_REPRESENTATION_CONTEXT(2) 
PARAMETRIC_REPRESENTATION_CONTEXT() REPRESENTATION_CONTEXT('2D SPACE',''
  ) );
#14461 = PCURVE('',#9338,#14462);
#14462 = DEFINITIONAL_REPRESENTATION('',(#14463),#14467);
#14463 = LINE('',#14464,#14465);
#14464 = CARTESIAN_POINT('',(-0.328588593054,0.));
#14465 = VECTOR('',#14466,1.);
#14466 = DIRECTION('',(0.,-1.));
#14467 = ( GEOMETRIC_REPRESENTATION_CONTEXT(2) 
PARAMETRIC_REPRESENTATION_CONTEXT() REPRESENTATION_CONTEXT('2D SPACE',''
  ) );
#14468 = ORIENTED_EDGE('',*,*,#9294,.T.);
#14469 = ADVANCED_FACE('',(#14470),#9338,.F.);
#14470 = FACE_BOUND('',#14471,.T.);
#14471 = EDGE_LOOP('',(#14472,#14493,#14494,#14495));
#14472 = ORIENTED_EDGE('',*,*,#14473,.F.);
#14473 = EDGE_CURVE('',#9323,#10143,#14474,.T.);
#14474 = SURFACE_CURVE('',#14475,(#14479,#14486),.PCURVE_S1.);
#14475 = LINE('',#14476,#14477);
#14476 = CARTESIAN_POINT('',(-5.613463652863,-9.733861355904,
    15.310010602862));
#14477 = VECTOR('',#14478,1.);
#14478 = DIRECTION('',(1.,2.22044604925E-16,0.));
#14479 = PCURVE('',#9338,#14480);
#14480 = DEFINITIONAL_REPRESENTATION('',(#14481),#14485);
#14481 = LINE('',#14482,#14483);
#14482 = CARTESIAN_POINT('',(-2.406469923003E-02,-23.32950412109));
#14483 = VECTOR('',#14484,1.);
#14484 = DIRECTION('',(0.,1.));
#14485 = ( GEOMETRIC_REPRESENTATION_CONTEXT(2) 
PARAMETRIC_REPRESENTATION_CONTEXT() REPRESENTATION_CONTEXT('2D SPACE',''
  ) );
#14486 = PCURVE('',#9366,#14487);
#14487 = DEFINITIONAL_REPRESENTATION('',(#14488),#14492);
#14488 = LINE('',#14489,#14490);
#14489 = CARTESIAN_POINT('',(2.666995541024,0.));
#14490 = VECTOR('',#14491,1.);
#14491 = DIRECTION('',(0.,1.));
#14492 = ( GEOMETRIC_REPRESENTATION_CONTEXT(2) 
PARAMETRIC_REPRESENTATION_CONTEXT() REPRESENTATION_CONTEXT('2D SPACE',''
  ) );
#14493 = ORIENTED_EDGE('',*,*,#9322,.T.);
#14494 = ORIENTED_EDGE('',*,*,#14448,.F.);
#14495 = ORIENTED_EDGE('',*,*,#10165,.F.);
#14496 = ADVANCED_FACE('',(#14497),#9366,.F.);
#14497 = FACE_BOUND('',#14498,.T.);
#14498 = EDGE_LOOP('',(#14499,#14500,#14501,#14502));
#14499 = ORIENTED_EDGE('',*,*,#9350,.F.);
#14500 = ORIENTED_EDGE('',*,*,#14473,.T.);
#14501 = ORIENTED_EDGE('',*,*,#10142,.T.);
#14502 = ORIENTED_EDGE('',*,*,#14503,.T.);
#14503 = EDGE_CURVE('',#10120,#9351,#14504,.T.);
#14504 = SURFACE_CURVE('',#14505,(#14509,#14516),.PCURVE_S1.);
#14505 = LINE('',#14506,#14507);
#14506 = CARTESIAN_POINT('',(17.716040468236,-9.719766530898,
    15.36267237441));
#14507 = VECTOR('',#14508,1.);
#14508 = DIRECTION('',(-1.,-2.22044604925E-16,0.));
#14509 = PCURVE('',#9366,#14510);
#14510 = DEFINITIONAL_REPRESENTATION('',(#14511),#14515);
#14511 = LINE('',#14512,#14513);
#14512 = CARTESIAN_POINT('',(2.72151091752,23.329504121099));
#14513 = VECTOR('',#14514,1.);
#14514 = DIRECTION('',(0.,-1.));
#14515 = ( GEOMETRIC_REPRESENTATION_CONTEXT(2) 
PARAMETRIC_REPRESENTATION_CONTEXT() REPRESENTATION_CONTEXT('2D SPACE',''
  ) );
#14516 = PCURVE('',#9394,#14517);
#14517 = DEFINITIONAL_REPRESENTATION('',(#14518),#14522);
#14518 = LINE('',#14519,#14520);
#14519 = CARTESIAN_POINT('',(-0.232418772319,0.));
#14520 = VECTOR('',#14521,1.);
#14521 = DIRECTION('',(0.,-1.));
#14522 = ( GEOMETRIC_REPRESENTATION_CONTEXT(2) 
PARAMETRIC_REPRESENTATION_CONTEXT() REPRESENTATION_CONTEXT('2D SPACE',''
  ) );
#14523 = ADVANCED_FACE('',(#14524),#9394,.F.);
#14524 = FACE_BOUND('',#14525,.T.);
#14525 = EDGE_LOOP('',(#14526,#14547,#14548,#14549));
#14526 = ORIENTED_EDGE('',*,*,#14527,.T.);
#14527 = EDGE_CURVE('',#10097,#9379,#14528,.T.);
#14528 = SURFACE_CURVE('',#14529,(#14533,#14540),.PCURVE_S1.);
#14529 = LINE('',#14530,#14531);
#14530 = CARTESIAN_POINT('',(17.716040468236,-9.496413861113,
    15.426953558486));
#14531 = VECTOR('',#14532,1.);
#14532 = DIRECTION('',(-1.,-2.22044604925E-16,0.));
#14533 = PCURVE('',#9394,#14534);
#14534 = DEFINITIONAL_REPRESENTATION('',(#14535),#14539);
#14535 = LINE('',#14536,#14537);
#14536 = CARTESIAN_POINT('',(0.,0.));
#14537 = VECTOR('',#14538,1.);
#14538 = DIRECTION('',(0.,-1.));
#14539 = ( GEOMETRIC_REPRESENTATION_CONTEXT(2) 
PARAMETRIC_REPRESENTATION_CONTEXT() REPRESENTATION_CONTEXT('2D SPACE',''
  ) );
#14540 = PCURVE('',#9422,#14541);
#14541 = DEFINITIONAL_REPRESENTATION('',(#14542),#14546);
#14542 = LINE('',#14543,#14544);
#14543 = CARTESIAN_POINT('',(-0.328588593054,0.));
#14544 = VECTOR('',#14545,1.);
#14545 = DIRECTION('',(0.,-1.));
#14546 = ( GEOMETRIC_REPRESENTATION_CONTEXT(2) 
PARAMETRIC_REPRESENTATION_CONTEXT() REPRESENTATION_CONTEXT('2D SPACE',''
  ) );
#14547 = ORIENTED_EDGE('',*,*,#9378,.T.);
#14548 = ORIENTED_EDGE('',*,*,#14503,.F.);
#14549 = ORIENTED_EDGE('',*,*,#10119,.F.);
#14550 = ADVANCED_FACE('',(#14551),#9422,.F.);
#14551 = FACE_BOUND('',#14552,.T.);
#14552 = EDGE_LOOP('',(#14553,#14574,#14575,#14576));
#14553 = ORIENTED_EDGE('',*,*,#14554,.T.);
#14554 = EDGE_CURVE('',#10074,#9407,#14555,.T.);
#14555 = SURFACE_CURVE('',#14556,(#14560,#14567),.PCURVE_S1.);
#14556 = LINE('',#14557,#14558);
#14557 = CARTESIAN_POINT('',(17.716040468236,-9.621204823817,
    15.730923423953));
#14558 = VECTOR('',#14559,1.);
#14559 = DIRECTION('',(-1.,-2.22044604925E-16,0.));
#14560 = PCURVE('',#9422,#14561);
#14561 = DEFINITIONAL_REPRESENTATION('',(#14562),#14566);
#14562 = LINE('',#14563,#14564);
#14563 = CARTESIAN_POINT('',(0.,0.));
#14564 = VECTOR('',#14565,1.);
#14565 = DIRECTION('',(0.,-1.));
#14566 = ( GEOMETRIC_REPRESENTATION_CONTEXT(2) 
PARAMETRIC_REPRESENTATION_CONTEXT() REPRESENTATION_CONTEXT('2D SPACE',''
  ) );
#14567 = PCURVE('',#9450,#14568);
#14568 = DEFINITIONAL_REPRESENTATION('',(#14569),#14573);
#14569 = LINE('',#14570,#14571);
#14570 = CARTESIAN_POINT('',(3.102723778783,23.329504121099));
#14571 = VECTOR('',#14572,1.);
#14572 = DIRECTION('',(0.,-1.));
#14573 = ( GEOMETRIC_REPRESENTATION_CONTEXT(2) 
PARAMETRIC_REPRESENTATION_CONTEXT() REPRESENTATION_CONTEXT('2D SPACE',''
  ) );
#14574 = ORIENTED_EDGE('',*,*,#9406,.T.);
#14575 = ORIENTED_EDGE('',*,*,#14527,.F.);
#14576 = ORIENTED_EDGE('',*,*,#10096,.F.);
#14577 = ADVANCED_FACE('',(#14578),#9450,.F.);
#14578 = FACE_BOUND('',#14579,.T.);
#14579 = EDGE_LOOP('',(#14580,#14581,#14582,#14603));
#14580 = ORIENTED_EDGE('',*,*,#14554,.F.);
#14581 = ORIENTED_EDGE('',*,*,#10073,.T.);
#14582 = ORIENTED_EDGE('',*,*,#14583,.T.);
#14583 = EDGE_CURVE('',#10051,#9435,#14584,.T.);
#14584 = SURFACE_CURVE('',#14585,(#14589,#14596),.PCURVE_S1.);
#14585 = LINE('',#14586,#14587);
#14586 = CARTESIAN_POINT('',(-5.613463652863,-9.559744922926,
    15.960552898509));
#14587 = VECTOR('',#14588,1.);
#14588 = DIRECTION('',(-1.,-2.22044604925E-16,0.));
#14589 = PCURVE('',#9450,#14590);
#14590 = DEFINITIONAL_REPRESENTATION('',(#14591),#14595);
#14591 = LINE('',#14592,#14593);
#14592 = CARTESIAN_POINT('',(3.340435820974,0.));
#14593 = VECTOR('',#14594,1.);
#14594 = DIRECTION('',(0.,-1.));
#14595 = ( GEOMETRIC_REPRESENTATION_CONTEXT(2) 
PARAMETRIC_REPRESENTATION_CONTEXT() REPRESENTATION_CONTEXT('2D SPACE',''
  ) );
#14596 = PCURVE('',#9478,#14597);
#14597 = DEFINITIONAL_REPRESENTATION('',(#14598),#14602);
#14598 = LINE('',#14599,#14600);
#14599 = CARTESIAN_POINT('',(0.,0.));
#14600 = VECTOR('',#14601,1.);
#14601 = DIRECTION('',(-0.,-1.));
#14602 = ( GEOMETRIC_REPRESENTATION_CONTEXT(2) 
PARAMETRIC_REPRESENTATION_CONTEXT() REPRESENTATION_CONTEXT('2D SPACE',''
  ) );
#14603 = ORIENTED_EDGE('',*,*,#9434,.F.);
#14604 = ADVANCED_FACE('',(#14605),#9478,.F.);
#14605 = FACE_BOUND('',#14606,.T.);
#14606 = EDGE_LOOP('',(#14607,#14608,#14609,#14610));
#14607 = ORIENTED_EDGE('',*,*,#9462,.F.);
#14608 = ORIENTED_EDGE('',*,*,#14583,.F.);
#14609 = ORIENTED_EDGE('',*,*,#10050,.T.);
#14610 = ORIENTED_EDGE('',*,*,#14611,.T.);
#14611 = EDGE_CURVE('',#10028,#9463,#14612,.T.);
#14612 = SURFACE_CURVE('',#14613,(#14617,#14624),.PCURVE_S1.);
#14613 = LINE('',#14614,#14615);
#14614 = CARTESIAN_POINT('',(-5.613463652863,-8.787970572718,
    15.960552898509));
#14615 = VECTOR('',#14616,1.);
#14616 = DIRECTION('',(-1.,-2.22044604925E-16,0.));
#14617 = PCURVE('',#9478,#14618);
#14618 = DEFINITIONAL_REPRESENTATION('',(#14619),#14623);
#14619 = LINE('',#14620,#14621);
#14620 = CARTESIAN_POINT('',(0.771774350208,0.));
#14621 = VECTOR('',#14622,1.);
#14622 = DIRECTION('',(-0.,-1.));
#14623 = ( GEOMETRIC_REPRESENTATION_CONTEXT(2) 
PARAMETRIC_REPRESENTATION_CONTEXT() REPRESENTATION_CONTEXT('2D SPACE',''
  ) );
#14624 = PCURVE('',#9506,#14625);
#14625 = DEFINITIONAL_REPRESENTATION('',(#14626),#14630);
#14626 = LINE('',#14627,#14628);
#14627 = CARTESIAN_POINT('',(0.,0.));
#14628 = VECTOR('',#14629,1.);
#14629 = DIRECTION('',(0.,-1.));
#14630 = ( GEOMETRIC_REPRESENTATION_CONTEXT(2) 
PARAMETRIC_REPRESENTATION_CONTEXT() REPRESENTATION_CONTEXT('2D SPACE',''
  ) );
#14631 = ADVANCED_FACE('',(#14632),#9506,.F.);
#14632 = FACE_BOUND('',#14633,.T.);
#14633 = EDGE_LOOP('',(#14634,#14635,#14636,#14637));
#14634 = ORIENTED_EDGE('',*,*,#9490,.F.);
#14635 = ORIENTED_EDGE('',*,*,#14611,.F.);
#14636 = ORIENTED_EDGE('',*,*,#10027,.T.);
#14637 = ORIENTED_EDGE('',*,*,#14638,.T.);
#14638 = EDGE_CURVE('',#10000,#9491,#14639,.T.);
#14639 = SURFACE_CURVE('',#14640,(#14644,#14651),.PCURVE_S1.);
#14640 = LINE('',#14641,#14642);
#14641 = CARTESIAN_POINT('',(-5.613463652863,-9.592648852884,
    12.954074723632));
#14642 = VECTOR('',#14643,1.);
#14643 = DIRECTION('',(-1.,-2.22044604925E-16,0.));
#14644 = PCURVE('',#9506,#14645);
#14645 = DEFINITIONAL_REPRESENTATION('',(#14646),#14650);
#14646 = LINE('',#14647,#14648);
#14647 = CARTESIAN_POINT('',(3.112301102172,0.));
#14648 = VECTOR('',#14649,1.);
#14649 = DIRECTION('',(0.,-1.));
#14650 = ( GEOMETRIC_REPRESENTATION_CONTEXT(2) 
PARAMETRIC_REPRESENTATION_CONTEXT() REPRESENTATION_CONTEXT('2D SPACE',''
  ) );
#14651 = PCURVE('',#9539,#14652);
#14652 = DEFINITIONAL_REPRESENTATION('',(#14653),#14657);
#14653 = LINE('',#14654,#14655);
#14654 = CARTESIAN_POINT('',(4.973907457803,0.));
#14655 = VECTOR('',#14656,1.);
#14656 = DIRECTION('',(0.,1.));
#14657 = ( GEOMETRIC_REPRESENTATION_CONTEXT(2) 
PARAMETRIC_REPRESENTATION_CONTEXT() REPRESENTATION_CONTEXT('2D SPACE',''
  ) );
#14658 = ADVANCED_FACE('',(#14659),#9539,.F.);
#14659 = FACE_BOUND('',#14660,.F.);
#14660 = EDGE_LOOP('',(#14661,#14682,#14683,#14684));
#14661 = ORIENTED_EDGE('',*,*,#14662,.F.);
#14662 = EDGE_CURVE('',#9977,#9519,#14663,.T.);
#14663 = SURFACE_CURVE('',#14664,(#14668,#14675),.PCURVE_S1.);
#14664 = LINE('',#14665,#14666);
#14665 = CARTESIAN_POINT('',(-5.613463652863,-9.599891043983,
    11.585560691663));
#14666 = VECTOR('',#14667,1.);
#14667 = DIRECTION('',(-1.,-2.22044604925E-16,0.));
#14668 = PCURVE('',#9539,#14669);
#14669 = DEFINITIONAL_REPRESENTATION('',(#14670),#14674);
#14670 = LINE('',#14671,#14672);
#14671 = CARTESIAN_POINT('',(4.461454425855,0.));
#14672 = VECTOR('',#14673,1.);
#14673 = DIRECTION('',(0.,1.));
#14674 = ( GEOMETRIC_REPRESENTATION_CONTEXT(2) 
PARAMETRIC_REPRESENTATION_CONTEXT() REPRESENTATION_CONTEXT('2D SPACE',''
  ) );
#14675 = PCURVE('',#9567,#14676);
#14676 = DEFINITIONAL_REPRESENTATION('',(#14677),#14681);
#14677 = LINE('',#14678,#14679);
#14678 = CARTESIAN_POINT('',(0.,0.));
#14679 = VECTOR('',#14680,1.);
#14680 = DIRECTION('',(-0.,-1.));
#14681 = ( GEOMETRIC_REPRESENTATION_CONTEXT(2) 
PARAMETRIC_REPRESENTATION_CONTEXT() REPRESENTATION_CONTEXT('2D SPACE',''
  ) );
#14682 = ORIENTED_EDGE('',*,*,#9999,.F.);
#14683 = ORIENTED_EDGE('',*,*,#14638,.T.);
#14684 = ORIENTED_EDGE('',*,*,#9518,.T.);
#14685 = ADVANCED_FACE('',(#14686),#9567,.F.);
#14686 = FACE_BOUND('',#14687,.T.);
#14687 = EDGE_LOOP('',(#14688,#14689,#14690,#14691));
#14688 = ORIENTED_EDGE('',*,*,#9551,.F.);
#14689 = ORIENTED_EDGE('',*,*,#14662,.F.);
#14690 = ORIENTED_EDGE('',*,*,#9976,.T.);
#14691 = ORIENTED_EDGE('',*,*,#9740,.T.);
#14692 = ADVANCED_FACE('',(#14693),#9641,.F.);
#14693 = FACE_BOUND('',#14694,.T.);
#14694 = EDGE_LOOP('',(#14695,#14696,#14697,#14698));
#14695 = ORIENTED_EDGE('',*,*,#9625,.F.);
#14696 = ORIENTED_EDGE('',*,*,#14105,.F.);
#14697 = ORIENTED_EDGE('',*,*,#9906,.T.);
#14698 = ORIENTED_EDGE('',*,*,#14699,.T.);
#14699 = EDGE_CURVE('',#9883,#9626,#14700,.T.);
#14700 = SURFACE_CURVE('',#14701,(#14705,#14712),.PCURVE_S1.);
#14701 = LINE('',#14702,#14703);
#14702 = CARTESIAN_POINT('',(-5.613463652863,-10.40989041079,
    11.288866089054));
#14703 = VECTOR('',#14704,1.);
#14704 = DIRECTION('',(-1.,-2.22044604925E-16,0.));
#14705 = PCURVE('',#9641,#14706);
#14706 = DEFINITIONAL_REPRESENTATION('',(#14707),#14711);
#14707 = LINE('',#14708,#14709);
#14708 = CARTESIAN_POINT('',(4.076380556041,0.));
#14709 = VECTOR('',#14710,1.);
#14710 = DIRECTION('',(0.,-1.));
#14711 = ( GEOMETRIC_REPRESENTATION_CONTEXT(2) 
PARAMETRIC_REPRESENTATION_CONTEXT() REPRESENTATION_CONTEXT('2D SPACE',''
  ) );
#14712 = PCURVE('',#9670,#14713);
#14713 = DEFINITIONAL_REPRESENTATION('',(#14714),#14718);
#14714 = LINE('',#14715,#14716);
#14715 = CARTESIAN_POINT('',(4.432160902334,0.));
#14716 = VECTOR('',#14717,1.);
#14717 = DIRECTION('',(0.,1.));
#14718 = ( GEOMETRIC_REPRESENTATION_CONTEXT(2) 
PARAMETRIC_REPRESENTATION_CONTEXT() REPRESENTATION_CONTEXT('2D SPACE',''
  ) );
#14719 = ADVANCED_FACE('',(#14720),#9670,.T.);
#14720 = FACE_BOUND('',#14721,.T.);
#14721 = EDGE_LOOP('',(#14722,#14723,#14724,#14725));
#14722 = ORIENTED_EDGE('',*,*,#9653,.F.);
#14723 = ORIENTED_EDGE('',*,*,#14699,.F.);
#14724 = ORIENTED_EDGE('',*,*,#9882,.T.);
#14725 = ORIENTED_EDGE('',*,*,#14726,.T.);
#14726 = EDGE_CURVE('',#9860,#9654,#14727,.T.);
#14727 = SURFACE_CURVE('',#14728,(#14732,#14739),.PCURVE_S1.);
#14728 = LINE('',#14729,#14730);
#14729 = CARTESIAN_POINT('',(-5.613463652863,-10.42340690908,
    12.733696929039));
#14730 = VECTOR('',#14731,1.);
#14731 = DIRECTION('',(-1.,-2.22044604925E-16,0.));
#14732 = PCURVE('',#9670,#14733);
#14733 = DEFINITIONAL_REPRESENTATION('',(#14734),#14738);
#14734 = LINE('',#14735,#14736);
#14735 = CARTESIAN_POINT('',(4.973907457803,0.));
#14736 = VECTOR('',#14737,1.);
#14737 = DIRECTION('',(0.,1.));
#14738 = ( GEOMETRIC_REPRESENTATION_CONTEXT(2) 
PARAMETRIC_REPRESENTATION_CONTEXT() REPRESENTATION_CONTEXT('2D SPACE',''
  ) );
#14739 = PCURVE('',#9698,#14740);
#14740 = DEFINITIONAL_REPRESENTATION('',(#14741),#14745);
#14741 = LINE('',#14742,#14743);
#14742 = CARTESIAN_POINT('',(0.,0.));
#14743 = VECTOR('',#14744,1.);
#14744 = DIRECTION('',(0.,-1.));
#14745 = ( GEOMETRIC_REPRESENTATION_CONTEXT(2) 
PARAMETRIC_REPRESENTATION_CONTEXT() REPRESENTATION_CONTEXT('2D SPACE',''
  ) );
#14746 = ADVANCED_FACE('',(#14747),#9698,.F.);
#14747 = FACE_BOUND('',#14748,.T.);
#14748 = EDGE_LOOP('',(#14749,#14750,#14771,#14772));
#14749 = ORIENTED_EDGE('',*,*,#9859,.T.);
#14750 = ORIENTED_EDGE('',*,*,#14751,.T.);
#14751 = EDGE_CURVE('',#9837,#9683,#14752,.T.);
#14752 = SURFACE_CURVE('',#14753,(#14757,#14764),.PCURVE_S1.);
#14753 = LINE('',#14754,#14755);
#14754 = CARTESIAN_POINT('',(-5.613463652863,-10.24695758792,
    13.392955475094));
#14755 = VECTOR('',#14756,1.);
#14756 = DIRECTION('',(-1.,-2.22044604925E-16,0.));
#14757 = PCURVE('',#9698,#14758);
#14758 = DEFINITIONAL_REPRESENTATION('',(#14759),#14763);
#14759 = LINE('',#14760,#14761);
#14760 = CARTESIAN_POINT('',(0.682463327574,0.));
#14761 = VECTOR('',#14762,1.);
#14762 = DIRECTION('',(0.,-1.));
#14763 = ( GEOMETRIC_REPRESENTATION_CONTEXT(2) 
PARAMETRIC_REPRESENTATION_CONTEXT() REPRESENTATION_CONTEXT('2D SPACE',''
  ) );
#14764 = PCURVE('',#9724,#14765);
#14765 = DEFINITIONAL_REPRESENTATION('',(#14766),#14770);
#14766 = LINE('',#14767,#14768);
#14767 = CARTESIAN_POINT('',(-0.147311011893,-23.32950412109));
#14768 = VECTOR('',#14769,1.);
#14769 = DIRECTION('',(0.,-1.));
#14770 = ( GEOMETRIC_REPRESENTATION_CONTEXT(2) 
PARAMETRIC_REPRESENTATION_CONTEXT() REPRESENTATION_CONTEXT('2D SPACE',''
  ) );
#14771 = ORIENTED_EDGE('',*,*,#9682,.F.);
#14772 = ORIENTED_EDGE('',*,*,#14726,.F.);
#14773 = ADVANCED_FACE('',(#14774),#9724,.F.);
#14774 = FACE_BOUND('',#14775,.T.);
#14775 = EDGE_LOOP('',(#14776,#14777,#14778,#14779));
#14776 = ORIENTED_EDGE('',*,*,#14751,.F.);
#14777 = ORIENTED_EDGE('',*,*,#9836,.F.);
#14778 = ORIENTED_EDGE('',*,*,#14151,.T.);
#14779 = ORIENTED_EDGE('',*,*,#9710,.T.);
#14780 = ADVANCED_FACE('',(#14781),#10437,.F.);
#14781 = FACE_BOUND('',#14782,.T.);
#14782 = EDGE_LOOP('',(#14783,#14784,#14805,#14806));
#14783 = ORIENTED_EDGE('',*,*,#11301,.T.);
#14784 = ORIENTED_EDGE('',*,*,#14785,.T.);
#14785 = EDGE_CURVE('',#11277,#10422,#14786,.T.);
#14786 = SURFACE_CURVE('',#14787,(#14791,#14798),.PCURVE_S1.);
#14787 = LINE('',#14788,#14789);
#14788 = CARTESIAN_POINT('',(5.613463652863,-10.24695758792,
    13.392955475094));
#14789 = VECTOR('',#14790,1.);
#14790 = DIRECTION('',(-1.,-2.22044604925E-16,0.));
#14791 = PCURVE('',#10437,#14792);
#14792 = DEFINITIONAL_REPRESENTATION('',(#14793),#14797);
#14793 = LINE('',#14794,#14795);
#14794 = CARTESIAN_POINT('',(0.682463327574,0.));
#14795 = VECTOR('',#14796,1.);
#14796 = DIRECTION('',(0.,-1.));
#14797 = ( GEOMETRIC_REPRESENTATION_CONTEXT(2) 
PARAMETRIC_REPRESENTATION_CONTEXT() REPRESENTATION_CONTEXT('2D SPACE',''
  ) );
#14798 = PCURVE('',#10465,#14799);
#14799 = DEFINITIONAL_REPRESENTATION('',(#14800),#14804);
#14800 = LINE('',#14801,#14802);
#14801 = CARTESIAN_POINT('',(-0.147311011893,-12.10257681537));
#14802 = VECTOR('',#14803,1.);
#14803 = DIRECTION('',(0.,-1.));
#14804 = ( GEOMETRIC_REPRESENTATION_CONTEXT(2) 
PARAMETRIC_REPRESENTATION_CONTEXT() REPRESENTATION_CONTEXT('2D SPACE',''
  ) );
#14805 = ORIENTED_EDGE('',*,*,#10419,.F.);
#14806 = ORIENTED_EDGE('',*,*,#14807,.T.);
#14807 = EDGE_CURVE('',#10420,#11302,#14808,.T.);
#14808 = SURFACE_CURVE('',#14809,(#14813,#14820),.PCURVE_S1.);
#14809 = LINE('',#14810,#14811);
#14810 = CARTESIAN_POINT('',(5.613463652863,-10.42340690908,
    12.733696929039));
#14811 = VECTOR('',#14812,1.);
#14812 = DIRECTION('',(1.,2.22044604925E-16,0.));
#14813 = PCURVE('',#10437,#14814);
#14814 = DEFINITIONAL_REPRESENTATION('',(#14815),#14819);
#14815 = LINE('',#14816,#14817);
#14816 = CARTESIAN_POINT('',(0.,0.));
#14817 = VECTOR('',#14818,1.);
#14818 = DIRECTION('',(0.,1.));
#14819 = ( GEOMETRIC_REPRESENTATION_CONTEXT(2) 
PARAMETRIC_REPRESENTATION_CONTEXT() REPRESENTATION_CONTEXT('2D SPACE',''
  ) );
#14820 = PCURVE('',#11212,#14821);
#14821 = DEFINITIONAL_REPRESENTATION('',(#14822),#14826);
#14822 = LINE('',#14823,#14824);
#14823 = CARTESIAN_POINT('',(1.309277849377,0.));
#14824 = VECTOR('',#14825,1.);
#14825 = DIRECTION('',(0.,1.));
#14826 = ( GEOMETRIC_REPRESENTATION_CONTEXT(2) 
PARAMETRIC_REPRESENTATION_CONTEXT() REPRESENTATION_CONTEXT('2D SPACE',''
  ) );
#14827 = ADVANCED_FACE('',(#14828),#10465,.F.);
#14828 = FACE_BOUND('',#14829,.T.);
#14829 = EDGE_LOOP('',(#14830,#14831,#14832,#14853));
#14830 = ORIENTED_EDGE('',*,*,#14785,.F.);
#14831 = ORIENTED_EDGE('',*,*,#11276,.T.);
#14832 = ORIENTED_EDGE('',*,*,#14833,.T.);
#14833 = EDGE_CURVE('',#11279,#10450,#14834,.T.);
#14834 = SURFACE_CURVE('',#14835,(#14839,#14846),.PCURVE_S1.);
#14835 = LINE('',#14836,#14837);
#14836 = CARTESIAN_POINT('',(17.716040468236,-10.10539282761,
    13.433697994201));
#14837 = VECTOR('',#14838,1.);
#14838 = DIRECTION('',(-1.,-2.22044604925E-16,0.));
#14839 = PCURVE('',#10465,#14840);
#14840 = DEFINITIONAL_REPRESENTATION('',(#14841),#14845);
#14841 = LINE('',#14842,#14843);
#14842 = CARTESIAN_POINT('',(0.,0.));
#14843 = VECTOR('',#14844,1.);
#14844 = DIRECTION('',(0.,-1.));
#14845 = ( GEOMETRIC_REPRESENTATION_CONTEXT(2) 
PARAMETRIC_REPRESENTATION_CONTEXT() REPRESENTATION_CONTEXT('2D SPACE',''
  ) );
#14846 = PCURVE('',#10493,#14847);
#14847 = DEFINITIONAL_REPRESENTATION('',(#14848),#14852);
#14848 = LINE('',#14849,#14850);
#14849 = CARTESIAN_POINT('',(-0.328588593054,0.));
#14850 = VECTOR('',#14851,1.);
#14851 = DIRECTION('',(0.,-1.));
#14852 = ( GEOMETRIC_REPRESENTATION_CONTEXT(2) 
PARAMETRIC_REPRESENTATION_CONTEXT() REPRESENTATION_CONTEXT('2D SPACE',''
  ) );
#14853 = ORIENTED_EDGE('',*,*,#10449,.F.);
#14854 = ADVANCED_FACE('',(#14855),#10493,.F.);
#14855 = FACE_BOUND('',#14856,.T.);
#14856 = EDGE_LOOP('',(#14857,#14878,#14879,#14880));
#14857 = ORIENTED_EDGE('',*,*,#14858,.F.);
#14858 = EDGE_CURVE('',#10478,#11861,#14859,.T.);
#14859 = SURFACE_CURVE('',#14860,(#14864,#14871),.PCURVE_S1.);
#14860 = LINE('',#14861,#14862);
#14861 = CARTESIAN_POINT('',(5.613463652863,-10.18448748425,
    13.6263593185));
#14862 = VECTOR('',#14863,1.);
#14863 = DIRECTION('',(1.,2.22044604925E-16,0.));
#14864 = PCURVE('',#10493,#14865);
#14865 = DEFINITIONAL_REPRESENTATION('',(#14866),#14870);
#14866 = LINE('',#14867,#14868);
#14867 = CARTESIAN_POINT('',(-0.12032349615,-12.10257681537));
#14868 = VECTOR('',#14869,1.);
#14869 = DIRECTION('',(0.,1.));
#14870 = ( GEOMETRIC_REPRESENTATION_CONTEXT(2) 
PARAMETRIC_REPRESENTATION_CONTEXT() REPRESENTATION_CONTEXT('2D SPACE',''
  ) );
#14871 = PCURVE('',#10521,#14872);
#14872 = DEFINITIONAL_REPRESENTATION('',(#14873),#14877);
#14873 = LINE('',#14874,#14875);
#14874 = CARTESIAN_POINT('',(0.92408258999,0.));
#14875 = VECTOR('',#14876,1.);
#14876 = DIRECTION('',(0.,1.));
#14877 = ( GEOMETRIC_REPRESENTATION_CONTEXT(2) 
PARAMETRIC_REPRESENTATION_CONTEXT() REPRESENTATION_CONTEXT('2D SPACE',''
  ) );
#14878 = ORIENTED_EDGE('',*,*,#10477,.F.);
#14879 = ORIENTED_EDGE('',*,*,#14833,.F.);
#14880 = ORIENTED_EDGE('',*,*,#11883,.T.);
#14881 = ADVANCED_FACE('',(#14882),#10521,.F.);
#14882 = FACE_BOUND('',#14883,.T.);
#14883 = EDGE_LOOP('',(#14884,#14885,#14886,#14887));
#14884 = ORIENTED_EDGE('',*,*,#10505,.F.);
#14885 = ORIENTED_EDGE('',*,*,#14858,.T.);
#14886 = ORIENTED_EDGE('',*,*,#11860,.T.);
#14887 = ORIENTED_EDGE('',*,*,#14888,.T.);
#14888 = EDGE_CURVE('',#11838,#10506,#14889,.T.);
#14889 = SURFACE_CURVE('',#14890,(#14894,#14901),.PCURVE_S1.);
#14890 = LINE('',#14891,#14892);
#14891 = CARTESIAN_POINT('',(5.613463652863,-10.14151937652,
    13.786898854958));
#14892 = VECTOR('',#14893,1.);
#14893 = DIRECTION('',(-1.,-2.22044604925E-16,0.));
#14894 = PCURVE('',#10521,#14895);
#14895 = DEFINITIONAL_REPRESENTATION('',(#14896),#14900);
#14896 = LINE('',#14897,#14898);
#14897 = CARTESIAN_POINT('',(1.090272845563,0.));
#14898 = VECTOR('',#14899,1.);
#14899 = DIRECTION('',(0.,-1.));
#14900 = ( GEOMETRIC_REPRESENTATION_CONTEXT(2) 
PARAMETRIC_REPRESENTATION_CONTEXT() REPRESENTATION_CONTEXT('2D SPACE',''
  ) );
#14901 = PCURVE('',#10549,#14902);
#14902 = DEFINITIONAL_REPRESENTATION('',(#14903),#14907);
#14903 = LINE('',#14904,#14905);
#14904 = CARTESIAN_POINT('',(-0.164332563978,-12.10257681537));
#14905 = VECTOR('',#14906,1.);
#14906 = DIRECTION('',(0.,-1.));
#14907 = ( GEOMETRIC_REPRESENTATION_CONTEXT(2) 
PARAMETRIC_REPRESENTATION_CONTEXT() REPRESENTATION_CONTEXT('2D SPACE',''
  ) );
#14908 = ADVANCED_FACE('',(#14909),#10549,.F.);
#14909 = FACE_BOUND('',#14910,.T.);
#14910 = EDGE_LOOP('',(#14911,#14912,#14913,#14934));
#14911 = ORIENTED_EDGE('',*,*,#14888,.F.);
#14912 = ORIENTED_EDGE('',*,*,#11837,.T.);
#14913 = ORIENTED_EDGE('',*,*,#14914,.T.);
#14914 = EDGE_CURVE('',#11815,#10534,#14915,.T.);
#14915 = SURFACE_CURVE('',#14916,(#14920,#14927),.PCURVE_S1.);
#14916 = LINE('',#14917,#14918);
#14917 = CARTESIAN_POINT('',(17.716040468236,-9.983597034318,
    13.832349107058));
#14918 = VECTOR('',#14919,1.);
#14919 = DIRECTION('',(-1.,-2.22044604925E-16,0.));
#14920 = PCURVE('',#10549,#14921);
#14921 = DEFINITIONAL_REPRESENTATION('',(#14922),#14926);
#14922 = LINE('',#14923,#14924);
#14923 = CARTESIAN_POINT('',(0.,0.));
#14924 = VECTOR('',#14925,1.);
#14925 = DIRECTION('',(0.,-1.));
#14926 = ( GEOMETRIC_REPRESENTATION_CONTEXT(2) 
PARAMETRIC_REPRESENTATION_CONTEXT() REPRESENTATION_CONTEXT('2D SPACE',''
  ) );
#14927 = PCURVE('',#10577,#14928);
#14928 = DEFINITIONAL_REPRESENTATION('',(#14929),#14933);
#14929 = LINE('',#14930,#14931);
#14930 = CARTESIAN_POINT('',(-0.328588593054,0.));
#14931 = VECTOR('',#14932,1.);
#14932 = DIRECTION('',(0.,-1.));
#14933 = ( GEOMETRIC_REPRESENTATION_CONTEXT(2) 
PARAMETRIC_REPRESENTATION_CONTEXT() REPRESENTATION_CONTEXT('2D SPACE',''
  ) );
#14934 = ORIENTED_EDGE('',*,*,#10533,.F.);
#14935 = ADVANCED_FACE('',(#14936),#10577,.F.);
#14936 = FACE_BOUND('',#14937,.T.);
#14937 = EDGE_LOOP('',(#14938,#14959,#14960,#14961));
#14938 = ORIENTED_EDGE('',*,*,#14939,.F.);
#14939 = EDGE_CURVE('',#10562,#11792,#14940,.T.);
#14940 = SURFACE_CURVE('',#14941,(#14945,#14952),.PCURVE_S1.);
#14941 = LINE('',#14942,#14943);
#14942 = CARTESIAN_POINT('',(5.613463652863,-10.07183095216,
    14.047272139591));
#14943 = VECTOR('',#14944,1.);
#14944 = DIRECTION('',(1.,2.22044604925E-16,0.));
#14945 = PCURVE('',#10577,#14946);
#14946 = DEFINITIONAL_REPRESENTATION('',(#14947),#14951);
#14947 = LINE('',#14948,#14949);
#14948 = CARTESIAN_POINT('',(-9.625879692012E-02,-12.10257681537));
#14949 = VECTOR('',#14950,1.);
#14950 = DIRECTION('',(0.,1.));
#14951 = ( GEOMETRIC_REPRESENTATION_CONTEXT(2) 
PARAMETRIC_REPRESENTATION_CONTEXT() REPRESENTATION_CONTEXT('2D SPACE',''
  ) );
#14952 = PCURVE('',#10605,#14953);
#14953 = DEFINITIONAL_REPRESENTATION('',(#14954),#14958);
#14954 = LINE('',#14955,#14956);
#14955 = CARTESIAN_POINT('',(1.359810827748,0.));
#14956 = VECTOR('',#14957,1.);
#14957 = DIRECTION('',(0.,1.));
#14958 = ( GEOMETRIC_REPRESENTATION_CONTEXT(2) 
PARAMETRIC_REPRESENTATION_CONTEXT() REPRESENTATION_CONTEXT('2D SPACE',''
  ) );
#14959 = ORIENTED_EDGE('',*,*,#10561,.F.);
#14960 = ORIENTED_EDGE('',*,*,#14914,.F.);
#14961 = ORIENTED_EDGE('',*,*,#11814,.T.);
#14962 = ADVANCED_FACE('',(#14963),#10605,.F.);
#14963 = FACE_BOUND('',#14964,.T.);
#14964 = EDGE_LOOP('',(#14965,#14966,#14967,#14968));
#14965 = ORIENTED_EDGE('',*,*,#10589,.F.);
#14966 = ORIENTED_EDGE('',*,*,#14939,.T.);
#14967 = ORIENTED_EDGE('',*,*,#11791,.T.);
#14968 = ORIENTED_EDGE('',*,*,#14969,.T.);
#14969 = EDGE_CURVE('',#11769,#10590,#14970,.T.);
#14970 = SURFACE_CURVE('',#14971,(#14975,#14982),.PCURVE_S1.);
#14971 = LINE('',#14972,#14973);
#14972 = CARTESIAN_POINT('',(5.613463652863,-10.03608116511,
    14.180842234821));
#14973 = VECTOR('',#14974,1.);
#14974 = DIRECTION('',(-1.,-2.22044604925E-16,0.));
#14975 = PCURVE('',#10605,#14976);
#14976 = DEFINITIONAL_REPRESENTATION('',(#14977),#14981);
#14977 = LINE('',#14978,#14979);
#14978 = CARTESIAN_POINT('',(1.498082363553,0.));
#14979 = VECTOR('',#14980,1.);
#14980 = DIRECTION('',(0.,-1.));
#14981 = ( GEOMETRIC_REPRESENTATION_CONTEXT(2) 
PARAMETRIC_REPRESENTATION_CONTEXT() REPRESENTATION_CONTEXT('2D SPACE',''
  ) );
#14982 = PCURVE('',#10633,#14983);
#14983 = DEFINITIONAL_REPRESENTATION('',(#14984),#14988);
#14984 = LINE('',#14985,#14986);
#14985 = CARTESIAN_POINT('',(-0.181354116063,-12.10257681537));
#14986 = VECTOR('',#14987,1.);
#14987 = DIRECTION('',(0.,-1.));
#14988 = ( GEOMETRIC_REPRESENTATION_CONTEXT(2) 
PARAMETRIC_REPRESENTATION_CONTEXT() REPRESENTATION_CONTEXT('2D SPACE',''
  ) );
#14989 = ADVANCED_FACE('',(#14990),#10633,.F.);
#14990 = FACE_BOUND('',#14991,.T.);
#14991 = EDGE_LOOP('',(#14992,#14993,#14994,#15015));
#14992 = ORIENTED_EDGE('',*,*,#14969,.F.);
#14993 = ORIENTED_EDGE('',*,*,#11768,.T.);
#14994 = ORIENTED_EDGE('',*,*,#14995,.T.);
#14995 = EDGE_CURVE('',#11746,#10618,#14996,.T.);
#14996 = SURFACE_CURVE('',#14997,(#15001,#15008),.PCURVE_S1.);
#14997 = LINE('',#14998,#14999);
#14998 = CARTESIAN_POINT('',(17.716040468236,-9.861801241016,
    14.231000219915));
#14999 = VECTOR('',#15000,1.);
#15000 = DIRECTION('',(-1.,-2.22044604925E-16,0.));
#15001 = PCURVE('',#10633,#15002);
#15002 = DEFINITIONAL_REPRESENTATION('',(#15003),#15007);
#15003 = LINE('',#15004,#15005);
#15004 = CARTESIAN_POINT('',(0.,0.));
#15005 = VECTOR('',#15006,1.);
#15006 = DIRECTION('',(0.,-1.));
#15007 = ( GEOMETRIC_REPRESENTATION_CONTEXT(2) 
PARAMETRIC_REPRESENTATION_CONTEXT() REPRESENTATION_CONTEXT('2D SPACE',''
  ) );
#15008 = PCURVE('',#10661,#15009);
#15009 = DEFINITIONAL_REPRESENTATION('',(#15010),#15014);
#15010 = LINE('',#15011,#15012);
#15011 = CARTESIAN_POINT('',(-0.328588593054,0.));
#15012 = VECTOR('',#15013,1.);
#15013 = DIRECTION('',(0.,-1.));
#15014 = ( GEOMETRIC_REPRESENTATION_CONTEXT(2) 
PARAMETRIC_REPRESENTATION_CONTEXT() REPRESENTATION_CONTEXT('2D SPACE',''
  ) );
#15015 = ORIENTED_EDGE('',*,*,#10617,.F.);
#15016 = ADVANCED_FACE('',(#15017),#10661,.F.);
#15017 = FACE_BOUND('',#15018,.T.);
#15018 = EDGE_LOOP('',(#15019,#15040,#15041,#15042));
#15019 = ORIENTED_EDGE('',*,*,#15020,.F.);
#15020 = EDGE_CURVE('',#10646,#11723,#15021,.T.);
#15021 = SURFACE_CURVE('',#15022,(#15026,#15033),.PCURVE_S1.);
#15022 = LINE('',#15023,#15024);
#15023 = CARTESIAN_POINT('',(5.613463652863,-9.959174420077,
    14.468184960681));
#15024 = VECTOR('',#15025,1.);
#15025 = DIRECTION('',(1.,2.22044604925E-16,0.));
#15026 = PCURVE('',#10661,#15027);
#15027 = DEFINITIONAL_REPRESENTATION('',(#15028),#15032);
#15028 = LINE('',#15029,#15030);
#15029 = CARTESIAN_POINT('',(-7.219409769011E-02,-12.10257681537));
#15030 = VECTOR('',#15031,1.);
#15031 = DIRECTION('',(0.,1.));
#15032 = ( GEOMETRIC_REPRESENTATION_CONTEXT(2) 
PARAMETRIC_REPRESENTATION_CONTEXT() REPRESENTATION_CONTEXT('2D SPACE',''
  ) );
#15033 = PCURVE('',#10689,#15034);
#15034 = DEFINITIONAL_REPRESENTATION('',(#15035),#15039);
#15035 = LINE('',#15036,#15037);
#15036 = CARTESIAN_POINT('',(1.795539065507,0.));
#15037 = VECTOR('',#15038,1.);
#15038 = DIRECTION('',(0.,1.));
#15039 = ( GEOMETRIC_REPRESENTATION_CONTEXT(2) 
PARAMETRIC_REPRESENTATION_CONTEXT() REPRESENTATION_CONTEXT('2D SPACE',''
  ) );
#15040 = ORIENTED_EDGE('',*,*,#10645,.F.);
#15041 = ORIENTED_EDGE('',*,*,#14995,.F.);
#15042 = ORIENTED_EDGE('',*,*,#11745,.T.);
#15043 = ADVANCED_FACE('',(#15044),#10689,.F.);
#15044 = FACE_BOUND('',#15045,.T.);
#15045 = EDGE_LOOP('',(#15046,#15047,#15048,#15049));
#15046 = ORIENTED_EDGE('',*,*,#10673,.F.);
#15047 = ORIENTED_EDGE('',*,*,#15020,.T.);
#15048 = ORIENTED_EDGE('',*,*,#11722,.T.);
#15049 = ORIENTED_EDGE('',*,*,#15050,.T.);
#15050 = EDGE_CURVE('',#11700,#10674,#15051,.T.);
#15051 = SURFACE_CURVE('',#15052,(#15056,#15063),.PCURVE_S1.);
#15052 = LINE('',#15053,#15054);
#15053 = CARTESIAN_POINT('',(5.613463652863,-9.93064295371,
    14.574785614684));
#15054 = VECTOR('',#15055,1.);
#15055 = DIRECTION('',(-1.,-2.22044604925E-16,0.));
#15056 = PCURVE('',#10689,#15057);
#15057 = DEFINITIONAL_REPRESENTATION('',(#15058),#15062);
#15058 = LINE('',#15059,#15060);
#15059 = CARTESIAN_POINT('',(1.905891881542,0.));
#15060 = VECTOR('',#15061,1.);
#15061 = DIRECTION('',(0.,-1.));
#15062 = ( GEOMETRIC_REPRESENTATION_CONTEXT(2) 
PARAMETRIC_REPRESENTATION_CONTEXT() REPRESENTATION_CONTEXT('2D SPACE',''
  ) );
#15063 = PCURVE('',#10717,#15064);
#15064 = DEFINITIONAL_REPRESENTATION('',(#15065),#15069);
#15065 = LINE('',#15066,#15067);
#15066 = CARTESIAN_POINT('',(-0.198375668149,-12.10257681537));
#15067 = VECTOR('',#15068,1.);
#15068 = DIRECTION('',(0.,-1.));
#15069 = ( GEOMETRIC_REPRESENTATION_CONTEXT(2) 
PARAMETRIC_REPRESENTATION_CONTEXT() REPRESENTATION_CONTEXT('2D SPACE',''
  ) );
#15070 = ADVANCED_FACE('',(#15071),#10717,.F.);
#15071 = FACE_BOUND('',#15072,.T.);
#15072 = EDGE_LOOP('',(#15073,#15074,#15075,#15096));
#15073 = ORIENTED_EDGE('',*,*,#15050,.F.);
#15074 = ORIENTED_EDGE('',*,*,#11699,.T.);
#15075 = ORIENTED_EDGE('',*,*,#15076,.T.);
#15076 = EDGE_CURVE('',#11677,#10702,#15077,.T.);
#15077 = SURFACE_CURVE('',#15078,(#15082,#15089),.PCURVE_S1.);
#15078 = LINE('',#15079,#15080);
#15079 = CARTESIAN_POINT('',(17.716040468236,-9.740005447715,
    14.629651332772));
#15080 = VECTOR('',#15081,1.);
#15081 = DIRECTION('',(-1.,-2.22044604925E-16,0.));
#15082 = PCURVE('',#10717,#15083);
#15083 = DEFINITIONAL_REPRESENTATION('',(#15084),#15088);
#15084 = LINE('',#15085,#15086);
#15085 = CARTESIAN_POINT('',(0.,0.));
#15086 = VECTOR('',#15087,1.);
#15087 = DIRECTION('',(0.,-1.));
#15088 = ( GEOMETRIC_REPRESENTATION_CONTEXT(2) 
PARAMETRIC_REPRESENTATION_CONTEXT() REPRESENTATION_CONTEXT('2D SPACE',''
  ) );
#15089 = PCURVE('',#10745,#15090);
#15090 = DEFINITIONAL_REPRESENTATION('',(#15091),#15095);
#15091 = LINE('',#15092,#15093);
#15092 = CARTESIAN_POINT('',(-0.328588593054,0.));
#15093 = VECTOR('',#15094,1.);
#15094 = DIRECTION('',(0.,-1.));
#15095 = ( GEOMETRIC_REPRESENTATION_CONTEXT(2) 
PARAMETRIC_REPRESENTATION_CONTEXT() REPRESENTATION_CONTEXT('2D SPACE',''
  ) );
#15096 = ORIENTED_EDGE('',*,*,#10701,.F.);
#15097 = ADVANCED_FACE('',(#15098),#10745,.F.);
#15098 = FACE_BOUND('',#15099,.T.);
#15099 = EDGE_LOOP('',(#15100,#15121,#15122,#15123));
#15100 = ORIENTED_EDGE('',*,*,#15101,.F.);
#15101 = EDGE_CURVE('',#10730,#11654,#15102,.T.);
#15102 = SURFACE_CURVE('',#15103,(#15107,#15114),.PCURVE_S1.);
#15103 = LINE('',#15104,#15105);
#15104 = CARTESIAN_POINT('',(5.613463652863,-9.84651788799,
    14.889097781772));
#15105 = VECTOR('',#15106,1.);
#15106 = DIRECTION('',(1.,2.22044604925E-16,0.));
#15107 = PCURVE('',#10745,#15108);
#15108 = DEFINITIONAL_REPRESENTATION('',(#15109),#15113);
#15109 = LINE('',#15110,#15111);
#15110 = CARTESIAN_POINT('',(-4.812939846007E-02,-12.10257681537));
#15111 = VECTOR('',#15112,1.);
#15112 = DIRECTION('',(0.,1.));
#15113 = ( GEOMETRIC_REPRESENTATION_CONTEXT(2) 
PARAMETRIC_REPRESENTATION_CONTEXT() REPRESENTATION_CONTEXT('2D SPACE',''
  ) );
#15114 = PCURVE('',#10773,#15115);
#15115 = DEFINITIONAL_REPRESENTATION('',(#15116),#15120);
#15116 = LINE('',#15117,#15118);
#15117 = CARTESIAN_POINT('',(2.231267303266,0.));
#15118 = VECTOR('',#15119,1.);
#15119 = DIRECTION('',(0.,1.));
#15120 = ( GEOMETRIC_REPRESENTATION_CONTEXT(2) 
PARAMETRIC_REPRESENTATION_CONTEXT() REPRESENTATION_CONTEXT('2D SPACE',''
  ) );
#15121 = ORIENTED_EDGE('',*,*,#10729,.F.);
#15122 = ORIENTED_EDGE('',*,*,#15076,.F.);
#15123 = ORIENTED_EDGE('',*,*,#11676,.T.);
#15124 = ADVANCED_FACE('',(#15125),#10773,.F.);
#15125 = FACE_BOUND('',#15126,.T.);
#15126 = EDGE_LOOP('',(#15127,#15128,#15129,#15130));
#15127 = ORIENTED_EDGE('',*,*,#10757,.F.);
#15128 = ORIENTED_EDGE('',*,*,#15101,.T.);
#15129 = ORIENTED_EDGE('',*,*,#11653,.T.);
#15130 = ORIENTED_EDGE('',*,*,#15131,.T.);
#15131 = EDGE_CURVE('',#11631,#10758,#15132,.T.);
#15132 = SURFACE_CURVE('',#15133,(#15137,#15144),.PCURVE_S1.);
#15133 = LINE('',#15134,#15135);
#15134 = CARTESIAN_POINT('',(5.613463652863,-9.825204742304,
    14.968728994547));
#15135 = VECTOR('',#15136,1.);
#15136 = DIRECTION('',(-1.,-2.22044604925E-16,0.));
#15137 = PCURVE('',#10773,#15138);
#15138 = DEFINITIONAL_REPRESENTATION('',(#15139),#15143);
#15139 = LINE('',#15140,#15141);
#15140 = CARTESIAN_POINT('',(2.313701399531,0.));
#15141 = VECTOR('',#15142,1.);
#15142 = DIRECTION('',(0.,-1.));
#15143 = ( GEOMETRIC_REPRESENTATION_CONTEXT(2) 
PARAMETRIC_REPRESENTATION_CONTEXT() REPRESENTATION_CONTEXT('2D SPACE',''
  ) );
#15144 = PCURVE('',#10801,#15145);
#15145 = DEFINITIONAL_REPRESENTATION('',(#15146),#15150);
#15146 = LINE('',#15147,#15148);
#15147 = CARTESIAN_POINT('',(-0.215397220234,-12.10257681537));
#15148 = VECTOR('',#15149,1.);
#15149 = DIRECTION('',(0.,-1.));
#15150 = ( GEOMETRIC_REPRESENTATION_CONTEXT(2) 
PARAMETRIC_REPRESENTATION_CONTEXT() REPRESENTATION_CONTEXT('2D SPACE',''
  ) );
#15151 = ADVANCED_FACE('',(#15152),#10801,.F.);
#15152 = FACE_BOUND('',#15153,.T.);
#15153 = EDGE_LOOP('',(#15154,#15155,#15156,#15177));
#15154 = ORIENTED_EDGE('',*,*,#15131,.F.);
#15155 = ORIENTED_EDGE('',*,*,#11630,.T.);
#15156 = ORIENTED_EDGE('',*,*,#15157,.T.);
#15157 = EDGE_CURVE('',#11608,#10786,#15158,.T.);
#15158 = SURFACE_CURVE('',#15159,(#15163,#15170),.PCURVE_S1.);
#15159 = LINE('',#15160,#15161);
#15160 = CARTESIAN_POINT('',(17.716040468236,-9.618209654414,
    15.028302445629));
#15161 = VECTOR('',#15162,1.);
#15162 = DIRECTION('',(-1.,-2.22044604925E-16,0.));
#15163 = PCURVE('',#10801,#15164);
#15164 = DEFINITIONAL_REPRESENTATION('',(#15165),#15169);
#15165 = LINE('',#15166,#15167);
#15166 = CARTESIAN_POINT('',(0.,0.));
#15167 = VECTOR('',#15168,1.);
#15168 = DIRECTION('',(0.,-1.));
#15169 = ( GEOMETRIC_REPRESENTATION_CONTEXT(2) 
PARAMETRIC_REPRESENTATION_CONTEXT() REPRESENTATION_CONTEXT('2D SPACE',''
  ) );
#15170 = PCURVE('',#10829,#15171);
#15171 = DEFINITIONAL_REPRESENTATION('',(#15172),#15176);
#15172 = LINE('',#15173,#15174);
#15173 = CARTESIAN_POINT('',(-0.328588593054,0.));
#15174 = VECTOR('',#15175,1.);
#15175 = DIRECTION('',(0.,-1.));
#15176 = ( GEOMETRIC_REPRESENTATION_CONTEXT(2) 
PARAMETRIC_REPRESENTATION_CONTEXT() REPRESENTATION_CONTEXT('2D SPACE',''
  ) );
#15177 = ORIENTED_EDGE('',*,*,#10785,.F.);
#15178 = ADVANCED_FACE('',(#15179),#10829,.F.);
#15179 = FACE_BOUND('',#15180,.T.);
#15180 = EDGE_LOOP('',(#15181,#15202,#15203,#15204));
#15181 = ORIENTED_EDGE('',*,*,#15182,.F.);
#15182 = EDGE_CURVE('',#10814,#11585,#15183,.T.);
#15183 = SURFACE_CURVE('',#15184,(#15188,#15195),.PCURVE_S1.);
#15184 = LINE('',#15185,#15186);
#15185 = CARTESIAN_POINT('',(5.613463652863,-9.733861355904,
    15.310010602862));
#15186 = VECTOR('',#15187,1.);
#15187 = DIRECTION('',(1.,2.22044604925E-16,0.));
#15188 = PCURVE('',#10829,#15189);
#15189 = DEFINITIONAL_REPRESENTATION('',(#15190),#15194);
#15190 = LINE('',#15191,#15192);
#15191 = CARTESIAN_POINT('',(-2.406469923003E-02,-12.10257681537));
#15192 = VECTOR('',#15193,1.);
#15193 = DIRECTION('',(0.,1.));
#15194 = ( GEOMETRIC_REPRESENTATION_CONTEXT(2) 
PARAMETRIC_REPRESENTATION_CONTEXT() REPRESENTATION_CONTEXT('2D SPACE',''
  ) );
#15195 = PCURVE('',#10857,#15196);
#15196 = DEFINITIONAL_REPRESENTATION('',(#15197),#15201);
#15197 = LINE('',#15198,#15199);
#15198 = CARTESIAN_POINT('',(2.666995541024,0.));
#15199 = VECTOR('',#15200,1.);
#15200 = DIRECTION('',(0.,1.));
#15201 = ( GEOMETRIC_REPRESENTATION_CONTEXT(2) 
PARAMETRIC_REPRESENTATION_CONTEXT() REPRESENTATION_CONTEXT('2D SPACE',''
  ) );
#15202 = ORIENTED_EDGE('',*,*,#10813,.F.);
#15203 = ORIENTED_EDGE('',*,*,#15157,.F.);
#15204 = ORIENTED_EDGE('',*,*,#11607,.T.);
#15205 = ADVANCED_FACE('',(#15206),#10857,.F.);
#15206 = FACE_BOUND('',#15207,.T.);
#15207 = EDGE_LOOP('',(#15208,#15209,#15210,#15211));
#15208 = ORIENTED_EDGE('',*,*,#10841,.F.);
#15209 = ORIENTED_EDGE('',*,*,#15182,.T.);
#15210 = ORIENTED_EDGE('',*,*,#11584,.T.);
#15211 = ORIENTED_EDGE('',*,*,#15212,.T.);
#15212 = EDGE_CURVE('',#11562,#10842,#15213,.T.);
#15213 = SURFACE_CURVE('',#15214,(#15218,#15225),.PCURVE_S1.);
#15214 = LINE('',#15215,#15216);
#15215 = CARTESIAN_POINT('',(17.716040468236,-9.719766530898,
    15.36267237441));
#15216 = VECTOR('',#15217,1.);
#15217 = DIRECTION('',(-1.,-2.22044604925E-16,0.));
#15218 = PCURVE('',#10857,#15219);
#15219 = DEFINITIONAL_REPRESENTATION('',(#15220),#15224);
#15220 = LINE('',#15221,#15222);
#15221 = CARTESIAN_POINT('',(2.72151091752,12.102576815372));
#15222 = VECTOR('',#15223,1.);
#15223 = DIRECTION('',(0.,-1.));
#15224 = ( GEOMETRIC_REPRESENTATION_CONTEXT(2) 
PARAMETRIC_REPRESENTATION_CONTEXT() REPRESENTATION_CONTEXT('2D SPACE',''
  ) );
#15225 = PCURVE('',#10885,#15226);
#15226 = DEFINITIONAL_REPRESENTATION('',(#15227),#15231);
#15227 = LINE('',#15228,#15229);
#15228 = CARTESIAN_POINT('',(-0.232418772319,0.));
#15229 = VECTOR('',#15230,1.);
#15230 = DIRECTION('',(0.,-1.));
#15231 = ( GEOMETRIC_REPRESENTATION_CONTEXT(2) 
PARAMETRIC_REPRESENTATION_CONTEXT() REPRESENTATION_CONTEXT('2D SPACE',''
  ) );
#15232 = ADVANCED_FACE('',(#15233),#10885,.F.);
#15233 = FACE_BOUND('',#15234,.T.);
#15234 = EDGE_LOOP('',(#15235,#15236,#15257,#15258));
#15235 = ORIENTED_EDGE('',*,*,#11561,.T.);
#15236 = ORIENTED_EDGE('',*,*,#15237,.T.);
#15237 = EDGE_CURVE('',#11539,#10870,#15238,.T.);
#15238 = SURFACE_CURVE('',#15239,(#15243,#15250),.PCURVE_S1.);
#15239 = LINE('',#15240,#15241);
#15240 = CARTESIAN_POINT('',(17.716040468236,-9.496413861113,
    15.426953558486));
#15241 = VECTOR('',#15242,1.);
#15242 = DIRECTION('',(-1.,-2.22044604925E-16,0.));
#15243 = PCURVE('',#10885,#15244);
#15244 = DEFINITIONAL_REPRESENTATION('',(#15245),#15249);
#15245 = LINE('',#15246,#15247);
#15246 = CARTESIAN_POINT('',(0.,0.));
#15247 = VECTOR('',#15248,1.);
#15248 = DIRECTION('',(0.,-1.));
#15249 = ( GEOMETRIC_REPRESENTATION_CONTEXT(2) 
PARAMETRIC_REPRESENTATION_CONTEXT() REPRESENTATION_CONTEXT('2D SPACE',''
  ) );
#15250 = PCURVE('',#10913,#15251);
#15251 = DEFINITIONAL_REPRESENTATION('',(#15252),#15256);
#15252 = LINE('',#15253,#15254);
#15253 = CARTESIAN_POINT('',(-0.328588593054,0.));
#15254 = VECTOR('',#15255,1.);
#15255 = DIRECTION('',(0.,-1.));
#15256 = ( GEOMETRIC_REPRESENTATION_CONTEXT(2) 
PARAMETRIC_REPRESENTATION_CONTEXT() REPRESENTATION_CONTEXT('2D SPACE',''
  ) );
#15257 = ORIENTED_EDGE('',*,*,#10869,.F.);
#15258 = ORIENTED_EDGE('',*,*,#15212,.F.);
#15259 = ADVANCED_FACE('',(#15260),#10913,.F.);
#15260 = FACE_BOUND('',#15261,.T.);
#15261 = EDGE_LOOP('',(#15262,#15263,#15284,#15285));
#15262 = ORIENTED_EDGE('',*,*,#11538,.T.);
#15263 = ORIENTED_EDGE('',*,*,#15264,.T.);
#15264 = EDGE_CURVE('',#11516,#10898,#15265,.T.);
#15265 = SURFACE_CURVE('',#15266,(#15270,#15277),.PCURVE_S1.);
#15266 = LINE('',#15267,#15268);
#15267 = CARTESIAN_POINT('',(17.716040468236,-9.621204823817,
    15.730923423953));
#15268 = VECTOR('',#15269,1.);
#15269 = DIRECTION('',(-1.,-2.22044604925E-16,0.));
#15270 = PCURVE('',#10913,#15271);
#15271 = DEFINITIONAL_REPRESENTATION('',(#15272),#15276);
#15272 = LINE('',#15273,#15274);
#15273 = CARTESIAN_POINT('',(0.,0.));
#15274 = VECTOR('',#15275,1.);
#15275 = DIRECTION('',(0.,-1.));
#15276 = ( GEOMETRIC_REPRESENTATION_CONTEXT(2) 
PARAMETRIC_REPRESENTATION_CONTEXT() REPRESENTATION_CONTEXT('2D SPACE',''
  ) );
#15277 = PCURVE('',#10941,#15278);
#15278 = DEFINITIONAL_REPRESENTATION('',(#15279),#15283);
#15279 = LINE('',#15280,#15281);
#15280 = CARTESIAN_POINT('',(3.102723778783,12.102576815372));
#15281 = VECTOR('',#15282,1.);
#15282 = DIRECTION('',(0.,-1.));
#15283 = ( GEOMETRIC_REPRESENTATION_CONTEXT(2) 
PARAMETRIC_REPRESENTATION_CONTEXT() REPRESENTATION_CONTEXT('2D SPACE',''
  ) );
#15284 = ORIENTED_EDGE('',*,*,#10897,.F.);
#15285 = ORIENTED_EDGE('',*,*,#15237,.F.);
#15286 = ADVANCED_FACE('',(#15287),#10941,.F.);
#15287 = FACE_BOUND('',#15288,.T.);
#15288 = EDGE_LOOP('',(#15289,#15290,#15291,#15312));
#15289 = ORIENTED_EDGE('',*,*,#15264,.F.);
#15290 = ORIENTED_EDGE('',*,*,#11515,.T.);
#15291 = ORIENTED_EDGE('',*,*,#15292,.F.);
#15292 = EDGE_CURVE('',#10926,#11493,#15293,.T.);
#15293 = SURFACE_CURVE('',#15294,(#15298,#15305),.PCURVE_S1.);
#15294 = LINE('',#15295,#15296);
#15295 = CARTESIAN_POINT('',(5.613463652863,-9.559744922926,
    15.960552898509));
#15296 = VECTOR('',#15297,1.);
#15297 = DIRECTION('',(1.,2.22044604925E-16,0.));
#15298 = PCURVE('',#10941,#15299);
#15299 = DEFINITIONAL_REPRESENTATION('',(#15300),#15304);
#15300 = LINE('',#15301,#15302);
#15301 = CARTESIAN_POINT('',(3.340435820974,0.));
#15302 = VECTOR('',#15303,1.);
#15303 = DIRECTION('',(0.,1.));
#15304 = ( GEOMETRIC_REPRESENTATION_CONTEXT(2) 
PARAMETRIC_REPRESENTATION_CONTEXT() REPRESENTATION_CONTEXT('2D SPACE',''
  ) );
#15305 = PCURVE('',#10969,#15306);
#15306 = DEFINITIONAL_REPRESENTATION('',(#15307),#15311);
#15307 = LINE('',#15308,#15309);
#15308 = CARTESIAN_POINT('',(0.,0.));
#15309 = VECTOR('',#15310,1.);
#15310 = DIRECTION('',(0.,1.));
#15311 = ( GEOMETRIC_REPRESENTATION_CONTEXT(2) 
PARAMETRIC_REPRESENTATION_CONTEXT() REPRESENTATION_CONTEXT('2D SPACE',''
  ) );
#15312 = ORIENTED_EDGE('',*,*,#10925,.F.);
#15313 = ADVANCED_FACE('',(#15314),#10969,.F.);
#15314 = FACE_BOUND('',#15315,.T.);
#15315 = EDGE_LOOP('',(#15316,#15317,#15338,#15339));
#15316 = ORIENTED_EDGE('',*,*,#11492,.T.);
#15317 = ORIENTED_EDGE('',*,*,#15318,.F.);
#15318 = EDGE_CURVE('',#10954,#11470,#15319,.T.);
#15319 = SURFACE_CURVE('',#15320,(#15324,#15331),.PCURVE_S1.);
#15320 = LINE('',#15321,#15322);
#15321 = CARTESIAN_POINT('',(5.613463652863,-8.787970572718,
    15.960552898509));
#15322 = VECTOR('',#15323,1.);
#15323 = DIRECTION('',(1.,2.22044604925E-16,0.));
#15324 = PCURVE('',#10969,#15325);
#15325 = DEFINITIONAL_REPRESENTATION('',(#15326),#15330);
#15326 = LINE('',#15327,#15328);
#15327 = CARTESIAN_POINT('',(0.771774350208,0.));
#15328 = VECTOR('',#15329,1.);
#15329 = DIRECTION('',(0.,1.));
#15330 = ( GEOMETRIC_REPRESENTATION_CONTEXT(2) 
PARAMETRIC_REPRESENTATION_CONTEXT() REPRESENTATION_CONTEXT('2D SPACE',''
  ) );
#15331 = PCURVE('',#10997,#15332);
#15332 = DEFINITIONAL_REPRESENTATION('',(#15333),#15337);
#15333 = LINE('',#15334,#15335);
#15334 = CARTESIAN_POINT('',(0.,0.));
#15335 = VECTOR('',#15336,1.);
#15336 = DIRECTION('',(0.,1.));
#15337 = ( GEOMETRIC_REPRESENTATION_CONTEXT(2) 
PARAMETRIC_REPRESENTATION_CONTEXT() REPRESENTATION_CONTEXT('2D SPACE',''
  ) );
#15338 = ORIENTED_EDGE('',*,*,#10953,.F.);
#15339 = ORIENTED_EDGE('',*,*,#15292,.T.);
#15340 = ADVANCED_FACE('',(#15341),#10997,.F.);
#15341 = FACE_BOUND('',#15342,.T.);
#15342 = EDGE_LOOP('',(#15343,#15344,#15365,#15366));
#15343 = ORIENTED_EDGE('',*,*,#11469,.T.);
#15344 = ORIENTED_EDGE('',*,*,#15345,.F.);
#15345 = EDGE_CURVE('',#10982,#11446,#15346,.T.);
#15346 = SURFACE_CURVE('',#15347,(#15351,#15358),.PCURVE_S1.);
#15347 = LINE('',#15348,#15349);
#15348 = CARTESIAN_POINT('',(5.613463652863,-9.592648852884,
    12.954074723632));
#15349 = VECTOR('',#15350,1.);
#15350 = DIRECTION('',(1.,2.22044604925E-16,0.));
#15351 = PCURVE('',#10997,#15352);
#15352 = DEFINITIONAL_REPRESENTATION('',(#15353),#15357);
#15353 = LINE('',#15354,#15355);
#15354 = CARTESIAN_POINT('',(3.112301102172,0.));
#15355 = VECTOR('',#15356,1.);
#15356 = DIRECTION('',(0.,1.));
#15357 = ( GEOMETRIC_REPRESENTATION_CONTEXT(2) 
PARAMETRIC_REPRESENTATION_CONTEXT() REPRESENTATION_CONTEXT('2D SPACE',''
  ) );
#15358 = PCURVE('',#11026,#15359);
#15359 = DEFINITIONAL_REPRESENTATION('',(#15360),#15364);
#15360 = LINE('',#15361,#15362);
#15361 = CARTESIAN_POINT('',(1.309277849377,0.));
#15362 = VECTOR('',#15363,1.);
#15363 = DIRECTION('',(0.,1.));
#15364 = ( GEOMETRIC_REPRESENTATION_CONTEXT(2) 
PARAMETRIC_REPRESENTATION_CONTEXT() REPRESENTATION_CONTEXT('2D SPACE',''
  ) );
#15365 = ORIENTED_EDGE('',*,*,#10981,.F.);
#15366 = ORIENTED_EDGE('',*,*,#15318,.T.);
#15367 = ADVANCED_FACE('',(#15368),#11026,.F.);
#15368 = FACE_BOUND('',#15369,.F.);
#15369 = EDGE_LOOP('',(#15370,#15371,#15372,#15393));
#15370 = ORIENTED_EDGE('',*,*,#15345,.F.);
#15371 = ORIENTED_EDGE('',*,*,#11009,.T.);
#15372 = ORIENTED_EDGE('',*,*,#15373,.T.);
#15373 = EDGE_CURVE('',#11010,#11423,#15374,.T.);
#15374 = SURFACE_CURVE('',#15375,(#15379,#15386),.PCURVE_S1.);
#15375 = LINE('',#15376,#15377);
#15376 = CARTESIAN_POINT('',(5.613463652863,-9.599891043983,
    11.585560691663));
#15377 = VECTOR('',#15378,1.);
#15378 = DIRECTION('',(1.,2.22044604925E-16,0.));
#15379 = PCURVE('',#11026,#15380);
#15380 = DEFINITIONAL_REPRESENTATION('',(#15381),#15385);
#15381 = LINE('',#15382,#15383);
#15382 = CARTESIAN_POINT('',(1.821730881324,0.));
#15383 = VECTOR('',#15384,1.);
#15384 = DIRECTION('',(0.,1.));
#15385 = ( GEOMETRIC_REPRESENTATION_CONTEXT(2) 
PARAMETRIC_REPRESENTATION_CONTEXT() REPRESENTATION_CONTEXT('2D SPACE',''
  ) );
#15386 = PCURVE('',#11054,#15387);
#15387 = DEFINITIONAL_REPRESENTATION('',(#15388),#15392);
#15388 = LINE('',#15389,#15390);
#15389 = CARTESIAN_POINT('',(0.,0.));
#15390 = VECTOR('',#15391,1.);
#15391 = DIRECTION('',(0.,1.));
#15392 = ( GEOMETRIC_REPRESENTATION_CONTEXT(2) 
PARAMETRIC_REPRESENTATION_CONTEXT() REPRESENTATION_CONTEXT('2D SPACE',''
  ) );
#15393 = ORIENTED_EDGE('',*,*,#11445,.F.);
#15394 = ADVANCED_FACE('',(#15395),#11054,.F.);
#15395 = FACE_BOUND('',#15396,.T.);
#15396 = EDGE_LOOP('',(#15397,#15398,#15399,#15400));
#15397 = ORIENTED_EDGE('',*,*,#11422,.T.);
#15398 = ORIENTED_EDGE('',*,*,#11252,.F.);
#15399 = ORIENTED_EDGE('',*,*,#11038,.F.);
#15400 = ORIENTED_EDGE('',*,*,#15373,.T.);
#15401 = ADVANCED_FACE('',(#15402),#11153,.F.);
#15402 = FACE_BOUND('',#15403,.T.);
#15403 = EDGE_LOOP('',(#15404,#15405,#15426,#15427));
#15404 = ORIENTED_EDGE('',*,*,#11375,.T.);
#15405 = ORIENTED_EDGE('',*,*,#15406,.F.);
#15406 = EDGE_CURVE('',#11138,#11353,#15407,.T.);
#15407 = SURFACE_CURVE('',#15408,(#15412,#15419),.PCURVE_S1.);
#15408 = LINE('',#15409,#15410);
#15409 = CARTESIAN_POINT('',(5.613463652863,-9.282466122857,
    7.371495425888));
#15410 = VECTOR('',#15411,1.);
#15411 = DIRECTION('',(1.,2.22044604925E-16,0.));
#15412 = PCURVE('',#11153,#15413);
#15413 = DEFINITIONAL_REPRESENTATION('',(#15414),#15418);
#15414 = LINE('',#15415,#15416);
#15415 = CARTESIAN_POINT('',(1.4122903433,0.));
#15416 = VECTOR('',#15417,1.);
#15417 = DIRECTION('',(0.,1.));
#15418 = ( GEOMETRIC_REPRESENTATION_CONTEXT(2) 
PARAMETRIC_REPRESENTATION_CONTEXT() REPRESENTATION_CONTEXT('2D SPACE',''
  ) );
#15419 = PCURVE('',#11181,#15420);
#15420 = DEFINITIONAL_REPRESENTATION('',(#15421),#15425);
#15421 = LINE('',#15422,#15423);
#15422 = CARTESIAN_POINT('',(0.,0.));
#15423 = VECTOR('',#15424,1.);
#15424 = DIRECTION('',(0.,1.));
#15425 = ( GEOMETRIC_REPRESENTATION_CONTEXT(2) 
PARAMETRIC_REPRESENTATION_CONTEXT() REPRESENTATION_CONTEXT('2D SPACE',''
  ) );
#15426 = ORIENTED_EDGE('',*,*,#11137,.F.);
#15427 = ORIENTED_EDGE('',*,*,#11908,.F.);
#15428 = ADVANCED_FACE('',(#15429),#11181,.F.);
#15429 = FACE_BOUND('',#15430,.T.);
#15430 = EDGE_LOOP('',(#15431,#15432,#15453,#15454));
#15431 = ORIENTED_EDGE('',*,*,#11352,.T.);
#15432 = ORIENTED_EDGE('',*,*,#15433,.F.);
#15433 = EDGE_CURVE('',#11166,#11325,#15434,.T.);
#15434 = SURFACE_CURVE('',#15435,(#15439,#15446),.PCURVE_S1.);
#15435 = LINE('',#15436,#15437);
#15436 = CARTESIAN_POINT('',(5.613463652863,-10.40989041079,
    11.288866089054));
#15437 = VECTOR('',#15438,1.);
#15438 = DIRECTION('',(1.,2.22044604925E-16,0.));
#15439 = PCURVE('',#11181,#15440);
#15440 = DEFINITIONAL_REPRESENTATION('',(#15441),#15445);
#15441 = LINE('',#15442,#15443);
#15442 = CARTESIAN_POINT('',(4.076380556041,0.));
#15443 = VECTOR('',#15444,1.);
#15444 = DIRECTION('',(0.,1.));
#15445 = ( GEOMETRIC_REPRESENTATION_CONTEXT(2) 
PARAMETRIC_REPRESENTATION_CONTEXT() REPRESENTATION_CONTEXT('2D SPACE',''
  ) );
#15446 = PCURVE('',#11212,#15447);
#15447 = DEFINITIONAL_REPRESENTATION('',(#15448),#15452);
#15448 = LINE('',#15449,#15450);
#15449 = CARTESIAN_POINT('',(1.851024404846,0.));
#15450 = VECTOR('',#15451,1.);
#15451 = DIRECTION('',(0.,1.));
#15452 = ( GEOMETRIC_REPRESENTATION_CONTEXT(2) 
PARAMETRIC_REPRESENTATION_CONTEXT() REPRESENTATION_CONTEXT('2D SPACE',''
  ) );
#15453 = ORIENTED_EDGE('',*,*,#11165,.F.);
#15454 = ORIENTED_EDGE('',*,*,#15406,.T.);
#15455 = ADVANCED_FACE('',(#15456),#11212,.T.);
#15456 = FACE_BOUND('',#15457,.T.);
#15457 = EDGE_LOOP('',(#15458,#15459,#15460,#15461));
#15458 = ORIENTED_EDGE('',*,*,#11324,.T.);
#15459 = ORIENTED_EDGE('',*,*,#14807,.F.);
#15460 = ORIENTED_EDGE('',*,*,#11193,.F.);
#15461 = ORIENTED_EDGE('',*,*,#15433,.T.);
#15462 = ADVANCED_FACE('',(#15463),#11985,.F.);
#15463 = FACE_BOUND('',#15464,.F.);
#15464 = EDGE_LOOP('',(#15465,#15488,#15516,#15537));
#15465 = ORIENTED_EDGE('',*,*,#15466,.F.);
#15466 = EDGE_CURVE('',#15467,#11969,#15469,.T.);
#15467 = VERTEX_POINT('',#15468);
#15468 = CARTESIAN_POINT('',(-4.7,-0.4,-4.3));
#15469 = SURFACE_CURVE('',#15470,(#15474,#15481),.PCURVE_S1.);
#15470 = LINE('',#15471,#15472);
#15471 = CARTESIAN_POINT('',(-4.7,-0.4,-4.3));
#15472 = VECTOR('',#15473,1.);
#15473 = DIRECTION('',(0.,0.,1.));
#15474 = PCURVE('',#11985,#15475);
#15475 = DEFINITIONAL_REPRESENTATION('',(#15476),#15480);
#15476 = LINE('',#15477,#15478);
#15477 = CARTESIAN_POINT('',(0.,0.8));
#15478 = VECTOR('',#15479,1.);
#15479 = DIRECTION('',(1.,0.));
#15480 = ( GEOMETRIC_REPRESENTATION_CONTEXT(2) 
PARAMETRIC_REPRESENTATION_CONTEXT() REPRESENTATION_CONTEXT('2D SPACE',''
  ) );
#15481 = PCURVE('',#12061,#15482);
#15482 = DEFINITIONAL_REPRESENTATION('',(#15483),#15487);
#15483 = LINE('',#15484,#15485);
#15484 = CARTESIAN_POINT('',(0.,0.));
#15485 = VECTOR('',#15486,1.);
#15486 = DIRECTION('',(1.,0.));
#15487 = ( GEOMETRIC_REPRESENTATION_CONTEXT(2) 
PARAMETRIC_REPRESENTATION_CONTEXT() REPRESENTATION_CONTEXT('2D SPACE',''
  ) );
#15488 = ORIENTED_EDGE('',*,*,#15489,.F.);
#15489 = EDGE_CURVE('',#15490,#15467,#15492,.T.);
#15490 = VERTEX_POINT('',#15491);
#15491 = CARTESIAN_POINT('',(-5.5,-0.4,-4.3));
#15492 = SURFACE_CURVE('',#15493,(#15497,#15504),.PCURVE_S1.);
#15493 = LINE('',#15494,#15495);
#15494 = CARTESIAN_POINT('',(-5.5,-0.4,-4.3));
#15495 = VECTOR('',#15496,1.);
#15496 = DIRECTION('',(1.,0.,-0.));
#15497 = PCURVE('',#11985,#15498);
#15498 = DEFINITIONAL_REPRESENTATION('',(#15499),#15503);
#15499 = LINE('',#15500,#15501);
#15500 = CARTESIAN_POINT('',(0.,0.));
#15501 = VECTOR('',#15502,1.);
#15502 = DIRECTION('',(0.,1.));
#15503 = ( GEOMETRIC_REPRESENTATION_CONTEXT(2) 
PARAMETRIC_REPRESENTATION_CONTEXT() REPRESENTATION_CONTEXT('2D SPACE',''
  ) );
#15504 = PCURVE('',#15505,#15510);
#15505 = PLANE('',#15506);
#15506 = AXIS2_PLACEMENT_3D('',#15507,#15508,#15509);
#15507 = CARTESIAN_POINT('',(-5.5,-0.4,-4.3));
#15508 = DIRECTION('',(0.,0.,1.));
#15509 = DIRECTION('',(1.,0.,-0.));
#15510 = DEFINITIONAL_REPRESENTATION('',(#15511),#15515);
#15511 = LINE('',#15512,#15513);
#15512 = CARTESIAN_POINT('',(0.,0.));
#15513 = VECTOR('',#15514,1.);
#15514 = DIRECTION('',(1.,0.));
#15515 = ( GEOMETRIC_REPRESENTATION_CONTEXT(2) 
PARAMETRIC_REPRESENTATION_CONTEXT() REPRESENTATION_CONTEXT('2D SPACE',''
  ) );
#15516 = ORIENTED_EDGE('',*,*,#15517,.T.);
#15517 = EDGE_CURVE('',#15490,#11971,#15518,.T.);
#15518 = SURFACE_CURVE('',#15519,(#15523,#15530),.PCURVE_S1.);
#15519 = LINE('',#15520,#15521);
#15520 = CARTESIAN_POINT('',(-5.5,-0.4,-4.3));
#15521 = VECTOR('',#15522,1.);
#15522 = DIRECTION('',(0.,0.,1.));
#15523 = PCURVE('',#11985,#15524);
#15524 = DEFINITIONAL_REPRESENTATION('',(#15525),#15529);
#15525 = LINE('',#15526,#15527);
#15526 = CARTESIAN_POINT('',(0.,0.));
#15527 = VECTOR('',#15528,1.);
#15528 = DIRECTION('',(1.,0.));
#15529 = ( GEOMETRIC_REPRESENTATION_CONTEXT(2) 
PARAMETRIC_REPRESENTATION_CONTEXT() REPRESENTATION_CONTEXT('2D SPACE',''
  ) );
#15530 = PCURVE('',#12011,#15531);
#15531 = DEFINITIONAL_REPRESENTATION('',(#15532),#15536);
#15532 = LINE('',#15533,#15534);
#15533 = CARTESIAN_POINT('',(0.,0.));
#15534 = VECTOR('',#15535,1.);
#15535 = DIRECTION('',(1.,0.));
#15536 = ( GEOMETRIC_REPRESENTATION_CONTEXT(2) 
PARAMETRIC_REPRESENTATION_CONTEXT() REPRESENTATION_CONTEXT('2D SPACE',''
  ) );
#15537 = ORIENTED_EDGE('',*,*,#11968,.F.);
#15538 = ADVANCED_FACE('',(#15539),#12061,.T.);
#15539 = FACE_BOUND('',#15540,.T.);
#15540 = EDGE_LOOP('',(#15541,#15542,#15565,#15586));
#15541 = ORIENTED_EDGE('',*,*,#15466,.F.);
#15542 = ORIENTED_EDGE('',*,*,#15543,.T.);
#15543 = EDGE_CURVE('',#15467,#15544,#15546,.T.);
#15544 = VERTEX_POINT('',#15545);
#15545 = CARTESIAN_POINT('',(-4.7,0.4,-4.3));
#15546 = SURFACE_CURVE('',#15547,(#15551,#15558),.PCURVE_S1.);
#15547 = LINE('',#15548,#15549);
#15548 = CARTESIAN_POINT('',(-4.7,-0.4,-4.3));
#15549 = VECTOR('',#15550,1.);
#15550 = DIRECTION('',(-0.,1.,0.));
#15551 = PCURVE('',#12061,#15552);
#15552 = DEFINITIONAL_REPRESENTATION('',(#15553),#15557);
#15553 = LINE('',#15554,#15555);
#15554 = CARTESIAN_POINT('',(0.,0.));
#15555 = VECTOR('',#15556,1.);
#15556 = DIRECTION('',(0.,-1.));
#15557 = ( GEOMETRIC_REPRESENTATION_CONTEXT(2) 
PARAMETRIC_REPRESENTATION_CONTEXT() REPRESENTATION_CONTEXT('2D SPACE',''
  ) );
#15558 = PCURVE('',#15505,#15559);
#15559 = DEFINITIONAL_REPRESENTATION('',(#15560),#15564);
#15560 = LINE('',#15561,#15562);
#15561 = CARTESIAN_POINT('',(0.8,0.));
#15562 = VECTOR('',#15563,1.);
#15563 = DIRECTION('',(0.,1.));
#15564 = ( GEOMETRIC_REPRESENTATION_CONTEXT(2) 
PARAMETRIC_REPRESENTATION_CONTEXT() REPRESENTATION_CONTEXT('2D SPACE',''
  ) );
#15565 = ORIENTED_EDGE('',*,*,#15566,.T.);
#15566 = EDGE_CURVE('',#15544,#12023,#15567,.T.);
#15567 = SURFACE_CURVE('',#15568,(#15572,#15579),.PCURVE_S1.);
#15568 = LINE('',#15569,#15570);
#15569 = CARTESIAN_POINT('',(-4.7,0.4,-4.3));
#15570 = VECTOR('',#15571,1.);
#15571 = DIRECTION('',(0.,0.,1.));
#15572 = PCURVE('',#12061,#15573);
#15573 = DEFINITIONAL_REPRESENTATION('',(#15574),#15578);
#15574 = LINE('',#15575,#15576);
#15575 = CARTESIAN_POINT('',(0.,-0.8));
#15576 = VECTOR('',#15577,1.);
#15577 = DIRECTION('',(1.,0.));
#15578 = ( GEOMETRIC_REPRESENTATION_CONTEXT(2) 
PARAMETRIC_REPRESENTATION_CONTEXT() REPRESENTATION_CONTEXT('2D SPACE',''
  ) );
#15579 = PCURVE('',#12037,#15580);
#15580 = DEFINITIONAL_REPRESENTATION('',(#15581),#15585);
#15581 = LINE('',#15582,#15583);
#15582 = CARTESIAN_POINT('',(0.,0.8));
#15583 = VECTOR('',#15584,1.);
#15584 = DIRECTION('',(1.,0.));
#15585 = ( GEOMETRIC_REPRESENTATION_CONTEXT(2) 
PARAMETRIC_REPRESENTATION_CONTEXT() REPRESENTATION_CONTEXT('2D SPACE',''
  ) );
#15586 = ORIENTED_EDGE('',*,*,#12048,.F.);
#15587 = ADVANCED_FACE('',(#15588),#12037,.T.);
#15588 = FACE_BOUND('',#15589,.T.);
#15589 = EDGE_LOOP('',(#15590,#15591,#15614,#15635));
#15590 = ORIENTED_EDGE('',*,*,#15566,.F.);
#15591 = ORIENTED_EDGE('',*,*,#15592,.F.);
#15592 = EDGE_CURVE('',#15593,#15544,#15595,.T.);
#15593 = VERTEX_POINT('',#15594);
#15594 = CARTESIAN_POINT('',(-5.5,0.4,-4.3));
#15595 = SURFACE_CURVE('',#15596,(#15600,#15607),.PCURVE_S1.);
#15596 = LINE('',#15597,#15598);
#15597 = CARTESIAN_POINT('',(-5.5,0.4,-4.3));
#15598 = VECTOR('',#15599,1.);
#15599 = DIRECTION('',(1.,0.,-0.));
#15600 = PCURVE('',#12037,#15601);
#15601 = DEFINITIONAL_REPRESENTATION('',(#15602),#15606);
#15602 = LINE('',#15603,#15604);
#15603 = CARTESIAN_POINT('',(0.,0.));
#15604 = VECTOR('',#15605,1.);
#15605 = DIRECTION('',(0.,1.));
#15606 = ( GEOMETRIC_REPRESENTATION_CONTEXT(2) 
PARAMETRIC_REPRESENTATION_CONTEXT() REPRESENTATION_CONTEXT('2D SPACE',''
  ) );
#15607 = PCURVE('',#15505,#15608);
#15608 = DEFINITIONAL_REPRESENTATION('',(#15609),#15613);
#15609 = LINE('',#15610,#15611);
#15610 = CARTESIAN_POINT('',(0.,0.8));
#15611 = VECTOR('',#15612,1.);
#15612 = DIRECTION('',(1.,0.));
#15613 = ( GEOMETRIC_REPRESENTATION_CONTEXT(2) 
PARAMETRIC_REPRESENTATION_CONTEXT() REPRESENTATION_CONTEXT('2D SPACE',''
  ) );
#15614 = ORIENTED_EDGE('',*,*,#15615,.T.);
#15615 = EDGE_CURVE('',#15593,#11997,#15616,.T.);
#15616 = SURFACE_CURVE('',#15617,(#15621,#15628),.PCURVE_S1.);
#15617 = LINE('',#15618,#15619);
#15618 = CARTESIAN_POINT('',(-5.5,0.4,-4.3));
#15619 = VECTOR('',#15620,1.);
#15620 = DIRECTION('',(0.,0.,1.));
#15621 = PCURVE('',#12037,#15622);
#15622 = DEFINITIONAL_REPRESENTATION('',(#15623),#15627);
#15623 = LINE('',#15624,#15625);
#15624 = CARTESIAN_POINT('',(0.,0.));
#15625 = VECTOR('',#15626,1.);
#15626 = DIRECTION('',(1.,0.));
#15627 = ( GEOMETRIC_REPRESENTATION_CONTEXT(2) 
PARAMETRIC_REPRESENTATION_CONTEXT() REPRESENTATION_CONTEXT('2D SPACE',''
  ) );
#15628 = PCURVE('',#12011,#15629);
#15629 = DEFINITIONAL_REPRESENTATION('',(#15630),#15634);
#15630 = LINE('',#15631,#15632);
#15631 = CARTESIAN_POINT('',(0.,-0.8));
#15632 = VECTOR('',#15633,1.);
#15633 = DIRECTION('',(1.,0.));
#15634 = ( GEOMETRIC_REPRESENTATION_CONTEXT(2) 
PARAMETRIC_REPRESENTATION_CONTEXT() REPRESENTATION_CONTEXT('2D SPACE',''
  ) );
#15635 = ORIENTED_EDGE('',*,*,#12022,.F.);
#15636 = ADVANCED_FACE('',(#15637),#12011,.F.);
#15637 = FACE_BOUND('',#15638,.F.);
#15638 = EDGE_LOOP('',(#15639,#15640,#15661,#15662));
#15639 = ORIENTED_EDGE('',*,*,#15517,.F.);
#15640 = ORIENTED_EDGE('',*,*,#15641,.T.);
#15641 = EDGE_CURVE('',#15490,#15593,#15642,.T.);
#15642 = SURFACE_CURVE('',#15643,(#15647,#15654),.PCURVE_S1.);
#15643 = LINE('',#15644,#15645);
#15644 = CARTESIAN_POINT('',(-5.5,-0.4,-4.3));
#15645 = VECTOR('',#15646,1.);
#15646 = DIRECTION('',(-0.,1.,0.));
#15647 = PCURVE('',#12011,#15648);
#15648 = DEFINITIONAL_REPRESENTATION('',(#15649),#15653);
#15649 = LINE('',#15650,#15651);
#15650 = CARTESIAN_POINT('',(0.,0.));
#15651 = VECTOR('',#15652,1.);
#15652 = DIRECTION('',(0.,-1.));
#15653 = ( GEOMETRIC_REPRESENTATION_CONTEXT(2) 
PARAMETRIC_REPRESENTATION_CONTEXT() REPRESENTATION_CONTEXT('2D SPACE',''
  ) );
#15654 = PCURVE('',#15505,#15655);
#15655 = DEFINITIONAL_REPRESENTATION('',(#15656),#15660);
#15656 = LINE('',#15657,#15658);
#15657 = CARTESIAN_POINT('',(0.,0.));
#15658 = VECTOR('',#15659,1.);
#15659 = DIRECTION('',(0.,1.));
#15660 = ( GEOMETRIC_REPRESENTATION_CONTEXT(2) 
PARAMETRIC_REPRESENTATION_CONTEXT() REPRESENTATION_CONTEXT('2D SPACE',''
  ) );
#15661 = ORIENTED_EDGE('',*,*,#15615,.T.);
#15662 = ORIENTED_EDGE('',*,*,#11996,.F.);
#15663 = ADVANCED_FACE('',(#15664),#12098,.F.);
#15664 = FACE_BOUND('',#15665,.F.);
#15665 = EDGE_LOOP('',(#15666,#15689,#15717,#15738));
#15666 = ORIENTED_EDGE('',*,*,#15667,.F.);
#15667 = EDGE_CURVE('',#15668,#12082,#15670,.T.);
#15668 = VERTEX_POINT('',#15669);
#15669 = CARTESIAN_POINT('',(5.5,-0.4,-4.3));
#15670 = SURFACE_CURVE('',#15671,(#15675,#15682),.PCURVE_S1.);
#15671 = LINE('',#15672,#15673);
#15672 = CARTESIAN_POINT('',(5.5,-0.4,-4.3));
#15673 = VECTOR('',#15674,1.);
#15674 = DIRECTION('',(0.,0.,1.));
#15675 = PCURVE('',#12098,#15676);
#15676 = DEFINITIONAL_REPRESENTATION('',(#15677),#15681);
#15677 = LINE('',#15678,#15679);
#15678 = CARTESIAN_POINT('',(0.,0.8));
#15679 = VECTOR('',#15680,1.);
#15680 = DIRECTION('',(1.,0.));
#15681 = ( GEOMETRIC_REPRESENTATION_CONTEXT(2) 
PARAMETRIC_REPRESENTATION_CONTEXT() REPRESENTATION_CONTEXT('2D SPACE',''
  ) );
#15682 = PCURVE('',#12174,#15683);
#15683 = DEFINITIONAL_REPRESENTATION('',(#15684),#15688);
#15684 = LINE('',#15685,#15686);
#15685 = CARTESIAN_POINT('',(0.,0.));
#15686 = VECTOR('',#15687,1.);
#15687 = DIRECTION('',(1.,0.));
#15688 = ( GEOMETRIC_REPRESENTATION_CONTEXT(2) 
PARAMETRIC_REPRESENTATION_CONTEXT() REPRESENTATION_CONTEXT('2D SPACE',''
  ) );
#15689 = ORIENTED_EDGE('',*,*,#15690,.F.);
#15690 = EDGE_CURVE('',#15691,#15668,#15693,.T.);
#15691 = VERTEX_POINT('',#15692);
#15692 = CARTESIAN_POINT('',(4.7,-0.4,-4.3));
#15693 = SURFACE_CURVE('',#15694,(#15698,#15705),.PCURVE_S1.);
#15694 = LINE('',#15695,#15696);
#15695 = CARTESIAN_POINT('',(4.7,-0.4,-4.3));
#15696 = VECTOR('',#15697,1.);
#15697 = DIRECTION('',(1.,0.,-0.));
#15698 = PCURVE('',#12098,#15699);
#15699 = DEFINITIONAL_REPRESENTATION('',(#15700),#15704);
#15700 = LINE('',#15701,#15702);
#15701 = CARTESIAN_POINT('',(0.,0.));
#15702 = VECTOR('',#15703,1.);
#15703 = DIRECTION('',(0.,1.));
#15704 = ( GEOMETRIC_REPRESENTATION_CONTEXT(2) 
PARAMETRIC_REPRESENTATION_CONTEXT() REPRESENTATION_CONTEXT('2D SPACE',''
  ) );
#15705 = PCURVE('',#15706,#15711);
#15706 = PLANE('',#15707);
#15707 = AXIS2_PLACEMENT_3D('',#15708,#15709,#15710);
#15708 = CARTESIAN_POINT('',(4.7,-0.4,-4.3));
#15709 = DIRECTION('',(0.,0.,1.));
#15710 = DIRECTION('',(1.,0.,-0.));
#15711 = DEFINITIONAL_REPRESENTATION('',(#15712),#15716);
#15712 = LINE('',#15713,#15714);
#15713 = CARTESIAN_POINT('',(0.,0.));
#15714 = VECTOR('',#15715,1.);
#15715 = DIRECTION('',(1.,0.));
#15716 = ( GEOMETRIC_REPRESENTATION_CONTEXT(2) 
PARAMETRIC_REPRESENTATION_CONTEXT() REPRESENTATION_CONTEXT('2D SPACE',''
  ) );
#15717 = ORIENTED_EDGE('',*,*,#15718,.T.);
#15718 = EDGE_CURVE('',#15691,#12084,#15719,.T.);
#15719 = SURFACE_CURVE('',#15720,(#15724,#15731),.PCURVE_S1.);
#15720 = LINE('',#15721,#15722);
#15721 = CARTESIAN_POINT('',(4.7,-0.4,-4.3));
#15722 = VECTOR('',#15723,1.);
#15723 = DIRECTION('',(0.,0.,1.));
#15724 = PCURVE('',#12098,#15725);
#15725 = DEFINITIONAL_REPRESENTATION('',(#15726),#15730);
#15726 = LINE('',#15727,#15728);
#15727 = CARTESIAN_POINT('',(0.,0.));
#15728 = VECTOR('',#15729,1.);
#15729 = DIRECTION('',(1.,0.));
#15730 = ( GEOMETRIC_REPRESENTATION_CONTEXT(2) 
PARAMETRIC_REPRESENTATION_CONTEXT() REPRESENTATION_CONTEXT('2D SPACE',''
  ) );
#15731 = PCURVE('',#12124,#15732);
#15732 = DEFINITIONAL_REPRESENTATION('',(#15733),#15737);
#15733 = LINE('',#15734,#15735);
#15734 = CARTESIAN_POINT('',(0.,0.));
#15735 = VECTOR('',#15736,1.);
#15736 = DIRECTION('',(1.,0.));
#15737 = ( GEOMETRIC_REPRESENTATION_CONTEXT(2) 
PARAMETRIC_REPRESENTATION_CONTEXT() REPRESENTATION_CONTEXT('2D SPACE',''
  ) );
#15738 = ORIENTED_EDGE('',*,*,#12081,.F.);
#15739 = ADVANCED_FACE('',(#15740),#12174,.T.);
#15740 = FACE_BOUND('',#15741,.T.);
#15741 = EDGE_LOOP('',(#15742,#15743,#15766,#15787));
#15742 = ORIENTED_EDGE('',*,*,#15667,.F.);
#15743 = ORIENTED_EDGE('',*,*,#15744,.T.);
#15744 = EDGE_CURVE('',#15668,#15745,#15747,.T.);
#15745 = VERTEX_POINT('',#15746);
#15746 = CARTESIAN_POINT('',(5.5,0.4,-4.3));
#15747 = SURFACE_CURVE('',#15748,(#15752,#15759),.PCURVE_S1.);
#15748 = LINE('',#15749,#15750);
#15749 = CARTESIAN_POINT('',(5.5,-0.4,-4.3));
#15750 = VECTOR('',#15751,1.);
#15751 = DIRECTION('',(-0.,1.,0.));
#15752 = PCURVE('',#12174,#15753);
#15753 = DEFINITIONAL_REPRESENTATION('',(#15754),#15758);
#15754 = LINE('',#15755,#15756);
#15755 = CARTESIAN_POINT('',(0.,0.));
#15756 = VECTOR('',#15757,1.);
#15757 = DIRECTION('',(0.,-1.));
#15758 = ( GEOMETRIC_REPRESENTATION_CONTEXT(2) 
PARAMETRIC_REPRESENTATION_CONTEXT() REPRESENTATION_CONTEXT('2D SPACE',''
  ) );
#15759 = PCURVE('',#15706,#15760);
#15760 = DEFINITIONAL_REPRESENTATION('',(#15761),#15765);
#15761 = LINE('',#15762,#15763);
#15762 = CARTESIAN_POINT('',(0.8,0.));
#15763 = VECTOR('',#15764,1.);
#15764 = DIRECTION('',(0.,1.));
#15765 = ( GEOMETRIC_REPRESENTATION_CONTEXT(2) 
PARAMETRIC_REPRESENTATION_CONTEXT() REPRESENTATION_CONTEXT('2D SPACE',''
  ) );
#15766 = ORIENTED_EDGE('',*,*,#15767,.T.);
#15767 = EDGE_CURVE('',#15745,#12136,#15768,.T.);
#15768 = SURFACE_CURVE('',#15769,(#15773,#15780),.PCURVE_S1.);
#15769 = LINE('',#15770,#15771);
#15770 = CARTESIAN_POINT('',(5.5,0.4,-4.3));
#15771 = VECTOR('',#15772,1.);
#15772 = DIRECTION('',(0.,0.,1.));
#15773 = PCURVE('',#12174,#15774);
#15774 = DEFINITIONAL_REPRESENTATION('',(#15775),#15779);
#15775 = LINE('',#15776,#15777);
#15776 = CARTESIAN_POINT('',(0.,-0.8));
#15777 = VECTOR('',#15778,1.);
#15778 = DIRECTION('',(1.,0.));
#15779 = ( GEOMETRIC_REPRESENTATION_CONTEXT(2) 
PARAMETRIC_REPRESENTATION_CONTEXT() REPRESENTATION_CONTEXT('2D SPACE',''
  ) );
#15780 = PCURVE('',#12150,#15781);
#15781 = DEFINITIONAL_REPRESENTATION('',(#15782),#15786);
#15782 = LINE('',#15783,#15784);
#15783 = CARTESIAN_POINT('',(0.,0.8));
#15784 = VECTOR('',#15785,1.);
#15785 = DIRECTION('',(1.,0.));
#15786 = ( GEOMETRIC_REPRESENTATION_CONTEXT(2) 
PARAMETRIC_REPRESENTATION_CONTEXT() REPRESENTATION_CONTEXT('2D SPACE',''
  ) );
#15787 = ORIENTED_EDGE('',*,*,#12161,.F.);
#15788 = ADVANCED_FACE('',(#15789),#12150,.T.);
#15789 = FACE_BOUND('',#15790,.T.);
#15790 = EDGE_LOOP('',(#15791,#15792,#15815,#15836));
#15791 = ORIENTED_EDGE('',*,*,#15767,.F.);
#15792 = ORIENTED_EDGE('',*,*,#15793,.F.);
#15793 = EDGE_CURVE('',#15794,#15745,#15796,.T.);
#15794 = VERTEX_POINT('',#15795);
#15795 = CARTESIAN_POINT('',(4.7,0.4,-4.3));
#15796 = SURFACE_CURVE('',#15797,(#15801,#15808),.PCURVE_S1.);
#15797 = LINE('',#15798,#15799);
#15798 = CARTESIAN_POINT('',(4.7,0.4,-4.3));
#15799 = VECTOR('',#15800,1.);
#15800 = DIRECTION('',(1.,0.,-0.));
#15801 = PCURVE('',#12150,#15802);
#15802 = DEFINITIONAL_REPRESENTATION('',(#15803),#15807);
#15803 = LINE('',#15804,#15805);
#15804 = CARTESIAN_POINT('',(0.,0.));
#15805 = VECTOR('',#15806,1.);
#15806 = DIRECTION('',(0.,1.));
#15807 = ( GEOMETRIC_REPRESENTATION_CONTEXT(2) 
PARAMETRIC_REPRESENTATION_CONTEXT() REPRESENTATION_CONTEXT('2D SPACE',''
  ) );
#15808 = PCURVE('',#15706,#15809);
#15809 = DEFINITIONAL_REPRESENTATION('',(#15810),#15814);
#15810 = LINE('',#15811,#15812);
#15811 = CARTESIAN_POINT('',(0.,0.8));
#15812 = VECTOR('',#15813,1.);
#15813 = DIRECTION('',(1.,0.));
#15814 = ( GEOMETRIC_REPRESENTATION_CONTEXT(2) 
PARAMETRIC_REPRESENTATION_CONTEXT() REPRESENTATION_CONTEXT('2D SPACE',''
  ) );
#15815 = ORIENTED_EDGE('',*,*,#15816,.T.);
#15816 = EDGE_CURVE('',#15794,#12110,#15817,.T.);
#15817 = SURFACE_CURVE('',#15818,(#15822,#15829),.PCURVE_S1.);
#15818 = LINE('',#15819,#15820);
#15819 = CARTESIAN_POINT('',(4.7,0.4,-4.3));
#15820 = VECTOR('',#15821,1.);
#15821 = DIRECTION('',(0.,0.,1.));
#15822 = PCURVE('',#12150,#15823);
#15823 = DEFINITIONAL_REPRESENTATION('',(#15824),#15828);
#15824 = LINE('',#15825,#15826);
#15825 = CARTESIAN_POINT('',(0.,0.));
#15826 = VECTOR('',#15827,1.);
#15827 = DIRECTION('',(1.,0.));
#15828 = ( GEOMETRIC_REPRESENTATION_CONTEXT(2) 
PARAMETRIC_REPRESENTATION_CONTEXT() REPRESENTATION_CONTEXT('2D SPACE',''
  ) );
#15829 = PCURVE('',#12124,#15830);
#15830 = DEFINITIONAL_REPRESENTATION('',(#15831),#15835);
#15831 = LINE('',#15832,#15833);
#15832 = CARTESIAN_POINT('',(0.,-0.8));
#15833 = VECTOR('',#15834,1.);
#15834 = DIRECTION('',(1.,0.));
#15835 = ( GEOMETRIC_REPRESENTATION_CONTEXT(2) 
PARAMETRIC_REPRESENTATION_CONTEXT() REPRESENTATION_CONTEXT('2D SPACE',''
  ) );
#15836 = ORIENTED_EDGE('',*,*,#12135,.F.);
#15837 = ADVANCED_FACE('',(#15838),#12124,.F.);
#15838 = FACE_BOUND('',#15839,.F.);
#15839 = EDGE_LOOP('',(#15840,#15841,#15862,#15863));
#15840 = ORIENTED_EDGE('',*,*,#15718,.F.);
#15841 = ORIENTED_EDGE('',*,*,#15842,.T.);
#15842 = EDGE_CURVE('',#15691,#15794,#15843,.T.);
#15843 = SURFACE_CURVE('',#15844,(#15848,#15855),.PCURVE_S1.);
#15844 = LINE('',#15845,#15846);
#15845 = CARTESIAN_POINT('',(4.7,-0.4,-4.3));
#15846 = VECTOR('',#15847,1.);
#15847 = DIRECTION('',(-0.,1.,0.));
#15848 = PCURVE('',#12124,#15849);
#15849 = DEFINITIONAL_REPRESENTATION('',(#15850),#15854);
#15850 = LINE('',#15851,#15852);
#15851 = CARTESIAN_POINT('',(0.,0.));
#15852 = VECTOR('',#15853,1.);
#15853 = DIRECTION('',(0.,-1.));
#15854 = ( GEOMETRIC_REPRESENTATION_CONTEXT(2) 
PARAMETRIC_REPRESENTATION_CONTEXT() REPRESENTATION_CONTEXT('2D SPACE',''
  ) );
#15855 = PCURVE('',#15706,#15856);
#15856 = DEFINITIONAL_REPRESENTATION('',(#15857),#15861);
#15857 = LINE('',#15858,#15859);
#15858 = CARTESIAN_POINT('',(0.,0.));
#15859 = VECTOR('',#15860,1.);
#15860 = DIRECTION('',(0.,1.));
#15861 = ( GEOMETRIC_REPRESENTATION_CONTEXT(2) 
PARAMETRIC_REPRESENTATION_CONTEXT() REPRESENTATION_CONTEXT('2D SPACE',''
  ) );
#15862 = ORIENTED_EDGE('',*,*,#15816,.T.);
#15863 = ORIENTED_EDGE('',*,*,#12109,.F.);
#15864 = ADVANCED_FACE('',(#15865),#12211,.F.);
#15865 = FACE_BOUND('',#15866,.F.);
#15866 = EDGE_LOOP('',(#15867,#15890,#15918,#15939));
#15867 = ORIENTED_EDGE('',*,*,#15868,.F.);
#15868 = EDGE_CURVE('',#15869,#12195,#15871,.T.);
#15869 = VERTEX_POINT('',#15870);
#15870 = CARTESIAN_POINT('',(-4.7,6.6,-4.3));
#15871 = SURFACE_CURVE('',#15872,(#15876,#15883),.PCURVE_S1.);
#15872 = LINE('',#15873,#15874);
#15873 = CARTESIAN_POINT('',(-4.7,6.6,-4.3));
#15874 = VECTOR('',#15875,1.);
#15875 = DIRECTION('',(0.,0.,1.));
#15876 = PCURVE('',#12211,#15877);
#15877 = DEFINITIONAL_REPRESENTATION('',(#15878),#15882);
#15878 = LINE('',#15879,#15880);
#15879 = CARTESIAN_POINT('',(0.,0.8));
#15880 = VECTOR('',#15881,1.);
#15881 = DIRECTION('',(1.,0.));
#15882 = ( GEOMETRIC_REPRESENTATION_CONTEXT(2) 
PARAMETRIC_REPRESENTATION_CONTEXT() REPRESENTATION_CONTEXT('2D SPACE',''
  ) );
#15883 = PCURVE('',#12287,#15884);
#15884 = DEFINITIONAL_REPRESENTATION('',(#15885),#15889);
#15885 = LINE('',#15886,#15887);
#15886 = CARTESIAN_POINT('',(0.,0.));
#15887 = VECTOR('',#15888,1.);
#15888 = DIRECTION('',(1.,0.));
#15889 = ( GEOMETRIC_REPRESENTATION_CONTEXT(2) 
PARAMETRIC_REPRESENTATION_CONTEXT() REPRESENTATION_CONTEXT('2D SPACE',''
  ) );
#15890 = ORIENTED_EDGE('',*,*,#15891,.F.);
#15891 = EDGE_CURVE('',#15892,#15869,#15894,.T.);
#15892 = VERTEX_POINT('',#15893);
#15893 = CARTESIAN_POINT('',(-5.5,6.6,-4.3));
#15894 = SURFACE_CURVE('',#15895,(#15899,#15906),.PCURVE_S1.);
#15895 = LINE('',#15896,#15897);
#15896 = CARTESIAN_POINT('',(-5.5,6.6,-4.3));
#15897 = VECTOR('',#15898,1.);
#15898 = DIRECTION('',(1.,0.,-0.));
#15899 = PCURVE('',#12211,#15900);
#15900 = DEFINITIONAL_REPRESENTATION('',(#15901),#15905);
#15901 = LINE('',#15902,#15903);
#15902 = CARTESIAN_POINT('',(0.,0.));
#15903 = VECTOR('',#15904,1.);
#15904 = DIRECTION('',(0.,1.));
#15905 = ( GEOMETRIC_REPRESENTATION_CONTEXT(2) 
PARAMETRIC_REPRESENTATION_CONTEXT() REPRESENTATION_CONTEXT('2D SPACE',''
  ) );
#15906 = PCURVE('',#15907,#15912);
#15907 = PLANE('',#15908);
#15908 = AXIS2_PLACEMENT_3D('',#15909,#15910,#15911);
#15909 = CARTESIAN_POINT('',(-5.5,6.6,-4.3));
#15910 = DIRECTION('',(0.,0.,1.));
#15911 = DIRECTION('',(1.,0.,-0.));
#15912 = DEFINITIONAL_REPRESENTATION('',(#15913),#15917);
#15913 = LINE('',#15914,#15915);
#15914 = CARTESIAN_POINT('',(0.,0.));
#15915 = VECTOR('',#15916,1.);
#15916 = DIRECTION('',(1.,0.));
#15917 = ( GEOMETRIC_REPRESENTATION_CONTEXT(2) 
PARAMETRIC_REPRESENTATION_CONTEXT() REPRESENTATION_CONTEXT('2D SPACE',''
  ) );
#15918 = ORIENTED_EDGE('',*,*,#15919,.T.);
#15919 = EDGE_CURVE('',#15892,#12197,#15920,.T.);
#15920 = SURFACE_CURVE('',#15921,(#15925,#15932),.PCURVE_S1.);
#15921 = LINE('',#15922,#15923);
#15922 = CARTESIAN_POINT('',(-5.5,6.6,-4.3));
#15923 = VECTOR('',#15924,1.);
#15924 = DIRECTION('',(0.,0.,1.));
#15925 = PCURVE('',#12211,#15926);
#15926 = DEFINITIONAL_REPRESENTATION('',(#15927),#15931);
#15927 = LINE('',#15928,#15929);
#15928 = CARTESIAN_POINT('',(0.,0.));
#15929 = VECTOR('',#15930,1.);
#15930 = DIRECTION('',(1.,0.));
#15931 = ( GEOMETRIC_REPRESENTATION_CONTEXT(2) 
PARAMETRIC_REPRESENTATION_CONTEXT() REPRESENTATION_CONTEXT('2D SPACE',''
  ) );
#15932 = PCURVE('',#12237,#15933);
#15933 = DEFINITIONAL_REPRESENTATION('',(#15934),#15938);
#15934 = LINE('',#15935,#15936);
#15935 = CARTESIAN_POINT('',(0.,0.));
#15936 = VECTOR('',#15937,1.);
#15937 = DIRECTION('',(1.,0.));
#15938 = ( GEOMETRIC_REPRESENTATION_CONTEXT(2) 
PARAMETRIC_REPRESENTATION_CONTEXT() REPRESENTATION_CONTEXT('2D SPACE',''
  ) );
#15939 = ORIENTED_EDGE('',*,*,#12194,.F.);
#15940 = ADVANCED_FACE('',(#15941),#12287,.T.);
#15941 = FACE_BOUND('',#15942,.T.);
#15942 = EDGE_LOOP('',(#15943,#15944,#15967,#15988));
#15943 = ORIENTED_EDGE('',*,*,#15868,.F.);
#15944 = ORIENTED_EDGE('',*,*,#15945,.T.);
#15945 = EDGE_CURVE('',#15869,#15946,#15948,.T.);
#15946 = VERTEX_POINT('',#15947);
#15947 = CARTESIAN_POINT('',(-4.7,7.4,-4.3));
#15948 = SURFACE_CURVE('',#15949,(#15953,#15960),.PCURVE_S1.);
#15949 = LINE('',#15950,#15951);
#15950 = CARTESIAN_POINT('',(-4.7,6.6,-4.3));
#15951 = VECTOR('',#15952,1.);
#15952 = DIRECTION('',(-0.,1.,0.));
#15953 = PCURVE('',#12287,#15954);
#15954 = DEFINITIONAL_REPRESENTATION('',(#15955),#15959);
#15955 = LINE('',#15956,#15957);
#15956 = CARTESIAN_POINT('',(0.,0.));
#15957 = VECTOR('',#15958,1.);
#15958 = DIRECTION('',(0.,-1.));
#15959 = ( GEOMETRIC_REPRESENTATION_CONTEXT(2) 
PARAMETRIC_REPRESENTATION_CONTEXT() REPRESENTATION_CONTEXT('2D SPACE',''
  ) );
#15960 = PCURVE('',#15907,#15961);
#15961 = DEFINITIONAL_REPRESENTATION('',(#15962),#15966);
#15962 = LINE('',#15963,#15964);
#15963 = CARTESIAN_POINT('',(0.8,0.));
#15964 = VECTOR('',#15965,1.);
#15965 = DIRECTION('',(0.,1.));
#15966 = ( GEOMETRIC_REPRESENTATION_CONTEXT(2) 
PARAMETRIC_REPRESENTATION_CONTEXT() REPRESENTATION_CONTEXT('2D SPACE',''
  ) );
#15967 = ORIENTED_EDGE('',*,*,#15968,.T.);
#15968 = EDGE_CURVE('',#15946,#12249,#15969,.T.);
#15969 = SURFACE_CURVE('',#15970,(#15974,#15981),.PCURVE_S1.);
#15970 = LINE('',#15971,#15972);
#15971 = CARTESIAN_POINT('',(-4.7,7.4,-4.3));
#15972 = VECTOR('',#15973,1.);
#15973 = DIRECTION('',(0.,0.,1.));
#15974 = PCURVE('',#12287,#15975);
#15975 = DEFINITIONAL_REPRESENTATION('',(#15976),#15980);
#15976 = LINE('',#15977,#15978);
#15977 = CARTESIAN_POINT('',(0.,-0.8));
#15978 = VECTOR('',#15979,1.);
#15979 = DIRECTION('',(1.,0.));
#15980 = ( GEOMETRIC_REPRESENTATION_CONTEXT(2) 
PARAMETRIC_REPRESENTATION_CONTEXT() REPRESENTATION_CONTEXT('2D SPACE',''
  ) );
#15981 = PCURVE('',#12263,#15982);
#15982 = DEFINITIONAL_REPRESENTATION('',(#15983),#15987);
#15983 = LINE('',#15984,#15985);
#15984 = CARTESIAN_POINT('',(0.,0.8));
#15985 = VECTOR('',#15986,1.);
#15986 = DIRECTION('',(1.,0.));
#15987 = ( GEOMETRIC_REPRESENTATION_CONTEXT(2) 
PARAMETRIC_REPRESENTATION_CONTEXT() REPRESENTATION_CONTEXT('2D SPACE',''
  ) );
#15988 = ORIENTED_EDGE('',*,*,#12274,.F.);
#15989 = ADVANCED_FACE('',(#15990),#12263,.T.);
#15990 = FACE_BOUND('',#15991,.T.);
#15991 = EDGE_LOOP('',(#15992,#15993,#16016,#16037));
#15992 = ORIENTED_EDGE('',*,*,#15968,.F.);
#15993 = ORIENTED_EDGE('',*,*,#15994,.F.);
#15994 = EDGE_CURVE('',#15995,#15946,#15997,.T.);
#15995 = VERTEX_POINT('',#15996);
#15996 = CARTESIAN_POINT('',(-5.5,7.4,-4.3));
#15997 = SURFACE_CURVE('',#15998,(#16002,#16009),.PCURVE_S1.);
#15998 = LINE('',#15999,#16000);
#15999 = CARTESIAN_POINT('',(-5.5,7.4,-4.3));
#16000 = VECTOR('',#16001,1.);
#16001 = DIRECTION('',(1.,0.,-0.));
#16002 = PCURVE('',#12263,#16003);
#16003 = DEFINITIONAL_REPRESENTATION('',(#16004),#16008);
#16004 = LINE('',#16005,#16006);
#16005 = CARTESIAN_POINT('',(0.,0.));
#16006 = VECTOR('',#16007,1.);
#16007 = DIRECTION('',(0.,1.));
#16008 = ( GEOMETRIC_REPRESENTATION_CONTEXT(2) 
PARAMETRIC_REPRESENTATION_CONTEXT() REPRESENTATION_CONTEXT('2D SPACE',''
  ) );
#16009 = PCURVE('',#15907,#16010);
#16010 = DEFINITIONAL_REPRESENTATION('',(#16011),#16015);
#16011 = LINE('',#16012,#16013);
#16012 = CARTESIAN_POINT('',(0.,0.8));
#16013 = VECTOR('',#16014,1.);
#16014 = DIRECTION('',(1.,0.));
#16015 = ( GEOMETRIC_REPRESENTATION_CONTEXT(2) 
PARAMETRIC_REPRESENTATION_CONTEXT() REPRESENTATION_CONTEXT('2D SPACE',''
  ) );
#16016 = ORIENTED_EDGE('',*,*,#16017,.T.);
#16017 = EDGE_CURVE('',#15995,#12223,#16018,.T.);
#16018 = SURFACE_CURVE('',#16019,(#16023,#16030),.PCURVE_S1.);
#16019 = LINE('',#16020,#16021);
#16020 = CARTESIAN_POINT('',(-5.5,7.4,-4.3));
#16021 = VECTOR('',#16022,1.);
#16022 = DIRECTION('',(0.,0.,1.));
#16023 = PCURVE('',#12263,#16024);
#16024 = DEFINITIONAL_REPRESENTATION('',(#16025),#16029);
#16025 = LINE('',#16026,#16027);
#16026 = CARTESIAN_POINT('',(0.,0.));
#16027 = VECTOR('',#16028,1.);
#16028 = DIRECTION('',(1.,0.));
#16029 = ( GEOMETRIC_REPRESENTATION_CONTEXT(2) 
PARAMETRIC_REPRESENTATION_CONTEXT() REPRESENTATION_CONTEXT('2D SPACE',''
  ) );
#16030 = PCURVE('',#12237,#16031);
#16031 = DEFINITIONAL_REPRESENTATION('',(#16032),#16036);
#16032 = LINE('',#16033,#16034);
#16033 = CARTESIAN_POINT('',(0.,-0.8));
#16034 = VECTOR('',#16035,1.);
#16035 = DIRECTION('',(1.,0.));
#16036 = ( GEOMETRIC_REPRESENTATION_CONTEXT(2) 
PARAMETRIC_REPRESENTATION_CONTEXT() REPRESENTATION_CONTEXT('2D SPACE',''
  ) );
#16037 = ORIENTED_EDGE('',*,*,#12248,.F.);
#16038 = ADVANCED_FACE('',(#16039),#12237,.F.);
#16039 = FACE_BOUND('',#16040,.F.);
#16040 = EDGE_LOOP('',(#16041,#16042,#16063,#16064));
#16041 = ORIENTED_EDGE('',*,*,#15919,.F.);
#16042 = ORIENTED_EDGE('',*,*,#16043,.T.);
#16043 = EDGE_CURVE('',#15892,#15995,#16044,.T.);
#16044 = SURFACE_CURVE('',#16045,(#16049,#16056),.PCURVE_S1.);
#16045 = LINE('',#16046,#16047);
#16046 = CARTESIAN_POINT('',(-5.5,6.6,-4.3));
#16047 = VECTOR('',#16048,1.);
#16048 = DIRECTION('',(-0.,1.,0.));
#16049 = PCURVE('',#12237,#16050);
#16050 = DEFINITIONAL_REPRESENTATION('',(#16051),#16055);
#16051 = LINE('',#16052,#16053);
#16052 = CARTESIAN_POINT('',(0.,0.));
#16053 = VECTOR('',#16054,1.);
#16054 = DIRECTION('',(0.,-1.));
#16055 = ( GEOMETRIC_REPRESENTATION_CONTEXT(2) 
PARAMETRIC_REPRESENTATION_CONTEXT() REPRESENTATION_CONTEXT('2D SPACE',''
  ) );
#16056 = PCURVE('',#15907,#16057);
#16057 = DEFINITIONAL_REPRESENTATION('',(#16058),#16062);
#16058 = LINE('',#16059,#16060);
#16059 = CARTESIAN_POINT('',(0.,0.));
#16060 = VECTOR('',#16061,1.);
#16061 = DIRECTION('',(0.,1.));
#16062 = ( GEOMETRIC_REPRESENTATION_CONTEXT(2) 
PARAMETRIC_REPRESENTATION_CONTEXT() REPRESENTATION_CONTEXT('2D SPACE',''
  ) );
#16063 = ORIENTED_EDGE('',*,*,#16017,.T.);
#16064 = ORIENTED_EDGE('',*,*,#12222,.F.);
#16065 = ADVANCED_FACE('',(#16066),#12324,.F.);
#16066 = FACE_BOUND('',#16067,.F.);
#16067 = EDGE_LOOP('',(#16068,#16091,#16119,#16140));
#16068 = ORIENTED_EDGE('',*,*,#16069,.F.);
#16069 = EDGE_CURVE('',#16070,#12308,#16072,.T.);
#16070 = VERTEX_POINT('',#16071);
#16071 = CARTESIAN_POINT('',(5.5,6.6,-4.3));
#16072 = SURFACE_CURVE('',#16073,(#16077,#16084),.PCURVE_S1.);
#16073 = LINE('',#16074,#16075);
#16074 = CARTESIAN_POINT('',(5.5,6.6,-4.3));
#16075 = VECTOR('',#16076,1.);
#16076 = DIRECTION('',(0.,0.,1.));
#16077 = PCURVE('',#12324,#16078);
#16078 = DEFINITIONAL_REPRESENTATION('',(#16079),#16083);
#16079 = LINE('',#16080,#16081);
#16080 = CARTESIAN_POINT('',(0.,0.8));
#16081 = VECTOR('',#16082,1.);
#16082 = DIRECTION('',(1.,0.));
#16083 = ( GEOMETRIC_REPRESENTATION_CONTEXT(2) 
PARAMETRIC_REPRESENTATION_CONTEXT() REPRESENTATION_CONTEXT('2D SPACE',''
  ) );
#16084 = PCURVE('',#12400,#16085);
#16085 = DEFINITIONAL_REPRESENTATION('',(#16086),#16090);
#16086 = LINE('',#16087,#16088);
#16087 = CARTESIAN_POINT('',(0.,0.));
#16088 = VECTOR('',#16089,1.);
#16089 = DIRECTION('',(1.,0.));
#16090 = ( GEOMETRIC_REPRESENTATION_CONTEXT(2) 
PARAMETRIC_REPRESENTATION_CONTEXT() REPRESENTATION_CONTEXT('2D SPACE',''
  ) );
#16091 = ORIENTED_EDGE('',*,*,#16092,.F.);
#16092 = EDGE_CURVE('',#16093,#16070,#16095,.T.);
#16093 = VERTEX_POINT('',#16094);
#16094 = CARTESIAN_POINT('',(4.7,6.6,-4.3));
#16095 = SURFACE_CURVE('',#16096,(#16100,#16107),.PCURVE_S1.);
#16096 = LINE('',#16097,#16098);
#16097 = CARTESIAN_POINT('',(4.7,6.6,-4.3));
#16098 = VECTOR('',#16099,1.);
#16099 = DIRECTION('',(1.,0.,-0.));
#16100 = PCURVE('',#12324,#16101);
#16101 = DEFINITIONAL_REPRESENTATION('',(#16102),#16106);
#16102 = LINE('',#16103,#16104);
#16103 = CARTESIAN_POINT('',(0.,0.));
#16104 = VECTOR('',#16105,1.);
#16105 = DIRECTION('',(0.,1.));
#16106 = ( GEOMETRIC_REPRESENTATION_CONTEXT(2) 
PARAMETRIC_REPRESENTATION_CONTEXT() REPRESENTATION_CONTEXT('2D SPACE',''
  ) );
#16107 = PCURVE('',#16108,#16113);
#16108 = PLANE('',#16109);
#16109 = AXIS2_PLACEMENT_3D('',#16110,#16111,#16112);
#16110 = CARTESIAN_POINT('',(4.7,6.6,-4.3));
#16111 = DIRECTION('',(0.,0.,1.));
#16112 = DIRECTION('',(1.,0.,-0.));
#16113 = DEFINITIONAL_REPRESENTATION('',(#16114),#16118);
#16114 = LINE('',#16115,#16116);
#16115 = CARTESIAN_POINT('',(0.,0.));
#16116 = VECTOR('',#16117,1.);
#16117 = DIRECTION('',(1.,0.));
#16118 = ( GEOMETRIC_REPRESENTATION_CONTEXT(2) 
PARAMETRIC_REPRESENTATION_CONTEXT() REPRESENTATION_CONTEXT('2D SPACE',''
  ) );
#16119 = ORIENTED_EDGE('',*,*,#16120,.T.);
#16120 = EDGE_CURVE('',#16093,#12310,#16121,.T.);
#16121 = SURFACE_CURVE('',#16122,(#16126,#16133),.PCURVE_S1.);
#16122 = LINE('',#16123,#16124);
#16123 = CARTESIAN_POINT('',(4.7,6.6,-4.3));
#16124 = VECTOR('',#16125,1.);
#16125 = DIRECTION('',(0.,0.,1.));
#16126 = PCURVE('',#12324,#16127);
#16127 = DEFINITIONAL_REPRESENTATION('',(#16128),#16132);
#16128 = LINE('',#16129,#16130);
#16129 = CARTESIAN_POINT('',(0.,0.));
#16130 = VECTOR('',#16131,1.);
#16131 = DIRECTION('',(1.,0.));
#16132 = ( GEOMETRIC_REPRESENTATION_CONTEXT(2) 
PARAMETRIC_REPRESENTATION_CONTEXT() REPRESENTATION_CONTEXT('2D SPACE',''
  ) );
#16133 = PCURVE('',#12350,#16134);
#16134 = DEFINITIONAL_REPRESENTATION('',(#16135),#16139);
#16135 = LINE('',#16136,#16137);
#16136 = CARTESIAN_POINT('',(0.,0.));
#16137 = VECTOR('',#16138,1.);
#16138 = DIRECTION('',(1.,0.));
#16139 = ( GEOMETRIC_REPRESENTATION_CONTEXT(2) 
PARAMETRIC_REPRESENTATION_CONTEXT() REPRESENTATION_CONTEXT('2D SPACE',''
  ) );
#16140 = ORIENTED_EDGE('',*,*,#12307,.F.);
#16141 = ADVANCED_FACE('',(#16142),#12400,.T.);
#16142 = FACE_BOUND('',#16143,.T.);
#16143 = EDGE_LOOP('',(#16144,#16145,#16168,#16189));
#16144 = ORIENTED_EDGE('',*,*,#16069,.F.);
#16145 = ORIENTED_EDGE('',*,*,#16146,.T.);
#16146 = EDGE_CURVE('',#16070,#16147,#16149,.T.);
#16147 = VERTEX_POINT('',#16148);
#16148 = CARTESIAN_POINT('',(5.5,7.4,-4.3));
#16149 = SURFACE_CURVE('',#16150,(#16154,#16161),.PCURVE_S1.);
#16150 = LINE('',#16151,#16152);
#16151 = CARTESIAN_POINT('',(5.5,6.6,-4.3));
#16152 = VECTOR('',#16153,1.);
#16153 = DIRECTION('',(-0.,1.,0.));
#16154 = PCURVE('',#12400,#16155);
#16155 = DEFINITIONAL_REPRESENTATION('',(#16156),#16160);
#16156 = LINE('',#16157,#16158);
#16157 = CARTESIAN_POINT('',(0.,0.));
#16158 = VECTOR('',#16159,1.);
#16159 = DIRECTION('',(0.,-1.));
#16160 = ( GEOMETRIC_REPRESENTATION_CONTEXT(2) 
PARAMETRIC_REPRESENTATION_CONTEXT() REPRESENTATION_CONTEXT('2D SPACE',''
  ) );
#16161 = PCURVE('',#16108,#16162);
#16162 = DEFINITIONAL_REPRESENTATION('',(#16163),#16167);
#16163 = LINE('',#16164,#16165);
#16164 = CARTESIAN_POINT('',(0.8,0.));
#16165 = VECTOR('',#16166,1.);
#16166 = DIRECTION('',(0.,1.));
#16167 = ( GEOMETRIC_REPRESENTATION_CONTEXT(2) 
PARAMETRIC_REPRESENTATION_CONTEXT() REPRESENTATION_CONTEXT('2D SPACE',''
  ) );
#16168 = ORIENTED_EDGE('',*,*,#16169,.T.);
#16169 = EDGE_CURVE('',#16147,#12362,#16170,.T.);
#16170 = SURFACE_CURVE('',#16171,(#16175,#16182),.PCURVE_S1.);
#16171 = LINE('',#16172,#16173);
#16172 = CARTESIAN_POINT('',(5.5,7.4,-4.3));
#16173 = VECTOR('',#16174,1.);
#16174 = DIRECTION('',(0.,0.,1.));
#16175 = PCURVE('',#12400,#16176);
#16176 = DEFINITIONAL_REPRESENTATION('',(#16177),#16181);
#16177 = LINE('',#16178,#16179);
#16178 = CARTESIAN_POINT('',(0.,-0.8));
#16179 = VECTOR('',#16180,1.);
#16180 = DIRECTION('',(1.,0.));
#16181 = ( GEOMETRIC_REPRESENTATION_CONTEXT(2) 
PARAMETRIC_REPRESENTATION_CONTEXT() REPRESENTATION_CONTEXT('2D SPACE',''
  ) );
#16182 = PCURVE('',#12376,#16183);
#16183 = DEFINITIONAL_REPRESENTATION('',(#16184),#16188);
#16184 = LINE('',#16185,#16186);
#16185 = CARTESIAN_POINT('',(0.,0.8));
#16186 = VECTOR('',#16187,1.);
#16187 = DIRECTION('',(1.,0.));
#16188 = ( GEOMETRIC_REPRESENTATION_CONTEXT(2) 
PARAMETRIC_REPRESENTATION_CONTEXT() REPRESENTATION_CONTEXT('2D SPACE',''
  ) );
#16189 = ORIENTED_EDGE('',*,*,#12387,.F.);
#16190 = ADVANCED_FACE('',(#16191),#12376,.T.);
#16191 = FACE_BOUND('',#16192,.T.);
#16192 = EDGE_LOOP('',(#16193,#16194,#16217,#16238));
#16193 = ORIENTED_EDGE('',*,*,#16169,.F.);
#16194 = ORIENTED_EDGE('',*,*,#16195,.F.);
#16195 = EDGE_CURVE('',#16196,#16147,#16198,.T.);
#16196 = VERTEX_POINT('',#16197);
#16197 = CARTESIAN_POINT('',(4.7,7.4,-4.3));
#16198 = SURFACE_CURVE('',#16199,(#16203,#16210),.PCURVE_S1.);
#16199 = LINE('',#16200,#16201);
#16200 = CARTESIAN_POINT('',(4.7,7.4,-4.3));
#16201 = VECTOR('',#16202,1.);
#16202 = DIRECTION('',(1.,0.,-0.));
#16203 = PCURVE('',#12376,#16204);
#16204 = DEFINITIONAL_REPRESENTATION('',(#16205),#16209);
#16205 = LINE('',#16206,#16207);
#16206 = CARTESIAN_POINT('',(0.,0.));
#16207 = VECTOR('',#16208,1.);
#16208 = DIRECTION('',(0.,1.));
#16209 = ( GEOMETRIC_REPRESENTATION_CONTEXT(2) 
PARAMETRIC_REPRESENTATION_CONTEXT() REPRESENTATION_CONTEXT('2D SPACE',''
  ) );
#16210 = PCURVE('',#16108,#16211);
#16211 = DEFINITIONAL_REPRESENTATION('',(#16212),#16216);
#16212 = LINE('',#16213,#16214);
#16213 = CARTESIAN_POINT('',(0.,0.8));
#16214 = VECTOR('',#16215,1.);
#16215 = DIRECTION('',(1.,0.));
#16216 = ( GEOMETRIC_REPRESENTATION_CONTEXT(2) 
PARAMETRIC_REPRESENTATION_CONTEXT() REPRESENTATION_CONTEXT('2D SPACE',''
  ) );
#16217 = ORIENTED_EDGE('',*,*,#16218,.T.);
#16218 = EDGE_CURVE('',#16196,#12336,#16219,.T.);
#16219 = SURFACE_CURVE('',#16220,(#16224,#16231),.PCURVE_S1.);
#16220 = LINE('',#16221,#16222);
#16221 = CARTESIAN_POINT('',(4.7,7.4,-4.3));
#16222 = VECTOR('',#16223,1.);
#16223 = DIRECTION('',(0.,0.,1.));
#16224 = PCURVE('',#12376,#16225);
#16225 = DEFINITIONAL_REPRESENTATION('',(#16226),#16230);
#16226 = LINE('',#16227,#16228);
#16227 = CARTESIAN_POINT('',(0.,0.));
#16228 = VECTOR('',#16229,1.);
#16229 = DIRECTION('',(1.,0.));
#16230 = ( GEOMETRIC_REPRESENTATION_CONTEXT(2) 
PARAMETRIC_REPRESENTATION_CONTEXT() REPRESENTATION_CONTEXT('2D SPACE',''
  ) );
#16231 = PCURVE('',#12350,#16232);
#16232 = DEFINITIONAL_REPRESENTATION('',(#16233),#16237);
#16233 = LINE('',#16234,#16235);
#16234 = CARTESIAN_POINT('',(0.,-0.8));
#16235 = VECTOR('',#16236,1.);
#16236 = DIRECTION('',(1.,0.));
#16237 = ( GEOMETRIC_REPRESENTATION_CONTEXT(2) 
PARAMETRIC_REPRESENTATION_CONTEXT() REPRESENTATION_CONTEXT('2D SPACE',''
  ) );
#16238 = ORIENTED_EDGE('',*,*,#12361,.F.);
#16239 = ADVANCED_FACE('',(#16240),#12350,.F.);
#16240 = FACE_BOUND('',#16241,.F.);
#16241 = EDGE_LOOP('',(#16242,#16243,#16264,#16265));
#16242 = ORIENTED_EDGE('',*,*,#16120,.F.);
#16243 = ORIENTED_EDGE('',*,*,#16244,.T.);
#16244 = EDGE_CURVE('',#16093,#16196,#16245,.T.);
#16245 = SURFACE_CURVE('',#16246,(#16250,#16257),.PCURVE_S1.);
#16246 = LINE('',#16247,#16248);
#16247 = CARTESIAN_POINT('',(4.7,6.6,-4.3));
#16248 = VECTOR('',#16249,1.);
#16249 = DIRECTION('',(-0.,1.,0.));
#16250 = PCURVE('',#12350,#16251);
#16251 = DEFINITIONAL_REPRESENTATION('',(#16252),#16256);
#16252 = LINE('',#16253,#16254);
#16253 = CARTESIAN_POINT('',(0.,0.));
#16254 = VECTOR('',#16255,1.);
#16255 = DIRECTION('',(0.,-1.));
#16256 = ( GEOMETRIC_REPRESENTATION_CONTEXT(2) 
PARAMETRIC_REPRESENTATION_CONTEXT() REPRESENTATION_CONTEXT('2D SPACE',''
  ) );
#16257 = PCURVE('',#16108,#16258);
#16258 = DEFINITIONAL_REPRESENTATION('',(#16259),#16263);
#16259 = LINE('',#16260,#16261);
#16260 = CARTESIAN_POINT('',(0.,0.));
#16261 = VECTOR('',#16262,1.);
#16262 = DIRECTION('',(0.,1.));
#16263 = ( GEOMETRIC_REPRESENTATION_CONTEXT(2) 
PARAMETRIC_REPRESENTATION_CONTEXT() REPRESENTATION_CONTEXT('2D SPACE',''
  ) );
#16264 = ORIENTED_EDGE('',*,*,#16218,.T.);
#16265 = ORIENTED_EDGE('',*,*,#12335,.F.);
#16266 = ADVANCED_FACE('',(#16267,#16797),#13902,.T.);
#16267 = FACE_BOUND('',#16268,.T.);
#16268 = EDGE_LOOP('',(#16269,#16299,#16350,#16402,#16456,#16484,#16535,
    #16563,#16614,#16642,#16696,#16748));
#16269 = ORIENTED_EDGE('',*,*,#16270,.T.);
#16270 = EDGE_CURVE('',#16271,#16273,#16275,.T.);
#16271 = VERTEX_POINT('',#16272);
#16272 = CARTESIAN_POINT('',(-7.87891711273,6.852462184063,
    18.237839867984));
#16273 = VERTEX_POINT('',#16274);
#16274 = CARTESIAN_POINT('',(7.87891711273,6.852462184063,
    18.237839867984));
#16275 = SURFACE_CURVE('',#16276,(#16280,#16287),.PCURVE_S1.);
#16276 = LINE('',#16277,#16278);
#16277 = CARTESIAN_POINT('',(-4.9,6.852462184063,18.237839867984));
#16278 = VECTOR('',#16279,1.);
#16279 = DIRECTION('',(1.,2.22044604925E-16,0.));
#16280 = PCURVE('',#13902,#16281);
#16281 = DEFINITIONAL_REPRESENTATION('',(#16282),#16286);
#16282 = LINE('',#16283,#16284);
#16283 = CARTESIAN_POINT('',(-16.33246218406,2.6));
#16284 = VECTOR('',#16285,1.);
#16285 = DIRECTION('',(0.,1.));
#16286 = ( GEOMETRIC_REPRESENTATION_CONTEXT(2) 
PARAMETRIC_REPRESENTATION_CONTEXT() REPRESENTATION_CONTEXT('2D SPACE',''
  ) );
#16287 = PCURVE('',#16288,#16293);
#16288 = PLANE('',#16289);
#16289 = AXIS2_PLACEMENT_3D('',#16290,#16291,#16292);
#16290 = CARTESIAN_POINT('',(-4.9,6.730528311368,18.326442144346));
#16291 = DIRECTION('',(-1.305262417893E-16,0.587837933884,0.808978716337
    ));
#16292 = DIRECTION('',(1.796293594619E-16,-0.808978716337,0.587837933884
    ));
#16293 = DEFINITIONAL_REPRESENTATION('',(#16294),#16298);
#16294 = LINE('',#16295,#16296);
#16295 = CARTESIAN_POINT('',(-0.150725686885,0.));
#16296 = VECTOR('',#16297,1.);
#16297 = DIRECTION('',(0.,1.));
#16298 = ( GEOMETRIC_REPRESENTATION_CONTEXT(2) 
PARAMETRIC_REPRESENTATION_CONTEXT() REPRESENTATION_CONTEXT('2D SPACE',''
  ) );
#16299 = ORIENTED_EDGE('',*,*,#16300,.F.);
#16300 = EDGE_CURVE('',#16301,#16273,#16303,.T.);
#16301 = VERTEX_POINT('',#16302);
#16302 = CARTESIAN_POINT('',(8.053454894669,6.666146173715,
    18.237839867984));
#16303 = SURFACE_CURVE('',#16304,(#16309,#16316),.PCURVE_S1.);
#16304 = ELLIPSE('',#16305,0.329740995693,0.193834265625);
#16305 = AXIS2_PLACEMENT_3D('',#16306,#16307,#16308);
#16306 = CARTESIAN_POINT('',(7.87891711273,6.52272118837,18.237839867984
    ));
#16307 = DIRECTION('',(-3.047357506942E-32,1.372407813273E-16,1.));
#16308 = DIRECTION('',(2.22044604925E-16,-1.,1.372407813273E-16));
#16309 = PCURVE('',#13902,#16310);
#16310 = DEFINITIONAL_REPRESENTATION('',(#16311),#16315);
#16311 = ELLIPSE('',#16312,0.329740995693,0.193834265625);
#16312 = AXIS2_PLACEMENT_2D('',#16313,#16314);
#16313 = CARTESIAN_POINT('',(-16.00272118837,15.37891711273));
#16314 = DIRECTION('',(1.,0.));
#16315 = ( GEOMETRIC_REPRESENTATION_CONTEXT(2) 
PARAMETRIC_REPRESENTATION_CONTEXT() REPRESENTATION_CONTEXT('2D SPACE',''
  ) );
#16316 = PCURVE('',#16317,#16322);
#16317 = CYLINDRICAL_SURFACE('',#16318,0.193834265625);
#16318 = AXIS2_PLACEMENT_3D('',#16319,#16320,#16321);
#16319 = CARTESIAN_POINT('',(7.87891711273,6.616585177147,
    18.169634348959));
#16320 = DIRECTION('',(1.796293594619E-16,-0.808978716337,0.587837933884
    ));
#16321 = DIRECTION('',(1.305262417893E-16,-0.587837933884,
    -0.808978716337));
#16322 = DEFINITIONAL_REPRESENTATION('',(#16323),#16349);
#16323 = B_SPLINE_CURVE_WITH_KNOTS('',3,(#16324,#16325,#16326,#16327,
    #16328,#16329,#16330,#16331,#16332,#16333,#16334,#16335,#16336,
    #16337,#16338,#16339,#16340,#16341,#16342,#16343,#16344,#16345,
    #16346,#16347,#16348),.UNSPECIFIED.,.F.,.F.,(4,1,1,1,1,1,1,1,1,1,1,1
    ,1,1,1,1,1,1,1,1,1,1,4),(2.020793016193,2.071738454257,2.12268389232
    ,2.173629330384,2.224574768447,2.275520206511,2.326465644574,
    2.377411082638,2.428356520701,2.479301958764,2.530247396828,
    2.581192834891,2.632138272955,2.683083711018,2.734029149082,
    2.784974587145,2.835920025209,2.886865463272,2.937810901336,
    2.988756339399,3.039701777463,3.090647215526,3.14159265359),
  .QUASI_UNIFORM_KNOTS.);
#16324 = CARTESIAN_POINT('',(2.020793016193,2.30926389122E-14));
#16325 = CARTESIAN_POINT('',(2.037774828881,-4.079066475543E-03));
#16326 = CARTESIAN_POINT('',(2.071738454257,-1.213654257624E-02));
#16327 = CARTESIAN_POINT('',(2.12268389232,-2.389039045613E-02));
#16328 = CARTESIAN_POINT('',(2.173629330384,-3.528111330702E-02));
#16329 = CARTESIAN_POINT('',(2.224574768447,-4.627922300397E-02));
#16330 = CARTESIAN_POINT('',(2.275520206511,-5.68561622186E-02));
#16331 = CARTESIAN_POINT('',(2.326465644574,-6.698449008364E-02));
#16332 = CARTESIAN_POINT('',(2.377411082638,-7.663792350568E-02));
#16333 = CARTESIAN_POINT('',(2.428356520701,-8.579141337635E-02));
#16334 = CARTESIAN_POINT('',(2.479301958765,-9.442120742539E-02));
#16335 = CARTESIAN_POINT('',(2.530247396828,-0.10250491243));
#16336 = CARTESIAN_POINT('',(2.581192834891,-0.110021552168));
#16337 = CARTESIAN_POINT('',(2.632138272955,-0.116951621892));
#16338 = CARTESIAN_POINT('',(2.683083711018,-0.123277138924));
#16339 = CARTESIAN_POINT('',(2.734029149082,-0.128981689342));
#16340 = CARTESIAN_POINT('',(2.784974587145,-0.134050470492));
#16341 = CARTESIAN_POINT('',(2.835920025209,-0.138470329709));
#16342 = CARTESIAN_POINT('',(2.886865463272,-0.142229797276));
#16343 = CARTESIAN_POINT('',(2.937810901336,-0.145319120558));
#16344 = CARTESIAN_POINT('',(2.988756339399,-0.147730272997));
#16345 = CARTESIAN_POINT('',(3.039701777463,-0.149457035814));
#16346 = CARTESIAN_POINT('',(3.090647215526,-0.150494786972));
#16347 = CARTESIAN_POINT('',(3.124610840902,-0.150725836306));
#16348 = CARTESIAN_POINT('',(3.14159265359,-0.150725686885));
#16349 = ( GEOMETRIC_REPRESENTATION_CONTEXT(2) 
PARAMETRIC_REPRESENTATION_CONTEXT() REPRESENTATION_CONTEXT('2D SPACE',''
  ) );
#16350 = ORIENTED_EDGE('',*,*,#16351,.T.);
#16351 = EDGE_CURVE('',#16301,#16352,#16354,.T.);
#16352 = VERTEX_POINT('',#16353);
#16353 = CARTESIAN_POINT('',(8.072400086337,6.39937033294,
    18.237839867984));
#16354 = SURFACE_CURVE('',#16355,(#16360,#16368),.PCURVE_S1.);
#16355 = B_SPLINE_CURVE_WITH_KNOTS('',3,(#16356,#16357,#16358,#16359),
  .UNSPECIFIED.,.F.,.F.,(4,4),(0.,2.67447694902E-04),
  .PIECEWISE_BEZIER_KNOTS.);
#16356 = CARTESIAN_POINT('',(8.053454894669,6.666146173715,
    18.237839867984));
#16357 = CARTESIAN_POINT('',(8.078331437705,6.578539044227,
    18.237839867984));
#16358 = CARTESIAN_POINT('',(8.073020700829,6.488788153137,
    18.237839867984));
#16359 = CARTESIAN_POINT('',(8.072400086337,6.39937033294,
    18.237839867984));
#16360 = PCURVE('',#13902,#16361);
#16361 = DEFINITIONAL_REPRESENTATION('',(#16362),#16367);
#16362 = B_SPLINE_CURVE_WITH_KNOTS('',3,(#16363,#16364,#16365,#16366),
  .UNSPECIFIED.,.F.,.F.,(4,4),(0.,2.67447694902E-04),
  .PIECEWISE_BEZIER_KNOTS.);
#16363 = CARTESIAN_POINT('',(-16.14614617371,15.553454894669));
#16364 = CARTESIAN_POINT('',(-16.05853904422,15.578331437705));
#16365 = CARTESIAN_POINT('',(-15.96878815313,15.573020700829));
#16366 = CARTESIAN_POINT('',(-15.87937033294,15.572400086337));
#16367 = ( GEOMETRIC_REPRESENTATION_CONTEXT(2) 
PARAMETRIC_REPRESENTATION_CONTEXT() REPRESENTATION_CONTEXT('2D SPACE',''
  ) );
#16368 = PCURVE('',#16369,#16374);
#16369 = TOROIDAL_SURFACE('',#16370,0.307088279386,0.193834265625);
#16370 = AXIS2_PLACEMENT_3D('',#16371,#16372,#16373);
#16371 = CARTESIAN_POINT('',(7.87891711273,6.436067037473,
    17.921206466899));
#16372 = DIRECTION('',(1.,2.22044604925E-16,0.));
#16373 = DIRECTION('',(0.,-0.,1.));
#16374 = DEFINITIONAL_REPRESENTATION('',(#16375),#16401);
#16375 = B_SPLINE_CURVE_WITH_KNOTS('',3,(#16376,#16377,#16378,#16379,
    #16380,#16381,#16382,#16383,#16384,#16385,#16386,#16387,#16388,
    #16389,#16390,#16391,#16392,#16393,#16394,#16395,#16396,#16397,
    #16398,#16399,#16400),.UNSPECIFIED.,.F.,.F.,(4,1,1,1,1,1,1,1,1,1,1,1
    ,1,1,1,1,1,1,1,1,1,1,4),(0.,1.215671340464E-05,2.431342680927E-05,
    3.647014021391E-05,4.862685361855E-05,6.078356702318E-05,
    7.294028042782E-05,8.509699383245E-05,9.725370723709E-05,
    1.094104206417E-04,1.215671340464E-04,1.33723847451E-04,
    1.458805608556E-04,1.580372742603E-04,1.701939876649E-04,
    1.823507010695E-04,1.945074144742E-04,2.066641278788E-04,
    2.188208412835E-04,2.309775546881E-04,2.431342680927E-04,
    2.552909814974E-04,2.67447694902E-04),.QUASI_UNIFORM_KNOTS.);
#16376 = CARTESIAN_POINT('',(5.654801656893,1.120799637397));
#16377 = CARTESIAN_POINT('',(5.663031962705,1.134211193058));
#16378 = CARTESIAN_POINT('',(5.679807529286,1.160409694294));
#16379 = CARTESIAN_POINT('',(5.705930105264,1.197823325761));
#16380 = CARTESIAN_POINT('',(5.733028087426,1.233343675376));
#16381 = CARTESIAN_POINT('',(5.76111128991,1.26695763136));
#16382 = CARTESIAN_POINT('',(5.790184258104,1.298648322721));
#16383 = CARTESIAN_POINT('',(5.82024483353,1.328394353774));
#16384 = CARTESIAN_POINT('',(5.851283383477,1.35616969916));
#16385 = CARTESIAN_POINT('',(5.883281879353,1.38194377727));
#16386 = CARTESIAN_POINT('',(5.916213092025,1.405681787449));
#16387 = CARTESIAN_POINT('',(5.950039889847,1.427345250647));
#16388 = CARTESIAN_POINT('',(5.984714706557,1.446892739511));
#16389 = CARTESIAN_POINT('',(6.020179226684,1.464280779198));
#16390 = CARTESIAN_POINT('',(6.05636433897,1.479464909158));
#16391 = CARTESIAN_POINT('',(6.09319039956,1.492400901901));
#16392 = CARTESIAN_POINT('',(6.130567834464,1.503046138787));
#16393 = CARTESIAN_POINT('',(6.168398094976,1.511361154018));
#16394 = CARTESIAN_POINT('',(6.206574953983,1.517311336872));
#16395 = CARTESIAN_POINT('',(6.244986126863,1.520868873032));
#16396 = CARTESIAN_POINT('',(6.283515108103,1.52201466537));
#16397 = CARTESIAN_POINT('',(6.322043355238,1.52074122425));
#16398 = CARTESIAN_POINT('',(6.36045196416,1.517052805923));
#16399 = CARTESIAN_POINT('',(6.385901055617,1.513001989047));
#16400 = CARTESIAN_POINT('',(6.398567047108,1.510582050007));
#16401 = ( GEOMETRIC_REPRESENTATION_CONTEXT(2) 
PARAMETRIC_REPRESENTATION_CONTEXT() REPRESENTATION_CONTEXT('2D SPACE',''
  ) );
#16402 = ORIENTED_EDGE('',*,*,#16403,.T.);
#16403 = EDGE_CURVE('',#16352,#16404,#16406,.T.);
#16404 = VERTEX_POINT('',#16405);
#16405 = CARTESIAN_POINT('',(8.072751378355,2.788422242862,
    18.237839867984));
#16406 = SURFACE_CURVE('',#16407,(#16413,#16422),.PCURVE_S1.);
#16407 = B_SPLINE_CURVE_WITH_KNOTS('',3,(#16408,#16409,#16410,#16411,
    #16412),.UNSPECIFIED.,.F.,.F.,(4,1,4),(0.,1.805571267147E-03,
    3.611142534295E-03),.QUASI_UNIFORM_KNOTS.);
#16408 = CARTESIAN_POINT('',(8.072400086337,6.39937033294,
    18.237839867984));
#16409 = CARTESIAN_POINT('',(8.068222718144,5.797497249418,
    18.237839867984));
#16410 = CARTESIAN_POINT('',(8.002305885363,4.594238833507,
    18.237839867984));
#16411 = CARTESIAN_POINT('',(8.072751378355,3.390592295851,
    18.237839867984));
#16412 = CARTESIAN_POINT('',(8.072751378355,2.788422242862,
    18.237839867984));
#16413 = PCURVE('',#13902,#16414);
#16414 = DEFINITIONAL_REPRESENTATION('',(#16415),#16421);
#16415 = B_SPLINE_CURVE_WITH_KNOTS('',3,(#16416,#16417,#16418,#16419,
    #16420),.UNSPECIFIED.,.F.,.F.,(4,1,4),(0.,1.805571267147E-03,
    3.611142534295E-03),.QUASI_UNIFORM_KNOTS.);
#16416 = CARTESIAN_POINT('',(-15.87937033294,15.572400086337));
#16417 = CARTESIAN_POINT('',(-15.27749724941,15.568222718144));
#16418 = CARTESIAN_POINT('',(-14.0742388335,15.502305885363));
#16419 = CARTESIAN_POINT('',(-12.87059229585,15.572751378355));
#16420 = CARTESIAN_POINT('',(-12.26842224286,15.572751378355));
#16421 = ( GEOMETRIC_REPRESENTATION_CONTEXT(2) 
PARAMETRIC_REPRESENTATION_CONTEXT() REPRESENTATION_CONTEXT('2D SPACE',''
  ) );
#16422 = PCURVE('',#16423,#16428);
#16423 = TOROIDAL_SURFACE('',#16424,15.266081598248,0.193834265625);
#16424 = AXIS2_PLACEMENT_3D('',#16425,#16426,#16427);
#16425 = CARTESIAN_POINT('',(7.87891711273,4.643191863162,
    33.390828913714));
#16426 = DIRECTION('',(1.,2.22044604925E-16,0.));
#16427 = DIRECTION('',(0.,-0.,1.));
#16428 = DEFINITIONAL_REPRESENTATION('',(#16429),#16455);
#16429 = B_SPLINE_CURVE_WITH_KNOTS('',3,(#16430,#16431,#16432,#16433,
    #16434,#16435,#16436,#16437,#16438,#16439,#16440,#16441,#16442,
    #16443,#16444,#16445,#16446,#16447,#16448,#16449,#16450,#16451,
    #16452,#16453,#16454),.UNSPECIFIED.,.F.,.F.,(4,1,1,1,1,1,1,1,1,1,1,1
    ,1,1,1,1,1,1,1,1,1,1,4),(0.,1.641428424679E-04,3.282856849359E-04,
    4.924285274038E-04,6.565713698718E-04,8.207142123397E-04,
    9.848570548076E-04,1.148999897276E-03,1.313142739744E-03,
    1.477285582211E-03,1.641428424679E-03,1.805571267147E-03,
    1.969714109615E-03,2.133856952083E-03,2.297999794551E-03,
    2.462142637019E-03,2.626285479487E-03,2.790428321955E-03,
    2.954571164423E-03,3.118714006891E-03,3.282856849359E-03,
    3.446999691827E-03,3.611142534295E-03),.QUASI_UNIFORM_KNOTS.);
#16430 = CARTESIAN_POINT('',(3.256974393519,1.631010603582));
#16431 = CARTESIAN_POINT('',(3.253411367412,1.663559348285));
#16432 = CARTESIAN_POINT('',(3.246276740023,1.725839066457));
#16433 = CARTESIAN_POINT('',(3.235551373409,1.811018804398));
#16434 = CARTESIAN_POINT('',(3.224804869979,1.888222973708));
#16435 = CARTESIAN_POINT('',(3.214039557953,1.957538058006));
#16436 = CARTESIAN_POINT('',(3.20325778773,2.018896451554));
#16437 = CARTESIAN_POINT('',(3.192461932696,2.072057011529));
#16438 = CARTESIAN_POINT('',(3.181654385081,2.116610977127));
#16439 = CARTESIAN_POINT('',(3.170837553055,2.151989242926));
#16440 = CARTESIAN_POINT('',(3.160013857425,2.177476390682));
#16441 = CARTESIAN_POINT('',(3.149185728379,2.192235809684));
#16442 = CARTESIAN_POINT('',(3.138355602174,2.195352645647));
#16443 = CARTESIAN_POINT('',(3.127525917812,2.185925838328));
#16444 = CARTESIAN_POINT('',(3.116699140807,2.164943790969));
#16445 = CARTESIAN_POINT('',(3.105877732676,2.133386316766));
#16446 = CARTESIAN_POINT('',(3.095064147552,2.092142399076));
#16447 = CARTESIAN_POINT('',(3.084260828822,2.041965030163));
#16448 = CARTESIAN_POINT('',(3.073470205824,1.983441254133));
#16449 = CARTESIAN_POINT('',(3.062694690497,1.916970038512));
#16450 = CARTESIAN_POINT('',(3.051936674455,1.842746489133));
#16451 = CARTESIAN_POINT('',(3.041198524759,1.760746276084));
#16452 = CARTESIAN_POINT('',(3.030482584897,1.67074484696));
#16453 = CARTESIAN_POINT('',(3.023354966091,1.605097785577));
#16454 = CARTESIAN_POINT('',(3.019795627585,1.570796326795));
#16455 = ( GEOMETRIC_REPRESENTATION_CONTEXT(2) 
PARAMETRIC_REPRESENTATION_CONTEXT() REPRESENTATION_CONTEXT('2D SPACE',''
  ) );
#16456 = ORIENTED_EDGE('',*,*,#16457,.F.);
#16457 = EDGE_CURVE('',#16458,#16404,#16460,.T.);
#16458 = VERTEX_POINT('',#16459);
#16459 = CARTESIAN_POINT('',(8.072751378355,-6.674644095867,
    18.237839867984));
#16460 = SURFACE_CURVE('',#16461,(#16465,#16472),.PCURVE_S1.);
#16461 = LINE('',#16462,#16463);
#16462 = CARTESIAN_POINT('',(8.072751378355,6.852462184063,
    18.237839867984));
#16463 = VECTOR('',#16464,1.);
#16464 = DIRECTION('',(-2.22044604925E-16,1.,-1.261488737407E-16));
#16465 = PCURVE('',#13902,#16466);
#16466 = DEFINITIONAL_REPRESENTATION('',(#16467),#16471);
#16467 = LINE('',#16468,#16469);
#16468 = CARTESIAN_POINT('',(-16.33246218406,15.572751378355));
#16469 = VECTOR('',#16470,1.);
#16470 = DIRECTION('',(-1.,0.));
#16471 = ( GEOMETRIC_REPRESENTATION_CONTEXT(2) 
PARAMETRIC_REPRESENTATION_CONTEXT() REPRESENTATION_CONTEXT('2D SPACE',''
  ) );
#16472 = PCURVE('',#16473,#16478);
#16473 = PLANE('',#16474);
#16474 = AXIS2_PLACEMENT_3D('',#16475,#16476,#16477);
#16475 = CARTESIAN_POINT('',(8.072751378355,6.436067037473,
    17.921206466899));
#16476 = DIRECTION('',(1.,2.22044604925E-16,0.));
#16477 = DIRECTION('',(0.,-0.,1.));
#16478 = DEFINITIONAL_REPRESENTATION('',(#16479),#16483);
#16479 = LINE('',#16480,#16481);
#16480 = CARTESIAN_POINT('',(0.316633401086,-0.416395146591));
#16481 = VECTOR('',#16482,1.);
#16482 = DIRECTION('',(-1.261488737407E-16,-1.));
#16483 = ( GEOMETRIC_REPRESENTATION_CONTEXT(2) 
PARAMETRIC_REPRESENTATION_CONTEXT() REPRESENTATION_CONTEXT('2D SPACE',''
  ) );
#16484 = ORIENTED_EDGE('',*,*,#16485,.F.);
#16485 = EDGE_CURVE('',#16486,#16458,#16488,.T.);
#16486 = VERTEX_POINT('',#16487);
#16487 = CARTESIAN_POINT('',(7.87891711273,-6.89893665555,
    18.237839867984));
#16488 = SURFACE_CURVE('',#16489,(#16494,#16501),.PCURVE_S1.);
#16489 = ELLIPSE('',#16490,0.224292559683,0.193834265625);
#16490 = AXIS2_PLACEMENT_3D('',#16491,#16492,#16493);
#16491 = CARTESIAN_POINT('',(7.87891711273,-6.674644095867,
    18.237839867984));
#16492 = DIRECTION('',(-3.047357506942E-32,1.372407813273E-16,1.));
#16493 = DIRECTION('',(2.22044604925E-16,-1.,1.372407813273E-16));
#16494 = PCURVE('',#13902,#16495);
#16495 = DEFINITIONAL_REPRESENTATION('',(#16496),#16500);
#16496 = ELLIPSE('',#16497,0.224292559683,0.193834265625);
#16497 = AXIS2_PLACEMENT_2D('',#16498,#16499);
#16498 = CARTESIAN_POINT('',(-2.805355904133,15.37891711273));
#16499 = DIRECTION('',(1.,0.));
#16500 = ( GEOMETRIC_REPRESENTATION_CONTEXT(2) 
PARAMETRIC_REPRESENTATION_CONTEXT() REPRESENTATION_CONTEXT('2D SPACE',''
  ) );
#16501 = PCURVE('',#16502,#16507);
#16502 = CYLINDRICAL_SURFACE('',#16503,0.193834265625);
#16503 = AXIS2_PLACEMENT_3D('',#16504,#16505,#16506);
#16504 = CARTESIAN_POINT('',(7.87891711273,-3.493300113425,
    23.702137916171));
#16505 = DIRECTION('',(1.117203175232E-16,-0.503143580367,
    -0.864202833561));
#16506 = DIRECTION('',(-1.918915767532E-16,0.864202833561,
    -0.503143580367));
#16507 = DEFINITIONAL_REPRESENTATION('',(#16508),#16534);
#16508 = B_SPLINE_CURVE_WITH_KNOTS('',3,(#16509,#16510,#16511,#16512,
    #16513,#16514,#16515,#16516,#16517,#16518,#16519,#16520,#16521,
    #16522,#16523,#16524,#16525,#16526,#16527,#16528,#16529,#16530,
    #16531,#16532,#16533),.UNSPECIFIED.,.F.,.F.,(4,1,1,1,1,1,1,1,1,1,1,1
    ,1,1,1,1,1,1,1,1,1,1,4),(0.,7.139983303613E-02,0.142799666072,
    0.214199499108,0.285599332145,0.356999165181,0.428398998217,
    0.499798831253,0.571198664289,0.642598497325,0.713998330361,
    0.785398163397,0.856797996434,0.92819782947,0.999597662506,
    1.070997495542,1.142397328578,1.213797161614,1.28519699465,
    1.356596827687,1.427996660723,1.499396493759,1.570796326795),
  .QUASI_UNIFORM_KNOTS.);
#16509 = CARTESIAN_POINT('',(3.14159265359,6.4357860199));
#16510 = CARTESIAN_POINT('',(3.117792709244,6.43578626327));
#16511 = CARTESIAN_POINT('',(3.070192820554,6.43559405579));
#16512 = CARTESIAN_POINT('',(2.998792987518,6.434732335219));
#16513 = CARTESIAN_POINT('',(2.927393154481,6.433300737881));
#16514 = CARTESIAN_POINT('',(2.855993321445,6.431306788915));
#16515 = CARTESIAN_POINT('',(2.784593488409,6.428760587386));
#16516 = CARTESIAN_POINT('',(2.713193655373,6.425675124671));
#16517 = CARTESIAN_POINT('',(2.641793822337,6.422066119154));
#16518 = CARTESIAN_POINT('',(2.570393989301,6.417951962687));
#16519 = CARTESIAN_POINT('',(2.498994156265,6.41335361975));
#16520 = CARTESIAN_POINT('',(2.427594323228,6.40829452253));
#16521 = CARTESIAN_POINT('',(2.356194490192,6.402800451003));
#16522 = CARTESIAN_POINT('',(2.284794657156,6.396899401705));
#16523 = CARTESIAN_POINT('',(2.21339482412,6.390621445029));
#16524 = CARTESIAN_POINT('',(2.141994991084,6.383998572005));
#16525 = CARTESIAN_POINT('',(2.070595158048,6.377064531268));
#16526 = CARTESIAN_POINT('',(1.999195325012,6.369854657128));
#16527 = CARTESIAN_POINT('',(1.927795491976,6.362405689348));
#16528 = CARTESIAN_POINT('',(1.856395658939,6.354755586547));
#16529 = CARTESIAN_POINT('',(1.784995825903,6.346943330451));
#16530 = CARTESIAN_POINT('',(1.713595992867,6.339008735917));
#16531 = CARTESIAN_POINT('',(1.642196159831,6.330992215697));
#16532 = CARTESIAN_POINT('',(1.59459627114,6.325620535398));
#16533 = CARTESIAN_POINT('',(1.570796326795,6.322934658371));
#16534 = ( GEOMETRIC_REPRESENTATION_CONTEXT(2) 
PARAMETRIC_REPRESENTATION_CONTEXT() REPRESENTATION_CONTEXT('2D SPACE',''
  ) );
#16535 = ORIENTED_EDGE('',*,*,#16536,.F.);
#16536 = EDGE_CURVE('',#16537,#16486,#16539,.T.);
#16537 = VERTEX_POINT('',#16538);
#16538 = CARTESIAN_POINT('',(-7.87891711273,-6.89893665555,
    18.237839867984));
#16539 = SURFACE_CURVE('',#16540,(#16544,#16551),.PCURVE_S1.);
#16540 = LINE('',#16541,#16542);
#16541 = CARTESIAN_POINT('',(-4.9,-6.89893665555,18.237839867984));
#16542 = VECTOR('',#16543,1.);
#16543 = DIRECTION('',(1.,2.22044604925E-16,0.));
#16544 = PCURVE('',#13902,#16545);
#16545 = DEFINITIONAL_REPRESENTATION('',(#16546),#16550);
#16546 = LINE('',#16547,#16548);
#16547 = CARTESIAN_POINT('',(-2.58106334445,2.6));
#16548 = VECTOR('',#16549,1.);
#16549 = DIRECTION('',(0.,1.));
#16550 = ( GEOMETRIC_REPRESENTATION_CONTEXT(2) 
PARAMETRIC_REPRESENTATION_CONTEXT() REPRESENTATION_CONTEXT('2D SPACE',''
  ) );
#16551 = PCURVE('',#16552,#16557);
#16552 = PLANE('',#16553);
#16553 = AXIS2_PLACEMENT_3D('',#16554,#16555,#16556);
#16554 = CARTESIAN_POINT('',(-4.9,-6.89893665555,18.237839867984));
#16555 = DIRECTION('',(1.918915767532E-16,-0.864202833561,0.503143580367
    ));
#16556 = DIRECTION('',(1.117203175232E-16,-0.503143580367,
    -0.864202833561));
#16557 = DEFINITIONAL_REPRESENTATION('',(#16558),#16562);
#16558 = LINE('',#16559,#16560);
#16559 = CARTESIAN_POINT('',(0.,0.));
#16560 = VECTOR('',#16561,1.);
#16561 = DIRECTION('',(0.,1.));
#16562 = ( GEOMETRIC_REPRESENTATION_CONTEXT(2) 
PARAMETRIC_REPRESENTATION_CONTEXT() REPRESENTATION_CONTEXT('2D SPACE',''
  ) );
#16563 = ORIENTED_EDGE('',*,*,#16564,.F.);
#16564 = EDGE_CURVE('',#16565,#16537,#16567,.T.);
#16565 = VERTEX_POINT('',#16566);
#16566 = CARTESIAN_POINT('',(-8.072751378355,-6.674644095867,
    18.237839867984));
#16567 = SURFACE_CURVE('',#16568,(#16573,#16580),.PCURVE_S1.);
#16568 = ELLIPSE('',#16569,0.224292559683,0.193834265625);
#16569 = AXIS2_PLACEMENT_3D('',#16570,#16571,#16572);
#16570 = CARTESIAN_POINT('',(-7.87891711273,-6.674644095867,
    18.237839867984));
#16571 = DIRECTION('',(-3.047357506942E-32,1.372407813273E-16,1.));
#16572 = DIRECTION('',(-2.22044604925E-16,1.,-1.372407813273E-16));
#16573 = PCURVE('',#13902,#16574);
#16574 = DEFINITIONAL_REPRESENTATION('',(#16575),#16579);
#16575 = ELLIPSE('',#16576,0.224292559683,0.193834265625);
#16576 = AXIS2_PLACEMENT_2D('',#16577,#16578);
#16577 = CARTESIAN_POINT('',(-2.805355904133,-0.37891711273));
#16578 = DIRECTION('',(-1.,0.));
#16579 = ( GEOMETRIC_REPRESENTATION_CONTEXT(2) 
PARAMETRIC_REPRESENTATION_CONTEXT() REPRESENTATION_CONTEXT('2D SPACE',''
  ) );
#16580 = PCURVE('',#16581,#16586);
#16581 = CYLINDRICAL_SURFACE('',#16582,0.193834265625);
#16582 = AXIS2_PLACEMENT_3D('',#16583,#16584,#16585);
#16583 = CARTESIAN_POINT('',(-7.87891711273,-6.731424533956,
    18.14031340158));
#16584 = DIRECTION('',(-1.117203175232E-16,0.503143580367,0.864202833561
    ));
#16585 = DIRECTION('',(1.918915767532E-16,-0.864202833561,0.503143580367
    ));
#16586 = DEFINITIONAL_REPRESENTATION('',(#16587),#16613);
#16587 = B_SPLINE_CURVE_WITH_KNOTS('',3,(#16588,#16589,#16590,#16591,
    #16592,#16593,#16594,#16595,#16596,#16597,#16598,#16599,#16600,
    #16601,#16602,#16603,#16604,#16605,#16606,#16607,#16608,#16609,
    #16610,#16611,#16612),.UNSPECIFIED.,.F.,.F.,(4,1,1,1,1,1,1,1,1,1,1,1
    ,1,1,1,1,1,1,1,1,1,1,4),(1.570796326795,1.642196159831,
    1.713595992867,1.784995825903,1.856395658939,1.927795491976,
    1.999195325012,2.070595158048,2.141994991084,2.21339482412,
    2.284794657156,2.356194490192,2.427594323228,2.498994156265,
    2.570393989301,2.641793822337,2.713193655373,2.784593488409,
    2.855993321445,2.927393154481,2.998792987518,3.070192820554,
    3.14159265359),.QUASI_UNIFORM_KNOTS.);
#16588 = CARTESIAN_POINT('',(4.712388980385,0.112851361529));
#16589 = CARTESIAN_POINT('',(4.73618892473,0.110165484502));
#16590 = CARTESIAN_POINT('',(4.783788813421,0.104793804203));
#16591 = CARTESIAN_POINT('',(4.855188646457,9.677728398276E-02));
#16592 = CARTESIAN_POINT('',(4.926588479493,8.884268944954E-02));
#16593 = CARTESIAN_POINT('',(4.997988312529,8.1030433353E-02));
#16594 = CARTESIAN_POINT('',(5.069388145565,7.338033055201E-02));
#16595 = CARTESIAN_POINT('',(5.140787978601,6.593136277196E-02));
#16596 = CARTESIAN_POINT('',(5.212187811638,5.872148863237E-02));
#16597 = CARTESIAN_POINT('',(5.283587644674,5.178744789545E-02));
#16598 = CARTESIAN_POINT('',(5.35498747771,4.51645748712E-02));
#16599 = CARTESIAN_POINT('',(5.426387310746,3.88866181949E-02));
#16600 = CARTESIAN_POINT('',(5.497787143782,3.298556889716E-02));
#16601 = CARTESIAN_POINT('',(5.569186976818,2.749149737038E-02));
#16602 = CARTESIAN_POINT('',(5.640586809854,2.243240014998E-02));
#16603 = CARTESIAN_POINT('',(5.711986642891,1.783405721288E-02));
#16604 = CARTESIAN_POINT('',(5.783386475927,1.371990074581E-02));
#16605 = CARTESIAN_POINT('',(5.854786308963,1.011089522934E-02));
#16606 = CARTESIAN_POINT('',(5.926186141999,7.02543251414E-03));
#16607 = CARTESIAN_POINT('',(5.997585975035,4.479230985351E-03));
#16608 = CARTESIAN_POINT('',(6.068985808071,2.485282018969E-03));
#16609 = CARTESIAN_POINT('',(6.140385641107,1.053684680893E-03));
#16610 = CARTESIAN_POINT('',(6.211785474143,1.919641102698E-04));
#16611 = CARTESIAN_POINT('',(6.259385362834,-2.433702228064E-07));
#16612 = CARTESIAN_POINT('',(6.28318530718,-1.535132614025E-15));
#16613 = ( GEOMETRIC_REPRESENTATION_CONTEXT(2) 
PARAMETRIC_REPRESENTATION_CONTEXT() REPRESENTATION_CONTEXT('2D SPACE',''
  ) );
#16614 = ORIENTED_EDGE('',*,*,#16615,.T.);
#16615 = EDGE_CURVE('',#16565,#16616,#16618,.T.);
#16616 = VERTEX_POINT('',#16617);
#16617 = CARTESIAN_POINT('',(-8.072751378355,2.788422242862,
    18.237839867984));
#16618 = SURFACE_CURVE('',#16619,(#16623,#16630),.PCURVE_S1.);
#16619 = LINE('',#16620,#16621);
#16620 = CARTESIAN_POINT('',(-8.072751378355,6.852462184063,
    18.237839867984));
#16621 = VECTOR('',#16622,1.);
#16622 = DIRECTION('',(-2.22044604925E-16,1.,-1.261488737407E-16));
#16623 = PCURVE('',#13902,#16624);
#16624 = DEFINITIONAL_REPRESENTATION('',(#16625),#16629);
#16625 = LINE('',#16626,#16627);
#16626 = CARTESIAN_POINT('',(-16.33246218406,-0.572751378355));
#16627 = VECTOR('',#16628,1.);
#16628 = DIRECTION('',(-1.,0.));
#16629 = ( GEOMETRIC_REPRESENTATION_CONTEXT(2) 
PARAMETRIC_REPRESENTATION_CONTEXT() REPRESENTATION_CONTEXT('2D SPACE',''
  ) );
#16630 = PCURVE('',#16631,#16636);
#16631 = PLANE('',#16632);
#16632 = AXIS2_PLACEMENT_3D('',#16633,#16634,#16635);
#16633 = CARTESIAN_POINT('',(-8.072751378355,6.436067037473,
    17.921206466899));
#16634 = DIRECTION('',(1.,2.22044604925E-16,0.));
#16635 = DIRECTION('',(0.,-0.,1.));
#16636 = DEFINITIONAL_REPRESENTATION('',(#16637),#16641);
#16637 = LINE('',#16638,#16639);
#16638 = CARTESIAN_POINT('',(0.316633401086,-0.416395146591));
#16639 = VECTOR('',#16640,1.);
#16640 = DIRECTION('',(-1.261488737407E-16,-1.));
#16641 = ( GEOMETRIC_REPRESENTATION_CONTEXT(2) 
PARAMETRIC_REPRESENTATION_CONTEXT() REPRESENTATION_CONTEXT('2D SPACE',''
  ) );
#16642 = ORIENTED_EDGE('',*,*,#16643,.T.);
#16643 = EDGE_CURVE('',#16616,#16644,#16646,.T.);
#16644 = VERTEX_POINT('',#16645);
#16645 = CARTESIAN_POINT('',(-8.072400086337,6.39937033294,
    18.237839867984));
#16646 = SURFACE_CURVE('',#16647,(#16653,#16662),.PCURVE_S1.);
#16647 = B_SPLINE_CURVE_WITH_KNOTS('',3,(#16648,#16649,#16650,#16651,
    #16652),.UNSPECIFIED.,.F.,.F.,(4,1,4),(0.,1.805651012385E-03,
    3.611302024769E-03),.QUASI_UNIFORM_KNOTS.);
#16648 = CARTESIAN_POINT('',(-8.072751378355,2.788422242862,
    18.237839867984));
#16649 = CARTESIAN_POINT('',(-8.072751378355,3.390349351779,
    18.237839867984));
#16650 = CARTESIAN_POINT('',(-8.002308276979,4.593676198432,
    18.237839867984));
#16651 = CARTESIAN_POINT('',(-8.068221526186,5.797325512715,
    18.237839867984));
#16652 = CARTESIAN_POINT('',(-8.072400086337,6.39937033294,
    18.237839867984));
#16653 = PCURVE('',#13902,#16654);
#16654 = DEFINITIONAL_REPRESENTATION('',(#16655),#16661);
#16655 = B_SPLINE_CURVE_WITH_KNOTS('',3,(#16656,#16657,#16658,#16659,
    #16660),.UNSPECIFIED.,.F.,.F.,(4,1,4),(0.,1.805651012385E-03,
    3.611302024769E-03),.QUASI_UNIFORM_KNOTS.);
#16656 = CARTESIAN_POINT('',(-12.26842224286,-0.572751378355));
#16657 = CARTESIAN_POINT('',(-12.87034935177,-0.572751378355));
#16658 = CARTESIAN_POINT('',(-14.07367619843,-0.502308276979));
#16659 = CARTESIAN_POINT('',(-15.27732551271,-0.568221526186));
#16660 = CARTESIAN_POINT('',(-15.87937033294,-0.572400086337));
#16661 = ( GEOMETRIC_REPRESENTATION_CONTEXT(2) 
PARAMETRIC_REPRESENTATION_CONTEXT() REPRESENTATION_CONTEXT('2D SPACE',''
  ) );
#16662 = PCURVE('',#16663,#16668);
#16663 = TOROIDAL_SURFACE('',#16664,15.266081598248,0.193834265625);
#16664 = AXIS2_PLACEMENT_3D('',#16665,#16666,#16667);
#16665 = CARTESIAN_POINT('',(-7.87891711273,4.643191863162,
    33.390828913714));
#16666 = DIRECTION('',(1.,2.22044604925E-16,0.));
#16667 = DIRECTION('',(0.,-0.,1.));
#16668 = DEFINITIONAL_REPRESENTATION('',(#16669),#16695);
#16669 = B_SPLINE_CURVE_WITH_KNOTS('',3,(#16670,#16671,#16672,#16673,
    #16674,#16675,#16676,#16677,#16678,#16679,#16680,#16681,#16682,
    #16683,#16684,#16685,#16686,#16687,#16688,#16689,#16690,#16691,
    #16692,#16693,#16694),.UNSPECIFIED.,.F.,.F.,(4,1,1,1,1,1,1,1,1,1,1,1
    ,1,1,1,1,1,1,1,1,1,1,4),(0.,1.64150092035E-04,3.283001840699E-04,
    4.924502761049E-04,6.566003681398E-04,8.207504601748E-04,
    9.849005522098E-04,1.149050644245E-03,1.31320073628E-03,
    1.477350828315E-03,1.64150092035E-03,1.805651012385E-03,
    1.96980110442E-03,2.133951196454E-03,2.298101288489E-03,
    2.462251380524E-03,2.626401472559E-03,2.790551564594E-03,
    2.954701656629E-03,3.118851748664E-03,3.283001840699E-03,
    3.447151932734E-03,3.611302024769E-03),.QUASI_UNIFORM_KNOTS.);
#16670 = CARTESIAN_POINT('',(3.019795627585,4.712388980385));
#16671 = CARTESIAN_POINT('',(3.023353530076,4.678101435338));
#16672 = CARTESIAN_POINT('',(3.030478358678,4.612478646373));
#16673 = CARTESIAN_POINT('',(3.041190391236,4.522503484713));
#16674 = CARTESIAN_POINT('',(3.051924944203,4.440519681168));
#16675 = CARTESIAN_POINT('',(3.062679706474,4.366303809329));
#16676 = CARTESIAN_POINT('',(3.073452343152,4.299832852618));
#16677 = CARTESIAN_POINT('',(3.084240494477,4.241303342385));
#16678 = CARTESIAN_POINT('',(3.095041779979,4.191115629607));
#16679 = CARTESIAN_POINT('',(3.105853801327,4.149858021097));
#16680 = CARTESIAN_POINT('',(3.116674145608,4.118284598844));
#16681 = CARTESIAN_POINT('',(3.127500388551,4.097285257336));
#16682 = CARTESIAN_POINT('',(3.138330097823,4.087840576931));
#16683 = CARTESIAN_POINT('',(3.149160836339,4.090939713919));
#16684 = CARTESIAN_POINT('',(3.159990104687,4.105682455864));
#16685 = CARTESIAN_POINT('',(3.170815405497,4.131154720757));
#16686 = CARTESIAN_POINT('',(3.181634246908,4.166520709829));
#16687 = CARTESIAN_POINT('',(3.192444146031,4.211065873843));
#16688 = CARTESIAN_POINT('',(3.203242632347,4.264222008831));
#16689 = CARTESIAN_POINT('',(3.214027251159,4.325581217323));
#16690 = CARTESIAN_POINT('',(3.224795566639,4.394903087893));
#16691 = CARTESIAN_POINT('',(3.235545166134,4.472120460114));
#16692 = CARTESIAN_POINT('',(3.246273659428,4.557319917759));
#16693 = CARTESIAN_POINT('',(3.253410350795,4.619616606111));
#16694 = CARTESIAN_POINT('',(3.256974393519,4.652174703597));
#16695 = ( GEOMETRIC_REPRESENTATION_CONTEXT(2) 
PARAMETRIC_REPRESENTATION_CONTEXT() REPRESENTATION_CONTEXT('2D SPACE',''
  ) );
#16696 = ORIENTED_EDGE('',*,*,#16697,.T.);
#16697 = EDGE_CURVE('',#16644,#16698,#16700,.T.);
#16698 = VERTEX_POINT('',#16699);
#16699 = CARTESIAN_POINT('',(-8.053454894669,6.666146173714,
    18.237839867984));
#16700 = SURFACE_CURVE('',#16701,(#16706,#16714),.PCURVE_S1.);
#16701 = B_SPLINE_CURVE_WITH_KNOTS('',3,(#16702,#16703,#16704,#16705),
  .UNSPECIFIED.,.F.,.F.,(4,4),(0.,2.67447694902E-04),
  .PIECEWISE_BEZIER_KNOTS.);
#16702 = CARTESIAN_POINT('',(-8.072400086337,6.39937033294,
    18.237839867984));
#16703 = CARTESIAN_POINT('',(-8.073020700829,6.488788153137,
    18.237839867984));
#16704 = CARTESIAN_POINT('',(-8.078331437705,6.578539044227,
    18.237839867984));
#16705 = CARTESIAN_POINT('',(-8.053454894669,6.666146173714,
    18.237839867984));
#16706 = PCURVE('',#13902,#16707);
#16707 = DEFINITIONAL_REPRESENTATION('',(#16708),#16713);
#16708 = B_SPLINE_CURVE_WITH_KNOTS('',3,(#16709,#16710,#16711,#16712),
  .UNSPECIFIED.,.F.,.F.,(4,4),(0.,2.67447694902E-04),
  .PIECEWISE_BEZIER_KNOTS.);
#16709 = CARTESIAN_POINT('',(-15.87937033294,-0.572400086337));
#16710 = CARTESIAN_POINT('',(-15.96878815313,-0.573020700829));
#16711 = CARTESIAN_POINT('',(-16.05853904422,-0.578331437705));
#16712 = CARTESIAN_POINT('',(-16.14614617371,-0.553454894669));
#16713 = ( GEOMETRIC_REPRESENTATION_CONTEXT(2) 
PARAMETRIC_REPRESENTATION_CONTEXT() REPRESENTATION_CONTEXT('2D SPACE',''
  ) );
#16714 = PCURVE('',#16715,#16720);
#16715 = TOROIDAL_SURFACE('',#16716,0.307088279386,0.193834265625);
#16716 = AXIS2_PLACEMENT_3D('',#16717,#16718,#16719);
#16717 = CARTESIAN_POINT('',(-7.87891711273,6.436067037473,
    17.921206466899));
#16718 = DIRECTION('',(1.,2.22044604925E-16,0.));
#16719 = DIRECTION('',(0.,-0.,1.));
#16720 = DEFINITIONAL_REPRESENTATION('',(#16721),#16747);
#16721 = B_SPLINE_CURVE_WITH_KNOTS('',3,(#16722,#16723,#16724,#16725,
    #16726,#16727,#16728,#16729,#16730,#16731,#16732,#16733,#16734,
    #16735,#16736,#16737,#16738,#16739,#16740,#16741,#16742,#16743,
    #16744,#16745,#16746),.UNSPECIFIED.,.F.,.F.,(4,1,1,1,1,1,1,1,1,1,1,1
    ,1,1,1,1,1,1,1,1,1,1,4),(0.,1.215671340464E-05,2.431342680927E-05,
    3.647014021391E-05,4.862685361855E-05,6.078356702318E-05,
    7.294028042782E-05,8.509699383246E-05,9.725370723709E-05,
    1.094104206417E-04,1.215671340464E-04,1.33723847451E-04,
    1.458805608556E-04,1.580372742603E-04,1.701939876649E-04,
    1.823507010695E-04,1.945074144742E-04,2.066641278788E-04,
    2.188208412835E-04,2.309775546881E-04,2.431342680927E-04,
    2.552909814974E-04,2.67447694902E-04),.QUASI_UNIFORM_KNOTS.);
#16722 = CARTESIAN_POINT('',(6.398567047108,4.772603257172));
#16723 = CARTESIAN_POINT('',(6.385901055617,4.770183318132));
#16724 = CARTESIAN_POINT('',(6.36045196416,4.766132501257));
#16725 = CARTESIAN_POINT('',(6.322043355238,4.76244408293));
#16726 = CARTESIAN_POINT('',(6.283515108103,4.761170641809));
#16727 = CARTESIAN_POINT('',(6.244986126863,4.762316434148));
#16728 = CARTESIAN_POINT('',(6.206574953983,4.765873970307));
#16729 = CARTESIAN_POINT('',(6.168398094976,4.771824153161));
#16730 = CARTESIAN_POINT('',(6.130567834464,4.780139168393));
#16731 = CARTESIAN_POINT('',(6.09319039956,4.790784405278));
#16732 = CARTESIAN_POINT('',(6.05636433897,4.803720398021));
#16733 = CARTESIAN_POINT('',(6.020179226684,4.818904527982));
#16734 = CARTESIAN_POINT('',(5.984714706557,4.836292567668));
#16735 = CARTESIAN_POINT('',(5.950039889847,4.855840056533));
#16736 = CARTESIAN_POINT('',(5.916213092025,4.87750351973));
#16737 = CARTESIAN_POINT('',(5.883281879353,4.901241529909));
#16738 = CARTESIAN_POINT('',(5.851283383477,4.92701560802));
#16739 = CARTESIAN_POINT('',(5.82024483353,4.954790953405));
#16740 = CARTESIAN_POINT('',(5.790184258104,4.984536984459));
#16741 = CARTESIAN_POINT('',(5.76111128991,5.01622767582));
#16742 = CARTESIAN_POINT('',(5.733028087426,5.049841631803));
#16743 = CARTESIAN_POINT('',(5.705930105264,5.085361981418));
#16744 = CARTESIAN_POINT('',(5.679807529286,5.122775612885));
#16745 = CARTESIAN_POINT('',(5.663031962705,5.148974114121));
#16746 = CARTESIAN_POINT('',(5.654801656893,5.162385669783));
#16747 = ( GEOMETRIC_REPRESENTATION_CONTEXT(2) 
PARAMETRIC_REPRESENTATION_CONTEXT() REPRESENTATION_CONTEXT('2D SPACE',''
  ) );
#16748 = ORIENTED_EDGE('',*,*,#16749,.F.);
#16749 = EDGE_CURVE('',#16271,#16698,#16750,.T.);
#16750 = SURFACE_CURVE('',#16751,(#16756,#16763),.PCURVE_S1.);
#16751 = ELLIPSE('',#16752,0.329740995693,0.193834265625);
#16752 = AXIS2_PLACEMENT_3D('',#16753,#16754,#16755);
#16753 = CARTESIAN_POINT('',(-7.87891711273,6.52272118837,
    18.237839867984));
#16754 = DIRECTION('',(-3.047357506942E-32,1.372407813273E-16,1.));
#16755 = DIRECTION('',(2.22044604925E-16,-1.,1.372407813273E-16));
#16756 = PCURVE('',#13902,#16757);
#16757 = DEFINITIONAL_REPRESENTATION('',(#16758),#16762);
#16758 = ELLIPSE('',#16759,0.329740995693,0.193834265625);
#16759 = AXIS2_PLACEMENT_2D('',#16760,#16761);
#16760 = CARTESIAN_POINT('',(-16.00272118837,-0.37891711273));
#16761 = DIRECTION('',(1.,0.));
#16762 = ( GEOMETRIC_REPRESENTATION_CONTEXT(2) 
PARAMETRIC_REPRESENTATION_CONTEXT() REPRESENTATION_CONTEXT('2D SPACE',''
  ) );
#16763 = PCURVE('',#16764,#16769);
#16764 = CYLINDRICAL_SURFACE('',#16765,0.193834265625);
#16765 = AXIS2_PLACEMENT_3D('',#16766,#16767,#16768);
#16766 = CARTESIAN_POINT('',(-7.87891711273,6.616585177147,
    18.169634348959));
#16767 = DIRECTION('',(1.796293594619E-16,-0.808978716337,0.587837933884
    ));
#16768 = DIRECTION('',(1.305262417893E-16,-0.587837933884,
    -0.808978716337));
#16769 = DEFINITIONAL_REPRESENTATION('',(#16770),#16796);
#16770 = B_SPLINE_CURVE_WITH_KNOTS('',3,(#16771,#16772,#16773,#16774,
    #16775,#16776,#16777,#16778,#16779,#16780,#16781,#16782,#16783,
    #16784,#16785,#16786,#16787,#16788,#16789,#16790,#16791,#16792,
    #16793,#16794,#16795),.UNSPECIFIED.,.F.,.F.,(4,1,1,1,1,1,1,1,1,1,1,1
    ,1,1,1,1,1,1,1,1,1,1,4),(3.14159265359,3.192538091653,3.243483529717
    ,3.29442896778,3.345374405844,3.396319843907,3.447265281971,
    3.498210720034,3.549156158098,3.600101596161,3.651047034225,
    3.701992472288,3.752937910352,3.803883348415,3.854828786479,
    3.905774224542,3.956719662606,4.007665100669,4.058610538733,
    4.109555976796,4.160501414859,4.211446852923,4.262392290986),
  .QUASI_UNIFORM_KNOTS.);
#16771 = CARTESIAN_POINT('',(3.14159265359,-0.150725686885));
#16772 = CARTESIAN_POINT('',(3.158574466278,-0.150725836306));
#16773 = CARTESIAN_POINT('',(3.192538091653,-0.150494786972));
#16774 = CARTESIAN_POINT('',(3.243483529717,-0.149457035814));
#16775 = CARTESIAN_POINT('',(3.29442896778,-0.147730272997));
#16776 = CARTESIAN_POINT('',(3.345374405844,-0.145319120558));
#16777 = CARTESIAN_POINT('',(3.396319843907,-0.142229797276));
#16778 = CARTESIAN_POINT('',(3.447265281971,-0.138470329709));
#16779 = CARTESIAN_POINT('',(3.498210720034,-0.134050470492));
#16780 = CARTESIAN_POINT('',(3.549156158098,-0.128981689342));
#16781 = CARTESIAN_POINT('',(3.600101596161,-0.123277138924));
#16782 = CARTESIAN_POINT('',(3.651047034225,-0.116951621892));
#16783 = CARTESIAN_POINT('',(3.701992472288,-0.110021552168));
#16784 = CARTESIAN_POINT('',(3.752937910352,-0.10250491243));
#16785 = CARTESIAN_POINT('',(3.803883348415,-9.442120742539E-02));
#16786 = CARTESIAN_POINT('',(3.854828786479,-8.579141337635E-02));
#16787 = CARTESIAN_POINT('',(3.905774224542,-7.663792350568E-02));
#16788 = CARTESIAN_POINT('',(3.956719662606,-6.698449008364E-02));
#16789 = CARTESIAN_POINT('',(4.007665100669,-5.68561622186E-02));
#16790 = CARTESIAN_POINT('',(4.058610538732,-4.627922300397E-02));
#16791 = CARTESIAN_POINT('',(4.109555976796,-3.528111330702E-02));
#16792 = CARTESIAN_POINT('',(4.160501414859,-2.389039045613E-02));
#16793 = CARTESIAN_POINT('',(4.211446852923,-1.213654257624E-02));
#16794 = CARTESIAN_POINT('',(4.245410478299,-4.079066475543E-03));
#16795 = CARTESIAN_POINT('',(4.262392290986,2.30926389122E-14));
#16796 = ( GEOMETRIC_REPRESENTATION_CONTEXT(2) 
PARAMETRIC_REPRESENTATION_CONTEXT() REPRESENTATION_CONTEXT('2D SPACE',''
  ) );
#16797 = FACE_BOUND('',#16798,.T.);
#16798 = EDGE_LOOP('',(#16799,#16800,#16801,#16802));
#16799 = ORIENTED_EDGE('',*,*,#13921,.T.);
#16800 = ORIENTED_EDGE('',*,*,#13888,.F.);
#16801 = ORIENTED_EDGE('',*,*,#14075,.F.);
#16802 = ORIENTED_EDGE('',*,*,#14023,.T.);
#16803 = ADVANCED_FACE('',(#16804),#15505,.F.);
#16804 = FACE_BOUND('',#16805,.F.);
#16805 = EDGE_LOOP('',(#16806,#16807,#16808,#16809));
#16806 = ORIENTED_EDGE('',*,*,#15641,.F.);
#16807 = ORIENTED_EDGE('',*,*,#15489,.T.);
#16808 = ORIENTED_EDGE('',*,*,#15543,.T.);
#16809 = ORIENTED_EDGE('',*,*,#15592,.F.);
#16810 = ADVANCED_FACE('',(#16811),#15706,.F.);
#16811 = FACE_BOUND('',#16812,.F.);
#16812 = EDGE_LOOP('',(#16813,#16814,#16815,#16816));
#16813 = ORIENTED_EDGE('',*,*,#15842,.F.);
#16814 = ORIENTED_EDGE('',*,*,#15690,.T.);
#16815 = ORIENTED_EDGE('',*,*,#15744,.T.);
#16816 = ORIENTED_EDGE('',*,*,#15793,.F.);
#16817 = ADVANCED_FACE('',(#16818),#15907,.F.);
#16818 = FACE_BOUND('',#16819,.F.);
#16819 = EDGE_LOOP('',(#16820,#16821,#16822,#16823));
#16820 = ORIENTED_EDGE('',*,*,#16043,.F.);
#16821 = ORIENTED_EDGE('',*,*,#15891,.T.);
#16822 = ORIENTED_EDGE('',*,*,#15945,.T.);
#16823 = ORIENTED_EDGE('',*,*,#15994,.F.);
#16824 = ADVANCED_FACE('',(#16825),#16108,.F.);
#16825 = FACE_BOUND('',#16826,.F.);
#16826 = EDGE_LOOP('',(#16827,#16828,#16829,#16830));
#16827 = ORIENTED_EDGE('',*,*,#16244,.F.);
#16828 = ORIENTED_EDGE('',*,*,#16092,.T.);
#16829 = ORIENTED_EDGE('',*,*,#16146,.T.);
#16830 = ORIENTED_EDGE('',*,*,#16195,.F.);
#16831 = ADVANCED_FACE('',(#16832),#16288,.T.);
#16832 = FACE_BOUND('',#16833,.T.);
#16833 = EDGE_LOOP('',(#16834,#16864,#16885,#16886));
#16834 = ORIENTED_EDGE('',*,*,#16835,.T.);
#16835 = EDGE_CURVE('',#16836,#16838,#16840,.T.);
#16836 = VERTEX_POINT('',#16837);
#16837 = CARTESIAN_POINT('',(-7.87891711273,6.730528311368,
    18.326442144346));
#16838 = VERTEX_POINT('',#16839);
#16839 = CARTESIAN_POINT('',(7.87891711273,6.730528311368,
    18.326442144346));
#16840 = SURFACE_CURVE('',#16841,(#16845,#16852),.PCURVE_S1.);
#16841 = LINE('',#16842,#16843);
#16842 = CARTESIAN_POINT('',(-4.9,6.730528311368,18.326442144346));
#16843 = VECTOR('',#16844,1.);
#16844 = DIRECTION('',(1.,2.22044604925E-16,0.));
#16845 = PCURVE('',#16288,#16846);
#16846 = DEFINITIONAL_REPRESENTATION('',(#16847),#16851);
#16847 = LINE('',#16848,#16849);
#16848 = CARTESIAN_POINT('',(0.,0.));
#16849 = VECTOR('',#16850,1.);
#16850 = DIRECTION('',(0.,1.));
#16851 = ( GEOMETRIC_REPRESENTATION_CONTEXT(2) 
PARAMETRIC_REPRESENTATION_CONTEXT() REPRESENTATION_CONTEXT('2D SPACE',''
  ) );
#16852 = PCURVE('',#16853,#16858);
#16853 = CYLINDRICAL_SURFACE('',#16854,0.500922545011);
#16854 = AXIS2_PLACEMENT_3D('',#16855,#16856,#16857);
#16855 = CARTESIAN_POINT('',(-4.9,6.436067037473,17.921206466899));
#16856 = DIRECTION('',(1.,2.22044604925E-16,0.));
#16857 = DIRECTION('',(0.,-0.,1.));
#16858 = DEFINITIONAL_REPRESENTATION('',(#16859),#16863);
#16859 = LINE('',#16860,#16861);
#16860 = CARTESIAN_POINT('',(5.654801656893,0.));
#16861 = VECTOR('',#16862,1.);
#16862 = DIRECTION('',(0.,1.));
#16863 = ( GEOMETRIC_REPRESENTATION_CONTEXT(2) 
PARAMETRIC_REPRESENTATION_CONTEXT() REPRESENTATION_CONTEXT('2D SPACE',''
  ) );
#16864 = ORIENTED_EDGE('',*,*,#16865,.F.);
#16865 = EDGE_CURVE('',#16273,#16838,#16866,.T.);
#16866 = SURFACE_CURVE('',#16867,(#16871,#16878),.PCURVE_S1.);
#16867 = LINE('',#16868,#16869);
#16868 = CARTESIAN_POINT('',(7.87891711273,6.730528311368,
    18.326442144346));
#16869 = VECTOR('',#16870,1.);
#16870 = DIRECTION('',(1.796293594619E-16,-0.808978716337,0.587837933884
    ));
#16871 = PCURVE('',#16288,#16872);
#16872 = DEFINITIONAL_REPRESENTATION('',(#16873),#16877);
#16873 = LINE('',#16874,#16875);
#16874 = CARTESIAN_POINT('',(0.,12.77891711273));
#16875 = VECTOR('',#16876,1.);
#16876 = DIRECTION('',(1.,0.));
#16877 = ( GEOMETRIC_REPRESENTATION_CONTEXT(2) 
PARAMETRIC_REPRESENTATION_CONTEXT() REPRESENTATION_CONTEXT('2D SPACE',''
  ) );
#16878 = PCURVE('',#16317,#16879);
#16879 = DEFINITIONAL_REPRESENTATION('',(#16880),#16884);
#16880 = LINE('',#16881,#16882);
#16881 = CARTESIAN_POINT('',(3.14159265359,2.48689957516E-14));
#16882 = VECTOR('',#16883,1.);
#16883 = DIRECTION('',(0.,1.));
#16884 = ( GEOMETRIC_REPRESENTATION_CONTEXT(2) 
PARAMETRIC_REPRESENTATION_CONTEXT() REPRESENTATION_CONTEXT('2D SPACE',''
  ) );
#16885 = ORIENTED_EDGE('',*,*,#16270,.F.);
#16886 = ORIENTED_EDGE('',*,*,#16887,.F.);
#16887 = EDGE_CURVE('',#16836,#16271,#16888,.T.);
#16888 = SURFACE_CURVE('',#16889,(#16893,#16900),.PCURVE_S1.);
#16889 = LINE('',#16890,#16891);
#16890 = CARTESIAN_POINT('',(-7.87891711273,6.730528311368,
    18.326442144346));
#16891 = VECTOR('',#16892,1.);
#16892 = DIRECTION('',(-1.796293594619E-16,0.808978716337,
    -0.587837933884));
#16893 = PCURVE('',#16288,#16894);
#16894 = DEFINITIONAL_REPRESENTATION('',(#16895),#16899);
#16895 = LINE('',#16896,#16897);
#16896 = CARTESIAN_POINT('',(-2.194087078073E-14,-2.97891711273));
#16897 = VECTOR('',#16898,1.);
#16898 = DIRECTION('',(-1.,0.));
#16899 = ( GEOMETRIC_REPRESENTATION_CONTEXT(2) 
PARAMETRIC_REPRESENTATION_CONTEXT() REPRESENTATION_CONTEXT('2D SPACE',''
  ) );
#16900 = PCURVE('',#16764,#16901);
#16901 = DEFINITIONAL_REPRESENTATION('',(#16902),#16906);
#16902 = LINE('',#16903,#16904);
#16903 = CARTESIAN_POINT('',(3.14159265359,2.169226576952E-15));
#16904 = VECTOR('',#16905,1.);
#16905 = DIRECTION('',(0.,-1.));
#16906 = ( GEOMETRIC_REPRESENTATION_CONTEXT(2) 
PARAMETRIC_REPRESENTATION_CONTEXT() REPRESENTATION_CONTEXT('2D SPACE',''
  ) );
#16907 = ADVANCED_FACE('',(#16908),#16317,.T.);
#16908 = FACE_BOUND('',#16909,.T.);
#16909 = EDGE_LOOP('',(#16910,#16911,#16912));
#16910 = ORIENTED_EDGE('',*,*,#16300,.T.);
#16911 = ORIENTED_EDGE('',*,*,#16865,.T.);
#16912 = ORIENTED_EDGE('',*,*,#16913,.F.);
#16913 = EDGE_CURVE('',#16301,#16838,#16914,.T.);
#16914 = SURFACE_CURVE('',#16915,(#16920,#16927),.PCURVE_S1.);
#16915 = CIRCLE('',#16916,0.193834265625);
#16916 = AXIS2_PLACEMENT_3D('',#16917,#16918,#16919);
#16917 = CARTESIAN_POINT('',(7.87891711273,6.616585177147,
    18.169634348959));
#16918 = DIRECTION('',(1.796293594619E-16,-0.808978716337,0.587837933884
    ));
#16919 = DIRECTION('',(1.305262417893E-16,-0.587837933884,
    -0.808978716337));
#16920 = PCURVE('',#16317,#16921);
#16921 = DEFINITIONAL_REPRESENTATION('',(#16922),#16926);
#16922 = LINE('',#16923,#16924);
#16923 = CARTESIAN_POINT('',(2.30926389122E-14,2.75335310107E-14));
#16924 = VECTOR('',#16925,1.);
#16925 = DIRECTION('',(1.,0.));
#16926 = ( GEOMETRIC_REPRESENTATION_CONTEXT(2) 
PARAMETRIC_REPRESENTATION_CONTEXT() REPRESENTATION_CONTEXT('2D SPACE',''
  ) );
#16927 = PCURVE('',#16369,#16928);
#16928 = DEFINITIONAL_REPRESENTATION('',(#16929),#16933);
#16929 = LINE('',#16930,#16931);
#16930 = CARTESIAN_POINT('',(5.654801656893,3.14159265359));
#16931 = VECTOR('',#16932,1.);
#16932 = DIRECTION('',(-1.188675999793E-14,-1.));
#16933 = ( GEOMETRIC_REPRESENTATION_CONTEXT(2) 
PARAMETRIC_REPRESENTATION_CONTEXT() REPRESENTATION_CONTEXT('2D SPACE',''
  ) );
#16934 = ADVANCED_FACE('',(#16935),#16369,.T.);
#16935 = FACE_BOUND('',#16936,.T.);
#16936 = EDGE_LOOP('',(#16937,#16938,#16962,#16984));
#16937 = ORIENTED_EDGE('',*,*,#16913,.T.);
#16938 = ORIENTED_EDGE('',*,*,#16939,.T.);
#16939 = EDGE_CURVE('',#16838,#16940,#16942,.T.);
#16940 = VERTEX_POINT('',#16941);
#16941 = CARTESIAN_POINT('',(7.87891711273,6.37839787941,18.418798332094
    ));
#16942 = SURFACE_CURVE('',#16943,(#16948,#16955),.PCURVE_S1.);
#16943 = CIRCLE('',#16944,0.500922545011);
#16944 = AXIS2_PLACEMENT_3D('',#16945,#16946,#16947);
#16945 = CARTESIAN_POINT('',(7.87891711273,6.436067037473,
    17.921206466899));
#16946 = DIRECTION('',(1.,2.22044604925E-16,0.));
#16947 = DIRECTION('',(0.,-0.,1.));
#16948 = PCURVE('',#16369,#16949);
#16949 = DEFINITIONAL_REPRESENTATION('',(#16950),#16954);
#16950 = LINE('',#16951,#16952);
#16951 = CARTESIAN_POINT('',(0.,0.));
#16952 = VECTOR('',#16953,1.);
#16953 = DIRECTION('',(1.,0.));
#16954 = ( GEOMETRIC_REPRESENTATION_CONTEXT(2) 
PARAMETRIC_REPRESENTATION_CONTEXT() REPRESENTATION_CONTEXT('2D SPACE',''
  ) );
#16955 = PCURVE('',#16853,#16956);
#16956 = DEFINITIONAL_REPRESENTATION('',(#16957),#16961);
#16957 = LINE('',#16958,#16959);
#16958 = CARTESIAN_POINT('',(0.,12.77891711273));
#16959 = VECTOR('',#16960,1.);
#16960 = DIRECTION('',(1.,0.));
#16961 = ( GEOMETRIC_REPRESENTATION_CONTEXT(2) 
PARAMETRIC_REPRESENTATION_CONTEXT() REPRESENTATION_CONTEXT('2D SPACE',''
  ) );
#16962 = ORIENTED_EDGE('',*,*,#16963,.F.);
#16963 = EDGE_CURVE('',#16352,#16940,#16964,.T.);
#16964 = SURFACE_CURVE('',#16965,(#16970,#16977),.PCURVE_S1.);
#16965 = CIRCLE('',#16966,0.193834265625);
#16966 = AXIS2_PLACEMENT_3D('',#16967,#16968,#16969);
#16967 = CARTESIAN_POINT('',(7.87891711273,6.400713223396,
    18.226252888229));
#16968 = DIRECTION('',(2.20568210039E-16,-0.993350908541,-0.115125898478
    ));
#16969 = DIRECTION('',(-2.556308464415E-17,0.115125898478,
    -0.993350908541));
#16970 = PCURVE('',#16369,#16971);
#16971 = DEFINITIONAL_REPRESENTATION('',(#16972),#16976);
#16972 = LINE('',#16973,#16974);
#16973 = CARTESIAN_POINT('',(6.398567047108,3.14159265359));
#16974 = VECTOR('',#16975,1.);
#16975 = DIRECTION('',(1.763912962614E-15,-1.));
#16976 = ( GEOMETRIC_REPRESENTATION_CONTEXT(2) 
PARAMETRIC_REPRESENTATION_CONTEXT() REPRESENTATION_CONTEXT('2D SPACE',''
  ) );
#16977 = PCURVE('',#16423,#16978);
#16978 = DEFINITIONAL_REPRESENTATION('',(#16979),#16983);
#16979 = LINE('',#16980,#16981);
#16980 = CARTESIAN_POINT('',(3.256974393519,-3.670397319411E-13));
#16981 = VECTOR('',#16982,1.);
#16982 = DIRECTION('',(0.,1.));
#16983 = ( GEOMETRIC_REPRESENTATION_CONTEXT(2) 
PARAMETRIC_REPRESENTATION_CONTEXT() REPRESENTATION_CONTEXT('2D SPACE',''
  ) );
#16984 = ORIENTED_EDGE('',*,*,#16351,.F.);
#16985 = ADVANCED_FACE('',(#16986),#16423,.T.);
#16986 = FACE_BOUND('',#16987,.T.);
#16987 = EDGE_LOOP('',(#16988,#16989,#17018,#17054,#17076));
#16988 = ORIENTED_EDGE('',*,*,#16963,.T.);
#16989 = ORIENTED_EDGE('',*,*,#16990,.F.);
#16990 = EDGE_CURVE('',#16991,#16940,#16993,.T.);
#16991 = VERTEX_POINT('',#16992);
#16992 = CARTESIAN_POINT('',(7.87891711273,-4.5421168548,21.440818729136
    ));
#16993 = SURFACE_CURVE('',#16994,(#16999,#17006),.PCURVE_S1.);
#16994 = CIRCLE('',#16995,15.072247332623);
#16995 = AXIS2_PLACEMENT_3D('',#16996,#16997,#16998);
#16996 = CARTESIAN_POINT('',(7.87891711273,4.643191863162,
    33.390828913714));
#16997 = DIRECTION('',(1.,2.22044604925E-16,0.));
#16998 = DIRECTION('',(0.,-0.,1.));
#16999 = PCURVE('',#16423,#17000);
#17000 = DEFINITIONAL_REPRESENTATION('',(#17001),#17005);
#17001 = LINE('',#17002,#17003);
#17002 = CARTESIAN_POINT('',(0.,3.14159265359));
#17003 = VECTOR('',#17004,1.);
#17004 = DIRECTION('',(1.,-4.033461284136E-14));
#17005 = ( GEOMETRIC_REPRESENTATION_CONTEXT(2) 
PARAMETRIC_REPRESENTATION_CONTEXT() REPRESENTATION_CONTEXT('2D SPACE',''
  ) );
#17006 = PCURVE('',#17007,#17012);
#17007 = CYLINDRICAL_SURFACE('',#17008,15.072247332623);
#17008 = AXIS2_PLACEMENT_3D('',#17009,#17010,#17011);
#17009 = CARTESIAN_POINT('',(-4.9,4.643191863162,33.390828913714));
#17010 = DIRECTION('',(1.,2.22044604925E-16,0.));
#17011 = DIRECTION('',(0.,-0.,1.));
#17012 = DEFINITIONAL_REPRESENTATION('',(#17013),#17017);
#17013 = LINE('',#17014,#17015);
#17014 = CARTESIAN_POINT('',(0.,12.77891711273));
#17015 = VECTOR('',#17016,1.);
#17016 = DIRECTION('',(1.,0.));
#17017 = ( GEOMETRIC_REPRESENTATION_CONTEXT(2) 
PARAMETRIC_REPRESENTATION_CONTEXT() REPRESENTATION_CONTEXT('2D SPACE',''
  ) );
#17018 = ORIENTED_EDGE('',*,*,#17019,.F.);
#17019 = EDGE_CURVE('',#17020,#16991,#17022,.T.);
#17020 = VERTEX_POINT('',#17021);
#17021 = CARTESIAN_POINT('',(8.072751378355,-4.660243072516,
    21.287137503157));
#17022 = SURFACE_CURVE('',#17023,(#17028,#17035),.PCURVE_S1.);
#17023 = CIRCLE('',#17024,0.193834265625);
#17024 = AXIS2_PLACEMENT_3D('',#17025,#17026,#17027);
#17025 = CARTESIAN_POINT('',(7.87891711273,-4.660243072516,
    21.287137503157));
#17026 = DIRECTION('',(1.760477539764E-16,-0.792848599207,0.609418656373
    ));
#17027 = DIRECTION('',(1.353181247882E-16,-0.609418656373,
    -0.792848599207));
#17028 = PCURVE('',#16423,#17029);
#17029 = DEFINITIONAL_REPRESENTATION('',(#17030),#17034);
#17030 = LINE('',#17031,#17032);
#17031 = CARTESIAN_POINT('',(2.486265503569,-3.061995101916E-13));
#17032 = VECTOR('',#17033,1.);
#17033 = DIRECTION('',(0.,1.));
#17034 = ( GEOMETRIC_REPRESENTATION_CONTEXT(2) 
PARAMETRIC_REPRESENTATION_CONTEXT() REPRESENTATION_CONTEXT('2D SPACE',''
  ) );
#17035 = PCURVE('',#17036,#17048);
#17036 = SURFACE_OF_REVOLUTION('',#17037,#17045);
#17037 = B_SPLINE_CURVE_WITH_KNOTS('',6,(#17038,#17039,#17040,#17041,
    #17042,#17043,#17044),.UNSPECIFIED.,.F.,.F.,(7,7),(
    -3.552713678801E-15,1.570796326795),.PIECEWISE_BEZIER_KNOTS.);
#17038 = CARTESIAN_POINT('',(7.87891711273,-4.771895986233,
    21.518924426183));
#17039 = CARTESIAN_POINT('',(7.929662804805,-4.771895986233,
    21.518924426183));
#17040 = CARTESIAN_POINT('',(7.980404179243,-4.771895986233,
    21.502985883049));
#17041 = CARTESIAN_POINT('',(8.024911172261,-4.771895986233,
    21.471084220089));
#17042 = CARTESIAN_POINT('',(8.056812835221,-4.771895986233,
    21.426577227071));
#17043 = CARTESIAN_POINT('',(8.072751378355,-4.771895986233,
    21.375835852633));
#17044 = CARTESIAN_POINT('',(8.072751378355,-4.771895986233,
    21.325090160558));
#17045 = AXIS1_PLACEMENT('',#17046,#17047);
#17046 = CARTESIAN_POINT('',(7.87891711273,-4.771895986233,
    21.141877991798));
#17047 = DIRECTION('',(1.,2.22044604925E-16,0.));
#17048 = DEFINITIONAL_REPRESENTATION('',(#17049),#17053);
#17049 = LINE('',#17050,#17051);
#17050 = CARTESIAN_POINT('',(-0.655327150021,3.14159265359));
#17051 = VECTOR('',#17052,1.);
#17052 = DIRECTION('',(5.654319433713E-16,-1.));
#17053 = ( GEOMETRIC_REPRESENTATION_CONTEXT(2) 
PARAMETRIC_REPRESENTATION_CONTEXT() REPRESENTATION_CONTEXT('2D SPACE',''
  ) );
#17054 = ORIENTED_EDGE('',*,*,#17055,.T.);
#17055 = EDGE_CURVE('',#17020,#16404,#17056,.T.);
#17056 = SURFACE_CURVE('',#17057,(#17062,#17069),.PCURVE_S1.);
#17057 = CIRCLE('',#17058,15.266081598248);
#17058 = AXIS2_PLACEMENT_3D('',#17059,#17060,#17061);
#17059 = CARTESIAN_POINT('',(8.072751378355,4.643191863162,
    33.390828913714));
#17060 = DIRECTION('',(1.,2.22044604925E-16,0.));
#17061 = DIRECTION('',(0.,-0.,1.));
#17062 = PCURVE('',#16423,#17063);
#17063 = DEFINITIONAL_REPRESENTATION('',(#17064),#17068);
#17064 = LINE('',#17065,#17066);
#17065 = CARTESIAN_POINT('',(0.,1.570796326795));
#17066 = VECTOR('',#17067,1.);
#17067 = DIRECTION('',(1.,4.161800710593E-16));
#17068 = ( GEOMETRIC_REPRESENTATION_CONTEXT(2) 
PARAMETRIC_REPRESENTATION_CONTEXT() REPRESENTATION_CONTEXT('2D SPACE',''
  ) );
#17069 = PCURVE('',#16473,#17070);
#17070 = DEFINITIONAL_REPRESENTATION('',(#17071),#17075);
#17071 = CIRCLE('',#17072,15.266081598248);
#17072 = AXIS2_PLACEMENT_2D('',#17073,#17074);
#17073 = CARTESIAN_POINT('',(15.469622446815,1.792875174311));
#17074 = DIRECTION('',(1.,0.));
#17075 = ( GEOMETRIC_REPRESENTATION_CONTEXT(2) 
PARAMETRIC_REPRESENTATION_CONTEXT() REPRESENTATION_CONTEXT('2D SPACE',''
  ) );
#17076 = ORIENTED_EDGE('',*,*,#16403,.F.);
#17077 = ADVANCED_FACE('',(#17078),#16473,.T.);
#17078 = FACE_BOUND('',#17079,.T.);
#17079 = EDGE_LOOP('',(#17080,#17104,#17125,#17126));
#17080 = ORIENTED_EDGE('',*,*,#17081,.T.);
#17081 = EDGE_CURVE('',#17020,#17082,#17084,.T.);
#17082 = VERTEX_POINT('',#17083);
#17083 = CARTESIAN_POINT('',(8.072751378355,-4.930228461618,
    21.234060018355));
#17084 = SURFACE_CURVE('',#17085,(#17090,#17097),.PCURVE_S1.);
#17085 = CIRCLE('',#17086,0.18321216876);
#17086 = AXIS2_PLACEMENT_3D('',#17087,#17088,#17089);
#17087 = CARTESIAN_POINT('',(8.072751378355,-4.771895986233,
    21.141877991798));
#17088 = DIRECTION('',(1.,2.22044604925E-16,0.));
#17089 = DIRECTION('',(0.,-0.,1.));
#17090 = PCURVE('',#16473,#17091);
#17091 = DEFINITIONAL_REPRESENTATION('',(#17092),#17096);
#17092 = CIRCLE('',#17093,0.18321216876);
#17093 = AXIS2_PLACEMENT_2D('',#17094,#17095);
#17094 = CARTESIAN_POINT('',(3.2206715249,11.207963023706));
#17095 = DIRECTION('',(1.,0.));
#17096 = ( GEOMETRIC_REPRESENTATION_CONTEXT(2) 
PARAMETRIC_REPRESENTATION_CONTEXT() REPRESENTATION_CONTEXT('2D SPACE',''
  ) );
#17097 = PCURVE('',#17036,#17098);
#17098 = DEFINITIONAL_REPRESENTATION('',(#17099),#17103);
#17099 = LINE('',#17100,#17101);
#17100 = CARTESIAN_POINT('',(-6.28318530718,1.570796326795));
#17101 = VECTOR('',#17102,1.);
#17102 = DIRECTION('',(1.,1.437697104716E-15));
#17103 = ( GEOMETRIC_REPRESENTATION_CONTEXT(2) 
PARAMETRIC_REPRESENTATION_CONTEXT() REPRESENTATION_CONTEXT('2D SPACE',''
  ) );
#17104 = ORIENTED_EDGE('',*,*,#17105,.T.);
#17105 = EDGE_CURVE('',#17082,#16458,#17106,.T.);
#17106 = SURFACE_CURVE('',#17107,(#17111,#17118),.PCURVE_S1.);
#17107 = LINE('',#17108,#17109);
#17108 = CARTESIAN_POINT('',(8.072751378355,-3.493300113425,
    23.702137916171));
#17109 = VECTOR('',#17110,1.);
#17110 = DIRECTION('',(1.117203175232E-16,-0.503143580367,
    -0.864202833561));
#17111 = PCURVE('',#16473,#17112);
#17112 = DEFINITIONAL_REPRESENTATION('',(#17113),#17117);
#17113 = LINE('',#17114,#17115);
#17114 = CARTESIAN_POINT('',(5.780931449273,9.929367150898));
#17115 = VECTOR('',#17116,1.);
#17116 = DIRECTION('',(-0.864202833561,0.503143580367));
#17117 = ( GEOMETRIC_REPRESENTATION_CONTEXT(2) 
PARAMETRIC_REPRESENTATION_CONTEXT() REPRESENTATION_CONTEXT('2D SPACE',''
  ) );
#17118 = PCURVE('',#16502,#17119);
#17119 = DEFINITIONAL_REPRESENTATION('',(#17120),#17124);
#17120 = LINE('',#17121,#17122);
#17121 = CARTESIAN_POINT('',(1.570796326795,-4.440892098501E-16));
#17122 = VECTOR('',#17123,1.);
#17123 = DIRECTION('',(0.,1.));
#17124 = ( GEOMETRIC_REPRESENTATION_CONTEXT(2) 
PARAMETRIC_REPRESENTATION_CONTEXT() REPRESENTATION_CONTEXT('2D SPACE',''
  ) );
#17125 = ORIENTED_EDGE('',*,*,#16457,.T.);
#17126 = ORIENTED_EDGE('',*,*,#17055,.F.);
#17127 = ADVANCED_FACE('',(#17128),#16502,.T.);
#17128 = FACE_BOUND('',#17129,.T.);
#17129 = EDGE_LOOP('',(#17130,#17154,#17175,#17176));
#17130 = ORIENTED_EDGE('',*,*,#17131,.T.);
#17131 = EDGE_CURVE('',#17082,#17132,#17134,.T.);
#17132 = VERTEX_POINT('',#17133);
#17133 = CARTESIAN_POINT('',(7.87891711273,-5.097740583212,
    21.331586484759));
#17134 = SURFACE_CURVE('',#17135,(#17140,#17147),.PCURVE_S1.);
#17135 = CIRCLE('',#17136,0.193834265625);
#17136 = AXIS2_PLACEMENT_3D('',#17137,#17138,#17139);
#17137 = CARTESIAN_POINT('',(7.87891711273,-4.930228461618,
    21.234060018355));
#17138 = DIRECTION('',(1.117203175232E-16,-0.503143580367,
    -0.864202833561));
#17139 = DIRECTION('',(-1.918915767532E-16,0.864202833561,
    -0.503143580367));
#17140 = PCURVE('',#16502,#17141);
#17141 = DEFINITIONAL_REPRESENTATION('',(#17142),#17146);
#17142 = LINE('',#17143,#17144);
#17143 = CARTESIAN_POINT('',(-9.103828801926E-15,2.855901186584));
#17144 = VECTOR('',#17145,1.);
#17145 = DIRECTION('',(1.,2.827159716856E-16));
#17146 = ( GEOMETRIC_REPRESENTATION_CONTEXT(2) 
PARAMETRIC_REPRESENTATION_CONTEXT() REPRESENTATION_CONTEXT('2D SPACE',''
  ) );
#17147 = PCURVE('',#17036,#17148);
#17148 = DEFINITIONAL_REPRESENTATION('',(#17149),#17153);
#17149 = LINE('',#17150,#17151);
#17150 = CARTESIAN_POINT('',(1.043563837632,3.14159265359));
#17151 = VECTOR('',#17152,1.);
#17152 = DIRECTION('',(-7.350615263827E-15,-1.));
#17153 = ( GEOMETRIC_REPRESENTATION_CONTEXT(2) 
PARAMETRIC_REPRESENTATION_CONTEXT() REPRESENTATION_CONTEXT('2D SPACE',''
  ) );
#17154 = ORIENTED_EDGE('',*,*,#17155,.T.);
#17155 = EDGE_CURVE('',#17132,#16486,#17156,.T.);
#17156 = SURFACE_CURVE('',#17157,(#17161,#17168),.PCURVE_S1.);
#17157 = LINE('',#17158,#17159);
#17158 = CARTESIAN_POINT('',(7.87891711273,-6.89893665555,
    18.237839867984));
#17159 = VECTOR('',#17160,1.);
#17160 = DIRECTION('',(1.117203175232E-16,-0.503143580367,
    -0.864202833561));
#17161 = PCURVE('',#16502,#17162);
#17162 = DEFINITIONAL_REPRESENTATION('',(#17163),#17167);
#17163 = LINE('',#17164,#17165);
#17164 = CARTESIAN_POINT('',(3.14159265359,6.4357860199));
#17165 = VECTOR('',#17166,1.);
#17166 = DIRECTION('',(0.,1.));
#17167 = ( GEOMETRIC_REPRESENTATION_CONTEXT(2) 
PARAMETRIC_REPRESENTATION_CONTEXT() REPRESENTATION_CONTEXT('2D SPACE',''
  ) );
#17168 = PCURVE('',#16552,#17169);
#17169 = DEFINITIONAL_REPRESENTATION('',(#17170),#17174);
#17170 = LINE('',#17171,#17172);
#17171 = CARTESIAN_POINT('',(0.,12.77891711273));
#17172 = VECTOR('',#17173,1.);
#17173 = DIRECTION('',(1.,0.));
#17174 = ( GEOMETRIC_REPRESENTATION_CONTEXT(2) 
PARAMETRIC_REPRESENTATION_CONTEXT() REPRESENTATION_CONTEXT('2D SPACE',''
  ) );
#17175 = ORIENTED_EDGE('',*,*,#16485,.T.);
#17176 = ORIENTED_EDGE('',*,*,#17105,.F.);
#17177 = ADVANCED_FACE('',(#17178),#16552,.T.);
#17178 = FACE_BOUND('',#17179,.T.);
#17179 = EDGE_LOOP('',(#17180,#17181,#17182,#17210));
#17180 = ORIENTED_EDGE('',*,*,#16536,.T.);
#17181 = ORIENTED_EDGE('',*,*,#17155,.F.);
#17182 = ORIENTED_EDGE('',*,*,#17183,.F.);
#17183 = EDGE_CURVE('',#17184,#17132,#17186,.T.);
#17184 = VERTEX_POINT('',#17185);
#17185 = CARTESIAN_POINT('',(-7.87891711273,-5.097740583212,
    21.331586484759));
#17186 = SURFACE_CURVE('',#17187,(#17191,#17198),.PCURVE_S1.);
#17187 = LINE('',#17188,#17189);
#17188 = CARTESIAN_POINT('',(-4.9,-5.097740583212,21.331586484759));
#17189 = VECTOR('',#17190,1.);
#17190 = DIRECTION('',(1.,2.22044604925E-16,0.));
#17191 = PCURVE('',#16552,#17192);
#17192 = DEFINITIONAL_REPRESENTATION('',(#17193),#17197);
#17193 = LINE('',#17194,#17195);
#17194 = CARTESIAN_POINT('',(-3.579884833317,0.));
#17195 = VECTOR('',#17196,1.);
#17196 = DIRECTION('',(0.,1.));
#17197 = ( GEOMETRIC_REPRESENTATION_CONTEXT(2) 
PARAMETRIC_REPRESENTATION_CONTEXT() REPRESENTATION_CONTEXT('2D SPACE',''
  ) );
#17198 = PCURVE('',#17199,#17204);
#17199 = CYLINDRICAL_SURFACE('',#17200,0.377046434385);
#17200 = AXIS2_PLACEMENT_3D('',#17201,#17202,#17203);
#17201 = CARTESIAN_POINT('',(-4.9,-4.771895986233,21.141877991798));
#17202 = DIRECTION('',(1.,2.22044604925E-16,0.));
#17203 = DIRECTION('',(0.,-0.,1.));
#17204 = DEFINITIONAL_REPRESENTATION('',(#17205),#17209);
#17205 = LINE('',#17206,#17207);
#17206 = CARTESIAN_POINT('',(1.043563837632,0.));
#17207 = VECTOR('',#17208,1.);
#17208 = DIRECTION('',(0.,1.));
#17209 = ( GEOMETRIC_REPRESENTATION_CONTEXT(2) 
PARAMETRIC_REPRESENTATION_CONTEXT() REPRESENTATION_CONTEXT('2D SPACE',''
  ) );
#17210 = ORIENTED_EDGE('',*,*,#17211,.T.);
#17211 = EDGE_CURVE('',#17184,#16537,#17212,.T.);
#17212 = SURFACE_CURVE('',#17213,(#17217,#17224),.PCURVE_S1.);
#17213 = LINE('',#17214,#17215);
#17214 = CARTESIAN_POINT('',(-7.87891711273,-6.89893665555,
    18.237839867984));
#17215 = VECTOR('',#17216,1.);
#17216 = DIRECTION('',(1.117203175232E-16,-0.503143580367,
    -0.864202833561));
#17217 = PCURVE('',#16552,#17218);
#17218 = DEFINITIONAL_REPRESENTATION('',(#17219),#17223);
#17219 = LINE('',#17220,#17221);
#17220 = CARTESIAN_POINT('',(0.,-2.97891711273));
#17221 = VECTOR('',#17222,1.);
#17222 = DIRECTION('',(1.,0.));
#17223 = ( GEOMETRIC_REPRESENTATION_CONTEXT(2) 
PARAMETRIC_REPRESENTATION_CONTEXT() REPRESENTATION_CONTEXT('2D SPACE',''
  ) );
#17224 = PCURVE('',#16581,#17225);
#17225 = DEFINITIONAL_REPRESENTATION('',(#17226),#17230);
#17226 = LINE('',#17227,#17228);
#17227 = CARTESIAN_POINT('',(6.28318530718,-4.440892098501E-15));
#17228 = VECTOR('',#17229,1.);
#17229 = DIRECTION('',(0.,-1.));
#17230 = ( GEOMETRIC_REPRESENTATION_CONTEXT(2) 
PARAMETRIC_REPRESENTATION_CONTEXT() REPRESENTATION_CONTEXT('2D SPACE',''
  ) );
#17231 = ADVANCED_FACE('',(#17232),#16581,.T.);
#17232 = FACE_BOUND('',#17233,.T.);
#17233 = EDGE_LOOP('',(#17234,#17235,#17236,#17272));
#17234 = ORIENTED_EDGE('',*,*,#16564,.T.);
#17235 = ORIENTED_EDGE('',*,*,#17211,.F.);
#17236 = ORIENTED_EDGE('',*,*,#17237,.F.);
#17237 = EDGE_CURVE('',#17238,#17184,#17240,.T.);
#17238 = VERTEX_POINT('',#17239);
#17239 = CARTESIAN_POINT('',(-8.072751378355,-4.930228461618,
    21.234060018355));
#17240 = SURFACE_CURVE('',#17241,(#17246,#17253),.PCURVE_S1.);
#17241 = CIRCLE('',#17242,0.193834265625);
#17242 = AXIS2_PLACEMENT_3D('',#17243,#17244,#17245);
#17243 = CARTESIAN_POINT('',(-7.87891711273,-4.930228461618,
    21.234060018355));
#17244 = DIRECTION('',(-1.117203175232E-16,0.503143580367,0.864202833561
    ));
#17245 = DIRECTION('',(1.918915767532E-16,-0.864202833561,0.503143580367
    ));
#17246 = PCURVE('',#16581,#17247);
#17247 = DEFINITIONAL_REPRESENTATION('',(#17248),#17252);
#17248 = LINE('',#17249,#17250);
#17249 = CARTESIAN_POINT('',(1.42108547152E-14,3.579884833317));
#17250 = VECTOR('',#17251,1.);
#17251 = DIRECTION('',(1.,1.130863886743E-15));
#17252 = ( GEOMETRIC_REPRESENTATION_CONTEXT(2) 
PARAMETRIC_REPRESENTATION_CONTEXT() REPRESENTATION_CONTEXT('2D SPACE',''
  ) );
#17253 = PCURVE('',#17254,#17266);
#17254 = SURFACE_OF_REVOLUTION('',#17255,#17263);
#17255 = B_SPLINE_CURVE_WITH_KNOTS('',6,(#17256,#17257,#17258,#17259,
    #17260,#17261,#17262),.UNSPECIFIED.,.F.,.F.,(7,7),(4.712388980385,
    6.28318530718),.PIECEWISE_BEZIER_KNOTS.);
#17256 = CARTESIAN_POINT('',(-8.072751378355,-4.771895986233,
    21.325090160558));
#17257 = CARTESIAN_POINT('',(-8.072751378355,-4.771895986233,
    21.375835852633));
#17258 = CARTESIAN_POINT('',(-8.056812835221,-4.771895986233,
    21.42657722707));
#17259 = CARTESIAN_POINT('',(-8.024911172262,-4.771895986233,
    21.47108422009));
#17260 = CARTESIAN_POINT('',(-7.980404179243,-4.771895986233,
    21.502985883049));
#17261 = CARTESIAN_POINT('',(-7.929662804805,-4.771895986233,
    21.518924426183));
#17262 = CARTESIAN_POINT('',(-7.87891711273,-4.771895986233,
    21.518924426183));
#17263 = AXIS1_PLACEMENT('',#17264,#17265);
#17264 = CARTESIAN_POINT('',(-7.87891711273,-4.771895986233,
    21.141877991798));
#17265 = DIRECTION('',(1.,2.22044604925E-16,0.));
#17266 = DEFINITIONAL_REPRESENTATION('',(#17267),#17271);
#17267 = LINE('',#17268,#17269);
#17268 = CARTESIAN_POINT('',(1.043563837632,-2.6645352591E-15));
#17269 = VECTOR('',#17270,1.);
#17270 = DIRECTION('',(-1.046049095237E-14,1.));
#17271 = ( GEOMETRIC_REPRESENTATION_CONTEXT(2) 
PARAMETRIC_REPRESENTATION_CONTEXT() REPRESENTATION_CONTEXT('2D SPACE',''
  ) );
#17272 = ORIENTED_EDGE('',*,*,#17273,.T.);
#17273 = EDGE_CURVE('',#17238,#16565,#17274,.T.);
#17274 = SURFACE_CURVE('',#17275,(#17279,#17286),.PCURVE_S1.);
#17275 = LINE('',#17276,#17277);
#17276 = CARTESIAN_POINT('',(-8.072751378355,-4.930228461618,
    21.234060018355));
#17277 = VECTOR('',#17278,1.);
#17278 = DIRECTION('',(1.117203175232E-16,-0.503143580367,
    -0.864202833561));
#17279 = PCURVE('',#16581,#17280);
#17280 = DEFINITIONAL_REPRESENTATION('',(#17281),#17285);
#17281 = LINE('',#17282,#17283);
#17282 = CARTESIAN_POINT('',(4.712388980385,3.579884833317));
#17283 = VECTOR('',#17284,1.);
#17284 = DIRECTION('',(0.,-1.));
#17285 = ( GEOMETRIC_REPRESENTATION_CONTEXT(2) 
PARAMETRIC_REPRESENTATION_CONTEXT() REPRESENTATION_CONTEXT('2D SPACE',''
  ) );
#17286 = PCURVE('',#16631,#17287);
#17287 = DEFINITIONAL_REPRESENTATION('',(#17288),#17292);
#17288 = LINE('',#17289,#17290);
#17289 = CARTESIAN_POINT('',(3.312853551456,11.36629549909));
#17290 = VECTOR('',#17291,1.);
#17291 = DIRECTION('',(-0.864202833561,0.503143580367));
#17292 = ( GEOMETRIC_REPRESENTATION_CONTEXT(2) 
PARAMETRIC_REPRESENTATION_CONTEXT() REPRESENTATION_CONTEXT('2D SPACE',''
  ) );
#17293 = ADVANCED_FACE('',(#17294),#16631,.F.);
#17294 = FACE_BOUND('',#17295,.T.);
#17295 = EDGE_LOOP('',(#17296,#17320,#17342,#17343));
#17296 = ORIENTED_EDGE('',*,*,#17297,.F.);
#17297 = EDGE_CURVE('',#17298,#17238,#17300,.T.);
#17298 = VERTEX_POINT('',#17299);
#17299 = CARTESIAN_POINT('',(-8.072751378355,-4.660243072517,
    21.287137503157));
#17300 = SURFACE_CURVE('',#17301,(#17306,#17313),.PCURVE_S1.);
#17301 = CIRCLE('',#17302,0.18321216876);
#17302 = AXIS2_PLACEMENT_3D('',#17303,#17304,#17305);
#17303 = CARTESIAN_POINT('',(-8.072751378355,-4.771895986233,
    21.141877991798));
#17304 = DIRECTION('',(1.,2.22044604925E-16,0.));
#17305 = DIRECTION('',(0.,-0.,1.));
#17306 = PCURVE('',#16631,#17307);
#17307 = DEFINITIONAL_REPRESENTATION('',(#17308),#17312);
#17308 = CIRCLE('',#17309,0.18321216876);
#17309 = AXIS2_PLACEMENT_2D('',#17310,#17311);
#17310 = CARTESIAN_POINT('',(3.2206715249,11.207963023706));
#17311 = DIRECTION('',(1.,0.));
#17312 = ( GEOMETRIC_REPRESENTATION_CONTEXT(2) 
PARAMETRIC_REPRESENTATION_CONTEXT() REPRESENTATION_CONTEXT('2D SPACE',''
  ) );
#17313 = PCURVE('',#17254,#17314);
#17314 = DEFINITIONAL_REPRESENTATION('',(#17315),#17319);
#17315 = LINE('',#17316,#17317);
#17316 = CARTESIAN_POINT('',(-6.28318530718,4.712388980385));
#17317 = VECTOR('',#17318,1.);
#17318 = DIRECTION('',(1.,-1.045597894339E-15));
#17319 = ( GEOMETRIC_REPRESENTATION_CONTEXT(2) 
PARAMETRIC_REPRESENTATION_CONTEXT() REPRESENTATION_CONTEXT('2D SPACE',''
  ) );
#17320 = ORIENTED_EDGE('',*,*,#17321,.T.);
#17321 = EDGE_CURVE('',#17298,#16616,#17322,.T.);
#17322 = SURFACE_CURVE('',#17323,(#17328,#17335),.PCURVE_S1.);
#17323 = CIRCLE('',#17324,15.266081598248);
#17324 = AXIS2_PLACEMENT_3D('',#17325,#17326,#17327);
#17325 = CARTESIAN_POINT('',(-8.072751378355,4.643191863162,
    33.390828913714));
#17326 = DIRECTION('',(1.,2.22044604925E-16,0.));
#17327 = DIRECTION('',(0.,-0.,1.));
#17328 = PCURVE('',#16631,#17329);
#17329 = DEFINITIONAL_REPRESENTATION('',(#17330),#17334);
#17330 = CIRCLE('',#17331,15.266081598248);
#17331 = AXIS2_PLACEMENT_2D('',#17332,#17333);
#17332 = CARTESIAN_POINT('',(15.469622446815,1.792875174311));
#17333 = DIRECTION('',(1.,0.));
#17334 = ( GEOMETRIC_REPRESENTATION_CONTEXT(2) 
PARAMETRIC_REPRESENTATION_CONTEXT() REPRESENTATION_CONTEXT('2D SPACE',''
  ) );
#17335 = PCURVE('',#16663,#17336);
#17336 = DEFINITIONAL_REPRESENTATION('',(#17337),#17341);
#17337 = LINE('',#17338,#17339);
#17338 = CARTESIAN_POINT('',(0.,4.712388980385));
#17339 = VECTOR('',#17340,1.);
#17340 = DIRECTION('',(1.,0.));
#17341 = ( GEOMETRIC_REPRESENTATION_CONTEXT(2) 
PARAMETRIC_REPRESENTATION_CONTEXT() REPRESENTATION_CONTEXT('2D SPACE',''
  ) );
#17342 = ORIENTED_EDGE('',*,*,#16615,.F.);
#17343 = ORIENTED_EDGE('',*,*,#17273,.F.);
#17344 = ADVANCED_FACE('',(#17345),#16663,.T.);
#17345 = FACE_BOUND('',#17346,.T.);
#17346 = EDGE_LOOP('',(#17347,#17371,#17395,#17417,#17418));
#17347 = ORIENTED_EDGE('',*,*,#17348,.T.);
#17348 = EDGE_CURVE('',#17298,#17349,#17351,.T.);
#17349 = VERTEX_POINT('',#17350);
#17350 = CARTESIAN_POINT('',(-7.87891711273,-4.5421168548,
    21.440818729136));
#17351 = SURFACE_CURVE('',#17352,(#17357,#17364),.PCURVE_S1.);
#17352 = CIRCLE('',#17353,0.193834265625);
#17353 = AXIS2_PLACEMENT_3D('',#17354,#17355,#17356);
#17354 = CARTESIAN_POINT('',(-7.87891711273,-4.660243072517,
    21.287137503157));
#17355 = DIRECTION('',(-1.760477539764E-16,0.792848599207,
    -0.609418656373));
#17356 = DIRECTION('',(-1.353181247882E-16,0.609418656373,0.792848599207
    ));
#17357 = PCURVE('',#16663,#17358);
#17358 = DEFINITIONAL_REPRESENTATION('',(#17359),#17363);
#17359 = LINE('',#17360,#17361);
#17360 = CARTESIAN_POINT('',(2.486265503569,9.42477796077));
#17361 = VECTOR('',#17362,1.);
#17362 = DIRECTION('',(0.,-1.));
#17363 = ( GEOMETRIC_REPRESENTATION_CONTEXT(2) 
PARAMETRIC_REPRESENTATION_CONTEXT() REPRESENTATION_CONTEXT('2D SPACE',''
  ) );
#17364 = PCURVE('',#17254,#17365);
#17365 = DEFINITIONAL_REPRESENTATION('',(#17366),#17370);
#17366 = LINE('',#17367,#17368);
#17367 = CARTESIAN_POINT('',(-0.655327150021,-3.641531520771E-14));
#17368 = VECTOR('',#17369,1.);
#17369 = DIRECTION('',(1.696295830114E-14,1.));
#17370 = ( GEOMETRIC_REPRESENTATION_CONTEXT(2) 
PARAMETRIC_REPRESENTATION_CONTEXT() REPRESENTATION_CONTEXT('2D SPACE',''
  ) );
#17371 = ORIENTED_EDGE('',*,*,#17372,.T.);
#17372 = EDGE_CURVE('',#17349,#17373,#17375,.T.);
#17373 = VERTEX_POINT('',#17374);
#17374 = CARTESIAN_POINT('',(-7.87891711273,6.37839787941,
    18.418798332094));
#17375 = SURFACE_CURVE('',#17376,(#17381,#17388),.PCURVE_S1.);
#17376 = CIRCLE('',#17377,15.072247332623);
#17377 = AXIS2_PLACEMENT_3D('',#17378,#17379,#17380);
#17378 = CARTESIAN_POINT('',(-7.87891711273,4.643191863162,
    33.390828913714));
#17379 = DIRECTION('',(1.,2.22044604925E-16,0.));
#17380 = DIRECTION('',(0.,-0.,1.));
#17381 = PCURVE('',#16663,#17382);
#17382 = DEFINITIONAL_REPRESENTATION('',(#17383),#17387);
#17383 = LINE('',#17384,#17385);
#17384 = CARTESIAN_POINT('',(0.,3.14159265359));
#17385 = VECTOR('',#17386,1.);
#17386 = DIRECTION('',(1.,-4.033461284136E-14));
#17387 = ( GEOMETRIC_REPRESENTATION_CONTEXT(2) 
PARAMETRIC_REPRESENTATION_CONTEXT() REPRESENTATION_CONTEXT('2D SPACE',''
  ) );
#17388 = PCURVE('',#17007,#17389);
#17389 = DEFINITIONAL_REPRESENTATION('',(#17390),#17394);
#17390 = LINE('',#17391,#17392);
#17391 = CARTESIAN_POINT('',(0.,-2.97891711273));
#17392 = VECTOR('',#17393,1.);
#17393 = DIRECTION('',(1.,0.));
#17394 = ( GEOMETRIC_REPRESENTATION_CONTEXT(2) 
PARAMETRIC_REPRESENTATION_CONTEXT() REPRESENTATION_CONTEXT('2D SPACE',''
  ) );
#17395 = ORIENTED_EDGE('',*,*,#17396,.F.);
#17396 = EDGE_CURVE('',#16644,#17373,#17397,.T.);
#17397 = SURFACE_CURVE('',#17398,(#17403,#17410),.PCURVE_S1.);
#17398 = CIRCLE('',#17399,0.193834265625);
#17399 = AXIS2_PLACEMENT_3D('',#17400,#17401,#17402);
#17400 = CARTESIAN_POINT('',(-7.87891711273,6.400713223396,
    18.226252888229));
#17401 = DIRECTION('',(-2.20568210039E-16,0.993350908541,0.115125898478)
  );
#17402 = DIRECTION('',(2.556308464415E-17,-0.115125898478,0.993350908541
    ));
#17403 = PCURVE('',#16663,#17404);
#17404 = DEFINITIONAL_REPRESENTATION('',(#17405),#17409);
#17405 = LINE('',#17406,#17407);
#17406 = CARTESIAN_POINT('',(3.256974393519,9.42477796077));
#17407 = VECTOR('',#17408,1.);
#17408 = DIRECTION('',(0.,-1.));
#17409 = ( GEOMETRIC_REPRESENTATION_CONTEXT(2) 
PARAMETRIC_REPRESENTATION_CONTEXT() REPRESENTATION_CONTEXT('2D SPACE',''
  ) );
#17410 = PCURVE('',#16715,#17411);
#17411 = DEFINITIONAL_REPRESENTATION('',(#17412),#17416);
#17412 = LINE('',#17413,#17414);
#17413 = CARTESIAN_POINT('',(6.398567047108,-1.59872115546E-14));
#17414 = VECTOR('',#17415,1.);
#17415 = DIRECTION('',(1.800661149335E-15,1.));
#17416 = ( GEOMETRIC_REPRESENTATION_CONTEXT(2) 
PARAMETRIC_REPRESENTATION_CONTEXT() REPRESENTATION_CONTEXT('2D SPACE',''
  ) );
#17417 = ORIENTED_EDGE('',*,*,#16643,.F.);
#17418 = ORIENTED_EDGE('',*,*,#17321,.F.);
#17419 = ADVANCED_FACE('',(#17420),#16715,.T.);
#17420 = FACE_BOUND('',#17421,.T.);
#17421 = EDGE_LOOP('',(#17422,#17423,#17445,#17467));
#17422 = ORIENTED_EDGE('',*,*,#17396,.T.);
#17423 = ORIENTED_EDGE('',*,*,#17424,.F.);
#17424 = EDGE_CURVE('',#16836,#17373,#17425,.T.);
#17425 = SURFACE_CURVE('',#17426,(#17431,#17438),.PCURVE_S1.);
#17426 = CIRCLE('',#17427,0.500922545011);
#17427 = AXIS2_PLACEMENT_3D('',#17428,#17429,#17430);
#17428 = CARTESIAN_POINT('',(-7.87891711273,6.436067037473,
    17.921206466899));
#17429 = DIRECTION('',(1.,2.22044604925E-16,0.));
#17430 = DIRECTION('',(0.,-0.,1.));
#17431 = PCURVE('',#16715,#17432);
#17432 = DEFINITIONAL_REPRESENTATION('',(#17433),#17437);
#17433 = LINE('',#17434,#17435);
#17434 = CARTESIAN_POINT('',(0.,6.28318530718));
#17435 = VECTOR('',#17436,1.);
#17436 = DIRECTION('',(1.,0.));
#17437 = ( GEOMETRIC_REPRESENTATION_CONTEXT(2) 
PARAMETRIC_REPRESENTATION_CONTEXT() REPRESENTATION_CONTEXT('2D SPACE',''
  ) );
#17438 = PCURVE('',#16853,#17439);
#17439 = DEFINITIONAL_REPRESENTATION('',(#17440),#17444);
#17440 = LINE('',#17441,#17442);
#17441 = CARTESIAN_POINT('',(0.,-2.97891711273));
#17442 = VECTOR('',#17443,1.);
#17443 = DIRECTION('',(1.,0.));
#17444 = ( GEOMETRIC_REPRESENTATION_CONTEXT(2) 
PARAMETRIC_REPRESENTATION_CONTEXT() REPRESENTATION_CONTEXT('2D SPACE',''
  ) );
#17445 = ORIENTED_EDGE('',*,*,#17446,.T.);
#17446 = EDGE_CURVE('',#16836,#16698,#17447,.T.);
#17447 = SURFACE_CURVE('',#17448,(#17453,#17460),.PCURVE_S1.);
#17448 = CIRCLE('',#17449,0.193834265625);
#17449 = AXIS2_PLACEMENT_3D('',#17450,#17451,#17452);
#17450 = CARTESIAN_POINT('',(-7.87891711273,6.616585177147,
    18.169634348959));
#17451 = DIRECTION('',(1.796293594619E-16,-0.808978716337,0.587837933884
    ));
#17452 = DIRECTION('',(1.305262417893E-16,-0.587837933884,
    -0.808978716337));
#17453 = PCURVE('',#16715,#17454);
#17454 = DEFINITIONAL_REPRESENTATION('',(#17455),#17459);
#17455 = LINE('',#17456,#17457);
#17456 = CARTESIAN_POINT('',(5.654801656893,9.424777960769));
#17457 = VECTOR('',#17458,1.);
#17458 = DIRECTION('',(-3.169802666115E-15,-1.));
#17459 = ( GEOMETRIC_REPRESENTATION_CONTEXT(2) 
PARAMETRIC_REPRESENTATION_CONTEXT() REPRESENTATION_CONTEXT('2D SPACE',''
  ) );
#17460 = PCURVE('',#16764,#17461);
#17461 = DEFINITIONAL_REPRESENTATION('',(#17462),#17466);
#17462 = LINE('',#17463,#17464);
#17463 = CARTESIAN_POINT('',(0.,4.478545329E-14));
#17464 = VECTOR('',#17465,1.);
#17465 = DIRECTION('',(1.,-6.33960533223E-15));
#17466 = ( GEOMETRIC_REPRESENTATION_CONTEXT(2) 
PARAMETRIC_REPRESENTATION_CONTEXT() REPRESENTATION_CONTEXT('2D SPACE',''
  ) );
#17467 = ORIENTED_EDGE('',*,*,#16697,.F.);
#17468 = ADVANCED_FACE('',(#17469),#16764,.T.);
#17469 = FACE_BOUND('',#17470,.T.);
#17470 = EDGE_LOOP('',(#17471,#17472,#17473));
#17471 = ORIENTED_EDGE('',*,*,#16887,.T.);
#17472 = ORIENTED_EDGE('',*,*,#16749,.T.);
#17473 = ORIENTED_EDGE('',*,*,#17446,.F.);
#17474 = ADVANCED_FACE('',(#17475),#16853,.T.);
#17475 = FACE_BOUND('',#17476,.T.);
#17476 = EDGE_LOOP('',(#17477,#17498,#17499,#17500));
#17477 = ORIENTED_EDGE('',*,*,#17478,.T.);
#17478 = EDGE_CURVE('',#17373,#16940,#17479,.T.);
#17479 = SURFACE_CURVE('',#17480,(#17484,#17491),.PCURVE_S1.);
#17480 = LINE('',#17481,#17482);
#17481 = CARTESIAN_POINT('',(-4.9,6.37839787941,18.418798332094));
#17482 = VECTOR('',#17483,1.);
#17483 = DIRECTION('',(1.,2.22044604925E-16,0.));
#17484 = PCURVE('',#16853,#17485);
#17485 = DEFINITIONAL_REPRESENTATION('',(#17486),#17490);
#17486 = LINE('',#17487,#17488);
#17487 = CARTESIAN_POINT('',(6.398567047108,0.));
#17488 = VECTOR('',#17489,1.);
#17489 = DIRECTION('',(0.,1.));
#17490 = ( GEOMETRIC_REPRESENTATION_CONTEXT(2) 
PARAMETRIC_REPRESENTATION_CONTEXT() REPRESENTATION_CONTEXT('2D SPACE',''
  ) );
#17491 = PCURVE('',#17007,#17492);
#17492 = DEFINITIONAL_REPRESENTATION('',(#17493),#17497);
#17493 = LINE('',#17494,#17495);
#17494 = CARTESIAN_POINT('',(3.256974393519,0.));
#17495 = VECTOR('',#17496,1.);
#17496 = DIRECTION('',(0.,1.));
#17497 = ( GEOMETRIC_REPRESENTATION_CONTEXT(2) 
PARAMETRIC_REPRESENTATION_CONTEXT() REPRESENTATION_CONTEXT('2D SPACE',''
  ) );
#17498 = ORIENTED_EDGE('',*,*,#16939,.F.);
#17499 = ORIENTED_EDGE('',*,*,#16835,.F.);
#17500 = ORIENTED_EDGE('',*,*,#17424,.T.);
#17501 = ADVANCED_FACE('',(#17502),#17007,.F.);
#17502 = FACE_BOUND('',#17503,.F.);
#17503 = EDGE_LOOP('',(#17504,#17505,#17506,#17507));
#17504 = ORIENTED_EDGE('',*,*,#17372,.T.);
#17505 = ORIENTED_EDGE('',*,*,#17478,.T.);
#17506 = ORIENTED_EDGE('',*,*,#16990,.F.);
#17507 = ORIENTED_EDGE('',*,*,#17508,.F.);
#17508 = EDGE_CURVE('',#17349,#16991,#17509,.T.);
#17509 = SURFACE_CURVE('',#17510,(#17514,#17521),.PCURVE_S1.);
#17510 = LINE('',#17511,#17512);
#17511 = CARTESIAN_POINT('',(-4.9,-4.5421168548,21.440818729136));
#17512 = VECTOR('',#17513,1.);
#17513 = DIRECTION('',(1.,2.22044604925E-16,0.));
#17514 = PCURVE('',#17007,#17515);
#17515 = DEFINITIONAL_REPRESENTATION('',(#17516),#17520);
#17516 = LINE('',#17517,#17518);
#17517 = CARTESIAN_POINT('',(2.486265503569,0.));
#17518 = VECTOR('',#17519,1.);
#17519 = DIRECTION('',(0.,1.));
#17520 = ( GEOMETRIC_REPRESENTATION_CONTEXT(2) 
PARAMETRIC_REPRESENTATION_CONTEXT() REPRESENTATION_CONTEXT('2D SPACE',''
  ) );
#17521 = PCURVE('',#17199,#17522);
#17522 = DEFINITIONAL_REPRESENTATION('',(#17523),#17527);
#17523 = LINE('',#17524,#17525);
#17524 = CARTESIAN_POINT('',(-0.655327150021,0.));
#17525 = VECTOR('',#17526,1.);
#17526 = DIRECTION('',(0.,1.));
#17527 = ( GEOMETRIC_REPRESENTATION_CONTEXT(2) 
PARAMETRIC_REPRESENTATION_CONTEXT() REPRESENTATION_CONTEXT('2D SPACE',''
  ) );
#17528 = ADVANCED_FACE('',(#17529),#17036,.T.);
#17529 = FACE_BOUND('',#17530,.T.);
#17530 = EDGE_LOOP('',(#17531,#17532,#17554,#17555));
#17531 = ORIENTED_EDGE('',*,*,#17019,.T.);
#17532 = ORIENTED_EDGE('',*,*,#17533,.T.);
#17533 = EDGE_CURVE('',#16991,#17132,#17534,.T.);
#17534 = SURFACE_CURVE('',#17535,(#17540,#17547),.PCURVE_S1.);
#17535 = CIRCLE('',#17536,0.377046434385);
#17536 = AXIS2_PLACEMENT_3D('',#17537,#17538,#17539);
#17537 = CARTESIAN_POINT('',(7.87891711273,-4.771895986233,
    21.141877991798));
#17538 = DIRECTION('',(1.,2.22044604925E-16,0.));
#17539 = DIRECTION('',(0.,-0.,1.));
#17540 = PCURVE('',#17036,#17541);
#17541 = DEFINITIONAL_REPRESENTATION('',(#17542),#17546);
#17542 = LINE('',#17543,#17544);
#17543 = CARTESIAN_POINT('',(-6.28318530718,0.));
#17544 = VECTOR('',#17545,1.);
#17545 = DIRECTION('',(1.,0.));
#17546 = ( GEOMETRIC_REPRESENTATION_CONTEXT(2) 
PARAMETRIC_REPRESENTATION_CONTEXT() REPRESENTATION_CONTEXT('2D SPACE',''
  ) );
#17547 = PCURVE('',#17199,#17548);
#17548 = DEFINITIONAL_REPRESENTATION('',(#17549),#17553);
#17549 = LINE('',#17550,#17551);
#17550 = CARTESIAN_POINT('',(-6.28318530718,12.77891711273));
#17551 = VECTOR('',#17552,1.);
#17552 = DIRECTION('',(1.,0.));
#17553 = ( GEOMETRIC_REPRESENTATION_CONTEXT(2) 
PARAMETRIC_REPRESENTATION_CONTEXT() REPRESENTATION_CONTEXT('2D SPACE',''
  ) );
#17554 = ORIENTED_EDGE('',*,*,#17131,.F.);
#17555 = ORIENTED_EDGE('',*,*,#17081,.F.);
#17556 = ADVANCED_FACE('',(#17557),#17199,.T.);
#17557 = FACE_BOUND('',#17558,.T.);
#17558 = EDGE_LOOP('',(#17559,#17560,#17561,#17562));
#17559 = ORIENTED_EDGE('',*,*,#17183,.T.);
#17560 = ORIENTED_EDGE('',*,*,#17533,.F.);
#17561 = ORIENTED_EDGE('',*,*,#17508,.F.);
#17562 = ORIENTED_EDGE('',*,*,#17563,.T.);
#17563 = EDGE_CURVE('',#17349,#17184,#17564,.T.);
#17564 = SURFACE_CURVE('',#17565,(#17570,#17577),.PCURVE_S1.);
#17565 = CIRCLE('',#17566,0.377046434385);
#17566 = AXIS2_PLACEMENT_3D('',#17567,#17568,#17569);
#17567 = CARTESIAN_POINT('',(-7.87891711273,-4.771895986233,
    21.141877991798));
#17568 = DIRECTION('',(1.,2.22044604925E-16,0.));
#17569 = DIRECTION('',(0.,-0.,1.));
#17570 = PCURVE('',#17199,#17571);
#17571 = DEFINITIONAL_REPRESENTATION('',(#17572),#17576);
#17572 = LINE('',#17573,#17574);
#17573 = CARTESIAN_POINT('',(-6.28318530718,-2.97891711273));
#17574 = VECTOR('',#17575,1.);
#17575 = DIRECTION('',(1.,0.));
#17576 = ( GEOMETRIC_REPRESENTATION_CONTEXT(2) 
PARAMETRIC_REPRESENTATION_CONTEXT() REPRESENTATION_CONTEXT('2D SPACE',''
  ) );
#17577 = PCURVE('',#17254,#17578);
#17578 = DEFINITIONAL_REPRESENTATION('',(#17579),#17583);
#17579 = LINE('',#17580,#17581);
#17580 = CARTESIAN_POINT('',(-6.28318530718,6.28318530718));
#17581 = VECTOR('',#17582,1.);
#17582 = DIRECTION('',(1.,0.));
#17583 = ( GEOMETRIC_REPRESENTATION_CONTEXT(2) 
PARAMETRIC_REPRESENTATION_CONTEXT() REPRESENTATION_CONTEXT('2D SPACE',''
  ) );
#17584 = ADVANCED_FACE('',(#17585),#17254,.T.);
#17585 = FACE_BOUND('',#17586,.T.);
#17586 = EDGE_LOOP('',(#17587,#17588,#17589,#17590));
#17587 = ORIENTED_EDGE('',*,*,#17237,.T.);
#17588 = ORIENTED_EDGE('',*,*,#17563,.F.);
#17589 = ORIENTED_EDGE('',*,*,#17348,.F.);
#17590 = ORIENTED_EDGE('',*,*,#17297,.T.);
#17591 = ( GEOMETRIC_REPRESENTATION_CONTEXT(3) 
GLOBAL_UNCERTAINTY_ASSIGNED_CONTEXT((#17595)) 
GLOBAL_UNIT_ASSIGNED_CONTEXT((#17592,#17593,#17594)) 
REPRESENTATION_CONTEXT('Context #1',
  '3D Context with UNIT and UNCERTAINTY') );
#17592 = ( LENGTH_UNIT() NAMED_UNIT(*) SI_UNIT(.MILLI.,.METRE.) );
#17593 = ( NAMED_UNIT(*) PLANE_ANGLE_UNIT() SI_UNIT($,.RADIAN.) );
#17594 = ( NAMED_UNIT(*) SI_UNIT($,.STERADIAN.) SOLID_ANGLE_UNIT() );
#17595 = UNCERTAINTY_MEASURE_WITH_UNIT(LENGTH_MEASURE(1.E-05),#17592,
  'distance_accuracy_value','confusion accuracy');
#17596 = PRODUCT_RELATED_PRODUCT_CATEGORY('part',$,(#7));
ENDSEC;
END-ISO-10303-21;
