ISO-10303-21;
HEADER;
FILE_DESCRIPTION(('Open CASCADE Model'),'2;1');
FILE_NAME('2604-3102','2026-10-09T06:39:24',('Author'),('Open CASCADE'),
  'Open CASCADE STEP processor 8.0','build123d','Unknown');
FILE_SCHEMA(('AUTOMOTIVE_DESIGN { 1 0 10303 214 1 1 1 1 }'));
ENDSEC;
DATA;
#1 = APPLICATION_PROTOCOL_DEFINITION('international standard',
  'automotive_design',2000,#2);
#2 = APPLICATION_CONTEXT(
  'core data for automotive mechanical design processes');
#3 = SHAPE_DEFINITION_REPRESENTATION(#4,#10);
#4 = PRODUCT_DEFINITION_SHAPE('','',#5);
#5 = PRODUCT_DEFINITION('design','',#6,#9);
#6 = PRODUCT_DEFINITION_FORMATION('','',#7);
#7 = PRODUCT('2604-3102','2604-3102','',(#8));
#8 = PRODUCT_CONTEXT('',#2,'mechanical');
#9 = PRODUCT_DEFINITION_CONTEXT('part definition',#2,'design');
#10 = SHAPE_REPRESENTATION('',(#11,#15),#19);
#11 = AXIS2_PLACEMENT_3D('',#12,#13,#14);
#12 = CARTESIAN_POINT('',(0.,0.,0.));
#13 = DIRECTION('',(0.,0.,1.));
#14 = DIRECTION('',(1.,0.,-0.));
#15 = AXIS2_PLACEMENT_3D('',#16,#17,#18);
#16 = CARTESIAN_POINT('',(-4.8,4.75,0.));
#17 = DIRECTION('',(1.,-2.22044604925E-16,2.22044604925E-16));
#18 = DIRECTION('',(2.22044604925E-16,1.,0.));
#19 = ( GEOMETRIC_REPRESENTATION_CONTEXT(3) 
GLOBAL_UNCERTAINTY_ASSIGNED_CONTEXT((#23)) GLOBAL_UNIT_ASSIGNED_CONTEXT(
(#20,#21,#22)) REPRESENTATION_CONTEXT('Context #1',
  '3D Context with UNIT and UNCERTAINTY') );
#20 = ( LENGTH_UNIT() NAMED_UNIT(*) SI_UNIT(.MILLI.,.METRE.) );
#21 = ( NAMED_UNIT(*) PLANE_ANGLE_UNIT() SI_UNIT($,.RADIAN.) );
#22 = ( NAMED_UNIT(*) SI_UNIT($,.STERADIAN.) SOLID_ANGLE_UNIT() );
#23 = UNCERTAINTY_MEASURE_WITH_UNIT(LENGTH_MEASURE(5.E-05),#20,
  'distance_accuracy_value','confusion accuracy');
#24 = PRODUCT_RELATED_PRODUCT_CATEGORY('part',$,(#7));
#25 = SHAPE_DEFINITION_REPRESENTATION(#26,#32);
#26 = PRODUCT_DEFINITION_SHAPE('','',#27);
#27 = PRODUCT_DEFINITION('design','',#28,#31);
#28 = PRODUCT_DEFINITION_FORMATION('','',#29);
#29 = PRODUCT('2604-3102','2604-3102','',(#30));
#30 = PRODUCT_CONTEXT('',#2,'mechanical');
#31 = PRODUCT_DEFINITION_CONTEXT('part definition',#2,'design');
#32 = ADVANCED_BREP_SHAPE_REPRESENTATION('',(#11,#33),#18766);
#33 = MANIFOLD_SOLID_BREP('',#34);
#34 = CLOSED_SHELL('',(#35,#179,#507,#811,#1197,#1297,#1625,#1929,#2315,
    #2415,#2601,#2767,#2953,#3119,#3236,#3348,#4081,#4317,#4366,#4676,
    #4924,#5182,#5482,#5679,#5871,#5978,#6101,#6203,#6326,#6380,#6514,
    #6568,#6702,#6858,#7014,#7086,#7188,#7261,#7424,#7474,#7702,#7780,
    #9009,#9058,#9491,#9504,#9581,#9803,#9830,#9837,#9864,#9891,#9918,
    #9925,#10002,#10224,#10251,#10258,#10285,#10312,#10339,#10346,#10354
    ,#10362,#10370,#10378,#10385,#10392,#10468,#10517,#10566,#10593,
    #10600,#10676,#10725,#10774,#10801,#10808,#10884,#10933,#10982,
    #11009,#11016,#11092,#11141,#11190,#11217,#11224,#11261,#11310,
    #11336,#11373,#11422,#11448,#11524,#11573,#11622,#11672,#11721,
    #11749,#11758,#11834,#11883,#11932,#11982,#12031,#12059,#12068,
    #12144,#12199,#12253,#12308,#12363,#12417,#12472,#12526,#12581,
    #12635,#12690,#12744,#12798,#12852,#12907,#12961,#13016,#13070,
    #13103,#13557,#13604,#13631,#13658,#13685,#13712,#13739,#13766,
    #13793,#13820,#13847,#13874,#13901,#13928,#13955,#13982,#14009,
    #14036,#14063,#14070,#14146,#14201,#14255,#14310,#14365,#14419,
    #14474,#14528,#14583,#14637,#14692,#14746,#14800,#14854,#14909,
    #14963,#15018,#15072,#15105,#15559,#15606,#15633,#15660,#15687,
    #15714,#15741,#15768,#15795,#15822,#15849,#15876,#15903,#15930,
    #15957,#15984,#16011,#16038,#16065,#16072,#16122,#16172,#16269,
    #16296,#16303,#16353,#16403,#16500,#16527,#16534,#16561,#16588,
    #16724,#16731,#16758,#16853,#16881,#16908,#16935,#17071,#17078,
    #17105,#17200,#17228,#17235,#17263,#17292,#17299,#17327,#17356,
    #17383,#17410,#17418,#17445,#17473,#17480,#17507,#17534,#17542,
    #17569,#17597,#17604,#17680,#17735,#17789,#17844,#17898,#17931,
    #17980,#18052,#18101,#18173,#18222,#18294,#18343,#18415,#18442,
    #18455,#18531,#18581,#18630,#18680,#18729,#18757));
#35 = ADVANCED_FACE('',(#36),#50,.T.);
#36 = FACE_BOUND('',#37,.T.);
#37 = EDGE_LOOP('',(#38,#73,#124,#152));
#38 = ORIENTED_EDGE('',*,*,#39,.F.);
#39 = EDGE_CURVE('',#40,#42,#44,.T.);
#40 = VERTEX_POINT('',#41);
#41 = CARTESIAN_POINT('',(-2.8,10.444141192149,10.574828151588));
#42 = VERTEX_POINT('',#43);
#43 = CARTESIAN_POINT('',(-2.8,10.444141192149,10.));
#44 = SURFACE_CURVE('',#45,(#49,#61),.PCURVE_S1.);
#45 = LINE('',#46,#47);
#46 = CARTESIAN_POINT('',(-2.8,10.444141192149,10.9));
#47 = VECTOR('',#48,1.);
#48 = DIRECTION('',(0.,0.,-1.));
#49 = PCURVE('',#50,#55);
#50 = CYLINDRICAL_SURFACE('',#51,0.3);
#51 = AXIS2_PLACEMENT_3D('',#52,#53,#54);
#52 = CARTESIAN_POINT('',(-2.5,10.444141192149,10.9));
#53 = DIRECTION('',(0.,0.,-1.));
#54 = DIRECTION('',(-1.,0.,0.));
#55 = DEFINITIONAL_REPRESENTATION('',(#56),#60);
#56 = LINE('',#57,#58);
#57 = CARTESIAN_POINT('',(0.,0.));
#58 = VECTOR('',#59,1.);
#59 = DIRECTION('',(0.,1.));
#60 = ( GEOMETRIC_REPRESENTATION_CONTEXT(2) 
PARAMETRIC_REPRESENTATION_CONTEXT() REPRESENTATION_CONTEXT('2D SPACE',''
  ) );
#61 = PCURVE('',#62,#67);
#62 = PLANE('',#63);
#63 = AXIS2_PLACEMENT_3D('',#64,#65,#66);
#64 = CARTESIAN_POINT('',(-2.8,10.444141192149,10.9));
#65 = DIRECTION('',(1.,0.,0.));
#66 = DIRECTION('',(0.,0.,-1.));
#67 = DEFINITIONAL_REPRESENTATION('',(#68),#72);
#68 = LINE('',#69,#70);
#69 = CARTESIAN_POINT('',(0.,0.));
#70 = VECTOR('',#71,1.);
#71 = DIRECTION('',(1.,0.));
#72 = ( GEOMETRIC_REPRESENTATION_CONTEXT(2) 
PARAMETRIC_REPRESENTATION_CONTEXT() REPRESENTATION_CONTEXT('2D SPACE',''
  ) );
#73 = ORIENTED_EDGE('',*,*,#74,.T.);
#74 = EDGE_CURVE('',#40,#75,#77,.T.);
#75 = VERTEX_POINT('',#76);
#76 = CARTESIAN_POINT('',(-2.656640577262,10.7,10.529713340512));
#77 = SURFACE_CURVE('',#78,(#83,#112),.PCURVE_S1.);
#78 = ELLIPSE('',#79,0.304627983566,0.3);
#79 = AXIS2_PLACEMENT_3D('',#80,#81,#82);
#80 = CARTESIAN_POINT('',(-2.5,10.444141192149,10.574828151588));
#81 = DIRECTION('',(0.,-0.173648177667,-0.984807753012));
#82 = DIRECTION('',(0.,0.984807753012,-0.173648177667));
#83 = PCURVE('',#50,#84);
#84 = DEFINITIONAL_REPRESENTATION('',(#85),#111);
#85 = B_SPLINE_CURVE_WITH_KNOTS('',3,(#86,#87,#88,#89,#90,#91,#92,#93,
    #94,#95,#96,#97,#98,#99,#100,#101,#102,#103,#104,#105,#106,#107,#108
    ,#109,#110),.UNSPECIFIED.,.F.,.F.,(4,1,1,1,1,1,1,1,1,1,1,1,1,1,1,1,1
    ,1,1,1,1,1,4),(4.712388980385,4.758818237363,4.805247494342,
    4.851676751321,4.8981060083,4.944535265278,4.990964522257,
    5.037393779236,5.083823036214,5.130252293193,5.176681550172,
    5.22311080715,5.269540064129,5.315969321108,5.362398578087,
    5.408827835065,5.455257092044,5.501686349023,5.548115606001,
    5.59454486298,5.640974119959,5.687403376937,5.733832633916),
  .QUASI_UNIFORM_KNOTS.);
#86 = CARTESIAN_POINT('',(0.,0.325171848412));
#87 = CARTESIAN_POINT('',(1.54764189929E-02,0.325990522622));
#88 = CARTESIAN_POINT('',(4.64292569787E-02,0.327627867019));
#89 = CARTESIAN_POINT('',(9.285851395741E-02,0.330078593419));
#90 = CARTESIAN_POINT('',(0.139287770936,0.3325187435));
#91 = CARTESIAN_POINT('',(0.185717027915,0.334943059134));
#92 = CARTESIAN_POINT('',(0.232146284894,0.337346314925));
#93 = CARTESIAN_POINT('',(0.278575541872,0.339723331244));
#94 = CARTESIAN_POINT('',(0.325004798851,0.342068984911));
#95 = CARTESIAN_POINT('',(0.37143405583,0.344378220372));
#96 = CARTESIAN_POINT('',(0.417863312808,0.346646060557));
#97 = CARTESIAN_POINT('',(0.464292569787,0.348867617616));
#98 = CARTESIAN_POINT('',(0.510721826766,0.351038103451));
#99 = CARTESIAN_POINT('',(0.557151083744,0.35315284004));
#100 = CARTESIAN_POINT('',(0.603580340723,0.355207269513));
#101 = CARTESIAN_POINT('',(0.650009597702,0.357196963985));
#102 = CARTESIAN_POINT('',(0.696438854681,0.359117635082));
#103 = CARTESIAN_POINT('',(0.742868111659,0.360965143227));
#104 = CARTESIAN_POINT('',(0.789297368638,0.362735506424));
#105 = CARTESIAN_POINT('',(0.835726625617,0.364424909335));
#106 = CARTESIAN_POINT('',(0.882155882595,0.366029709667));
#107 = CARTESIAN_POINT('',(0.928585139574,0.367546452876));
#108 = CARTESIAN_POINT('',(0.975014396553,0.368971854025));
#109 = CARTESIAN_POINT('',(1.005967234539,0.369859218257));
#110 = CARTESIAN_POINT('',(1.021443653532,0.370286659488));
#111 = ( GEOMETRIC_REPRESENTATION_CONTEXT(2) 
PARAMETRIC_REPRESENTATION_CONTEXT() REPRESENTATION_CONTEXT('2D SPACE',''
  ) );
#112 = PCURVE('',#113,#118);
#113 = PLANE('',#114);
#114 = AXIS2_PLACEMENT_3D('',#115,#116,#117);
#115 = CARTESIAN_POINT('',(-3.,8.6,10.9));
#116 = DIRECTION('',(0.,-0.173648177667,-0.984807753012));
#117 = DIRECTION('',(0.,0.984807753012,-0.173648177667));
#118 = DEFINITIONAL_REPRESENTATION('',(#119),#123);
#119 = ELLIPSE('',#120,0.304627983566,0.3);
#120 = AXIS2_PLACEMENT_2D('',#121,#122);
#121 = CARTESIAN_POINT('',(1.872590042583,0.5));
#122 = DIRECTION('',(1.,0.));
#123 = ( GEOMETRIC_REPRESENTATION_CONTEXT(2) 
PARAMETRIC_REPRESENTATION_CONTEXT() REPRESENTATION_CONTEXT('2D SPACE',''
  ) );
#124 = ORIENTED_EDGE('',*,*,#125,.T.);
#125 = EDGE_CURVE('',#75,#126,#128,.T.);
#126 = VERTEX_POINT('',#127);
#127 = CARTESIAN_POINT('',(-2.656640577262,10.7,10.));
#128 = SURFACE_CURVE('',#129,(#133,#140),.PCURVE_S1.);
#129 = LINE('',#130,#131);
#130 = CARTESIAN_POINT('',(-2.656640577262,10.7,10.9));
#131 = VECTOR('',#132,1.);
#132 = DIRECTION('',(0.,0.,-1.));
#133 = PCURVE('',#50,#134);
#134 = DEFINITIONAL_REPRESENTATION('',(#135),#139);
#135 = LINE('',#136,#137);
#136 = CARTESIAN_POINT('',(1.021443653532,0.));
#137 = VECTOR('',#138,1.);
#138 = DIRECTION('',(0.,1.));
#139 = ( GEOMETRIC_REPRESENTATION_CONTEXT(2) 
PARAMETRIC_REPRESENTATION_CONTEXT() REPRESENTATION_CONTEXT('2D SPACE',''
  ) );
#140 = PCURVE('',#141,#146);
#141 = PLANE('',#142);
#142 = AXIS2_PLACEMENT_3D('',#143,#144,#145);
#143 = CARTESIAN_POINT('',(-3.,10.7,10.529713340512));
#144 = DIRECTION('',(0.,-1.,0.));
#145 = DIRECTION('',(0.,0.,-1.));
#146 = DEFINITIONAL_REPRESENTATION('',(#147),#151);
#147 = LINE('',#148,#149);
#148 = CARTESIAN_POINT('',(-0.370286659488,0.343359422738));
#149 = VECTOR('',#150,1.);
#150 = DIRECTION('',(1.,0.));
#151 = ( GEOMETRIC_REPRESENTATION_CONTEXT(2) 
PARAMETRIC_REPRESENTATION_CONTEXT() REPRESENTATION_CONTEXT('2D SPACE',''
  ) );
#152 = ORIENTED_EDGE('',*,*,#153,.T.);
#153 = EDGE_CURVE('',#126,#42,#154,.T.);
#154 = SURFACE_CURVE('',#155,(#160,#167),.PCURVE_S1.);
#155 = CIRCLE('',#156,0.3);
#156 = AXIS2_PLACEMENT_3D('',#157,#158,#159);
#157 = CARTESIAN_POINT('',(-2.5,10.444141192149,10.));
#158 = DIRECTION('',(0.,0.,1.));
#159 = DIRECTION('',(1.,0.,-0.));
#160 = PCURVE('',#50,#161);
#161 = DEFINITIONAL_REPRESENTATION('',(#162),#166);
#162 = LINE('',#163,#164);
#163 = CARTESIAN_POINT('',(3.14159265359,0.9));
#164 = VECTOR('',#165,1.);
#165 = DIRECTION('',(-1.,0.));
#166 = ( GEOMETRIC_REPRESENTATION_CONTEXT(2) 
PARAMETRIC_REPRESENTATION_CONTEXT() REPRESENTATION_CONTEXT('2D SPACE',''
  ) );
#167 = PCURVE('',#168,#173);
#168 = PLANE('',#169);
#169 = AXIS2_PLACEMENT_3D('',#170,#171,#172);
#170 = CARTESIAN_POINT('',(-12.8,14.11967135564,10.));
#171 = DIRECTION('',(0.,0.,1.));
#172 = DIRECTION('',(1.,0.,-0.));
#173 = DEFINITIONAL_REPRESENTATION('',(#174),#178);
#174 = CIRCLE('',#175,0.3);
#175 = AXIS2_PLACEMENT_2D('',#176,#177);
#176 = CARTESIAN_POINT('',(10.3,-3.675530163491));
#177 = DIRECTION('',(1.,0.));
#178 = ( GEOMETRIC_REPRESENTATION_CONTEXT(2) 
PARAMETRIC_REPRESENTATION_CONTEXT() REPRESENTATION_CONTEXT('2D SPACE',''
  ) );
#179 = ADVANCED_FACE('',(#180),#194,.T.);
#180 = FACE_BOUND('',#181,.T.);
#181 = EDGE_LOOP('',(#182,#217,#290,#363,#436));
#182 = ORIENTED_EDGE('',*,*,#183,.F.);
#183 = EDGE_CURVE('',#184,#186,#188,.T.);
#184 = VERTEX_POINT('',#185);
#185 = CARTESIAN_POINT('',(-13.1,21.05,8.467282286382));
#186 = VERTEX_POINT('',#187);
#187 = CARTESIAN_POINT('',(-13.1,21.05,5.432717713618));
#188 = SURFACE_CURVE('',#189,(#193,#205),.PCURVE_S1.);
#189 = LINE('',#190,#191);
#190 = CARTESIAN_POINT('',(-13.1,21.05,8.75));
#191 = VECTOR('',#192,1.);
#192 = DIRECTION('',(0.,0.,-1.));
#193 = PCURVE('',#194,#199);
#194 = CYLINDRICAL_SURFACE('',#195,0.25);
#195 = AXIS2_PLACEMENT_3D('',#196,#197,#198);
#196 = CARTESIAN_POINT('',(-12.85,21.05,8.75));
#197 = DIRECTION('',(0.,0.,-1.));
#198 = DIRECTION('',(-1.,0.,0.));
#199 = DEFINITIONAL_REPRESENTATION('',(#200),#204);
#200 = LINE('',#201,#202);
#201 = CARTESIAN_POINT('',(0.,0.));
#202 = VECTOR('',#203,1.);
#203 = DIRECTION('',(0.,1.));
#204 = ( GEOMETRIC_REPRESENTATION_CONTEXT(2) 
PARAMETRIC_REPRESENTATION_CONTEXT() REPRESENTATION_CONTEXT('2D SPACE',''
  ) );
#205 = PCURVE('',#206,#211);
#206 = PLANE('',#207);
#207 = AXIS2_PLACEMENT_3D('',#208,#209,#210);
#208 = CARTESIAN_POINT('',(-13.1,21.05,8.75));
#209 = DIRECTION('',(1.,0.,0.));
#210 = DIRECTION('',(0.,0.,-1.));
#211 = DEFINITIONAL_REPRESENTATION('',(#212),#216);
#212 = LINE('',#213,#214);
#213 = CARTESIAN_POINT('',(0.,0.));
#214 = VECTOR('',#215,1.);
#215 = DIRECTION('',(1.,0.));
#216 = ( GEOMETRIC_REPRESENTATION_CONTEXT(2) 
PARAMETRIC_REPRESENTATION_CONTEXT() REPRESENTATION_CONTEXT('2D SPACE',''
  ) );
#217 = ORIENTED_EDGE('',*,*,#218,.T.);
#218 = EDGE_CURVE('',#184,#219,#221,.T.);
#219 = VERTEX_POINT('',#220);
#220 = CARTESIAN_POINT('',(-13.09124410957,21.115584141352,
    8.295417919296));
#221 = SURFACE_CURVE('',#222,(#227,#256),.PCURVE_S1.);
#222 = B_SPLINE_CURVE_WITH_KNOTS('',3,(#223,#224,#225,#226),
  .UNSPECIFIED.,.F.,.F.,(4,4),(0.,1.841610867912E-04),
  .PIECEWISE_BEZIER_KNOTS.);
#223 = CARTESIAN_POINT('',(-13.1,21.05,8.467282286382));
#224 = CARTESIAN_POINT('',(-13.1,21.077214484748,8.411888236356));
#225 = CARTESIAN_POINT('',(-13.09574321422,21.099034675674,
    8.354652570268));
#226 = CARTESIAN_POINT('',(-13.09124410957,21.115584141352,
    8.295417919296));
#227 = PCURVE('',#194,#228);
#228 = DEFINITIONAL_REPRESENTATION('',(#229),#255);
#229 = B_SPLINE_CURVE_WITH_KNOTS('',3,(#230,#231,#232,#233,#234,#235,
    #236,#237,#238,#239,#240,#241,#242,#243,#244,#245,#246,#247,#248,
    #249,#250,#251,#252,#253,#254),.UNSPECIFIED.,.F.,.F.,(4,1,1,1,1,1,1,
    1,1,1,1,1,1,1,1,1,1,1,1,1,1,1,4),(0.,8.370958490511E-06,
    1.674191698102E-05,2.511287547153E-05,3.348383396204E-05,
    4.185479245255E-05,5.022575094307E-05,5.859670943358E-05,
    6.696766792409E-05,7.53386264146E-05,8.370958490511E-05,
    9.208054339562E-05,1.004515018861E-04,1.088224603766E-04,
    1.171934188672E-04,1.255643773577E-04,1.339353358482E-04,
    1.423062943387E-04,1.506772528292E-04,1.590482113197E-04,
    1.674191698102E-04,1.757901283007E-04,1.841610867912E-04),
  .QUASI_UNIFORM_KNOTS.);
#230 = CARTESIAN_POINT('',(0.,0.282717713618));
#231 = CARTESIAN_POINT('',(4.948072934361E-03,0.285235624983));
#232 = CARTESIAN_POINT('',(1.475511435133E-02,0.290279057696));
#233 = CARTESIAN_POINT('',(2.92012136648E-02,0.297867125392));
#234 = CARTESIAN_POINT('',(4.338577462287E-02,0.30547820039));
#235 = CARTESIAN_POINT('',(5.731146298563E-02,0.313112371365));
#236 = CARTESIAN_POINT('',(7.098076367472E-02,0.320769726991));
#237 = CARTESIAN_POINT('',(8.439595044912E-02,0.328450355944));
#238 = CARTESIAN_POINT('',(9.755908622485E-02,0.336154346899));
#239 = CARTESIAN_POINT('',(0.110472016709,0.343881788532));
#240 = CARTESIAN_POINT('',(0.123136367225,0.351632769516));
#241 = CARTESIAN_POINT('',(0.135553539975,0.359407378529));
#242 = CARTESIAN_POINT('',(0.147724712362,0.367205704243));
#243 = CARTESIAN_POINT('',(0.159650836132,0.375027835336));
#244 = CARTESIAN_POINT('',(0.171332637289,0.382873860481));
#245 = CARTESIAN_POINT('',(0.182770616744,0.390743868355));
#246 = CARTESIAN_POINT('',(0.193965051631,0.398637947632));
#247 = CARTESIAN_POINT('',(0.204915997212,0.406556186987));
#248 = CARTESIAN_POINT('',(0.215623289522,0.414498675095));
#249 = CARTESIAN_POINT('',(0.226086547961,0.422465500632));
#250 = CARTESIAN_POINT('',(0.23630518065,0.430456752273));
#251 = CARTESIAN_POINT('',(0.246278381896,0.438472518693));
#252 = CARTESIAN_POINT('',(0.25600516143,0.446512888567));
#253 = CARTESIAN_POINT('',(0.262324558657,0.451889596569));
#254 = CARTESIAN_POINT('',(0.265442779262,0.454582080704));
#255 = ( GEOMETRIC_REPRESENTATION_CONTEXT(2) 
PARAMETRIC_REPRESENTATION_CONTEXT() REPRESENTATION_CONTEXT('2D SPACE',''
  ) );
#256 = PCURVE('',#257,#262);
#257 = CYLINDRICAL_SURFACE('',#258,1.);
#258 = AXIS2_PLACEMENT_3D('',#259,#260,#261);
#259 = CARTESIAN_POINT('',(-10.6,20.152467298736,8.026334386782));
#260 = DIRECTION('',(-1.,0.,0.));
#261 = DIRECTION('',(0.,0.,1.));
#262 = DEFINITIONAL_REPRESENTATION('',(#263),#289);
#263 = B_SPLINE_CURVE_WITH_KNOTS('',3,(#264,#265,#266,#267,#268,#269,
    #270,#271,#272,#273,#274,#275,#276,#277,#278,#279,#280,#281,#282,
    #283,#284,#285,#286,#287,#288),.UNSPECIFIED.,.F.,.F.,(4,1,1,1,1,1,1,
    1,1,1,1,1,1,1,1,1,1,1,1,1,1,1,4),(0.,8.370958490511E-06,
    1.674191698102E-05,2.511287547153E-05,3.348383396204E-05,
    4.185479245255E-05,5.022575094307E-05,5.859670943358E-05,
    6.696766792409E-05,7.53386264146E-05,8.370958490511E-05,
    9.208054339562E-05,1.004515018861E-04,1.088224603766E-04,
    1.171934188672E-04,1.255643773577E-04,1.339353358482E-04,
    1.423062943387E-04,1.506772528292E-04,1.590482113197E-04,
    1.674191698102E-04,1.757901283007E-04,1.841610867912E-04),
  .QUASI_UNIFORM_KNOTS.);
#264 = CARTESIAN_POINT('',(1.114141809986,2.5));
#265 = CARTESIAN_POINT('',(1.116947180264,2.5));
#266 = CARTESIAN_POINT('',(1.122554921243,2.499982409976));
#267 = CARTESIAN_POINT('',(1.130958226005,2.499905516965));
#268 = CARTESIAN_POINT('',(1.139353915125,2.499780378075));
#269 = CARTESIAN_POINT('',(1.14774268304,2.499609255402));
#270 = CARTESIAN_POINT('',(1.156125225967,2.499394411043));
#271 = CARTESIAN_POINT('',(1.164502241902,2.499138107094));
#272 = CARTESIAN_POINT('',(1.172874430201,2.498842605651));
#273 = CARTESIAN_POINT('',(1.181242491272,2.498510168811));
#274 = CARTESIAN_POINT('',(1.189607126241,2.498143058669));
#275 = CARTESIAN_POINT('',(1.197969036633,2.497743537322));
#276 = CARTESIAN_POINT('',(1.206328924047,2.497313866867));
#277 = CARTESIAN_POINT('',(1.214687489833,2.496856309399));
#278 = CARTESIAN_POINT('',(1.223045434775,2.496373127016));
#279 = CARTESIAN_POINT('',(1.231403458772,2.495866581812));
#280 = CARTESIAN_POINT('',(1.239762260514,2.495338935886));
#281 = CARTESIAN_POINT('',(1.248122537169,2.494792451332));
#282 = CARTESIAN_POINT('',(1.25648498406,2.494229390247));
#283 = CARTESIAN_POINT('',(1.264850294337,2.493652014728));
#284 = CARTESIAN_POINT('',(1.273219158689,2.49306258687));
#285 = CARTESIAN_POINT('',(1.281592264896,2.492463368771));
#286 = CARTESIAN_POINT('',(1.289970297972,2.491856622525));
#287 = CARTESIAN_POINT('',(1.295559391375,2.491448614329));
#288 = CARTESIAN_POINT('',(1.298354986172,2.491244109572));
#289 = ( GEOMETRIC_REPRESENTATION_CONTEXT(2) 
PARAMETRIC_REPRESENTATION_CONTEXT() REPRESENTATION_CONTEXT('2D SPACE',''
  ) );
#290 = ORIENTED_EDGE('',*,*,#291,.T.);
#291 = EDGE_CURVE('',#219,#292,#294,.T.);
#292 = VERTEX_POINT('',#293);
#293 = CARTESIAN_POINT('',(-12.85,21.3,6.95));
#294 = SURFACE_CURVE('',#295,(#300,#329),.PCURVE_S1.);
#295 = B_SPLINE_CURVE_WITH_KNOTS('',3,(#296,#297,#298,#299),
  .UNSPECIFIED.,.F.,.F.,(4,4),(0.,1.38492024638E-03),
  .PIECEWISE_BEZIER_KNOTS.);
#296 = CARTESIAN_POINT('',(-13.09124410957,21.115584141352,
    8.295417919296));
#297 = CARTESIAN_POINT('',(-13.05747480357,21.239800849675,
    7.850815538047));
#298 = CARTESIAN_POINT('',(-12.95073650773,21.3,7.400515380465));
#299 = CARTESIAN_POINT('',(-12.85,21.3,6.95));
#300 = PCURVE('',#194,#301);
#301 = DEFINITIONAL_REPRESENTATION('',(#302),#328);
#302 = B_SPLINE_CURVE_WITH_KNOTS('',3,(#303,#304,#305,#306,#307,#308,
    #309,#310,#311,#312,#313,#314,#315,#316,#317,#318,#319,#320,#321,
    #322,#323,#324,#325,#326,#327),.UNSPECIFIED.,.F.,.F.,(4,1,1,1,1,1,1,
    1,1,1,1,1,1,1,1,1,1,1,1,1,1,1,4),(0.,6.295092029001E-05,
    1.2590184058E-04,1.8885276087E-04,2.5180368116E-04,3.1475460145E-04,
    3.7770552174E-04,4.4065644203E-04,5.0360736232E-04,
    5.665582826101E-04,6.295092029001E-04,6.924601231901E-04,
    7.554110434801E-04,8.183619637701E-04,8.813128840601E-04,
    9.442638043501E-04,1.00721472464E-03,1.07016564493E-03,
    1.13311656522E-03,1.19606748551E-03,1.2590184058E-03,
    1.32196932609E-03,1.38492024638E-03),.QUASI_UNIFORM_KNOTS.);
#303 = CARTESIAN_POINT('',(0.265442779262,0.454582080704));
#304 = CARTESIAN_POINT('',(0.288848012523,0.474791279852));
#305 = CARTESIAN_POINT('',(0.334950988322,0.515233222678));
#306 = CARTESIAN_POINT('',(0.402181208062,0.575963681164));
#307 = CARTESIAN_POINT('',(0.467684383262,0.636758594557));
#308 = CARTESIAN_POINT('',(0.531661314136,0.697614873512));
#309 = CARTESIAN_POINT('',(0.594306110571,0.758529428687));
#310 = CARTESIAN_POINT('',(0.655802412283,0.81949917074));
#311 = CARTESIAN_POINT('',(0.716319860382,0.880521010328));
#312 = CARTESIAN_POINT('',(0.776012041556,0.941591858108));
#313 = CARTESIAN_POINT('',(0.835015205381,1.002708624738));
#314 = CARTESIAN_POINT('',(0.893447656253,1.063868220875));
#315 = CARTESIAN_POINT('',(0.951409638324,1.125067557176));
#316 = CARTESIAN_POINT('',(1.008983618734,1.186303544298));
#317 = CARTESIAN_POINT('',(1.066234901175,1.2475730929));
#318 = CARTESIAN_POINT('',(1.123212530398,1.308873113638));
#319 = CARTESIAN_POINT('',(1.179950463509,1.370200517169));
#320 = CARTESIAN_POINT('',(1.236468991841,1.431552214151));
#321 = CARTESIAN_POINT('',(1.292776397008,1.492925115242));
#322 = CARTESIAN_POINT('',(1.348870823904,1.554316131098));
#323 = CARTESIAN_POINT('',(1.40474233338,1.615722172377));
#324 = CARTESIAN_POINT('',(1.460375136175,1.677140149736));
#325 = CARTESIAN_POINT('',(1.515749825063,1.738566973833));
#326 = CARTESIAN_POINT('',(1.552480659437,1.779522028161));
#327 = CARTESIAN_POINT('',(1.570796326795,1.8));
#328 = ( GEOMETRIC_REPRESENTATION_CONTEXT(2) 
PARAMETRIC_REPRESENTATION_CONTEXT() REPRESENTATION_CONTEXT('2D SPACE',''
  ) );
#329 = PCURVE('',#330,#335);
#330 = CYLINDRICAL_SURFACE('',#331,5.);
#331 = AXIS2_PLACEMENT_3D('',#332,#333,#334);
#332 = CARTESIAN_POINT('',(-10.6,16.3,6.95));
#333 = DIRECTION('',(-1.,0.,0.));
#334 = DIRECTION('',(0.,0.,1.));
#335 = DEFINITIONAL_REPRESENTATION('',(#336),#362);
#336 = B_SPLINE_CURVE_WITH_KNOTS('',3,(#337,#338,#339,#340,#341,#342,
    #343,#344,#345,#346,#347,#348,#349,#350,#351,#352,#353,#354,#355,
    #356,#357,#358,#359,#360,#361),.UNSPECIFIED.,.F.,.F.,(4,1,1,1,1,1,1,
    1,1,1,1,1,1,1,1,1,1,1,1,1,1,1,4),(0.,6.295092029001E-05,
    1.2590184058E-04,1.8885276087E-04,2.5180368116E-04,3.1475460145E-04,
    3.7770552174E-04,4.4065644203E-04,5.0360736232E-04,
    5.665582826101E-04,6.295092029001E-04,6.924601231901E-04,
    7.554110434801E-04,8.183619637701E-04,8.813128840601E-04,
    9.442638043501E-04,1.00721472464E-03,1.07016564493E-03,
    1.13311656522E-03,1.19606748551E-03,1.2590184058E-03,
    1.32196932609E-03,1.38492024638E-03),.QUASI_UNIFORM_KNOTS.);
#337 = CARTESIAN_POINT('',(1.29835493286,2.491244109572));
#338 = CARTESIAN_POINT('',(1.302551557289,2.489709141117));
#339 = CARTESIAN_POINT('',(1.310935105783,2.486337679457));
#340 = CARTESIAN_POINT('',(1.323482770566,2.480420411648));
#341 = CARTESIAN_POINT('',(1.336004221879,2.473687567456));
#342 = CARTESIAN_POINT('',(1.348500899472,2.466183645817));
#343 = CARTESIAN_POINT('',(1.3609742385,2.457953145667));
#344 = CARTESIAN_POINT('',(1.37342566805,2.449040565941));
#345 = CARTESIAN_POINT('',(1.385856610157,2.439490405575));
#346 = CARTESIAN_POINT('',(1.398268478729,2.429347163506));
#347 = CARTESIAN_POINT('',(1.410662678545,2.418655338668));
#348 = CARTESIAN_POINT('',(1.423040604272,2.407459429997));
#349 = CARTESIAN_POINT('',(1.435403639518,2.39580393643));
#350 = CARTESIAN_POINT('',(1.447753155906,2.383733356901));
#351 = CARTESIAN_POINT('',(1.46009051218,2.371292190347));
#352 = CARTESIAN_POINT('',(1.472417053328,2.358524935703));
#353 = CARTESIAN_POINT('',(1.484734109731,2.345476091906));
#354 = CARTESIAN_POINT('',(1.497042996324,2.33219015789));
#355 = CARTESIAN_POINT('',(1.509345011789,2.318711632591));
#356 = CARTESIAN_POINT('',(1.521641437711,2.305085014946));
#357 = CARTESIAN_POINT('',(1.533933537968,2.29135480389));
#358 = CARTESIAN_POINT('',(1.546222557259,2.277565498358));
#359 = CARTESIAN_POINT('',(1.55850972296,2.263761597287));
#360 = CARTESIAN_POINT('',(1.566700730698,2.25457893217));
#361 = CARTESIAN_POINT('',(1.570796326795,2.25));
#362 = ( GEOMETRIC_REPRESENTATION_CONTEXT(2) 
PARAMETRIC_REPRESENTATION_CONTEXT() REPRESENTATION_CONTEXT('2D SPACE',''
  ) );
#363 = ORIENTED_EDGE('',*,*,#364,.F.);
#364 = EDGE_CURVE('',#365,#292,#367,.T.);
#365 = VERTEX_POINT('',#366);
#366 = CARTESIAN_POINT('',(-13.09124411444,21.11558412342,5.604582016522
    ));
#367 = SURFACE_CURVE('',#368,(#373,#402),.PCURVE_S1.);
#368 = B_SPLINE_CURVE_WITH_KNOTS('',3,(#369,#370,#371,#372),
  .UNSPECIFIED.,.F.,.F.,(4,4),(8.673617379884E-19,1.384920313523E-03),
  .PIECEWISE_BEZIER_KNOTS.);
#369 = CARTESIAN_POINT('',(-13.09124411444,21.11558412342,5.604582016522
    ));
#370 = CARTESIAN_POINT('',(-13.05747481506,21.23980084389,6.049184418381
    ));
#371 = CARTESIAN_POINT('',(-12.95073651261,21.3,6.499484597694));
#372 = CARTESIAN_POINT('',(-12.85,21.3,6.95));
#373 = PCURVE('',#194,#374);
#374 = DEFINITIONAL_REPRESENTATION('',(#375),#401);
#375 = B_SPLINE_CURVE_WITH_KNOTS('',3,(#376,#377,#378,#379,#380,#381,
    #382,#383,#384,#385,#386,#387,#388,#389,#390,#391,#392,#393,#394,
    #395,#396,#397,#398,#399,#400),.UNSPECIFIED.,.F.,.F.,(4,1,1,1,1,1,1,
    1,1,1,1,1,1,1,1,1,1,1,1,1,1,1,4),(8.673617379884E-19,
    6.295092334197E-05,1.259018466839E-04,1.888527700259E-04,
    2.518036933679E-04,3.147546167099E-04,3.777055400518E-04,
    4.406564633938E-04,5.036073867358E-04,5.665583100777E-04,
    6.295092334197E-04,6.924601567617E-04,7.554110801037E-04,
    8.183620034456E-04,8.813129267876E-04,9.442638501296E-04,
    1.007214773472E-03,1.070165696814E-03,1.133116620155E-03,
    1.196067543497E-03,1.259018466839E-03,1.321969390181E-03,
    1.384920313523E-03),.QUASI_UNIFORM_KNOTS.);
#376 = CARTESIAN_POINT('',(0.265442704932,3.145417983478));
#377 = CARTESIAN_POINT('',(0.28884794001,3.125208783393));
#378 = CARTESIAN_POINT('',(0.334950919287,3.084766838689));
#379 = CARTESIAN_POINT('',(0.402181143831,3.024036377372));
#380 = CARTESIAN_POINT('',(0.467684323464,2.963241461136));
#381 = CARTESIAN_POINT('',(0.531661258451,2.902385179325));
#382 = CARTESIAN_POINT('',(0.594306058729,2.841470621283));
#383 = CARTESIAN_POINT('',(0.655802364062,2.780500876351));
#384 = CARTESIAN_POINT('',(0.716319815603,2.719479033875));
#385 = CARTESIAN_POINT('',(0.776012000079,2.658408183196));
#386 = CARTESIAN_POINT('',(0.835015167102,2.597291413658));
#387 = CARTESIAN_POINT('',(0.893447621097,2.536131814604));
#388 = CARTESIAN_POINT('',(0.951409606236,2.474932475378));
#389 = CARTESIAN_POINT('',(1.008983589681,2.413696485323));
#390 = CARTESIAN_POINT('',(1.066234875134,2.352426933782));
#391 = CARTESIAN_POINT('',(1.123212507354,2.291126910098));
#392 = CARTESIAN_POINT('',(1.179950443451,2.229799503615));
#393 = CARTESIAN_POINT('',(1.236468974755,2.168447803675));
#394 = CARTESIAN_POINT('',(1.292776382875,2.107074899622));
#395 = CARTESIAN_POINT('',(1.3488708127,2.045683880799));
#396 = CARTESIAN_POINT('',(1.404742325066,1.98427783655));
#397 = CARTESIAN_POINT('',(1.460375130702,1.922859856218));
#398 = CARTESIAN_POINT('',(1.515749822371,1.861433029145));
#399 = CARTESIAN_POINT('',(1.55248065855,1.820477972832));
#400 = CARTESIAN_POINT('',(1.570796326795,1.8));
#401 = ( GEOMETRIC_REPRESENTATION_CONTEXT(2) 
PARAMETRIC_REPRESENTATION_CONTEXT() REPRESENTATION_CONTEXT('2D SPACE',''
  ) );
#402 = PCURVE('',#403,#408);
#403 = CYLINDRICAL_SURFACE('',#404,5.);
#404 = AXIS2_PLACEMENT_3D('',#405,#406,#407);
#405 = CARTESIAN_POINT('',(-10.6,16.3,6.95));
#406 = DIRECTION('',(-1.,0.,0.));
#407 = DIRECTION('',(0.,0.,1.));
#408 = DEFINITIONAL_REPRESENTATION('',(#409),#435);
#409 = B_SPLINE_CURVE_WITH_KNOTS('',3,(#410,#411,#412,#413,#414,#415,
    #416,#417,#418,#419,#420,#421,#422,#423,#424,#425,#426,#427,#428,
    #429,#430,#431,#432,#433,#434),.UNSPECIFIED.,.F.,.F.,(4,1,1,1,1,1,1,
    1,1,1,1,1,1,1,1,1,1,1,1,1,1,1,4),(8.673617379884E-19,
    6.295092334197E-05,1.259018466839E-04,1.888527700259E-04,
    2.518036933679E-04,3.147546167099E-04,3.777055400518E-04,
    4.406564633938E-04,5.036073867358E-04,5.665583100777E-04,
    6.295092334197E-04,6.924601567617E-04,7.554110801037E-04,
    8.183620034456E-04,8.813129267876E-04,9.442638501296E-04,
    1.007214773472E-03,1.070165696814E-03,1.133116620155E-03,
    1.196067543497E-03,1.259018466839E-03,1.321969390181E-03,
    1.384920313523E-03),.QUASI_UNIFORM_KNOTS.);
#410 = CARTESIAN_POINT('',(1.843237734058,2.491244114447));
#411 = CARTESIAN_POINT('',(1.839041109418,2.489709146293));
#412 = CARTESIAN_POINT('',(1.830657560505,2.486337685179));
#413 = CARTESIAN_POINT('',(1.818109895097,2.480420418034));
#414 = CARTESIAN_POINT('',(1.805588443162,2.47368757436));
#415 = CARTESIAN_POINT('',(1.79309176495,2.4661836531));
#416 = CARTESIAN_POINT('',(1.780618425307,2.457953153198));
#417 = CARTESIAN_POINT('',(1.768166995143,2.449040573599));
#418 = CARTESIAN_POINT('',(1.755736052425,2.439490413247));
#419 = CARTESIAN_POINT('',(1.743324183244,2.429347171086));
#420 = CARTESIAN_POINT('',(1.730929982822,2.41865534606));
#421 = CARTESIAN_POINT('',(1.71855205649,2.407459437114));
#422 = CARTESIAN_POINT('',(1.706189020642,2.395803943191));
#423 = CARTESIAN_POINT('',(1.693839503652,2.383733363235));
#424 = CARTESIAN_POINT('',(1.681502146778,2.371292196191));
#425 = CARTESIAN_POINT('',(1.669175605031,2.358524941003));
#426 = CARTESIAN_POINT('',(1.65685854803,2.345476096615));
#427 = CARTESIAN_POINT('',(1.644549660841,2.332190161971));
#428 = CARTESIAN_POINT('',(1.632247644778,2.318711636016));
#429 = CARTESIAN_POINT('',(1.619951218261,2.305085017693));
#430 = CARTESIAN_POINT('',(1.607659117408,2.291354805946));
#431 = CARTESIAN_POINT('',(1.595370097522,2.27756549972));
#432 = CARTESIAN_POINT('',(1.583082931225,2.26376159796));
#433 = CARTESIAN_POINT('',(1.57489192309,2.254578932392));
#434 = CARTESIAN_POINT('',(1.570796326795,2.25));
#435 = ( GEOMETRIC_REPRESENTATION_CONTEXT(2) 
PARAMETRIC_REPRESENTATION_CONTEXT() REPRESENTATION_CONTEXT('2D SPACE',''
  ) );
#436 = ORIENTED_EDGE('',*,*,#437,.T.);
#437 = EDGE_CURVE('',#365,#186,#438,.T.);
#438 = SURFACE_CURVE('',#439,(#444,#473),.PCURVE_S1.);
#439 = B_SPLINE_CURVE_WITH_KNOTS('',3,(#440,#441,#442,#443),
  .UNSPECIFIED.,.F.,.F.,(4,4),(0.,1.841610202769E-04),
  .PIECEWISE_BEZIER_KNOTS.);
#440 = CARTESIAN_POINT('',(-13.09124411444,21.11558412342,5.604582016522
    ));
#441 = CARTESIAN_POINT('',(-13.09574321721,21.099034659815,
    5.545347388203));
#442 = CARTESIAN_POINT('',(-13.1,21.077214474823,5.488111743442));
#443 = CARTESIAN_POINT('',(-13.1,21.05,5.432717713618));
#444 = PCURVE('',#194,#445);
#445 = DEFINITIONAL_REPRESENTATION('',(#446),#472);
#446 = B_SPLINE_CURVE_WITH_KNOTS('',3,(#447,#448,#449,#450,#451,#452,
    #453,#454,#455,#456,#457,#458,#459,#460,#461,#462,#463,#464,#465,
    #466,#467,#468,#469,#470,#471),.UNSPECIFIED.,.F.,.F.,(4,1,1,1,1,1,1,
    1,1,1,1,1,1,1,1,1,1,1,1,1,1,1,4),(0.,8.370955467134E-06,
    1.674191093427E-05,2.51128664014E-05,3.348382186854E-05,
    4.185477733567E-05,5.02257328028E-05,5.859668826994E-05,
    6.696764373707E-05,7.533859920421E-05,8.370955467134E-05,
    9.208051013847E-05,1.004514656056E-04,1.088224210727E-04,
    1.171933765399E-04,1.25564332007E-04,1.339352874741E-04,
    1.423062429413E-04,1.506771984084E-04,1.590481538755E-04,
    1.674191093427E-04,1.757900648098E-04,1.841610202769E-04),
  .QUASI_UNIFORM_KNOTS.);
#447 = CARTESIAN_POINT('',(0.265442704932,3.145417983478));
#448 = CARTESIAN_POINT('',(0.26232448478,3.148110466583));
#449 = CARTESIAN_POINT('',(0.256005088526,3.153487172531));
#450 = CARTESIAN_POINT('',(0.246278310639,3.161527539341));
#451 = CARTESIAN_POINT('',(0.236305111229,3.169543302712));
#452 = CARTESIAN_POINT('',(0.226086480562,3.177534551321));
#453 = CARTESIAN_POINT('',(0.21562322433,3.185501373842));
#454 = CARTESIAN_POINT('',(0.204915934408,3.19344385895));
#455 = CARTESIAN_POINT('',(0.193964991397,3.201362095321));
#456 = CARTESIAN_POINT('',(0.182770559259,3.209256171629));
#457 = CARTESIAN_POINT('',(0.171332582732,3.217126176549));
#458 = CARTESIAN_POINT('',(0.159650784682,3.224972198756));
#459 = CARTESIAN_POINT('',(0.147724664198,3.232794326926));
#460 = CARTESIAN_POINT('',(0.135553495274,3.240592649733));
#461 = CARTESIAN_POINT('',(0.123136326167,3.248367255853));
#462 = CARTESIAN_POINT('',(0.110471979472,3.25611823396));
#463 = CARTESIAN_POINT('',(9.755905298962E-02,3.26384567273));
#464 = CARTESIAN_POINT('',(8.439592139728E-02,3.271549660837));
#465 = CARTESIAN_POINT('',(7.09807389895E-02,3.279230286957));
#466 = CARTESIAN_POINT('',(5.731144285179E-02,3.286887639765));
#467 = CARTESIAN_POINT('',(4.338575922754E-02,3.294521807935));
#468 = CARTESIAN_POINT('',(2.920120319731E-02,3.302132880143));
#469 = CARTESIAN_POINT('',(1.475510900367E-02,3.309720945063));
#470 = CARTESIAN_POINT('',(4.948071129844E-03,3.314764375936));
#471 = CARTESIAN_POINT('',(0.,3.317282286382));
#472 = ( GEOMETRIC_REPRESENTATION_CONTEXT(2) 
PARAMETRIC_REPRESENTATION_CONTEXT() REPRESENTATION_CONTEXT('2D SPACE',''
  ) );
#473 = PCURVE('',#474,#479);
#474 = CYLINDRICAL_SURFACE('',#475,1.);
#475 = AXIS2_PLACEMENT_3D('',#476,#477,#478);
#476 = CARTESIAN_POINT('',(-10.6,20.152467298736,5.873665613218));
#477 = DIRECTION('',(-1.,0.,0.));
#478 = DIRECTION('',(0.,0.,1.));
#479 = DEFINITIONAL_REPRESENTATION('',(#480),#506);
#480 = B_SPLINE_CURVE_WITH_KNOTS('',3,(#481,#482,#483,#484,#485,#486,
    #487,#488,#489,#490,#491,#492,#493,#494,#495,#496,#497,#498,#499,
    #500,#501,#502,#503,#504,#505),.UNSPECIFIED.,.F.,.F.,(4,1,1,1,1,1,1,
    1,1,1,1,1,1,1,1,1,1,1,1,1,1,1,4),(0.,8.370955467134E-06,
    1.674191093427E-05,2.51128664014E-05,3.348382186854E-05,
    4.185477733567E-05,5.02257328028E-05,5.859668826994E-05,
    6.696764373707E-05,7.533859920421E-05,8.370955467134E-05,
    9.208051013847E-05,1.004514656056E-04,1.088224210727E-04,
    1.171933765399E-04,1.25564332007E-04,1.339352874741E-04,
    1.423062429413E-04,1.506771984084E-04,1.590481538755E-04,
    1.674191093427E-04,1.757900648098E-04,1.841610202769E-04),
  .QUASI_UNIFORM_KNOTS.);
#481 = CARTESIAN_POINT('',(1.843237734058,2.491244114447));
#482 = CARTESIAN_POINT('',(1.846033327838,2.491448619118));
#483 = CARTESIAN_POINT('',(1.851622419209,2.491856627139));
#484 = CARTESIAN_POINT('',(1.860000449244,2.492463373109));
#485 = CARTESIAN_POINT('',(1.868373552417,2.493062590924));
#486 = CARTESIAN_POINT('',(1.87674241374,2.49365201849));
#487 = CARTESIAN_POINT('',(1.885107720993,2.494229393714));
#488 = CARTESIAN_POINT('',(1.893470164863,2.494792454501));
#489 = CARTESIAN_POINT('',(1.9018304385,2.495338938757));
#490 = CARTESIAN_POINT('',(1.910189237227,2.495866584389));
#491 = CARTESIAN_POINT('',(1.91854725821,2.496373129302));
#492 = CARTESIAN_POINT('',(1.92690520014,2.496856311402));
#493 = CARTESIAN_POINT('',(1.935263762913,2.497313868596));
#494 = CARTESIAN_POINT('',(1.943623647312,2.497743538789));
#495 = CARTESIAN_POINT('',(1.951985554689,2.498143059887));
#496 = CARTESIAN_POINT('',(1.96035018664,2.498510169797));
#497 = CARTESIAN_POINT('',(1.96871824469,2.498842606424));
#498 = CARTESIAN_POINT('',(1.977090429964,2.499138107674));
#499 = CARTESIAN_POINT('',(1.98546744287,2.499394411454));
#500 = CARTESIAN_POINT('',(1.993849982762,2.49960925567));
#501 = CARTESIAN_POINT('',(2.002238747636,2.499780378226));
#502 = CARTESIAN_POINT('',(2.010634433707,2.499905517031));
#503 = CARTESIAN_POINT('',(2.019037735413,2.499982409989));
#504 = CARTESIAN_POINT('',(2.024645474349,2.5));
#505 = CARTESIAN_POINT('',(2.027450843604,2.5));
#506 = ( GEOMETRIC_REPRESENTATION_CONTEXT(2) 
PARAMETRIC_REPRESENTATION_CONTEXT() REPRESENTATION_CONTEXT('2D SPACE',''
  ) );
#507 = ADVANCED_FACE('',(#508),#206,.F.);
#508 = FACE_BOUND('',#509,.T.);
#509 = EDGE_LOOP('',(#510,#540,#569,#591,#592,#616,#645,#673,#701,#729,
    #757,#785));
#510 = ORIENTED_EDGE('',*,*,#511,.F.);
#511 = EDGE_CURVE('',#512,#514,#516,.T.);
#512 = VERTEX_POINT('',#513);
#513 = CARTESIAN_POINT('',(-13.1,19.3,9.15));
#514 = VERTEX_POINT('',#515);
#515 = CARTESIAN_POINT('',(-13.1,15.870864016705,9.15));
#516 = SURFACE_CURVE('',#517,(#521,#528),.PCURVE_S1.);
#517 = LINE('',#518,#519);
#518 = CARTESIAN_POINT('',(-13.1,21.05,9.15));
#519 = VECTOR('',#520,1.);
#520 = DIRECTION('',(0.,-1.,0.));
#521 = PCURVE('',#206,#522);
#522 = DEFINITIONAL_REPRESENTATION('',(#523),#527);
#523 = LINE('',#524,#525);
#524 = CARTESIAN_POINT('',(-0.4,0.));
#525 = VECTOR('',#526,1.);
#526 = DIRECTION('',(0.,-1.));
#527 = ( GEOMETRIC_REPRESENTATION_CONTEXT(2) 
PARAMETRIC_REPRESENTATION_CONTEXT() REPRESENTATION_CONTEXT('2D SPACE',''
  ) );
#528 = PCURVE('',#529,#534);
#529 = PLANE('',#530);
#530 = AXIS2_PLACEMENT_3D('',#531,#532,#533);
#531 = CARTESIAN_POINT('',(-12.85,21.05,9.15));
#532 = DIRECTION('',(0.,0.,1.));
#533 = DIRECTION('',(1.,0.,-0.));
#534 = DEFINITIONAL_REPRESENTATION('',(#535),#539);
#535 = LINE('',#536,#537);
#536 = CARTESIAN_POINT('',(-0.25,0.));
#537 = VECTOR('',#538,1.);
#538 = DIRECTION('',(0.,-1.));
#539 = ( GEOMETRIC_REPRESENTATION_CONTEXT(2) 
PARAMETRIC_REPRESENTATION_CONTEXT() REPRESENTATION_CONTEXT('2D SPACE',''
  ) );
#540 = ORIENTED_EDGE('',*,*,#541,.F.);
#541 = EDGE_CURVE('',#542,#512,#544,.T.);
#542 = VERTEX_POINT('',#543);
#543 = CARTESIAN_POINT('',(-13.1,20.436623122129,8.985112498773));
#544 = SURFACE_CURVE('',#545,(#550,#557),.PCURVE_S1.);
#545 = CIRCLE('',#546,4.);
#546 = AXIS2_PLACEMENT_3D('',#547,#548,#549);
#547 = CARTESIAN_POINT('',(-13.1,19.3,5.15));
#548 = DIRECTION('',(1.,0.,0.));
#549 = DIRECTION('',(0.,0.,-1.));
#550 = PCURVE('',#206,#551);
#551 = DEFINITIONAL_REPRESENTATION('',(#552),#556);
#552 = CIRCLE('',#553,4.);
#553 = AXIS2_PLACEMENT_2D('',#554,#555);
#554 = CARTESIAN_POINT('',(3.6,-1.75));
#555 = DIRECTION('',(1.,0.));
#556 = ( GEOMETRIC_REPRESENTATION_CONTEXT(2) 
PARAMETRIC_REPRESENTATION_CONTEXT() REPRESENTATION_CONTEXT('2D SPACE',''
  ) );
#557 = PCURVE('',#558,#563);
#558 = CYLINDRICAL_SURFACE('',#559,4.);
#559 = AXIS2_PLACEMENT_3D('',#560,#561,#562);
#560 = CARTESIAN_POINT('',(-10.6,19.3,5.15));
#561 = DIRECTION('',(-1.,0.,0.));
#562 = DIRECTION('',(0.,0.,1.));
#563 = DEFINITIONAL_REPRESENTATION('',(#564),#568);
#564 = LINE('',#565,#566);
#565 = CARTESIAN_POINT('',(3.14159265359,2.5));
#566 = VECTOR('',#567,1.);
#567 = DIRECTION('',(-1.,0.));
#568 = ( GEOMETRIC_REPRESENTATION_CONTEXT(2) 
PARAMETRIC_REPRESENTATION_CONTEXT() REPRESENTATION_CONTEXT('2D SPACE',''
  ) );
#569 = ORIENTED_EDGE('',*,*,#570,.F.);
#570 = EDGE_CURVE('',#184,#542,#571,.T.);
#571 = SURFACE_CURVE('',#572,(#577,#584),.PCURVE_S1.);
#572 = CIRCLE('',#573,1.);
#573 = AXIS2_PLACEMENT_3D('',#574,#575,#576);
#574 = CARTESIAN_POINT('',(-13.1,20.152467298736,8.026334386782));
#575 = DIRECTION('',(1.,0.,0.));
#576 = DIRECTION('',(0.,0.,-1.));
#577 = PCURVE('',#206,#578);
#578 = DEFINITIONAL_REPRESENTATION('',(#579),#583);
#579 = CIRCLE('',#580,1.);
#580 = AXIS2_PLACEMENT_2D('',#581,#582);
#581 = CARTESIAN_POINT('',(0.723665613218,-0.897532701264));
#582 = DIRECTION('',(1.,0.));
#583 = ( GEOMETRIC_REPRESENTATION_CONTEXT(2) 
PARAMETRIC_REPRESENTATION_CONTEXT() REPRESENTATION_CONTEXT('2D SPACE',''
  ) );
#584 = PCURVE('',#257,#585);
#585 = DEFINITIONAL_REPRESENTATION('',(#586),#590);
#586 = LINE('',#587,#588);
#587 = CARTESIAN_POINT('',(3.14159265359,2.5));
#588 = VECTOR('',#589,1.);
#589 = DIRECTION('',(-1.,0.));
#590 = ( GEOMETRIC_REPRESENTATION_CONTEXT(2) 
PARAMETRIC_REPRESENTATION_CONTEXT() REPRESENTATION_CONTEXT('2D SPACE',''
  ) );
#591 = ORIENTED_EDGE('',*,*,#183,.T.);
#592 = ORIENTED_EDGE('',*,*,#593,.F.);
#593 = EDGE_CURVE('',#594,#186,#596,.T.);
#594 = VERTEX_POINT('',#595);
#595 = CARTESIAN_POINT('',(-13.1,20.436623123888,4.914887501749));
#596 = SURFACE_CURVE('',#597,(#602,#609),.PCURVE_S1.);
#597 = CIRCLE('',#598,1.);
#598 = AXIS2_PLACEMENT_3D('',#599,#600,#601);
#599 = CARTESIAN_POINT('',(-13.1,20.152467298736,5.873665613218));
#600 = DIRECTION('',(1.,0.,0.));
#601 = DIRECTION('',(0.,0.,-1.));
#602 = PCURVE('',#206,#603);
#603 = DEFINITIONAL_REPRESENTATION('',(#604),#608);
#604 = CIRCLE('',#605,1.);
#605 = AXIS2_PLACEMENT_2D('',#606,#607);
#606 = CARTESIAN_POINT('',(2.876334386782,-0.897532701264));
#607 = DIRECTION('',(1.,0.));
#608 = ( GEOMETRIC_REPRESENTATION_CONTEXT(2) 
PARAMETRIC_REPRESENTATION_CONTEXT() REPRESENTATION_CONTEXT('2D SPACE',''
  ) );
#609 = PCURVE('',#474,#610);
#610 = DEFINITIONAL_REPRESENTATION('',(#611),#615);
#611 = LINE('',#612,#613);
#612 = CARTESIAN_POINT('',(3.14159265359,2.5));
#613 = VECTOR('',#614,1.);
#614 = DIRECTION('',(-1.,0.));
#615 = ( GEOMETRIC_REPRESENTATION_CONTEXT(2) 
PARAMETRIC_REPRESENTATION_CONTEXT() REPRESENTATION_CONTEXT('2D SPACE',''
  ) );
#616 = ORIENTED_EDGE('',*,*,#617,.F.);
#617 = EDGE_CURVE('',#618,#594,#620,.T.);
#618 = VERTEX_POINT('',#619);
#619 = CARTESIAN_POINT('',(-13.1,19.3,4.75));
#620 = SURFACE_CURVE('',#621,(#626,#633),.PCURVE_S1.);
#621 = CIRCLE('',#622,4.);
#622 = AXIS2_PLACEMENT_3D('',#623,#624,#625);
#623 = CARTESIAN_POINT('',(-13.1,19.3,8.75));
#624 = DIRECTION('',(1.,0.,0.));
#625 = DIRECTION('',(0.,0.,-1.));
#626 = PCURVE('',#206,#627);
#627 = DEFINITIONAL_REPRESENTATION('',(#628),#632);
#628 = CIRCLE('',#629,4.);
#629 = AXIS2_PLACEMENT_2D('',#630,#631);
#630 = CARTESIAN_POINT('',(9.947598300641E-14,-1.75));
#631 = DIRECTION('',(1.,0.));
#632 = ( GEOMETRIC_REPRESENTATION_CONTEXT(2) 
PARAMETRIC_REPRESENTATION_CONTEXT() REPRESENTATION_CONTEXT('2D SPACE',''
  ) );
#633 = PCURVE('',#634,#639);
#634 = CYLINDRICAL_SURFACE('',#635,4.);
#635 = AXIS2_PLACEMENT_3D('',#636,#637,#638);
#636 = CARTESIAN_POINT('',(-10.6,19.3,8.75));
#637 = DIRECTION('',(-1.,0.,0.));
#638 = DIRECTION('',(0.,0.,1.));
#639 = DEFINITIONAL_REPRESENTATION('',(#640),#644);
#640 = LINE('',#641,#642);
#641 = CARTESIAN_POINT('',(3.14159265359,2.5));
#642 = VECTOR('',#643,1.);
#643 = DIRECTION('',(-1.,0.));
#644 = ( GEOMETRIC_REPRESENTATION_CONTEXT(2) 
PARAMETRIC_REPRESENTATION_CONTEXT() REPRESENTATION_CONTEXT('2D SPACE',''
  ) );
#645 = ORIENTED_EDGE('',*,*,#646,.T.);
#646 = EDGE_CURVE('',#618,#647,#649,.T.);
#647 = VERTEX_POINT('',#648);
#648 = CARTESIAN_POINT('',(-13.1,15.870864016705,4.75));
#649 = SURFACE_CURVE('',#650,(#654,#661),.PCURVE_S1.);
#650 = LINE('',#651,#652);
#651 = CARTESIAN_POINT('',(-13.1,21.05,4.75));
#652 = VECTOR('',#653,1.);
#653 = DIRECTION('',(0.,-1.,0.));
#654 = PCURVE('',#206,#655);
#655 = DEFINITIONAL_REPRESENTATION('',(#656),#660);
#656 = LINE('',#657,#658);
#657 = CARTESIAN_POINT('',(4.,0.));
#658 = VECTOR('',#659,1.);
#659 = DIRECTION('',(0.,-1.));
#660 = ( GEOMETRIC_REPRESENTATION_CONTEXT(2) 
PARAMETRIC_REPRESENTATION_CONTEXT() REPRESENTATION_CONTEXT('2D SPACE',''
  ) );
#661 = PCURVE('',#662,#667);
#662 = PLANE('',#663);
#663 = AXIS2_PLACEMENT_3D('',#664,#665,#666);
#664 = CARTESIAN_POINT('',(-12.85,21.05,4.75));
#665 = DIRECTION('',(0.,0.,1.));
#666 = DIRECTION('',(1.,0.,-0.));
#667 = DEFINITIONAL_REPRESENTATION('',(#668),#672);
#668 = LINE('',#669,#670);
#669 = CARTESIAN_POINT('',(-0.25,0.));
#670 = VECTOR('',#671,1.);
#671 = DIRECTION('',(0.,-1.));
#672 = ( GEOMETRIC_REPRESENTATION_CONTEXT(2) 
PARAMETRIC_REPRESENTATION_CONTEXT() REPRESENTATION_CONTEXT('2D SPACE',''
  ) );
#673 = ORIENTED_EDGE('',*,*,#674,.F.);
#674 = EDGE_CURVE('',#675,#647,#677,.T.);
#675 = VERTEX_POINT('',#676);
#676 = CARTESIAN_POINT('',(-13.1,15.870864016705,5.15));
#677 = SURFACE_CURVE('',#678,(#682,#689),.PCURVE_S1.);
#678 = LINE('',#679,#680);
#679 = CARTESIAN_POINT('',(-13.1,15.870864016705,9.15));
#680 = VECTOR('',#681,1.);
#681 = DIRECTION('',(0.,0.,-1.));
#682 = PCURVE('',#206,#683);
#683 = DEFINITIONAL_REPRESENTATION('',(#684),#688);
#684 = LINE('',#685,#686);
#685 = CARTESIAN_POINT('',(-0.4,-5.179135983295));
#686 = VECTOR('',#687,1.);
#687 = DIRECTION('',(1.,0.));
#688 = ( GEOMETRIC_REPRESENTATION_CONTEXT(2) 
PARAMETRIC_REPRESENTATION_CONTEXT() REPRESENTATION_CONTEXT('2D SPACE',''
  ) );
#689 = PCURVE('',#690,#695);
#690 = CYLINDRICAL_SURFACE('',#691,0.4);
#691 = AXIS2_PLACEMENT_3D('',#692,#693,#694);
#692 = CARTESIAN_POINT('',(-12.7,15.870864016705,9.15));
#693 = DIRECTION('',(0.,0.,-1.));
#694 = DIRECTION('',(-1.,0.,0.));
#695 = DEFINITIONAL_REPRESENTATION('',(#696),#700);
#696 = LINE('',#697,#698);
#697 = CARTESIAN_POINT('',(6.28318530718,0.));
#698 = VECTOR('',#699,1.);
#699 = DIRECTION('',(0.,1.));
#700 = ( GEOMETRIC_REPRESENTATION_CONTEXT(2) 
PARAMETRIC_REPRESENTATION_CONTEXT() REPRESENTATION_CONTEXT('2D SPACE',''
  ) );
#701 = ORIENTED_EDGE('',*,*,#702,.T.);
#702 = EDGE_CURVE('',#675,#703,#705,.T.);
#703 = VERTEX_POINT('',#704);
#704 = CARTESIAN_POINT('',(-13.1,11.300924497384,5.15));
#705 = SURFACE_CURVE('',#706,(#710,#717),.PCURVE_S1.);
#706 = LINE('',#707,#708);
#707 = CARTESIAN_POINT('',(-13.1,21.05,5.15));
#708 = VECTOR('',#709,1.);
#709 = DIRECTION('',(0.,-1.,0.));
#710 = PCURVE('',#206,#711);
#711 = DEFINITIONAL_REPRESENTATION('',(#712),#716);
#712 = LINE('',#713,#714);
#713 = CARTESIAN_POINT('',(3.6,0.));
#714 = VECTOR('',#715,1.);
#715 = DIRECTION('',(0.,-1.));
#716 = ( GEOMETRIC_REPRESENTATION_CONTEXT(2) 
PARAMETRIC_REPRESENTATION_CONTEXT() REPRESENTATION_CONTEXT('2D SPACE',''
  ) );
#717 = PCURVE('',#718,#723);
#718 = PLANE('',#719);
#719 = AXIS2_PLACEMENT_3D('',#720,#721,#722);
#720 = CARTESIAN_POINT('',(-12.85,21.05,5.15));
#721 = DIRECTION('',(0.,0.,1.));
#722 = DIRECTION('',(1.,0.,-0.));
#723 = DEFINITIONAL_REPRESENTATION('',(#724),#728);
#724 = LINE('',#725,#726);
#725 = CARTESIAN_POINT('',(-0.25,0.));
#726 = VECTOR('',#727,1.);
#727 = DIRECTION('',(0.,-1.));
#728 = ( GEOMETRIC_REPRESENTATION_CONTEXT(2) 
PARAMETRIC_REPRESENTATION_CONTEXT() REPRESENTATION_CONTEXT('2D SPACE',''
  ) );
#729 = ORIENTED_EDGE('',*,*,#730,.F.);
#730 = EDGE_CURVE('',#731,#703,#733,.T.);
#731 = VERTEX_POINT('',#732);
#732 = CARTESIAN_POINT('',(-13.1,11.300924497384,8.75));
#733 = SURFACE_CURVE('',#734,(#738,#745),.PCURVE_S1.);
#734 = LINE('',#735,#736);
#735 = CARTESIAN_POINT('',(-13.1,11.300924497384,8.75));
#736 = VECTOR('',#737,1.);
#737 = DIRECTION('',(0.,0.,-1.));
#738 = PCURVE('',#206,#739);
#739 = DEFINITIONAL_REPRESENTATION('',(#740),#744);
#740 = LINE('',#741,#742);
#741 = CARTESIAN_POINT('',(0.,-9.749075502616));
#742 = VECTOR('',#743,1.);
#743 = DIRECTION('',(1.,0.));
#744 = ( GEOMETRIC_REPRESENTATION_CONTEXT(2) 
PARAMETRIC_REPRESENTATION_CONTEXT() REPRESENTATION_CONTEXT('2D SPACE',''
  ) );
#745 = PCURVE('',#746,#751);
#746 = CYLINDRICAL_SURFACE('',#747,6.);
#747 = AXIS2_PLACEMENT_3D('',#748,#749,#750);
#748 = CARTESIAN_POINT('',(-7.1,11.300924497384,8.75));
#749 = DIRECTION('',(0.,0.,-1.));
#750 = DIRECTION('',(-1.,0.,0.));
#751 = DEFINITIONAL_REPRESENTATION('',(#752),#756);
#752 = LINE('',#753,#754);
#753 = CARTESIAN_POINT('',(6.28318530718,0.));
#754 = VECTOR('',#755,1.);
#755 = DIRECTION('',(0.,1.));
#756 = ( GEOMETRIC_REPRESENTATION_CONTEXT(2) 
PARAMETRIC_REPRESENTATION_CONTEXT() REPRESENTATION_CONTEXT('2D SPACE',''
  ) );
#757 = ORIENTED_EDGE('',*,*,#758,.F.);
#758 = EDGE_CURVE('',#759,#731,#761,.T.);
#759 = VERTEX_POINT('',#760);
#760 = CARTESIAN_POINT('',(-13.1,15.870864016705,8.75));
#761 = SURFACE_CURVE('',#762,(#766,#773),.PCURVE_S1.);
#762 = LINE('',#763,#764);
#763 = CARTESIAN_POINT('',(-13.1,21.05,8.75));
#764 = VECTOR('',#765,1.);
#765 = DIRECTION('',(0.,-1.,0.));
#766 = PCURVE('',#206,#767);
#767 = DEFINITIONAL_REPRESENTATION('',(#768),#772);
#768 = LINE('',#769,#770);
#769 = CARTESIAN_POINT('',(0.,0.));
#770 = VECTOR('',#771,1.);
#771 = DIRECTION('',(0.,-1.));
#772 = ( GEOMETRIC_REPRESENTATION_CONTEXT(2) 
PARAMETRIC_REPRESENTATION_CONTEXT() REPRESENTATION_CONTEXT('2D SPACE',''
  ) );
#773 = PCURVE('',#774,#779);
#774 = PLANE('',#775);
#775 = AXIS2_PLACEMENT_3D('',#776,#777,#778);
#776 = CARTESIAN_POINT('',(-12.85,21.05,8.75));
#777 = DIRECTION('',(0.,0.,1.));
#778 = DIRECTION('',(1.,0.,-0.));
#779 = DEFINITIONAL_REPRESENTATION('',(#780),#784);
#780 = LINE('',#781,#782);
#781 = CARTESIAN_POINT('',(-0.25,0.));
#782 = VECTOR('',#783,1.);
#783 = DIRECTION('',(0.,-1.));
#784 = ( GEOMETRIC_REPRESENTATION_CONTEXT(2) 
PARAMETRIC_REPRESENTATION_CONTEXT() REPRESENTATION_CONTEXT('2D SPACE',''
  ) );
#785 = ORIENTED_EDGE('',*,*,#786,.F.);
#786 = EDGE_CURVE('',#514,#759,#787,.T.);
#787 = SURFACE_CURVE('',#788,(#792,#799),.PCURVE_S1.);
#788 = LINE('',#789,#790);
#789 = CARTESIAN_POINT('',(-13.1,15.870864016705,9.15));
#790 = VECTOR('',#791,1.);
#791 = DIRECTION('',(0.,0.,-1.));
#792 = PCURVE('',#206,#793);
#793 = DEFINITIONAL_REPRESENTATION('',(#794),#798);
#794 = LINE('',#795,#796);
#795 = CARTESIAN_POINT('',(-0.4,-5.179135983295));
#796 = VECTOR('',#797,1.);
#797 = DIRECTION('',(1.,0.));
#798 = ( GEOMETRIC_REPRESENTATION_CONTEXT(2) 
PARAMETRIC_REPRESENTATION_CONTEXT() REPRESENTATION_CONTEXT('2D SPACE',''
  ) );
#799 = PCURVE('',#800,#805);
#800 = CYLINDRICAL_SURFACE('',#801,0.4);
#801 = AXIS2_PLACEMENT_3D('',#802,#803,#804);
#802 = CARTESIAN_POINT('',(-12.7,15.870864016705,9.15));
#803 = DIRECTION('',(0.,0.,-1.));
#804 = DIRECTION('',(-1.,0.,0.));
#805 = DEFINITIONAL_REPRESENTATION('',(#806),#810);
#806 = LINE('',#807,#808);
#807 = CARTESIAN_POINT('',(6.28318530718,0.));
#808 = VECTOR('',#809,1.);
#809 = DIRECTION('',(0.,1.));
#810 = ( GEOMETRIC_REPRESENTATION_CONTEXT(2) 
PARAMETRIC_REPRESENTATION_CONTEXT() REPRESENTATION_CONTEXT('2D SPACE',''
  ) );
#811 = ADVANCED_FACE('',(#812),#827,.F.);
#812 = FACE_BOUND('',#813,.T.);
#813 = EDGE_LOOP('',(#814,#867,#913,#936,#964,#987,#1033,#1079,#1125,
    #1153));
#814 = ORIENTED_EDGE('',*,*,#815,.F.);
#815 = EDGE_CURVE('',#816,#818,#820,.T.);
#816 = VERTEX_POINT('',#817);
#817 = CARTESIAN_POINT('',(-12.00896386567,20.436623122129,
    8.985112498773));
#818 = VERTEX_POINT('',#819);
#819 = CARTESIAN_POINT('',(-12.57867980648,21.115584141352,
    8.295417919296));
#820 = SURFACE_CURVE('',#821,(#826,#838),.PCURVE_S1.);
#821 = ELLIPSE('',#822,1.305407289332,1.);
#822 = AXIS2_PLACEMENT_3D('',#823,#824,#825);
#823 = CARTESIAN_POINT('',(-11.77052881906,20.152467298736,
    8.026334386782));
#824 = DIRECTION('',(-0.766044443119,-0.642787609687,0.));
#825 = DIRECTION('',(-0.642787609687,0.766044443119,0.));
#826 = PCURVE('',#827,#832);
#827 = PLANE('',#828);
#828 = AXIS2_PLACEMENT_3D('',#829,#830,#831);
#829 = CARTESIAN_POINT('',(-10.39358222275,18.511486245768,8.75));
#830 = DIRECTION('',(-0.766044443119,-0.642787609687,0.));
#831 = DIRECTION('',(0.642787609687,-0.766044443119,0.));
#832 = DEFINITIONAL_REPRESENTATION('',(#833),#837);
#833 = ELLIPSE('',#834,1.305407289332,1.);
#834 = AXIS2_PLACEMENT_2D('',#835,#836);
#835 = CARTESIAN_POINT('',(-2.142148628201,-0.723665613218));
#836 = DIRECTION('',(-1.,0.));
#837 = ( GEOMETRIC_REPRESENTATION_CONTEXT(2) 
PARAMETRIC_REPRESENTATION_CONTEXT() REPRESENTATION_CONTEXT('2D SPACE',''
  ) );
#838 = PCURVE('',#257,#839);
#839 = DEFINITIONAL_REPRESENTATION('',(#840),#866);
#840 = B_SPLINE_CURVE_WITH_KNOTS('',3,(#841,#842,#843,#844,#845,#846,
    #847,#848,#849,#850,#851,#852,#853,#854,#855,#856,#857,#858,#859,
    #860,#861,#862,#863,#864,#865),.UNSPECIFIED.,.F.,.F.,(4,1,1,1,1,1,1,
    1,1,1,1,1,1,1,1,1,1,1,1,1,1,1,4),(5.00051482224,5.046434328799,
    5.092353835359,5.138273341919,5.184192848479,5.230112355039,
    5.276031861599,5.321951368159,5.367870874719,5.413790381278,
    5.459709887838,5.505629394398,5.551548900958,5.597468407518,
    5.643387914078,5.689307420638,5.735226927198,5.781146433757,
    5.827065940317,5.872985446877,5.918904953437,5.964824459997,
    6.010743966557),.QUASI_UNIFORM_KNOTS.);
#841 = CARTESIAN_POINT('',(0.288125841855,1.408963865673));
#842 = CARTESIAN_POINT('',(0.303432344042,1.421278209862));
#843 = CARTESIAN_POINT('',(0.334045348415,1.445738917251));
#844 = CARTESIAN_POINT('',(0.379964854975,1.481850064006));
#845 = CARTESIAN_POINT('',(0.425884361535,1.517304795543));
#846 = CARTESIAN_POINT('',(0.471803868094,1.552028464323));
#847 = CARTESIAN_POINT('',(0.517723374654,1.585947838263));
#848 = CARTESIAN_POINT('',(0.563642881214,1.618991414623));
#849 = CARTESIAN_POINT('',(0.609562387774,1.651089528016));
#850 = CARTESIAN_POINT('',(0.655481894334,1.68217450873));
#851 = CARTESIAN_POINT('',(0.701401400894,1.712180822319));
#852 = CARTESIAN_POINT('',(0.747320907454,1.741045208592));
#853 = CARTESIAN_POINT('',(0.793240414013,1.768706814757));
#854 = CARTESIAN_POINT('',(0.839159920573,1.795107323774));
#855 = CARTESIAN_POINT('',(0.885079427133,1.820191077274));
#856 = CARTESIAN_POINT('',(0.930998933693,1.843905192949));
#857 = CARTESIAN_POINT('',(0.976918440253,1.866199675871));
#858 = CARTESIAN_POINT('',(1.022837946813,1.887027524514));
#859 = CARTESIAN_POINT('',(1.068757453373,1.906344827535));
#860 = CARTESIAN_POINT('',(1.114676959933,1.924110864959));
#861 = CARTESIAN_POINT('',(1.160596466492,1.940288161904));
#862 = CARTESIAN_POINT('',(1.206515973052,1.954842687455));
#863 = CARTESIAN_POINT('',(1.252435479612,1.967743479067));
#864 = CARTESIAN_POINT('',(1.283048483985,1.975224077911));
#865 = CARTESIAN_POINT('',(1.298354986172,1.978679806486));
#866 = ( GEOMETRIC_REPRESENTATION_CONTEXT(2) 
PARAMETRIC_REPRESENTATION_CONTEXT() REPRESENTATION_CONTEXT('2D SPACE',''
  ) );
#867 = ORIENTED_EDGE('',*,*,#868,.F.);
#868 = EDGE_CURVE('',#869,#816,#871,.T.);
#869 = VERTEX_POINT('',#870);
#870 = CARTESIAN_POINT('',(-11.0552238231,19.3,9.15));
#871 = SURFACE_CURVE('',#872,(#877,#884),.PCURVE_S1.);
#872 = ELLIPSE('',#873,5.221629157329,4.);
#873 = AXIS2_PLACEMENT_3D('',#874,#875,#876);
#874 = CARTESIAN_POINT('',(-11.0552238231,19.3,5.15));
#875 = DIRECTION('',(-0.766044443119,-0.642787609687,0.));
#876 = DIRECTION('',(-0.642787609687,0.766044443119,0.));
#877 = PCURVE('',#827,#878);
#878 = DEFINITIONAL_REPRESENTATION('',(#879),#883);
#879 = ELLIPSE('',#880,5.221629157329,4.);
#880 = AXIS2_PLACEMENT_2D('',#881,#882);
#881 = CARTESIAN_POINT('',(-1.029331602513,-3.6));
#882 = DIRECTION('',(-1.,0.));
#883 = ( GEOMETRIC_REPRESENTATION_CONTEXT(2) 
PARAMETRIC_REPRESENTATION_CONTEXT() REPRESENTATION_CONTEXT('2D SPACE',''
  ) );
#884 = PCURVE('',#558,#885);
#885 = DEFINITIONAL_REPRESENTATION('',(#886),#912);
#886 = B_SPLINE_CURVE_WITH_KNOTS('',3,(#887,#888,#889,#890,#891,#892,
    #893,#894,#895,#896,#897,#898,#899,#900,#901,#902,#903,#904,#905,
    #906,#907,#908,#909,#910,#911),.UNSPECIFIED.,.F.,.F.,(4,1,1,1,1,1,1,
    1,1,1,1,1,1,1,1,1,1,1,1,1,1,1,4),(4.712388980385,4.725485607528,
    4.738582234671,4.751678861814,4.764775488958,4.777872116101,
    4.790968743244,4.804065370387,4.817161997531,4.830258624674,
    4.843355251817,4.85645187896,4.869548506104,4.882645133247,
    4.89574176039,4.908838387533,4.921935014677,4.93503164182,
    4.948128268963,4.961224896106,4.97432152325,4.987418150393,
    5.000514777536),.QUASI_UNIFORM_KNOTS.);
#887 = CARTESIAN_POINT('',(0.,0.455223823107));
#888 = CARTESIAN_POINT('',(4.365542381083E-03,0.469876323243));
#889 = CARTESIAN_POINT('',(1.309662714325E-02,0.499181323061));
#890 = CARTESIAN_POINT('',(2.61932542865E-02,0.543131283598));
#891 = CARTESIAN_POINT('',(3.928988142974E-02,0.587066166221));
#892 = CARTESIAN_POINT('',(5.238650857299E-02,0.630978435379));
#893 = CARTESIAN_POINT('',(6.548313571624E-02,0.67486055924));
#894 = CARTESIAN_POINT('',(7.857976285949E-02,0.718705011188));
#895 = CARTESIAN_POINT('',(9.167639000274E-02,0.762504271055));
#896 = CARTESIAN_POINT('',(0.104773017146,0.806250826429));
#897 = CARTESIAN_POINT('',(0.117869644289,0.849937173935));
#898 = CARTESIAN_POINT('',(0.130966271432,0.893555820526));
#899 = CARTESIAN_POINT('',(0.144062898576,0.937099284768));
#900 = CARTESIAN_POINT('',(0.157159525719,0.980560098121));
#901 = CARTESIAN_POINT('',(0.170256152862,1.02393080622));
#902 = CARTESIAN_POINT('',(0.183352780005,1.067203970158));
#903 = CARTESIAN_POINT('',(0.196449407149,1.110372167756));
#904 = CARTESIAN_POINT('',(0.209546034292,1.153427994843));
#905 = CARTESIAN_POINT('',(0.222642661435,1.196364066506));
#906 = CARTESIAN_POINT('',(0.235739288578,1.239173018426));
#907 = CARTESIAN_POINT('',(0.248835915722,1.281847507895));
#908 = CARTESIAN_POINT('',(0.261932542865,1.324380215982));
#909 = CARTESIAN_POINT('',(0.275029170008,1.366763845417));
#910 = CARTESIAN_POINT('',(0.28376025477,1.394915371407));
#911 = CARTESIAN_POINT('',(0.288125797151,1.408963865673));
#912 = ( GEOMETRIC_REPRESENTATION_CONTEXT(2) 
PARAMETRIC_REPRESENTATION_CONTEXT() REPRESENTATION_CONTEXT('2D SPACE',''
  ) );
#913 = ORIENTED_EDGE('',*,*,#914,.F.);
#914 = EDGE_CURVE('',#915,#869,#917,.T.);
#915 = VERTEX_POINT('',#916);
#916 = CARTESIAN_POINT('',(-10.39358222275,18.511486245768,9.15));
#917 = SURFACE_CURVE('',#918,(#922,#929),.PCURVE_S1.);
#918 = LINE('',#919,#920);
#919 = CARTESIAN_POINT('',(-10.39358222275,18.511486245768,9.15));
#920 = VECTOR('',#921,1.);
#921 = DIRECTION('',(-0.642787609687,0.766044443119,0.));
#922 = PCURVE('',#827,#923);
#923 = DEFINITIONAL_REPRESENTATION('',(#924),#928);
#924 = LINE('',#925,#926);
#925 = CARTESIAN_POINT('',(0.,0.4));
#926 = VECTOR('',#927,1.);
#927 = DIRECTION('',(-1.,0.));
#928 = ( GEOMETRIC_REPRESENTATION_CONTEXT(2) 
PARAMETRIC_REPRESENTATION_CONTEXT() REPRESENTATION_CONTEXT('2D SPACE',''
  ) );
#929 = PCURVE('',#529,#930);
#930 = DEFINITIONAL_REPRESENTATION('',(#931),#935);
#931 = LINE('',#932,#933);
#932 = CARTESIAN_POINT('',(2.456417777248,-2.538513754232));
#933 = VECTOR('',#934,1.);
#934 = DIRECTION('',(-0.642787609687,0.766044443119));
#935 = ( GEOMETRIC_REPRESENTATION_CONTEXT(2) 
PARAMETRIC_REPRESENTATION_CONTEXT() REPRESENTATION_CONTEXT('2D SPACE',''
  ) );
#936 = ORIENTED_EDGE('',*,*,#937,.T.);
#937 = EDGE_CURVE('',#915,#938,#940,.T.);
#938 = VERTEX_POINT('',#939);
#939 = CARTESIAN_POINT('',(-10.39358222275,18.511486245768,4.75));
#940 = SURFACE_CURVE('',#941,(#945,#952),.PCURVE_S1.);
#941 = LINE('',#942,#943);
#942 = CARTESIAN_POINT('',(-10.39358222275,18.511486245768,8.75));
#943 = VECTOR('',#944,1.);
#944 = DIRECTION('',(0.,0.,-1.));
#945 = PCURVE('',#827,#946);
#946 = DEFINITIONAL_REPRESENTATION('',(#947),#951);
#947 = LINE('',#948,#949);
#948 = CARTESIAN_POINT('',(0.,0.));
#949 = VECTOR('',#950,1.);
#950 = DIRECTION('',(0.,-1.));
#951 = ( GEOMETRIC_REPRESENTATION_CONTEXT(2) 
PARAMETRIC_REPRESENTATION_CONTEXT() REPRESENTATION_CONTEXT('2D SPACE',''
  ) );
#952 = PCURVE('',#953,#958);
#953 = CYLINDRICAL_SURFACE('',#954,0.4);
#954 = AXIS2_PLACEMENT_3D('',#955,#956,#957);
#955 = CARTESIAN_POINT('',(-10.7,18.254371201893,8.75));
#956 = DIRECTION('',(0.,0.,-1.));
#957 = DIRECTION('',(-1.,0.,0.));
#958 = DEFINITIONAL_REPRESENTATION('',(#959),#963);
#959 = LINE('',#960,#961);
#960 = CARTESIAN_POINT('',(2.443460952792,0.));
#961 = VECTOR('',#962,1.);
#962 = DIRECTION('',(0.,1.));
#963 = ( GEOMETRIC_REPRESENTATION_CONTEXT(2) 
PARAMETRIC_REPRESENTATION_CONTEXT() REPRESENTATION_CONTEXT('2D SPACE',''
  ) );
#964 = ORIENTED_EDGE('',*,*,#965,.T.);
#965 = EDGE_CURVE('',#938,#966,#968,.T.);
#966 = VERTEX_POINT('',#967);
#967 = CARTESIAN_POINT('',(-11.0552238231,19.3,4.75));
#968 = SURFACE_CURVE('',#969,(#973,#980),.PCURVE_S1.);
#969 = LINE('',#970,#971);
#970 = CARTESIAN_POINT('',(-10.39358222275,18.511486245768,4.75));
#971 = VECTOR('',#972,1.);
#972 = DIRECTION('',(-0.642787609687,0.766044443119,0.));
#973 = PCURVE('',#827,#974);
#974 = DEFINITIONAL_REPRESENTATION('',(#975),#979);
#975 = LINE('',#976,#977);
#976 = CARTESIAN_POINT('',(0.,-4.));
#977 = VECTOR('',#978,1.);
#978 = DIRECTION('',(-1.,0.));
#979 = ( GEOMETRIC_REPRESENTATION_CONTEXT(2) 
PARAMETRIC_REPRESENTATION_CONTEXT() REPRESENTATION_CONTEXT('2D SPACE',''
  ) );
#980 = PCURVE('',#662,#981);
#981 = DEFINITIONAL_REPRESENTATION('',(#982),#986);
#982 = LINE('',#983,#984);
#983 = CARTESIAN_POINT('',(2.456417777248,-2.538513754232));
#984 = VECTOR('',#985,1.);
#985 = DIRECTION('',(-0.642787609687,0.766044443119));
#986 = ( GEOMETRIC_REPRESENTATION_CONTEXT(2) 
PARAMETRIC_REPRESENTATION_CONTEXT() REPRESENTATION_CONTEXT('2D SPACE',''
  ) );
#987 = ORIENTED_EDGE('',*,*,#988,.F.);
#988 = EDGE_CURVE('',#989,#966,#991,.T.);
#989 = VERTEX_POINT('',#990);
#990 = CARTESIAN_POINT('',(-12.00896386714,20.436623123888,
    4.914887501749));
#991 = SURFACE_CURVE('',#992,(#997,#1004),.PCURVE_S1.);
#992 = ELLIPSE('',#993,5.221629157329,4.);
#993 = AXIS2_PLACEMENT_3D('',#994,#995,#996);
#994 = CARTESIAN_POINT('',(-11.0552238231,19.3,8.75));
#995 = DIRECTION('',(-0.766044443119,-0.642787609687,0.));
#996 = DIRECTION('',(-0.642787609687,0.766044443119,0.));
#997 = PCURVE('',#827,#998);
#998 = DEFINITIONAL_REPRESENTATION('',(#999),#1003);
#999 = ELLIPSE('',#1000,5.221629157329,4.);
#1000 = AXIS2_PLACEMENT_2D('',#1001,#1002);
#1001 = CARTESIAN_POINT('',(-1.029331602513,-9.947598300641E-14));
#1002 = DIRECTION('',(-1.,0.));
#1003 = ( GEOMETRIC_REPRESENTATION_CONTEXT(2) 
PARAMETRIC_REPRESENTATION_CONTEXT() REPRESENTATION_CONTEXT('2D SPACE',''
  ) );
#1004 = PCURVE('',#634,#1005);
#1005 = DEFINITIONAL_REPRESENTATION('',(#1006),#1032);
#1006 = B_SPLINE_CURVE_WITH_KNOTS('',3,(#1007,#1008,#1009,#1010,#1011,
    #1012,#1013,#1014,#1015,#1016,#1017,#1018,#1019,#1020,#1021,#1022,
    #1023,#1024,#1025,#1026,#1027,#1028,#1029,#1030,#1031),
  .UNSPECIFIED.,.F.,.F.,(4,1,1,1,1,1,1,1,1,1,1,1,1,1,1,1,1,1,1,1,1,1,4),
  (1.282670529185,1.295767156349,1.308863783513,1.321960410677,
    1.335057037841,1.348153665005,1.361250292169,1.374346919333,
    1.387443546498,1.400540173662,1.413636800826,1.42673342799,
    1.439830055154,1.452926682318,1.466023309482,1.479119936646,
    1.49221656381,1.505313190974,1.518409818139,1.531506445303,
    1.544603072467,1.557699699631,1.570796326795),
  .QUASI_UNIFORM_KNOTS.);
#1007 = CARTESIAN_POINT('',(2.85346685598,1.408963867149));
#1008 = CARTESIAN_POINT('',(2.857832398368,1.394915372863));
#1009 = CARTESIAN_POINT('',(2.866563483144,1.366763846831));
#1010 = CARTESIAN_POINT('',(2.879660110308,1.324380217333));
#1011 = CARTESIAN_POINT('',(2.892756737472,1.281847509184));
#1012 = CARTESIAN_POINT('',(2.905853364636,1.23917301965));
#1013 = CARTESIAN_POINT('',(2.9189499918,1.196364067666));
#1014 = CARTESIAN_POINT('',(2.932046618964,1.153427995938));
#1015 = CARTESIAN_POINT('',(2.945143246128,1.110372168786));
#1016 = CARTESIAN_POINT('',(2.958239873292,1.067203971122));
#1017 = CARTESIAN_POINT('',(2.971336500457,1.023930807117));
#1018 = CARTESIAN_POINT('',(2.984433127621,0.98056009895));
#1019 = CARTESIAN_POINT('',(2.997529754785,0.93709928553));
#1020 = CARTESIAN_POINT('',(3.010626381949,0.89355582122));
#1021 = CARTESIAN_POINT('',(3.023723009113,0.84993717456));
#1022 = CARTESIAN_POINT('',(3.036819636277,0.806250826986));
#1023 = CARTESIAN_POINT('',(3.049916263441,0.762504271543));
#1024 = CARTESIAN_POINT('',(3.063012890605,0.718705011607));
#1025 = CARTESIAN_POINT('',(3.076109517769,0.674860559589));
#1026 = CARTESIAN_POINT('',(3.089206144933,0.630978435658));
#1027 = CARTESIAN_POINT('',(3.102302772098,0.587066166431));
#1028 = CARTESIAN_POINT('',(3.115399399262,0.543131283738));
#1029 = CARTESIAN_POINT('',(3.128496026426,0.499181323131));
#1030 = CARTESIAN_POINT('',(3.137227111202,0.469876323267));
#1031 = CARTESIAN_POINT('',(3.14159265359,0.455223823107));
#1032 = ( GEOMETRIC_REPRESENTATION_CONTEXT(2) 
PARAMETRIC_REPRESENTATION_CONTEXT() REPRESENTATION_CONTEXT('2D SPACE',''
  ) );
#1033 = ORIENTED_EDGE('',*,*,#1034,.F.);
#1034 = EDGE_CURVE('',#1035,#989,#1037,.T.);
#1035 = VERTEX_POINT('',#1036);
#1036 = CARTESIAN_POINT('',(-12.57867979144,21.11558412342,
    5.604582016522));
#1037 = SURFACE_CURVE('',#1038,(#1043,#1050),.PCURVE_S1.);
#1038 = ELLIPSE('',#1039,1.305407289332,1.);
#1039 = AXIS2_PLACEMENT_3D('',#1040,#1041,#1042);
#1040 = CARTESIAN_POINT('',(-11.77052881906,20.152467298736,
    5.873665613218));
#1041 = DIRECTION('',(-0.766044443119,-0.642787609687,0.));
#1042 = DIRECTION('',(-0.642787609687,0.766044443119,0.));
#1043 = PCURVE('',#827,#1044);
#1044 = DEFINITIONAL_REPRESENTATION('',(#1045),#1049);
#1045 = ELLIPSE('',#1046,1.305407289332,1.);
#1046 = AXIS2_PLACEMENT_2D('',#1047,#1048);
#1047 = CARTESIAN_POINT('',(-2.142148628201,-2.876334386782));
#1048 = DIRECTION('',(-1.,0.));
#1049 = ( GEOMETRIC_REPRESENTATION_CONTEXT(2) 
PARAMETRIC_REPRESENTATION_CONTEXT() REPRESENTATION_CONTEXT('2D SPACE',''
  ) );
#1050 = PCURVE('',#474,#1051);
#1051 = DEFINITIONAL_REPRESENTATION('',(#1052),#1078);
#1052 = B_SPLINE_CURVE_WITH_KNOTS('',3,(#1053,#1054,#1055,#1056,#1057,
    #1058,#1059,#1060,#1061,#1062,#1063,#1064,#1065,#1066,#1067,#1068,
    #1069,#1070,#1071,#1072,#1073,#1074,#1075,#1076,#1077),
  .UNSPECIFIED.,.F.,.F.,(4,1,1,1,1,1,1,1,1,1,1,1,1,1,1,1,1,1,1,1,1,1,4),
  (0.272441407263,0.31836091071,0.364280414158,0.410199917605,
    0.456119421052,0.5020389245,0.547958427947,0.593877931395,
    0.639797434842,0.685716938289,0.731636441737,0.777555945184,
    0.823475448632,0.869394952079,0.915314455526,0.961233958974,
    1.007153462421,1.053072965869,1.098992469316,1.144911972763,
    1.190831476211,1.236750979658,1.282670483105),.UNSPECIFIED.);
#1053 = CARTESIAN_POINT('',(1.843237734058,1.97867979144));
#1054 = CARTESIAN_POINT('',(1.858544235207,1.975224062274));
#1055 = CARTESIAN_POINT('',(1.889157237505,1.967743462338));
#1056 = CARTESIAN_POINT('',(1.935076740952,1.95484266935));
#1057 = CARTESIAN_POINT('',(1.9809962444,1.940288142686));
#1058 = CARTESIAN_POINT('',(2.026915747847,1.924110844887));
#1059 = CARTESIAN_POINT('',(2.072835251295,1.906344806868));
#1060 = CARTESIAN_POINT('',(2.118754754742,1.887027503505));
#1061 = CARTESIAN_POINT('',(2.164674258189,1.86619965477));
#1062 = CARTESIAN_POINT('',(2.210593761637,1.843905171999));
#1063 = CARTESIAN_POINT('',(2.256513265084,1.820191056712));
#1064 = CARTESIAN_POINT('',(2.302432768532,1.795107303828));
#1065 = CARTESIAN_POINT('',(2.348352271979,1.768706795647));
#1066 = CARTESIAN_POINT('',(2.394271775426,1.74104519053));
#1067 = CARTESIAN_POINT('',(2.440191278874,1.712180805506));
#1068 = CARTESIAN_POINT('',(2.486110782321,1.682174493357));
#1069 = CARTESIAN_POINT('',(2.532030285769,1.651089514261));
#1070 = CARTESIAN_POINT('',(2.577949789216,1.618991402652));
#1071 = CARTESIAN_POINT('',(2.623869292663,1.58594782823));
#1072 = CARTESIAN_POINT('',(2.669788796111,1.552028456368));
#1073 = CARTESIAN_POINT('',(2.715708299558,1.517304789791));
#1074 = CARTESIAN_POINT('',(2.761627803006,1.481850060569));
#1075 = CARTESIAN_POINT('',(2.807547306453,1.445738916224));
#1076 = CARTESIAN_POINT('',(2.838160308751,1.421278210496));
#1077 = CARTESIAN_POINT('',(2.8534668099,1.408963867148));
#1078 = ( GEOMETRIC_REPRESENTATION_CONTEXT(2) 
PARAMETRIC_REPRESENTATION_CONTEXT() REPRESENTATION_CONTEXT('2D SPACE',''
  ) );
#1079 = ORIENTED_EDGE('',*,*,#1080,.F.);
#1080 = EDGE_CURVE('',#1081,#1035,#1083,.T.);
#1081 = VERTEX_POINT('',#1082);
#1082 = CARTESIAN_POINT('',(-12.65848888922,21.210696902422,
    6.009225886545));
#1083 = SURFACE_CURVE('',#1084,(#1089,#1096),.PCURVE_S1.);
#1084 = ELLIPSE('',#1085,6.527036446661,5.);
#1085 = AXIS2_PLACEMENT_3D('',#1086,#1087,#1088);
#1086 = CARTESIAN_POINT('',(-8.537924929575,16.3,6.95));
#1087 = DIRECTION('',(-0.766044443119,-0.642787609687,0.));
#1088 = DIRECTION('',(-0.642787609687,0.766044443119,0.));
#1089 = PCURVE('',#827,#1090);
#1090 = DEFINITIONAL_REPRESENTATION('',(#1091),#1095);
#1091 = ELLIPSE('',#1092,6.527036446661,5.);
#1092 = AXIS2_PLACEMENT_2D('',#1093,#1094);
#1093 = CARTESIAN_POINT('',(2.886890265484,-1.8));
#1094 = DIRECTION('',(-1.,0.));
#1095 = ( GEOMETRIC_REPRESENTATION_CONTEXT(2) 
PARAMETRIC_REPRESENTATION_CONTEXT() REPRESENTATION_CONTEXT('2D SPACE',''
  ) );
#1096 = PCURVE('',#403,#1097);
#1097 = DEFINITIONAL_REPRESENTATION('',(#1098),#1124);
#1098 = B_SPLINE_CURVE_WITH_KNOTS('',3,(#1099,#1100,#1101,#1102,#1103,
    #1104,#1105,#1106,#1107,#1108,#1109,#1110,#1111,#1112,#1113,#1114,
    #1115,#1116,#1117,#1118,#1119,#1120,#1121,#1122,#1123),
  .UNSPECIFIED.,.F.,.F.,(4,1,1,1,1,1,1,1,1,1,1,1,1,1,1,1,1,1,1,1,1,1,4),
  (0.189283074568,0.193062998781,0.196842922994,0.200622847208,
    0.204402771421,0.208182695635,0.211962619848,0.215742544062,
    0.219522468275,0.223302392488,0.227082316702,0.230862240915,
    0.234642165129,0.238422089342,0.242202013555,0.245981937769,
    0.249761861982,0.253541786196,0.257321710409,0.261101634623,
    0.264881558836,0.268661483049,0.272441407263),
  .QUASI_UNIFORM_KNOTS.);
#1099 = CARTESIAN_POINT('',(1.760079401363,2.05848888922));
#1100 = CARTESIAN_POINT('',(1.7613393761,2.057494261186));
#1101 = CARTESIAN_POINT('',(1.763859325576,2.055485380216));
#1102 = CARTESIAN_POINT('',(1.767639249789,2.052413228034));
#1103 = CARTESIAN_POINT('',(1.771419174003,2.049282288772));
#1104 = CARTESIAN_POINT('',(1.775199098216,2.046092607232));
#1105 = CARTESIAN_POINT('',(1.77897902243,2.042844228969));
#1106 = CARTESIAN_POINT('',(1.782758946643,2.039537200399));
#1107 = CARTESIAN_POINT('',(1.786538870856,2.036171568772));
#1108 = CARTESIAN_POINT('',(1.79031879507,2.032747382176));
#1109 = CARTESIAN_POINT('',(1.794098719283,2.029264689534));
#1110 = CARTESIAN_POINT('',(1.797878643497,2.025723540607));
#1111 = CARTESIAN_POINT('',(1.80165856771,2.02212398599));
#1112 = CARTESIAN_POINT('',(1.805438491924,2.018466077112));
#1113 = CARTESIAN_POINT('',(1.809218416137,2.014749866238));
#1114 = CARTESIAN_POINT('',(1.81299834035,2.010975406463));
#1115 = CARTESIAN_POINT('',(1.816778264564,2.007142751717));
#1116 = CARTESIAN_POINT('',(1.820558188777,2.00325195676));
#1117 = CARTESIAN_POINT('',(1.824338112991,1.999303077182));
#1118 = CARTESIAN_POINT('',(1.828118037204,1.995296169406));
#1119 = CARTESIAN_POINT('',(1.831897961417,1.991231290676));
#1120 = CARTESIAN_POINT('',(1.835677885631,1.987108499089));
#1121 = CARTESIAN_POINT('',(1.839457809844,1.982927853484));
#1122 = CARTESIAN_POINT('',(1.84197775932,1.980102227054));
#1123 = CARTESIAN_POINT('',(1.843237734058,1.97867979144));
#1124 = ( GEOMETRIC_REPRESENTATION_CONTEXT(2) 
PARAMETRIC_REPRESENTATION_CONTEXT() REPRESENTATION_CONTEXT('2D SPACE',''
  ) );
#1125 = ORIENTED_EDGE('',*,*,#1126,.F.);
#1126 = EDGE_CURVE('',#1127,#1081,#1129,.T.);
#1127 = VERTEX_POINT('',#1128);
#1128 = CARTESIAN_POINT('',(-12.65848888922,21.210696902422,
    7.890774113455));
#1129 = SURFACE_CURVE('',#1130,(#1134,#1141),.PCURVE_S1.);
#1130 = LINE('',#1131,#1132);
#1131 = CARTESIAN_POINT('',(-12.65848888922,21.210696902422,8.75));
#1132 = VECTOR('',#1133,1.);
#1133 = DIRECTION('',(0.,0.,-1.));
#1134 = PCURVE('',#827,#1135);
#1135 = DEFINITIONAL_REPRESENTATION('',(#1136),#1140);
#1136 = LINE('',#1137,#1138);
#1137 = CARTESIAN_POINT('',(-3.523569266639,0.));
#1138 = VECTOR('',#1139,1.);
#1139 = DIRECTION('',(0.,-1.));
#1140 = ( GEOMETRIC_REPRESENTATION_CONTEXT(2) 
PARAMETRIC_REPRESENTATION_CONTEXT() REPRESENTATION_CONTEXT('2D SPACE',''
  ) );
#1141 = PCURVE('',#1142,#1147);
#1142 = CYLINDRICAL_SURFACE('',#1143,0.25);
#1143 = AXIS2_PLACEMENT_3D('',#1144,#1145,#1146);
#1144 = CARTESIAN_POINT('',(-12.85,21.05,8.75));
#1145 = DIRECTION('',(0.,0.,-1.));
#1146 = DIRECTION('',(-1.,0.,0.));
#1147 = DEFINITIONAL_REPRESENTATION('',(#1148),#1152);
#1148 = LINE('',#1149,#1150);
#1149 = CARTESIAN_POINT('',(2.443460952792,0.));
#1150 = VECTOR('',#1151,1.);
#1151 = DIRECTION('',(0.,1.));
#1152 = ( GEOMETRIC_REPRESENTATION_CONTEXT(2) 
PARAMETRIC_REPRESENTATION_CONTEXT() REPRESENTATION_CONTEXT('2D SPACE',''
  ) );
#1153 = ORIENTED_EDGE('',*,*,#1154,.F.);
#1154 = EDGE_CURVE('',#818,#1127,#1155,.T.);
#1155 = SURFACE_CURVE('',#1156,(#1161,#1168),.PCURVE_S1.);
#1156 = ELLIPSE('',#1157,6.527036446661,5.);
#1157 = AXIS2_PLACEMENT_3D('',#1158,#1159,#1160);
#1158 = CARTESIAN_POINT('',(-8.537924929575,16.3,6.95));
#1159 = DIRECTION('',(-0.766044443119,-0.642787609687,0.));
#1160 = DIRECTION('',(-0.642787609687,0.766044443119,0.));
#1161 = PCURVE('',#827,#1162);
#1162 = DEFINITIONAL_REPRESENTATION('',(#1163),#1167);
#1163 = ELLIPSE('',#1164,6.527036446661,5.);
#1164 = AXIS2_PLACEMENT_2D('',#1165,#1166);
#1165 = CARTESIAN_POINT('',(2.886890265484,-1.8));
#1166 = DIRECTION('',(-1.,0.));
#1167 = ( GEOMETRIC_REPRESENTATION_CONTEXT(2) 
PARAMETRIC_REPRESENTATION_CONTEXT() REPRESENTATION_CONTEXT('2D SPACE',''
  ) );
#1168 = PCURVE('',#330,#1169);
#1169 = DEFINITIONAL_REPRESENTATION('',(#1170),#1196);
#1170 = B_SPLINE_CURVE_WITH_KNOTS('',3,(#1171,#1172,#1173,#1174,#1175,
    #1176,#1177,#1178,#1179,#1180,#1181,#1182,#1183,#1184,#1185,#1186,
    #1187,#1188,#1189,#1190,#1191,#1192,#1193,#1194,#1195),
  .UNSPECIFIED.,.F.,.F.,(4,1,1,1,1,1,1,1,1,1,1,1,1,1,1,1,1,1,1,1,1,1,4),
  (6.010743913245,6.014523836852,6.01830376046,6.022083684068,
    6.025863607675,6.029643531283,6.03342345489,6.037203378498,
    6.040983302106,6.044763225713,6.048543149321,6.052323072928,
    6.056102996536,6.059882920144,6.063662843751,6.067442767359,
    6.071222690966,6.075002614574,6.078782538182,6.082562461789,
    6.086342385397,6.090122309004,6.093902232612),
  .QUASI_UNIFORM_KNOTS.);
#1171 = CARTESIAN_POINT('',(1.29835493286,1.978679806486));
#1172 = CARTESIAN_POINT('',(1.299614907396,1.980102241804));
#1173 = CARTESIAN_POINT('',(1.302134856468,1.982927867649));
#1174 = CARTESIAN_POINT('',(1.305914780075,1.987108512394));
#1175 = CARTESIAN_POINT('',(1.309694703683,1.991231303139));
#1176 = CARTESIAN_POINT('',(1.31347462729,1.995296181046));
#1177 = CARTESIAN_POINT('',(1.317254550898,1.999303088017));
#1178 = CARTESIAN_POINT('',(1.321034474506,2.003251966809));
#1179 = CARTESIAN_POINT('',(1.324814398113,2.007142760998));
#1180 = CARTESIAN_POINT('',(1.328594321721,2.010975414995));
#1181 = CARTESIAN_POINT('',(1.332374245328,2.014749874038));
#1182 = CARTESIAN_POINT('',(1.336154168936,2.0184660842));
#1183 = CARTESIAN_POINT('',(1.339934092544,2.022123992384));
#1184 = CARTESIAN_POINT('',(1.343714016151,2.025723546326));
#1185 = CARTESIAN_POINT('',(1.347493939759,2.029264694597));
#1186 = CARTESIAN_POINT('',(1.351273863366,2.032747386601));
#1187 = CARTESIAN_POINT('',(1.355053786974,2.036171572578));
#1188 = CARTESIAN_POINT('',(1.358833710582,2.039537203604));
#1189 = CARTESIAN_POINT('',(1.362613634189,2.042844231592));
#1190 = CARTESIAN_POINT('',(1.366393557797,2.046092609293));
#1191 = CARTESIAN_POINT('',(1.370173481404,2.049282290289));
#1192 = CARTESIAN_POINT('',(1.373953405012,2.052413229025));
#1193 = CARTESIAN_POINT('',(1.37773332862,2.0554853807));
#1194 = CARTESIAN_POINT('',(1.380253277691,2.057494261345));
#1195 = CARTESIAN_POINT('',(1.381513252227,2.05848888922));
#1196 = ( GEOMETRIC_REPRESENTATION_CONTEXT(2) 
PARAMETRIC_REPRESENTATION_CONTEXT() REPRESENTATION_CONTEXT('2D SPACE',''
  ) );
#1197 = ADVANCED_FACE('',(#1198),#662,.F.);
#1198 = FACE_BOUND('',#1199,.T.);
#1199 = EDGE_LOOP('',(#1200,#1221,#1222,#1246,#1274,#1296));
#1200 = ORIENTED_EDGE('',*,*,#1201,.F.);
#1201 = EDGE_CURVE('',#966,#618,#1202,.T.);
#1202 = SURFACE_CURVE('',#1203,(#1207,#1214),.PCURVE_S1.);
#1203 = LINE('',#1204,#1205);
#1204 = CARTESIAN_POINT('',(-10.6,19.3,4.75));
#1205 = VECTOR('',#1206,1.);
#1206 = DIRECTION('',(-1.,0.,0.));
#1207 = PCURVE('',#662,#1208);
#1208 = DEFINITIONAL_REPRESENTATION('',(#1209),#1213);
#1209 = LINE('',#1210,#1211);
#1210 = CARTESIAN_POINT('',(2.25,-1.75));
#1211 = VECTOR('',#1212,1.);
#1212 = DIRECTION('',(-1.,0.));
#1213 = ( GEOMETRIC_REPRESENTATION_CONTEXT(2) 
PARAMETRIC_REPRESENTATION_CONTEXT() REPRESENTATION_CONTEXT('2D SPACE',''
  ) );
#1214 = PCURVE('',#634,#1215);
#1215 = DEFINITIONAL_REPRESENTATION('',(#1216),#1220);
#1216 = LINE('',#1217,#1218);
#1217 = CARTESIAN_POINT('',(3.14159265359,0.));
#1218 = VECTOR('',#1219,1.);
#1219 = DIRECTION('',(0.,1.));
#1220 = ( GEOMETRIC_REPRESENTATION_CONTEXT(2) 
PARAMETRIC_REPRESENTATION_CONTEXT() REPRESENTATION_CONTEXT('2D SPACE',''
  ) );
#1221 = ORIENTED_EDGE('',*,*,#965,.F.);
#1222 = ORIENTED_EDGE('',*,*,#1223,.F.);
#1223 = EDGE_CURVE('',#1224,#938,#1226,.T.);
#1224 = VERTEX_POINT('',#1225);
#1225 = CARTESIAN_POINT('',(-10.39358222275,17.997256158019,4.75));
#1226 = SURFACE_CURVE('',#1227,(#1232,#1239),.PCURVE_S1.);
#1227 = CIRCLE('',#1228,0.4);
#1228 = AXIS2_PLACEMENT_3D('',#1229,#1230,#1231);
#1229 = CARTESIAN_POINT('',(-10.7,18.254371201893,4.75));
#1230 = DIRECTION('',(0.,0.,1.));
#1231 = DIRECTION('',(1.,0.,-0.));
#1232 = PCURVE('',#662,#1233);
#1233 = DEFINITIONAL_REPRESENTATION('',(#1234),#1238);
#1234 = CIRCLE('',#1235,0.4);
#1235 = AXIS2_PLACEMENT_2D('',#1236,#1237);
#1236 = CARTESIAN_POINT('',(2.15,-2.795628798107));
#1237 = DIRECTION('',(1.,0.));
#1238 = ( GEOMETRIC_REPRESENTATION_CONTEXT(2) 
PARAMETRIC_REPRESENTATION_CONTEXT() REPRESENTATION_CONTEXT('2D SPACE',''
  ) );
#1239 = PCURVE('',#953,#1240);
#1240 = DEFINITIONAL_REPRESENTATION('',(#1241),#1245);
#1241 = LINE('',#1242,#1243);
#1242 = CARTESIAN_POINT('',(9.424777960769,4.));
#1243 = VECTOR('',#1244,1.);
#1244 = DIRECTION('',(-1.,0.));
#1245 = ( GEOMETRIC_REPRESENTATION_CONTEXT(2) 
PARAMETRIC_REPRESENTATION_CONTEXT() REPRESENTATION_CONTEXT('2D SPACE',''
  ) );
#1246 = ORIENTED_EDGE('',*,*,#1247,.F.);
#1247 = EDGE_CURVE('',#1248,#1224,#1250,.T.);
#1248 = VERTEX_POINT('',#1249);
#1249 = CARTESIAN_POINT('',(-12.39358222275,15.61374897283,4.75));
#1250 = SURFACE_CURVE('',#1251,(#1255,#1262),.PCURVE_S1.);
#1251 = LINE('',#1252,#1253);
#1252 = CARTESIAN_POINT('',(-12.39358222275,15.61374897283,4.75));
#1253 = VECTOR('',#1254,1.);
#1254 = DIRECTION('',(0.642787609687,0.766044443119,0.));
#1255 = PCURVE('',#662,#1256);
#1256 = DEFINITIONAL_REPRESENTATION('',(#1257),#1261);
#1257 = LINE('',#1258,#1259);
#1258 = CARTESIAN_POINT('',(0.456417777248,-5.43625102717));
#1259 = VECTOR('',#1260,1.);
#1260 = DIRECTION('',(0.642787609687,0.766044443119));
#1261 = ( GEOMETRIC_REPRESENTATION_CONTEXT(2) 
PARAMETRIC_REPRESENTATION_CONTEXT() REPRESENTATION_CONTEXT('2D SPACE',''
  ) );
#1262 = PCURVE('',#1263,#1268);
#1263 = PLANE('',#1264);
#1264 = AXIS2_PLACEMENT_3D('',#1265,#1266,#1267);
#1265 = CARTESIAN_POINT('',(-10.8,17.51290631189,8.75));
#1266 = DIRECTION('',(-0.766044443119,0.642787609687,0.));
#1267 = DIRECTION('',(-0.642787609687,-0.766044443119,0.));
#1268 = DEFINITIONAL_REPRESENTATION('',(#1269),#1273);
#1269 = LINE('',#1270,#1271);
#1270 = CARTESIAN_POINT('',(2.479173833997,-4.));
#1271 = VECTOR('',#1272,1.);
#1272 = DIRECTION('',(-1.,0.));
#1273 = ( GEOMETRIC_REPRESENTATION_CONTEXT(2) 
PARAMETRIC_REPRESENTATION_CONTEXT() REPRESENTATION_CONTEXT('2D SPACE',''
  ) );
#1274 = ORIENTED_EDGE('',*,*,#1275,.F.);
#1275 = EDGE_CURVE('',#647,#1248,#1276,.T.);
#1276 = SURFACE_CURVE('',#1277,(#1282,#1289),.PCURVE_S1.);
#1277 = CIRCLE('',#1278,0.4);
#1278 = AXIS2_PLACEMENT_3D('',#1279,#1280,#1281);
#1279 = CARTESIAN_POINT('',(-12.7,15.870864016705,4.75));
#1280 = DIRECTION('',(0.,0.,1.));
#1281 = DIRECTION('',(1.,0.,-0.));
#1282 = PCURVE('',#662,#1283);
#1283 = DEFINITIONAL_REPRESENTATION('',(#1284),#1288);
#1284 = CIRCLE('',#1285,0.4);
#1285 = AXIS2_PLACEMENT_2D('',#1286,#1287);
#1286 = CARTESIAN_POINT('',(0.15,-5.179135983295));
#1287 = DIRECTION('',(1.,0.));
#1288 = ( GEOMETRIC_REPRESENTATION_CONTEXT(2) 
PARAMETRIC_REPRESENTATION_CONTEXT() REPRESENTATION_CONTEXT('2D SPACE',''
  ) );
#1289 = PCURVE('',#690,#1290);
#1290 = DEFINITIONAL_REPRESENTATION('',(#1291),#1295);
#1291 = LINE('',#1292,#1293);
#1292 = CARTESIAN_POINT('',(9.424777960769,4.4));
#1293 = VECTOR('',#1294,1.);
#1294 = DIRECTION('',(-1.,0.));
#1295 = ( GEOMETRIC_REPRESENTATION_CONTEXT(2) 
PARAMETRIC_REPRESENTATION_CONTEXT() REPRESENTATION_CONTEXT('2D SPACE',''
  ) );
#1296 = ORIENTED_EDGE('',*,*,#646,.F.);
#1297 = ADVANCED_FACE('',(#1298),#1312,.T.);
#1298 = FACE_BOUND('',#1299,.T.);
#1299 = EDGE_LOOP('',(#1300,#1335,#1408,#1481,#1554));
#1300 = ORIENTED_EDGE('',*,*,#1301,.F.);
#1301 = EDGE_CURVE('',#1302,#1304,#1306,.T.);
#1302 = VERTEX_POINT('',#1303);
#1303 = CARTESIAN_POINT('',(-13.1,21.05,3.467282286382));
#1304 = VERTEX_POINT('',#1305);
#1305 = CARTESIAN_POINT('',(-13.1,21.05,0.432717713618));
#1306 = SURFACE_CURVE('',#1307,(#1311,#1323),.PCURVE_S1.);
#1307 = LINE('',#1308,#1309);
#1308 = CARTESIAN_POINT('',(-13.1,21.05,3.75));
#1309 = VECTOR('',#1310,1.);
#1310 = DIRECTION('',(0.,0.,-1.));
#1311 = PCURVE('',#1312,#1317);
#1312 = CYLINDRICAL_SURFACE('',#1313,0.25);
#1313 = AXIS2_PLACEMENT_3D('',#1314,#1315,#1316);
#1314 = CARTESIAN_POINT('',(-12.85,21.05,3.75));
#1315 = DIRECTION('',(0.,0.,-1.));
#1316 = DIRECTION('',(-1.,0.,0.));
#1317 = DEFINITIONAL_REPRESENTATION('',(#1318),#1322);
#1318 = LINE('',#1319,#1320);
#1319 = CARTESIAN_POINT('',(0.,0.));
#1320 = VECTOR('',#1321,1.);
#1321 = DIRECTION('',(0.,1.));
#1322 = ( GEOMETRIC_REPRESENTATION_CONTEXT(2) 
PARAMETRIC_REPRESENTATION_CONTEXT() REPRESENTATION_CONTEXT('2D SPACE',''
  ) );
#1323 = PCURVE('',#1324,#1329);
#1324 = PLANE('',#1325);
#1325 = AXIS2_PLACEMENT_3D('',#1326,#1327,#1328);
#1326 = CARTESIAN_POINT('',(-13.1,21.05,3.75));
#1327 = DIRECTION('',(1.,0.,0.));
#1328 = DIRECTION('',(0.,0.,-1.));
#1329 = DEFINITIONAL_REPRESENTATION('',(#1330),#1334);
#1330 = LINE('',#1331,#1332);
#1331 = CARTESIAN_POINT('',(0.,0.));
#1332 = VECTOR('',#1333,1.);
#1333 = DIRECTION('',(1.,0.));
#1334 = ( GEOMETRIC_REPRESENTATION_CONTEXT(2) 
PARAMETRIC_REPRESENTATION_CONTEXT() REPRESENTATION_CONTEXT('2D SPACE',''
  ) );
#1335 = ORIENTED_EDGE('',*,*,#1336,.T.);
#1336 = EDGE_CURVE('',#1302,#1337,#1339,.T.);
#1337 = VERTEX_POINT('',#1338);
#1338 = CARTESIAN_POINT('',(-13.09124410957,21.115584141352,
    3.295417919296));
#1339 = SURFACE_CURVE('',#1340,(#1345,#1374),.PCURVE_S1.);
#1340 = B_SPLINE_CURVE_WITH_KNOTS('',3,(#1341,#1342,#1343,#1344),
  .UNSPECIFIED.,.F.,.F.,(4,4),(0.,1.841610867912E-04),
  .PIECEWISE_BEZIER_KNOTS.);
#1341 = CARTESIAN_POINT('',(-13.1,21.05,3.467282286382));
#1342 = CARTESIAN_POINT('',(-13.1,21.077214484748,3.411888236356));
#1343 = CARTESIAN_POINT('',(-13.09574321422,21.099034675674,
    3.354652570268));
#1344 = CARTESIAN_POINT('',(-13.09124410957,21.115584141352,
    3.295417919296));
#1345 = PCURVE('',#1312,#1346);
#1346 = DEFINITIONAL_REPRESENTATION('',(#1347),#1373);
#1347 = B_SPLINE_CURVE_WITH_KNOTS('',3,(#1348,#1349,#1350,#1351,#1352,
    #1353,#1354,#1355,#1356,#1357,#1358,#1359,#1360,#1361,#1362,#1363,
    #1364,#1365,#1366,#1367,#1368,#1369,#1370,#1371,#1372),
  .UNSPECIFIED.,.F.,.F.,(4,1,1,1,1,1,1,1,1,1,1,1,1,1,1,1,1,1,1,1,1,1,4),
  (0.,8.370958490511E-06,1.674191698102E-05,2.511287547153E-05,
    3.348383396204E-05,4.185479245255E-05,5.022575094307E-05,
    5.859670943358E-05,6.696766792409E-05,7.53386264146E-05,
    8.370958490511E-05,9.208054339562E-05,1.004515018861E-04,
    1.088224603766E-04,1.171934188672E-04,1.255643773577E-04,
    1.339353358482E-04,1.423062943387E-04,1.506772528292E-04,
    1.590482113197E-04,1.674191698102E-04,1.757901283007E-04,
    1.841610867912E-04),.QUASI_UNIFORM_KNOTS.);
#1348 = CARTESIAN_POINT('',(0.,0.282717713618));
#1349 = CARTESIAN_POINT('',(4.948072934361E-03,0.285235624983));
#1350 = CARTESIAN_POINT('',(1.475511435133E-02,0.290279057696));
#1351 = CARTESIAN_POINT('',(2.92012136648E-02,0.297867125392));
#1352 = CARTESIAN_POINT('',(4.338577462287E-02,0.30547820039));
#1353 = CARTESIAN_POINT('',(5.731146298563E-02,0.313112371365));
#1354 = CARTESIAN_POINT('',(7.098076367472E-02,0.320769726991));
#1355 = CARTESIAN_POINT('',(8.439595044912E-02,0.328450355944));
#1356 = CARTESIAN_POINT('',(9.755908622485E-02,0.336154346899));
#1357 = CARTESIAN_POINT('',(0.110472016709,0.343881788532));
#1358 = CARTESIAN_POINT('',(0.123136367225,0.351632769516));
#1359 = CARTESIAN_POINT('',(0.135553539975,0.359407378529));
#1360 = CARTESIAN_POINT('',(0.147724712362,0.367205704243));
#1361 = CARTESIAN_POINT('',(0.159650836132,0.375027835336));
#1362 = CARTESIAN_POINT('',(0.171332637289,0.382873860481));
#1363 = CARTESIAN_POINT('',(0.182770616744,0.390743868355));
#1364 = CARTESIAN_POINT('',(0.193965051631,0.398637947632));
#1365 = CARTESIAN_POINT('',(0.204915997212,0.406556186987));
#1366 = CARTESIAN_POINT('',(0.215623289522,0.414498675095));
#1367 = CARTESIAN_POINT('',(0.226086547961,0.422465500632));
#1368 = CARTESIAN_POINT('',(0.23630518065,0.430456752273));
#1369 = CARTESIAN_POINT('',(0.246278381896,0.438472518693));
#1370 = CARTESIAN_POINT('',(0.25600516143,0.446512888567));
#1371 = CARTESIAN_POINT('',(0.262324558657,0.451889596569));
#1372 = CARTESIAN_POINT('',(0.265442779262,0.454582080704));
#1373 = ( GEOMETRIC_REPRESENTATION_CONTEXT(2) 
PARAMETRIC_REPRESENTATION_CONTEXT() REPRESENTATION_CONTEXT('2D SPACE',''
  ) );
#1374 = PCURVE('',#1375,#1380);
#1375 = CYLINDRICAL_SURFACE('',#1376,1.);
#1376 = AXIS2_PLACEMENT_3D('',#1377,#1378,#1379);
#1377 = CARTESIAN_POINT('',(-10.6,20.152467298736,3.026334386782));
#1378 = DIRECTION('',(-1.,0.,0.));
#1379 = DIRECTION('',(0.,0.,1.));
#1380 = DEFINITIONAL_REPRESENTATION('',(#1381),#1407);
#1381 = B_SPLINE_CURVE_WITH_KNOTS('',3,(#1382,#1383,#1384,#1385,#1386,
    #1387,#1388,#1389,#1390,#1391,#1392,#1393,#1394,#1395,#1396,#1397,
    #1398,#1399,#1400,#1401,#1402,#1403,#1404,#1405,#1406),
  .UNSPECIFIED.,.F.,.F.,(4,1,1,1,1,1,1,1,1,1,1,1,1,1,1,1,1,1,1,1,1,1,4),
  (0.,8.370958490511E-06,1.674191698102E-05,2.511287547153E-05,
    3.348383396204E-05,4.185479245255E-05,5.022575094307E-05,
    5.859670943358E-05,6.696766792409E-05,7.53386264146E-05,
    8.370958490511E-05,9.208054339562E-05,1.004515018861E-04,
    1.088224603766E-04,1.171934188672E-04,1.255643773577E-04,
    1.339353358482E-04,1.423062943387E-04,1.506772528292E-04,
    1.590482113197E-04,1.674191698102E-04,1.757901283007E-04,
    1.841610867912E-04),.QUASI_UNIFORM_KNOTS.);
#1382 = CARTESIAN_POINT('',(1.114141809986,2.5));
#1383 = CARTESIAN_POINT('',(1.116947180264,2.5));
#1384 = CARTESIAN_POINT('',(1.122554921243,2.499982409976));
#1385 = CARTESIAN_POINT('',(1.130958226005,2.499905516965));
#1386 = CARTESIAN_POINT('',(1.139353915125,2.499780378075));
#1387 = CARTESIAN_POINT('',(1.14774268304,2.499609255402));
#1388 = CARTESIAN_POINT('',(1.156125225967,2.499394411043));
#1389 = CARTESIAN_POINT('',(1.164502241902,2.499138107094));
#1390 = CARTESIAN_POINT('',(1.172874430201,2.498842605651));
#1391 = CARTESIAN_POINT('',(1.181242491272,2.498510168811));
#1392 = CARTESIAN_POINT('',(1.189607126241,2.498143058669));
#1393 = CARTESIAN_POINT('',(1.197969036633,2.497743537322));
#1394 = CARTESIAN_POINT('',(1.206328924047,2.497313866867));
#1395 = CARTESIAN_POINT('',(1.214687489833,2.496856309399));
#1396 = CARTESIAN_POINT('',(1.223045434775,2.496373127016));
#1397 = CARTESIAN_POINT('',(1.231403458772,2.495866581812));
#1398 = CARTESIAN_POINT('',(1.239762260514,2.495338935886));
#1399 = CARTESIAN_POINT('',(1.248122537169,2.494792451332));
#1400 = CARTESIAN_POINT('',(1.25648498406,2.494229390247));
#1401 = CARTESIAN_POINT('',(1.264850294337,2.493652014728));
#1402 = CARTESIAN_POINT('',(1.273219158689,2.49306258687));
#1403 = CARTESIAN_POINT('',(1.281592264896,2.492463368771));
#1404 = CARTESIAN_POINT('',(1.289970297972,2.491856622525));
#1405 = CARTESIAN_POINT('',(1.295559391375,2.491448614329));
#1406 = CARTESIAN_POINT('',(1.298354986172,2.491244109572));
#1407 = ( GEOMETRIC_REPRESENTATION_CONTEXT(2) 
PARAMETRIC_REPRESENTATION_CONTEXT() REPRESENTATION_CONTEXT('2D SPACE',''
  ) );
#1408 = ORIENTED_EDGE('',*,*,#1409,.T.);
#1409 = EDGE_CURVE('',#1337,#1410,#1412,.T.);
#1410 = VERTEX_POINT('',#1411);
#1411 = CARTESIAN_POINT('',(-12.85,21.3,1.95));
#1412 = SURFACE_CURVE('',#1413,(#1418,#1447),.PCURVE_S1.);
#1413 = B_SPLINE_CURVE_WITH_KNOTS('',3,(#1414,#1415,#1416,#1417),
  .UNSPECIFIED.,.F.,.F.,(4,4),(0.,1.38492024638E-03),
  .PIECEWISE_BEZIER_KNOTS.);
#1414 = CARTESIAN_POINT('',(-13.09124410957,21.115584141352,
    3.295417919296));
#1415 = CARTESIAN_POINT('',(-13.05747480357,21.239800849675,
    2.850815538047));
#1416 = CARTESIAN_POINT('',(-12.95073650773,21.3,2.400515380465));
#1417 = CARTESIAN_POINT('',(-12.85,21.3,1.95));
#1418 = PCURVE('',#1312,#1419);
#1419 = DEFINITIONAL_REPRESENTATION('',(#1420),#1446);
#1420 = B_SPLINE_CURVE_WITH_KNOTS('',3,(#1421,#1422,#1423,#1424,#1425,
    #1426,#1427,#1428,#1429,#1430,#1431,#1432,#1433,#1434,#1435,#1436,
    #1437,#1438,#1439,#1440,#1441,#1442,#1443,#1444,#1445),
  .UNSPECIFIED.,.F.,.F.,(4,1,1,1,1,1,1,1,1,1,1,1,1,1,1,1,1,1,1,1,1,1,4),
  (0.,6.295092029001E-05,1.2590184058E-04,1.8885276087E-04,
    2.5180368116E-04,3.1475460145E-04,3.7770552174E-04,4.4065644203E-04,
    5.0360736232E-04,5.665582826101E-04,6.295092029001E-04,
    6.924601231901E-04,7.554110434801E-04,8.183619637701E-04,
    8.813128840601E-04,9.442638043501E-04,1.00721472464E-03,
    1.07016564493E-03,1.13311656522E-03,1.19606748551E-03,
    1.2590184058E-03,1.32196932609E-03,1.38492024638E-03),
  .QUASI_UNIFORM_KNOTS.);
#1421 = CARTESIAN_POINT('',(0.265442779262,0.454582080704));
#1422 = CARTESIAN_POINT('',(0.288848012523,0.474791279852));
#1423 = CARTESIAN_POINT('',(0.334950988322,0.515233222678));
#1424 = CARTESIAN_POINT('',(0.402181208062,0.575963681164));
#1425 = CARTESIAN_POINT('',(0.467684383262,0.636758594557));
#1426 = CARTESIAN_POINT('',(0.531661314136,0.697614873512));
#1427 = CARTESIAN_POINT('',(0.594306110571,0.758529428687));
#1428 = CARTESIAN_POINT('',(0.655802412283,0.81949917074));
#1429 = CARTESIAN_POINT('',(0.716319860382,0.880521010328));
#1430 = CARTESIAN_POINT('',(0.776012041556,0.941591858108));
#1431 = CARTESIAN_POINT('',(0.835015205381,1.002708624738));
#1432 = CARTESIAN_POINT('',(0.893447656253,1.063868220875));
#1433 = CARTESIAN_POINT('',(0.951409638324,1.125067557176));
#1434 = CARTESIAN_POINT('',(1.008983618734,1.186303544298));
#1435 = CARTESIAN_POINT('',(1.066234901175,1.2475730929));
#1436 = CARTESIAN_POINT('',(1.123212530398,1.308873113638));
#1437 = CARTESIAN_POINT('',(1.179950463509,1.370200517169));
#1438 = CARTESIAN_POINT('',(1.236468991841,1.431552214151));
#1439 = CARTESIAN_POINT('',(1.292776397008,1.492925115242));
#1440 = CARTESIAN_POINT('',(1.348870823904,1.554316131098));
#1441 = CARTESIAN_POINT('',(1.40474233338,1.615722172377));
#1442 = CARTESIAN_POINT('',(1.460375136175,1.677140149736));
#1443 = CARTESIAN_POINT('',(1.515749825063,1.738566973833));
#1444 = CARTESIAN_POINT('',(1.552480659437,1.779522028161));
#1445 = CARTESIAN_POINT('',(1.570796326795,1.8));
#1446 = ( GEOMETRIC_REPRESENTATION_CONTEXT(2) 
PARAMETRIC_REPRESENTATION_CONTEXT() REPRESENTATION_CONTEXT('2D SPACE',''
  ) );
#1447 = PCURVE('',#1448,#1453);
#1448 = CYLINDRICAL_SURFACE('',#1449,5.);
#1449 = AXIS2_PLACEMENT_3D('',#1450,#1451,#1452);
#1450 = CARTESIAN_POINT('',(-10.6,16.3,1.95));
#1451 = DIRECTION('',(-1.,0.,0.));
#1452 = DIRECTION('',(0.,0.,1.));
#1453 = DEFINITIONAL_REPRESENTATION('',(#1454),#1480);
#1454 = B_SPLINE_CURVE_WITH_KNOTS('',3,(#1455,#1456,#1457,#1458,#1459,
    #1460,#1461,#1462,#1463,#1464,#1465,#1466,#1467,#1468,#1469,#1470,
    #1471,#1472,#1473,#1474,#1475,#1476,#1477,#1478,#1479),
  .UNSPECIFIED.,.F.,.F.,(4,1,1,1,1,1,1,1,1,1,1,1,1,1,1,1,1,1,1,1,1,1,4),
  (0.,6.295092029001E-05,1.2590184058E-04,1.8885276087E-04,
    2.5180368116E-04,3.1475460145E-04,3.7770552174E-04,4.4065644203E-04,
    5.0360736232E-04,5.665582826101E-04,6.295092029001E-04,
    6.924601231901E-04,7.554110434801E-04,8.183619637701E-04,
    8.813128840601E-04,9.442638043501E-04,1.00721472464E-03,
    1.07016564493E-03,1.13311656522E-03,1.19606748551E-03,
    1.2590184058E-03,1.32196932609E-03,1.38492024638E-03),
  .QUASI_UNIFORM_KNOTS.);
#1455 = CARTESIAN_POINT('',(1.29835493286,2.491244109572));
#1456 = CARTESIAN_POINT('',(1.302551557289,2.489709141117));
#1457 = CARTESIAN_POINT('',(1.310935105783,2.486337679457));
#1458 = CARTESIAN_POINT('',(1.323482770566,2.480420411648));
#1459 = CARTESIAN_POINT('',(1.336004221879,2.473687567456));
#1460 = CARTESIAN_POINT('',(1.348500899472,2.466183645817));
#1461 = CARTESIAN_POINT('',(1.3609742385,2.457953145667));
#1462 = CARTESIAN_POINT('',(1.37342566805,2.449040565941));
#1463 = CARTESIAN_POINT('',(1.385856610157,2.439490405575));
#1464 = CARTESIAN_POINT('',(1.398268478729,2.429347163506));
#1465 = CARTESIAN_POINT('',(1.410662678545,2.418655338668));
#1466 = CARTESIAN_POINT('',(1.423040604272,2.407459429997));
#1467 = CARTESIAN_POINT('',(1.435403639518,2.39580393643));
#1468 = CARTESIAN_POINT('',(1.447753155906,2.383733356901));
#1469 = CARTESIAN_POINT('',(1.46009051218,2.371292190347));
#1470 = CARTESIAN_POINT('',(1.472417053328,2.358524935703));
#1471 = CARTESIAN_POINT('',(1.484734109731,2.345476091906));
#1472 = CARTESIAN_POINT('',(1.497042996324,2.33219015789));
#1473 = CARTESIAN_POINT('',(1.509345011789,2.318711632591));
#1474 = CARTESIAN_POINT('',(1.521641437711,2.305085014946));
#1475 = CARTESIAN_POINT('',(1.533933537968,2.29135480389));
#1476 = CARTESIAN_POINT('',(1.546222557259,2.277565498358));
#1477 = CARTESIAN_POINT('',(1.55850972296,2.263761597287));
#1478 = CARTESIAN_POINT('',(1.566700730698,2.25457893217));
#1479 = CARTESIAN_POINT('',(1.570796326795,2.25));
#1480 = ( GEOMETRIC_REPRESENTATION_CONTEXT(2) 
PARAMETRIC_REPRESENTATION_CONTEXT() REPRESENTATION_CONTEXT('2D SPACE',''
  ) );
#1481 = ORIENTED_EDGE('',*,*,#1482,.F.);
#1482 = EDGE_CURVE('',#1483,#1410,#1485,.T.);
#1483 = VERTEX_POINT('',#1484);
#1484 = CARTESIAN_POINT('',(-13.09124411444,21.11558412342,
    0.604582016522));
#1485 = SURFACE_CURVE('',#1486,(#1491,#1520),.PCURVE_S1.);
#1486 = B_SPLINE_CURVE_WITH_KNOTS('',3,(#1487,#1488,#1489,#1490),
  .UNSPECIFIED.,.F.,.F.,(4,4),(4.336808689942E-19,1.384920313523E-03),
  .PIECEWISE_BEZIER_KNOTS.);
#1487 = CARTESIAN_POINT('',(-13.09124411444,21.11558412342,
    0.604582016522));
#1488 = CARTESIAN_POINT('',(-13.05747481506,21.23980084389,
    1.049184418381));
#1489 = CARTESIAN_POINT('',(-12.95073651261,21.3,1.499484597694));
#1490 = CARTESIAN_POINT('',(-12.85,21.3,1.95));
#1491 = PCURVE('',#1312,#1492);
#1492 = DEFINITIONAL_REPRESENTATION('',(#1493),#1519);
#1493 = B_SPLINE_CURVE_WITH_KNOTS('',3,(#1494,#1495,#1496,#1497,#1498,
    #1499,#1500,#1501,#1502,#1503,#1504,#1505,#1506,#1507,#1508,#1509,
    #1510,#1511,#1512,#1513,#1514,#1515,#1516,#1517,#1518),
  .UNSPECIFIED.,.F.,.F.,(4,1,1,1,1,1,1,1,1,1,1,1,1,1,1,1,1,1,1,1,1,1,4),
  (4.336808689942E-19,6.295092334197E-05,1.259018466839E-04,
    1.888527700259E-04,2.518036933679E-04,3.147546167099E-04,
    3.777055400518E-04,4.406564633938E-04,5.036073867358E-04,
    5.665583100777E-04,6.295092334197E-04,6.924601567617E-04,
    7.554110801037E-04,8.183620034456E-04,8.813129267876E-04,
    9.442638501296E-04,1.007214773472E-03,1.070165696814E-03,
    1.133116620155E-03,1.196067543497E-03,1.259018466839E-03,
    1.321969390181E-03,1.384920313523E-03),.QUASI_UNIFORM_KNOTS.);
#1494 = CARTESIAN_POINT('',(0.265442704932,3.145417983478));
#1495 = CARTESIAN_POINT('',(0.28884794001,3.125208783393));
#1496 = CARTESIAN_POINT('',(0.334950919287,3.084766838689));
#1497 = CARTESIAN_POINT('',(0.402181143831,3.024036377372));
#1498 = CARTESIAN_POINT('',(0.467684323464,2.963241461136));
#1499 = CARTESIAN_POINT('',(0.531661258451,2.902385179325));
#1500 = CARTESIAN_POINT('',(0.594306058729,2.841470621283));
#1501 = CARTESIAN_POINT('',(0.655802364062,2.780500876351));
#1502 = CARTESIAN_POINT('',(0.716319815603,2.719479033875));
#1503 = CARTESIAN_POINT('',(0.776012000079,2.658408183196));
#1504 = CARTESIAN_POINT('',(0.835015167102,2.597291413658));
#1505 = CARTESIAN_POINT('',(0.893447621097,2.536131814604));
#1506 = CARTESIAN_POINT('',(0.951409606236,2.474932475378));
#1507 = CARTESIAN_POINT('',(1.008983589681,2.413696485323));
#1508 = CARTESIAN_POINT('',(1.066234875134,2.352426933782));
#1509 = CARTESIAN_POINT('',(1.123212507355,2.291126910098));
#1510 = CARTESIAN_POINT('',(1.179950443451,2.229799503615));
#1511 = CARTESIAN_POINT('',(1.236468974755,2.168447803675));
#1512 = CARTESIAN_POINT('',(1.292776382875,2.107074899622));
#1513 = CARTESIAN_POINT('',(1.3488708127,2.045683880799));
#1514 = CARTESIAN_POINT('',(1.404742325066,1.98427783655));
#1515 = CARTESIAN_POINT('',(1.460375130702,1.922859856218));
#1516 = CARTESIAN_POINT('',(1.515749822371,1.861433029145));
#1517 = CARTESIAN_POINT('',(1.55248065855,1.820477972832));
#1518 = CARTESIAN_POINT('',(1.570796326795,1.8));
#1519 = ( GEOMETRIC_REPRESENTATION_CONTEXT(2) 
PARAMETRIC_REPRESENTATION_CONTEXT() REPRESENTATION_CONTEXT('2D SPACE',''
  ) );
#1520 = PCURVE('',#1521,#1526);
#1521 = CYLINDRICAL_SURFACE('',#1522,5.);
#1522 = AXIS2_PLACEMENT_3D('',#1523,#1524,#1525);
#1523 = CARTESIAN_POINT('',(-10.6,16.3,1.95));
#1524 = DIRECTION('',(-1.,0.,0.));
#1525 = DIRECTION('',(0.,0.,1.));
#1526 = DEFINITIONAL_REPRESENTATION('',(#1527),#1553);
#1527 = B_SPLINE_CURVE_WITH_KNOTS('',3,(#1528,#1529,#1530,#1531,#1532,
    #1533,#1534,#1535,#1536,#1537,#1538,#1539,#1540,#1541,#1542,#1543,
    #1544,#1545,#1546,#1547,#1548,#1549,#1550,#1551,#1552),
  .UNSPECIFIED.,.F.,.F.,(4,1,1,1,1,1,1,1,1,1,1,1,1,1,1,1,1,1,1,1,1,1,4),
  (4.336808689942E-19,6.295092334197E-05,1.259018466839E-04,
    1.888527700259E-04,2.518036933679E-04,3.147546167099E-04,
    3.777055400518E-04,4.406564633938E-04,5.036073867358E-04,
    5.665583100777E-04,6.295092334197E-04,6.924601567617E-04,
    7.554110801037E-04,8.183620034456E-04,8.813129267876E-04,
    9.442638501296E-04,1.007214773472E-03,1.070165696814E-03,
    1.133116620155E-03,1.196067543497E-03,1.259018466839E-03,
    1.321969390181E-03,1.384920313523E-03),.QUASI_UNIFORM_KNOTS.);
#1528 = CARTESIAN_POINT('',(1.843237734058,2.491244114447));
#1529 = CARTESIAN_POINT('',(1.839041109418,2.489709146293));
#1530 = CARTESIAN_POINT('',(1.830657560505,2.486337685179));
#1531 = CARTESIAN_POINT('',(1.818109895097,2.480420418034));
#1532 = CARTESIAN_POINT('',(1.805588443162,2.47368757436));
#1533 = CARTESIAN_POINT('',(1.79309176495,2.4661836531));
#1534 = CARTESIAN_POINT('',(1.780618425307,2.457953153198));
#1535 = CARTESIAN_POINT('',(1.768166995143,2.449040573599));
#1536 = CARTESIAN_POINT('',(1.755736052425,2.439490413247));
#1537 = CARTESIAN_POINT('',(1.743324183244,2.429347171086));
#1538 = CARTESIAN_POINT('',(1.730929982822,2.41865534606));
#1539 = CARTESIAN_POINT('',(1.71855205649,2.407459437114));
#1540 = CARTESIAN_POINT('',(1.706189020642,2.395803943191));
#1541 = CARTESIAN_POINT('',(1.693839503652,2.383733363235));
#1542 = CARTESIAN_POINT('',(1.681502146778,2.371292196191));
#1543 = CARTESIAN_POINT('',(1.669175605031,2.358524941003));
#1544 = CARTESIAN_POINT('',(1.65685854803,2.345476096615));
#1545 = CARTESIAN_POINT('',(1.644549660841,2.332190161971));
#1546 = CARTESIAN_POINT('',(1.632247644778,2.318711636016));
#1547 = CARTESIAN_POINT('',(1.619951218261,2.305085017693));
#1548 = CARTESIAN_POINT('',(1.607659117408,2.291354805946));
#1549 = CARTESIAN_POINT('',(1.595370097522,2.27756549972));
#1550 = CARTESIAN_POINT('',(1.583082931225,2.26376159796));
#1551 = CARTESIAN_POINT('',(1.57489192309,2.254578932392));
#1552 = CARTESIAN_POINT('',(1.570796326795,2.25));
#1553 = ( GEOMETRIC_REPRESENTATION_CONTEXT(2) 
PARAMETRIC_REPRESENTATION_CONTEXT() REPRESENTATION_CONTEXT('2D SPACE',''
  ) );
#1554 = ORIENTED_EDGE('',*,*,#1555,.T.);
#1555 = EDGE_CURVE('',#1483,#1304,#1556,.T.);
#1556 = SURFACE_CURVE('',#1557,(#1562,#1591),.PCURVE_S1.);
#1557 = B_SPLINE_CURVE_WITH_KNOTS('',3,(#1558,#1559,#1560,#1561),
  .UNSPECIFIED.,.F.,.F.,(4,4),(0.,1.841610202769E-04),
  .PIECEWISE_BEZIER_KNOTS.);
#1558 = CARTESIAN_POINT('',(-13.09124411444,21.11558412342,
    0.604582016522));
#1559 = CARTESIAN_POINT('',(-13.09574321721,21.099034659815,
    0.545347388203));
#1560 = CARTESIAN_POINT('',(-13.1,21.077214474823,0.488111743442));
#1561 = CARTESIAN_POINT('',(-13.1,21.05,0.432717713618));
#1562 = PCURVE('',#1312,#1563);
#1563 = DEFINITIONAL_REPRESENTATION('',(#1564),#1590);
#1564 = B_SPLINE_CURVE_WITH_KNOTS('',3,(#1565,#1566,#1567,#1568,#1569,
    #1570,#1571,#1572,#1573,#1574,#1575,#1576,#1577,#1578,#1579,#1580,
    #1581,#1582,#1583,#1584,#1585,#1586,#1587,#1588,#1589),
  .UNSPECIFIED.,.F.,.F.,(4,1,1,1,1,1,1,1,1,1,1,1,1,1,1,1,1,1,1,1,1,1,4),
  (0.,8.370955467134E-06,1.674191093427E-05,2.51128664014E-05,
    3.348382186854E-05,4.185477733567E-05,5.02257328028E-05,
    5.859668826994E-05,6.696764373707E-05,7.533859920421E-05,
    8.370955467134E-05,9.208051013847E-05,1.004514656056E-04,
    1.088224210727E-04,1.171933765399E-04,1.25564332007E-04,
    1.339352874741E-04,1.423062429413E-04,1.506771984084E-04,
    1.590481538755E-04,1.674191093427E-04,1.757900648098E-04,
    1.841610202769E-04),.QUASI_UNIFORM_KNOTS.);
#1565 = CARTESIAN_POINT('',(0.265442704932,3.145417983478));
#1566 = CARTESIAN_POINT('',(0.26232448478,3.148110466583));
#1567 = CARTESIAN_POINT('',(0.256005088526,3.153487172531));
#1568 = CARTESIAN_POINT('',(0.246278310639,3.161527539341));
#1569 = CARTESIAN_POINT('',(0.236305111229,3.169543302712));
#1570 = CARTESIAN_POINT('',(0.226086480562,3.177534551321));
#1571 = CARTESIAN_POINT('',(0.21562322433,3.185501373842));
#1572 = CARTESIAN_POINT('',(0.204915934408,3.19344385895));
#1573 = CARTESIAN_POINT('',(0.193964991397,3.201362095321));
#1574 = CARTESIAN_POINT('',(0.182770559259,3.209256171629));
#1575 = CARTESIAN_POINT('',(0.171332582732,3.217126176549));
#1576 = CARTESIAN_POINT('',(0.159650784682,3.224972198756));
#1577 = CARTESIAN_POINT('',(0.147724664198,3.232794326926));
#1578 = CARTESIAN_POINT('',(0.135553495274,3.240592649733));
#1579 = CARTESIAN_POINT('',(0.123136326167,3.248367255853));
#1580 = CARTESIAN_POINT('',(0.110471979472,3.25611823396));
#1581 = CARTESIAN_POINT('',(9.755905298962E-02,3.26384567273));
#1582 = CARTESIAN_POINT('',(8.439592139728E-02,3.271549660837));
#1583 = CARTESIAN_POINT('',(7.09807389895E-02,3.279230286957));
#1584 = CARTESIAN_POINT('',(5.731144285179E-02,3.286887639765));
#1585 = CARTESIAN_POINT('',(4.338575922754E-02,3.294521807935));
#1586 = CARTESIAN_POINT('',(2.920120319731E-02,3.302132880143));
#1587 = CARTESIAN_POINT('',(1.475510900367E-02,3.309720945063));
#1588 = CARTESIAN_POINT('',(4.948071129844E-03,3.314764375936));
#1589 = CARTESIAN_POINT('',(0.,3.317282286382));
#1590 = ( GEOMETRIC_REPRESENTATION_CONTEXT(2) 
PARAMETRIC_REPRESENTATION_CONTEXT() REPRESENTATION_CONTEXT('2D SPACE',''
  ) );
#1591 = PCURVE('',#1592,#1597);
#1592 = CYLINDRICAL_SURFACE('',#1593,1.);
#1593 = AXIS2_PLACEMENT_3D('',#1594,#1595,#1596);
#1594 = CARTESIAN_POINT('',(-10.6,20.152467298736,0.873665613218));
#1595 = DIRECTION('',(-1.,0.,0.));
#1596 = DIRECTION('',(0.,0.,1.));
#1597 = DEFINITIONAL_REPRESENTATION('',(#1598),#1624);
#1598 = B_SPLINE_CURVE_WITH_KNOTS('',3,(#1599,#1600,#1601,#1602,#1603,
    #1604,#1605,#1606,#1607,#1608,#1609,#1610,#1611,#1612,#1613,#1614,
    #1615,#1616,#1617,#1618,#1619,#1620,#1621,#1622,#1623),
  .UNSPECIFIED.,.F.,.F.,(4,1,1,1,1,1,1,1,1,1,1,1,1,1,1,1,1,1,1,1,1,1,4),
  (0.,8.370955467134E-06,1.674191093427E-05,2.51128664014E-05,
    3.348382186854E-05,4.185477733567E-05,5.02257328028E-05,
    5.859668826994E-05,6.696764373707E-05,7.533859920421E-05,
    8.370955467134E-05,9.208051013847E-05,1.004514656056E-04,
    1.088224210727E-04,1.171933765399E-04,1.25564332007E-04,
    1.339352874741E-04,1.423062429413E-04,1.506771984084E-04,
    1.590481538755E-04,1.674191093427E-04,1.757900648098E-04,
    1.841610202769E-04),.QUASI_UNIFORM_KNOTS.);
#1599 = CARTESIAN_POINT('',(1.843237734058,2.491244114447));
#1600 = CARTESIAN_POINT('',(1.846033327838,2.491448619118));
#1601 = CARTESIAN_POINT('',(1.851622419209,2.491856627139));
#1602 = CARTESIAN_POINT('',(1.860000449244,2.492463373109));
#1603 = CARTESIAN_POINT('',(1.868373552417,2.493062590924));
#1604 = CARTESIAN_POINT('',(1.87674241374,2.49365201849));
#1605 = CARTESIAN_POINT('',(1.885107720993,2.494229393714));
#1606 = CARTESIAN_POINT('',(1.893470164863,2.494792454501));
#1607 = CARTESIAN_POINT('',(1.9018304385,2.495338938757));
#1608 = CARTESIAN_POINT('',(1.910189237227,2.495866584389));
#1609 = CARTESIAN_POINT('',(1.91854725821,2.496373129302));
#1610 = CARTESIAN_POINT('',(1.92690520014,2.496856311402));
#1611 = CARTESIAN_POINT('',(1.935263762913,2.497313868596));
#1612 = CARTESIAN_POINT('',(1.943623647312,2.497743538789));
#1613 = CARTESIAN_POINT('',(1.951985554689,2.498143059887));
#1614 = CARTESIAN_POINT('',(1.96035018664,2.498510169797));
#1615 = CARTESIAN_POINT('',(1.96871824469,2.498842606424));
#1616 = CARTESIAN_POINT('',(1.977090429964,2.499138107674));
#1617 = CARTESIAN_POINT('',(1.98546744287,2.499394411454));
#1618 = CARTESIAN_POINT('',(1.993849982762,2.49960925567));
#1619 = CARTESIAN_POINT('',(2.002238747636,2.499780378226));
#1620 = CARTESIAN_POINT('',(2.010634433707,2.499905517031));
#1621 = CARTESIAN_POINT('',(2.019037735413,2.499982409989));
#1622 = CARTESIAN_POINT('',(2.024645474349,2.5));
#1623 = CARTESIAN_POINT('',(2.027450843604,2.5));
#1624 = ( GEOMETRIC_REPRESENTATION_CONTEXT(2) 
PARAMETRIC_REPRESENTATION_CONTEXT() REPRESENTATION_CONTEXT('2D SPACE',''
  ) );
#1625 = ADVANCED_FACE('',(#1626),#1324,.F.);
#1626 = FACE_BOUND('',#1627,.T.);
#1627 = EDGE_LOOP('',(#1628,#1658,#1687,#1709,#1710,#1734,#1763,#1791,
    #1819,#1847,#1875,#1903));
#1628 = ORIENTED_EDGE('',*,*,#1629,.F.);
#1629 = EDGE_CURVE('',#1630,#1632,#1634,.T.);
#1630 = VERTEX_POINT('',#1631);
#1631 = CARTESIAN_POINT('',(-13.1,19.3,4.15));
#1632 = VERTEX_POINT('',#1633);
#1633 = CARTESIAN_POINT('',(-13.1,15.870864016705,4.15));
#1634 = SURFACE_CURVE('',#1635,(#1639,#1646),.PCURVE_S1.);
#1635 = LINE('',#1636,#1637);
#1636 = CARTESIAN_POINT('',(-13.1,21.05,4.15));
#1637 = VECTOR('',#1638,1.);
#1638 = DIRECTION('',(0.,-1.,0.));
#1639 = PCURVE('',#1324,#1640);
#1640 = DEFINITIONAL_REPRESENTATION('',(#1641),#1645);
#1641 = LINE('',#1642,#1643);
#1642 = CARTESIAN_POINT('',(-0.4,0.));
#1643 = VECTOR('',#1644,1.);
#1644 = DIRECTION('',(0.,-1.));
#1645 = ( GEOMETRIC_REPRESENTATION_CONTEXT(2) 
PARAMETRIC_REPRESENTATION_CONTEXT() REPRESENTATION_CONTEXT('2D SPACE',''
  ) );
#1646 = PCURVE('',#1647,#1652);
#1647 = PLANE('',#1648);
#1648 = AXIS2_PLACEMENT_3D('',#1649,#1650,#1651);
#1649 = CARTESIAN_POINT('',(-12.85,21.05,4.15));
#1650 = DIRECTION('',(0.,0.,1.));
#1651 = DIRECTION('',(1.,0.,-0.));
#1652 = DEFINITIONAL_REPRESENTATION('',(#1653),#1657);
#1653 = LINE('',#1654,#1655);
#1654 = CARTESIAN_POINT('',(-0.25,0.));
#1655 = VECTOR('',#1656,1.);
#1656 = DIRECTION('',(0.,-1.));
#1657 = ( GEOMETRIC_REPRESENTATION_CONTEXT(2) 
PARAMETRIC_REPRESENTATION_CONTEXT() REPRESENTATION_CONTEXT('2D SPACE',''
  ) );
#1658 = ORIENTED_EDGE('',*,*,#1659,.F.);
#1659 = EDGE_CURVE('',#1660,#1630,#1662,.T.);
#1660 = VERTEX_POINT('',#1661);
#1661 = CARTESIAN_POINT('',(-13.1,20.436623122129,3.985112498773));
#1662 = SURFACE_CURVE('',#1663,(#1668,#1675),.PCURVE_S1.);
#1663 = CIRCLE('',#1664,4.);
#1664 = AXIS2_PLACEMENT_3D('',#1665,#1666,#1667);
#1665 = CARTESIAN_POINT('',(-13.1,19.3,0.15));
#1666 = DIRECTION('',(1.,0.,0.));
#1667 = DIRECTION('',(0.,0.,-1.));
#1668 = PCURVE('',#1324,#1669);
#1669 = DEFINITIONAL_REPRESENTATION('',(#1670),#1674);
#1670 = CIRCLE('',#1671,4.);
#1671 = AXIS2_PLACEMENT_2D('',#1672,#1673);
#1672 = CARTESIAN_POINT('',(3.6,-1.75));
#1673 = DIRECTION('',(1.,0.));
#1674 = ( GEOMETRIC_REPRESENTATION_CONTEXT(2) 
PARAMETRIC_REPRESENTATION_CONTEXT() REPRESENTATION_CONTEXT('2D SPACE',''
  ) );
#1675 = PCURVE('',#1676,#1681);
#1676 = CYLINDRICAL_SURFACE('',#1677,4.);
#1677 = AXIS2_PLACEMENT_3D('',#1678,#1679,#1680);
#1678 = CARTESIAN_POINT('',(-10.6,19.3,0.15));
#1679 = DIRECTION('',(-1.,0.,0.));
#1680 = DIRECTION('',(0.,0.,1.));
#1681 = DEFINITIONAL_REPRESENTATION('',(#1682),#1686);
#1682 = LINE('',#1683,#1684);
#1683 = CARTESIAN_POINT('',(3.14159265359,2.5));
#1684 = VECTOR('',#1685,1.);
#1685 = DIRECTION('',(-1.,0.));
#1686 = ( GEOMETRIC_REPRESENTATION_CONTEXT(2) 
PARAMETRIC_REPRESENTATION_CONTEXT() REPRESENTATION_CONTEXT('2D SPACE',''
  ) );
#1687 = ORIENTED_EDGE('',*,*,#1688,.F.);
#1688 = EDGE_CURVE('',#1302,#1660,#1689,.T.);
#1689 = SURFACE_CURVE('',#1690,(#1695,#1702),.PCURVE_S1.);
#1690 = CIRCLE('',#1691,1.);
#1691 = AXIS2_PLACEMENT_3D('',#1692,#1693,#1694);
#1692 = CARTESIAN_POINT('',(-13.1,20.152467298736,3.026334386782));
#1693 = DIRECTION('',(1.,0.,0.));
#1694 = DIRECTION('',(0.,0.,-1.));
#1695 = PCURVE('',#1324,#1696);
#1696 = DEFINITIONAL_REPRESENTATION('',(#1697),#1701);
#1697 = CIRCLE('',#1698,1.);
#1698 = AXIS2_PLACEMENT_2D('',#1699,#1700);
#1699 = CARTESIAN_POINT('',(0.723665613218,-0.897532701264));
#1700 = DIRECTION('',(1.,0.));
#1701 = ( GEOMETRIC_REPRESENTATION_CONTEXT(2) 
PARAMETRIC_REPRESENTATION_CONTEXT() REPRESENTATION_CONTEXT('2D SPACE',''
  ) );
#1702 = PCURVE('',#1375,#1703);
#1703 = DEFINITIONAL_REPRESENTATION('',(#1704),#1708);
#1704 = LINE('',#1705,#1706);
#1705 = CARTESIAN_POINT('',(3.14159265359,2.5));
#1706 = VECTOR('',#1707,1.);
#1707 = DIRECTION('',(-1.,0.));
#1708 = ( GEOMETRIC_REPRESENTATION_CONTEXT(2) 
PARAMETRIC_REPRESENTATION_CONTEXT() REPRESENTATION_CONTEXT('2D SPACE',''
  ) );
#1709 = ORIENTED_EDGE('',*,*,#1301,.T.);
#1710 = ORIENTED_EDGE('',*,*,#1711,.F.);
#1711 = EDGE_CURVE('',#1712,#1304,#1714,.T.);
#1712 = VERTEX_POINT('',#1713);
#1713 = CARTESIAN_POINT('',(-13.1,20.436623123888,-8.511249825134E-02));
#1714 = SURFACE_CURVE('',#1715,(#1720,#1727),.PCURVE_S1.);
#1715 = CIRCLE('',#1716,1.);
#1716 = AXIS2_PLACEMENT_3D('',#1717,#1718,#1719);
#1717 = CARTESIAN_POINT('',(-13.1,20.152467298736,0.873665613218));
#1718 = DIRECTION('',(1.,0.,0.));
#1719 = DIRECTION('',(0.,0.,-1.));
#1720 = PCURVE('',#1324,#1721);
#1721 = DEFINITIONAL_REPRESENTATION('',(#1722),#1726);
#1722 = CIRCLE('',#1723,1.);
#1723 = AXIS2_PLACEMENT_2D('',#1724,#1725);
#1724 = CARTESIAN_POINT('',(2.876334386782,-0.897532701264));
#1725 = DIRECTION('',(1.,0.));
#1726 = ( GEOMETRIC_REPRESENTATION_CONTEXT(2) 
PARAMETRIC_REPRESENTATION_CONTEXT() REPRESENTATION_CONTEXT('2D SPACE',''
  ) );
#1727 = PCURVE('',#1592,#1728);
#1728 = DEFINITIONAL_REPRESENTATION('',(#1729),#1733);
#1729 = LINE('',#1730,#1731);
#1730 = CARTESIAN_POINT('',(3.14159265359,2.5));
#1731 = VECTOR('',#1732,1.);
#1732 = DIRECTION('',(-1.,0.));
#1733 = ( GEOMETRIC_REPRESENTATION_CONTEXT(2) 
PARAMETRIC_REPRESENTATION_CONTEXT() REPRESENTATION_CONTEXT('2D SPACE',''
  ) );
#1734 = ORIENTED_EDGE('',*,*,#1735,.F.);
#1735 = EDGE_CURVE('',#1736,#1712,#1738,.T.);
#1736 = VERTEX_POINT('',#1737);
#1737 = CARTESIAN_POINT('',(-13.1,19.3,-0.25));
#1738 = SURFACE_CURVE('',#1739,(#1744,#1751),.PCURVE_S1.);
#1739 = CIRCLE('',#1740,4.);
#1740 = AXIS2_PLACEMENT_3D('',#1741,#1742,#1743);
#1741 = CARTESIAN_POINT('',(-13.1,19.3,3.75));
#1742 = DIRECTION('',(1.,0.,0.));
#1743 = DIRECTION('',(0.,0.,-1.));
#1744 = PCURVE('',#1324,#1745);
#1745 = DEFINITIONAL_REPRESENTATION('',(#1746),#1750);
#1746 = CIRCLE('',#1747,4.);
#1747 = AXIS2_PLACEMENT_2D('',#1748,#1749);
#1748 = CARTESIAN_POINT('',(9.992007221626E-14,-1.75));
#1749 = DIRECTION('',(1.,0.));
#1750 = ( GEOMETRIC_REPRESENTATION_CONTEXT(2) 
PARAMETRIC_REPRESENTATION_CONTEXT() REPRESENTATION_CONTEXT('2D SPACE',''
  ) );
#1751 = PCURVE('',#1752,#1757);
#1752 = CYLINDRICAL_SURFACE('',#1753,4.);
#1753 = AXIS2_PLACEMENT_3D('',#1754,#1755,#1756);
#1754 = CARTESIAN_POINT('',(-10.6,19.3,3.75));
#1755 = DIRECTION('',(-1.,0.,0.));
#1756 = DIRECTION('',(0.,0.,1.));
#1757 = DEFINITIONAL_REPRESENTATION('',(#1758),#1762);
#1758 = LINE('',#1759,#1760);
#1759 = CARTESIAN_POINT('',(3.14159265359,2.5));
#1760 = VECTOR('',#1761,1.);
#1761 = DIRECTION('',(-1.,0.));
#1762 = ( GEOMETRIC_REPRESENTATION_CONTEXT(2) 
PARAMETRIC_REPRESENTATION_CONTEXT() REPRESENTATION_CONTEXT('2D SPACE',''
  ) );
#1763 = ORIENTED_EDGE('',*,*,#1764,.T.);
#1764 = EDGE_CURVE('',#1736,#1765,#1767,.T.);
#1765 = VERTEX_POINT('',#1766);
#1766 = CARTESIAN_POINT('',(-13.1,15.870864016705,-0.25));
#1767 = SURFACE_CURVE('',#1768,(#1772,#1779),.PCURVE_S1.);
#1768 = LINE('',#1769,#1770);
#1769 = CARTESIAN_POINT('',(-13.1,21.05,-0.25));
#1770 = VECTOR('',#1771,1.);
#1771 = DIRECTION('',(0.,-1.,0.));
#1772 = PCURVE('',#1324,#1773);
#1773 = DEFINITIONAL_REPRESENTATION('',(#1774),#1778);
#1774 = LINE('',#1775,#1776);
#1775 = CARTESIAN_POINT('',(4.,0.));
#1776 = VECTOR('',#1777,1.);
#1777 = DIRECTION('',(0.,-1.));
#1778 = ( GEOMETRIC_REPRESENTATION_CONTEXT(2) 
PARAMETRIC_REPRESENTATION_CONTEXT() REPRESENTATION_CONTEXT('2D SPACE',''
  ) );
#1779 = PCURVE('',#1780,#1785);
#1780 = PLANE('',#1781);
#1781 = AXIS2_PLACEMENT_3D('',#1782,#1783,#1784);
#1782 = CARTESIAN_POINT('',(-12.85,21.05,-0.25));
#1783 = DIRECTION('',(0.,0.,1.));
#1784 = DIRECTION('',(1.,0.,-0.));
#1785 = DEFINITIONAL_REPRESENTATION('',(#1786),#1790);
#1786 = LINE('',#1787,#1788);
#1787 = CARTESIAN_POINT('',(-0.25,0.));
#1788 = VECTOR('',#1789,1.);
#1789 = DIRECTION('',(0.,-1.));
#1790 = ( GEOMETRIC_REPRESENTATION_CONTEXT(2) 
PARAMETRIC_REPRESENTATION_CONTEXT() REPRESENTATION_CONTEXT('2D SPACE',''
  ) );
#1791 = ORIENTED_EDGE('',*,*,#1792,.F.);
#1792 = EDGE_CURVE('',#1793,#1765,#1795,.T.);
#1793 = VERTEX_POINT('',#1794);
#1794 = CARTESIAN_POINT('',(-13.1,15.870864016705,0.15));
#1795 = SURFACE_CURVE('',#1796,(#1800,#1807),.PCURVE_S1.);
#1796 = LINE('',#1797,#1798);
#1797 = CARTESIAN_POINT('',(-13.1,15.870864016705,4.15));
#1798 = VECTOR('',#1799,1.);
#1799 = DIRECTION('',(0.,0.,-1.));
#1800 = PCURVE('',#1324,#1801);
#1801 = DEFINITIONAL_REPRESENTATION('',(#1802),#1806);
#1802 = LINE('',#1803,#1804);
#1803 = CARTESIAN_POINT('',(-0.4,-5.179135983295));
#1804 = VECTOR('',#1805,1.);
#1805 = DIRECTION('',(1.,0.));
#1806 = ( GEOMETRIC_REPRESENTATION_CONTEXT(2) 
PARAMETRIC_REPRESENTATION_CONTEXT() REPRESENTATION_CONTEXT('2D SPACE',''
  ) );
#1807 = PCURVE('',#1808,#1813);
#1808 = CYLINDRICAL_SURFACE('',#1809,0.4);
#1809 = AXIS2_PLACEMENT_3D('',#1810,#1811,#1812);
#1810 = CARTESIAN_POINT('',(-12.7,15.870864016705,4.15));
#1811 = DIRECTION('',(0.,0.,-1.));
#1812 = DIRECTION('',(-1.,0.,0.));
#1813 = DEFINITIONAL_REPRESENTATION('',(#1814),#1818);
#1814 = LINE('',#1815,#1816);
#1815 = CARTESIAN_POINT('',(6.28318530718,0.));
#1816 = VECTOR('',#1817,1.);
#1817 = DIRECTION('',(0.,1.));
#1818 = ( GEOMETRIC_REPRESENTATION_CONTEXT(2) 
PARAMETRIC_REPRESENTATION_CONTEXT() REPRESENTATION_CONTEXT('2D SPACE',''
  ) );
#1819 = ORIENTED_EDGE('',*,*,#1820,.T.);
#1820 = EDGE_CURVE('',#1793,#1821,#1823,.T.);
#1821 = VERTEX_POINT('',#1822);
#1822 = CARTESIAN_POINT('',(-13.1,11.300924497384,0.15));
#1823 = SURFACE_CURVE('',#1824,(#1828,#1835),.PCURVE_S1.);
#1824 = LINE('',#1825,#1826);
#1825 = CARTESIAN_POINT('',(-13.1,21.05,0.15));
#1826 = VECTOR('',#1827,1.);
#1827 = DIRECTION('',(0.,-1.,0.));
#1828 = PCURVE('',#1324,#1829);
#1829 = DEFINITIONAL_REPRESENTATION('',(#1830),#1834);
#1830 = LINE('',#1831,#1832);
#1831 = CARTESIAN_POINT('',(3.6,0.));
#1832 = VECTOR('',#1833,1.);
#1833 = DIRECTION('',(0.,-1.));
#1834 = ( GEOMETRIC_REPRESENTATION_CONTEXT(2) 
PARAMETRIC_REPRESENTATION_CONTEXT() REPRESENTATION_CONTEXT('2D SPACE',''
  ) );
#1835 = PCURVE('',#1836,#1841);
#1836 = PLANE('',#1837);
#1837 = AXIS2_PLACEMENT_3D('',#1838,#1839,#1840);
#1838 = CARTESIAN_POINT('',(-12.85,21.05,0.15));
#1839 = DIRECTION('',(0.,0.,1.));
#1840 = DIRECTION('',(1.,0.,-0.));
#1841 = DEFINITIONAL_REPRESENTATION('',(#1842),#1846);
#1842 = LINE('',#1843,#1844);
#1843 = CARTESIAN_POINT('',(-0.25,0.));
#1844 = VECTOR('',#1845,1.);
#1845 = DIRECTION('',(0.,-1.));
#1846 = ( GEOMETRIC_REPRESENTATION_CONTEXT(2) 
PARAMETRIC_REPRESENTATION_CONTEXT() REPRESENTATION_CONTEXT('2D SPACE',''
  ) );
#1847 = ORIENTED_EDGE('',*,*,#1848,.F.);
#1848 = EDGE_CURVE('',#1849,#1821,#1851,.T.);
#1849 = VERTEX_POINT('',#1850);
#1850 = CARTESIAN_POINT('',(-13.1,11.300924497384,3.75));
#1851 = SURFACE_CURVE('',#1852,(#1856,#1863),.PCURVE_S1.);
#1852 = LINE('',#1853,#1854);
#1853 = CARTESIAN_POINT('',(-13.1,11.300924497384,3.75));
#1854 = VECTOR('',#1855,1.);
#1855 = DIRECTION('',(0.,0.,-1.));
#1856 = PCURVE('',#1324,#1857);
#1857 = DEFINITIONAL_REPRESENTATION('',(#1858),#1862);
#1858 = LINE('',#1859,#1860);
#1859 = CARTESIAN_POINT('',(0.,-9.749075502616));
#1860 = VECTOR('',#1861,1.);
#1861 = DIRECTION('',(1.,0.));
#1862 = ( GEOMETRIC_REPRESENTATION_CONTEXT(2) 
PARAMETRIC_REPRESENTATION_CONTEXT() REPRESENTATION_CONTEXT('2D SPACE',''
  ) );
#1863 = PCURVE('',#1864,#1869);
#1864 = CYLINDRICAL_SURFACE('',#1865,6.);
#1865 = AXIS2_PLACEMENT_3D('',#1866,#1867,#1868);
#1866 = CARTESIAN_POINT('',(-7.1,11.300924497384,3.75));
#1867 = DIRECTION('',(0.,0.,-1.));
#1868 = DIRECTION('',(-1.,0.,0.));
#1869 = DEFINITIONAL_REPRESENTATION('',(#1870),#1874);
#1870 = LINE('',#1871,#1872);
#1871 = CARTESIAN_POINT('',(6.28318530718,0.));
#1872 = VECTOR('',#1873,1.);
#1873 = DIRECTION('',(0.,1.));
#1874 = ( GEOMETRIC_REPRESENTATION_CONTEXT(2) 
PARAMETRIC_REPRESENTATION_CONTEXT() REPRESENTATION_CONTEXT('2D SPACE',''
  ) );
#1875 = ORIENTED_EDGE('',*,*,#1876,.F.);
#1876 = EDGE_CURVE('',#1877,#1849,#1879,.T.);
#1877 = VERTEX_POINT('',#1878);
#1878 = CARTESIAN_POINT('',(-13.1,15.870864016705,3.75));
#1879 = SURFACE_CURVE('',#1880,(#1884,#1891),.PCURVE_S1.);
#1880 = LINE('',#1881,#1882);
#1881 = CARTESIAN_POINT('',(-13.1,21.05,3.75));
#1882 = VECTOR('',#1883,1.);
#1883 = DIRECTION('',(0.,-1.,0.));
#1884 = PCURVE('',#1324,#1885);
#1885 = DEFINITIONAL_REPRESENTATION('',(#1886),#1890);
#1886 = LINE('',#1887,#1888);
#1887 = CARTESIAN_POINT('',(0.,0.));
#1888 = VECTOR('',#1889,1.);
#1889 = DIRECTION('',(0.,-1.));
#1890 = ( GEOMETRIC_REPRESENTATION_CONTEXT(2) 
PARAMETRIC_REPRESENTATION_CONTEXT() REPRESENTATION_CONTEXT('2D SPACE',''
  ) );
#1891 = PCURVE('',#1892,#1897);
#1892 = PLANE('',#1893);
#1893 = AXIS2_PLACEMENT_3D('',#1894,#1895,#1896);
#1894 = CARTESIAN_POINT('',(-12.85,21.05,3.75));
#1895 = DIRECTION('',(0.,0.,1.));
#1896 = DIRECTION('',(1.,0.,-0.));
#1897 = DEFINITIONAL_REPRESENTATION('',(#1898),#1902);
#1898 = LINE('',#1899,#1900);
#1899 = CARTESIAN_POINT('',(-0.25,0.));
#1900 = VECTOR('',#1901,1.);
#1901 = DIRECTION('',(0.,-1.));
#1902 = ( GEOMETRIC_REPRESENTATION_CONTEXT(2) 
PARAMETRIC_REPRESENTATION_CONTEXT() REPRESENTATION_CONTEXT('2D SPACE',''
  ) );
#1903 = ORIENTED_EDGE('',*,*,#1904,.F.);
#1904 = EDGE_CURVE('',#1632,#1877,#1905,.T.);
#1905 = SURFACE_CURVE('',#1906,(#1910,#1917),.PCURVE_S1.);
#1906 = LINE('',#1907,#1908);
#1907 = CARTESIAN_POINT('',(-13.1,15.870864016705,4.15));
#1908 = VECTOR('',#1909,1.);
#1909 = DIRECTION('',(0.,0.,-1.));
#1910 = PCURVE('',#1324,#1911);
#1911 = DEFINITIONAL_REPRESENTATION('',(#1912),#1916);
#1912 = LINE('',#1913,#1914);
#1913 = CARTESIAN_POINT('',(-0.4,-5.179135983295));
#1914 = VECTOR('',#1915,1.);
#1915 = DIRECTION('',(1.,0.));
#1916 = ( GEOMETRIC_REPRESENTATION_CONTEXT(2) 
PARAMETRIC_REPRESENTATION_CONTEXT() REPRESENTATION_CONTEXT('2D SPACE',''
  ) );
#1917 = PCURVE('',#1918,#1923);
#1918 = CYLINDRICAL_SURFACE('',#1919,0.4);
#1919 = AXIS2_PLACEMENT_3D('',#1920,#1921,#1922);
#1920 = CARTESIAN_POINT('',(-12.7,15.870864016705,4.15));
#1921 = DIRECTION('',(0.,0.,-1.));
#1922 = DIRECTION('',(-1.,0.,0.));
#1923 = DEFINITIONAL_REPRESENTATION('',(#1924),#1928);
#1924 = LINE('',#1925,#1926);
#1925 = CARTESIAN_POINT('',(6.28318530718,0.));
#1926 = VECTOR('',#1927,1.);
#1927 = DIRECTION('',(0.,1.));
#1928 = ( GEOMETRIC_REPRESENTATION_CONTEXT(2) 
PARAMETRIC_REPRESENTATION_CONTEXT() REPRESENTATION_CONTEXT('2D SPACE',''
  ) );
#1929 = ADVANCED_FACE('',(#1930),#1945,.F.);
#1930 = FACE_BOUND('',#1931,.T.);
#1931 = EDGE_LOOP('',(#1932,#1985,#2031,#2054,#2082,#2105,#2151,#2197,
    #2243,#2271));
#1932 = ORIENTED_EDGE('',*,*,#1933,.F.);
#1933 = EDGE_CURVE('',#1934,#1936,#1938,.T.);
#1934 = VERTEX_POINT('',#1935);
#1935 = CARTESIAN_POINT('',(-12.00896386567,20.436623122129,
    3.985112498773));
#1936 = VERTEX_POINT('',#1937);
#1937 = CARTESIAN_POINT('',(-12.57867980648,21.115584141352,
    3.295417919296));
#1938 = SURFACE_CURVE('',#1939,(#1944,#1956),.PCURVE_S1.);
#1939 = ELLIPSE('',#1940,1.305407289332,1.);
#1940 = AXIS2_PLACEMENT_3D('',#1941,#1942,#1943);
#1941 = CARTESIAN_POINT('',(-11.77052881906,20.152467298736,
    3.026334386782));
#1942 = DIRECTION('',(-0.766044443119,-0.642787609687,0.));
#1943 = DIRECTION('',(-0.642787609687,0.766044443119,0.));
#1944 = PCURVE('',#1945,#1950);
#1945 = PLANE('',#1946);
#1946 = AXIS2_PLACEMENT_3D('',#1947,#1948,#1949);
#1947 = CARTESIAN_POINT('',(-10.39358222275,18.511486245768,3.75));
#1948 = DIRECTION('',(-0.766044443119,-0.642787609687,0.));
#1949 = DIRECTION('',(0.642787609687,-0.766044443119,0.));
#1950 = DEFINITIONAL_REPRESENTATION('',(#1951),#1955);
#1951 = ELLIPSE('',#1952,1.305407289332,1.);
#1952 = AXIS2_PLACEMENT_2D('',#1953,#1954);
#1953 = CARTESIAN_POINT('',(-2.142148628201,-0.723665613218));
#1954 = DIRECTION('',(-1.,0.));
#1955 = ( GEOMETRIC_REPRESENTATION_CONTEXT(2) 
PARAMETRIC_REPRESENTATION_CONTEXT() REPRESENTATION_CONTEXT('2D SPACE',''
  ) );
#1956 = PCURVE('',#1375,#1957);
#1957 = DEFINITIONAL_REPRESENTATION('',(#1958),#1984);
#1958 = B_SPLINE_CURVE_WITH_KNOTS('',3,(#1959,#1960,#1961,#1962,#1963,
    #1964,#1965,#1966,#1967,#1968,#1969,#1970,#1971,#1972,#1973,#1974,
    #1975,#1976,#1977,#1978,#1979,#1980,#1981,#1982,#1983),
  .UNSPECIFIED.,.F.,.F.,(4,1,1,1,1,1,1,1,1,1,1,1,1,1,1,1,1,1,1,1,1,1,4),
  (5.00051482224,5.046434328799,5.092353835359,5.138273341919,
    5.184192848479,5.230112355039,5.276031861599,5.321951368159,
    5.367870874719,5.413790381278,5.459709887838,5.505629394398,
    5.551548900958,5.597468407518,5.643387914078,5.689307420638,
    5.735226927198,5.781146433757,5.827065940317,5.872985446877,
    5.918904953437,5.964824459997,6.010743966557),
  .QUASI_UNIFORM_KNOTS.);
#1959 = CARTESIAN_POINT('',(0.288125841855,1.408963865673));
#1960 = CARTESIAN_POINT('',(0.303432344042,1.421278209862));
#1961 = CARTESIAN_POINT('',(0.334045348415,1.445738917251));
#1962 = CARTESIAN_POINT('',(0.379964854975,1.481850064006));
#1963 = CARTESIAN_POINT('',(0.425884361535,1.517304795543));
#1964 = CARTESIAN_POINT('',(0.471803868094,1.552028464323));
#1965 = CARTESIAN_POINT('',(0.517723374654,1.585947838263));
#1966 = CARTESIAN_POINT('',(0.563642881214,1.618991414623));
#1967 = CARTESIAN_POINT('',(0.609562387774,1.651089528016));
#1968 = CARTESIAN_POINT('',(0.655481894334,1.68217450873));
#1969 = CARTESIAN_POINT('',(0.701401400894,1.712180822319));
#1970 = CARTESIAN_POINT('',(0.747320907454,1.741045208592));
#1971 = CARTESIAN_POINT('',(0.793240414013,1.768706814757));
#1972 = CARTESIAN_POINT('',(0.839159920573,1.795107323774));
#1973 = CARTESIAN_POINT('',(0.885079427133,1.820191077274));
#1974 = CARTESIAN_POINT('',(0.930998933693,1.843905192949));
#1975 = CARTESIAN_POINT('',(0.976918440253,1.866199675871));
#1976 = CARTESIAN_POINT('',(1.022837946813,1.887027524514));
#1977 = CARTESIAN_POINT('',(1.068757453373,1.906344827535));
#1978 = CARTESIAN_POINT('',(1.114676959933,1.924110864959));
#1979 = CARTESIAN_POINT('',(1.160596466492,1.940288161904));
#1980 = CARTESIAN_POINT('',(1.206515973052,1.954842687455));
#1981 = CARTESIAN_POINT('',(1.252435479612,1.967743479067));
#1982 = CARTESIAN_POINT('',(1.283048483985,1.975224077911));
#1983 = CARTESIAN_POINT('',(1.298354986172,1.978679806486));
#1984 = ( GEOMETRIC_REPRESENTATION_CONTEXT(2) 
PARAMETRIC_REPRESENTATION_CONTEXT() REPRESENTATION_CONTEXT('2D SPACE',''
  ) );
#1985 = ORIENTED_EDGE('',*,*,#1986,.F.);
#1986 = EDGE_CURVE('',#1987,#1934,#1989,.T.);
#1987 = VERTEX_POINT('',#1988);
#1988 = CARTESIAN_POINT('',(-11.0552238231,19.3,4.15));
#1989 = SURFACE_CURVE('',#1990,(#1995,#2002),.PCURVE_S1.);
#1990 = ELLIPSE('',#1991,5.221629157329,4.);
#1991 = AXIS2_PLACEMENT_3D('',#1992,#1993,#1994);
#1992 = CARTESIAN_POINT('',(-11.0552238231,19.3,0.15));
#1993 = DIRECTION('',(-0.766044443119,-0.642787609687,0.));
#1994 = DIRECTION('',(-0.642787609687,0.766044443119,0.));
#1995 = PCURVE('',#1945,#1996);
#1996 = DEFINITIONAL_REPRESENTATION('',(#1997),#2001);
#1997 = ELLIPSE('',#1998,5.221629157329,4.);
#1998 = AXIS2_PLACEMENT_2D('',#1999,#2000);
#1999 = CARTESIAN_POINT('',(-1.029331602513,-3.6));
#2000 = DIRECTION('',(-1.,0.));
#2001 = ( GEOMETRIC_REPRESENTATION_CONTEXT(2) 
PARAMETRIC_REPRESENTATION_CONTEXT() REPRESENTATION_CONTEXT('2D SPACE',''
  ) );
#2002 = PCURVE('',#1676,#2003);
#2003 = DEFINITIONAL_REPRESENTATION('',(#2004),#2030);
#2004 = B_SPLINE_CURVE_WITH_KNOTS('',3,(#2005,#2006,#2007,#2008,#2009,
    #2010,#2011,#2012,#2013,#2014,#2015,#2016,#2017,#2018,#2019,#2020,
    #2021,#2022,#2023,#2024,#2025,#2026,#2027,#2028,#2029),
  .UNSPECIFIED.,.F.,.F.,(4,1,1,1,1,1,1,1,1,1,1,1,1,1,1,1,1,1,1,1,1,1,4),
  (4.712388980385,4.725485607528,4.738582234671,4.751678861814,
    4.764775488958,4.777872116101,4.790968743244,4.804065370387,
    4.817161997531,4.830258624674,4.843355251817,4.85645187896,
    4.869548506104,4.882645133247,4.89574176039,4.908838387533,
    4.921935014677,4.93503164182,4.948128268963,4.961224896106,
    4.97432152325,4.987418150393,5.000514777536),.QUASI_UNIFORM_KNOTS.);
#2005 = CARTESIAN_POINT('',(0.,0.455223823107));
#2006 = CARTESIAN_POINT('',(4.365542381083E-03,0.469876323243));
#2007 = CARTESIAN_POINT('',(1.309662714325E-02,0.499181323061));
#2008 = CARTESIAN_POINT('',(2.61932542865E-02,0.543131283598));
#2009 = CARTESIAN_POINT('',(3.928988142974E-02,0.587066166221));
#2010 = CARTESIAN_POINT('',(5.238650857299E-02,0.630978435379));
#2011 = CARTESIAN_POINT('',(6.548313571624E-02,0.67486055924));
#2012 = CARTESIAN_POINT('',(7.857976285949E-02,0.718705011188));
#2013 = CARTESIAN_POINT('',(9.167639000274E-02,0.762504271055));
#2014 = CARTESIAN_POINT('',(0.104773017146,0.806250826429));
#2015 = CARTESIAN_POINT('',(0.117869644289,0.849937173935));
#2016 = CARTESIAN_POINT('',(0.130966271432,0.893555820526));
#2017 = CARTESIAN_POINT('',(0.144062898576,0.937099284768));
#2018 = CARTESIAN_POINT('',(0.157159525719,0.980560098121));
#2019 = CARTESIAN_POINT('',(0.170256152862,1.02393080622));
#2020 = CARTESIAN_POINT('',(0.183352780005,1.067203970158));
#2021 = CARTESIAN_POINT('',(0.196449407149,1.110372167756));
#2022 = CARTESIAN_POINT('',(0.209546034292,1.153427994843));
#2023 = CARTESIAN_POINT('',(0.222642661435,1.196364066506));
#2024 = CARTESIAN_POINT('',(0.235739288578,1.239173018426));
#2025 = CARTESIAN_POINT('',(0.248835915722,1.281847507895));
#2026 = CARTESIAN_POINT('',(0.261932542865,1.324380215982));
#2027 = CARTESIAN_POINT('',(0.275029170008,1.366763845417));
#2028 = CARTESIAN_POINT('',(0.28376025477,1.394915371407));
#2029 = CARTESIAN_POINT('',(0.288125797151,1.408963865673));
#2030 = ( GEOMETRIC_REPRESENTATION_CONTEXT(2) 
PARAMETRIC_REPRESENTATION_CONTEXT() REPRESENTATION_CONTEXT('2D SPACE',''
  ) );
#2031 = ORIENTED_EDGE('',*,*,#2032,.F.);
#2032 = EDGE_CURVE('',#2033,#1987,#2035,.T.);
#2033 = VERTEX_POINT('',#2034);
#2034 = CARTESIAN_POINT('',(-10.39358222275,18.511486245768,4.15));
#2035 = SURFACE_CURVE('',#2036,(#2040,#2047),.PCURVE_S1.);
#2036 = LINE('',#2037,#2038);
#2037 = CARTESIAN_POINT('',(-10.39358222275,18.511486245768,4.15));
#2038 = VECTOR('',#2039,1.);
#2039 = DIRECTION('',(-0.642787609687,0.766044443119,0.));
#2040 = PCURVE('',#1945,#2041);
#2041 = DEFINITIONAL_REPRESENTATION('',(#2042),#2046);
#2042 = LINE('',#2043,#2044);
#2043 = CARTESIAN_POINT('',(0.,0.4));
#2044 = VECTOR('',#2045,1.);
#2045 = DIRECTION('',(-1.,0.));
#2046 = ( GEOMETRIC_REPRESENTATION_CONTEXT(2) 
PARAMETRIC_REPRESENTATION_CONTEXT() REPRESENTATION_CONTEXT('2D SPACE',''
  ) );
#2047 = PCURVE('',#1647,#2048);
#2048 = DEFINITIONAL_REPRESENTATION('',(#2049),#2053);
#2049 = LINE('',#2050,#2051);
#2050 = CARTESIAN_POINT('',(2.456417777248,-2.538513754232));
#2051 = VECTOR('',#2052,1.);
#2052 = DIRECTION('',(-0.642787609687,0.766044443119));
#2053 = ( GEOMETRIC_REPRESENTATION_CONTEXT(2) 
PARAMETRIC_REPRESENTATION_CONTEXT() REPRESENTATION_CONTEXT('2D SPACE',''
  ) );
#2054 = ORIENTED_EDGE('',*,*,#2055,.T.);
#2055 = EDGE_CURVE('',#2033,#2056,#2058,.T.);
#2056 = VERTEX_POINT('',#2057);
#2057 = CARTESIAN_POINT('',(-10.39358222275,18.511486245768,-0.25));
#2058 = SURFACE_CURVE('',#2059,(#2063,#2070),.PCURVE_S1.);
#2059 = LINE('',#2060,#2061);
#2060 = CARTESIAN_POINT('',(-10.39358222275,18.511486245768,3.75));
#2061 = VECTOR('',#2062,1.);
#2062 = DIRECTION('',(0.,0.,-1.));
#2063 = PCURVE('',#1945,#2064);
#2064 = DEFINITIONAL_REPRESENTATION('',(#2065),#2069);
#2065 = LINE('',#2066,#2067);
#2066 = CARTESIAN_POINT('',(0.,0.));
#2067 = VECTOR('',#2068,1.);
#2068 = DIRECTION('',(0.,-1.));
#2069 = ( GEOMETRIC_REPRESENTATION_CONTEXT(2) 
PARAMETRIC_REPRESENTATION_CONTEXT() REPRESENTATION_CONTEXT('2D SPACE',''
  ) );
#2070 = PCURVE('',#2071,#2076);
#2071 = CYLINDRICAL_SURFACE('',#2072,0.4);
#2072 = AXIS2_PLACEMENT_3D('',#2073,#2074,#2075);
#2073 = CARTESIAN_POINT('',(-10.7,18.254371201893,3.75));
#2074 = DIRECTION('',(0.,0.,-1.));
#2075 = DIRECTION('',(-1.,0.,0.));
#2076 = DEFINITIONAL_REPRESENTATION('',(#2077),#2081);
#2077 = LINE('',#2078,#2079);
#2078 = CARTESIAN_POINT('',(2.443460952792,0.));
#2079 = VECTOR('',#2080,1.);
#2080 = DIRECTION('',(0.,1.));
#2081 = ( GEOMETRIC_REPRESENTATION_CONTEXT(2) 
PARAMETRIC_REPRESENTATION_CONTEXT() REPRESENTATION_CONTEXT('2D SPACE',''
  ) );
#2082 = ORIENTED_EDGE('',*,*,#2083,.T.);
#2083 = EDGE_CURVE('',#2056,#2084,#2086,.T.);
#2084 = VERTEX_POINT('',#2085);
#2085 = CARTESIAN_POINT('',(-11.0552238231,19.3,-0.25));
#2086 = SURFACE_CURVE('',#2087,(#2091,#2098),.PCURVE_S1.);
#2087 = LINE('',#2088,#2089);
#2088 = CARTESIAN_POINT('',(-10.39358222275,18.511486245768,-0.25));
#2089 = VECTOR('',#2090,1.);
#2090 = DIRECTION('',(-0.642787609687,0.766044443119,0.));
#2091 = PCURVE('',#1945,#2092);
#2092 = DEFINITIONAL_REPRESENTATION('',(#2093),#2097);
#2093 = LINE('',#2094,#2095);
#2094 = CARTESIAN_POINT('',(0.,-4.));
#2095 = VECTOR('',#2096,1.);
#2096 = DIRECTION('',(-1.,0.));
#2097 = ( GEOMETRIC_REPRESENTATION_CONTEXT(2) 
PARAMETRIC_REPRESENTATION_CONTEXT() REPRESENTATION_CONTEXT('2D SPACE',''
  ) );
#2098 = PCURVE('',#1780,#2099);
#2099 = DEFINITIONAL_REPRESENTATION('',(#2100),#2104);
#2100 = LINE('',#2101,#2102);
#2101 = CARTESIAN_POINT('',(2.456417777248,-2.538513754232));
#2102 = VECTOR('',#2103,1.);
#2103 = DIRECTION('',(-0.642787609687,0.766044443119));
#2104 = ( GEOMETRIC_REPRESENTATION_CONTEXT(2) 
PARAMETRIC_REPRESENTATION_CONTEXT() REPRESENTATION_CONTEXT('2D SPACE',''
  ) );
#2105 = ORIENTED_EDGE('',*,*,#2106,.F.);
#2106 = EDGE_CURVE('',#2107,#2084,#2109,.T.);
#2107 = VERTEX_POINT('',#2108);
#2108 = CARTESIAN_POINT('',(-12.00896386714,20.436623123888,
    -8.511249825134E-02));
#2109 = SURFACE_CURVE('',#2110,(#2115,#2122),.PCURVE_S1.);
#2110 = ELLIPSE('',#2111,5.221629157329,4.);
#2111 = AXIS2_PLACEMENT_3D('',#2112,#2113,#2114);
#2112 = CARTESIAN_POINT('',(-11.0552238231,19.3,3.75));
#2113 = DIRECTION('',(-0.766044443119,-0.642787609687,0.));
#2114 = DIRECTION('',(-0.642787609687,0.766044443119,0.));
#2115 = PCURVE('',#1945,#2116);
#2116 = DEFINITIONAL_REPRESENTATION('',(#2117),#2121);
#2117 = ELLIPSE('',#2118,5.221629157329,4.);
#2118 = AXIS2_PLACEMENT_2D('',#2119,#2120);
#2119 = CARTESIAN_POINT('',(-1.029331602513,-9.992007221626E-14));
#2120 = DIRECTION('',(-1.,0.));
#2121 = ( GEOMETRIC_REPRESENTATION_CONTEXT(2) 
PARAMETRIC_REPRESENTATION_CONTEXT() REPRESENTATION_CONTEXT('2D SPACE',''
  ) );
#2122 = PCURVE('',#1752,#2123);
#2123 = DEFINITIONAL_REPRESENTATION('',(#2124),#2150);
#2124 = B_SPLINE_CURVE_WITH_KNOTS('',3,(#2125,#2126,#2127,#2128,#2129,
    #2130,#2131,#2132,#2133,#2134,#2135,#2136,#2137,#2138,#2139,#2140,
    #2141,#2142,#2143,#2144,#2145,#2146,#2147,#2148,#2149),
  .UNSPECIFIED.,.F.,.F.,(4,1,1,1,1,1,1,1,1,1,1,1,1,1,1,1,1,1,1,1,1,1,4),
  (1.282670529185,1.295767156349,1.308863783513,1.321960410677,
    1.335057037841,1.348153665005,1.361250292169,1.374346919333,
    1.387443546498,1.400540173662,1.413636800826,1.42673342799,
    1.439830055154,1.452926682318,1.466023309482,1.479119936646,
    1.49221656381,1.505313190974,1.518409818139,1.531506445303,
    1.544603072467,1.557699699631,1.570796326795),
  .QUASI_UNIFORM_KNOTS.);
#2125 = CARTESIAN_POINT('',(2.85346685598,1.408963867149));
#2126 = CARTESIAN_POINT('',(2.857832398368,1.394915372863));
#2127 = CARTESIAN_POINT('',(2.866563483144,1.366763846831));
#2128 = CARTESIAN_POINT('',(2.879660110308,1.324380217333));
#2129 = CARTESIAN_POINT('',(2.892756737472,1.281847509184));
#2130 = CARTESIAN_POINT('',(2.905853364636,1.23917301965));
#2131 = CARTESIAN_POINT('',(2.9189499918,1.196364067666));
#2132 = CARTESIAN_POINT('',(2.932046618964,1.153427995938));
#2133 = CARTESIAN_POINT('',(2.945143246128,1.110372168786));
#2134 = CARTESIAN_POINT('',(2.958239873292,1.067203971122));
#2135 = CARTESIAN_POINT('',(2.971336500457,1.023930807117));
#2136 = CARTESIAN_POINT('',(2.984433127621,0.98056009895));
#2137 = CARTESIAN_POINT('',(2.997529754785,0.93709928553));
#2138 = CARTESIAN_POINT('',(3.010626381949,0.89355582122));
#2139 = CARTESIAN_POINT('',(3.023723009113,0.84993717456));
#2140 = CARTESIAN_POINT('',(3.036819636277,0.806250826986));
#2141 = CARTESIAN_POINT('',(3.049916263441,0.762504271543));
#2142 = CARTESIAN_POINT('',(3.063012890605,0.718705011607));
#2143 = CARTESIAN_POINT('',(3.076109517769,0.674860559589));
#2144 = CARTESIAN_POINT('',(3.089206144933,0.630978435658));
#2145 = CARTESIAN_POINT('',(3.102302772098,0.587066166431));
#2146 = CARTESIAN_POINT('',(3.115399399262,0.543131283738));
#2147 = CARTESIAN_POINT('',(3.128496026426,0.499181323131));
#2148 = CARTESIAN_POINT('',(3.137227111202,0.469876323267));
#2149 = CARTESIAN_POINT('',(3.14159265359,0.455223823107));
#2150 = ( GEOMETRIC_REPRESENTATION_CONTEXT(2) 
PARAMETRIC_REPRESENTATION_CONTEXT() REPRESENTATION_CONTEXT('2D SPACE',''
  ) );
#2151 = ORIENTED_EDGE('',*,*,#2152,.F.);
#2152 = EDGE_CURVE('',#2153,#2107,#2155,.T.);
#2153 = VERTEX_POINT('',#2154);
#2154 = CARTESIAN_POINT('',(-12.57867979144,21.11558412342,
    0.604582016522));
#2155 = SURFACE_CURVE('',#2156,(#2161,#2168),.PCURVE_S1.);
#2156 = ELLIPSE('',#2157,1.305407289332,1.);
#2157 = AXIS2_PLACEMENT_3D('',#2158,#2159,#2160);
#2158 = CARTESIAN_POINT('',(-11.77052881906,20.152467298736,
    0.873665613218));
#2159 = DIRECTION('',(-0.766044443119,-0.642787609687,0.));
#2160 = DIRECTION('',(-0.642787609687,0.766044443119,0.));
#2161 = PCURVE('',#1945,#2162);
#2162 = DEFINITIONAL_REPRESENTATION('',(#2163),#2167);
#2163 = ELLIPSE('',#2164,1.305407289332,1.);
#2164 = AXIS2_PLACEMENT_2D('',#2165,#2166);
#2165 = CARTESIAN_POINT('',(-2.142148628201,-2.876334386782));
#2166 = DIRECTION('',(-1.,0.));
#2167 = ( GEOMETRIC_REPRESENTATION_CONTEXT(2) 
PARAMETRIC_REPRESENTATION_CONTEXT() REPRESENTATION_CONTEXT('2D SPACE',''
  ) );
#2168 = PCURVE('',#1592,#2169);
#2169 = DEFINITIONAL_REPRESENTATION('',(#2170),#2196);
#2170 = B_SPLINE_CURVE_WITH_KNOTS('',3,(#2171,#2172,#2173,#2174,#2175,
    #2176,#2177,#2178,#2179,#2180,#2181,#2182,#2183,#2184,#2185,#2186,
    #2187,#2188,#2189,#2190,#2191,#2192,#2193,#2194,#2195),
  .UNSPECIFIED.,.F.,.F.,(4,1,1,1,1,1,1,1,1,1,1,1,1,1,1,1,1,1,1,1,1,1,4),
  (0.272441407263,0.31836091071,0.364280414158,0.410199917605,
    0.456119421052,0.5020389245,0.547958427947,0.593877931395,
    0.639797434842,0.685716938289,0.731636441737,0.777555945184,
    0.823475448632,0.869394952079,0.915314455526,0.961233958974,
    1.007153462421,1.053072965868,1.098992469316,1.144911972763,
    1.190831476211,1.236750979658,1.282670483105),
  .QUASI_UNIFORM_KNOTS.);
#2171 = CARTESIAN_POINT('',(1.843237734058,1.97867979144));
#2172 = CARTESIAN_POINT('',(1.858544235207,1.975224062274));
#2173 = CARTESIAN_POINT('',(1.889157237505,1.967743462338));
#2174 = CARTESIAN_POINT('',(1.935076740952,1.95484266935));
#2175 = CARTESIAN_POINT('',(1.9809962444,1.940288142686));
#2176 = CARTESIAN_POINT('',(2.026915747847,1.924110844887));
#2177 = CARTESIAN_POINT('',(2.072835251295,1.906344806868));
#2178 = CARTESIAN_POINT('',(2.118754754742,1.887027503505));
#2179 = CARTESIAN_POINT('',(2.164674258189,1.86619965477));
#2180 = CARTESIAN_POINT('',(2.210593761637,1.843905171999));
#2181 = CARTESIAN_POINT('',(2.256513265084,1.820191056712));
#2182 = CARTESIAN_POINT('',(2.302432768532,1.795107303828));
#2183 = CARTESIAN_POINT('',(2.348352271979,1.768706795647));
#2184 = CARTESIAN_POINT('',(2.394271775426,1.74104519053));
#2185 = CARTESIAN_POINT('',(2.440191278874,1.712180805506));
#2186 = CARTESIAN_POINT('',(2.486110782321,1.682174493357));
#2187 = CARTESIAN_POINT('',(2.532030285769,1.651089514261));
#2188 = CARTESIAN_POINT('',(2.577949789216,1.618991402652));
#2189 = CARTESIAN_POINT('',(2.623869292663,1.58594782823));
#2190 = CARTESIAN_POINT('',(2.669788796111,1.552028456368));
#2191 = CARTESIAN_POINT('',(2.715708299558,1.517304789791));
#2192 = CARTESIAN_POINT('',(2.761627803006,1.481850060569));
#2193 = CARTESIAN_POINT('',(2.807547306453,1.445738916224));
#2194 = CARTESIAN_POINT('',(2.838160308751,1.421278210496));
#2195 = CARTESIAN_POINT('',(2.8534668099,1.408963867148));
#2196 = ( GEOMETRIC_REPRESENTATION_CONTEXT(2) 
PARAMETRIC_REPRESENTATION_CONTEXT() REPRESENTATION_CONTEXT('2D SPACE',''
  ) );
#2197 = ORIENTED_EDGE('',*,*,#2198,.F.);
#2198 = EDGE_CURVE('',#2199,#2153,#2201,.T.);
#2199 = VERTEX_POINT('',#2200);
#2200 = CARTESIAN_POINT('',(-12.65848888922,21.210696902422,
    1.009225886545));
#2201 = SURFACE_CURVE('',#2202,(#2207,#2214),.PCURVE_S1.);
#2202 = ELLIPSE('',#2203,6.527036446661,5.);
#2203 = AXIS2_PLACEMENT_3D('',#2204,#2205,#2206);
#2204 = CARTESIAN_POINT('',(-8.537924929575,16.3,1.95));
#2205 = DIRECTION('',(-0.766044443119,-0.642787609687,0.));
#2206 = DIRECTION('',(-0.642787609687,0.766044443119,0.));
#2207 = PCURVE('',#1945,#2208);
#2208 = DEFINITIONAL_REPRESENTATION('',(#2209),#2213);
#2209 = ELLIPSE('',#2210,6.527036446661,5.);
#2210 = AXIS2_PLACEMENT_2D('',#2211,#2212);
#2211 = CARTESIAN_POINT('',(2.886890265484,-1.8));
#2212 = DIRECTION('',(-1.,0.));
#2213 = ( GEOMETRIC_REPRESENTATION_CONTEXT(2) 
PARAMETRIC_REPRESENTATION_CONTEXT() REPRESENTATION_CONTEXT('2D SPACE',''
  ) );
#2214 = PCURVE('',#1521,#2215);
#2215 = DEFINITIONAL_REPRESENTATION('',(#2216),#2242);
#2216 = B_SPLINE_CURVE_WITH_KNOTS('',3,(#2217,#2218,#2219,#2220,#2221,
    #2222,#2223,#2224,#2225,#2226,#2227,#2228,#2229,#2230,#2231,#2232,
    #2233,#2234,#2235,#2236,#2237,#2238,#2239,#2240,#2241),
  .UNSPECIFIED.,.F.,.F.,(4,1,1,1,1,1,1,1,1,1,1,1,1,1,1,1,1,1,1,1,1,1,4),
  (0.189283074568,0.193062998781,0.196842922994,0.200622847208,
    0.204402771421,0.208182695635,0.211962619848,0.215742544062,
    0.219522468275,0.223302392488,0.227082316702,0.230862240915,
    0.234642165129,0.238422089342,0.242202013555,0.245981937769,
    0.249761861982,0.253541786196,0.257321710409,0.261101634623,
    0.264881558836,0.268661483049,0.272441407263),
  .QUASI_UNIFORM_KNOTS.);
#2217 = CARTESIAN_POINT('',(1.760079401363,2.05848888922));
#2218 = CARTESIAN_POINT('',(1.7613393761,2.057494261186));
#2219 = CARTESIAN_POINT('',(1.763859325576,2.055485380216));
#2220 = CARTESIAN_POINT('',(1.767639249789,2.052413228034));
#2221 = CARTESIAN_POINT('',(1.771419174003,2.049282288772));
#2222 = CARTESIAN_POINT('',(1.775199098216,2.046092607232));
#2223 = CARTESIAN_POINT('',(1.77897902243,2.042844228969));
#2224 = CARTESIAN_POINT('',(1.782758946643,2.039537200399));
#2225 = CARTESIAN_POINT('',(1.786538870856,2.036171568772));
#2226 = CARTESIAN_POINT('',(1.79031879507,2.032747382176));
#2227 = CARTESIAN_POINT('',(1.794098719283,2.029264689534));
#2228 = CARTESIAN_POINT('',(1.797878643497,2.025723540607));
#2229 = CARTESIAN_POINT('',(1.80165856771,2.02212398599));
#2230 = CARTESIAN_POINT('',(1.805438491924,2.018466077112));
#2231 = CARTESIAN_POINT('',(1.809218416137,2.014749866238));
#2232 = CARTESIAN_POINT('',(1.81299834035,2.010975406463));
#2233 = CARTESIAN_POINT('',(1.816778264564,2.007142751717));
#2234 = CARTESIAN_POINT('',(1.820558188777,2.00325195676));
#2235 = CARTESIAN_POINT('',(1.824338112991,1.999303077182));
#2236 = CARTESIAN_POINT('',(1.828118037204,1.995296169406));
#2237 = CARTESIAN_POINT('',(1.831897961417,1.991231290676));
#2238 = CARTESIAN_POINT('',(1.835677885631,1.987108499089));
#2239 = CARTESIAN_POINT('',(1.839457809844,1.982927853484));
#2240 = CARTESIAN_POINT('',(1.84197775932,1.980102227054));
#2241 = CARTESIAN_POINT('',(1.843237734058,1.97867979144));
#2242 = ( GEOMETRIC_REPRESENTATION_CONTEXT(2) 
PARAMETRIC_REPRESENTATION_CONTEXT() REPRESENTATION_CONTEXT('2D SPACE',''
  ) );
#2243 = ORIENTED_EDGE('',*,*,#2244,.F.);
#2244 = EDGE_CURVE('',#2245,#2199,#2247,.T.);
#2245 = VERTEX_POINT('',#2246);
#2246 = CARTESIAN_POINT('',(-12.65848888922,21.210696902422,
    2.890774113455));
#2247 = SURFACE_CURVE('',#2248,(#2252,#2259),.PCURVE_S1.);
#2248 = LINE('',#2249,#2250);
#2249 = CARTESIAN_POINT('',(-12.65848888922,21.210696902422,3.75));
#2250 = VECTOR('',#2251,1.);
#2251 = DIRECTION('',(0.,0.,-1.));
#2252 = PCURVE('',#1945,#2253);
#2253 = DEFINITIONAL_REPRESENTATION('',(#2254),#2258);
#2254 = LINE('',#2255,#2256);
#2255 = CARTESIAN_POINT('',(-3.523569266639,0.));
#2256 = VECTOR('',#2257,1.);
#2257 = DIRECTION('',(0.,-1.));
#2258 = ( GEOMETRIC_REPRESENTATION_CONTEXT(2) 
PARAMETRIC_REPRESENTATION_CONTEXT() REPRESENTATION_CONTEXT('2D SPACE',''
  ) );
#2259 = PCURVE('',#2260,#2265);
#2260 = CYLINDRICAL_SURFACE('',#2261,0.25);
#2261 = AXIS2_PLACEMENT_3D('',#2262,#2263,#2264);
#2262 = CARTESIAN_POINT('',(-12.85,21.05,3.75));
#2263 = DIRECTION('',(0.,0.,-1.));
#2264 = DIRECTION('',(-1.,0.,0.));
#2265 = DEFINITIONAL_REPRESENTATION('',(#2266),#2270);
#2266 = LINE('',#2267,#2268);
#2267 = CARTESIAN_POINT('',(2.443460952792,0.));
#2268 = VECTOR('',#2269,1.);
#2269 = DIRECTION('',(0.,1.));
#2270 = ( GEOMETRIC_REPRESENTATION_CONTEXT(2) 
PARAMETRIC_REPRESENTATION_CONTEXT() REPRESENTATION_CONTEXT('2D SPACE',''
  ) );
#2271 = ORIENTED_EDGE('',*,*,#2272,.F.);
#2272 = EDGE_CURVE('',#1936,#2245,#2273,.T.);
#2273 = SURFACE_CURVE('',#2274,(#2279,#2286),.PCURVE_S1.);
#2274 = ELLIPSE('',#2275,6.527036446661,5.);
#2275 = AXIS2_PLACEMENT_3D('',#2276,#2277,#2278);
#2276 = CARTESIAN_POINT('',(-8.537924929575,16.3,1.95));
#2277 = DIRECTION('',(-0.766044443119,-0.642787609687,0.));
#2278 = DIRECTION('',(-0.642787609687,0.766044443119,0.));
#2279 = PCURVE('',#1945,#2280);
#2280 = DEFINITIONAL_REPRESENTATION('',(#2281),#2285);
#2281 = ELLIPSE('',#2282,6.527036446661,5.);
#2282 = AXIS2_PLACEMENT_2D('',#2283,#2284);
#2283 = CARTESIAN_POINT('',(2.886890265484,-1.8));
#2284 = DIRECTION('',(-1.,0.));
#2285 = ( GEOMETRIC_REPRESENTATION_CONTEXT(2) 
PARAMETRIC_REPRESENTATION_CONTEXT() REPRESENTATION_CONTEXT('2D SPACE',''
  ) );
#2286 = PCURVE('',#1448,#2287);
#2287 = DEFINITIONAL_REPRESENTATION('',(#2288),#2314);
#2288 = B_SPLINE_CURVE_WITH_KNOTS('',3,(#2289,#2290,#2291,#2292,#2293,
    #2294,#2295,#2296,#2297,#2298,#2299,#2300,#2301,#2302,#2303,#2304,
    #2305,#2306,#2307,#2308,#2309,#2310,#2311,#2312,#2313),
  .UNSPECIFIED.,.F.,.F.,(4,1,1,1,1,1,1,1,1,1,1,1,1,1,1,1,1,1,1,1,1,1,4),
  (6.010743913245,6.014523836852,6.01830376046,6.022083684068,
    6.025863607675,6.029643531283,6.03342345489,6.037203378498,
    6.040983302106,6.044763225713,6.048543149321,6.052323072928,
    6.056102996536,6.059882920144,6.063662843751,6.067442767359,
    6.071222690966,6.075002614574,6.078782538182,6.082562461789,
    6.086342385397,6.090122309004,6.093902232612),
  .QUASI_UNIFORM_KNOTS.);
#2289 = CARTESIAN_POINT('',(1.29835493286,1.978679806486));
#2290 = CARTESIAN_POINT('',(1.299614907396,1.980102241804));
#2291 = CARTESIAN_POINT('',(1.302134856468,1.982927867649));
#2292 = CARTESIAN_POINT('',(1.305914780075,1.987108512394));
#2293 = CARTESIAN_POINT('',(1.309694703683,1.991231303139));
#2294 = CARTESIAN_POINT('',(1.31347462729,1.995296181046));
#2295 = CARTESIAN_POINT('',(1.317254550898,1.999303088017));
#2296 = CARTESIAN_POINT('',(1.321034474506,2.003251966809));
#2297 = CARTESIAN_POINT('',(1.324814398113,2.007142760998));
#2298 = CARTESIAN_POINT('',(1.328594321721,2.010975414995));
#2299 = CARTESIAN_POINT('',(1.332374245328,2.014749874038));
#2300 = CARTESIAN_POINT('',(1.336154168936,2.0184660842));
#2301 = CARTESIAN_POINT('',(1.339934092544,2.022123992384));
#2302 = CARTESIAN_POINT('',(1.343714016151,2.025723546326));
#2303 = CARTESIAN_POINT('',(1.347493939759,2.029264694597));
#2304 = CARTESIAN_POINT('',(1.351273863366,2.032747386601));
#2305 = CARTESIAN_POINT('',(1.355053786974,2.036171572578));
#2306 = CARTESIAN_POINT('',(1.358833710582,2.039537203604));
#2307 = CARTESIAN_POINT('',(1.362613634189,2.042844231592));
#2308 = CARTESIAN_POINT('',(1.366393557797,2.046092609293));
#2309 = CARTESIAN_POINT('',(1.370173481404,2.049282290289));
#2310 = CARTESIAN_POINT('',(1.373953405012,2.052413229025));
#2311 = CARTESIAN_POINT('',(1.37773332862,2.0554853807));
#2312 = CARTESIAN_POINT('',(1.380253277691,2.057494261345));
#2313 = CARTESIAN_POINT('',(1.381513252227,2.05848888922));
#2314 = ( GEOMETRIC_REPRESENTATION_CONTEXT(2) 
PARAMETRIC_REPRESENTATION_CONTEXT() REPRESENTATION_CONTEXT('2D SPACE',''
  ) );
#2315 = ADVANCED_FACE('',(#2316),#1780,.F.);
#2316 = FACE_BOUND('',#2317,.T.);
#2317 = EDGE_LOOP('',(#2318,#2339,#2340,#2364,#2392,#2414));
#2318 = ORIENTED_EDGE('',*,*,#2319,.F.);
#2319 = EDGE_CURVE('',#2084,#1736,#2320,.T.);
#2320 = SURFACE_CURVE('',#2321,(#2325,#2332),.PCURVE_S1.);
#2321 = LINE('',#2322,#2323);
#2322 = CARTESIAN_POINT('',(-10.6,19.3,-0.25));
#2323 = VECTOR('',#2324,1.);
#2324 = DIRECTION('',(-1.,0.,0.));
#2325 = PCURVE('',#1780,#2326);
#2326 = DEFINITIONAL_REPRESENTATION('',(#2327),#2331);
#2327 = LINE('',#2328,#2329);
#2328 = CARTESIAN_POINT('',(2.25,-1.75));
#2329 = VECTOR('',#2330,1.);
#2330 = DIRECTION('',(-1.,0.));
#2331 = ( GEOMETRIC_REPRESENTATION_CONTEXT(2) 
PARAMETRIC_REPRESENTATION_CONTEXT() REPRESENTATION_CONTEXT('2D SPACE',''
  ) );
#2332 = PCURVE('',#1752,#2333);
#2333 = DEFINITIONAL_REPRESENTATION('',(#2334),#2338);
#2334 = LINE('',#2335,#2336);
#2335 = CARTESIAN_POINT('',(3.14159265359,0.));
#2336 = VECTOR('',#2337,1.);
#2337 = DIRECTION('',(0.,1.));
#2338 = ( GEOMETRIC_REPRESENTATION_CONTEXT(2) 
PARAMETRIC_REPRESENTATION_CONTEXT() REPRESENTATION_CONTEXT('2D SPACE',''
  ) );
#2339 = ORIENTED_EDGE('',*,*,#2083,.F.);
#2340 = ORIENTED_EDGE('',*,*,#2341,.F.);
#2341 = EDGE_CURVE('',#2342,#2056,#2344,.T.);
#2342 = VERTEX_POINT('',#2343);
#2343 = CARTESIAN_POINT('',(-10.39358222275,17.997256158019,-0.25));
#2344 = SURFACE_CURVE('',#2345,(#2350,#2357),.PCURVE_S1.);
#2345 = CIRCLE('',#2346,0.4);
#2346 = AXIS2_PLACEMENT_3D('',#2347,#2348,#2349);
#2347 = CARTESIAN_POINT('',(-10.7,18.254371201893,-0.25));
#2348 = DIRECTION('',(0.,0.,1.));
#2349 = DIRECTION('',(1.,0.,-0.));
#2350 = PCURVE('',#1780,#2351);
#2351 = DEFINITIONAL_REPRESENTATION('',(#2352),#2356);
#2352 = CIRCLE('',#2353,0.4);
#2353 = AXIS2_PLACEMENT_2D('',#2354,#2355);
#2354 = CARTESIAN_POINT('',(2.15,-2.795628798107));
#2355 = DIRECTION('',(1.,0.));
#2356 = ( GEOMETRIC_REPRESENTATION_CONTEXT(2) 
PARAMETRIC_REPRESENTATION_CONTEXT() REPRESENTATION_CONTEXT('2D SPACE',''
  ) );
#2357 = PCURVE('',#2071,#2358);
#2358 = DEFINITIONAL_REPRESENTATION('',(#2359),#2363);
#2359 = LINE('',#2360,#2361);
#2360 = CARTESIAN_POINT('',(9.424777960769,4.));
#2361 = VECTOR('',#2362,1.);
#2362 = DIRECTION('',(-1.,0.));
#2363 = ( GEOMETRIC_REPRESENTATION_CONTEXT(2) 
PARAMETRIC_REPRESENTATION_CONTEXT() REPRESENTATION_CONTEXT('2D SPACE',''
  ) );
#2364 = ORIENTED_EDGE('',*,*,#2365,.F.);
#2365 = EDGE_CURVE('',#2366,#2342,#2368,.T.);
#2366 = VERTEX_POINT('',#2367);
#2367 = CARTESIAN_POINT('',(-12.39358222275,15.61374897283,-0.25));
#2368 = SURFACE_CURVE('',#2369,(#2373,#2380),.PCURVE_S1.);
#2369 = LINE('',#2370,#2371);
#2370 = CARTESIAN_POINT('',(-12.39358222275,15.61374897283,-0.25));
#2371 = VECTOR('',#2372,1.);
#2372 = DIRECTION('',(0.642787609687,0.766044443119,0.));
#2373 = PCURVE('',#1780,#2374);
#2374 = DEFINITIONAL_REPRESENTATION('',(#2375),#2379);
#2375 = LINE('',#2376,#2377);
#2376 = CARTESIAN_POINT('',(0.456417777248,-5.43625102717));
#2377 = VECTOR('',#2378,1.);
#2378 = DIRECTION('',(0.642787609687,0.766044443119));
#2379 = ( GEOMETRIC_REPRESENTATION_CONTEXT(2) 
PARAMETRIC_REPRESENTATION_CONTEXT() REPRESENTATION_CONTEXT('2D SPACE',''
  ) );
#2380 = PCURVE('',#2381,#2386);
#2381 = PLANE('',#2382);
#2382 = AXIS2_PLACEMENT_3D('',#2383,#2384,#2385);
#2383 = CARTESIAN_POINT('',(-10.8,17.51290631189,3.75));
#2384 = DIRECTION('',(-0.766044443119,0.642787609687,0.));
#2385 = DIRECTION('',(-0.642787609687,-0.766044443119,0.));
#2386 = DEFINITIONAL_REPRESENTATION('',(#2387),#2391);
#2387 = LINE('',#2388,#2389);
#2388 = CARTESIAN_POINT('',(2.479173833997,-4.));
#2389 = VECTOR('',#2390,1.);
#2390 = DIRECTION('',(-1.,0.));
#2391 = ( GEOMETRIC_REPRESENTATION_CONTEXT(2) 
PARAMETRIC_REPRESENTATION_CONTEXT() REPRESENTATION_CONTEXT('2D SPACE',''
  ) );
#2392 = ORIENTED_EDGE('',*,*,#2393,.F.);
#2393 = EDGE_CURVE('',#1765,#2366,#2394,.T.);
#2394 = SURFACE_CURVE('',#2395,(#2400,#2407),.PCURVE_S1.);
#2395 = CIRCLE('',#2396,0.4);
#2396 = AXIS2_PLACEMENT_3D('',#2397,#2398,#2399);
#2397 = CARTESIAN_POINT('',(-12.7,15.870864016705,-0.25));
#2398 = DIRECTION('',(0.,0.,1.));
#2399 = DIRECTION('',(1.,0.,-0.));
#2400 = PCURVE('',#1780,#2401);
#2401 = DEFINITIONAL_REPRESENTATION('',(#2402),#2406);
#2402 = CIRCLE('',#2403,0.4);
#2403 = AXIS2_PLACEMENT_2D('',#2404,#2405);
#2404 = CARTESIAN_POINT('',(0.15,-5.179135983295));
#2405 = DIRECTION('',(1.,0.));
#2406 = ( GEOMETRIC_REPRESENTATION_CONTEXT(2) 
PARAMETRIC_REPRESENTATION_CONTEXT() REPRESENTATION_CONTEXT('2D SPACE',''
  ) );
#2407 = PCURVE('',#1808,#2408);
#2408 = DEFINITIONAL_REPRESENTATION('',(#2409),#2413);
#2409 = LINE('',#2410,#2411);
#2410 = CARTESIAN_POINT('',(9.424777960769,4.4));
#2411 = VECTOR('',#2412,1.);
#2412 = DIRECTION('',(-1.,0.));
#2413 = ( GEOMETRIC_REPRESENTATION_CONTEXT(2) 
PARAMETRIC_REPRESENTATION_CONTEXT() REPRESENTATION_CONTEXT('2D SPACE',''
  ) );
#2414 = ORIENTED_EDGE('',*,*,#1764,.F.);
#2415 = ADVANCED_FACE('',(#2416),#774,.T.);
#2416 = FACE_BOUND('',#2417,.T.);
#2417 = EDGE_LOOP('',(#2418,#2443,#2465,#2466,#2490,#2518,#2546,#2575));
#2418 = ORIENTED_EDGE('',*,*,#2419,.T.);
#2419 = EDGE_CURVE('',#2420,#2422,#2424,.T.);
#2420 = VERTEX_POINT('',#2421);
#2421 = CARTESIAN_POINT('',(-10.8,17.51290631189,8.75));
#2422 = VERTEX_POINT('',#2423);
#2423 = CARTESIAN_POINT('',(-12.39358222275,15.61374897283,8.75));
#2424 = SURFACE_CURVE('',#2425,(#2429,#2436),.PCURVE_S1.);
#2425 = LINE('',#2426,#2427);
#2426 = CARTESIAN_POINT('',(-9.905331974301,18.579130145696,8.75));
#2427 = VECTOR('',#2428,1.);
#2428 = DIRECTION('',(-0.642787609687,-0.766044443119,0.));
#2429 = PCURVE('',#774,#2430);
#2430 = DEFINITIONAL_REPRESENTATION('',(#2431),#2435);
#2431 = LINE('',#2432,#2433);
#2432 = CARTESIAN_POINT('',(2.944668025699,-2.470869854304));
#2433 = VECTOR('',#2434,1.);
#2434 = DIRECTION('',(-0.642787609687,-0.766044443119));
#2435 = ( GEOMETRIC_REPRESENTATION_CONTEXT(2) 
PARAMETRIC_REPRESENTATION_CONTEXT() REPRESENTATION_CONTEXT('2D SPACE',''
  ) );
#2436 = PCURVE('',#1263,#2437);
#2437 = DEFINITIONAL_REPRESENTATION('',(#2438),#2442);
#2438 = LINE('',#2439,#2440);
#2439 = CARTESIAN_POINT('',(-1.391856364711,0.));
#2440 = VECTOR('',#2441,1.);
#2441 = DIRECTION('',(1.,0.));
#2442 = ( GEOMETRIC_REPRESENTATION_CONTEXT(2) 
PARAMETRIC_REPRESENTATION_CONTEXT() REPRESENTATION_CONTEXT('2D SPACE',''
  ) );
#2443 = ORIENTED_EDGE('',*,*,#2444,.F.);
#2444 = EDGE_CURVE('',#759,#2422,#2445,.T.);
#2445 = SURFACE_CURVE('',#2446,(#2451,#2458),.PCURVE_S1.);
#2446 = CIRCLE('',#2447,0.4);
#2447 = AXIS2_PLACEMENT_3D('',#2448,#2449,#2450);
#2448 = CARTESIAN_POINT('',(-12.7,15.870864016705,8.75));
#2449 = DIRECTION('',(0.,0.,1.));
#2450 = DIRECTION('',(1.,0.,-0.));
#2451 = PCURVE('',#774,#2452);
#2452 = DEFINITIONAL_REPRESENTATION('',(#2453),#2457);
#2453 = CIRCLE('',#2454,0.4);
#2454 = AXIS2_PLACEMENT_2D('',#2455,#2456);
#2455 = CARTESIAN_POINT('',(0.15,-5.179135983295));
#2456 = DIRECTION('',(1.,0.));
#2457 = ( GEOMETRIC_REPRESENTATION_CONTEXT(2) 
PARAMETRIC_REPRESENTATION_CONTEXT() REPRESENTATION_CONTEXT('2D SPACE',''
  ) );
#2458 = PCURVE('',#800,#2459);
#2459 = DEFINITIONAL_REPRESENTATION('',(#2460),#2464);
#2460 = LINE('',#2461,#2462);
#2461 = CARTESIAN_POINT('',(9.424777960769,0.4));
#2462 = VECTOR('',#2463,1.);
#2463 = DIRECTION('',(-1.,0.));
#2464 = ( GEOMETRIC_REPRESENTATION_CONTEXT(2) 
PARAMETRIC_REPRESENTATION_CONTEXT() REPRESENTATION_CONTEXT('2D SPACE',''
  ) );
#2465 = ORIENTED_EDGE('',*,*,#758,.T.);
#2466 = ORIENTED_EDGE('',*,*,#2467,.T.);
#2467 = EDGE_CURVE('',#731,#2468,#2470,.T.);
#2468 = VERTEX_POINT('',#2469);
#2469 = CARTESIAN_POINT('',(-10.95672565811,6.70465783867,8.75));
#2470 = SURFACE_CURVE('',#2471,(#2476,#2483),.PCURVE_S1.);
#2471 = CIRCLE('',#2472,6.);
#2472 = AXIS2_PLACEMENT_3D('',#2473,#2474,#2475);
#2473 = CARTESIAN_POINT('',(-7.1,11.300924497384,8.75));
#2474 = DIRECTION('',(0.,0.,1.));
#2475 = DIRECTION('',(1.,0.,-0.));
#2476 = PCURVE('',#774,#2477);
#2477 = DEFINITIONAL_REPRESENTATION('',(#2478),#2482);
#2478 = CIRCLE('',#2479,6.);
#2479 = AXIS2_PLACEMENT_2D('',#2480,#2481);
#2480 = CARTESIAN_POINT('',(5.75,-9.749075502616));
#2481 = DIRECTION('',(1.,0.));
#2482 = ( GEOMETRIC_REPRESENTATION_CONTEXT(2) 
PARAMETRIC_REPRESENTATION_CONTEXT() REPRESENTATION_CONTEXT('2D SPACE',''
  ) );
#2483 = PCURVE('',#746,#2484);
#2484 = DEFINITIONAL_REPRESENTATION('',(#2485),#2489);
#2485 = LINE('',#2486,#2487);
#2486 = CARTESIAN_POINT('',(9.424777960769,0.));
#2487 = VECTOR('',#2488,1.);
#2488 = DIRECTION('',(-1.,0.));
#2489 = ( GEOMETRIC_REPRESENTATION_CONTEXT(2) 
PARAMETRIC_REPRESENTATION_CONTEXT() REPRESENTATION_CONTEXT('2D SPACE',''
  ) );
#2490 = ORIENTED_EDGE('',*,*,#2491,.T.);
#2491 = EDGE_CURVE('',#2468,#2492,#2494,.T.);
#2492 = VERTEX_POINT('',#2493);
#2493 = CARTESIAN_POINT('',(-10.6,6.405329470511,8.75));
#2494 = SURFACE_CURVE('',#2495,(#2499,#2506),.PCURVE_S1.);
#2495 = LINE('',#2496,#2497);
#2496 = CARTESIAN_POINT('',(-10.95672565811,6.70465783867,8.75));
#2497 = VECTOR('',#2498,1.);
#2498 = DIRECTION('',(0.766044443119,-0.642787609687,0.));
#2499 = PCURVE('',#774,#2500);
#2500 = DEFINITIONAL_REPRESENTATION('',(#2501),#2505);
#2501 = LINE('',#2502,#2503);
#2502 = CARTESIAN_POINT('',(1.893274341881,-14.34534216133));
#2503 = VECTOR('',#2504,1.);
#2504 = DIRECTION('',(0.766044443119,-0.642787609687));
#2505 = ( GEOMETRIC_REPRESENTATION_CONTEXT(2) 
PARAMETRIC_REPRESENTATION_CONTEXT() REPRESENTATION_CONTEXT('2D SPACE',''
  ) );
#2506 = PCURVE('',#2507,#2512);
#2507 = PLANE('',#2508);
#2508 = AXIS2_PLACEMENT_3D('',#2509,#2510,#2511);
#2509 = CARTESIAN_POINT('',(-10.95672565811,6.70465783867,8.75));
#2510 = DIRECTION('',(0.642787609687,0.766044443119,0.));
#2511 = DIRECTION('',(-0.766044443119,0.642787609687,0.));
#2512 = DEFINITIONAL_REPRESENTATION('',(#2513),#2517);
#2513 = LINE('',#2514,#2515);
#2514 = CARTESIAN_POINT('',(0.,0.));
#2515 = VECTOR('',#2516,1.);
#2516 = DIRECTION('',(-1.,0.));
#2517 = ( GEOMETRIC_REPRESENTATION_CONTEXT(2) 
PARAMETRIC_REPRESENTATION_CONTEXT() REPRESENTATION_CONTEXT('2D SPACE',''
  ) );
#2518 = ORIENTED_EDGE('',*,*,#2519,.F.);
#2519 = EDGE_CURVE('',#2520,#2492,#2522,.T.);
#2520 = VERTEX_POINT('',#2521);
#2521 = CARTESIAN_POINT('',(-10.6,12.625403330759,8.75));
#2522 = SURFACE_CURVE('',#2523,(#2527,#2534),.PCURVE_S1.);
#2523 = LINE('',#2524,#2525);
#2524 = CARTESIAN_POINT('',(-10.6,4.8,8.75));
#2525 = VECTOR('',#2526,1.);
#2526 = DIRECTION('',(0.,-1.,0.));
#2527 = PCURVE('',#774,#2528);
#2528 = DEFINITIONAL_REPRESENTATION('',(#2529),#2533);
#2529 = LINE('',#2530,#2531);
#2530 = CARTESIAN_POINT('',(2.25,-16.25));
#2531 = VECTOR('',#2532,1.);
#2532 = DIRECTION('',(0.,-1.));
#2533 = ( GEOMETRIC_REPRESENTATION_CONTEXT(2) 
PARAMETRIC_REPRESENTATION_CONTEXT() REPRESENTATION_CONTEXT('2D SPACE',''
  ) );
#2534 = PCURVE('',#2535,#2540);
#2535 = PLANE('',#2536);
#2536 = AXIS2_PLACEMENT_3D('',#2537,#2538,#2539);
#2537 = CARTESIAN_POINT('',(-10.6,4.8,8.7));
#2538 = DIRECTION('',(1.,0.,0.));
#2539 = DIRECTION('',(0.,0.,-1.));
#2540 = DEFINITIONAL_REPRESENTATION('',(#2541),#2545);
#2541 = LINE('',#2542,#2543);
#2542 = CARTESIAN_POINT('',(-5.E-02,0.));
#2543 = VECTOR('',#2544,1.);
#2544 = DIRECTION('',(0.,-1.));
#2545 = ( GEOMETRIC_REPRESENTATION_CONTEXT(2) 
PARAMETRIC_REPRESENTATION_CONTEXT() REPRESENTATION_CONTEXT('2D SPACE',''
  ) );
#2546 = ORIENTED_EDGE('',*,*,#2547,.F.);
#2547 = EDGE_CURVE('',#2548,#2520,#2550,.T.);
#2548 = VERTEX_POINT('',#2549);
#2549 = CARTESIAN_POINT('',(-10.8,13.4,8.75));
#2550 = SURFACE_CURVE('',#2551,(#2556,#2563),.PCURVE_S1.);
#2551 = CIRCLE('',#2552,1.6);
#2552 = AXIS2_PLACEMENT_3D('',#2553,#2554,#2555);
#2553 = CARTESIAN_POINT('',(-9.2,13.4,8.75));
#2554 = DIRECTION('',(0.,0.,1.));
#2555 = DIRECTION('',(1.,0.,-0.));
#2556 = PCURVE('',#774,#2557);
#2557 = DEFINITIONAL_REPRESENTATION('',(#2558),#2562);
#2558 = CIRCLE('',#2559,1.6);
#2559 = AXIS2_PLACEMENT_2D('',#2560,#2561);
#2560 = CARTESIAN_POINT('',(3.65,-7.65));
#2561 = DIRECTION('',(1.,0.));
#2562 = ( GEOMETRIC_REPRESENTATION_CONTEXT(2) 
PARAMETRIC_REPRESENTATION_CONTEXT() REPRESENTATION_CONTEXT('2D SPACE',''
  ) );
#2563 = PCURVE('',#2564,#2569);
#2564 = CYLINDRICAL_SURFACE('',#2565,1.6);
#2565 = AXIS2_PLACEMENT_3D('',#2566,#2567,#2568);
#2566 = CARTESIAN_POINT('',(-9.2,13.4,8.75));
#2567 = DIRECTION('',(0.,0.,-1.));
#2568 = DIRECTION('',(-1.,0.,0.));
#2569 = DEFINITIONAL_REPRESENTATION('',(#2570),#2574);
#2570 = LINE('',#2571,#2572);
#2571 = CARTESIAN_POINT('',(9.424777960769,0.));
#2572 = VECTOR('',#2573,1.);
#2573 = DIRECTION('',(-1.,0.));
#2574 = ( GEOMETRIC_REPRESENTATION_CONTEXT(2) 
PARAMETRIC_REPRESENTATION_CONTEXT() REPRESENTATION_CONTEXT('2D SPACE',''
  ) );
#2575 = ORIENTED_EDGE('',*,*,#2576,.T.);
#2576 = EDGE_CURVE('',#2548,#2420,#2577,.T.);
#2577 = SURFACE_CURVE('',#2578,(#2582,#2589),.PCURVE_S1.);
#2578 = LINE('',#2579,#2580);
#2579 = CARTESIAN_POINT('',(-10.8,13.4,8.75));
#2580 = VECTOR('',#2581,1.);
#2581 = DIRECTION('',(0.,1.,0.));
#2582 = PCURVE('',#774,#2583);
#2583 = DEFINITIONAL_REPRESENTATION('',(#2584),#2588);
#2584 = LINE('',#2585,#2586);
#2585 = CARTESIAN_POINT('',(2.05,-7.65));
#2586 = VECTOR('',#2587,1.);
#2587 = DIRECTION('',(0.,1.));
#2588 = ( GEOMETRIC_REPRESENTATION_CONTEXT(2) 
PARAMETRIC_REPRESENTATION_CONTEXT() REPRESENTATION_CONTEXT('2D SPACE',''
  ) );
#2589 = PCURVE('',#2590,#2595);
#2590 = PLANE('',#2591);
#2591 = AXIS2_PLACEMENT_3D('',#2592,#2593,#2594);
#2592 = CARTESIAN_POINT('',(-10.8,13.4,8.75));
#2593 = DIRECTION('',(-1.,0.,0.));
#2594 = DIRECTION('',(0.,0.,1.));
#2595 = DEFINITIONAL_REPRESENTATION('',(#2596),#2600);
#2596 = LINE('',#2597,#2598);
#2597 = CARTESIAN_POINT('',(0.,0.));
#2598 = VECTOR('',#2599,1.);
#2599 = DIRECTION('',(0.,1.));
#2600 = ( GEOMETRIC_REPRESENTATION_CONTEXT(2) 
PARAMETRIC_REPRESENTATION_CONTEXT() REPRESENTATION_CONTEXT('2D SPACE',''
  ) );
#2601 = ADVANCED_FACE('',(#2602),#718,.F.);
#2602 = FACE_BOUND('',#2603,.T.);
#2603 = EDGE_LOOP('',(#2604,#2628,#2651,#2674,#2698,#2721,#2744,#2766));
#2604 = ORIENTED_EDGE('',*,*,#2605,.T.);
#2605 = EDGE_CURVE('',#675,#2606,#2608,.T.);
#2606 = VERTEX_POINT('',#2607);
#2607 = CARTESIAN_POINT('',(-12.39358222275,15.61374897283,5.15));
#2608 = SURFACE_CURVE('',#2609,(#2614,#2621),.PCURVE_S1.);
#2609 = CIRCLE('',#2610,0.4);
#2610 = AXIS2_PLACEMENT_3D('',#2611,#2612,#2613);
#2611 = CARTESIAN_POINT('',(-12.7,15.870864016705,5.15));
#2612 = DIRECTION('',(0.,0.,1.));
#2613 = DIRECTION('',(1.,0.,-0.));
#2614 = PCURVE('',#718,#2615);
#2615 = DEFINITIONAL_REPRESENTATION('',(#2616),#2620);
#2616 = CIRCLE('',#2617,0.4);
#2617 = AXIS2_PLACEMENT_2D('',#2618,#2619);
#2618 = CARTESIAN_POINT('',(0.15,-5.179135983295));
#2619 = DIRECTION('',(1.,0.));
#2620 = ( GEOMETRIC_REPRESENTATION_CONTEXT(2) 
PARAMETRIC_REPRESENTATION_CONTEXT() REPRESENTATION_CONTEXT('2D SPACE',''
  ) );
#2621 = PCURVE('',#690,#2622);
#2622 = DEFINITIONAL_REPRESENTATION('',(#2623),#2627);
#2623 = LINE('',#2624,#2625);
#2624 = CARTESIAN_POINT('',(9.424777960769,4.));
#2625 = VECTOR('',#2626,1.);
#2626 = DIRECTION('',(-1.,0.));
#2627 = ( GEOMETRIC_REPRESENTATION_CONTEXT(2) 
PARAMETRIC_REPRESENTATION_CONTEXT() REPRESENTATION_CONTEXT('2D SPACE',''
  ) );
#2628 = ORIENTED_EDGE('',*,*,#2629,.F.);
#2629 = EDGE_CURVE('',#2630,#2606,#2632,.T.);
#2630 = VERTEX_POINT('',#2631);
#2631 = CARTESIAN_POINT('',(-10.8,17.51290631189,5.15));
#2632 = SURFACE_CURVE('',#2633,(#2637,#2644),.PCURVE_S1.);
#2633 = LINE('',#2634,#2635);
#2634 = CARTESIAN_POINT('',(-9.905331974301,18.579130145696,5.15));
#2635 = VECTOR('',#2636,1.);
#2636 = DIRECTION('',(-0.642787609687,-0.766044443119,0.));
#2637 = PCURVE('',#718,#2638);
#2638 = DEFINITIONAL_REPRESENTATION('',(#2639),#2643);
#2639 = LINE('',#2640,#2641);
#2640 = CARTESIAN_POINT('',(2.944668025699,-2.470869854304));
#2641 = VECTOR('',#2642,1.);
#2642 = DIRECTION('',(-0.642787609687,-0.766044443119));
#2643 = ( GEOMETRIC_REPRESENTATION_CONTEXT(2) 
PARAMETRIC_REPRESENTATION_CONTEXT() REPRESENTATION_CONTEXT('2D SPACE',''
  ) );
#2644 = PCURVE('',#1263,#2645);
#2645 = DEFINITIONAL_REPRESENTATION('',(#2646),#2650);
#2646 = LINE('',#2647,#2648);
#2647 = CARTESIAN_POINT('',(-1.391856364711,-3.6));
#2648 = VECTOR('',#2649,1.);
#2649 = DIRECTION('',(1.,0.));
#2650 = ( GEOMETRIC_REPRESENTATION_CONTEXT(2) 
PARAMETRIC_REPRESENTATION_CONTEXT() REPRESENTATION_CONTEXT('2D SPACE',''
  ) );
#2651 = ORIENTED_EDGE('',*,*,#2652,.F.);
#2652 = EDGE_CURVE('',#2653,#2630,#2655,.T.);
#2653 = VERTEX_POINT('',#2654);
#2654 = CARTESIAN_POINT('',(-10.8,13.4,5.15));
#2655 = SURFACE_CURVE('',#2656,(#2660,#2667),.PCURVE_S1.);
#2656 = LINE('',#2657,#2658);
#2657 = CARTESIAN_POINT('',(-10.8,13.4,5.15));
#2658 = VECTOR('',#2659,1.);
#2659 = DIRECTION('',(0.,1.,0.));
#2660 = PCURVE('',#718,#2661);
#2661 = DEFINITIONAL_REPRESENTATION('',(#2662),#2666);
#2662 = LINE('',#2663,#2664);
#2663 = CARTESIAN_POINT('',(2.05,-7.65));
#2664 = VECTOR('',#2665,1.);
#2665 = DIRECTION('',(0.,1.));
#2666 = ( GEOMETRIC_REPRESENTATION_CONTEXT(2) 
PARAMETRIC_REPRESENTATION_CONTEXT() REPRESENTATION_CONTEXT('2D SPACE',''
  ) );
#2667 = PCURVE('',#2590,#2668);
#2668 = DEFINITIONAL_REPRESENTATION('',(#2669),#2673);
#2669 = LINE('',#2670,#2671);
#2670 = CARTESIAN_POINT('',(-3.6,0.));
#2671 = VECTOR('',#2672,1.);
#2672 = DIRECTION('',(0.,1.));
#2673 = ( GEOMETRIC_REPRESENTATION_CONTEXT(2) 
PARAMETRIC_REPRESENTATION_CONTEXT() REPRESENTATION_CONTEXT('2D SPACE',''
  ) );
#2674 = ORIENTED_EDGE('',*,*,#2675,.T.);
#2675 = EDGE_CURVE('',#2653,#2676,#2678,.T.);
#2676 = VERTEX_POINT('',#2677);
#2677 = CARTESIAN_POINT('',(-10.6,12.625403330759,5.15));
#2678 = SURFACE_CURVE('',#2679,(#2684,#2691),.PCURVE_S1.);
#2679 = CIRCLE('',#2680,1.6);
#2680 = AXIS2_PLACEMENT_3D('',#2681,#2682,#2683);
#2681 = CARTESIAN_POINT('',(-9.2,13.4,5.15));
#2682 = DIRECTION('',(0.,0.,1.));
#2683 = DIRECTION('',(1.,0.,-0.));
#2684 = PCURVE('',#718,#2685);
#2685 = DEFINITIONAL_REPRESENTATION('',(#2686),#2690);
#2686 = CIRCLE('',#2687,1.6);
#2687 = AXIS2_PLACEMENT_2D('',#2688,#2689);
#2688 = CARTESIAN_POINT('',(3.65,-7.65));
#2689 = DIRECTION('',(1.,0.));
#2690 = ( GEOMETRIC_REPRESENTATION_CONTEXT(2) 
PARAMETRIC_REPRESENTATION_CONTEXT() REPRESENTATION_CONTEXT('2D SPACE',''
  ) );
#2691 = PCURVE('',#2564,#2692);
#2692 = DEFINITIONAL_REPRESENTATION('',(#2693),#2697);
#2693 = LINE('',#2694,#2695);
#2694 = CARTESIAN_POINT('',(9.424777960769,3.6));
#2695 = VECTOR('',#2696,1.);
#2696 = DIRECTION('',(-1.,0.));
#2697 = ( GEOMETRIC_REPRESENTATION_CONTEXT(2) 
PARAMETRIC_REPRESENTATION_CONTEXT() REPRESENTATION_CONTEXT('2D SPACE',''
  ) );
#2698 = ORIENTED_EDGE('',*,*,#2699,.T.);
#2699 = EDGE_CURVE('',#2676,#2700,#2702,.T.);
#2700 = VERTEX_POINT('',#2701);
#2701 = CARTESIAN_POINT('',(-10.6,6.405329470511,5.15));
#2702 = SURFACE_CURVE('',#2703,(#2707,#2714),.PCURVE_S1.);
#2703 = LINE('',#2704,#2705);
#2704 = CARTESIAN_POINT('',(-10.6,4.8,5.15));
#2705 = VECTOR('',#2706,1.);
#2706 = DIRECTION('',(0.,-1.,0.));
#2707 = PCURVE('',#718,#2708);
#2708 = DEFINITIONAL_REPRESENTATION('',(#2709),#2713);
#2709 = LINE('',#2710,#2711);
#2710 = CARTESIAN_POINT('',(2.25,-16.25));
#2711 = VECTOR('',#2712,1.);
#2712 = DIRECTION('',(0.,-1.));
#2713 = ( GEOMETRIC_REPRESENTATION_CONTEXT(2) 
PARAMETRIC_REPRESENTATION_CONTEXT() REPRESENTATION_CONTEXT('2D SPACE',''
  ) );
#2714 = PCURVE('',#2535,#2715);
#2715 = DEFINITIONAL_REPRESENTATION('',(#2716),#2720);
#2716 = LINE('',#2717,#2718);
#2717 = CARTESIAN_POINT('',(3.55,0.));
#2718 = VECTOR('',#2719,1.);
#2719 = DIRECTION('',(0.,-1.));
#2720 = ( GEOMETRIC_REPRESENTATION_CONTEXT(2) 
PARAMETRIC_REPRESENTATION_CONTEXT() REPRESENTATION_CONTEXT('2D SPACE',''
  ) );
#2721 = ORIENTED_EDGE('',*,*,#2722,.F.);
#2722 = EDGE_CURVE('',#2723,#2700,#2725,.T.);
#2723 = VERTEX_POINT('',#2724);
#2724 = CARTESIAN_POINT('',(-10.95672565811,6.70465783867,5.15));
#2725 = SURFACE_CURVE('',#2726,(#2730,#2737),.PCURVE_S1.);
#2726 = LINE('',#2727,#2728);
#2727 = CARTESIAN_POINT('',(-10.95672565811,6.70465783867,5.15));
#2728 = VECTOR('',#2729,1.);
#2729 = DIRECTION('',(0.766044443119,-0.642787609687,0.));
#2730 = PCURVE('',#718,#2731);
#2731 = DEFINITIONAL_REPRESENTATION('',(#2732),#2736);
#2732 = LINE('',#2733,#2734);
#2733 = CARTESIAN_POINT('',(1.893274341881,-14.34534216133));
#2734 = VECTOR('',#2735,1.);
#2735 = DIRECTION('',(0.766044443119,-0.642787609687));
#2736 = ( GEOMETRIC_REPRESENTATION_CONTEXT(2) 
PARAMETRIC_REPRESENTATION_CONTEXT() REPRESENTATION_CONTEXT('2D SPACE',''
  ) );
#2737 = PCURVE('',#2507,#2738);
#2738 = DEFINITIONAL_REPRESENTATION('',(#2739),#2743);
#2739 = LINE('',#2740,#2741);
#2740 = CARTESIAN_POINT('',(0.,-3.6));
#2741 = VECTOR('',#2742,1.);
#2742 = DIRECTION('',(-1.,0.));
#2743 = ( GEOMETRIC_REPRESENTATION_CONTEXT(2) 
PARAMETRIC_REPRESENTATION_CONTEXT() REPRESENTATION_CONTEXT('2D SPACE',''
  ) );
#2744 = ORIENTED_EDGE('',*,*,#2745,.F.);
#2745 = EDGE_CURVE('',#703,#2723,#2746,.T.);
#2746 = SURFACE_CURVE('',#2747,(#2752,#2759),.PCURVE_S1.);
#2747 = CIRCLE('',#2748,6.);
#2748 = AXIS2_PLACEMENT_3D('',#2749,#2750,#2751);
#2749 = CARTESIAN_POINT('',(-7.1,11.300924497384,5.15));
#2750 = DIRECTION('',(0.,0.,1.));
#2751 = DIRECTION('',(1.,0.,-0.));
#2752 = PCURVE('',#718,#2753);
#2753 = DEFINITIONAL_REPRESENTATION('',(#2754),#2758);
#2754 = CIRCLE('',#2755,6.);
#2755 = AXIS2_PLACEMENT_2D('',#2756,#2757);
#2756 = CARTESIAN_POINT('',(5.75,-9.749075502616));
#2757 = DIRECTION('',(1.,0.));
#2758 = ( GEOMETRIC_REPRESENTATION_CONTEXT(2) 
PARAMETRIC_REPRESENTATION_CONTEXT() REPRESENTATION_CONTEXT('2D SPACE',''
  ) );
#2759 = PCURVE('',#746,#2760);
#2760 = DEFINITIONAL_REPRESENTATION('',(#2761),#2765);
#2761 = LINE('',#2762,#2763);
#2762 = CARTESIAN_POINT('',(9.424777960769,3.6));
#2763 = VECTOR('',#2764,1.);
#2764 = DIRECTION('',(-1.,0.));
#2765 = ( GEOMETRIC_REPRESENTATION_CONTEXT(2) 
PARAMETRIC_REPRESENTATION_CONTEXT() REPRESENTATION_CONTEXT('2D SPACE',''
  ) );
#2766 = ORIENTED_EDGE('',*,*,#702,.F.);
#2767 = ADVANCED_FACE('',(#2768),#1892,.T.);
#2768 = FACE_BOUND('',#2769,.T.);
#2769 = EDGE_LOOP('',(#2770,#2795,#2817,#2818,#2842,#2870,#2898,#2927));
#2770 = ORIENTED_EDGE('',*,*,#2771,.T.);
#2771 = EDGE_CURVE('',#2772,#2774,#2776,.T.);
#2772 = VERTEX_POINT('',#2773);
#2773 = CARTESIAN_POINT('',(-10.8,17.51290631189,3.75));
#2774 = VERTEX_POINT('',#2775);
#2775 = CARTESIAN_POINT('',(-12.39358222275,15.61374897283,3.75));
#2776 = SURFACE_CURVE('',#2777,(#2781,#2788),.PCURVE_S1.);
#2777 = LINE('',#2778,#2779);
#2778 = CARTESIAN_POINT('',(-9.905331974301,18.579130145696,3.75));
#2779 = VECTOR('',#2780,1.);
#2780 = DIRECTION('',(-0.642787609687,-0.766044443119,0.));
#2781 = PCURVE('',#1892,#2782);
#2782 = DEFINITIONAL_REPRESENTATION('',(#2783),#2787);
#2783 = LINE('',#2784,#2785);
#2784 = CARTESIAN_POINT('',(2.944668025699,-2.470869854304));
#2785 = VECTOR('',#2786,1.);
#2786 = DIRECTION('',(-0.642787609687,-0.766044443119));
#2787 = ( GEOMETRIC_REPRESENTATION_CONTEXT(2) 
PARAMETRIC_REPRESENTATION_CONTEXT() REPRESENTATION_CONTEXT('2D SPACE',''
  ) );
#2788 = PCURVE('',#2381,#2789);
#2789 = DEFINITIONAL_REPRESENTATION('',(#2790),#2794);
#2790 = LINE('',#2791,#2792);
#2791 = CARTESIAN_POINT('',(-1.391856364711,0.));
#2792 = VECTOR('',#2793,1.);
#2793 = DIRECTION('',(1.,0.));
#2794 = ( GEOMETRIC_REPRESENTATION_CONTEXT(2) 
PARAMETRIC_REPRESENTATION_CONTEXT() REPRESENTATION_CONTEXT('2D SPACE',''
  ) );
#2795 = ORIENTED_EDGE('',*,*,#2796,.F.);
#2796 = EDGE_CURVE('',#1877,#2774,#2797,.T.);
#2797 = SURFACE_CURVE('',#2798,(#2803,#2810),.PCURVE_S1.);
#2798 = CIRCLE('',#2799,0.4);
#2799 = AXIS2_PLACEMENT_3D('',#2800,#2801,#2802);
#2800 = CARTESIAN_POINT('',(-12.7,15.870864016705,3.75));
#2801 = DIRECTION('',(0.,0.,1.));
#2802 = DIRECTION('',(1.,0.,-0.));
#2803 = PCURVE('',#1892,#2804);
#2804 = DEFINITIONAL_REPRESENTATION('',(#2805),#2809);
#2805 = CIRCLE('',#2806,0.4);
#2806 = AXIS2_PLACEMENT_2D('',#2807,#2808);
#2807 = CARTESIAN_POINT('',(0.15,-5.179135983295));
#2808 = DIRECTION('',(1.,0.));
#2809 = ( GEOMETRIC_REPRESENTATION_CONTEXT(2) 
PARAMETRIC_REPRESENTATION_CONTEXT() REPRESENTATION_CONTEXT('2D SPACE',''
  ) );
#2810 = PCURVE('',#1918,#2811);
#2811 = DEFINITIONAL_REPRESENTATION('',(#2812),#2816);
#2812 = LINE('',#2813,#2814);
#2813 = CARTESIAN_POINT('',(9.424777960769,0.4));
#2814 = VECTOR('',#2815,1.);
#2815 = DIRECTION('',(-1.,0.));
#2816 = ( GEOMETRIC_REPRESENTATION_CONTEXT(2) 
PARAMETRIC_REPRESENTATION_CONTEXT() REPRESENTATION_CONTEXT('2D SPACE',''
  ) );
#2817 = ORIENTED_EDGE('',*,*,#1876,.T.);
#2818 = ORIENTED_EDGE('',*,*,#2819,.T.);
#2819 = EDGE_CURVE('',#1849,#2820,#2822,.T.);
#2820 = VERTEX_POINT('',#2821);
#2821 = CARTESIAN_POINT('',(-10.95672565811,6.70465783867,3.75));
#2822 = SURFACE_CURVE('',#2823,(#2828,#2835),.PCURVE_S1.);
#2823 = CIRCLE('',#2824,6.);
#2824 = AXIS2_PLACEMENT_3D('',#2825,#2826,#2827);
#2825 = CARTESIAN_POINT('',(-7.1,11.300924497384,3.75));
#2826 = DIRECTION('',(0.,0.,1.));
#2827 = DIRECTION('',(1.,0.,-0.));
#2828 = PCURVE('',#1892,#2829);
#2829 = DEFINITIONAL_REPRESENTATION('',(#2830),#2834);
#2830 = CIRCLE('',#2831,6.);
#2831 = AXIS2_PLACEMENT_2D('',#2832,#2833);
#2832 = CARTESIAN_POINT('',(5.75,-9.749075502616));
#2833 = DIRECTION('',(1.,0.));
#2834 = ( GEOMETRIC_REPRESENTATION_CONTEXT(2) 
PARAMETRIC_REPRESENTATION_CONTEXT() REPRESENTATION_CONTEXT('2D SPACE',''
  ) );
#2835 = PCURVE('',#1864,#2836);
#2836 = DEFINITIONAL_REPRESENTATION('',(#2837),#2841);
#2837 = LINE('',#2838,#2839);
#2838 = CARTESIAN_POINT('',(9.424777960769,0.));
#2839 = VECTOR('',#2840,1.);
#2840 = DIRECTION('',(-1.,0.));
#2841 = ( GEOMETRIC_REPRESENTATION_CONTEXT(2) 
PARAMETRIC_REPRESENTATION_CONTEXT() REPRESENTATION_CONTEXT('2D SPACE',''
  ) );
#2842 = ORIENTED_EDGE('',*,*,#2843,.T.);
#2843 = EDGE_CURVE('',#2820,#2844,#2846,.T.);
#2844 = VERTEX_POINT('',#2845);
#2845 = CARTESIAN_POINT('',(-10.6,6.405329470511,3.75));
#2846 = SURFACE_CURVE('',#2847,(#2851,#2858),.PCURVE_S1.);
#2847 = LINE('',#2848,#2849);
#2848 = CARTESIAN_POINT('',(-10.95672565811,6.70465783867,3.75));
#2849 = VECTOR('',#2850,1.);
#2850 = DIRECTION('',(0.766044443119,-0.642787609687,0.));
#2851 = PCURVE('',#1892,#2852);
#2852 = DEFINITIONAL_REPRESENTATION('',(#2853),#2857);
#2853 = LINE('',#2854,#2855);
#2854 = CARTESIAN_POINT('',(1.893274341881,-14.34534216133));
#2855 = VECTOR('',#2856,1.);
#2856 = DIRECTION('',(0.766044443119,-0.642787609687));
#2857 = ( GEOMETRIC_REPRESENTATION_CONTEXT(2) 
PARAMETRIC_REPRESENTATION_CONTEXT() REPRESENTATION_CONTEXT('2D SPACE',''
  ) );
#2858 = PCURVE('',#2859,#2864);
#2859 = PLANE('',#2860);
#2860 = AXIS2_PLACEMENT_3D('',#2861,#2862,#2863);
#2861 = CARTESIAN_POINT('',(-10.95672565811,6.70465783867,3.75));
#2862 = DIRECTION('',(0.642787609687,0.766044443119,0.));
#2863 = DIRECTION('',(-0.766044443119,0.642787609687,0.));
#2864 = DEFINITIONAL_REPRESENTATION('',(#2865),#2869);
#2865 = LINE('',#2866,#2867);
#2866 = CARTESIAN_POINT('',(0.,0.));
#2867 = VECTOR('',#2868,1.);
#2868 = DIRECTION('',(-1.,0.));
#2869 = ( GEOMETRIC_REPRESENTATION_CONTEXT(2) 
PARAMETRIC_REPRESENTATION_CONTEXT() REPRESENTATION_CONTEXT('2D SPACE',''
  ) );
#2870 = ORIENTED_EDGE('',*,*,#2871,.F.);
#2871 = EDGE_CURVE('',#2872,#2844,#2874,.T.);
#2872 = VERTEX_POINT('',#2873);
#2873 = CARTESIAN_POINT('',(-10.6,12.625403330759,3.75));
#2874 = SURFACE_CURVE('',#2875,(#2879,#2886),.PCURVE_S1.);
#2875 = LINE('',#2876,#2877);
#2876 = CARTESIAN_POINT('',(-10.6,4.8,3.75));
#2877 = VECTOR('',#2878,1.);
#2878 = DIRECTION('',(0.,-1.,0.));
#2879 = PCURVE('',#1892,#2880);
#2880 = DEFINITIONAL_REPRESENTATION('',(#2881),#2885);
#2881 = LINE('',#2882,#2883);
#2882 = CARTESIAN_POINT('',(2.25,-16.25));
#2883 = VECTOR('',#2884,1.);
#2884 = DIRECTION('',(0.,-1.));
#2885 = ( GEOMETRIC_REPRESENTATION_CONTEXT(2) 
PARAMETRIC_REPRESENTATION_CONTEXT() REPRESENTATION_CONTEXT('2D SPACE',''
  ) );
#2886 = PCURVE('',#2887,#2892);
#2887 = PLANE('',#2888);
#2888 = AXIS2_PLACEMENT_3D('',#2889,#2890,#2891);
#2889 = CARTESIAN_POINT('',(-10.6,4.8,3.7));
#2890 = DIRECTION('',(1.,0.,0.));
#2891 = DIRECTION('',(0.,0.,-1.));
#2892 = DEFINITIONAL_REPRESENTATION('',(#2893),#2897);
#2893 = LINE('',#2894,#2895);
#2894 = CARTESIAN_POINT('',(-5.E-02,0.));
#2895 = VECTOR('',#2896,1.);
#2896 = DIRECTION('',(0.,-1.));
#2897 = ( GEOMETRIC_REPRESENTATION_CONTEXT(2) 
PARAMETRIC_REPRESENTATION_CONTEXT() REPRESENTATION_CONTEXT('2D SPACE',''
  ) );
#2898 = ORIENTED_EDGE('',*,*,#2899,.F.);
#2899 = EDGE_CURVE('',#2900,#2872,#2902,.T.);
#2900 = VERTEX_POINT('',#2901);
#2901 = CARTESIAN_POINT('',(-10.8,13.4,3.75));
#2902 = SURFACE_CURVE('',#2903,(#2908,#2915),.PCURVE_S1.);
#2903 = CIRCLE('',#2904,1.6);
#2904 = AXIS2_PLACEMENT_3D('',#2905,#2906,#2907);
#2905 = CARTESIAN_POINT('',(-9.2,13.4,3.75));
#2906 = DIRECTION('',(0.,0.,1.));
#2907 = DIRECTION('',(1.,0.,-0.));
#2908 = PCURVE('',#1892,#2909);
#2909 = DEFINITIONAL_REPRESENTATION('',(#2910),#2914);
#2910 = CIRCLE('',#2911,1.6);
#2911 = AXIS2_PLACEMENT_2D('',#2912,#2913);
#2912 = CARTESIAN_POINT('',(3.65,-7.65));
#2913 = DIRECTION('',(1.,0.));
#2914 = ( GEOMETRIC_REPRESENTATION_CONTEXT(2) 
PARAMETRIC_REPRESENTATION_CONTEXT() REPRESENTATION_CONTEXT('2D SPACE',''
  ) );
#2915 = PCURVE('',#2916,#2921);
#2916 = CYLINDRICAL_SURFACE('',#2917,1.6);
#2917 = AXIS2_PLACEMENT_3D('',#2918,#2919,#2920);
#2918 = CARTESIAN_POINT('',(-9.2,13.4,3.75));
#2919 = DIRECTION('',(0.,0.,-1.));
#2920 = DIRECTION('',(-1.,0.,0.));
#2921 = DEFINITIONAL_REPRESENTATION('',(#2922),#2926);
#2922 = LINE('',#2923,#2924);
#2923 = CARTESIAN_POINT('',(9.424777960769,0.));
#2924 = VECTOR('',#2925,1.);
#2925 = DIRECTION('',(-1.,0.));
#2926 = ( GEOMETRIC_REPRESENTATION_CONTEXT(2) 
PARAMETRIC_REPRESENTATION_CONTEXT() REPRESENTATION_CONTEXT('2D SPACE',''
  ) );
#2927 = ORIENTED_EDGE('',*,*,#2928,.T.);
#2928 = EDGE_CURVE('',#2900,#2772,#2929,.T.);
#2929 = SURFACE_CURVE('',#2930,(#2934,#2941),.PCURVE_S1.);
#2930 = LINE('',#2931,#2932);
#2931 = CARTESIAN_POINT('',(-10.8,13.4,3.75));
#2932 = VECTOR('',#2933,1.);
#2933 = DIRECTION('',(0.,1.,0.));
#2934 = PCURVE('',#1892,#2935);
#2935 = DEFINITIONAL_REPRESENTATION('',(#2936),#2940);
#2936 = LINE('',#2937,#2938);
#2937 = CARTESIAN_POINT('',(2.05,-7.65));
#2938 = VECTOR('',#2939,1.);
#2939 = DIRECTION('',(0.,1.));
#2940 = ( GEOMETRIC_REPRESENTATION_CONTEXT(2) 
PARAMETRIC_REPRESENTATION_CONTEXT() REPRESENTATION_CONTEXT('2D SPACE',''
  ) );
#2941 = PCURVE('',#2942,#2947);
#2942 = PLANE('',#2943);
#2943 = AXIS2_PLACEMENT_3D('',#2944,#2945,#2946);
#2944 = CARTESIAN_POINT('',(-10.8,13.4,3.75));
#2945 = DIRECTION('',(-1.,0.,0.));
#2946 = DIRECTION('',(0.,0.,1.));
#2947 = DEFINITIONAL_REPRESENTATION('',(#2948),#2952);
#2948 = LINE('',#2949,#2950);
#2949 = CARTESIAN_POINT('',(0.,0.));
#2950 = VECTOR('',#2951,1.);
#2951 = DIRECTION('',(0.,1.));
#2952 = ( GEOMETRIC_REPRESENTATION_CONTEXT(2) 
PARAMETRIC_REPRESENTATION_CONTEXT() REPRESENTATION_CONTEXT('2D SPACE',''
  ) );
#2953 = ADVANCED_FACE('',(#2954),#1836,.F.);
#2954 = FACE_BOUND('',#2955,.T.);
#2955 = EDGE_LOOP('',(#2956,#2980,#3003,#3026,#3050,#3073,#3096,#3118));
#2956 = ORIENTED_EDGE('',*,*,#2957,.T.);
#2957 = EDGE_CURVE('',#1793,#2958,#2960,.T.);
#2958 = VERTEX_POINT('',#2959);
#2959 = CARTESIAN_POINT('',(-12.39358222275,15.61374897283,0.15));
#2960 = SURFACE_CURVE('',#2961,(#2966,#2973),.PCURVE_S1.);
#2961 = CIRCLE('',#2962,0.4);
#2962 = AXIS2_PLACEMENT_3D('',#2963,#2964,#2965);
#2963 = CARTESIAN_POINT('',(-12.7,15.870864016705,0.15));
#2964 = DIRECTION('',(0.,0.,1.));
#2965 = DIRECTION('',(1.,0.,-0.));
#2966 = PCURVE('',#1836,#2967);
#2967 = DEFINITIONAL_REPRESENTATION('',(#2968),#2972);
#2968 = CIRCLE('',#2969,0.4);
#2969 = AXIS2_PLACEMENT_2D('',#2970,#2971);
#2970 = CARTESIAN_POINT('',(0.15,-5.179135983295));
#2971 = DIRECTION('',(1.,0.));
#2972 = ( GEOMETRIC_REPRESENTATION_CONTEXT(2) 
PARAMETRIC_REPRESENTATION_CONTEXT() REPRESENTATION_CONTEXT('2D SPACE',''
  ) );
#2973 = PCURVE('',#1808,#2974);
#2974 = DEFINITIONAL_REPRESENTATION('',(#2975),#2979);
#2975 = LINE('',#2976,#2977);
#2976 = CARTESIAN_POINT('',(9.424777960769,4.));
#2977 = VECTOR('',#2978,1.);
#2978 = DIRECTION('',(-1.,0.));
#2979 = ( GEOMETRIC_REPRESENTATION_CONTEXT(2) 
PARAMETRIC_REPRESENTATION_CONTEXT() REPRESENTATION_CONTEXT('2D SPACE',''
  ) );
#2980 = ORIENTED_EDGE('',*,*,#2981,.F.);
#2981 = EDGE_CURVE('',#2982,#2958,#2984,.T.);
#2982 = VERTEX_POINT('',#2983);
#2983 = CARTESIAN_POINT('',(-10.8,17.51290631189,0.15));
#2984 = SURFACE_CURVE('',#2985,(#2989,#2996),.PCURVE_S1.);
#2985 = LINE('',#2986,#2987);
#2986 = CARTESIAN_POINT('',(-9.905331974301,18.579130145696,0.15));
#2987 = VECTOR('',#2988,1.);
#2988 = DIRECTION('',(-0.642787609687,-0.766044443119,0.));
#2989 = PCURVE('',#1836,#2990);
#2990 = DEFINITIONAL_REPRESENTATION('',(#2991),#2995);
#2991 = LINE('',#2992,#2993);
#2992 = CARTESIAN_POINT('',(2.944668025699,-2.470869854304));
#2993 = VECTOR('',#2994,1.);
#2994 = DIRECTION('',(-0.642787609687,-0.766044443119));
#2995 = ( GEOMETRIC_REPRESENTATION_CONTEXT(2) 
PARAMETRIC_REPRESENTATION_CONTEXT() REPRESENTATION_CONTEXT('2D SPACE',''
  ) );
#2996 = PCURVE('',#2381,#2997);
#2997 = DEFINITIONAL_REPRESENTATION('',(#2998),#3002);
#2998 = LINE('',#2999,#3000);
#2999 = CARTESIAN_POINT('',(-1.391856364711,-3.6));
#3000 = VECTOR('',#3001,1.);
#3001 = DIRECTION('',(1.,0.));
#3002 = ( GEOMETRIC_REPRESENTATION_CONTEXT(2) 
PARAMETRIC_REPRESENTATION_CONTEXT() REPRESENTATION_CONTEXT('2D SPACE',''
  ) );
#3003 = ORIENTED_EDGE('',*,*,#3004,.F.);
#3004 = EDGE_CURVE('',#3005,#2982,#3007,.T.);
#3005 = VERTEX_POINT('',#3006);
#3006 = CARTESIAN_POINT('',(-10.8,13.4,0.15));
#3007 = SURFACE_CURVE('',#3008,(#3012,#3019),.PCURVE_S1.);
#3008 = LINE('',#3009,#3010);
#3009 = CARTESIAN_POINT('',(-10.8,13.4,0.15));
#3010 = VECTOR('',#3011,1.);
#3011 = DIRECTION('',(0.,1.,0.));
#3012 = PCURVE('',#1836,#3013);
#3013 = DEFINITIONAL_REPRESENTATION('',(#3014),#3018);
#3014 = LINE('',#3015,#3016);
#3015 = CARTESIAN_POINT('',(2.05,-7.65));
#3016 = VECTOR('',#3017,1.);
#3017 = DIRECTION('',(0.,1.));
#3018 = ( GEOMETRIC_REPRESENTATION_CONTEXT(2) 
PARAMETRIC_REPRESENTATION_CONTEXT() REPRESENTATION_CONTEXT('2D SPACE',''
  ) );
#3019 = PCURVE('',#2942,#3020);
#3020 = DEFINITIONAL_REPRESENTATION('',(#3021),#3025);
#3021 = LINE('',#3022,#3023);
#3022 = CARTESIAN_POINT('',(-3.6,0.));
#3023 = VECTOR('',#3024,1.);
#3024 = DIRECTION('',(0.,1.));
#3025 = ( GEOMETRIC_REPRESENTATION_CONTEXT(2) 
PARAMETRIC_REPRESENTATION_CONTEXT() REPRESENTATION_CONTEXT('2D SPACE',''
  ) );
#3026 = ORIENTED_EDGE('',*,*,#3027,.T.);
#3027 = EDGE_CURVE('',#3005,#3028,#3030,.T.);
#3028 = VERTEX_POINT('',#3029);
#3029 = CARTESIAN_POINT('',(-10.6,12.625403330759,0.15));
#3030 = SURFACE_CURVE('',#3031,(#3036,#3043),.PCURVE_S1.);
#3031 = CIRCLE('',#3032,1.6);
#3032 = AXIS2_PLACEMENT_3D('',#3033,#3034,#3035);
#3033 = CARTESIAN_POINT('',(-9.2,13.4,0.15));
#3034 = DIRECTION('',(0.,0.,1.));
#3035 = DIRECTION('',(1.,0.,-0.));
#3036 = PCURVE('',#1836,#3037);
#3037 = DEFINITIONAL_REPRESENTATION('',(#3038),#3042);
#3038 = CIRCLE('',#3039,1.6);
#3039 = AXIS2_PLACEMENT_2D('',#3040,#3041);
#3040 = CARTESIAN_POINT('',(3.65,-7.65));
#3041 = DIRECTION('',(1.,0.));
#3042 = ( GEOMETRIC_REPRESENTATION_CONTEXT(2) 
PARAMETRIC_REPRESENTATION_CONTEXT() REPRESENTATION_CONTEXT('2D SPACE',''
  ) );
#3043 = PCURVE('',#2916,#3044);
#3044 = DEFINITIONAL_REPRESENTATION('',(#3045),#3049);
#3045 = LINE('',#3046,#3047);
#3046 = CARTESIAN_POINT('',(9.424777960769,3.6));
#3047 = VECTOR('',#3048,1.);
#3048 = DIRECTION('',(-1.,0.));
#3049 = ( GEOMETRIC_REPRESENTATION_CONTEXT(2) 
PARAMETRIC_REPRESENTATION_CONTEXT() REPRESENTATION_CONTEXT('2D SPACE',''
  ) );
#3050 = ORIENTED_EDGE('',*,*,#3051,.T.);
#3051 = EDGE_CURVE('',#3028,#3052,#3054,.T.);
#3052 = VERTEX_POINT('',#3053);
#3053 = CARTESIAN_POINT('',(-10.6,6.405329470511,0.15));
#3054 = SURFACE_CURVE('',#3055,(#3059,#3066),.PCURVE_S1.);
#3055 = LINE('',#3056,#3057);
#3056 = CARTESIAN_POINT('',(-10.6,4.8,0.15));
#3057 = VECTOR('',#3058,1.);
#3058 = DIRECTION('',(0.,-1.,0.));
#3059 = PCURVE('',#1836,#3060);
#3060 = DEFINITIONAL_REPRESENTATION('',(#3061),#3065);
#3061 = LINE('',#3062,#3063);
#3062 = CARTESIAN_POINT('',(2.25,-16.25));
#3063 = VECTOR('',#3064,1.);
#3064 = DIRECTION('',(0.,-1.));
#3065 = ( GEOMETRIC_REPRESENTATION_CONTEXT(2) 
PARAMETRIC_REPRESENTATION_CONTEXT() REPRESENTATION_CONTEXT('2D SPACE',''
  ) );
#3066 = PCURVE('',#2887,#3067);
#3067 = DEFINITIONAL_REPRESENTATION('',(#3068),#3072);
#3068 = LINE('',#3069,#3070);
#3069 = CARTESIAN_POINT('',(3.55,0.));
#3070 = VECTOR('',#3071,1.);
#3071 = DIRECTION('',(0.,-1.));
#3072 = ( GEOMETRIC_REPRESENTATION_CONTEXT(2) 
PARAMETRIC_REPRESENTATION_CONTEXT() REPRESENTATION_CONTEXT('2D SPACE',''
  ) );
#3073 = ORIENTED_EDGE('',*,*,#3074,.F.);
#3074 = EDGE_CURVE('',#3075,#3052,#3077,.T.);
#3075 = VERTEX_POINT('',#3076);
#3076 = CARTESIAN_POINT('',(-10.95672565811,6.70465783867,0.15));
#3077 = SURFACE_CURVE('',#3078,(#3082,#3089),.PCURVE_S1.);
#3078 = LINE('',#3079,#3080);
#3079 = CARTESIAN_POINT('',(-10.95672565811,6.70465783867,0.15));
#3080 = VECTOR('',#3081,1.);
#3081 = DIRECTION('',(0.766044443119,-0.642787609687,0.));
#3082 = PCURVE('',#1836,#3083);
#3083 = DEFINITIONAL_REPRESENTATION('',(#3084),#3088);
#3084 = LINE('',#3085,#3086);
#3085 = CARTESIAN_POINT('',(1.893274341881,-14.34534216133));
#3086 = VECTOR('',#3087,1.);
#3087 = DIRECTION('',(0.766044443119,-0.642787609687));
#3088 = ( GEOMETRIC_REPRESENTATION_CONTEXT(2) 
PARAMETRIC_REPRESENTATION_CONTEXT() REPRESENTATION_CONTEXT('2D SPACE',''
  ) );
#3089 = PCURVE('',#2859,#3090);
#3090 = DEFINITIONAL_REPRESENTATION('',(#3091),#3095);
#3091 = LINE('',#3092,#3093);
#3092 = CARTESIAN_POINT('',(0.,-3.6));
#3093 = VECTOR('',#3094,1.);
#3094 = DIRECTION('',(-1.,0.));
#3095 = ( GEOMETRIC_REPRESENTATION_CONTEXT(2) 
PARAMETRIC_REPRESENTATION_CONTEXT() REPRESENTATION_CONTEXT('2D SPACE',''
  ) );
#3096 = ORIENTED_EDGE('',*,*,#3097,.F.);
#3097 = EDGE_CURVE('',#1821,#3075,#3098,.T.);
#3098 = SURFACE_CURVE('',#3099,(#3104,#3111),.PCURVE_S1.);
#3099 = CIRCLE('',#3100,6.);
#3100 = AXIS2_PLACEMENT_3D('',#3101,#3102,#3103);
#3101 = CARTESIAN_POINT('',(-7.1,11.300924497384,0.15));
#3102 = DIRECTION('',(0.,0.,1.));
#3103 = DIRECTION('',(1.,0.,-0.));
#3104 = PCURVE('',#1836,#3105);
#3105 = DEFINITIONAL_REPRESENTATION('',(#3106),#3110);
#3106 = CIRCLE('',#3107,6.);
#3107 = AXIS2_PLACEMENT_2D('',#3108,#3109);
#3108 = CARTESIAN_POINT('',(5.75,-9.749075502616));
#3109 = DIRECTION('',(1.,0.));
#3110 = ( GEOMETRIC_REPRESENTATION_CONTEXT(2) 
PARAMETRIC_REPRESENTATION_CONTEXT() REPRESENTATION_CONTEXT('2D SPACE',''
  ) );
#3111 = PCURVE('',#1864,#3112);
#3112 = DEFINITIONAL_REPRESENTATION('',(#3113),#3117);
#3113 = LINE('',#3114,#3115);
#3114 = CARTESIAN_POINT('',(9.424777960769,3.6));
#3115 = VECTOR('',#3116,1.);
#3116 = DIRECTION('',(-1.,0.));
#3117 = ( GEOMETRIC_REPRESENTATION_CONTEXT(2) 
PARAMETRIC_REPRESENTATION_CONTEXT() REPRESENTATION_CONTEXT('2D SPACE',''
  ) );
#3118 = ORIENTED_EDGE('',*,*,#1820,.F.);
#3119 = ADVANCED_FACE('',(#3120),#3135,.T.);
#3120 = FACE_BOUND('',#3121,.T.);
#3121 = EDGE_LOOP('',(#3122,#3158,#3186,#3210));
#3122 = ORIENTED_EDGE('',*,*,#3123,.F.);
#3123 = EDGE_CURVE('',#3124,#3126,#3128,.T.);
#3124 = VERTEX_POINT('',#3125);
#3125 = CARTESIAN_POINT('',(-13.1,14.11967135564,8.9));
#3126 = VERTEX_POINT('',#3127);
#3127 = CARTESIAN_POINT('',(-13.02981333293,14.312507638546,8.9));
#3128 = SURFACE_CURVE('',#3129,(#3134,#3146),.PCURVE_S1.);
#3129 = CIRCLE('',#3130,0.3);
#3130 = AXIS2_PLACEMENT_3D('',#3131,#3132,#3133);
#3131 = CARTESIAN_POINT('',(-12.8,14.11967135564,8.9));
#3132 = DIRECTION('',(0.,0.,-1.));
#3133 = DIRECTION('',(-1.,0.,0.));
#3134 = PCURVE('',#3135,#3140);
#3135 = CYLINDRICAL_SURFACE('',#3136,0.3);
#3136 = AXIS2_PLACEMENT_3D('',#3137,#3138,#3139);
#3137 = CARTESIAN_POINT('',(-12.8,14.11967135564,10.));
#3138 = DIRECTION('',(0.,0.,-1.));
#3139 = DIRECTION('',(-1.,0.,0.));
#3140 = DEFINITIONAL_REPRESENTATION('',(#3141),#3145);
#3141 = LINE('',#3142,#3143);
#3142 = CARTESIAN_POINT('',(0.,1.1));
#3143 = VECTOR('',#3144,1.);
#3144 = DIRECTION('',(1.,0.));
#3145 = ( GEOMETRIC_REPRESENTATION_CONTEXT(2) 
PARAMETRIC_REPRESENTATION_CONTEXT() REPRESENTATION_CONTEXT('2D SPACE',''
  ) );
#3146 = PCURVE('',#3147,#3152);
#3147 = PLANE('',#3148);
#3148 = AXIS2_PLACEMENT_3D('',#3149,#3150,#3151);
#3149 = CARTESIAN_POINT('',(-10.6,18.4,8.9));
#3150 = DIRECTION('',(0.,0.,-1.));
#3151 = DIRECTION('',(-1.,0.,0.));
#3152 = DEFINITIONAL_REPRESENTATION('',(#3153),#3157);
#3153 = CIRCLE('',#3154,0.3);
#3154 = AXIS2_PLACEMENT_2D('',#3155,#3156);
#3155 = CARTESIAN_POINT('',(2.2,-4.28032864436));
#3156 = DIRECTION('',(1.,0.));
#3157 = ( GEOMETRIC_REPRESENTATION_CONTEXT(2) 
PARAMETRIC_REPRESENTATION_CONTEXT() REPRESENTATION_CONTEXT('2D SPACE',''
  ) );
#3158 = ORIENTED_EDGE('',*,*,#3159,.F.);
#3159 = EDGE_CURVE('',#3160,#3124,#3162,.T.);
#3160 = VERTEX_POINT('',#3161);
#3161 = CARTESIAN_POINT('',(-13.1,14.11967135564,10.));
#3162 = SURFACE_CURVE('',#3163,(#3167,#3174),.PCURVE_S1.);
#3163 = LINE('',#3164,#3165);
#3164 = CARTESIAN_POINT('',(-13.1,14.11967135564,10.));
#3165 = VECTOR('',#3166,1.);
#3166 = DIRECTION('',(0.,0.,-1.));
#3167 = PCURVE('',#3135,#3168);
#3168 = DEFINITIONAL_REPRESENTATION('',(#3169),#3173);
#3169 = LINE('',#3170,#3171);
#3170 = CARTESIAN_POINT('',(0.,0.));
#3171 = VECTOR('',#3172,1.);
#3172 = DIRECTION('',(0.,1.));
#3173 = ( GEOMETRIC_REPRESENTATION_CONTEXT(2) 
PARAMETRIC_REPRESENTATION_CONTEXT() REPRESENTATION_CONTEXT('2D SPACE',''
  ) );
#3174 = PCURVE('',#3175,#3180);
#3175 = PLANE('',#3176);
#3176 = AXIS2_PLACEMENT_3D('',#3177,#3178,#3179);
#3177 = CARTESIAN_POINT('',(-13.1,14.11967135564,10.));
#3178 = DIRECTION('',(1.,0.,0.));
#3179 = DIRECTION('',(0.,0.,-1.));
#3180 = DEFINITIONAL_REPRESENTATION('',(#3181),#3185);
#3181 = LINE('',#3182,#3183);
#3182 = CARTESIAN_POINT('',(0.,0.));
#3183 = VECTOR('',#3184,1.);
#3184 = DIRECTION('',(1.,0.));
#3185 = ( GEOMETRIC_REPRESENTATION_CONTEXT(2) 
PARAMETRIC_REPRESENTATION_CONTEXT() REPRESENTATION_CONTEXT('2D SPACE',''
  ) );
#3186 = ORIENTED_EDGE('',*,*,#3187,.F.);
#3187 = EDGE_CURVE('',#3188,#3160,#3190,.T.);
#3188 = VERTEX_POINT('',#3189);
#3189 = CARTESIAN_POINT('',(-13.02981333293,14.312507638546,10.));
#3190 = SURFACE_CURVE('',#3191,(#3196,#3203),.PCURVE_S1.);
#3191 = CIRCLE('',#3192,0.3);
#3192 = AXIS2_PLACEMENT_3D('',#3193,#3194,#3195);
#3193 = CARTESIAN_POINT('',(-12.8,14.11967135564,10.));
#3194 = DIRECTION('',(0.,0.,1.));
#3195 = DIRECTION('',(1.,0.,-0.));
#3196 = PCURVE('',#3135,#3197);
#3197 = DEFINITIONAL_REPRESENTATION('',(#3198),#3202);
#3198 = LINE('',#3199,#3200);
#3199 = CARTESIAN_POINT('',(3.14159265359,0.));
#3200 = VECTOR('',#3201,1.);
#3201 = DIRECTION('',(-1.,0.));
#3202 = ( GEOMETRIC_REPRESENTATION_CONTEXT(2) 
PARAMETRIC_REPRESENTATION_CONTEXT() REPRESENTATION_CONTEXT('2D SPACE',''
  ) );
#3203 = PCURVE('',#168,#3204);
#3204 = DEFINITIONAL_REPRESENTATION('',(#3205),#3209);
#3205 = CIRCLE('',#3206,0.3);
#3206 = AXIS2_PLACEMENT_2D('',#3207,#3208);
#3207 = CARTESIAN_POINT('',(0.,0.));
#3208 = DIRECTION('',(1.,0.));
#3209 = ( GEOMETRIC_REPRESENTATION_CONTEXT(2) 
PARAMETRIC_REPRESENTATION_CONTEXT() REPRESENTATION_CONTEXT('2D SPACE',''
  ) );
#3210 = ORIENTED_EDGE('',*,*,#3211,.T.);
#3211 = EDGE_CURVE('',#3188,#3126,#3212,.T.);
#3212 = SURFACE_CURVE('',#3213,(#3217,#3224),.PCURVE_S1.);
#3213 = LINE('',#3214,#3215);
#3214 = CARTESIAN_POINT('',(-13.02981333293,14.312507638546,10.));
#3215 = VECTOR('',#3216,1.);
#3216 = DIRECTION('',(0.,0.,-1.));
#3217 = PCURVE('',#3135,#3218);
#3218 = DEFINITIONAL_REPRESENTATION('',(#3219),#3223);
#3219 = LINE('',#3220,#3221);
#3220 = CARTESIAN_POINT('',(0.698131700798,0.));
#3221 = VECTOR('',#3222,1.);
#3222 = DIRECTION('',(0.,1.));
#3223 = ( GEOMETRIC_REPRESENTATION_CONTEXT(2) 
PARAMETRIC_REPRESENTATION_CONTEXT() REPRESENTATION_CONTEXT('2D SPACE',''
  ) );
#3224 = PCURVE('',#3225,#3230);
#3225 = PLANE('',#3226);
#3226 = AXIS2_PLACEMENT_3D('',#3227,#3228,#3229);
#3227 = CARTESIAN_POINT('',(-9.689921035489,18.292836282906,10.));
#3228 = DIRECTION('',(0.766044443119,-0.642787609687,0.));
#3229 = DIRECTION('',(0.642787609687,0.766044443119,0.));
#3230 = DEFINITIONAL_REPRESENTATION('',(#3231),#3235);
#3231 = LINE('',#3232,#3233);
#3232 = CARTESIAN_POINT('',(-5.195950026285,0.));
#3233 = VECTOR('',#3234,1.);
#3234 = DIRECTION('',(0.,-1.));
#3235 = ( GEOMETRIC_REPRESENTATION_CONTEXT(2) 
PARAMETRIC_REPRESENTATION_CONTEXT() REPRESENTATION_CONTEXT('2D SPACE',''
  ) );
#3236 = ADVANCED_FACE('',(#3237),#3252,.T.);
#3237 = FACE_BOUND('',#3238,.T.);
#3238 = EDGE_LOOP('',(#3239,#3275,#3298,#3327));
#3239 = ORIENTED_EDGE('',*,*,#3240,.F.);
#3240 = EDGE_CURVE('',#3241,#3243,#3245,.T.);
#3241 = VERTEX_POINT('',#3242);
#3242 = CARTESIAN_POINT('',(-13.02981333293,14.312507638546,5.));
#3243 = VERTEX_POINT('',#3244);
#3244 = CARTESIAN_POINT('',(-13.1,14.11967135564,5.));
#3245 = SURFACE_CURVE('',#3246,(#3251,#3263),.PCURVE_S1.);
#3246 = CIRCLE('',#3247,0.3);
#3247 = AXIS2_PLACEMENT_3D('',#3248,#3249,#3250);
#3248 = CARTESIAN_POINT('',(-12.8,14.11967135564,5.));
#3249 = DIRECTION('',(0.,0.,1.));
#3250 = DIRECTION('',(1.,0.,-0.));
#3251 = PCURVE('',#3252,#3257);
#3252 = CYLINDRICAL_SURFACE('',#3253,0.3);
#3253 = AXIS2_PLACEMENT_3D('',#3254,#3255,#3256);
#3254 = CARTESIAN_POINT('',(-12.8,14.11967135564,10.));
#3255 = DIRECTION('',(0.,0.,-1.));
#3256 = DIRECTION('',(-1.,0.,0.));
#3257 = DEFINITIONAL_REPRESENTATION('',(#3258),#3262);
#3258 = LINE('',#3259,#3260);
#3259 = CARTESIAN_POINT('',(3.14159265359,5.));
#3260 = VECTOR('',#3261,1.);
#3261 = DIRECTION('',(-1.,0.));
#3262 = ( GEOMETRIC_REPRESENTATION_CONTEXT(2) 
PARAMETRIC_REPRESENTATION_CONTEXT() REPRESENTATION_CONTEXT('2D SPACE',''
  ) );
#3263 = PCURVE('',#3264,#3269);
#3264 = PLANE('',#3265);
#3265 = AXIS2_PLACEMENT_3D('',#3266,#3267,#3268);
#3266 = CARTESIAN_POINT('',(-10.6,4.6,5.));
#3267 = DIRECTION('',(0.,0.,1.));
#3268 = DIRECTION('',(1.,0.,-0.));
#3269 = DEFINITIONAL_REPRESENTATION('',(#3270),#3274);
#3270 = CIRCLE('',#3271,0.3);
#3271 = AXIS2_PLACEMENT_2D('',#3272,#3273);
#3272 = CARTESIAN_POINT('',(-2.2,9.51967135564));
#3273 = DIRECTION('',(1.,0.));
#3274 = ( GEOMETRIC_REPRESENTATION_CONTEXT(2) 
PARAMETRIC_REPRESENTATION_CONTEXT() REPRESENTATION_CONTEXT('2D SPACE',''
  ) );
#3275 = ORIENTED_EDGE('',*,*,#3276,.T.);
#3276 = EDGE_CURVE('',#3241,#3277,#3279,.T.);
#3277 = VERTEX_POINT('',#3278);
#3278 = CARTESIAN_POINT('',(-13.02981333293,14.312507638546,3.9));
#3279 = SURFACE_CURVE('',#3280,(#3284,#3291),.PCURVE_S1.);
#3280 = LINE('',#3281,#3282);
#3281 = CARTESIAN_POINT('',(-13.02981333293,14.312507638546,10.));
#3282 = VECTOR('',#3283,1.);
#3283 = DIRECTION('',(0.,0.,-1.));
#3284 = PCURVE('',#3252,#3285);
#3285 = DEFINITIONAL_REPRESENTATION('',(#3286),#3290);
#3286 = LINE('',#3287,#3288);
#3287 = CARTESIAN_POINT('',(0.698131700798,0.));
#3288 = VECTOR('',#3289,1.);
#3289 = DIRECTION('',(0.,1.));
#3290 = ( GEOMETRIC_REPRESENTATION_CONTEXT(2) 
PARAMETRIC_REPRESENTATION_CONTEXT() REPRESENTATION_CONTEXT('2D SPACE',''
  ) );
#3291 = PCURVE('',#3225,#3292);
#3292 = DEFINITIONAL_REPRESENTATION('',(#3293),#3297);
#3293 = LINE('',#3294,#3295);
#3294 = CARTESIAN_POINT('',(-5.195950026285,0.));
#3295 = VECTOR('',#3296,1.);
#3296 = DIRECTION('',(0.,-1.));
#3297 = ( GEOMETRIC_REPRESENTATION_CONTEXT(2) 
PARAMETRIC_REPRESENTATION_CONTEXT() REPRESENTATION_CONTEXT('2D SPACE',''
  ) );
#3298 = ORIENTED_EDGE('',*,*,#3299,.F.);
#3299 = EDGE_CURVE('',#3300,#3277,#3302,.T.);
#3300 = VERTEX_POINT('',#3301);
#3301 = CARTESIAN_POINT('',(-13.1,14.11967135564,3.9));
#3302 = SURFACE_CURVE('',#3303,(#3308,#3315),.PCURVE_S1.);
#3303 = CIRCLE('',#3304,0.3);
#3304 = AXIS2_PLACEMENT_3D('',#3305,#3306,#3307);
#3305 = CARTESIAN_POINT('',(-12.8,14.11967135564,3.9));
#3306 = DIRECTION('',(0.,0.,-1.));
#3307 = DIRECTION('',(-1.,0.,0.));
#3308 = PCURVE('',#3252,#3309);
#3309 = DEFINITIONAL_REPRESENTATION('',(#3310),#3314);
#3310 = LINE('',#3311,#3312);
#3311 = CARTESIAN_POINT('',(0.,6.1));
#3312 = VECTOR('',#3313,1.);
#3313 = DIRECTION('',(1.,0.));
#3314 = ( GEOMETRIC_REPRESENTATION_CONTEXT(2) 
PARAMETRIC_REPRESENTATION_CONTEXT() REPRESENTATION_CONTEXT('2D SPACE',''
  ) );
#3315 = PCURVE('',#3316,#3321);
#3316 = PLANE('',#3317);
#3317 = AXIS2_PLACEMENT_3D('',#3318,#3319,#3320);
#3318 = CARTESIAN_POINT('',(-10.6,18.4,3.9));
#3319 = DIRECTION('',(0.,0.,-1.));
#3320 = DIRECTION('',(-1.,0.,0.));
#3321 = DEFINITIONAL_REPRESENTATION('',(#3322),#3326);
#3322 = CIRCLE('',#3323,0.3);
#3323 = AXIS2_PLACEMENT_2D('',#3324,#3325);
#3324 = CARTESIAN_POINT('',(2.2,-4.28032864436));
#3325 = DIRECTION('',(1.,0.));
#3326 = ( GEOMETRIC_REPRESENTATION_CONTEXT(2) 
PARAMETRIC_REPRESENTATION_CONTEXT() REPRESENTATION_CONTEXT('2D SPACE',''
  ) );
#3327 = ORIENTED_EDGE('',*,*,#3328,.F.);
#3328 = EDGE_CURVE('',#3243,#3300,#3329,.T.);
#3329 = SURFACE_CURVE('',#3330,(#3334,#3341),.PCURVE_S1.);
#3330 = LINE('',#3331,#3332);
#3331 = CARTESIAN_POINT('',(-13.1,14.11967135564,10.));
#3332 = VECTOR('',#3333,1.);
#3333 = DIRECTION('',(0.,0.,-1.));
#3334 = PCURVE('',#3252,#3335);
#3335 = DEFINITIONAL_REPRESENTATION('',(#3336),#3340);
#3336 = LINE('',#3337,#3338);
#3337 = CARTESIAN_POINT('',(0.,0.));
#3338 = VECTOR('',#3339,1.);
#3339 = DIRECTION('',(0.,1.));
#3340 = ( GEOMETRIC_REPRESENTATION_CONTEXT(2) 
PARAMETRIC_REPRESENTATION_CONTEXT() REPRESENTATION_CONTEXT('2D SPACE',''
  ) );
#3341 = PCURVE('',#3175,#3342);
#3342 = DEFINITIONAL_REPRESENTATION('',(#3343),#3347);
#3343 = LINE('',#3344,#3345);
#3344 = CARTESIAN_POINT('',(0.,0.));
#3345 = VECTOR('',#3346,1.);
#3346 = DIRECTION('',(1.,0.));
#3347 = ( GEOMETRIC_REPRESENTATION_CONTEXT(2) 
PARAMETRIC_REPRESENTATION_CONTEXT() REPRESENTATION_CONTEXT('2D SPACE',''
  ) );
#3348 = ADVANCED_FACE('',(#3349,#3521,#3693,#3728,#3763),#3175,.F.);
#3349 = FACE_BOUND('',#3350,.T.);
#3350 = EDGE_LOOP('',(#3351,#3381,#3409,#3437,#3466,#3494));
#3351 = ORIENTED_EDGE('',*,*,#3352,.T.);
#3352 = EDGE_CURVE('',#3353,#3355,#3357,.T.);
#3353 = VERTEX_POINT('',#3354);
#3354 = CARTESIAN_POINT('',(-13.1,3.8,8.6));
#3355 = VERTEX_POINT('',#3356);
#3356 = CARTESIAN_POINT('',(-13.1,3.8,9.25));
#3357 = SURFACE_CURVE('',#3358,(#3362,#3369),.PCURVE_S1.);
#3358 = LINE('',#3359,#3360);
#3359 = CARTESIAN_POINT('',(-13.1,3.8,8.6));
#3360 = VECTOR('',#3361,1.);
#3361 = DIRECTION('',(0.,0.,1.));
#3362 = PCURVE('',#3175,#3363);
#3363 = DEFINITIONAL_REPRESENTATION('',(#3364),#3368);
#3364 = LINE('',#3365,#3366);
#3365 = CARTESIAN_POINT('',(1.4,-10.31967135564));
#3366 = VECTOR('',#3367,1.);
#3367 = DIRECTION('',(-1.,0.));
#3368 = ( GEOMETRIC_REPRESENTATION_CONTEXT(2) 
PARAMETRIC_REPRESENTATION_CONTEXT() REPRESENTATION_CONTEXT('2D SPACE',''
  ) );
#3369 = PCURVE('',#3370,#3375);
#3370 = PLANE('',#3371);
#3371 = AXIS2_PLACEMENT_3D('',#3372,#3373,#3374);
#3372 = CARTESIAN_POINT('',(-11.1,3.8,8.6));
#3373 = DIRECTION('',(0.,-1.,0.));
#3374 = DIRECTION('',(0.,0.,-1.));
#3375 = DEFINITIONAL_REPRESENTATION('',(#3376),#3380);
#3376 = LINE('',#3377,#3378);
#3377 = CARTESIAN_POINT('',(0.,-2.));
#3378 = VECTOR('',#3379,1.);
#3379 = DIRECTION('',(-1.,0.));
#3380 = ( GEOMETRIC_REPRESENTATION_CONTEXT(2) 
PARAMETRIC_REPRESENTATION_CONTEXT() REPRESENTATION_CONTEXT('2D SPACE',''
  ) );
#3381 = ORIENTED_EDGE('',*,*,#3382,.T.);
#3382 = EDGE_CURVE('',#3355,#3383,#3385,.T.);
#3383 = VERTEX_POINT('',#3384);
#3384 = CARTESIAN_POINT('',(-13.1,0.8,9.25));
#3385 = SURFACE_CURVE('',#3386,(#3390,#3397),.PCURVE_S1.);
#3386 = LINE('',#3387,#3388);
#3387 = CARTESIAN_POINT('',(-13.1,3.8,9.25));
#3388 = VECTOR('',#3389,1.);
#3389 = DIRECTION('',(0.,-1.,0.));
#3390 = PCURVE('',#3175,#3391);
#3391 = DEFINITIONAL_REPRESENTATION('',(#3392),#3396);
#3392 = LINE('',#3393,#3394);
#3393 = CARTESIAN_POINT('',(0.75,-10.31967135564));
#3394 = VECTOR('',#3395,1.);
#3395 = DIRECTION('',(0.,-1.));
#3396 = ( GEOMETRIC_REPRESENTATION_CONTEXT(2) 
PARAMETRIC_REPRESENTATION_CONTEXT() REPRESENTATION_CONTEXT('2D SPACE',''
  ) );
#3397 = PCURVE('',#3398,#3403);
#3398 = PLANE('',#3399);
#3399 = AXIS2_PLACEMENT_3D('',#3400,#3401,#3402);
#3400 = CARTESIAN_POINT('',(-11.1,3.8,9.25));
#3401 = DIRECTION('',(0.,0.,-1.));
#3402 = DIRECTION('',(-1.,0.,0.));
#3403 = DEFINITIONAL_REPRESENTATION('',(#3404),#3408);
#3404 = LINE('',#3405,#3406);
#3405 = CARTESIAN_POINT('',(2.,0.));
#3406 = VECTOR('',#3407,1.);
#3407 = DIRECTION('',(0.,-1.));
#3408 = ( GEOMETRIC_REPRESENTATION_CONTEXT(2) 
PARAMETRIC_REPRESENTATION_CONTEXT() REPRESENTATION_CONTEXT('2D SPACE',''
  ) );
#3409 = ORIENTED_EDGE('',*,*,#3410,.T.);
#3410 = EDGE_CURVE('',#3383,#3411,#3413,.T.);
#3411 = VERTEX_POINT('',#3412);
#3412 = CARTESIAN_POINT('',(-13.1,0.8,8.6));
#3413 = SURFACE_CURVE('',#3414,(#3418,#3425),.PCURVE_S1.);
#3414 = LINE('',#3415,#3416);
#3415 = CARTESIAN_POINT('',(-13.1,0.8,9.25));
#3416 = VECTOR('',#3417,1.);
#3417 = DIRECTION('',(0.,3.336006684571E-16,-1.));
#3418 = PCURVE('',#3175,#3419);
#3419 = DEFINITIONAL_REPRESENTATION('',(#3420),#3424);
#3420 = LINE('',#3421,#3422);
#3421 = CARTESIAN_POINT('',(0.75,-13.31967135564));
#3422 = VECTOR('',#3423,1.);
#3423 = DIRECTION('',(1.,3.336006684571E-16));
#3424 = ( GEOMETRIC_REPRESENTATION_CONTEXT(2) 
PARAMETRIC_REPRESENTATION_CONTEXT() REPRESENTATION_CONTEXT('2D SPACE',''
  ) );
#3425 = PCURVE('',#3426,#3431);
#3426 = PLANE('',#3427);
#3427 = AXIS2_PLACEMENT_3D('',#3428,#3429,#3430);
#3428 = CARTESIAN_POINT('',(-11.1,0.8,9.25));
#3429 = DIRECTION('',(0.,1.,3.336006684571E-16));
#3430 = DIRECTION('',(0.,-3.336006684571E-16,1.));
#3431 = DEFINITIONAL_REPRESENTATION('',(#3432),#3436);
#3432 = LINE('',#3433,#3434);
#3433 = CARTESIAN_POINT('',(0.,-2.));
#3434 = VECTOR('',#3435,1.);
#3435 = DIRECTION('',(-1.,0.));
#3436 = ( GEOMETRIC_REPRESENTATION_CONTEXT(2) 
PARAMETRIC_REPRESENTATION_CONTEXT() REPRESENTATION_CONTEXT('2D SPACE',''
  ) );
#3437 = ORIENTED_EDGE('',*,*,#3438,.T.);
#3438 = EDGE_CURVE('',#3411,#3439,#3441,.T.);
#3439 = VERTEX_POINT('',#3440);
#3440 = CARTESIAN_POINT('',(-13.1,1.1,8.3));
#3441 = SURFACE_CURVE('',#3442,(#3447,#3454),.PCURVE_S1.);
#3442 = CIRCLE('',#3443,0.3);
#3443 = AXIS2_PLACEMENT_3D('',#3444,#3445,#3446);
#3444 = CARTESIAN_POINT('',(-13.1,1.1,8.6));
#3445 = DIRECTION('',(1.,0.,0.));
#3446 = DIRECTION('',(0.,0.,-1.));
#3447 = PCURVE('',#3175,#3448);
#3448 = DEFINITIONAL_REPRESENTATION('',(#3449),#3453);
#3449 = CIRCLE('',#3450,0.3);
#3450 = AXIS2_PLACEMENT_2D('',#3451,#3452);
#3451 = CARTESIAN_POINT('',(1.4,-13.01967135564));
#3452 = DIRECTION('',(1.,0.));
#3453 = ( GEOMETRIC_REPRESENTATION_CONTEXT(2) 
PARAMETRIC_REPRESENTATION_CONTEXT() REPRESENTATION_CONTEXT('2D SPACE',''
  ) );
#3454 = PCURVE('',#3455,#3460);
#3455 = CYLINDRICAL_SURFACE('',#3456,0.3);
#3456 = AXIS2_PLACEMENT_3D('',#3457,#3458,#3459);
#3457 = CARTESIAN_POINT('',(-11.1,1.1,8.6));
#3458 = DIRECTION('',(-1.,0.,0.));
#3459 = DIRECTION('',(0.,0.,1.));
#3460 = DEFINITIONAL_REPRESENTATION('',(#3461),#3465);
#3461 = LINE('',#3462,#3463);
#3462 = CARTESIAN_POINT('',(9.424777960769,2.));
#3463 = VECTOR('',#3464,1.);
#3464 = DIRECTION('',(-1.,0.));
#3465 = ( GEOMETRIC_REPRESENTATION_CONTEXT(2) 
PARAMETRIC_REPRESENTATION_CONTEXT() REPRESENTATION_CONTEXT('2D SPACE',''
  ) );
#3466 = ORIENTED_EDGE('',*,*,#3467,.T.);
#3467 = EDGE_CURVE('',#3439,#3468,#3470,.T.);
#3468 = VERTEX_POINT('',#3469);
#3469 = CARTESIAN_POINT('',(-13.1,3.5,8.3));
#3470 = SURFACE_CURVE('',#3471,(#3475,#3482),.PCURVE_S1.);
#3471 = LINE('',#3472,#3473);
#3472 = CARTESIAN_POINT('',(-13.1,1.1,8.3));
#3473 = VECTOR('',#3474,1.);
#3474 = DIRECTION('',(0.,1.,0.));
#3475 = PCURVE('',#3175,#3476);
#3476 = DEFINITIONAL_REPRESENTATION('',(#3477),#3481);
#3477 = LINE('',#3478,#3479);
#3478 = CARTESIAN_POINT('',(1.7,-13.01967135564));
#3479 = VECTOR('',#3480,1.);
#3480 = DIRECTION('',(0.,1.));
#3481 = ( GEOMETRIC_REPRESENTATION_CONTEXT(2) 
PARAMETRIC_REPRESENTATION_CONTEXT() REPRESENTATION_CONTEXT('2D SPACE',''
  ) );
#3482 = PCURVE('',#3483,#3488);
#3483 = PLANE('',#3484);
#3484 = AXIS2_PLACEMENT_3D('',#3485,#3486,#3487);
#3485 = CARTESIAN_POINT('',(-11.1,1.1,8.3));
#3486 = DIRECTION('',(0.,0.,1.));
#3487 = DIRECTION('',(1.,0.,-0.));
#3488 = DEFINITIONAL_REPRESENTATION('',(#3489),#3493);
#3489 = LINE('',#3490,#3491);
#3490 = CARTESIAN_POINT('',(-2.,0.));
#3491 = VECTOR('',#3492,1.);
#3492 = DIRECTION('',(0.,1.));
#3493 = ( GEOMETRIC_REPRESENTATION_CONTEXT(2) 
PARAMETRIC_REPRESENTATION_CONTEXT() REPRESENTATION_CONTEXT('2D SPACE',''
  ) );
#3494 = ORIENTED_EDGE('',*,*,#3495,.T.);
#3495 = EDGE_CURVE('',#3468,#3353,#3496,.T.);
#3496 = SURFACE_CURVE('',#3497,(#3502,#3509),.PCURVE_S1.);
#3497 = CIRCLE('',#3498,0.3);
#3498 = AXIS2_PLACEMENT_3D('',#3499,#3500,#3501);
#3499 = CARTESIAN_POINT('',(-13.1,3.5,8.6));
#3500 = DIRECTION('',(1.,0.,0.));
#3501 = DIRECTION('',(0.,0.,-1.));
#3502 = PCURVE('',#3175,#3503);
#3503 = DEFINITIONAL_REPRESENTATION('',(#3504),#3508);
#3504 = CIRCLE('',#3505,0.3);
#3505 = AXIS2_PLACEMENT_2D('',#3506,#3507);
#3506 = CARTESIAN_POINT('',(1.4,-10.61967135564));
#3507 = DIRECTION('',(1.,0.));
#3508 = ( GEOMETRIC_REPRESENTATION_CONTEXT(2) 
PARAMETRIC_REPRESENTATION_CONTEXT() REPRESENTATION_CONTEXT('2D SPACE',''
  ) );
#3509 = PCURVE('',#3510,#3515);
#3510 = CYLINDRICAL_SURFACE('',#3511,0.3);
#3511 = AXIS2_PLACEMENT_3D('',#3512,#3513,#3514);
#3512 = CARTESIAN_POINT('',(-11.1,3.5,8.6));
#3513 = DIRECTION('',(-1.,0.,0.));
#3514 = DIRECTION('',(0.,0.,1.));
#3515 = DEFINITIONAL_REPRESENTATION('',(#3516),#3520);
#3516 = LINE('',#3517,#3518);
#3517 = CARTESIAN_POINT('',(3.14159265359,2.));
#3518 = VECTOR('',#3519,1.);
#3519 = DIRECTION('',(-1.,0.));
#3520 = ( GEOMETRIC_REPRESENTATION_CONTEXT(2) 
PARAMETRIC_REPRESENTATION_CONTEXT() REPRESENTATION_CONTEXT('2D SPACE',''
  ) );
#3521 = FACE_BOUND('',#3522,.T.);
#3522 = EDGE_LOOP('',(#3523,#3553,#3581,#3609,#3638,#3666));
#3523 = ORIENTED_EDGE('',*,*,#3524,.T.);
#3524 = EDGE_CURVE('',#3525,#3527,#3529,.T.);
#3525 = VERTEX_POINT('',#3526);
#3526 = CARTESIAN_POINT('',(-13.1,3.8,3.6));
#3527 = VERTEX_POINT('',#3528);
#3528 = CARTESIAN_POINT('',(-13.1,3.8,4.25));
#3529 = SURFACE_CURVE('',#3530,(#3534,#3541),.PCURVE_S1.);
#3530 = LINE('',#3531,#3532);
#3531 = CARTESIAN_POINT('',(-13.1,3.8,3.6));
#3532 = VECTOR('',#3533,1.);
#3533 = DIRECTION('',(0.,0.,1.));
#3534 = PCURVE('',#3175,#3535);
#3535 = DEFINITIONAL_REPRESENTATION('',(#3536),#3540);
#3536 = LINE('',#3537,#3538);
#3537 = CARTESIAN_POINT('',(6.4,-10.31967135564));
#3538 = VECTOR('',#3539,1.);
#3539 = DIRECTION('',(-1.,0.));
#3540 = ( GEOMETRIC_REPRESENTATION_CONTEXT(2) 
PARAMETRIC_REPRESENTATION_CONTEXT() REPRESENTATION_CONTEXT('2D SPACE',''
  ) );
#3541 = PCURVE('',#3542,#3547);
#3542 = PLANE('',#3543);
#3543 = AXIS2_PLACEMENT_3D('',#3544,#3545,#3546);
#3544 = CARTESIAN_POINT('',(-11.1,3.8,3.6));
#3545 = DIRECTION('',(0.,-1.,0.));
#3546 = DIRECTION('',(0.,0.,-1.));
#3547 = DEFINITIONAL_REPRESENTATION('',(#3548),#3552);
#3548 = LINE('',#3549,#3550);
#3549 = CARTESIAN_POINT('',(0.,-2.));
#3550 = VECTOR('',#3551,1.);
#3551 = DIRECTION('',(-1.,0.));
#3552 = ( GEOMETRIC_REPRESENTATION_CONTEXT(2) 
PARAMETRIC_REPRESENTATION_CONTEXT() REPRESENTATION_CONTEXT('2D SPACE',''
  ) );
#3553 = ORIENTED_EDGE('',*,*,#3554,.T.);
#3554 = EDGE_CURVE('',#3527,#3555,#3557,.T.);
#3555 = VERTEX_POINT('',#3556);
#3556 = CARTESIAN_POINT('',(-13.1,0.8,4.25));
#3557 = SURFACE_CURVE('',#3558,(#3562,#3569),.PCURVE_S1.);
#3558 = LINE('',#3559,#3560);
#3559 = CARTESIAN_POINT('',(-13.1,3.8,4.25));
#3560 = VECTOR('',#3561,1.);
#3561 = DIRECTION('',(0.,-1.,0.));
#3562 = PCURVE('',#3175,#3563);
#3563 = DEFINITIONAL_REPRESENTATION('',(#3564),#3568);
#3564 = LINE('',#3565,#3566);
#3565 = CARTESIAN_POINT('',(5.75,-10.31967135564));
#3566 = VECTOR('',#3567,1.);
#3567 = DIRECTION('',(0.,-1.));
#3568 = ( GEOMETRIC_REPRESENTATION_CONTEXT(2) 
PARAMETRIC_REPRESENTATION_CONTEXT() REPRESENTATION_CONTEXT('2D SPACE',''
  ) );
#3569 = PCURVE('',#3570,#3575);
#3570 = PLANE('',#3571);
#3571 = AXIS2_PLACEMENT_3D('',#3572,#3573,#3574);
#3572 = CARTESIAN_POINT('',(-11.1,3.8,4.25));
#3573 = DIRECTION('',(0.,0.,-1.));
#3574 = DIRECTION('',(-1.,0.,0.));
#3575 = DEFINITIONAL_REPRESENTATION('',(#3576),#3580);
#3576 = LINE('',#3577,#3578);
#3577 = CARTESIAN_POINT('',(2.,0.));
#3578 = VECTOR('',#3579,1.);
#3579 = DIRECTION('',(0.,-1.));
#3580 = ( GEOMETRIC_REPRESENTATION_CONTEXT(2) 
PARAMETRIC_REPRESENTATION_CONTEXT() REPRESENTATION_CONTEXT('2D SPACE',''
  ) );
#3581 = ORIENTED_EDGE('',*,*,#3582,.T.);
#3582 = EDGE_CURVE('',#3555,#3583,#3585,.T.);
#3583 = VERTEX_POINT('',#3584);
#3584 = CARTESIAN_POINT('',(-13.1,0.8,3.6));
#3585 = SURFACE_CURVE('',#3586,(#3590,#3597),.PCURVE_S1.);
#3586 = LINE('',#3587,#3588);
#3587 = CARTESIAN_POINT('',(-13.1,0.8,4.25));
#3588 = VECTOR('',#3589,1.);
#3589 = DIRECTION('',(0.,3.336006684571E-16,-1.));
#3590 = PCURVE('',#3175,#3591);
#3591 = DEFINITIONAL_REPRESENTATION('',(#3592),#3596);
#3592 = LINE('',#3593,#3594);
#3593 = CARTESIAN_POINT('',(5.75,-13.31967135564));
#3594 = VECTOR('',#3595,1.);
#3595 = DIRECTION('',(1.,3.336006684571E-16));
#3596 = ( GEOMETRIC_REPRESENTATION_CONTEXT(2) 
PARAMETRIC_REPRESENTATION_CONTEXT() REPRESENTATION_CONTEXT('2D SPACE',''
  ) );
#3597 = PCURVE('',#3598,#3603);
#3598 = PLANE('',#3599);
#3599 = AXIS2_PLACEMENT_3D('',#3600,#3601,#3602);
#3600 = CARTESIAN_POINT('',(-11.1,0.8,4.25));
#3601 = DIRECTION('',(0.,1.,3.336006684571E-16));
#3602 = DIRECTION('',(0.,-3.336006684571E-16,1.));
#3603 = DEFINITIONAL_REPRESENTATION('',(#3604),#3608);
#3604 = LINE('',#3605,#3606);
#3605 = CARTESIAN_POINT('',(0.,-2.));
#3606 = VECTOR('',#3607,1.);
#3607 = DIRECTION('',(-1.,0.));
#3608 = ( GEOMETRIC_REPRESENTATION_CONTEXT(2) 
PARAMETRIC_REPRESENTATION_CONTEXT() REPRESENTATION_CONTEXT('2D SPACE',''
  ) );
#3609 = ORIENTED_EDGE('',*,*,#3610,.T.);
#3610 = EDGE_CURVE('',#3583,#3611,#3613,.T.);
#3611 = VERTEX_POINT('',#3612);
#3612 = CARTESIAN_POINT('',(-13.1,1.1,3.3));
#3613 = SURFACE_CURVE('',#3614,(#3619,#3626),.PCURVE_S1.);
#3614 = CIRCLE('',#3615,0.3);
#3615 = AXIS2_PLACEMENT_3D('',#3616,#3617,#3618);
#3616 = CARTESIAN_POINT('',(-13.1,1.1,3.6));
#3617 = DIRECTION('',(1.,0.,0.));
#3618 = DIRECTION('',(0.,0.,-1.));
#3619 = PCURVE('',#3175,#3620);
#3620 = DEFINITIONAL_REPRESENTATION('',(#3621),#3625);
#3621 = CIRCLE('',#3622,0.3);
#3622 = AXIS2_PLACEMENT_2D('',#3623,#3624);
#3623 = CARTESIAN_POINT('',(6.4,-13.01967135564));
#3624 = DIRECTION('',(1.,0.));
#3625 = ( GEOMETRIC_REPRESENTATION_CONTEXT(2) 
PARAMETRIC_REPRESENTATION_CONTEXT() REPRESENTATION_CONTEXT('2D SPACE',''
  ) );
#3626 = PCURVE('',#3627,#3632);
#3627 = CYLINDRICAL_SURFACE('',#3628,0.3);
#3628 = AXIS2_PLACEMENT_3D('',#3629,#3630,#3631);
#3629 = CARTESIAN_POINT('',(-11.1,1.1,3.6));
#3630 = DIRECTION('',(-1.,0.,0.));
#3631 = DIRECTION('',(0.,0.,1.));
#3632 = DEFINITIONAL_REPRESENTATION('',(#3633),#3637);
#3633 = LINE('',#3634,#3635);
#3634 = CARTESIAN_POINT('',(9.424777960769,2.));
#3635 = VECTOR('',#3636,1.);
#3636 = DIRECTION('',(-1.,0.));
#3637 = ( GEOMETRIC_REPRESENTATION_CONTEXT(2) 
PARAMETRIC_REPRESENTATION_CONTEXT() REPRESENTATION_CONTEXT('2D SPACE',''
  ) );
#3638 = ORIENTED_EDGE('',*,*,#3639,.T.);
#3639 = EDGE_CURVE('',#3611,#3640,#3642,.T.);
#3640 = VERTEX_POINT('',#3641);
#3641 = CARTESIAN_POINT('',(-13.1,3.5,3.3));
#3642 = SURFACE_CURVE('',#3643,(#3647,#3654),.PCURVE_S1.);
#3643 = LINE('',#3644,#3645);
#3644 = CARTESIAN_POINT('',(-13.1,1.1,3.3));
#3645 = VECTOR('',#3646,1.);
#3646 = DIRECTION('',(0.,1.,0.));
#3647 = PCURVE('',#3175,#3648);
#3648 = DEFINITIONAL_REPRESENTATION('',(#3649),#3653);
#3649 = LINE('',#3650,#3651);
#3650 = CARTESIAN_POINT('',(6.7,-13.01967135564));
#3651 = VECTOR('',#3652,1.);
#3652 = DIRECTION('',(0.,1.));
#3653 = ( GEOMETRIC_REPRESENTATION_CONTEXT(2) 
PARAMETRIC_REPRESENTATION_CONTEXT() REPRESENTATION_CONTEXT('2D SPACE',''
  ) );
#3654 = PCURVE('',#3655,#3660);
#3655 = PLANE('',#3656);
#3656 = AXIS2_PLACEMENT_3D('',#3657,#3658,#3659);
#3657 = CARTESIAN_POINT('',(-11.1,1.1,3.3));
#3658 = DIRECTION('',(0.,0.,1.));
#3659 = DIRECTION('',(1.,0.,-0.));
#3660 = DEFINITIONAL_REPRESENTATION('',(#3661),#3665);
#3661 = LINE('',#3662,#3663);
#3662 = CARTESIAN_POINT('',(-2.,0.));
#3663 = VECTOR('',#3664,1.);
#3664 = DIRECTION('',(0.,1.));
#3665 = ( GEOMETRIC_REPRESENTATION_CONTEXT(2) 
PARAMETRIC_REPRESENTATION_CONTEXT() REPRESENTATION_CONTEXT('2D SPACE',''
  ) );
#3666 = ORIENTED_EDGE('',*,*,#3667,.T.);
#3667 = EDGE_CURVE('',#3640,#3525,#3668,.T.);
#3668 = SURFACE_CURVE('',#3669,(#3674,#3681),.PCURVE_S1.);
#3669 = CIRCLE('',#3670,0.3);
#3670 = AXIS2_PLACEMENT_3D('',#3671,#3672,#3673);
#3671 = CARTESIAN_POINT('',(-13.1,3.5,3.6));
#3672 = DIRECTION('',(1.,0.,0.));
#3673 = DIRECTION('',(0.,0.,-1.));
#3674 = PCURVE('',#3175,#3675);
#3675 = DEFINITIONAL_REPRESENTATION('',(#3676),#3680);
#3676 = CIRCLE('',#3677,0.3);
#3677 = AXIS2_PLACEMENT_2D('',#3678,#3679);
#3678 = CARTESIAN_POINT('',(6.4,-10.61967135564));
#3679 = DIRECTION('',(1.,0.));
#3680 = ( GEOMETRIC_REPRESENTATION_CONTEXT(2) 
PARAMETRIC_REPRESENTATION_CONTEXT() REPRESENTATION_CONTEXT('2D SPACE',''
  ) );
#3681 = PCURVE('',#3682,#3687);
#3682 = CYLINDRICAL_SURFACE('',#3683,0.3);
#3683 = AXIS2_PLACEMENT_3D('',#3684,#3685,#3686);
#3684 = CARTESIAN_POINT('',(-11.1,3.5,3.6));
#3685 = DIRECTION('',(-1.,0.,0.));
#3686 = DIRECTION('',(0.,0.,1.));
#3687 = DEFINITIONAL_REPRESENTATION('',(#3688),#3692);
#3688 = LINE('',#3689,#3690);
#3689 = CARTESIAN_POINT('',(3.14159265359,2.));
#3690 = VECTOR('',#3691,1.);
#3691 = DIRECTION('',(-1.,0.));
#3692 = ( GEOMETRIC_REPRESENTATION_CONTEXT(2) 
PARAMETRIC_REPRESENTATION_CONTEXT() REPRESENTATION_CONTEXT('2D SPACE',''
  ) );
#3693 = FACE_BOUND('',#3694,.T.);
#3694 = EDGE_LOOP('',(#3695));
#3695 = ORIENTED_EDGE('',*,*,#3696,.F.);
#3696 = EDGE_CURVE('',#3697,#3697,#3699,.T.);
#3697 = VERTEX_POINT('',#3698);
#3698 = CARTESIAN_POINT('',(-13.1,2.65,8.023205080757));
#3699 = SURFACE_CURVE('',#3700,(#3705,#3716),.PCURVE_S1.);
#3700 = CIRCLE('',#3701,1.223205080757);
#3701 = AXIS2_PLACEMENT_3D('',#3702,#3703,#3704);
#3702 = CARTESIAN_POINT('',(-13.1,2.65,6.8));
#3703 = DIRECTION('',(-1.,0.,0.));
#3704 = DIRECTION('',(0.,0.,1.));
#3705 = PCURVE('',#3175,#3706);
#3706 = DEFINITIONAL_REPRESENTATION('',(#3707),#3715);
#3707 = ( BOUNDED_CURVE() B_SPLINE_CURVE(2,(#3708,#3709,#3710,#3711,
#3712,#3713,#3714),.UNSPECIFIED.,.T.,.F.) B_SPLINE_CURVE_WITH_KNOTS((1,2
    ,2,2,2,1),(-2.094395102393,0.,2.094395102393,4.188790204786,
6.28318530718,8.377580409573),.UNSPECIFIED.) CURVE() 
GEOMETRIC_REPRESENTATION_ITEM() RATIONAL_B_SPLINE_CURVE((1.,0.5,1.,0.5,
1.,0.5,1.)) REPRESENTATION_ITEM('') );
#3708 = CARTESIAN_POINT('',(1.976794919243,-11.46967135564));
#3709 = CARTESIAN_POINT('',(1.976794919243,-9.351018007693));
#3710 = CARTESIAN_POINT('',(3.811602540378,-10.41034468166));
#3711 = CARTESIAN_POINT('',(5.646410161514,-11.46967135564));
#3712 = CARTESIAN_POINT('',(3.811602540378,-12.52899802961));
#3713 = CARTESIAN_POINT('',(1.976794919243,-13.58832470358));
#3714 = CARTESIAN_POINT('',(1.976794919243,-11.46967135564));
#3715 = ( GEOMETRIC_REPRESENTATION_CONTEXT(2) 
PARAMETRIC_REPRESENTATION_CONTEXT() REPRESENTATION_CONTEXT('2D SPACE',''
  ) );
#3716 = PCURVE('',#3717,#3722);
#3717 = CONICAL_SURFACE('',#3718,1.05,0.523598775598);
#3718 = AXIS2_PLACEMENT_3D('',#3719,#3720,#3721);
#3719 = CARTESIAN_POINT('',(-12.8,2.65,6.8));
#3720 = DIRECTION('',(-1.,0.,0.));
#3721 = DIRECTION('',(0.,0.,1.));
#3722 = DEFINITIONAL_REPRESENTATION('',(#3723),#3727);
#3723 = LINE('',#3724,#3725);
#3724 = CARTESIAN_POINT('',(0.,0.3));
#3725 = VECTOR('',#3726,1.);
#3726 = DIRECTION('',(1.,0.));
#3727 = ( GEOMETRIC_REPRESENTATION_CONTEXT(2) 
PARAMETRIC_REPRESENTATION_CONTEXT() REPRESENTATION_CONTEXT('2D SPACE',''
  ) );
#3728 = FACE_BOUND('',#3729,.T.);
#3729 = EDGE_LOOP('',(#3730));
#3730 = ORIENTED_EDGE('',*,*,#3731,.F.);
#3731 = EDGE_CURVE('',#3732,#3732,#3734,.T.);
#3732 = VERTEX_POINT('',#3733);
#3733 = CARTESIAN_POINT('',(-13.1,2.65,3.023205080757));
#3734 = SURFACE_CURVE('',#3735,(#3740,#3751),.PCURVE_S1.);
#3735 = CIRCLE('',#3736,1.223205080757);
#3736 = AXIS2_PLACEMENT_3D('',#3737,#3738,#3739);
#3737 = CARTESIAN_POINT('',(-13.1,2.65,1.8));
#3738 = DIRECTION('',(-1.,0.,0.));
#3739 = DIRECTION('',(0.,0.,1.));
#3740 = PCURVE('',#3175,#3741);
#3741 = DEFINITIONAL_REPRESENTATION('',(#3742),#3750);
#3742 = ( BOUNDED_CURVE() B_SPLINE_CURVE(2,(#3743,#3744,#3745,#3746,
#3747,#3748,#3749),.UNSPECIFIED.,.T.,.F.) B_SPLINE_CURVE_WITH_KNOTS((1,2
    ,2,2,2,1),(-2.094395102393,0.,2.094395102393,4.188790204786,
6.28318530718,8.377580409573),.UNSPECIFIED.) CURVE() 
GEOMETRIC_REPRESENTATION_ITEM() RATIONAL_B_SPLINE_CURVE((1.,0.5,1.,0.5,
1.,0.5,1.)) REPRESENTATION_ITEM('') );
#3743 = CARTESIAN_POINT('',(6.976794919243,-11.46967135564));
#3744 = CARTESIAN_POINT('',(6.976794919243,-9.351018007693));
#3745 = CARTESIAN_POINT('',(8.811602540378,-10.41034468166));
#3746 = CARTESIAN_POINT('',(10.646410161514,-11.46967135564));
#3747 = CARTESIAN_POINT('',(8.811602540378,-12.52899802961));
#3748 = CARTESIAN_POINT('',(6.976794919243,-13.58832470358));
#3749 = CARTESIAN_POINT('',(6.976794919243,-11.46967135564));
#3750 = ( GEOMETRIC_REPRESENTATION_CONTEXT(2) 
PARAMETRIC_REPRESENTATION_CONTEXT() REPRESENTATION_CONTEXT('2D SPACE',''
  ) );
#3751 = PCURVE('',#3752,#3757);
#3752 = CONICAL_SURFACE('',#3753,1.05,0.523598775598);
#3753 = AXIS2_PLACEMENT_3D('',#3754,#3755,#3756);
#3754 = CARTESIAN_POINT('',(-12.8,2.65,1.8));
#3755 = DIRECTION('',(-1.,0.,0.));
#3756 = DIRECTION('',(0.,0.,1.));
#3757 = DEFINITIONAL_REPRESENTATION('',(#3758),#3762);
#3758 = LINE('',#3759,#3760);
#3759 = CARTESIAN_POINT('',(0.,0.3));
#3760 = VECTOR('',#3761,1.);
#3761 = DIRECTION('',(1.,0.));
#3762 = ( GEOMETRIC_REPRESENTATION_CONTEXT(2) 
PARAMETRIC_REPRESENTATION_CONTEXT() REPRESENTATION_CONTEXT('2D SPACE',''
  ) );
#3763 = FACE_BOUND('',#3764,.T.);
#3764 = EDGE_LOOP('',(#3765,#3788,#3817,#3845,#3866,#3867,#3890,#3919,
    #3947,#3975,#4003,#4031,#4059,#4080));
#3765 = ORIENTED_EDGE('',*,*,#3766,.T.);
#3766 = EDGE_CURVE('',#3124,#3767,#3769,.T.);
#3767 = VERTEX_POINT('',#3768);
#3768 = CARTESIAN_POINT('',(-13.1,4.8,8.9));
#3769 = SURFACE_CURVE('',#3770,(#3774,#3781),.PCURVE_S1.);
#3770 = LINE('',#3771,#3772);
#3771 = CARTESIAN_POINT('',(-13.1,18.4,8.9));
#3772 = VECTOR('',#3773,1.);
#3773 = DIRECTION('',(0.,-1.,0.));
#3774 = PCURVE('',#3175,#3775);
#3775 = DEFINITIONAL_REPRESENTATION('',(#3776),#3780);
#3776 = LINE('',#3777,#3778);
#3777 = CARTESIAN_POINT('',(1.1,4.28032864436));
#3778 = VECTOR('',#3779,1.);
#3779 = DIRECTION('',(0.,-1.));
#3780 = ( GEOMETRIC_REPRESENTATION_CONTEXT(2) 
PARAMETRIC_REPRESENTATION_CONTEXT() REPRESENTATION_CONTEXT('2D SPACE',''
  ) );
#3781 = PCURVE('',#3147,#3782);
#3782 = DEFINITIONAL_REPRESENTATION('',(#3783),#3787);
#3783 = LINE('',#3784,#3785);
#3784 = CARTESIAN_POINT('',(2.5,0.));
#3785 = VECTOR('',#3786,1.);
#3786 = DIRECTION('',(0.,-1.));
#3787 = ( GEOMETRIC_REPRESENTATION_CONTEXT(2) 
PARAMETRIC_REPRESENTATION_CONTEXT() REPRESENTATION_CONTEXT('2D SPACE',''
  ) );
#3788 = ORIENTED_EDGE('',*,*,#3789,.T.);
#3789 = EDGE_CURVE('',#3767,#3790,#3792,.T.);
#3790 = VERTEX_POINT('',#3791);
#3791 = CARTESIAN_POINT('',(-13.1,4.6,8.7));
#3792 = SURFACE_CURVE('',#3793,(#3798,#3805),.PCURVE_S1.);
#3793 = CIRCLE('',#3794,0.2);
#3794 = AXIS2_PLACEMENT_3D('',#3795,#3796,#3797);
#3795 = CARTESIAN_POINT('',(-13.1,4.8,8.7));
#3796 = DIRECTION('',(1.,0.,0.));
#3797 = DIRECTION('',(0.,0.,-1.));
#3798 = PCURVE('',#3175,#3799);
#3799 = DEFINITIONAL_REPRESENTATION('',(#3800),#3804);
#3800 = CIRCLE('',#3801,0.2);
#3801 = AXIS2_PLACEMENT_2D('',#3802,#3803);
#3802 = CARTESIAN_POINT('',(1.3,-9.31967135564));
#3803 = DIRECTION('',(1.,0.));
#3804 = ( GEOMETRIC_REPRESENTATION_CONTEXT(2) 
PARAMETRIC_REPRESENTATION_CONTEXT() REPRESENTATION_CONTEXT('2D SPACE',''
  ) );
#3805 = PCURVE('',#3806,#3811);
#3806 = CYLINDRICAL_SURFACE('',#3807,0.2);
#3807 = AXIS2_PLACEMENT_3D('',#3808,#3809,#3810);
#3808 = CARTESIAN_POINT('',(-10.6,4.8,8.7));
#3809 = DIRECTION('',(-1.,0.,0.));
#3810 = DIRECTION('',(0.,0.,1.));
#3811 = DEFINITIONAL_REPRESENTATION('',(#3812),#3816);
#3812 = LINE('',#3813,#3814);
#3813 = CARTESIAN_POINT('',(9.424777960769,2.5));
#3814 = VECTOR('',#3815,1.);
#3815 = DIRECTION('',(-1.,0.));
#3816 = ( GEOMETRIC_REPRESENTATION_CONTEXT(2) 
PARAMETRIC_REPRESENTATION_CONTEXT() REPRESENTATION_CONTEXT('2D SPACE',''
  ) );
#3817 = ORIENTED_EDGE('',*,*,#3818,.T.);
#3818 = EDGE_CURVE('',#3790,#3819,#3821,.T.);
#3819 = VERTEX_POINT('',#3820);
#3820 = CARTESIAN_POINT('',(-13.1,4.6,5.));
#3821 = SURFACE_CURVE('',#3822,(#3826,#3833),.PCURVE_S1.);
#3822 = LINE('',#3823,#3824);
#3823 = CARTESIAN_POINT('',(-13.1,4.6,8.7));
#3824 = VECTOR('',#3825,1.);
#3825 = DIRECTION('',(0.,0.,-1.));
#3826 = PCURVE('',#3175,#3827);
#3827 = DEFINITIONAL_REPRESENTATION('',(#3828),#3832);
#3828 = LINE('',#3829,#3830);
#3829 = CARTESIAN_POINT('',(1.3,-9.51967135564));
#3830 = VECTOR('',#3831,1.);
#3831 = DIRECTION('',(1.,0.));
#3832 = ( GEOMETRIC_REPRESENTATION_CONTEXT(2) 
PARAMETRIC_REPRESENTATION_CONTEXT() REPRESENTATION_CONTEXT('2D SPACE',''
  ) );
#3833 = PCURVE('',#3834,#3839);
#3834 = PLANE('',#3835);
#3835 = AXIS2_PLACEMENT_3D('',#3836,#3837,#3838);
#3836 = CARTESIAN_POINT('',(-10.6,4.6,8.7));
#3837 = DIRECTION('',(0.,1.,0.));
#3838 = DIRECTION('',(0.,-0.,1.));
#3839 = DEFINITIONAL_REPRESENTATION('',(#3840),#3844);
#3840 = LINE('',#3841,#3842);
#3841 = CARTESIAN_POINT('',(0.,-2.5));
#3842 = VECTOR('',#3843,1.);
#3843 = DIRECTION('',(-1.,0.));
#3844 = ( GEOMETRIC_REPRESENTATION_CONTEXT(2) 
PARAMETRIC_REPRESENTATION_CONTEXT() REPRESENTATION_CONTEXT('2D SPACE',''
  ) );
#3845 = ORIENTED_EDGE('',*,*,#3846,.T.);
#3846 = EDGE_CURVE('',#3819,#3243,#3847,.T.);
#3847 = SURFACE_CURVE('',#3848,(#3852,#3859),.PCURVE_S1.);
#3848 = LINE('',#3849,#3850);
#3849 = CARTESIAN_POINT('',(-13.1,4.6,5.));
#3850 = VECTOR('',#3851,1.);
#3851 = DIRECTION('',(0.,1.,0.));
#3852 = PCURVE('',#3175,#3853);
#3853 = DEFINITIONAL_REPRESENTATION('',(#3854),#3858);
#3854 = LINE('',#3855,#3856);
#3855 = CARTESIAN_POINT('',(5.,-9.51967135564));
#3856 = VECTOR('',#3857,1.);
#3857 = DIRECTION('',(0.,1.));
#3858 = ( GEOMETRIC_REPRESENTATION_CONTEXT(2) 
PARAMETRIC_REPRESENTATION_CONTEXT() REPRESENTATION_CONTEXT('2D SPACE',''
  ) );
#3859 = PCURVE('',#3264,#3860);
#3860 = DEFINITIONAL_REPRESENTATION('',(#3861),#3865);
#3861 = LINE('',#3862,#3863);
#3862 = CARTESIAN_POINT('',(-2.5,0.));
#3863 = VECTOR('',#3864,1.);
#3864 = DIRECTION('',(0.,1.));
#3865 = ( GEOMETRIC_REPRESENTATION_CONTEXT(2) 
PARAMETRIC_REPRESENTATION_CONTEXT() REPRESENTATION_CONTEXT('2D SPACE',''
  ) );
#3866 = ORIENTED_EDGE('',*,*,#3328,.T.);
#3867 = ORIENTED_EDGE('',*,*,#3868,.T.);
#3868 = EDGE_CURVE('',#3300,#3869,#3871,.T.);
#3869 = VERTEX_POINT('',#3870);
#3870 = CARTESIAN_POINT('',(-13.1,4.8,3.9));
#3871 = SURFACE_CURVE('',#3872,(#3876,#3883),.PCURVE_S1.);
#3872 = LINE('',#3873,#3874);
#3873 = CARTESIAN_POINT('',(-13.1,18.4,3.9));
#3874 = VECTOR('',#3875,1.);
#3875 = DIRECTION('',(0.,-1.,0.));
#3876 = PCURVE('',#3175,#3877);
#3877 = DEFINITIONAL_REPRESENTATION('',(#3878),#3882);
#3878 = LINE('',#3879,#3880);
#3879 = CARTESIAN_POINT('',(6.1,4.28032864436));
#3880 = VECTOR('',#3881,1.);
#3881 = DIRECTION('',(0.,-1.));
#3882 = ( GEOMETRIC_REPRESENTATION_CONTEXT(2) 
PARAMETRIC_REPRESENTATION_CONTEXT() REPRESENTATION_CONTEXT('2D SPACE',''
  ) );
#3883 = PCURVE('',#3316,#3884);
#3884 = DEFINITIONAL_REPRESENTATION('',(#3885),#3889);
#3885 = LINE('',#3886,#3887);
#3886 = CARTESIAN_POINT('',(2.5,0.));
#3887 = VECTOR('',#3888,1.);
#3888 = DIRECTION('',(0.,-1.));
#3889 = ( GEOMETRIC_REPRESENTATION_CONTEXT(2) 
PARAMETRIC_REPRESENTATION_CONTEXT() REPRESENTATION_CONTEXT('2D SPACE',''
  ) );
#3890 = ORIENTED_EDGE('',*,*,#3891,.T.);
#3891 = EDGE_CURVE('',#3869,#3892,#3894,.T.);
#3892 = VERTEX_POINT('',#3893);
#3893 = CARTESIAN_POINT('',(-13.1,4.6,3.7));
#3894 = SURFACE_CURVE('',#3895,(#3900,#3907),.PCURVE_S1.);
#3895 = CIRCLE('',#3896,0.2);
#3896 = AXIS2_PLACEMENT_3D('',#3897,#3898,#3899);
#3897 = CARTESIAN_POINT('',(-13.1,4.8,3.7));
#3898 = DIRECTION('',(1.,0.,0.));
#3899 = DIRECTION('',(0.,0.,-1.));
#3900 = PCURVE('',#3175,#3901);
#3901 = DEFINITIONAL_REPRESENTATION('',(#3902),#3906);
#3902 = CIRCLE('',#3903,0.2);
#3903 = AXIS2_PLACEMENT_2D('',#3904,#3905);
#3904 = CARTESIAN_POINT('',(6.3,-9.31967135564));
#3905 = DIRECTION('',(1.,0.));
#3906 = ( GEOMETRIC_REPRESENTATION_CONTEXT(2) 
PARAMETRIC_REPRESENTATION_CONTEXT() REPRESENTATION_CONTEXT('2D SPACE',''
  ) );
#3907 = PCURVE('',#3908,#3913);
#3908 = CYLINDRICAL_SURFACE('',#3909,0.2);
#3909 = AXIS2_PLACEMENT_3D('',#3910,#3911,#3912);
#3910 = CARTESIAN_POINT('',(-10.6,4.8,3.7));
#3911 = DIRECTION('',(-1.,0.,0.));
#3912 = DIRECTION('',(0.,0.,1.));
#3913 = DEFINITIONAL_REPRESENTATION('',(#3914),#3918);
#3914 = LINE('',#3915,#3916);
#3915 = CARTESIAN_POINT('',(9.424777960769,2.5));
#3916 = VECTOR('',#3917,1.);
#3917 = DIRECTION('',(-1.,0.));
#3918 = ( GEOMETRIC_REPRESENTATION_CONTEXT(2) 
PARAMETRIC_REPRESENTATION_CONTEXT() REPRESENTATION_CONTEXT('2D SPACE',''
  ) );
#3919 = ORIENTED_EDGE('',*,*,#3920,.T.);
#3920 = EDGE_CURVE('',#3892,#3921,#3923,.T.);
#3921 = VERTEX_POINT('',#3922);
#3922 = CARTESIAN_POINT('',(-13.1,4.6,0.));
#3923 = SURFACE_CURVE('',#3924,(#3928,#3935),.PCURVE_S1.);
#3924 = LINE('',#3925,#3926);
#3925 = CARTESIAN_POINT('',(-13.1,4.6,3.7));
#3926 = VECTOR('',#3927,1.);
#3927 = DIRECTION('',(0.,0.,-1.));
#3928 = PCURVE('',#3175,#3929);
#3929 = DEFINITIONAL_REPRESENTATION('',(#3930),#3934);
#3930 = LINE('',#3931,#3932);
#3931 = CARTESIAN_POINT('',(6.3,-9.51967135564));
#3932 = VECTOR('',#3933,1.);
#3933 = DIRECTION('',(1.,0.));
#3934 = ( GEOMETRIC_REPRESENTATION_CONTEXT(2) 
PARAMETRIC_REPRESENTATION_CONTEXT() REPRESENTATION_CONTEXT('2D SPACE',''
  ) );
#3935 = PCURVE('',#3936,#3941);
#3936 = PLANE('',#3937);
#3937 = AXIS2_PLACEMENT_3D('',#3938,#3939,#3940);
#3938 = CARTESIAN_POINT('',(-10.6,4.6,3.7));
#3939 = DIRECTION('',(0.,1.,0.));
#3940 = DIRECTION('',(0.,-0.,1.));
#3941 = DEFINITIONAL_REPRESENTATION('',(#3942),#3946);
#3942 = LINE('',#3943,#3944);
#3943 = CARTESIAN_POINT('',(0.,-2.5));
#3944 = VECTOR('',#3945,1.);
#3945 = DIRECTION('',(-1.,0.));
#3946 = ( GEOMETRIC_REPRESENTATION_CONTEXT(2) 
PARAMETRIC_REPRESENTATION_CONTEXT() REPRESENTATION_CONTEXT('2D SPACE',''
  ) );
#3947 = ORIENTED_EDGE('',*,*,#3948,.T.);
#3948 = EDGE_CURVE('',#3921,#3949,#3951,.T.);
#3949 = VERTEX_POINT('',#3950);
#3950 = CARTESIAN_POINT('',(-13.1,14.11967135564,0.));
#3951 = SURFACE_CURVE('',#3952,(#3956,#3963),.PCURVE_S1.);
#3952 = LINE('',#3953,#3954);
#3953 = CARTESIAN_POINT('',(-13.1,4.6,0.));
#3954 = VECTOR('',#3955,1.);
#3955 = DIRECTION('',(0.,1.,0.));
#3956 = PCURVE('',#3175,#3957);
#3957 = DEFINITIONAL_REPRESENTATION('',(#3958),#3962);
#3958 = LINE('',#3959,#3960);
#3959 = CARTESIAN_POINT('',(10.,-9.51967135564));
#3960 = VECTOR('',#3961,1.);
#3961 = DIRECTION('',(0.,1.));
#3962 = ( GEOMETRIC_REPRESENTATION_CONTEXT(2) 
PARAMETRIC_REPRESENTATION_CONTEXT() REPRESENTATION_CONTEXT('2D SPACE',''
  ) );
#3963 = PCURVE('',#3964,#3969);
#3964 = PLANE('',#3965);
#3965 = AXIS2_PLACEMENT_3D('',#3966,#3967,#3968);
#3966 = CARTESIAN_POINT('',(-10.6,4.6,0.));
#3967 = DIRECTION('',(0.,0.,1.));
#3968 = DIRECTION('',(1.,0.,-0.));
#3969 = DEFINITIONAL_REPRESENTATION('',(#3970),#3974);
#3970 = LINE('',#3971,#3972);
#3971 = CARTESIAN_POINT('',(-2.5,0.));
#3972 = VECTOR('',#3973,1.);
#3973 = DIRECTION('',(0.,1.));
#3974 = ( GEOMETRIC_REPRESENTATION_CONTEXT(2) 
PARAMETRIC_REPRESENTATION_CONTEXT() REPRESENTATION_CONTEXT('2D SPACE',''
  ) );
#3975 = ORIENTED_EDGE('',*,*,#3976,.T.);
#3976 = EDGE_CURVE('',#3949,#3977,#3979,.T.);
#3977 = VERTEX_POINT('',#3978);
#3978 = CARTESIAN_POINT('',(-13.1,14.11967135564,-1.5));
#3979 = SURFACE_CURVE('',#3980,(#3984,#3991),.PCURVE_S1.);
#3980 = LINE('',#3981,#3982);
#3981 = CARTESIAN_POINT('',(-13.1,14.11967135564,10.));
#3982 = VECTOR('',#3983,1.);
#3983 = DIRECTION('',(0.,0.,-1.));
#3984 = PCURVE('',#3175,#3985);
#3985 = DEFINITIONAL_REPRESENTATION('',(#3986),#3990);
#3986 = LINE('',#3987,#3988);
#3987 = CARTESIAN_POINT('',(0.,0.));
#3988 = VECTOR('',#3989,1.);
#3989 = DIRECTION('',(1.,0.));
#3990 = ( GEOMETRIC_REPRESENTATION_CONTEXT(2) 
PARAMETRIC_REPRESENTATION_CONTEXT() REPRESENTATION_CONTEXT('2D SPACE',''
  ) );
#3991 = PCURVE('',#3992,#3997);
#3992 = CYLINDRICAL_SURFACE('',#3993,0.3);
#3993 = AXIS2_PLACEMENT_3D('',#3994,#3995,#3996);
#3994 = CARTESIAN_POINT('',(-12.8,14.11967135564,10.));
#3995 = DIRECTION('',(0.,0.,-1.));
#3996 = DIRECTION('',(-1.,0.,0.));
#3997 = DEFINITIONAL_REPRESENTATION('',(#3998),#4002);
#3998 = LINE('',#3999,#4000);
#3999 = CARTESIAN_POINT('',(0.,0.));
#4000 = VECTOR('',#4001,1.);
#4001 = DIRECTION('',(0.,1.));
#4002 = ( GEOMETRIC_REPRESENTATION_CONTEXT(2) 
PARAMETRIC_REPRESENTATION_CONTEXT() REPRESENTATION_CONTEXT('2D SPACE',''
  ) );
#4003 = ORIENTED_EDGE('',*,*,#4004,.T.);
#4004 = EDGE_CURVE('',#3977,#4005,#4007,.T.);
#4005 = VERTEX_POINT('',#4006);
#4006 = CARTESIAN_POINT('',(-13.1,0.3,-1.5));
#4007 = SURFACE_CURVE('',#4008,(#4012,#4019),.PCURVE_S1.);
#4008 = LINE('',#4009,#4010);
#4009 = CARTESIAN_POINT('',(-13.1,14.11967135564,-1.5));
#4010 = VECTOR('',#4011,1.);
#4011 = DIRECTION('',(0.,-1.,0.));
#4012 = PCURVE('',#3175,#4013);
#4013 = DEFINITIONAL_REPRESENTATION('',(#4014),#4018);
#4014 = LINE('',#4015,#4016);
#4015 = CARTESIAN_POINT('',(11.5,0.));
#4016 = VECTOR('',#4017,1.);
#4017 = DIRECTION('',(0.,-1.));
#4018 = ( GEOMETRIC_REPRESENTATION_CONTEXT(2) 
PARAMETRIC_REPRESENTATION_CONTEXT() REPRESENTATION_CONTEXT('2D SPACE',''
  ) );
#4019 = PCURVE('',#4020,#4025);
#4020 = PLANE('',#4021);
#4021 = AXIS2_PLACEMENT_3D('',#4022,#4023,#4024);
#4022 = CARTESIAN_POINT('',(-12.8,14.11967135564,-1.5));
#4023 = DIRECTION('',(0.,0.,1.));
#4024 = DIRECTION('',(1.,0.,-0.));
#4025 = DEFINITIONAL_REPRESENTATION('',(#4026),#4030);
#4026 = LINE('',#4027,#4028);
#4027 = CARTESIAN_POINT('',(-0.3,0.));
#4028 = VECTOR('',#4029,1.);
#4029 = DIRECTION('',(0.,-1.));
#4030 = ( GEOMETRIC_REPRESENTATION_CONTEXT(2) 
PARAMETRIC_REPRESENTATION_CONTEXT() REPRESENTATION_CONTEXT('2D SPACE',''
  ) );
#4031 = ORIENTED_EDGE('',*,*,#4032,.F.);
#4032 = EDGE_CURVE('',#4033,#4005,#4035,.T.);
#4033 = VERTEX_POINT('',#4034);
#4034 = CARTESIAN_POINT('',(-13.1,0.3,10.));
#4035 = SURFACE_CURVE('',#4036,(#4040,#4047),.PCURVE_S1.);
#4036 = LINE('',#4037,#4038);
#4037 = CARTESIAN_POINT('',(-13.1,0.3,10.));
#4038 = VECTOR('',#4039,1.);
#4039 = DIRECTION('',(0.,0.,-1.));
#4040 = PCURVE('',#3175,#4041);
#4041 = DEFINITIONAL_REPRESENTATION('',(#4042),#4046);
#4042 = LINE('',#4043,#4044);
#4043 = CARTESIAN_POINT('',(0.,-13.81967135564));
#4044 = VECTOR('',#4045,1.);
#4045 = DIRECTION('',(1.,0.));
#4046 = ( GEOMETRIC_REPRESENTATION_CONTEXT(2) 
PARAMETRIC_REPRESENTATION_CONTEXT() REPRESENTATION_CONTEXT('2D SPACE',''
  ) );
#4047 = PCURVE('',#4048,#4053);
#4048 = CYLINDRICAL_SURFACE('',#4049,0.3);
#4049 = AXIS2_PLACEMENT_3D('',#4050,#4051,#4052);
#4050 = CARTESIAN_POINT('',(-12.8,0.3,10.));
#4051 = DIRECTION('',(0.,0.,-1.));
#4052 = DIRECTION('',(-1.,0.,0.));
#4053 = DEFINITIONAL_REPRESENTATION('',(#4054),#4058);
#4054 = LINE('',#4055,#4056);
#4055 = CARTESIAN_POINT('',(6.28318530718,0.));
#4056 = VECTOR('',#4057,1.);
#4057 = DIRECTION('',(0.,1.));
#4058 = ( GEOMETRIC_REPRESENTATION_CONTEXT(2) 
PARAMETRIC_REPRESENTATION_CONTEXT() REPRESENTATION_CONTEXT('2D SPACE',''
  ) );
#4059 = ORIENTED_EDGE('',*,*,#4060,.F.);
#4060 = EDGE_CURVE('',#3160,#4033,#4061,.T.);
#4061 = SURFACE_CURVE('',#4062,(#4066,#4073),.PCURVE_S1.);
#4062 = LINE('',#4063,#4064);
#4063 = CARTESIAN_POINT('',(-13.1,14.11967135564,10.));
#4064 = VECTOR('',#4065,1.);
#4065 = DIRECTION('',(0.,-1.,0.));
#4066 = PCURVE('',#3175,#4067);
#4067 = DEFINITIONAL_REPRESENTATION('',(#4068),#4072);
#4068 = LINE('',#4069,#4070);
#4069 = CARTESIAN_POINT('',(0.,0.));
#4070 = VECTOR('',#4071,1.);
#4071 = DIRECTION('',(0.,-1.));
#4072 = ( GEOMETRIC_REPRESENTATION_CONTEXT(2) 
PARAMETRIC_REPRESENTATION_CONTEXT() REPRESENTATION_CONTEXT('2D SPACE',''
  ) );
#4073 = PCURVE('',#168,#4074);
#4074 = DEFINITIONAL_REPRESENTATION('',(#4075),#4079);
#4075 = LINE('',#4076,#4077);
#4076 = CARTESIAN_POINT('',(-0.3,0.));
#4077 = VECTOR('',#4078,1.);
#4078 = DIRECTION('',(0.,-1.));
#4079 = ( GEOMETRIC_REPRESENTATION_CONTEXT(2) 
PARAMETRIC_REPRESENTATION_CONTEXT() REPRESENTATION_CONTEXT('2D SPACE',''
  ) );
#4080 = ORIENTED_EDGE('',*,*,#3159,.T.);
#4081 = ADVANCED_FACE('',(#4082),#3225,.F.);
#4082 = FACE_BOUND('',#4083,.T.);
#4083 = EDGE_LOOP('',(#4084,#4107,#4108,#4131,#4159,#4182,#4205,#4228,
    #4251,#4272,#4273,#4296));
#4084 = ORIENTED_EDGE('',*,*,#4085,.F.);
#4085 = EDGE_CURVE('',#3126,#4086,#4088,.T.);
#4086 = VERTEX_POINT('',#4087);
#4087 = CARTESIAN_POINT('',(-10.6,17.208246407406,8.9));
#4088 = SURFACE_CURVE('',#4089,(#4093,#4100),.PCURVE_S1.);
#4089 = LINE('',#4090,#4091);
#4090 = CARTESIAN_POINT('',(-9.689921035489,18.292836282906,8.9));
#4091 = VECTOR('',#4092,1.);
#4092 = DIRECTION('',(0.642787609687,0.766044443119,0.));
#4093 = PCURVE('',#3225,#4094);
#4094 = DEFINITIONAL_REPRESENTATION('',(#4095),#4099);
#4095 = LINE('',#4096,#4097);
#4096 = CARTESIAN_POINT('',(0.,-1.1));
#4097 = VECTOR('',#4098,1.);
#4098 = DIRECTION('',(1.,0.));
#4099 = ( GEOMETRIC_REPRESENTATION_CONTEXT(2) 
PARAMETRIC_REPRESENTATION_CONTEXT() REPRESENTATION_CONTEXT('2D SPACE',''
  ) );
#4100 = PCURVE('',#3147,#4101);
#4101 = DEFINITIONAL_REPRESENTATION('',(#4102),#4106);
#4102 = LINE('',#4103,#4104);
#4103 = CARTESIAN_POINT('',(-0.910078964511,-0.107163717094));
#4104 = VECTOR('',#4105,1.);
#4105 = DIRECTION('',(-0.642787609687,0.766044443119));
#4106 = ( GEOMETRIC_REPRESENTATION_CONTEXT(2) 
PARAMETRIC_REPRESENTATION_CONTEXT() REPRESENTATION_CONTEXT('2D SPACE',''
  ) );
#4107 = ORIENTED_EDGE('',*,*,#3211,.F.);
#4108 = ORIENTED_EDGE('',*,*,#4109,.F.);
#4109 = EDGE_CURVE('',#4110,#3188,#4112,.T.);
#4110 = VERTEX_POINT('',#4111);
#4111 = CARTESIAN_POINT('',(-9.689921035489,18.292836282906,10.));
#4112 = SURFACE_CURVE('',#4113,(#4117,#4124),.PCURVE_S1.);
#4113 = LINE('',#4114,#4115);
#4114 = CARTESIAN_POINT('',(-9.689921035489,18.292836282906,10.));
#4115 = VECTOR('',#4116,1.);
#4116 = DIRECTION('',(-0.642787609687,-0.766044443119,0.));
#4117 = PCURVE('',#3225,#4118);
#4118 = DEFINITIONAL_REPRESENTATION('',(#4119),#4123);
#4119 = LINE('',#4120,#4121);
#4120 = CARTESIAN_POINT('',(0.,0.));
#4121 = VECTOR('',#4122,1.);
#4122 = DIRECTION('',(-1.,0.));
#4123 = ( GEOMETRIC_REPRESENTATION_CONTEXT(2) 
PARAMETRIC_REPRESENTATION_CONTEXT() REPRESENTATION_CONTEXT('2D SPACE',''
  ) );
#4124 = PCURVE('',#168,#4125);
#4125 = DEFINITIONAL_REPRESENTATION('',(#4126),#4130);
#4126 = LINE('',#4127,#4128);
#4127 = CARTESIAN_POINT('',(3.110078964511,4.173164927266));
#4128 = VECTOR('',#4129,1.);
#4129 = DIRECTION('',(-0.642787609687,-0.766044443119));
#4130 = ( GEOMETRIC_REPRESENTATION_CONTEXT(2) 
PARAMETRIC_REPRESENTATION_CONTEXT() REPRESENTATION_CONTEXT('2D SPACE',''
  ) );
#4131 = ORIENTED_EDGE('',*,*,#4132,.T.);
#4132 = EDGE_CURVE('',#4110,#4133,#4135,.T.);
#4133 = VERTEX_POINT('',#4134);
#4134 = CARTESIAN_POINT('',(-9.689921035489,18.292836282906,-1.5));
#4135 = SURFACE_CURVE('',#4136,(#4140,#4147),.PCURVE_S1.);
#4136 = LINE('',#4137,#4138);
#4137 = CARTESIAN_POINT('',(-9.689921035489,18.292836282906,10.));
#4138 = VECTOR('',#4139,1.);
#4139 = DIRECTION('',(0.,0.,-1.));
#4140 = PCURVE('',#3225,#4141);
#4141 = DEFINITIONAL_REPRESENTATION('',(#4142),#4146);
#4142 = LINE('',#4143,#4144);
#4143 = CARTESIAN_POINT('',(0.,0.));
#4144 = VECTOR('',#4145,1.);
#4145 = DIRECTION('',(0.,-1.));
#4146 = ( GEOMETRIC_REPRESENTATION_CONTEXT(2) 
PARAMETRIC_REPRESENTATION_CONTEXT() REPRESENTATION_CONTEXT('2D SPACE',''
  ) );
#4147 = PCURVE('',#4148,#4153);
#4148 = CYLINDRICAL_SURFACE('',#4149,0.3);
#4149 = AXIS2_PLACEMENT_3D('',#4150,#4151,#4152);
#4150 = CARTESIAN_POINT('',(-9.460107702554,18.1,10.));
#4151 = DIRECTION('',(0.,0.,-1.));
#4152 = DIRECTION('',(-1.,0.,0.));
#4153 = DEFINITIONAL_REPRESENTATION('',(#4154),#4158);
#4154 = LINE('',#4155,#4156);
#4155 = CARTESIAN_POINT('',(0.698131700798,0.));
#4156 = VECTOR('',#4157,1.);
#4157 = DIRECTION('',(0.,1.));
#4158 = ( GEOMETRIC_REPRESENTATION_CONTEXT(2) 
PARAMETRIC_REPRESENTATION_CONTEXT() REPRESENTATION_CONTEXT('2D SPACE',''
  ) );
#4159 = ORIENTED_EDGE('',*,*,#4160,.T.);
#4160 = EDGE_CURVE('',#4133,#4161,#4163,.T.);
#4161 = VERTEX_POINT('',#4162);
#4162 = CARTESIAN_POINT('',(-13.02981333293,14.312507638546,-1.5));
#4163 = SURFACE_CURVE('',#4164,(#4168,#4175),.PCURVE_S1.);
#4164 = LINE('',#4165,#4166);
#4165 = CARTESIAN_POINT('',(-9.689921035489,18.292836282906,-1.5));
#4166 = VECTOR('',#4167,1.);
#4167 = DIRECTION('',(-0.642787609687,-0.766044443119,0.));
#4168 = PCURVE('',#3225,#4169);
#4169 = DEFINITIONAL_REPRESENTATION('',(#4170),#4174);
#4170 = LINE('',#4171,#4172);
#4171 = CARTESIAN_POINT('',(0.,-11.5));
#4172 = VECTOR('',#4173,1.);
#4173 = DIRECTION('',(-1.,0.));
#4174 = ( GEOMETRIC_REPRESENTATION_CONTEXT(2) 
PARAMETRIC_REPRESENTATION_CONTEXT() REPRESENTATION_CONTEXT('2D SPACE',''
  ) );
#4175 = PCURVE('',#4020,#4176);
#4176 = DEFINITIONAL_REPRESENTATION('',(#4177),#4181);
#4177 = LINE('',#4178,#4179);
#4178 = CARTESIAN_POINT('',(3.110078964511,4.173164927266));
#4179 = VECTOR('',#4180,1.);
#4180 = DIRECTION('',(-0.642787609687,-0.766044443119));
#4181 = ( GEOMETRIC_REPRESENTATION_CONTEXT(2) 
PARAMETRIC_REPRESENTATION_CONTEXT() REPRESENTATION_CONTEXT('2D SPACE',''
  ) );
#4182 = ORIENTED_EDGE('',*,*,#4183,.F.);
#4183 = EDGE_CURVE('',#4184,#4161,#4186,.T.);
#4184 = VERTEX_POINT('',#4185);
#4185 = CARTESIAN_POINT('',(-13.02981333293,14.312507638546,0.));
#4186 = SURFACE_CURVE('',#4187,(#4191,#4198),.PCURVE_S1.);
#4187 = LINE('',#4188,#4189);
#4188 = CARTESIAN_POINT('',(-13.02981333293,14.312507638546,10.));
#4189 = VECTOR('',#4190,1.);
#4190 = DIRECTION('',(0.,0.,-1.));
#4191 = PCURVE('',#3225,#4192);
#4192 = DEFINITIONAL_REPRESENTATION('',(#4193),#4197);
#4193 = LINE('',#4194,#4195);
#4194 = CARTESIAN_POINT('',(-5.195950026285,0.));
#4195 = VECTOR('',#4196,1.);
#4196 = DIRECTION('',(0.,-1.));
#4197 = ( GEOMETRIC_REPRESENTATION_CONTEXT(2) 
PARAMETRIC_REPRESENTATION_CONTEXT() REPRESENTATION_CONTEXT('2D SPACE',''
  ) );
#4198 = PCURVE('',#3992,#4199);
#4199 = DEFINITIONAL_REPRESENTATION('',(#4200),#4204);
#4200 = LINE('',#4201,#4202);
#4201 = CARTESIAN_POINT('',(0.698131700798,0.));
#4202 = VECTOR('',#4203,1.);
#4203 = DIRECTION('',(0.,1.));
#4204 = ( GEOMETRIC_REPRESENTATION_CONTEXT(2) 
PARAMETRIC_REPRESENTATION_CONTEXT() REPRESENTATION_CONTEXT('2D SPACE',''
  ) );
#4205 = ORIENTED_EDGE('',*,*,#4206,.F.);
#4206 = EDGE_CURVE('',#4207,#4184,#4209,.T.);
#4207 = VERTEX_POINT('',#4208);
#4208 = CARTESIAN_POINT('',(-10.6,17.208246407406,0.));
#4209 = SURFACE_CURVE('',#4210,(#4214,#4221),.PCURVE_S1.);
#4210 = LINE('',#4211,#4212);
#4211 = CARTESIAN_POINT('',(-9.689921035489,18.292836282906,0.));
#4212 = VECTOR('',#4213,1.);
#4213 = DIRECTION('',(-0.642787609687,-0.766044443119,0.));
#4214 = PCURVE('',#3225,#4215);
#4215 = DEFINITIONAL_REPRESENTATION('',(#4216),#4220);
#4216 = LINE('',#4217,#4218);
#4217 = CARTESIAN_POINT('',(0.,-10.));
#4218 = VECTOR('',#4219,1.);
#4219 = DIRECTION('',(-1.,0.));
#4220 = ( GEOMETRIC_REPRESENTATION_CONTEXT(2) 
PARAMETRIC_REPRESENTATION_CONTEXT() REPRESENTATION_CONTEXT('2D SPACE',''
  ) );
#4221 = PCURVE('',#3964,#4222);
#4222 = DEFINITIONAL_REPRESENTATION('',(#4223),#4227);
#4223 = LINE('',#4224,#4225);
#4224 = CARTESIAN_POINT('',(0.910078964511,13.692836282906));
#4225 = VECTOR('',#4226,1.);
#4226 = DIRECTION('',(-0.642787609687,-0.766044443119));
#4227 = ( GEOMETRIC_REPRESENTATION_CONTEXT(2) 
PARAMETRIC_REPRESENTATION_CONTEXT() REPRESENTATION_CONTEXT('2D SPACE',''
  ) );
#4228 = ORIENTED_EDGE('',*,*,#4229,.T.);
#4229 = EDGE_CURVE('',#4207,#4230,#4232,.T.);
#4230 = VERTEX_POINT('',#4231);
#4231 = CARTESIAN_POINT('',(-10.6,17.208246407406,3.9));
#4232 = SURFACE_CURVE('',#4233,(#4237,#4244),.PCURVE_S1.);
#4233 = LINE('',#4234,#4235);
#4234 = CARTESIAN_POINT('',(-10.6,17.208246407406,10.));
#4235 = VECTOR('',#4236,1.);
#4236 = DIRECTION('',(0.,0.,1.));
#4237 = PCURVE('',#3225,#4238);
#4238 = DEFINITIONAL_REPRESENTATION('',(#4239),#4243);
#4239 = LINE('',#4240,#4241);
#4240 = CARTESIAN_POINT('',(-1.415831529414,0.));
#4241 = VECTOR('',#4242,1.);
#4242 = DIRECTION('',(0.,1.));
#4243 = ( GEOMETRIC_REPRESENTATION_CONTEXT(2) 
PARAMETRIC_REPRESENTATION_CONTEXT() REPRESENTATION_CONTEXT('2D SPACE',''
  ) );
#4244 = PCURVE('',#2887,#4245);
#4245 = DEFINITIONAL_REPRESENTATION('',(#4246),#4250);
#4246 = LINE('',#4247,#4248);
#4247 = CARTESIAN_POINT('',(-6.3,12.408246407406));
#4248 = VECTOR('',#4249,1.);
#4249 = DIRECTION('',(-1.,0.));
#4250 = ( GEOMETRIC_REPRESENTATION_CONTEXT(2) 
PARAMETRIC_REPRESENTATION_CONTEXT() REPRESENTATION_CONTEXT('2D SPACE',''
  ) );
#4251 = ORIENTED_EDGE('',*,*,#4252,.F.);
#4252 = EDGE_CURVE('',#3277,#4230,#4253,.T.);
#4253 = SURFACE_CURVE('',#4254,(#4258,#4265),.PCURVE_S1.);
#4254 = LINE('',#4255,#4256);
#4255 = CARTESIAN_POINT('',(-9.689921035489,18.292836282906,3.9));
#4256 = VECTOR('',#4257,1.);
#4257 = DIRECTION('',(0.642787609687,0.766044443119,0.));
#4258 = PCURVE('',#3225,#4259);
#4259 = DEFINITIONAL_REPRESENTATION('',(#4260),#4264);
#4260 = LINE('',#4261,#4262);
#4261 = CARTESIAN_POINT('',(0.,-6.1));
#4262 = VECTOR('',#4263,1.);
#4263 = DIRECTION('',(1.,0.));
#4264 = ( GEOMETRIC_REPRESENTATION_CONTEXT(2) 
PARAMETRIC_REPRESENTATION_CONTEXT() REPRESENTATION_CONTEXT('2D SPACE',''
  ) );
#4265 = PCURVE('',#3316,#4266);
#4266 = DEFINITIONAL_REPRESENTATION('',(#4267),#4271);
#4267 = LINE('',#4268,#4269);
#4268 = CARTESIAN_POINT('',(-0.910078964511,-0.107163717094));
#4269 = VECTOR('',#4270,1.);
#4270 = DIRECTION('',(-0.642787609687,0.766044443119));
#4271 = ( GEOMETRIC_REPRESENTATION_CONTEXT(2) 
PARAMETRIC_REPRESENTATION_CONTEXT() REPRESENTATION_CONTEXT('2D SPACE',''
  ) );
#4272 = ORIENTED_EDGE('',*,*,#3276,.F.);
#4273 = ORIENTED_EDGE('',*,*,#4274,.F.);
#4274 = EDGE_CURVE('',#4275,#3241,#4277,.T.);
#4275 = VERTEX_POINT('',#4276);
#4276 = CARTESIAN_POINT('',(-10.6,17.208246407406,5.));
#4277 = SURFACE_CURVE('',#4278,(#4282,#4289),.PCURVE_S1.);
#4278 = LINE('',#4279,#4280);
#4279 = CARTESIAN_POINT('',(-9.689921035489,18.292836282906,5.));
#4280 = VECTOR('',#4281,1.);
#4281 = DIRECTION('',(-0.642787609687,-0.766044443119,0.));
#4282 = PCURVE('',#3225,#4283);
#4283 = DEFINITIONAL_REPRESENTATION('',(#4284),#4288);
#4284 = LINE('',#4285,#4286);
#4285 = CARTESIAN_POINT('',(0.,-5.));
#4286 = VECTOR('',#4287,1.);
#4287 = DIRECTION('',(-1.,0.));
#4288 = ( GEOMETRIC_REPRESENTATION_CONTEXT(2) 
PARAMETRIC_REPRESENTATION_CONTEXT() REPRESENTATION_CONTEXT('2D SPACE',''
  ) );
#4289 = PCURVE('',#3264,#4290);
#4290 = DEFINITIONAL_REPRESENTATION('',(#4291),#4295);
#4291 = LINE('',#4292,#4293);
#4292 = CARTESIAN_POINT('',(0.910078964511,13.692836282906));
#4293 = VECTOR('',#4294,1.);
#4294 = DIRECTION('',(-0.642787609687,-0.766044443119));
#4295 = ( GEOMETRIC_REPRESENTATION_CONTEXT(2) 
PARAMETRIC_REPRESENTATION_CONTEXT() REPRESENTATION_CONTEXT('2D SPACE',''
  ) );
#4296 = ORIENTED_EDGE('',*,*,#4297,.T.);
#4297 = EDGE_CURVE('',#4275,#4086,#4298,.T.);
#4298 = SURFACE_CURVE('',#4299,(#4303,#4310),.PCURVE_S1.);
#4299 = LINE('',#4300,#4301);
#4300 = CARTESIAN_POINT('',(-10.6,17.208246407406,10.));
#4301 = VECTOR('',#4302,1.);
#4302 = DIRECTION('',(0.,0.,1.));
#4303 = PCURVE('',#3225,#4304);
#4304 = DEFINITIONAL_REPRESENTATION('',(#4305),#4309);
#4305 = LINE('',#4306,#4307);
#4306 = CARTESIAN_POINT('',(-1.415831529414,0.));
#4307 = VECTOR('',#4308,1.);
#4308 = DIRECTION('',(0.,1.));
#4309 = ( GEOMETRIC_REPRESENTATION_CONTEXT(2) 
PARAMETRIC_REPRESENTATION_CONTEXT() REPRESENTATION_CONTEXT('2D SPACE',''
  ) );
#4310 = PCURVE('',#2535,#4311);
#4311 = DEFINITIONAL_REPRESENTATION('',(#4312),#4316);
#4312 = LINE('',#4313,#4314);
#4313 = CARTESIAN_POINT('',(-1.3,12.408246407406));
#4314 = VECTOR('',#4315,1.);
#4315 = DIRECTION('',(-1.,0.));
#4316 = ( GEOMETRIC_REPRESENTATION_CONTEXT(2) 
PARAMETRIC_REPRESENTATION_CONTEXT() REPRESENTATION_CONTEXT('2D SPACE',''
  ) );
#4317 = ADVANCED_FACE('',(#4318),#3992,.T.);
#4318 = FACE_BOUND('',#4319,.T.);
#4319 = EDGE_LOOP('',(#4320,#4342,#4343,#4365));
#4320 = ORIENTED_EDGE('',*,*,#4321,.F.);
#4321 = EDGE_CURVE('',#4184,#3949,#4322,.T.);
#4322 = SURFACE_CURVE('',#4323,(#4328,#4335),.PCURVE_S1.);
#4323 = CIRCLE('',#4324,0.3);
#4324 = AXIS2_PLACEMENT_3D('',#4325,#4326,#4327);
#4325 = CARTESIAN_POINT('',(-12.8,14.11967135564,0.));
#4326 = DIRECTION('',(0.,0.,1.));
#4327 = DIRECTION('',(1.,0.,-0.));
#4328 = PCURVE('',#3992,#4329);
#4329 = DEFINITIONAL_REPRESENTATION('',(#4330),#4334);
#4330 = LINE('',#4331,#4332);
#4331 = CARTESIAN_POINT('',(3.14159265359,10.));
#4332 = VECTOR('',#4333,1.);
#4333 = DIRECTION('',(-1.,0.));
#4334 = ( GEOMETRIC_REPRESENTATION_CONTEXT(2) 
PARAMETRIC_REPRESENTATION_CONTEXT() REPRESENTATION_CONTEXT('2D SPACE',''
  ) );
#4335 = PCURVE('',#3964,#4336);
#4336 = DEFINITIONAL_REPRESENTATION('',(#4337),#4341);
#4337 = CIRCLE('',#4338,0.3);
#4338 = AXIS2_PLACEMENT_2D('',#4339,#4340);
#4339 = CARTESIAN_POINT('',(-2.2,9.51967135564));
#4340 = DIRECTION('',(1.,0.));
#4341 = ( GEOMETRIC_REPRESENTATION_CONTEXT(2) 
PARAMETRIC_REPRESENTATION_CONTEXT() REPRESENTATION_CONTEXT('2D SPACE',''
  ) );
#4342 = ORIENTED_EDGE('',*,*,#4183,.T.);
#4343 = ORIENTED_EDGE('',*,*,#4344,.T.);
#4344 = EDGE_CURVE('',#4161,#3977,#4345,.T.);
#4345 = SURFACE_CURVE('',#4346,(#4351,#4358),.PCURVE_S1.);
#4346 = CIRCLE('',#4347,0.3);
#4347 = AXIS2_PLACEMENT_3D('',#4348,#4349,#4350);
#4348 = CARTESIAN_POINT('',(-12.8,14.11967135564,-1.5));
#4349 = DIRECTION('',(0.,0.,1.));
#4350 = DIRECTION('',(1.,0.,-0.));
#4351 = PCURVE('',#3992,#4352);
#4352 = DEFINITIONAL_REPRESENTATION('',(#4353),#4357);
#4353 = LINE('',#4354,#4355);
#4354 = CARTESIAN_POINT('',(3.14159265359,11.5));
#4355 = VECTOR('',#4356,1.);
#4356 = DIRECTION('',(-1.,0.));
#4357 = ( GEOMETRIC_REPRESENTATION_CONTEXT(2) 
PARAMETRIC_REPRESENTATION_CONTEXT() REPRESENTATION_CONTEXT('2D SPACE',''
  ) );
#4358 = PCURVE('',#4020,#4359);
#4359 = DEFINITIONAL_REPRESENTATION('',(#4360),#4364);
#4360 = CIRCLE('',#4361,0.3);
#4361 = AXIS2_PLACEMENT_2D('',#4362,#4363);
#4362 = CARTESIAN_POINT('',(0.,0.));
#4363 = DIRECTION('',(1.,0.));
#4364 = ( GEOMETRIC_REPRESENTATION_CONTEXT(2) 
PARAMETRIC_REPRESENTATION_CONTEXT() REPRESENTATION_CONTEXT('2D SPACE',''
  ) );
#4365 = ORIENTED_EDGE('',*,*,#3976,.F.);
#4366 = ADVANCED_FACE('',(#4367,#4562),#4381,.T.);
#4367 = FACE_BOUND('',#4368,.T.);
#4368 = EDGE_LOOP('',(#4369,#4404,#4456,#4484,#4536));
#4369 = ORIENTED_EDGE('',*,*,#4370,.F.);
#4370 = EDGE_CURVE('',#4371,#4373,#4375,.T.);
#4371 = VERTEX_POINT('',#4372);
#4372 = CARTESIAN_POINT('',(1.178889744907,3.2,7.9));
#4373 = VERTEX_POINT('',#4374);
#4374 = CARTESIAN_POINT('',(1.178889744907,3.2,5.));
#4375 = SURFACE_CURVE('',#4376,(#4380,#4392),.PCURVE_S1.);
#4376 = LINE('',#4377,#4378);
#4377 = CARTESIAN_POINT('',(1.178889744907,3.2,5.));
#4378 = VECTOR('',#4379,1.);
#4379 = DIRECTION('',(0.,0.,-1.));
#4380 = PCURVE('',#4381,#4386);
#4381 = PLANE('',#4382);
#4382 = AXIS2_PLACEMENT_3D('',#4383,#4384,#4385);
#4383 = CARTESIAN_POINT('',(1.6,3.2,9.4));
#4384 = DIRECTION('',(-4.486353817181E-16,-1.,0.));
#4385 = DIRECTION('',(1.,-4.486353817181E-16,0.));
#4386 = DEFINITIONAL_REPRESENTATION('',(#4387),#4391);
#4387 = LINE('',#4388,#4389);
#4388 = CARTESIAN_POINT('',(-0.421110255093,-4.4));
#4389 = VECTOR('',#4390,1.);
#4390 = DIRECTION('',(0.,-1.));
#4391 = ( GEOMETRIC_REPRESENTATION_CONTEXT(2) 
PARAMETRIC_REPRESENTATION_CONTEXT() REPRESENTATION_CONTEXT('2D SPACE',''
  ) );
#4392 = PCURVE('',#4393,#4398);
#4393 = CYLINDRICAL_SURFACE('',#4394,1.4);
#4394 = AXIS2_PLACEMENT_3D('',#4395,#4396,#4397);
#4395 = CARTESIAN_POINT('',(1.9,2.,5.));
#4396 = DIRECTION('',(0.,0.,-1.));
#4397 = DIRECTION('',(-1.,0.,0.));
#4398 = DEFINITIONAL_REPRESENTATION('',(#4399),#4403);
#4399 = LINE('',#4400,#4401);
#4400 = CARTESIAN_POINT('',(7.312882108017,0.));
#4401 = VECTOR('',#4402,1.);
#4402 = DIRECTION('',(0.,1.));
#4403 = ( GEOMETRIC_REPRESENTATION_CONTEXT(2) 
PARAMETRIC_REPRESENTATION_CONTEXT() REPRESENTATION_CONTEXT('2D SPACE',''
  ) );
#4404 = ORIENTED_EDGE('',*,*,#4405,.T.);
#4405 = EDGE_CURVE('',#4371,#4406,#4408,.T.);
#4406 = VERTEX_POINT('',#4407);
#4407 = CARTESIAN_POINT('',(0.5583592135,3.2,9.4));
#4408 = SURFACE_CURVE('',#4409,(#4414,#4422),.PCURVE_S1.);
#4409 = B_SPLINE_CURVE_WITH_KNOTS('',3,(#4410,#4411,#4412,#4413),
  .UNSPECIFIED.,.F.,.F.,(4,4),(1.086461615489E-03,2.726156111995E-03),
  .PIECEWISE_BEZIER_KNOTS.);
#4410 = CARTESIAN_POINT('',(1.178889744907,3.2,7.9));
#4411 = CARTESIAN_POINT('',(0.929941559159,3.2,8.380854704634));
#4412 = CARTESIAN_POINT('',(0.741023246748,3.2,8.889438505768));
#4413 = CARTESIAN_POINT('',(0.5583592135,3.2,9.4));
#4414 = PCURVE('',#4381,#4415);
#4415 = DEFINITIONAL_REPRESENTATION('',(#4416),#4421);
#4416 = B_SPLINE_CURVE_WITH_KNOTS('',3,(#4417,#4418,#4419,#4420),
  .UNSPECIFIED.,.F.,.F.,(4,4),(1.086461615489E-03,2.726156111995E-03),
  .PIECEWISE_BEZIER_KNOTS.);
#4417 = CARTESIAN_POINT('',(-0.421110255093,-1.5));
#4418 = CARTESIAN_POINT('',(-0.670058440841,-1.019145295366));
#4419 = CARTESIAN_POINT('',(-0.858976753252,-0.510561494232));
#4420 = CARTESIAN_POINT('',(-1.0416407865,0.));
#4421 = ( GEOMETRIC_REPRESENTATION_CONTEXT(2) 
PARAMETRIC_REPRESENTATION_CONTEXT() REPRESENTATION_CONTEXT('2D SPACE',''
  ) );
#4422 = PCURVE('',#4423,#4428);
#4423 = CONICAL_SURFACE('',#4424,1.8,0.260602391747);
#4424 = AXIS2_PLACEMENT_3D('',#4425,#4426,#4427);
#4425 = CARTESIAN_POINT('',(1.9,2.,9.4));
#4426 = DIRECTION('',(0.,0.,1.));
#4427 = DIRECTION('',(1.,0.,-0.));
#4428 = DEFINITIONAL_REPRESENTATION('',(#4429),#4455);
#4429 = B_SPLINE_CURVE_WITH_KNOTS('',3,(#4430,#4431,#4432,#4433,#4434,
    #4435,#4436,#4437,#4438,#4439,#4440,#4441,#4442,#4443,#4444,#4445,
    #4446,#4447,#4448,#4449,#4450,#4451,#4452,#4453,#4454),
  .UNSPECIFIED.,.F.,.F.,(4,1,1,1,1,1,1,1,1,1,1,1,1,1,1,1,1,1,1,1,1,1,4),
  (1.086461615489E-03,1.160993183512E-03,1.235524751535E-03,
    1.310056319558E-03,1.384587887581E-03,1.459119455604E-03,
    1.533651023627E-03,1.60818259165E-03,1.682714159673E-03,
    1.757245727696E-03,1.831777295719E-03,1.906308863742E-03,
    1.980840431765E-03,2.055371999788E-03,2.129903567811E-03,
    2.204435135834E-03,2.278966703857E-03,2.35349827188E-03,
    2.428029839903E-03,2.502561407926E-03,2.577092975949E-03,
    2.651624543972E-03,2.726156111995E-03),.QUASI_UNIFORM_KNOTS.);
#4430 = CARTESIAN_POINT('',(2.111895852752,-1.5));
#4431 = CARTESIAN_POINT('',(2.118823784427,-1.478142847805));
#4432 = CARTESIAN_POINT('',(2.132355184194,-1.434303647988));
#4433 = CARTESIAN_POINT('',(2.151730845418,-1.36819300471));
#4434 = CARTESIAN_POINT('',(2.170237675184,-1.301753899902));
#4435 = CARTESIAN_POINT('',(2.1879259892,-1.235007828057));
#4436 = CARTESIAN_POINT('',(2.204844341638,-1.167975185323));
#4437 = CARTESIAN_POINT('',(2.221039214641,-1.100675188965));
#4438 = CARTESIAN_POINT('',(2.236555005648,-1.033126021348));
#4439 = CARTESIAN_POINT('',(2.251433992029,-0.965344905047));
#4440 = CARTESIAN_POINT('',(2.265716345902,-0.897348187744));
#4441 = CARTESIAN_POINT('',(2.279440168867,-0.829151416086));
#4442 = CARTESIAN_POINT('',(2.292641546003,-0.760769404427));
#4443 = CARTESIAN_POINT('',(2.305354612218,-0.692216297306));
#4444 = CARTESIAN_POINT('',(2.317611627158,-0.62350562646));
#4445 = CARTESIAN_POINT('',(2.329443055193,-0.554650362632));
#4446 = CARTESIAN_POINT('',(2.340877648006,-0.485662962646));
#4447 = CARTESIAN_POINT('',(2.351942527465,-0.416555412028));
#4448 = CARTESIAN_POINT('',(2.362663268451,-0.347339263846));
#4449 = CARTESIAN_POINT('',(2.373063976119,-0.278025673049));
#4450 = CARTESIAN_POINT('',(2.383167373338,-0.208625430602));
#4451 = CARTESIAN_POINT('',(2.392994835953,-0.139148982905));
#4452 = CARTESIAN_POINT('',(2.40256660628,-6.960649209742E-02));
#4453 = CARTESIAN_POINT('',(2.408789751012,-2.320731805286E-02));
#4454 = CARTESIAN_POINT('',(2.411864997363,3.869657015291E-16));
#4455 = ( GEOMETRIC_REPRESENTATION_CONTEXT(2) 
PARAMETRIC_REPRESENTATION_CONTEXT() REPRESENTATION_CONTEXT('2D SPACE',''
  ) );
#4456 = ORIENTED_EDGE('',*,*,#4457,.T.);
#4457 = EDGE_CURVE('',#4406,#4458,#4460,.T.);
#4458 = VERTEX_POINT('',#4459);
#4459 = CARTESIAN_POINT('',(-2.814359353945,3.2,9.4));
#4460 = SURFACE_CURVE('',#4461,(#4465,#4472),.PCURVE_S1.);
#4461 = LINE('',#4462,#4463);
#4462 = CARTESIAN_POINT('',(1.6,3.2,9.4));
#4463 = VECTOR('',#4464,1.);
#4464 = DIRECTION('',(-1.,4.486353817181E-16,0.));
#4465 = PCURVE('',#4381,#4466);
#4466 = DEFINITIONAL_REPRESENTATION('',(#4467),#4471);
#4467 = LINE('',#4468,#4469);
#4468 = CARTESIAN_POINT('',(0.,0.));
#4469 = VECTOR('',#4470,1.);
#4470 = DIRECTION('',(-1.,0.));
#4471 = ( GEOMETRIC_REPRESENTATION_CONTEXT(2) 
PARAMETRIC_REPRESENTATION_CONTEXT() REPRESENTATION_CONTEXT('2D SPACE',''
  ) );
#4472 = PCURVE('',#4473,#4478);
#4473 = PLANE('',#4474);
#4474 = AXIS2_PLACEMENT_3D('',#4475,#4476,#4477);
#4475 = CARTESIAN_POINT('',(2.2,17.,9.4));
#4476 = DIRECTION('',(0.,0.,1.));
#4477 = DIRECTION('',(1.,0.,-0.));
#4478 = DEFINITIONAL_REPRESENTATION('',(#4479),#4483);
#4479 = LINE('',#4480,#4481);
#4480 = CARTESIAN_POINT('',(-0.6,-13.8));
#4481 = VECTOR('',#4482,1.);
#4482 = DIRECTION('',(-1.,4.486353817181E-16));
#4483 = ( GEOMETRIC_REPRESENTATION_CONTEXT(2) 
PARAMETRIC_REPRESENTATION_CONTEXT() REPRESENTATION_CONTEXT('2D SPACE',''
  ) );
#4484 = ORIENTED_EDGE('',*,*,#4485,.T.);
#4485 = EDGE_CURVE('',#4458,#4486,#4488,.T.);
#4486 = VERTEX_POINT('',#4487);
#4487 = CARTESIAN_POINT('',(-3.451668522645,3.2,5.));
#4488 = SURFACE_CURVE('',#4489,(#4494,#4502),.PCURVE_S1.);
#4489 = B_SPLINE_CURVE_WITH_KNOTS('',3,(#4490,#4491,#4492,#4493),
  .UNSPECIFIED.,.F.,.F.,(4,4),(7.053556866799E-07,4.446844711953E-03),
  .PIECEWISE_BEZIER_KNOTS.);
#4490 = CARTESIAN_POINT('',(-2.814359353945,3.2,9.4));
#4491 = CARTESIAN_POINT('',(-2.997701317021,3.2,7.929206927459));
#4492 = CARTESIAN_POINT('',(-3.185929977025,3.2,6.458310468519));
#4493 = CARTESIAN_POINT('',(-3.451668522645,3.2,5.));
#4494 = PCURVE('',#4381,#4495);
#4495 = DEFINITIONAL_REPRESENTATION('',(#4496),#4501);
#4496 = B_SPLINE_CURVE_WITH_KNOTS('',3,(#4497,#4498,#4499,#4500),
  .UNSPECIFIED.,.F.,.F.,(4,4),(7.053556866799E-07,4.446844711953E-03),
  .PIECEWISE_BEZIER_KNOTS.);
#4497 = CARTESIAN_POINT('',(-4.414359353945,0.));
#4498 = CARTESIAN_POINT('',(-4.597701317021,-1.470793072541));
#4499 = CARTESIAN_POINT('',(-4.785929977025,-2.941689531481));
#4500 = CARTESIAN_POINT('',(-5.051668522645,-4.4));
#4501 = ( GEOMETRIC_REPRESENTATION_CONTEXT(2) 
PARAMETRIC_REPRESENTATION_CONTEXT() REPRESENTATION_CONTEXT('2D SPACE',''
  ) );
#4502 = PCURVE('',#4503,#4508);
#4503 = CONICAL_SURFACE('',#4504,1.5,9.065988720075E-02);
#4504 = AXIS2_PLACEMENT_3D('',#4505,#4506,#4507);
#4505 = CARTESIAN_POINT('',(-4.2,1.9,5.));
#4506 = DIRECTION('',(0.,0.,1.));
#4507 = DIRECTION('',(1.,0.,-0.));
#4508 = DEFINITIONAL_REPRESENTATION('',(#4509),#4535);
#4509 = B_SPLINE_CURVE_WITH_KNOTS('',3,(#4510,#4511,#4512,#4513,#4514,
    #4515,#4516,#4517,#4518,#4519,#4520,#4521,#4522,#4523,#4524,#4525,
    #4526,#4527,#4528,#4529,#4530,#4531,#4532,#4533,#4534),
  .UNSPECIFIED.,.F.,.F.,(4,1,1,1,1,1,1,1,1,1,1,1,1,1,1,1,1,1,1,1,1,1,4),
  (7.053556866799E-07,2.028025991533E-04,4.0489984262E-04,
    6.069970860866E-04,8.090943295533E-04,1.01119157302E-03,
    1.213288816487E-03,1.415386059953E-03,1.61748330342E-03,
    1.819580546887E-03,2.021677790353E-03,2.22377503382E-03,
    2.425872277287E-03,2.627969520753E-03,2.83006676422E-03,
    3.032164007686E-03,3.234261251153E-03,3.43635849462E-03,
    3.638455738086E-03,3.840552981553E-03,4.04265022502E-03,
    4.244747468486E-03,4.446844711953E-03),.QUASI_UNIFORM_KNOTS.);
#4510 = CARTESIAN_POINT('',(7.036705923779,4.4));
#4511 = CARTESIAN_POINT('',(7.039707095449,4.333145779339));
#4512 = CARTESIAN_POINT('',(7.045773903952,4.199440177804));
#4513 = CARTESIAN_POINT('',(7.055089041002,3.998895382267));
#4514 = CARTESIAN_POINT('',(7.064640111531,3.798369232166));
#4515 = CARTESIAN_POINT('',(7.074449943385,3.597866936735));
#4516 = CARTESIAN_POINT('',(7.084542648749,3.397393829601));
#4517 = CARTESIAN_POINT('',(7.094943867053,3.196955395238));
#4518 = CARTESIAN_POINT('',(7.105680807138,2.996557277617));
#4519 = CARTESIAN_POINT('',(7.116782350502,2.796205295464));
#4520 = CARTESIAN_POINT('',(7.128279145034,2.595905457795));
#4521 = CARTESIAN_POINT('',(7.14020370732,2.39566398164));
#4522 = CARTESIAN_POINT('',(7.152590527457,2.195487311668));
#4523 = CARTESIAN_POINT('',(7.165476176183,1.995382142073));
#4524 = CARTESIAN_POINT('',(7.178899411876,1.79535544087));
#4525 = CARTESIAN_POINT('',(7.192901284709,1.595414476869));
#4526 = CARTESIAN_POINT('',(7.207525234041,1.395566849508));
#4527 = CARTESIAN_POINT('',(7.222817174746,1.195820521972));
#4528 = CARTESIAN_POINT('',(7.23882556405,0.996183857119));
#4529 = CARTESIAN_POINT('',(7.255601448917,0.79666565909));
#4530 = CARTESIAN_POINT('',(7.273198454206,0.597275210808));
#4531 = CARTESIAN_POINT('',(7.291672810339,0.398022344803));
#4532 = CARTESIAN_POINT('',(7.311082990683,0.19891740804));
#4533 = CARTESIAN_POINT('',(7.324687988718,6.628689660109E-02));
#4534 = CARTESIAN_POINT('',(7.331666812168,1.20122491189E-16));
#4535 = ( GEOMETRIC_REPRESENTATION_CONTEXT(2) 
PARAMETRIC_REPRESENTATION_CONTEXT() REPRESENTATION_CONTEXT('2D SPACE',''
  ) );
#4536 = ORIENTED_EDGE('',*,*,#4537,.F.);
#4537 = EDGE_CURVE('',#4373,#4486,#4538,.T.);
#4538 = SURFACE_CURVE('',#4539,(#4543,#4550),.PCURVE_S1.);
#4539 = LINE('',#4540,#4541);
#4540 = CARTESIAN_POINT('',(1.6,3.2,5.));
#4541 = VECTOR('',#4542,1.);
#4542 = DIRECTION('',(-1.,4.486353817181E-16,0.));
#4543 = PCURVE('',#4381,#4544);
#4544 = DEFINITIONAL_REPRESENTATION('',(#4545),#4549);
#4545 = LINE('',#4546,#4547);
#4546 = CARTESIAN_POINT('',(0.,-4.4));
#4547 = VECTOR('',#4548,1.);
#4548 = DIRECTION('',(-1.,0.));
#4549 = ( GEOMETRIC_REPRESENTATION_CONTEXT(2) 
PARAMETRIC_REPRESENTATION_CONTEXT() REPRESENTATION_CONTEXT('2D SPACE',''
  ) );
#4550 = PCURVE('',#4551,#4556);
#4551 = PLANE('',#4552);
#4552 = AXIS2_PLACEMENT_3D('',#4553,#4554,#4555);
#4553 = CARTESIAN_POINT('',(2.2,17.,5.));
#4554 = DIRECTION('',(0.,0.,1.));
#4555 = DIRECTION('',(1.,0.,-0.));
#4556 = DEFINITIONAL_REPRESENTATION('',(#4557),#4561);
#4557 = LINE('',#4558,#4559);
#4558 = CARTESIAN_POINT('',(-0.6,-13.8));
#4559 = VECTOR('',#4560,1.);
#4560 = DIRECTION('',(-1.,4.486353817181E-16));
#4561 = ( GEOMETRIC_REPRESENTATION_CONTEXT(2) 
PARAMETRIC_REPRESENTATION_CONTEXT() REPRESENTATION_CONTEXT('2D SPACE',''
  ) );
#4562 = FACE_BOUND('',#4563,.T.);
#4563 = EDGE_LOOP('',(#4564,#4594,#4622,#4650));
#4564 = ORIENTED_EDGE('',*,*,#4565,.T.);
#4565 = EDGE_CURVE('',#4566,#4568,#4570,.T.);
#4566 = VERTEX_POINT('',#4567);
#4567 = CARTESIAN_POINT('',(0.4,3.2,6.8));
#4568 = VERTEX_POINT('',#4569);
#4569 = CARTESIAN_POINT('',(-0.4,3.2,6.8));
#4570 = SURFACE_CURVE('',#4571,(#4575,#4582),.PCURVE_S1.);
#4571 = LINE('',#4572,#4573);
#4572 = CARTESIAN_POINT('',(1.6,3.2,6.8));
#4573 = VECTOR('',#4574,1.);
#4574 = DIRECTION('',(-1.,4.486353817181E-16,0.));
#4575 = PCURVE('',#4381,#4576);
#4576 = DEFINITIONAL_REPRESENTATION('',(#4577),#4581);
#4577 = LINE('',#4578,#4579);
#4578 = CARTESIAN_POINT('',(0.,-2.6));
#4579 = VECTOR('',#4580,1.);
#4580 = DIRECTION('',(-1.,0.));
#4581 = ( GEOMETRIC_REPRESENTATION_CONTEXT(2) 
PARAMETRIC_REPRESENTATION_CONTEXT() REPRESENTATION_CONTEXT('2D SPACE',''
  ) );
#4582 = PCURVE('',#4583,#4588);
#4583 = PLANE('',#4584);
#4584 = AXIS2_PLACEMENT_3D('',#4585,#4586,#4587);
#4585 = CARTESIAN_POINT('',(0.4,4.,6.8));
#4586 = DIRECTION('',(0.,0.,1.));
#4587 = DIRECTION('',(1.,0.,-0.));
#4588 = DEFINITIONAL_REPRESENTATION('',(#4589),#4593);
#4589 = LINE('',#4590,#4591);
#4590 = CARTESIAN_POINT('',(1.2,-0.8));
#4591 = VECTOR('',#4592,1.);
#4592 = DIRECTION('',(-1.,4.486353817181E-16));
#4593 = ( GEOMETRIC_REPRESENTATION_CONTEXT(2) 
PARAMETRIC_REPRESENTATION_CONTEXT() REPRESENTATION_CONTEXT('2D SPACE',''
  ) );
#4594 = ORIENTED_EDGE('',*,*,#4595,.T.);
#4595 = EDGE_CURVE('',#4568,#4596,#4598,.T.);
#4596 = VERTEX_POINT('',#4597);
#4597 = CARTESIAN_POINT('',(-0.4,3.2,7.8));
#4598 = SURFACE_CURVE('',#4599,(#4603,#4610),.PCURVE_S1.);
#4599 = LINE('',#4600,#4601);
#4600 = CARTESIAN_POINT('',(-0.4,3.2,9.4));
#4601 = VECTOR('',#4602,1.);
#4602 = DIRECTION('',(0.,0.,1.));
#4603 = PCURVE('',#4381,#4604);
#4604 = DEFINITIONAL_REPRESENTATION('',(#4605),#4609);
#4605 = LINE('',#4606,#4607);
#4606 = CARTESIAN_POINT('',(-2.,0.));
#4607 = VECTOR('',#4608,1.);
#4608 = DIRECTION('',(0.,1.));
#4609 = ( GEOMETRIC_REPRESENTATION_CONTEXT(2) 
PARAMETRIC_REPRESENTATION_CONTEXT() REPRESENTATION_CONTEXT('2D SPACE',''
  ) );
#4610 = PCURVE('',#4611,#4616);
#4611 = PLANE('',#4612);
#4612 = AXIS2_PLACEMENT_3D('',#4613,#4614,#4615);
#4613 = CARTESIAN_POINT('',(-0.4,4.,6.8));
#4614 = DIRECTION('',(1.,0.,0.));
#4615 = DIRECTION('',(0.,0.,-1.));
#4616 = DEFINITIONAL_REPRESENTATION('',(#4617),#4621);
#4617 = LINE('',#4618,#4619);
#4618 = CARTESIAN_POINT('',(-2.6,-0.8));
#4619 = VECTOR('',#4620,1.);
#4620 = DIRECTION('',(-1.,0.));
#4621 = ( GEOMETRIC_REPRESENTATION_CONTEXT(2) 
PARAMETRIC_REPRESENTATION_CONTEXT() REPRESENTATION_CONTEXT('2D SPACE',''
  ) );
#4622 = ORIENTED_EDGE('',*,*,#4623,.T.);
#4623 = EDGE_CURVE('',#4596,#4624,#4626,.T.);
#4624 = VERTEX_POINT('',#4625);
#4625 = CARTESIAN_POINT('',(0.4,3.2,7.8));
#4626 = SURFACE_CURVE('',#4627,(#4631,#4638),.PCURVE_S1.);
#4627 = LINE('',#4628,#4629);
#4628 = CARTESIAN_POINT('',(1.6,3.2,7.8));
#4629 = VECTOR('',#4630,1.);
#4630 = DIRECTION('',(1.,-4.486353817181E-16,0.));
#4631 = PCURVE('',#4381,#4632);
#4632 = DEFINITIONAL_REPRESENTATION('',(#4633),#4637);
#4633 = LINE('',#4634,#4635);
#4634 = CARTESIAN_POINT('',(0.,-1.6));
#4635 = VECTOR('',#4636,1.);
#4636 = DIRECTION('',(1.,0.));
#4637 = ( GEOMETRIC_REPRESENTATION_CONTEXT(2) 
PARAMETRIC_REPRESENTATION_CONTEXT() REPRESENTATION_CONTEXT('2D SPACE',''
  ) );
#4638 = PCURVE('',#4639,#4644);
#4639 = PLANE('',#4640);
#4640 = AXIS2_PLACEMENT_3D('',#4641,#4642,#4643);
#4641 = CARTESIAN_POINT('',(-0.4,4.,7.8));
#4642 = DIRECTION('',(0.,0.,-1.));
#4643 = DIRECTION('',(-1.,0.,0.));
#4644 = DEFINITIONAL_REPRESENTATION('',(#4645),#4649);
#4645 = LINE('',#4646,#4647);
#4646 = CARTESIAN_POINT('',(-2.,-0.8));
#4647 = VECTOR('',#4648,1.);
#4648 = DIRECTION('',(-1.,-4.486353817181E-16));
#4649 = ( GEOMETRIC_REPRESENTATION_CONTEXT(2) 
PARAMETRIC_REPRESENTATION_CONTEXT() REPRESENTATION_CONTEXT('2D SPACE',''
  ) );
#4650 = ORIENTED_EDGE('',*,*,#4651,.T.);
#4651 = EDGE_CURVE('',#4624,#4566,#4652,.T.);
#4652 = SURFACE_CURVE('',#4653,(#4657,#4664),.PCURVE_S1.);
#4653 = LINE('',#4654,#4655);
#4654 = CARTESIAN_POINT('',(0.4,3.2,9.4));
#4655 = VECTOR('',#4656,1.);
#4656 = DIRECTION('',(0.,0.,-1.));
#4657 = PCURVE('',#4381,#4658);
#4658 = DEFINITIONAL_REPRESENTATION('',(#4659),#4663);
#4659 = LINE('',#4660,#4661);
#4660 = CARTESIAN_POINT('',(-1.2,0.));
#4661 = VECTOR('',#4662,1.);
#4662 = DIRECTION('',(0.,-1.));
#4663 = ( GEOMETRIC_REPRESENTATION_CONTEXT(2) 
PARAMETRIC_REPRESENTATION_CONTEXT() REPRESENTATION_CONTEXT('2D SPACE',''
  ) );
#4664 = PCURVE('',#4665,#4670);
#4665 = PLANE('',#4666);
#4666 = AXIS2_PLACEMENT_3D('',#4667,#4668,#4669);
#4667 = CARTESIAN_POINT('',(0.4,4.,7.8));
#4668 = DIRECTION('',(-1.,0.,0.));
#4669 = DIRECTION('',(0.,0.,1.));
#4670 = DEFINITIONAL_REPRESENTATION('',(#4671),#4675);
#4671 = LINE('',#4672,#4673);
#4672 = CARTESIAN_POINT('',(1.6,-0.8));
#4673 = VECTOR('',#4674,1.);
#4674 = DIRECTION('',(-1.,0.));
#4675 = ( GEOMETRIC_REPRESENTATION_CONTEXT(2) 
PARAMETRIC_REPRESENTATION_CONTEXT() REPRESENTATION_CONTEXT('2D SPACE',''
  ) );
#4676 = ADVANCED_FACE('',(#4677,#4810),#4691,.T.);
#4677 = FACE_BOUND('',#4678,.T.);
#4678 = EDGE_LOOP('',(#4679,#4709,#4756,#4784));
#4679 = ORIENTED_EDGE('',*,*,#4680,.F.);
#4680 = EDGE_CURVE('',#4681,#4683,#4685,.T.);
#4681 = VERTEX_POINT('',#4682);
#4682 = CARTESIAN_POINT('',(-5.686606874732,2.1,5.));
#4683 = VERTEX_POINT('',#4684);
#4684 = CARTESIAN_POINT('',(-8.75,2.1,5.));
#4685 = SURFACE_CURVE('',#4686,(#4690,#4702),.PCURVE_S1.);
#4686 = LINE('',#4687,#4688);
#4687 = CARTESIAN_POINT('',(-4.2,2.1,5.));
#4688 = VECTOR('',#4689,1.);
#4689 = DIRECTION('',(-1.,9.531447670202E-17,0.));
#4690 = PCURVE('',#4691,#4696);
#4691 = PLANE('',#4692);
#4692 = AXIS2_PLACEMENT_3D('',#4693,#4694,#4695);
#4693 = CARTESIAN_POINT('',(-4.2,2.1,9.4));
#4694 = DIRECTION('',(-9.531447670202E-17,-1.,0.));
#4695 = DIRECTION('',(1.,-9.531447670202E-17,0.));
#4696 = DEFINITIONAL_REPRESENTATION('',(#4697),#4701);
#4697 = LINE('',#4698,#4699);
#4698 = CARTESIAN_POINT('',(0.,-4.4));
#4699 = VECTOR('',#4700,1.);
#4700 = DIRECTION('',(-1.,0.));
#4701 = ( GEOMETRIC_REPRESENTATION_CONTEXT(2) 
PARAMETRIC_REPRESENTATION_CONTEXT() REPRESENTATION_CONTEXT('2D SPACE',''
  ) );
#4702 = PCURVE('',#4551,#4703);
#4703 = DEFINITIONAL_REPRESENTATION('',(#4704),#4708);
#4704 = LINE('',#4705,#4706);
#4705 = CARTESIAN_POINT('',(-6.4,-14.9));
#4706 = VECTOR('',#4707,1.);
#4707 = DIRECTION('',(-1.,9.531447670202E-17));
#4708 = ( GEOMETRIC_REPRESENTATION_CONTEXT(2) 
PARAMETRIC_REPRESENTATION_CONTEXT() REPRESENTATION_CONTEXT('2D SPACE',''
  ) );
#4709 = ORIENTED_EDGE('',*,*,#4710,.T.);
#4710 = EDGE_CURVE('',#4681,#4711,#4713,.T.);
#4711 = VERTEX_POINT('',#4712);
#4712 = CARTESIAN_POINT('',(-6.089444362769,2.1,9.4));
#4713 = SURFACE_CURVE('',#4714,(#4719,#4727),.PCURVE_S1.);
#4714 = B_SPLINE_CURVE_WITH_KNOTS('',3,(#4715,#4716,#4717,#4718),
  .UNSPECIFIED.,.F.,.F.,(4,4),(4.81317493587E-03,9.231577443371E-03),
  .PIECEWISE_BEZIER_KNOTS.);
#4715 = CARTESIAN_POINT('',(-5.686606874732,2.1,5.));
#4716 = CARTESIAN_POINT('',(-5.821139303852,2.1,6.466643449368));
#4717 = CARTESIAN_POINT('',(-5.955364474697,2.1,7.933315065544));
#4718 = CARTESIAN_POINT('',(-6.089444362769,2.1,9.4));
#4719 = PCURVE('',#4691,#4720);
#4720 = DEFINITIONAL_REPRESENTATION('',(#4721),#4726);
#4721 = B_SPLINE_CURVE_WITH_KNOTS('',3,(#4722,#4723,#4724,#4725),
  .UNSPECIFIED.,.F.,.F.,(4,4),(4.81317493587E-03,9.231577443371E-03),
  .PIECEWISE_BEZIER_KNOTS.);
#4722 = CARTESIAN_POINT('',(-1.486606874732,-4.4));
#4723 = CARTESIAN_POINT('',(-1.621139303852,-2.933356550632));
#4724 = CARTESIAN_POINT('',(-1.755364474697,-1.466684934456));
#4725 = CARTESIAN_POINT('',(-1.889444362769,0.));
#4726 = ( GEOMETRIC_REPRESENTATION_CONTEXT(2) 
PARAMETRIC_REPRESENTATION_CONTEXT() REPRESENTATION_CONTEXT('2D SPACE',''
  ) );
#4727 = PCURVE('',#4503,#4728);
#4728 = DEFINITIONAL_REPRESENTATION('',(#4729),#4755);
#4729 = B_SPLINE_CURVE_WITH_KNOTS('',3,(#4730,#4731,#4732,#4733,#4734,
    #4735,#4736,#4737,#4738,#4739,#4740,#4741,#4742,#4743,#4744,#4745,
    #4746,#4747,#4748,#4749,#4750,#4751,#4752,#4753,#4754),
  .UNSPECIFIED.,.F.,.F.,(4,1,1,1,1,1,1,1,1,1,1,1,1,1,1,1,1,1,1,1,1,1,4),
  (4.81317493587E-03,5.014011413483E-03,5.214847891097E-03,
    5.415684368711E-03,5.616520846325E-03,5.817357323938E-03,
    6.018193801552E-03,6.219030279166E-03,6.419866756779E-03,
    6.620703234393E-03,6.821539712007E-03,7.022376189621E-03,
    7.223212667234E-03,7.424049144848E-03,7.624885622462E-03,
    7.825722100075E-03,8.026558577689E-03,8.227395055303E-03,
    8.428231532917E-03,8.62906801053E-03,8.829904488144E-03,
    9.030740965758E-03,9.231577443371E-03),.QUASI_UNIFORM_KNOTS.);
#4730 = CARTESIAN_POINT('',(3.00786106418,-6.006124559448E-17));
#4731 = CARTESIAN_POINT('',(3.008404624041,6.666561138568E-02));
#4732 = CARTESIAN_POINT('',(3.009478474799,0.199996955826));
#4733 = CARTESIAN_POINT('',(3.011050797957,0.399994325041));
#4734 = CARTESIAN_POINT('',(3.012586047091,0.599992034128));
#4735 = CARTESIAN_POINT('',(3.014085513508,0.799990071211));
#4736 = CARTESIAN_POINT('',(3.015550435689,0.999988424901));
#4737 = CARTESIAN_POINT('',(3.016981994266,1.199987084341));
#4738 = CARTESIAN_POINT('',(3.01838131739,1.399986039156));
#4739 = CARTESIAN_POINT('',(3.019749483052,1.599985279434));
#4740 = CARTESIAN_POINT('',(3.021087521976,1.799984795695));
#4741 = CARTESIAN_POINT('',(3.022396420123,1.999984578871));
#4742 = CARTESIAN_POINT('',(3.023677121102,2.199984620285));
#4743 = CARTESIAN_POINT('',(3.0249305284,2.399984911624));
#4744 = CARTESIAN_POINT('',(3.026157507488,2.599985444927));
#4745 = CARTESIAN_POINT('',(3.027358887788,2.799986212562));
#4746 = CARTESIAN_POINT('',(3.028535464525,2.999987207213));
#4747 = CARTESIAN_POINT('',(3.029688000459,3.199988421857));
#4748 = CARTESIAN_POINT('',(3.030817227533,3.399989849758));
#4749 = CARTESIAN_POINT('',(3.031923848352,3.599991484445));
#4750 = CARTESIAN_POINT('',(3.03300853784,3.799993319704));
#4751 = CARTESIAN_POINT('',(3.034071943816,3.999995349565));
#4752 = CARTESIAN_POINT('',(3.035114691201,4.19999756827));
#4753 = CARTESIAN_POINT('',(3.035796478601,4.333332502997));
#4754 = CARTESIAN_POINT('',(3.03613412819,4.4));
#4755 = ( GEOMETRIC_REPRESENTATION_CONTEXT(2) 
PARAMETRIC_REPRESENTATION_CONTEXT() REPRESENTATION_CONTEXT('2D SPACE',''
  ) );
#4756 = ORIENTED_EDGE('',*,*,#4757,.T.);
#4757 = EDGE_CURVE('',#4711,#4758,#4760,.T.);
#4758 = VERTEX_POINT('',#4759);
#4759 = CARTESIAN_POINT('',(-8.75,2.1,9.4));
#4760 = SURFACE_CURVE('',#4761,(#4765,#4772),.PCURVE_S1.);
#4761 = LINE('',#4762,#4763);
#4762 = CARTESIAN_POINT('',(-4.2,2.1,9.4));
#4763 = VECTOR('',#4764,1.);
#4764 = DIRECTION('',(-1.,9.531447670202E-17,0.));
#4765 = PCURVE('',#4691,#4766);
#4766 = DEFINITIONAL_REPRESENTATION('',(#4767),#4771);
#4767 = LINE('',#4768,#4769);
#4768 = CARTESIAN_POINT('',(0.,0.));
#4769 = VECTOR('',#4770,1.);
#4770 = DIRECTION('',(-1.,0.));
#4771 = ( GEOMETRIC_REPRESENTATION_CONTEXT(2) 
PARAMETRIC_REPRESENTATION_CONTEXT() REPRESENTATION_CONTEXT('2D SPACE',''
  ) );
#4772 = PCURVE('',#4773,#4778);
#4773 = PLANE('',#4774);
#4774 = AXIS2_PLACEMENT_3D('',#4775,#4776,#4777);
#4775 = CARTESIAN_POINT('',(2.2,17.,9.4));
#4776 = DIRECTION('',(0.,0.,1.));
#4777 = DIRECTION('',(1.,0.,-0.));
#4778 = DEFINITIONAL_REPRESENTATION('',(#4779),#4783);
#4779 = LINE('',#4780,#4781);
#4780 = CARTESIAN_POINT('',(-6.4,-14.9));
#4781 = VECTOR('',#4782,1.);
#4782 = DIRECTION('',(-1.,9.531447670202E-17));
#4783 = ( GEOMETRIC_REPRESENTATION_CONTEXT(2) 
PARAMETRIC_REPRESENTATION_CONTEXT() REPRESENTATION_CONTEXT('2D SPACE',''
  ) );
#4784 = ORIENTED_EDGE('',*,*,#4785,.T.);
#4785 = EDGE_CURVE('',#4758,#4683,#4786,.T.);
#4786 = SURFACE_CURVE('',#4787,(#4791,#4798),.PCURVE_S1.);
#4787 = LINE('',#4788,#4789);
#4788 = CARTESIAN_POINT('',(-8.75,2.1,9.4));
#4789 = VECTOR('',#4790,1.);
#4790 = DIRECTION('',(0.,0.,-1.));
#4791 = PCURVE('',#4691,#4792);
#4792 = DEFINITIONAL_REPRESENTATION('',(#4793),#4797);
#4793 = LINE('',#4794,#4795);
#4794 = CARTESIAN_POINT('',(-4.55,0.));
#4795 = VECTOR('',#4796,1.);
#4796 = DIRECTION('',(0.,-1.));
#4797 = ( GEOMETRIC_REPRESENTATION_CONTEXT(2) 
PARAMETRIC_REPRESENTATION_CONTEXT() REPRESENTATION_CONTEXT('2D SPACE',''
  ) );
#4798 = PCURVE('',#4799,#4804);
#4799 = PLANE('',#4800);
#4800 = AXIS2_PLACEMENT_3D('',#4801,#4802,#4803);
#4801 = CARTESIAN_POINT('',(-8.75,2.1,9.4));
#4802 = DIRECTION('',(1.,1.577021341797E-15,0.));
#4803 = DIRECTION('',(-1.577021341797E-15,1.,0.));
#4804 = DEFINITIONAL_REPRESENTATION('',(#4805),#4809);
#4805 = LINE('',#4806,#4807);
#4806 = CARTESIAN_POINT('',(0.,0.));
#4807 = VECTOR('',#4808,1.);
#4808 = DIRECTION('',(0.,-1.));
#4809 = ( GEOMETRIC_REPRESENTATION_CONTEXT(2) 
PARAMETRIC_REPRESENTATION_CONTEXT() REPRESENTATION_CONTEXT('2D SPACE',''
  ) );
#4810 = FACE_BOUND('',#4811,.T.);
#4811 = EDGE_LOOP('',(#4812,#4842,#4870,#4898));
#4812 = ORIENTED_EDGE('',*,*,#4813,.T.);
#4813 = EDGE_CURVE('',#4814,#4816,#4818,.T.);
#4814 = VERTEX_POINT('',#4815);
#4815 = CARTESIAN_POINT('',(-7.8,2.1,6.8));
#4816 = VERTEX_POINT('',#4817);
#4817 = CARTESIAN_POINT('',(-8.6,2.1,6.8));
#4818 = SURFACE_CURVE('',#4819,(#4823,#4830),.PCURVE_S1.);
#4819 = LINE('',#4820,#4821);
#4820 = CARTESIAN_POINT('',(-4.2,2.1,6.8));
#4821 = VECTOR('',#4822,1.);
#4822 = DIRECTION('',(-1.,9.531447670202E-17,0.));
#4823 = PCURVE('',#4691,#4824);
#4824 = DEFINITIONAL_REPRESENTATION('',(#4825),#4829);
#4825 = LINE('',#4826,#4827);
#4826 = CARTESIAN_POINT('',(0.,-2.6));
#4827 = VECTOR('',#4828,1.);
#4828 = DIRECTION('',(-1.,0.));
#4829 = ( GEOMETRIC_REPRESENTATION_CONTEXT(2) 
PARAMETRIC_REPRESENTATION_CONTEXT() REPRESENTATION_CONTEXT('2D SPACE',''
  ) );
#4830 = PCURVE('',#4831,#4836);
#4831 = PLANE('',#4832);
#4832 = AXIS2_PLACEMENT_3D('',#4833,#4834,#4835);
#4833 = CARTESIAN_POINT('',(-7.8,4.,6.8));
#4834 = DIRECTION('',(0.,0.,1.));
#4835 = DIRECTION('',(1.,0.,-0.));
#4836 = DEFINITIONAL_REPRESENTATION('',(#4837),#4841);
#4837 = LINE('',#4838,#4839);
#4838 = CARTESIAN_POINT('',(3.6,-1.9));
#4839 = VECTOR('',#4840,1.);
#4840 = DIRECTION('',(-1.,9.531447670202E-17));
#4841 = ( GEOMETRIC_REPRESENTATION_CONTEXT(2) 
PARAMETRIC_REPRESENTATION_CONTEXT() REPRESENTATION_CONTEXT('2D SPACE',''
  ) );
#4842 = ORIENTED_EDGE('',*,*,#4843,.T.);
#4843 = EDGE_CURVE('',#4816,#4844,#4846,.T.);
#4844 = VERTEX_POINT('',#4845);
#4845 = CARTESIAN_POINT('',(-8.6,2.1,7.8));
#4846 = SURFACE_CURVE('',#4847,(#4851,#4858),.PCURVE_S1.);
#4847 = LINE('',#4848,#4849);
#4848 = CARTESIAN_POINT('',(-8.6,2.1,9.4));
#4849 = VECTOR('',#4850,1.);
#4850 = DIRECTION('',(0.,0.,1.));
#4851 = PCURVE('',#4691,#4852);
#4852 = DEFINITIONAL_REPRESENTATION('',(#4853),#4857);
#4853 = LINE('',#4854,#4855);
#4854 = CARTESIAN_POINT('',(-4.4,0.));
#4855 = VECTOR('',#4856,1.);
#4856 = DIRECTION('',(0.,1.));
#4857 = ( GEOMETRIC_REPRESENTATION_CONTEXT(2) 
PARAMETRIC_REPRESENTATION_CONTEXT() REPRESENTATION_CONTEXT('2D SPACE',''
  ) );
#4858 = PCURVE('',#4859,#4864);
#4859 = PLANE('',#4860);
#4860 = AXIS2_PLACEMENT_3D('',#4861,#4862,#4863);
#4861 = CARTESIAN_POINT('',(-8.6,4.,6.8));
#4862 = DIRECTION('',(1.,0.,0.));
#4863 = DIRECTION('',(0.,0.,-1.));
#4864 = DEFINITIONAL_REPRESENTATION('',(#4865),#4869);
#4865 = LINE('',#4866,#4867);
#4866 = CARTESIAN_POINT('',(-2.6,-1.9));
#4867 = VECTOR('',#4868,1.);
#4868 = DIRECTION('',(-1.,0.));
#4869 = ( GEOMETRIC_REPRESENTATION_CONTEXT(2) 
PARAMETRIC_REPRESENTATION_CONTEXT() REPRESENTATION_CONTEXT('2D SPACE',''
  ) );
#4870 = ORIENTED_EDGE('',*,*,#4871,.T.);
#4871 = EDGE_CURVE('',#4844,#4872,#4874,.T.);
#4872 = VERTEX_POINT('',#4873);
#4873 = CARTESIAN_POINT('',(-7.8,2.1,7.8));
#4874 = SURFACE_CURVE('',#4875,(#4879,#4886),.PCURVE_S1.);
#4875 = LINE('',#4876,#4877);
#4876 = CARTESIAN_POINT('',(-4.2,2.1,7.8));
#4877 = VECTOR('',#4878,1.);
#4878 = DIRECTION('',(1.,-9.531447670202E-17,0.));
#4879 = PCURVE('',#4691,#4880);
#4880 = DEFINITIONAL_REPRESENTATION('',(#4881),#4885);
#4881 = LINE('',#4882,#4883);
#4882 = CARTESIAN_POINT('',(0.,-1.6));
#4883 = VECTOR('',#4884,1.);
#4884 = DIRECTION('',(1.,0.));
#4885 = ( GEOMETRIC_REPRESENTATION_CONTEXT(2) 
PARAMETRIC_REPRESENTATION_CONTEXT() REPRESENTATION_CONTEXT('2D SPACE',''
  ) );
#4886 = PCURVE('',#4887,#4892);
#4887 = PLANE('',#4888);
#4888 = AXIS2_PLACEMENT_3D('',#4889,#4890,#4891);
#4889 = CARTESIAN_POINT('',(-8.6,4.,7.8));
#4890 = DIRECTION('',(0.,0.,-1.));
#4891 = DIRECTION('',(-1.,0.,0.));
#4892 = DEFINITIONAL_REPRESENTATION('',(#4893),#4897);
#4893 = LINE('',#4894,#4895);
#4894 = CARTESIAN_POINT('',(-4.4,-1.9));
#4895 = VECTOR('',#4896,1.);
#4896 = DIRECTION('',(-1.,-9.531447670202E-17));
#4897 = ( GEOMETRIC_REPRESENTATION_CONTEXT(2) 
PARAMETRIC_REPRESENTATION_CONTEXT() REPRESENTATION_CONTEXT('2D SPACE',''
  ) );
#4898 = ORIENTED_EDGE('',*,*,#4899,.T.);
#4899 = EDGE_CURVE('',#4872,#4814,#4900,.T.);
#4900 = SURFACE_CURVE('',#4901,(#4905,#4912),.PCURVE_S1.);
#4901 = LINE('',#4902,#4903);
#4902 = CARTESIAN_POINT('',(-7.8,2.1,9.4));
#4903 = VECTOR('',#4904,1.);
#4904 = DIRECTION('',(0.,0.,-1.));
#4905 = PCURVE('',#4691,#4906);
#4906 = DEFINITIONAL_REPRESENTATION('',(#4907),#4911);
#4907 = LINE('',#4908,#4909);
#4908 = CARTESIAN_POINT('',(-3.6,0.));
#4909 = VECTOR('',#4910,1.);
#4910 = DIRECTION('',(0.,-1.));
#4911 = ( GEOMETRIC_REPRESENTATION_CONTEXT(2) 
PARAMETRIC_REPRESENTATION_CONTEXT() REPRESENTATION_CONTEXT('2D SPACE',''
  ) );
#4912 = PCURVE('',#4913,#4918);
#4913 = PLANE('',#4914);
#4914 = AXIS2_PLACEMENT_3D('',#4915,#4916,#4917);
#4915 = CARTESIAN_POINT('',(-7.8,4.,7.8));
#4916 = DIRECTION('',(-1.,0.,0.));
#4917 = DIRECTION('',(0.,0.,1.));
#4918 = DEFINITIONAL_REPRESENTATION('',(#4919),#4923);
#4919 = LINE('',#4920,#4921);
#4920 = CARTESIAN_POINT('',(1.6,-1.9));
#4921 = VECTOR('',#4922,1.);
#4922 = DIRECTION('',(-1.,0.));
#4923 = ( GEOMETRIC_REPRESENTATION_CONTEXT(2) 
PARAMETRIC_REPRESENTATION_CONTEXT() REPRESENTATION_CONTEXT('2D SPACE',''
  ) );
#4924 = ADVANCED_FACE('',(#4925,#5068),#4939,.T.);
#4925 = FACE_BOUND('',#4926,.T.);
#4926 = EDGE_LOOP('',(#4927,#4962,#5014,#5042));
#4927 = ORIENTED_EDGE('',*,*,#4928,.F.);
#4928 = EDGE_CURVE('',#4929,#4931,#4933,.T.);
#4929 = VERTEX_POINT('',#4930);
#4930 = CARTESIAN_POINT('',(-5.686606874732,2.1,0.));
#4931 = VERTEX_POINT('',#4932);
#4932 = CARTESIAN_POINT('',(-8.75,2.1,0.));
#4933 = SURFACE_CURVE('',#4934,(#4938,#4950),.PCURVE_S1.);
#4934 = LINE('',#4935,#4936);
#4935 = CARTESIAN_POINT('',(-4.2,2.1,0.));
#4936 = VECTOR('',#4937,1.);
#4937 = DIRECTION('',(-1.,9.531447670202E-17,0.));
#4938 = PCURVE('',#4939,#4944);
#4939 = PLANE('',#4940);
#4940 = AXIS2_PLACEMENT_3D('',#4941,#4942,#4943);
#4941 = CARTESIAN_POINT('',(-4.2,2.1,4.4));
#4942 = DIRECTION('',(-9.531447670202E-17,-1.,0.));
#4943 = DIRECTION('',(1.,-9.531447670202E-17,0.));
#4944 = DEFINITIONAL_REPRESENTATION('',(#4945),#4949);
#4945 = LINE('',#4946,#4947);
#4946 = CARTESIAN_POINT('',(0.,-4.4));
#4947 = VECTOR('',#4948,1.);
#4948 = DIRECTION('',(-1.,0.));
#4949 = ( GEOMETRIC_REPRESENTATION_CONTEXT(2) 
PARAMETRIC_REPRESENTATION_CONTEXT() REPRESENTATION_CONTEXT('2D SPACE',''
  ) );
#4950 = PCURVE('',#4951,#4956);
#4951 = PLANE('',#4952);
#4952 = AXIS2_PLACEMENT_3D('',#4953,#4954,#4955);
#4953 = CARTESIAN_POINT('',(2.2,17.,0.));
#4954 = DIRECTION('',(0.,0.,1.));
#4955 = DIRECTION('',(1.,0.,-0.));
#4956 = DEFINITIONAL_REPRESENTATION('',(#4957),#4961);
#4957 = LINE('',#4958,#4959);
#4958 = CARTESIAN_POINT('',(-6.4,-14.9));
#4959 = VECTOR('',#4960,1.);
#4960 = DIRECTION('',(-1.,9.531447670202E-17));
#4961 = ( GEOMETRIC_REPRESENTATION_CONTEXT(2) 
PARAMETRIC_REPRESENTATION_CONTEXT() REPRESENTATION_CONTEXT('2D SPACE',''
  ) );
#4962 = ORIENTED_EDGE('',*,*,#4963,.T.);
#4963 = EDGE_CURVE('',#4929,#4964,#4966,.T.);
#4964 = VERTEX_POINT('',#4965);
#4965 = CARTESIAN_POINT('',(-6.089444362769,2.1,4.4));
#4966 = SURFACE_CURVE('',#4967,(#4972,#4980),.PCURVE_S1.);
#4967 = B_SPLINE_CURVE_WITH_KNOTS('',3,(#4968,#4969,#4970,#4971),
  .UNSPECIFIED.,.F.,.F.,(4,4),(4.81317493587E-03,9.231577443371E-03),
  .PIECEWISE_BEZIER_KNOTS.);
#4968 = CARTESIAN_POINT('',(-5.686606874732,2.1,2.113683255621E-16));
#4969 = CARTESIAN_POINT('',(-5.821139303852,2.1,1.466643449368));
#4970 = CARTESIAN_POINT('',(-5.955364474697,2.1,2.933315065544));
#4971 = CARTESIAN_POINT('',(-6.089444362769,2.1,4.4));
#4972 = PCURVE('',#4939,#4973);
#4973 = DEFINITIONAL_REPRESENTATION('',(#4974),#4979);
#4974 = B_SPLINE_CURVE_WITH_KNOTS('',3,(#4975,#4976,#4977,#4978),
  .UNSPECIFIED.,.F.,.F.,(4,4),(4.81317493587E-03,9.231577443371E-03),
  .PIECEWISE_BEZIER_KNOTS.);
#4975 = CARTESIAN_POINT('',(-1.486606874732,-4.4));
#4976 = CARTESIAN_POINT('',(-1.621139303852,-2.933356550632));
#4977 = CARTESIAN_POINT('',(-1.755364474697,-1.466684934456));
#4978 = CARTESIAN_POINT('',(-1.889444362769,0.));
#4979 = ( GEOMETRIC_REPRESENTATION_CONTEXT(2) 
PARAMETRIC_REPRESENTATION_CONTEXT() REPRESENTATION_CONTEXT('2D SPACE',''
  ) );
#4980 = PCURVE('',#4981,#4986);
#4981 = CONICAL_SURFACE('',#4982,1.5,9.065988720075E-02);
#4982 = AXIS2_PLACEMENT_3D('',#4983,#4984,#4985);
#4983 = CARTESIAN_POINT('',(-4.2,1.9,0.));
#4984 = DIRECTION('',(0.,0.,1.));
#4985 = DIRECTION('',(1.,0.,-0.));
#4986 = DEFINITIONAL_REPRESENTATION('',(#4987),#5013);
#4987 = B_SPLINE_CURVE_WITH_KNOTS('',3,(#4988,#4989,#4990,#4991,#4992,
    #4993,#4994,#4995,#4996,#4997,#4998,#4999,#5000,#5001,#5002,#5003,
    #5004,#5005,#5006,#5007,#5008,#5009,#5010,#5011,#5012),
  .UNSPECIFIED.,.F.,.F.,(4,1,1,1,1,1,1,1,1,1,1,1,1,1,1,1,1,1,1,1,1,1,4),
  (4.81317493587E-03,5.014011413483E-03,5.214847891097E-03,
    5.415684368711E-03,5.616520846325E-03,5.817357323938E-03,
    6.018193801552E-03,6.219030279166E-03,6.419866756779E-03,
    6.620703234393E-03,6.821539712007E-03,7.022376189621E-03,
    7.223212667234E-03,7.424049144848E-03,7.624885622462E-03,
    7.825722100075E-03,8.026558577689E-03,8.227395055303E-03,
    8.428231532917E-03,8.62906801053E-03,8.829904488144E-03,
    9.030740965758E-03,9.231577443371E-03),.QUASI_UNIFORM_KNOTS.);
#4988 = CARTESIAN_POINT('',(3.00786106418,1.495745527089E-16));
#4989 = CARTESIAN_POINT('',(3.008404624041,6.666561138568E-02));
#4990 = CARTESIAN_POINT('',(3.009478474799,0.199996955826));
#4991 = CARTESIAN_POINT('',(3.011050797957,0.399994325041));
#4992 = CARTESIAN_POINT('',(3.012586047091,0.599992034128));
#4993 = CARTESIAN_POINT('',(3.014085513508,0.799990071211));
#4994 = CARTESIAN_POINT('',(3.015550435689,0.999988424901));
#4995 = CARTESIAN_POINT('',(3.016981994266,1.199987084341));
#4996 = CARTESIAN_POINT('',(3.01838131739,1.399986039156));
#4997 = CARTESIAN_POINT('',(3.019749483052,1.599985279434));
#4998 = CARTESIAN_POINT('',(3.021087521976,1.799984795695));
#4999 = CARTESIAN_POINT('',(3.022396420123,1.999984578871));
#5000 = CARTESIAN_POINT('',(3.023677121102,2.199984620285));
#5001 = CARTESIAN_POINT('',(3.0249305284,2.399984911624));
#5002 = CARTESIAN_POINT('',(3.026157507488,2.599985444927));
#5003 = CARTESIAN_POINT('',(3.027358887788,2.799986212562));
#5004 = CARTESIAN_POINT('',(3.028535464525,2.999987207213));
#5005 = CARTESIAN_POINT('',(3.029688000459,3.199988421857));
#5006 = CARTESIAN_POINT('',(3.030817227533,3.399989849758));
#5007 = CARTESIAN_POINT('',(3.031923848352,3.599991484445));
#5008 = CARTESIAN_POINT('',(3.03300853784,3.799993319704));
#5009 = CARTESIAN_POINT('',(3.034071943816,3.999995349565));
#5010 = CARTESIAN_POINT('',(3.035114691201,4.19999756827));
#5011 = CARTESIAN_POINT('',(3.035796478601,4.333332502997));
#5012 = CARTESIAN_POINT('',(3.03613412819,4.4));
#5013 = ( GEOMETRIC_REPRESENTATION_CONTEXT(2) 
PARAMETRIC_REPRESENTATION_CONTEXT() REPRESENTATION_CONTEXT('2D SPACE',''
  ) );
#5014 = ORIENTED_EDGE('',*,*,#5015,.T.);
#5015 = EDGE_CURVE('',#4964,#5016,#5018,.T.);
#5016 = VERTEX_POINT('',#5017);
#5017 = CARTESIAN_POINT('',(-8.75,2.1,4.4));
#5018 = SURFACE_CURVE('',#5019,(#5023,#5030),.PCURVE_S1.);
#5019 = LINE('',#5020,#5021);
#5020 = CARTESIAN_POINT('',(-4.2,2.1,4.4));
#5021 = VECTOR('',#5022,1.);
#5022 = DIRECTION('',(-1.,9.531447670202E-17,0.));
#5023 = PCURVE('',#4939,#5024);
#5024 = DEFINITIONAL_REPRESENTATION('',(#5025),#5029);
#5025 = LINE('',#5026,#5027);
#5026 = CARTESIAN_POINT('',(0.,0.));
#5027 = VECTOR('',#5028,1.);
#5028 = DIRECTION('',(-1.,0.));
#5029 = ( GEOMETRIC_REPRESENTATION_CONTEXT(2) 
PARAMETRIC_REPRESENTATION_CONTEXT() REPRESENTATION_CONTEXT('2D SPACE',''
  ) );
#5030 = PCURVE('',#5031,#5036);
#5031 = PLANE('',#5032);
#5032 = AXIS2_PLACEMENT_3D('',#5033,#5034,#5035);
#5033 = CARTESIAN_POINT('',(2.2,17.,4.4));
#5034 = DIRECTION('',(0.,0.,1.));
#5035 = DIRECTION('',(1.,0.,-0.));
#5036 = DEFINITIONAL_REPRESENTATION('',(#5037),#5041);
#5037 = LINE('',#5038,#5039);
#5038 = CARTESIAN_POINT('',(-6.4,-14.9));
#5039 = VECTOR('',#5040,1.);
#5040 = DIRECTION('',(-1.,9.531447670202E-17));
#5041 = ( GEOMETRIC_REPRESENTATION_CONTEXT(2) 
PARAMETRIC_REPRESENTATION_CONTEXT() REPRESENTATION_CONTEXT('2D SPACE',''
  ) );
#5042 = ORIENTED_EDGE('',*,*,#5043,.T.);
#5043 = EDGE_CURVE('',#5016,#4931,#5044,.T.);
#5044 = SURFACE_CURVE('',#5045,(#5049,#5056),.PCURVE_S1.);
#5045 = LINE('',#5046,#5047);
#5046 = CARTESIAN_POINT('',(-8.75,2.1,4.4));
#5047 = VECTOR('',#5048,1.);
#5048 = DIRECTION('',(0.,0.,-1.));
#5049 = PCURVE('',#4939,#5050);
#5050 = DEFINITIONAL_REPRESENTATION('',(#5051),#5055);
#5051 = LINE('',#5052,#5053);
#5052 = CARTESIAN_POINT('',(-4.55,0.));
#5053 = VECTOR('',#5054,1.);
#5054 = DIRECTION('',(0.,-1.));
#5055 = ( GEOMETRIC_REPRESENTATION_CONTEXT(2) 
PARAMETRIC_REPRESENTATION_CONTEXT() REPRESENTATION_CONTEXT('2D SPACE',''
  ) );
#5056 = PCURVE('',#5057,#5062);
#5057 = PLANE('',#5058);
#5058 = AXIS2_PLACEMENT_3D('',#5059,#5060,#5061);
#5059 = CARTESIAN_POINT('',(-8.75,2.1,4.4));
#5060 = DIRECTION('',(1.,1.577021341797E-15,0.));
#5061 = DIRECTION('',(-1.577021341797E-15,1.,0.));
#5062 = DEFINITIONAL_REPRESENTATION('',(#5063),#5067);
#5063 = LINE('',#5064,#5065);
#5064 = CARTESIAN_POINT('',(0.,0.));
#5065 = VECTOR('',#5066,1.);
#5066 = DIRECTION('',(0.,-1.));
#5067 = ( GEOMETRIC_REPRESENTATION_CONTEXT(2) 
PARAMETRIC_REPRESENTATION_CONTEXT() REPRESENTATION_CONTEXT('2D SPACE',''
  ) );
#5068 = FACE_BOUND('',#5069,.T.);
#5069 = EDGE_LOOP('',(#5070,#5100,#5128,#5156));
#5070 = ORIENTED_EDGE('',*,*,#5071,.T.);
#5071 = EDGE_CURVE('',#5072,#5074,#5076,.T.);
#5072 = VERTEX_POINT('',#5073);
#5073 = CARTESIAN_POINT('',(-7.8,2.1,1.8));
#5074 = VERTEX_POINT('',#5075);
#5075 = CARTESIAN_POINT('',(-8.6,2.1,1.8));
#5076 = SURFACE_CURVE('',#5077,(#5081,#5088),.PCURVE_S1.);
#5077 = LINE('',#5078,#5079);
#5078 = CARTESIAN_POINT('',(-4.2,2.1,1.8));
#5079 = VECTOR('',#5080,1.);
#5080 = DIRECTION('',(-1.,9.531447670202E-17,0.));
#5081 = PCURVE('',#4939,#5082);
#5082 = DEFINITIONAL_REPRESENTATION('',(#5083),#5087);
#5083 = LINE('',#5084,#5085);
#5084 = CARTESIAN_POINT('',(0.,-2.6));
#5085 = VECTOR('',#5086,1.);
#5086 = DIRECTION('',(-1.,0.));
#5087 = ( GEOMETRIC_REPRESENTATION_CONTEXT(2) 
PARAMETRIC_REPRESENTATION_CONTEXT() REPRESENTATION_CONTEXT('2D SPACE',''
  ) );
#5088 = PCURVE('',#5089,#5094);
#5089 = PLANE('',#5090);
#5090 = AXIS2_PLACEMENT_3D('',#5091,#5092,#5093);
#5091 = CARTESIAN_POINT('',(-7.8,4.,1.8));
#5092 = DIRECTION('',(0.,0.,1.));
#5093 = DIRECTION('',(1.,0.,-0.));
#5094 = DEFINITIONAL_REPRESENTATION('',(#5095),#5099);
#5095 = LINE('',#5096,#5097);
#5096 = CARTESIAN_POINT('',(3.6,-1.9));
#5097 = VECTOR('',#5098,1.);
#5098 = DIRECTION('',(-1.,9.531447670202E-17));
#5099 = ( GEOMETRIC_REPRESENTATION_CONTEXT(2) 
PARAMETRIC_REPRESENTATION_CONTEXT() REPRESENTATION_CONTEXT('2D SPACE',''
  ) );
#5100 = ORIENTED_EDGE('',*,*,#5101,.T.);
#5101 = EDGE_CURVE('',#5074,#5102,#5104,.T.);
#5102 = VERTEX_POINT('',#5103);
#5103 = CARTESIAN_POINT('',(-8.6,2.1,2.8));
#5104 = SURFACE_CURVE('',#5105,(#5109,#5116),.PCURVE_S1.);
#5105 = LINE('',#5106,#5107);
#5106 = CARTESIAN_POINT('',(-8.6,2.1,4.4));
#5107 = VECTOR('',#5108,1.);
#5108 = DIRECTION('',(0.,0.,1.));
#5109 = PCURVE('',#4939,#5110);
#5110 = DEFINITIONAL_REPRESENTATION('',(#5111),#5115);
#5111 = LINE('',#5112,#5113);
#5112 = CARTESIAN_POINT('',(-4.4,0.));
#5113 = VECTOR('',#5114,1.);
#5114 = DIRECTION('',(0.,1.));
#5115 = ( GEOMETRIC_REPRESENTATION_CONTEXT(2) 
PARAMETRIC_REPRESENTATION_CONTEXT() REPRESENTATION_CONTEXT('2D SPACE',''
  ) );
#5116 = PCURVE('',#5117,#5122);
#5117 = PLANE('',#5118);
#5118 = AXIS2_PLACEMENT_3D('',#5119,#5120,#5121);
#5119 = CARTESIAN_POINT('',(-8.6,4.,1.8));
#5120 = DIRECTION('',(1.,0.,0.));
#5121 = DIRECTION('',(0.,0.,-1.));
#5122 = DEFINITIONAL_REPRESENTATION('',(#5123),#5127);
#5123 = LINE('',#5124,#5125);
#5124 = CARTESIAN_POINT('',(-2.6,-1.9));
#5125 = VECTOR('',#5126,1.);
#5126 = DIRECTION('',(-1.,0.));
#5127 = ( GEOMETRIC_REPRESENTATION_CONTEXT(2) 
PARAMETRIC_REPRESENTATION_CONTEXT() REPRESENTATION_CONTEXT('2D SPACE',''
  ) );
#5128 = ORIENTED_EDGE('',*,*,#5129,.T.);
#5129 = EDGE_CURVE('',#5102,#5130,#5132,.T.);
#5130 = VERTEX_POINT('',#5131);
#5131 = CARTESIAN_POINT('',(-7.8,2.1,2.8));
#5132 = SURFACE_CURVE('',#5133,(#5137,#5144),.PCURVE_S1.);
#5133 = LINE('',#5134,#5135);
#5134 = CARTESIAN_POINT('',(-4.2,2.1,2.8));
#5135 = VECTOR('',#5136,1.);
#5136 = DIRECTION('',(1.,-9.531447670202E-17,0.));
#5137 = PCURVE('',#4939,#5138);
#5138 = DEFINITIONAL_REPRESENTATION('',(#5139),#5143);
#5139 = LINE('',#5140,#5141);
#5140 = CARTESIAN_POINT('',(0.,-1.6));
#5141 = VECTOR('',#5142,1.);
#5142 = DIRECTION('',(1.,0.));
#5143 = ( GEOMETRIC_REPRESENTATION_CONTEXT(2) 
PARAMETRIC_REPRESENTATION_CONTEXT() REPRESENTATION_CONTEXT('2D SPACE',''
  ) );
#5144 = PCURVE('',#5145,#5150);
#5145 = PLANE('',#5146);
#5146 = AXIS2_PLACEMENT_3D('',#5147,#5148,#5149);
#5147 = CARTESIAN_POINT('',(-8.6,4.,2.8));
#5148 = DIRECTION('',(0.,0.,-1.));
#5149 = DIRECTION('',(-1.,0.,0.));
#5150 = DEFINITIONAL_REPRESENTATION('',(#5151),#5155);
#5151 = LINE('',#5152,#5153);
#5152 = CARTESIAN_POINT('',(-4.4,-1.9));
#5153 = VECTOR('',#5154,1.);
#5154 = DIRECTION('',(-1.,-9.531447670202E-17));
#5155 = ( GEOMETRIC_REPRESENTATION_CONTEXT(2) 
PARAMETRIC_REPRESENTATION_CONTEXT() REPRESENTATION_CONTEXT('2D SPACE',''
  ) );
#5156 = ORIENTED_EDGE('',*,*,#5157,.T.);
#5157 = EDGE_CURVE('',#5130,#5072,#5158,.T.);
#5158 = SURFACE_CURVE('',#5159,(#5163,#5170),.PCURVE_S1.);
#5159 = LINE('',#5160,#5161);
#5160 = CARTESIAN_POINT('',(-7.8,2.1,4.4));
#5161 = VECTOR('',#5162,1.);
#5162 = DIRECTION('',(0.,0.,-1.));
#5163 = PCURVE('',#4939,#5164);
#5164 = DEFINITIONAL_REPRESENTATION('',(#5165),#5169);
#5165 = LINE('',#5166,#5167);
#5166 = CARTESIAN_POINT('',(-3.6,0.));
#5167 = VECTOR('',#5168,1.);
#5168 = DIRECTION('',(0.,-1.));
#5169 = ( GEOMETRIC_REPRESENTATION_CONTEXT(2) 
PARAMETRIC_REPRESENTATION_CONTEXT() REPRESENTATION_CONTEXT('2D SPACE',''
  ) );
#5170 = PCURVE('',#5171,#5176);
#5171 = PLANE('',#5172);
#5172 = AXIS2_PLACEMENT_3D('',#5173,#5174,#5175);
#5173 = CARTESIAN_POINT('',(-7.8,4.,2.8));
#5174 = DIRECTION('',(-1.,0.,0.));
#5175 = DIRECTION('',(0.,0.,1.));
#5176 = DEFINITIONAL_REPRESENTATION('',(#5177),#5181);
#5177 = LINE('',#5178,#5179);
#5178 = CARTESIAN_POINT('',(1.6,-1.9));
#5179 = VECTOR('',#5180,1.);
#5180 = DIRECTION('',(-1.,0.));
#5181 = ( GEOMETRIC_REPRESENTATION_CONTEXT(2) 
PARAMETRIC_REPRESENTATION_CONTEXT() REPRESENTATION_CONTEXT('2D SPACE',''
  ) );
#5182 = ADVANCED_FACE('',(#5183,#5368),#5197,.T.);
#5183 = FACE_BOUND('',#5184,.T.);
#5184 = EDGE_LOOP('',(#5185,#5220,#5272,#5300,#5347));
#5185 = ORIENTED_EDGE('',*,*,#5186,.F.);
#5186 = EDGE_CURVE('',#5187,#5189,#5191,.T.);
#5187 = VERTEX_POINT('',#5188);
#5188 = CARTESIAN_POINT('',(1.178889744907,3.2,2.9));
#5189 = VERTEX_POINT('',#5190);
#5190 = CARTESIAN_POINT('',(1.178889744907,3.2,0.));
#5191 = SURFACE_CURVE('',#5192,(#5196,#5208),.PCURVE_S1.);
#5192 = LINE('',#5193,#5194);
#5193 = CARTESIAN_POINT('',(1.178889744907,3.2,0.));
#5194 = VECTOR('',#5195,1.);
#5195 = DIRECTION('',(0.,0.,-1.));
#5196 = PCURVE('',#5197,#5202);
#5197 = PLANE('',#5198);
#5198 = AXIS2_PLACEMENT_3D('',#5199,#5200,#5201);
#5199 = CARTESIAN_POINT('',(1.6,3.2,4.4));
#5200 = DIRECTION('',(-4.486353817181E-16,-1.,0.));
#5201 = DIRECTION('',(1.,-4.486353817181E-16,0.));
#5202 = DEFINITIONAL_REPRESENTATION('',(#5203),#5207);
#5203 = LINE('',#5204,#5205);
#5204 = CARTESIAN_POINT('',(-0.421110255093,-4.4));
#5205 = VECTOR('',#5206,1.);
#5206 = DIRECTION('',(0.,-1.));
#5207 = ( GEOMETRIC_REPRESENTATION_CONTEXT(2) 
PARAMETRIC_REPRESENTATION_CONTEXT() REPRESENTATION_CONTEXT('2D SPACE',''
  ) );
#5208 = PCURVE('',#5209,#5214);
#5209 = CYLINDRICAL_SURFACE('',#5210,1.4);
#5210 = AXIS2_PLACEMENT_3D('',#5211,#5212,#5213);
#5211 = CARTESIAN_POINT('',(1.9,2.,0.));
#5212 = DIRECTION('',(0.,0.,-1.));
#5213 = DIRECTION('',(-1.,0.,0.));
#5214 = DEFINITIONAL_REPRESENTATION('',(#5215),#5219);
#5215 = LINE('',#5216,#5217);
#5216 = CARTESIAN_POINT('',(7.312882108017,0.));
#5217 = VECTOR('',#5218,1.);
#5218 = DIRECTION('',(0.,1.));
#5219 = ( GEOMETRIC_REPRESENTATION_CONTEXT(2) 
PARAMETRIC_REPRESENTATION_CONTEXT() REPRESENTATION_CONTEXT('2D SPACE',''
  ) );
#5220 = ORIENTED_EDGE('',*,*,#5221,.T.);
#5221 = EDGE_CURVE('',#5187,#5222,#5224,.T.);
#5222 = VERTEX_POINT('',#5223);
#5223 = CARTESIAN_POINT('',(0.5583592135,3.2,4.4));
#5224 = SURFACE_CURVE('',#5225,(#5230,#5238),.PCURVE_S1.);
#5225 = B_SPLINE_CURVE_WITH_KNOTS('',3,(#5226,#5227,#5228,#5229),
  .UNSPECIFIED.,.F.,.F.,(4,4),(1.086461615489E-03,2.726156111995E-03),
  .PIECEWISE_BEZIER_KNOTS.);
#5226 = CARTESIAN_POINT('',(1.178889744907,3.2,2.9));
#5227 = CARTESIAN_POINT('',(0.929941559159,3.2,3.380854704634));
#5228 = CARTESIAN_POINT('',(0.741023246748,3.2,3.889438505768));
#5229 = CARTESIAN_POINT('',(0.5583592135,3.2,4.4));
#5230 = PCURVE('',#5197,#5231);
#5231 = DEFINITIONAL_REPRESENTATION('',(#5232),#5237);
#5232 = B_SPLINE_CURVE_WITH_KNOTS('',3,(#5233,#5234,#5235,#5236),
  .UNSPECIFIED.,.F.,.F.,(4,4),(1.086461615489E-03,2.726156111995E-03),
  .PIECEWISE_BEZIER_KNOTS.);
#5233 = CARTESIAN_POINT('',(-0.421110255093,-1.5));
#5234 = CARTESIAN_POINT('',(-0.670058440841,-1.019145295366));
#5235 = CARTESIAN_POINT('',(-0.858976753252,-0.510561494232));
#5236 = CARTESIAN_POINT('',(-1.0416407865,0.));
#5237 = ( GEOMETRIC_REPRESENTATION_CONTEXT(2) 
PARAMETRIC_REPRESENTATION_CONTEXT() REPRESENTATION_CONTEXT('2D SPACE',''
  ) );
#5238 = PCURVE('',#5239,#5244);
#5239 = CONICAL_SURFACE('',#5240,1.8,0.260602391747);
#5240 = AXIS2_PLACEMENT_3D('',#5241,#5242,#5243);
#5241 = CARTESIAN_POINT('',(1.9,2.,4.4));
#5242 = DIRECTION('',(0.,0.,1.));
#5243 = DIRECTION('',(1.,0.,-0.));
#5244 = DEFINITIONAL_REPRESENTATION('',(#5245),#5271);
#5245 = B_SPLINE_CURVE_WITH_KNOTS('',3,(#5246,#5247,#5248,#5249,#5250,
    #5251,#5252,#5253,#5254,#5255,#5256,#5257,#5258,#5259,#5260,#5261,
    #5262,#5263,#5264,#5265,#5266,#5267,#5268,#5269,#5270),
  .UNSPECIFIED.,.F.,.F.,(4,1,1,1,1,1,1,1,1,1,1,1,1,1,1,1,1,1,1,1,1,1,4),
  (1.086461615489E-03,1.160993183512E-03,1.235524751535E-03,
    1.310056319558E-03,1.384587887581E-03,1.459119455604E-03,
    1.533651023627E-03,1.60818259165E-03,1.682714159673E-03,
    1.757245727696E-03,1.831777295719E-03,1.906308863742E-03,
    1.980840431765E-03,2.055371999788E-03,2.129903567811E-03,
    2.204435135834E-03,2.278966703857E-03,2.35349827188E-03,
    2.428029839903E-03,2.502561407926E-03,2.577092975949E-03,
    2.651624543972E-03,2.726156111995E-03),.QUASI_UNIFORM_KNOTS.);
#5246 = CARTESIAN_POINT('',(2.111895852752,-1.5));
#5247 = CARTESIAN_POINT('',(2.118823784427,-1.478142847805));
#5248 = CARTESIAN_POINT('',(2.132355184194,-1.434303647988));
#5249 = CARTESIAN_POINT('',(2.151730845418,-1.36819300471));
#5250 = CARTESIAN_POINT('',(2.170237675184,-1.301753899902));
#5251 = CARTESIAN_POINT('',(2.1879259892,-1.235007828057));
#5252 = CARTESIAN_POINT('',(2.204844341638,-1.167975185323));
#5253 = CARTESIAN_POINT('',(2.221039214641,-1.100675188965));
#5254 = CARTESIAN_POINT('',(2.236555005648,-1.033126021348));
#5255 = CARTESIAN_POINT('',(2.251433992029,-0.965344905047));
#5256 = CARTESIAN_POINT('',(2.265716345902,-0.897348187744));
#5257 = CARTESIAN_POINT('',(2.279440168867,-0.829151416086));
#5258 = CARTESIAN_POINT('',(2.292641546003,-0.760769404427));
#5259 = CARTESIAN_POINT('',(2.305354612218,-0.692216297306));
#5260 = CARTESIAN_POINT('',(2.317611627158,-0.62350562646));
#5261 = CARTESIAN_POINT('',(2.329443055193,-0.554650362632));
#5262 = CARTESIAN_POINT('',(2.340877648006,-0.485662962646));
#5263 = CARTESIAN_POINT('',(2.351942527465,-0.416555412028));
#5264 = CARTESIAN_POINT('',(2.362663268451,-0.347339263846));
#5265 = CARTESIAN_POINT('',(2.373063976119,-0.278025673049));
#5266 = CARTESIAN_POINT('',(2.383167373338,-0.208625430602));
#5267 = CARTESIAN_POINT('',(2.392994835953,-0.139148982905));
#5268 = CARTESIAN_POINT('',(2.40256660628,-6.960649209742E-02));
#5269 = CARTESIAN_POINT('',(2.408789751012,-2.320731805286E-02));
#5270 = CARTESIAN_POINT('',(2.411864997363,3.869657015291E-16));
#5271 = ( GEOMETRIC_REPRESENTATION_CONTEXT(2) 
PARAMETRIC_REPRESENTATION_CONTEXT() REPRESENTATION_CONTEXT('2D SPACE',''
  ) );
#5272 = ORIENTED_EDGE('',*,*,#5273,.T.);
#5273 = EDGE_CURVE('',#5222,#5274,#5276,.T.);
#5274 = VERTEX_POINT('',#5275);
#5275 = CARTESIAN_POINT('',(-2.814359353945,3.2,4.4));
#5276 = SURFACE_CURVE('',#5277,(#5281,#5288),.PCURVE_S1.);
#5277 = LINE('',#5278,#5279);
#5278 = CARTESIAN_POINT('',(1.6,3.2,4.4));
#5279 = VECTOR('',#5280,1.);
#5280 = DIRECTION('',(-1.,4.486353817181E-16,0.));
#5281 = PCURVE('',#5197,#5282);
#5282 = DEFINITIONAL_REPRESENTATION('',(#5283),#5287);
#5283 = LINE('',#5284,#5285);
#5284 = CARTESIAN_POINT('',(0.,0.));
#5285 = VECTOR('',#5286,1.);
#5286 = DIRECTION('',(-1.,0.));
#5287 = ( GEOMETRIC_REPRESENTATION_CONTEXT(2) 
PARAMETRIC_REPRESENTATION_CONTEXT() REPRESENTATION_CONTEXT('2D SPACE',''
  ) );
#5288 = PCURVE('',#5289,#5294);
#5289 = PLANE('',#5290);
#5290 = AXIS2_PLACEMENT_3D('',#5291,#5292,#5293);
#5291 = CARTESIAN_POINT('',(2.2,17.,4.4));
#5292 = DIRECTION('',(0.,0.,1.));
#5293 = DIRECTION('',(1.,0.,-0.));
#5294 = DEFINITIONAL_REPRESENTATION('',(#5295),#5299);
#5295 = LINE('',#5296,#5297);
#5296 = CARTESIAN_POINT('',(-0.6,-13.8));
#5297 = VECTOR('',#5298,1.);
#5298 = DIRECTION('',(-1.,4.486353817181E-16));
#5299 = ( GEOMETRIC_REPRESENTATION_CONTEXT(2) 
PARAMETRIC_REPRESENTATION_CONTEXT() REPRESENTATION_CONTEXT('2D SPACE',''
  ) );
#5300 = ORIENTED_EDGE('',*,*,#5301,.T.);
#5301 = EDGE_CURVE('',#5274,#5302,#5304,.T.);
#5302 = VERTEX_POINT('',#5303);
#5303 = CARTESIAN_POINT('',(-3.451668522645,3.2,0.));
#5304 = SURFACE_CURVE('',#5305,(#5310,#5318),.PCURVE_S1.);
#5305 = B_SPLINE_CURVE_WITH_KNOTS('',3,(#5306,#5307,#5308,#5309),
  .UNSPECIFIED.,.F.,.F.,(4,4),(7.053556866789E-07,4.446844711953E-03),
  .PIECEWISE_BEZIER_KNOTS.);
#5306 = CARTESIAN_POINT('',(-2.814359353945,3.2,4.4));
#5307 = CARTESIAN_POINT('',(-2.997701317021,3.2,2.929206927459));
#5308 = CARTESIAN_POINT('',(-3.185929977025,3.2,1.458310468519));
#5309 = CARTESIAN_POINT('',(-3.451668522645,3.2,1.073788509795E-16));
#5310 = PCURVE('',#5197,#5311);
#5311 = DEFINITIONAL_REPRESENTATION('',(#5312),#5317);
#5312 = B_SPLINE_CURVE_WITH_KNOTS('',3,(#5313,#5314,#5315,#5316),
  .UNSPECIFIED.,.F.,.F.,(4,4),(7.053556866789E-07,4.446844711953E-03),
  .PIECEWISE_BEZIER_KNOTS.);
#5313 = CARTESIAN_POINT('',(-4.414359353945,0.));
#5314 = CARTESIAN_POINT('',(-4.597701317021,-1.470793072541));
#5315 = CARTESIAN_POINT('',(-4.785929977025,-2.941689531481));
#5316 = CARTESIAN_POINT('',(-5.051668522645,-4.4));
#5317 = ( GEOMETRIC_REPRESENTATION_CONTEXT(2) 
PARAMETRIC_REPRESENTATION_CONTEXT() REPRESENTATION_CONTEXT('2D SPACE',''
  ) );
#5318 = PCURVE('',#4981,#5319);
#5319 = DEFINITIONAL_REPRESENTATION('',(#5320),#5346);
#5320 = B_SPLINE_CURVE_WITH_KNOTS('',3,(#5321,#5322,#5323,#5324,#5325,
    #5326,#5327,#5328,#5329,#5330,#5331,#5332,#5333,#5334,#5335,#5336,
    #5337,#5338,#5339,#5340,#5341,#5342,#5343,#5344,#5345),
  .UNSPECIFIED.,.F.,.F.,(4,1,1,1,1,1,1,1,1,1,1,1,1,1,1,1,1,1,1,1,1,1,4),
  (7.053556866789E-07,2.028025991533E-04,4.0489984262E-04,
    6.069970860866E-04,8.090943295533E-04,1.01119157302E-03,
    1.213288816487E-03,1.415386059953E-03,1.61748330342E-03,
    1.819580546887E-03,2.021677790353E-03,2.22377503382E-03,
    2.425872277287E-03,2.627969520753E-03,2.83006676422E-03,
    3.032164007686E-03,3.234261251153E-03,3.43635849462E-03,
    3.638455738086E-03,3.840552981553E-03,4.04265022502E-03,
    4.244747468486E-03,4.446844711953E-03),.QUASI_UNIFORM_KNOTS.);
#5321 = CARTESIAN_POINT('',(7.036705923779,4.4));
#5322 = CARTESIAN_POINT('',(7.039707095449,4.333145779339));
#5323 = CARTESIAN_POINT('',(7.045773903952,4.199440177804));
#5324 = CARTESIAN_POINT('',(7.055089041002,3.998895382267));
#5325 = CARTESIAN_POINT('',(7.064640111531,3.798369232166));
#5326 = CARTESIAN_POINT('',(7.074449943385,3.597866936735));
#5327 = CARTESIAN_POINT('',(7.084542648749,3.397393829601));
#5328 = CARTESIAN_POINT('',(7.094943867053,3.196955395238));
#5329 = CARTESIAN_POINT('',(7.105680807138,2.996557277617));
#5330 = CARTESIAN_POINT('',(7.116782350502,2.796205295464));
#5331 = CARTESIAN_POINT('',(7.128279145034,2.595905457795));
#5332 = CARTESIAN_POINT('',(7.14020370732,2.39566398164));
#5333 = CARTESIAN_POINT('',(7.152590527457,2.195487311668));
#5334 = CARTESIAN_POINT('',(7.165476176183,1.995382142073));
#5335 = CARTESIAN_POINT('',(7.178899411876,1.79535544087));
#5336 = CARTESIAN_POINT('',(7.192901284709,1.595414476869));
#5337 = CARTESIAN_POINT('',(7.207525234041,1.395566849508));
#5338 = CARTESIAN_POINT('',(7.222817174746,1.195820521972));
#5339 = CARTESIAN_POINT('',(7.23882556405,0.996183857119));
#5340 = CARTESIAN_POINT('',(7.255601448917,0.79666565909));
#5341 = CARTESIAN_POINT('',(7.273198454206,0.597275210808));
#5342 = CARTESIAN_POINT('',(7.291672810339,0.398022344803));
#5343 = CARTESIAN_POINT('',(7.311082990683,0.19891740804));
#5344 = CARTESIAN_POINT('',(7.324687988718,6.628689660109E-02));
#5345 = CARTESIAN_POINT('',(7.331666812168,2.266211876522E-16));
#5346 = ( GEOMETRIC_REPRESENTATION_CONTEXT(2) 
PARAMETRIC_REPRESENTATION_CONTEXT() REPRESENTATION_CONTEXT('2D SPACE',''
  ) );
#5347 = ORIENTED_EDGE('',*,*,#5348,.F.);
#5348 = EDGE_CURVE('',#5189,#5302,#5349,.T.);
#5349 = SURFACE_CURVE('',#5350,(#5354,#5361),.PCURVE_S1.);
#5350 = LINE('',#5351,#5352);
#5351 = CARTESIAN_POINT('',(1.6,3.2,0.));
#5352 = VECTOR('',#5353,1.);
#5353 = DIRECTION('',(-1.,4.486353817181E-16,0.));
#5354 = PCURVE('',#5197,#5355);
#5355 = DEFINITIONAL_REPRESENTATION('',(#5356),#5360);
#5356 = LINE('',#5357,#5358);
#5357 = CARTESIAN_POINT('',(0.,-4.4));
#5358 = VECTOR('',#5359,1.);
#5359 = DIRECTION('',(-1.,0.));
#5360 = ( GEOMETRIC_REPRESENTATION_CONTEXT(2) 
PARAMETRIC_REPRESENTATION_CONTEXT() REPRESENTATION_CONTEXT('2D SPACE',''
  ) );
#5361 = PCURVE('',#4951,#5362);
#5362 = DEFINITIONAL_REPRESENTATION('',(#5363),#5367);
#5363 = LINE('',#5364,#5365);
#5364 = CARTESIAN_POINT('',(-0.6,-13.8));
#5365 = VECTOR('',#5366,1.);
#5366 = DIRECTION('',(-1.,4.486353817181E-16));
#5367 = ( GEOMETRIC_REPRESENTATION_CONTEXT(2) 
PARAMETRIC_REPRESENTATION_CONTEXT() REPRESENTATION_CONTEXT('2D SPACE',''
  ) );
#5368 = FACE_BOUND('',#5369,.T.);
#5369 = EDGE_LOOP('',(#5370,#5400,#5428,#5456));
#5370 = ORIENTED_EDGE('',*,*,#5371,.T.);
#5371 = EDGE_CURVE('',#5372,#5374,#5376,.T.);
#5372 = VERTEX_POINT('',#5373);
#5373 = CARTESIAN_POINT('',(0.4,3.2,1.8));
#5374 = VERTEX_POINT('',#5375);
#5375 = CARTESIAN_POINT('',(-0.4,3.2,1.8));
#5376 = SURFACE_CURVE('',#5377,(#5381,#5388),.PCURVE_S1.);
#5377 = LINE('',#5378,#5379);
#5378 = CARTESIAN_POINT('',(1.6,3.2,1.8));
#5379 = VECTOR('',#5380,1.);
#5380 = DIRECTION('',(-1.,4.486353817181E-16,0.));
#5381 = PCURVE('',#5197,#5382);
#5382 = DEFINITIONAL_REPRESENTATION('',(#5383),#5387);
#5383 = LINE('',#5384,#5385);
#5384 = CARTESIAN_POINT('',(0.,-2.6));
#5385 = VECTOR('',#5386,1.);
#5386 = DIRECTION('',(-1.,0.));
#5387 = ( GEOMETRIC_REPRESENTATION_CONTEXT(2) 
PARAMETRIC_REPRESENTATION_CONTEXT() REPRESENTATION_CONTEXT('2D SPACE',''
  ) );
#5388 = PCURVE('',#5389,#5394);
#5389 = PLANE('',#5390);
#5390 = AXIS2_PLACEMENT_3D('',#5391,#5392,#5393);
#5391 = CARTESIAN_POINT('',(0.4,4.,1.8));
#5392 = DIRECTION('',(0.,0.,1.));
#5393 = DIRECTION('',(1.,0.,-0.));
#5394 = DEFINITIONAL_REPRESENTATION('',(#5395),#5399);
#5395 = LINE('',#5396,#5397);
#5396 = CARTESIAN_POINT('',(1.2,-0.8));
#5397 = VECTOR('',#5398,1.);
#5398 = DIRECTION('',(-1.,4.486353817181E-16));
#5399 = ( GEOMETRIC_REPRESENTATION_CONTEXT(2) 
PARAMETRIC_REPRESENTATION_CONTEXT() REPRESENTATION_CONTEXT('2D SPACE',''
  ) );
#5400 = ORIENTED_EDGE('',*,*,#5401,.T.);
#5401 = EDGE_CURVE('',#5374,#5402,#5404,.T.);
#5402 = VERTEX_POINT('',#5403);
#5403 = CARTESIAN_POINT('',(-0.4,3.2,2.8));
#5404 = SURFACE_CURVE('',#5405,(#5409,#5416),.PCURVE_S1.);
#5405 = LINE('',#5406,#5407);
#5406 = CARTESIAN_POINT('',(-0.4,3.2,4.4));
#5407 = VECTOR('',#5408,1.);
#5408 = DIRECTION('',(0.,0.,1.));
#5409 = PCURVE('',#5197,#5410);
#5410 = DEFINITIONAL_REPRESENTATION('',(#5411),#5415);
#5411 = LINE('',#5412,#5413);
#5412 = CARTESIAN_POINT('',(-2.,0.));
#5413 = VECTOR('',#5414,1.);
#5414 = DIRECTION('',(0.,1.));
#5415 = ( GEOMETRIC_REPRESENTATION_CONTEXT(2) 
PARAMETRIC_REPRESENTATION_CONTEXT() REPRESENTATION_CONTEXT('2D SPACE',''
  ) );
#5416 = PCURVE('',#5417,#5422);
#5417 = PLANE('',#5418);
#5418 = AXIS2_PLACEMENT_3D('',#5419,#5420,#5421);
#5419 = CARTESIAN_POINT('',(-0.4,4.,1.8));
#5420 = DIRECTION('',(1.,0.,0.));
#5421 = DIRECTION('',(0.,0.,-1.));
#5422 = DEFINITIONAL_REPRESENTATION('',(#5423),#5427);
#5423 = LINE('',#5424,#5425);
#5424 = CARTESIAN_POINT('',(-2.6,-0.8));
#5425 = VECTOR('',#5426,1.);
#5426 = DIRECTION('',(-1.,0.));
#5427 = ( GEOMETRIC_REPRESENTATION_CONTEXT(2) 
PARAMETRIC_REPRESENTATION_CONTEXT() REPRESENTATION_CONTEXT('2D SPACE',''
  ) );
#5428 = ORIENTED_EDGE('',*,*,#5429,.T.);
#5429 = EDGE_CURVE('',#5402,#5430,#5432,.T.);
#5430 = VERTEX_POINT('',#5431);
#5431 = CARTESIAN_POINT('',(0.4,3.2,2.8));
#5432 = SURFACE_CURVE('',#5433,(#5437,#5444),.PCURVE_S1.);
#5433 = LINE('',#5434,#5435);
#5434 = CARTESIAN_POINT('',(1.6,3.2,2.8));
#5435 = VECTOR('',#5436,1.);
#5436 = DIRECTION('',(1.,-4.486353817181E-16,0.));
#5437 = PCURVE('',#5197,#5438);
#5438 = DEFINITIONAL_REPRESENTATION('',(#5439),#5443);
#5439 = LINE('',#5440,#5441);
#5440 = CARTESIAN_POINT('',(0.,-1.6));
#5441 = VECTOR('',#5442,1.);
#5442 = DIRECTION('',(1.,0.));
#5443 = ( GEOMETRIC_REPRESENTATION_CONTEXT(2) 
PARAMETRIC_REPRESENTATION_CONTEXT() REPRESENTATION_CONTEXT('2D SPACE',''
  ) );
#5444 = PCURVE('',#5445,#5450);
#5445 = PLANE('',#5446);
#5446 = AXIS2_PLACEMENT_3D('',#5447,#5448,#5449);
#5447 = CARTESIAN_POINT('',(-0.4,4.,2.8));
#5448 = DIRECTION('',(0.,0.,-1.));
#5449 = DIRECTION('',(-1.,0.,0.));
#5450 = DEFINITIONAL_REPRESENTATION('',(#5451),#5455);
#5451 = LINE('',#5452,#5453);
#5452 = CARTESIAN_POINT('',(-2.,-0.8));
#5453 = VECTOR('',#5454,1.);
#5454 = DIRECTION('',(-1.,-4.486353817181E-16));
#5455 = ( GEOMETRIC_REPRESENTATION_CONTEXT(2) 
PARAMETRIC_REPRESENTATION_CONTEXT() REPRESENTATION_CONTEXT('2D SPACE',''
  ) );
#5456 = ORIENTED_EDGE('',*,*,#5457,.T.);
#5457 = EDGE_CURVE('',#5430,#5372,#5458,.T.);
#5458 = SURFACE_CURVE('',#5459,(#5463,#5470),.PCURVE_S1.);
#5459 = LINE('',#5460,#5461);
#5460 = CARTESIAN_POINT('',(0.4,3.2,4.4));
#5461 = VECTOR('',#5462,1.);
#5462 = DIRECTION('',(0.,0.,-1.));
#5463 = PCURVE('',#5197,#5464);
#5464 = DEFINITIONAL_REPRESENTATION('',(#5465),#5469);
#5465 = LINE('',#5466,#5467);
#5466 = CARTESIAN_POINT('',(-1.2,0.));
#5467 = VECTOR('',#5468,1.);
#5468 = DIRECTION('',(0.,-1.));
#5469 = ( GEOMETRIC_REPRESENTATION_CONTEXT(2) 
PARAMETRIC_REPRESENTATION_CONTEXT() REPRESENTATION_CONTEXT('2D SPACE',''
  ) );
#5470 = PCURVE('',#5471,#5476);
#5471 = PLANE('',#5472);
#5472 = AXIS2_PLACEMENT_3D('',#5473,#5474,#5475);
#5473 = CARTESIAN_POINT('',(0.4,4.,2.8));
#5474 = DIRECTION('',(-1.,0.,0.));
#5475 = DIRECTION('',(0.,0.,1.));
#5476 = DEFINITIONAL_REPRESENTATION('',(#5477),#5481);
#5477 = LINE('',#5478,#5479);
#5478 = CARTESIAN_POINT('',(1.6,-0.8));
#5479 = VECTOR('',#5480,1.);
#5480 = DIRECTION('',(-1.,0.));
#5481 = ( GEOMETRIC_REPRESENTATION_CONTEXT(2) 
PARAMETRIC_REPRESENTATION_CONTEXT() REPRESENTATION_CONTEXT('2D SPACE',''
  ) );
#5482 = ADVANCED_FACE('',(#5483),#5239,.T.);
#5483 = FACE_BOUND('',#5484,.T.);
#5484 = EDGE_LOOP('',(#5485,#5545,#5571,#5572,#5596,#5648));
#5485 = ORIENTED_EDGE('',*,*,#5486,.F.);
#5486 = EDGE_CURVE('',#5487,#5489,#5491,.T.);
#5487 = VERTEX_POINT('',#5488);
#5488 = CARTESIAN_POINT('',(3.6,1.40839202169,4.4));
#5489 = VERTEX_POINT('',#5490);
#5490 = CARTESIAN_POINT('',(3.6,2.591607978311,4.400000000001));
#5491 = SURFACE_CURVE('',#5492,(#5500,#5529),.PCURVE_S1.);
#5492 = B_SPLINE_CURVE_WITH_KNOTS('',3,(#5493,#5494,#5495,#5496,#5497,
    #5498,#5499),.UNSPECIFIED.,.F.,.F.,(4,1,1,1,4),(4.261903624129E-03,
    4.621906728528E-03,4.981909832927E-03,5.341912937326E-03,
    5.701916041724E-03),.UNSPECIFIED.);
#5493 = CARTESIAN_POINT('',(3.6,1.40839202169,4.4));
#5494 = CARTESIAN_POINT('',(3.6,1.484326688345,4.306409261201));
#5495 = CARTESIAN_POINT('',(3.6,1.647926270855,4.128310019573));
#5496 = CARTESIAN_POINT('',(3.6,2.001052186465,3.97306701232));
#5497 = CARTESIAN_POINT('',(3.6,2.353132500637,4.12942703165));
#5498 = CARTESIAN_POINT('',(3.6,2.516065159056,4.306892219636));
#5499 = CARTESIAN_POINT('',(3.6,2.591607978311,4.400000000001));
#5500 = PCURVE('',#5239,#5501);
#5501 = DEFINITIONAL_REPRESENTATION('',(#5502),#5528);
#5502 = B_SPLINE_CURVE_WITH_KNOTS('',3,(#5503,#5504,#5505,#5506,#5507,
    #5508,#5509,#5510,#5511,#5512,#5513,#5514,#5515,#5516,#5517,#5518,
    #5519,#5520,#5521,#5522,#5523,#5524,#5525,#5526,#5527),
  .UNSPECIFIED.,.F.,.F.,(4,1,1,1,1,1,1,1,1,1,1,1,1,1,1,1,1,1,1,1,1,1,4),
  (4.261903624129E-03,4.32735873402E-03,4.392813843911E-03,
    4.458268953801E-03,4.523724063692E-03,4.589179173583E-03,
    4.654634283473E-03,4.720089393364E-03,4.785544503255E-03,
    4.850999613145E-03,4.916454723036E-03,4.981909832927E-03,
    5.047364942817E-03,5.112820052708E-03,5.178275162599E-03,
    5.24373027249E-03,5.30918538238E-03,5.374640492271E-03,
    5.440095602162E-03,5.505550712052E-03,5.571005821943E-03,
    5.636460931834E-03,5.701916041724E-03),.QUASI_UNIFORM_KNOTS.);
#5503 = CARTESIAN_POINT('',(5.94828914874,-1.105616290083E-16));
#5504 = CARTESIAN_POINT('',(5.955533964299,-1.701552814036E-02));
#5505 = CARTESIAN_POINT('',(5.970333632602,-5.073105512925E-02));
#5506 = CARTESIAN_POINT('',(5.993722431339,-9.98782569893E-02));
#5507 = CARTESIAN_POINT('',(6.0185548572,-0.147122962632));
#5508 = CARTESIAN_POINT('',(6.045102229603,-0.191977938425));
#5509 = CARTESIAN_POINT('',(6.073619014522,-0.233918721674));
#5510 = CARTESIAN_POINT('',(6.104440547829,-0.272492219071));
#5511 = CARTESIAN_POINT('',(6.137525028134,-0.306809474128));
#5512 = CARTESIAN_POINT('',(6.172423895599,-0.335574529695));
#5513 = CARTESIAN_POINT('',(6.208729871424,-0.357599593495));
#5514 = CARTESIAN_POINT('',(6.245982931394,-0.371695074298));
#5515 = CARTESIAN_POINT('',(6.283705369797,-0.376702708672));
#5516 = CARTESIAN_POINT('',(6.321405971838,-0.37148899051));
#5517 = CARTESIAN_POINT('',(6.35860148994,-0.357201022814));
#5518 = CARTESIAN_POINT('',(6.394822767902,-0.335009996985));
#5519 = CARTESIAN_POINT('',(6.429618680334,-0.306117995647));
#5520 = CARTESIAN_POINT('',(6.462590488638,-0.271724109316));
#5521 = CARTESIAN_POINT('',(6.493298938437,-0.233137186118));
#5522 = CARTESIAN_POINT('',(6.521705758642,-0.191248379641));
#5523 = CARTESIAN_POINT('',(6.548144392854,-0.14650282134));
#5524 = CARTESIAN_POINT('',(6.57286848582,-9.941930465477E-02));
#5525 = CARTESIAN_POINT('',(6.596148223622,-5.047890079551E-02));
#5526 = CARTESIAN_POINT('',(6.610874036826,-1.692772476998E-02));
#5527 = CARTESIAN_POINT('',(6.61808146562,1.31054226945E-12));
#5528 = ( GEOMETRIC_REPRESENTATION_CONTEXT(2) 
PARAMETRIC_REPRESENTATION_CONTEXT() REPRESENTATION_CONTEXT('2D SPACE',''
  ) );
#5529 = PCURVE('',#5530,#5535);
#5530 = PLANE('',#5531);
#5531 = AXIS2_PLACEMENT_3D('',#5532,#5533,#5534);
#5532 = CARTESIAN_POINT('',(3.6,0.3,10.));
#5533 = DIRECTION('',(-1.,0.,0.));
#5534 = DIRECTION('',(0.,0.,1.));
#5535 = DEFINITIONAL_REPRESENTATION('',(#5536),#5544);
#5536 = B_SPLINE_CURVE_WITH_KNOTS('',3,(#5537,#5538,#5539,#5540,#5541,
    #5542,#5543),.UNSPECIFIED.,.F.,.F.,(4,1,1,1,4),(4.261903624129E-03,
    4.621906728528E-03,4.981909832927E-03,5.341912937326E-03,
    5.701916041724E-03),.UNSPECIFIED.);
#5537 = CARTESIAN_POINT('',(-5.6,1.10839202169));
#5538 = CARTESIAN_POINT('',(-5.693590738799,1.184326688345));
#5539 = CARTESIAN_POINT('',(-5.871689980427,1.347926270855));
#5540 = CARTESIAN_POINT('',(-6.02693298768,1.701052186465));
#5541 = CARTESIAN_POINT('',(-5.87057296835,2.053132500637));
#5542 = CARTESIAN_POINT('',(-5.693107780364,2.216065159056));
#5543 = CARTESIAN_POINT('',(-5.599999999999,2.291607978311));
#5544 = ( GEOMETRIC_REPRESENTATION_CONTEXT(2) 
PARAMETRIC_REPRESENTATION_CONTEXT() REPRESENTATION_CONTEXT('2D SPACE',''
  ) );
#5545 = ORIENTED_EDGE('',*,*,#5546,.T.);
#5546 = EDGE_CURVE('',#5487,#5222,#5547,.T.);
#5547 = SURFACE_CURVE('',#5548,(#5553,#5560),.PCURVE_S1.);
#5548 = CIRCLE('',#5549,1.8);
#5549 = AXIS2_PLACEMENT_3D('',#5550,#5551,#5552);
#5550 = CARTESIAN_POINT('',(1.9,2.,4.4));
#5551 = DIRECTION('',(0.,0.,-1.));
#5552 = DIRECTION('',(-1.,0.,0.));
#5553 = PCURVE('',#5239,#5554);
#5554 = DEFINITIONAL_REPRESENTATION('',(#5555),#5559);
#5555 = LINE('',#5556,#5557);
#5556 = CARTESIAN_POINT('',(9.424777960769,-5.434391490306E-17));
#5557 = VECTOR('',#5558,1.);
#5558 = DIRECTION('',(-1.,1.56318394338E-17));
#5559 = ( GEOMETRIC_REPRESENTATION_CONTEXT(2) 
PARAMETRIC_REPRESENTATION_CONTEXT() REPRESENTATION_CONTEXT('2D SPACE',''
  ) );
#5560 = PCURVE('',#5289,#5561);
#5561 = DEFINITIONAL_REPRESENTATION('',(#5562),#5570);
#5562 = ( BOUNDED_CURVE() B_SPLINE_CURVE(2,(#5563,#5564,#5565,#5566,
#5567,#5568,#5569),.UNSPECIFIED.,.T.,.F.) B_SPLINE_CURVE_WITH_KNOTS((1,2
    ,2,2,2,1),(-2.094395102393,0.,2.094395102393,4.188790204786,
6.28318530718,8.377580409573),.UNSPECIFIED.) CURVE() 
GEOMETRIC_REPRESENTATION_ITEM() RATIONAL_B_SPLINE_CURVE((1.,0.5,1.,0.5,
1.,0.5,1.)) REPRESENTATION_ITEM('') );
#5563 = CARTESIAN_POINT('',(-2.1,-15.));
#5564 = CARTESIAN_POINT('',(-2.1,-11.88230854637));
#5565 = CARTESIAN_POINT('',(0.6,-13.44115427318));
#5566 = CARTESIAN_POINT('',(3.3,-15.));
#5567 = CARTESIAN_POINT('',(0.6,-16.55884572681));
#5568 = CARTESIAN_POINT('',(-2.1,-18.11769145362));
#5569 = CARTESIAN_POINT('',(-2.1,-15.));
#5570 = ( GEOMETRIC_REPRESENTATION_CONTEXT(2) 
PARAMETRIC_REPRESENTATION_CONTEXT() REPRESENTATION_CONTEXT('2D SPACE',''
  ) );
#5571 = ORIENTED_EDGE('',*,*,#5221,.F.);
#5572 = ORIENTED_EDGE('',*,*,#5573,.F.);
#5573 = EDGE_CURVE('',#5574,#5187,#5576,.T.);
#5574 = VERTEX_POINT('',#5575);
#5575 = CARTESIAN_POINT('',(1.6,3.367479433118,2.9));
#5576 = SURFACE_CURVE('',#5577,(#5582,#5589),.PCURVE_S1.);
#5577 = CIRCLE('',#5578,1.4);
#5578 = AXIS2_PLACEMENT_3D('',#5579,#5580,#5581);
#5579 = CARTESIAN_POINT('',(1.9,2.,2.9));
#5580 = DIRECTION('',(0.,0.,-1.));
#5581 = DIRECTION('',(-1.,0.,0.));
#5582 = PCURVE('',#5239,#5583);
#5583 = DEFINITIONAL_REPRESENTATION('',(#5584),#5588);
#5584 = LINE('',#5585,#5586);
#5585 = CARTESIAN_POINT('',(9.424777960769,-1.5));
#5586 = VECTOR('',#5587,1.);
#5587 = DIRECTION('',(-1.,0.));
#5588 = ( GEOMETRIC_REPRESENTATION_CONTEXT(2) 
PARAMETRIC_REPRESENTATION_CONTEXT() REPRESENTATION_CONTEXT('2D SPACE',''
  ) );
#5589 = PCURVE('',#5209,#5590);
#5590 = DEFINITIONAL_REPRESENTATION('',(#5591),#5595);
#5591 = LINE('',#5592,#5593);
#5592 = CARTESIAN_POINT('',(0.,-2.9));
#5593 = VECTOR('',#5594,1.);
#5594 = DIRECTION('',(1.,0.));
#5595 = ( GEOMETRIC_REPRESENTATION_CONTEXT(2) 
PARAMETRIC_REPRESENTATION_CONTEXT() REPRESENTATION_CONTEXT('2D SPACE',''
  ) );
#5596 = ORIENTED_EDGE('',*,*,#5597,.F.);
#5597 = EDGE_CURVE('',#5598,#5574,#5600,.T.);
#5598 = VERTEX_POINT('',#5599);
#5599 = CARTESIAN_POINT('',(1.6,3.77482393493,4.4));
#5600 = SURFACE_CURVE('',#5601,(#5606,#5635),.PCURVE_S1.);
#5601 = B_SPLINE_CURVE_WITH_KNOTS('',3,(#5602,#5603,#5604,#5605),
  .UNSPECIFIED.,.F.,.F.,(4,4),(1.673483316525E-03,3.227809051714E-03),
  .PIECEWISE_BEZIER_KNOTS.);
#5602 = CARTESIAN_POINT('',(1.6,3.77482393493,4.4));
#5603 = CARTESIAN_POINT('',(1.6,3.639561249682,3.899859476498));
#5604 = CARTESIAN_POINT('',(1.6,3.50393385911,3.399817735094));
#5605 = CARTESIAN_POINT('',(1.6,3.367479433118,2.9));
#5606 = PCURVE('',#5239,#5607);
#5607 = DEFINITIONAL_REPRESENTATION('',(#5608),#5634);
#5608 = B_SPLINE_CURVE_WITH_KNOTS('',3,(#5609,#5610,#5611,#5612,#5613,
    #5614,#5615,#5616,#5617,#5618,#5619,#5620,#5621,#5622,#5623,#5624,
    #5625,#5626,#5627,#5628,#5629,#5630,#5631,#5632,#5633),
  .UNSPECIFIED.,.F.,.F.,(4,1,1,1,1,1,1,1,1,1,1,1,1,1,1,1,1,1,1,1,1,1,4),
  (1.673483316525E-03,1.744134486306E-03,1.814785656087E-03,
    1.885436825869E-03,1.95608799565E-03,2.026739165431E-03,
    2.097390335213E-03,2.168041504994E-03,2.238692674775E-03,
    2.309343844557E-03,2.379995014338E-03,2.450646184119E-03,
    2.521297353901E-03,2.591948523682E-03,2.662599693463E-03,
    2.733250863245E-03,2.803902033026E-03,2.874553202807E-03,
    2.945204372589E-03,3.01585554237E-03,3.086506712151E-03,
    3.157157881933E-03,3.227809051714E-03),.QUASI_UNIFORM_KNOTS.);
#5609 = CARTESIAN_POINT('',(8.021429713194,-1.160897104587E-15));
#5610 = CARTESIAN_POINT('',(8.021999004539,-2.273366000641E-02));
#5611 = CARTESIAN_POINT('',(8.023149215826,-6.82005337532E-02));
#5612 = CARTESIAN_POINT('',(8.024910578752,-0.136399460184));
#5613 = CARTESIAN_POINT('',(8.026709128712,-0.204596957776));
#5614 = CARTESIAN_POINT('',(8.028546073807,-0.272792979283));
#5615 = CARTESIAN_POINT('',(8.030422669397,-0.340987475629));
#5616 = CARTESIAN_POINT('',(8.032340226919,-0.409180395562));
#5617 = CARTESIAN_POINT('',(8.034300115268,-0.477371685602));
#5618 = CARTESIAN_POINT('',(8.036303764408,-0.545561289895));
#5619 = CARTESIAN_POINT('',(8.038352668651,-0.613749150087));
#5620 = CARTESIAN_POINT('',(8.040448390309,-0.681935205177));
#5621 = CARTESIAN_POINT('',(8.042592563548,-0.750119391365));
#5622 = CARTESIAN_POINT('',(8.044786898518,-0.818301641889));
#5623 = CARTESIAN_POINT('',(8.047033185764,-0.88648188685));
#5624 = CARTESIAN_POINT('',(8.049333300944,-0.954660053022));
#5625 = CARTESIAN_POINT('',(8.05168920987,-1.022836063653));
#5626 = CARTESIAN_POINT('',(8.054102973945,-1.09100983825));
#5627 = CARTESIAN_POINT('',(8.056576755857,-1.159181292344));
#5628 = CARTESIAN_POINT('',(8.059112826156,-1.227350337238));
#5629 = CARTESIAN_POINT('',(8.061713568601,-1.295516879781));
#5630 = CARTESIAN_POINT('',(8.064381492238,-1.363680821891));
#5631 = CARTESIAN_POINT('',(8.067119220801,-1.431842060969));
#5632 = CARTESIAN_POINT('',(8.068992786455,-1.477281011565));
#5633 = CARTESIAN_POINT('',(8.069942132659,-1.5));
#5634 = ( GEOMETRIC_REPRESENTATION_CONTEXT(2) 
PARAMETRIC_REPRESENTATION_CONTEXT() REPRESENTATION_CONTEXT('2D SPACE',''
  ) );
#5635 = PCURVE('',#5636,#5641);
#5636 = PLANE('',#5637);
#5637 = AXIS2_PLACEMENT_3D('',#5638,#5639,#5640);
#5638 = CARTESIAN_POINT('',(1.6,14.243190249582,4.4));
#5639 = DIRECTION('',(1.,0.,0.));
#5640 = DIRECTION('',(0.,0.,-1.));
#5641 = DEFINITIONAL_REPRESENTATION('',(#5642),#5647);
#5642 = B_SPLINE_CURVE_WITH_KNOTS('',3,(#5643,#5644,#5645,#5646),
  .UNSPECIFIED.,.F.,.F.,(4,4),(1.673483316525E-03,3.227809051714E-03),
  .PIECEWISE_BEZIER_KNOTS.);
#5643 = CARTESIAN_POINT('',(0.,-10.46836631465));
#5644 = CARTESIAN_POINT('',(0.500140523502,-10.6036289999));
#5645 = CARTESIAN_POINT('',(1.000182264906,-10.73925639047));
#5646 = CARTESIAN_POINT('',(1.5,-10.87571081646));
#5647 = ( GEOMETRIC_REPRESENTATION_CONTEXT(2) 
PARAMETRIC_REPRESENTATION_CONTEXT() REPRESENTATION_CONTEXT('2D SPACE',''
  ) );
#5648 = ORIENTED_EDGE('',*,*,#5649,.T.);
#5649 = EDGE_CURVE('',#5598,#5489,#5650,.T.);
#5650 = SURFACE_CURVE('',#5651,(#5656,#5663),.PCURVE_S1.);
#5651 = CIRCLE('',#5652,1.8);
#5652 = AXIS2_PLACEMENT_3D('',#5653,#5654,#5655);
#5653 = CARTESIAN_POINT('',(1.9,2.,4.4));
#5654 = DIRECTION('',(0.,0.,-1.));
#5655 = DIRECTION('',(-1.,0.,0.));
#5656 = PCURVE('',#5239,#5657);
#5657 = DEFINITIONAL_REPRESENTATION('',(#5658),#5662);
#5658 = LINE('',#5659,#5660);
#5659 = CARTESIAN_POINT('',(9.424777960769,5.528081450418E-17));
#5660 = VECTOR('',#5661,1.);
#5661 = DIRECTION('',(-1.,-3.939208574899E-17));
#5662 = ( GEOMETRIC_REPRESENTATION_CONTEXT(2) 
PARAMETRIC_REPRESENTATION_CONTEXT() REPRESENTATION_CONTEXT('2D SPACE',''
  ) );
#5663 = PCURVE('',#5664,#5669);
#5664 = PLANE('',#5665);
#5665 = AXIS2_PLACEMENT_3D('',#5666,#5667,#5668);
#5666 = CARTESIAN_POINT('',(2.2,17.,4.4));
#5667 = DIRECTION('',(0.,0.,1.));
#5668 = DIRECTION('',(1.,0.,-0.));
#5669 = DEFINITIONAL_REPRESENTATION('',(#5670),#5678);
#5670 = ( BOUNDED_CURVE() B_SPLINE_CURVE(2,(#5671,#5672,#5673,#5674,
#5675,#5676,#5677),.UNSPECIFIED.,.T.,.F.) B_SPLINE_CURVE_WITH_KNOTS((1,2
    ,2,2,2,1),(-2.094395102393,0.,2.094395102393,4.188790204786,
6.28318530718,8.377580409573),.UNSPECIFIED.) CURVE() 
GEOMETRIC_REPRESENTATION_ITEM() RATIONAL_B_SPLINE_CURVE((1.,0.5,1.,0.5,
1.,0.5,1.)) REPRESENTATION_ITEM('') );
#5671 = CARTESIAN_POINT('',(-2.1,-15.));
#5672 = CARTESIAN_POINT('',(-2.1,-11.88230854637));
#5673 = CARTESIAN_POINT('',(0.6,-13.44115427318));
#5674 = CARTESIAN_POINT('',(3.3,-15.));
#5675 = CARTESIAN_POINT('',(0.6,-16.55884572681));
#5676 = CARTESIAN_POINT('',(-2.1,-18.11769145362));
#5677 = CARTESIAN_POINT('',(-2.1,-15.));
#5678 = ( GEOMETRIC_REPRESENTATION_CONTEXT(2) 
PARAMETRIC_REPRESENTATION_CONTEXT() REPRESENTATION_CONTEXT('2D SPACE',''
  ) );
#5679 = ADVANCED_FACE('',(#5680),#4423,.T.);
#5680 = FACE_BOUND('',#5681,.T.);
#5681 = EDGE_LOOP('',(#5682,#5737,#5763,#5764,#5788,#5840));
#5682 = ORIENTED_EDGE('',*,*,#5683,.F.);
#5683 = EDGE_CURVE('',#5684,#5686,#5688,.T.);
#5684 = VERTEX_POINT('',#5685);
#5685 = CARTESIAN_POINT('',(3.6,1.40839202169,9.4));
#5686 = VERTEX_POINT('',#5687);
#5687 = CARTESIAN_POINT('',(3.6,2.591607978311,9.400000000001));
#5688 = SURFACE_CURVE('',#5689,(#5697,#5726),.PCURVE_S1.);
#5689 = B_SPLINE_CURVE_WITH_KNOTS('',3,(#5690,#5691,#5692,#5693,#5694,
    #5695,#5696),.UNSPECIFIED.,.F.,.F.,(4,1,1,1,4),(4.261903624129E-03,
    4.621906728528E-03,4.981909832927E-03,5.341912937326E-03,
    5.701916041724E-03),.UNSPECIFIED.);
#5690 = CARTESIAN_POINT('',(3.6,1.40839202169,9.4));
#5691 = CARTESIAN_POINT('',(3.6,1.484326688345,9.306409261201));
#5692 = CARTESIAN_POINT('',(3.6,1.647926270855,9.128310019573));
#5693 = CARTESIAN_POINT('',(3.6,2.001052186465,8.97306701232));
#5694 = CARTESIAN_POINT('',(3.6,2.353132500637,9.12942703165));
#5695 = CARTESIAN_POINT('',(3.6,2.516065159056,9.306892219636));
#5696 = CARTESIAN_POINT('',(3.6,2.591607978311,9.400000000001));
#5697 = PCURVE('',#4423,#5698);
#5698 = DEFINITIONAL_REPRESENTATION('',(#5699),#5725);
#5699 = B_SPLINE_CURVE_WITH_KNOTS('',3,(#5700,#5701,#5702,#5703,#5704,
    #5705,#5706,#5707,#5708,#5709,#5710,#5711,#5712,#5713,#5714,#5715,
    #5716,#5717,#5718,#5719,#5720,#5721,#5722,#5723,#5724),
  .UNSPECIFIED.,.F.,.F.,(4,1,1,1,1,1,1,1,1,1,1,1,1,1,1,1,1,1,1,1,1,1,4),
  (4.261903624129E-03,4.32735873402E-03,4.392813843911E-03,
    4.458268953801E-03,4.523724063692E-03,4.589179173583E-03,
    4.654634283473E-03,4.720089393364E-03,4.785544503255E-03,
    4.850999613145E-03,4.916454723036E-03,4.981909832927E-03,
    5.047364942817E-03,5.112820052708E-03,5.178275162599E-03,
    5.24373027249E-03,5.30918538238E-03,5.374640492271E-03,
    5.440095602162E-03,5.505550712052E-03,5.571005821943E-03,
    5.636460931834E-03,5.701916041724E-03),.QUASI_UNIFORM_KNOTS.);
#5700 = CARTESIAN_POINT('',(5.94828914874,-1.105616290083E-16));
#5701 = CARTESIAN_POINT('',(5.955533964299,-1.701552814036E-02));
#5702 = CARTESIAN_POINT('',(5.970333632602,-5.073105512925E-02));
#5703 = CARTESIAN_POINT('',(5.993722431339,-9.98782569893E-02));
#5704 = CARTESIAN_POINT('',(6.0185548572,-0.147122962632));
#5705 = CARTESIAN_POINT('',(6.045102229603,-0.191977938425));
#5706 = CARTESIAN_POINT('',(6.073619014522,-0.233918721674));
#5707 = CARTESIAN_POINT('',(6.104440547829,-0.272492219071));
#5708 = CARTESIAN_POINT('',(6.137525028134,-0.306809474128));
#5709 = CARTESIAN_POINT('',(6.172423895599,-0.335574529695));
#5710 = CARTESIAN_POINT('',(6.208729871424,-0.357599593495));
#5711 = CARTESIAN_POINT('',(6.245982931394,-0.371695074298));
#5712 = CARTESIAN_POINT('',(6.283705369797,-0.376702708672));
#5713 = CARTESIAN_POINT('',(6.321405971838,-0.37148899051));
#5714 = CARTESIAN_POINT('',(6.35860148994,-0.357201022814));
#5715 = CARTESIAN_POINT('',(6.394822767902,-0.335009996985));
#5716 = CARTESIAN_POINT('',(6.429618680334,-0.306117995647));
#5717 = CARTESIAN_POINT('',(6.462590488638,-0.271724109316));
#5718 = CARTESIAN_POINT('',(6.493298938437,-0.233137186118));
#5719 = CARTESIAN_POINT('',(6.521705758642,-0.191248379641));
#5720 = CARTESIAN_POINT('',(6.548144392854,-0.14650282134));
#5721 = CARTESIAN_POINT('',(6.57286848582,-9.941930465477E-02));
#5722 = CARTESIAN_POINT('',(6.596148223622,-5.047890079552E-02));
#5723 = CARTESIAN_POINT('',(6.610874036826,-1.692772476999E-02));
#5724 = CARTESIAN_POINT('',(6.61808146562,1.301420935057E-12));
#5725 = ( GEOMETRIC_REPRESENTATION_CONTEXT(2) 
PARAMETRIC_REPRESENTATION_CONTEXT() REPRESENTATION_CONTEXT('2D SPACE',''
  ) );
#5726 = PCURVE('',#5530,#5727);
#5727 = DEFINITIONAL_REPRESENTATION('',(#5728),#5736);
#5728 = B_SPLINE_CURVE_WITH_KNOTS('',3,(#5729,#5730,#5731,#5732,#5733,
    #5734,#5735),.UNSPECIFIED.,.F.,.F.,(4,1,1,1,4),(4.261903624129E-03,
    4.621906728528E-03,4.981909832927E-03,5.341912937326E-03,
    5.701916041724E-03),.UNSPECIFIED.);
#5729 = CARTESIAN_POINT('',(-0.6,1.10839202169));
#5730 = CARTESIAN_POINT('',(-0.693590738799,1.184326688345));
#5731 = CARTESIAN_POINT('',(-0.871689980427,1.347926270855));
#5732 = CARTESIAN_POINT('',(-1.02693298768,1.701052186465));
#5733 = CARTESIAN_POINT('',(-0.87057296835,2.053132500637));
#5734 = CARTESIAN_POINT('',(-0.693107780364,2.216065159056));
#5735 = CARTESIAN_POINT('',(-0.599999999999,2.291607978311));
#5736 = ( GEOMETRIC_REPRESENTATION_CONTEXT(2) 
PARAMETRIC_REPRESENTATION_CONTEXT() REPRESENTATION_CONTEXT('2D SPACE',''
  ) );
#5737 = ORIENTED_EDGE('',*,*,#5738,.T.);
#5738 = EDGE_CURVE('',#5684,#4406,#5739,.T.);
#5739 = SURFACE_CURVE('',#5740,(#5745,#5752),.PCURVE_S1.);
#5740 = CIRCLE('',#5741,1.8);
#5741 = AXIS2_PLACEMENT_3D('',#5742,#5743,#5744);
#5742 = CARTESIAN_POINT('',(1.9,2.,9.4));
#5743 = DIRECTION('',(0.,0.,-1.));
#5744 = DIRECTION('',(-1.,0.,0.));
#5745 = PCURVE('',#4423,#5746);
#5746 = DEFINITIONAL_REPRESENTATION('',(#5747),#5751);
#5747 = LINE('',#5748,#5749);
#5748 = CARTESIAN_POINT('',(9.424777960769,-5.434391490306E-17));
#5749 = VECTOR('',#5750,1.);
#5750 = DIRECTION('',(-1.,1.56318394338E-17));
#5751 = ( GEOMETRIC_REPRESENTATION_CONTEXT(2) 
PARAMETRIC_REPRESENTATION_CONTEXT() REPRESENTATION_CONTEXT('2D SPACE',''
  ) );
#5752 = PCURVE('',#4473,#5753);
#5753 = DEFINITIONAL_REPRESENTATION('',(#5754),#5762);
#5754 = ( BOUNDED_CURVE() B_SPLINE_CURVE(2,(#5755,#5756,#5757,#5758,
#5759,#5760,#5761),.UNSPECIFIED.,.T.,.F.) B_SPLINE_CURVE_WITH_KNOTS((1,2
    ,2,2,2,1),(-2.094395102393,0.,2.094395102393,4.188790204786,
6.28318530718,8.377580409573),.UNSPECIFIED.) CURVE() 
GEOMETRIC_REPRESENTATION_ITEM() RATIONAL_B_SPLINE_CURVE((1.,0.5,1.,0.5,
1.,0.5,1.)) REPRESENTATION_ITEM('') );
#5755 = CARTESIAN_POINT('',(-2.1,-15.));
#5756 = CARTESIAN_POINT('',(-2.1,-11.88230854637));
#5757 = CARTESIAN_POINT('',(0.6,-13.44115427318));
#5758 = CARTESIAN_POINT('',(3.3,-15.));
#5759 = CARTESIAN_POINT('',(0.6,-16.55884572681));
#5760 = CARTESIAN_POINT('',(-2.1,-18.11769145362));
#5761 = CARTESIAN_POINT('',(-2.1,-15.));
#5762 = ( GEOMETRIC_REPRESENTATION_CONTEXT(2) 
PARAMETRIC_REPRESENTATION_CONTEXT() REPRESENTATION_CONTEXT('2D SPACE',''
  ) );
#5763 = ORIENTED_EDGE('',*,*,#4405,.F.);
#5764 = ORIENTED_EDGE('',*,*,#5765,.F.);
#5765 = EDGE_CURVE('',#5766,#4371,#5768,.T.);
#5766 = VERTEX_POINT('',#5767);
#5767 = CARTESIAN_POINT('',(1.6,3.367479433118,7.9));
#5768 = SURFACE_CURVE('',#5769,(#5774,#5781),.PCURVE_S1.);
#5769 = CIRCLE('',#5770,1.4);
#5770 = AXIS2_PLACEMENT_3D('',#5771,#5772,#5773);
#5771 = CARTESIAN_POINT('',(1.9,2.,7.9));
#5772 = DIRECTION('',(0.,0.,-1.));
#5773 = DIRECTION('',(-1.,0.,0.));
#5774 = PCURVE('',#4423,#5775);
#5775 = DEFINITIONAL_REPRESENTATION('',(#5776),#5780);
#5776 = LINE('',#5777,#5778);
#5777 = CARTESIAN_POINT('',(9.424777960769,-1.5));
#5778 = VECTOR('',#5779,1.);
#5779 = DIRECTION('',(-1.,0.));
#5780 = ( GEOMETRIC_REPRESENTATION_CONTEXT(2) 
PARAMETRIC_REPRESENTATION_CONTEXT() REPRESENTATION_CONTEXT('2D SPACE',''
  ) );
#5781 = PCURVE('',#4393,#5782);
#5782 = DEFINITIONAL_REPRESENTATION('',(#5783),#5787);
#5783 = LINE('',#5784,#5785);
#5784 = CARTESIAN_POINT('',(0.,-2.9));
#5785 = VECTOR('',#5786,1.);
#5786 = DIRECTION('',(1.,0.));
#5787 = ( GEOMETRIC_REPRESENTATION_CONTEXT(2) 
PARAMETRIC_REPRESENTATION_CONTEXT() REPRESENTATION_CONTEXT('2D SPACE',''
  ) );
#5788 = ORIENTED_EDGE('',*,*,#5789,.F.);
#5789 = EDGE_CURVE('',#5790,#5766,#5792,.T.);
#5790 = VERTEX_POINT('',#5791);
#5791 = CARTESIAN_POINT('',(1.6,3.77482393493,9.4));
#5792 = SURFACE_CURVE('',#5793,(#5798,#5827),.PCURVE_S1.);
#5793 = B_SPLINE_CURVE_WITH_KNOTS('',3,(#5794,#5795,#5796,#5797),
  .UNSPECIFIED.,.F.,.F.,(4,4),(1.673483316525E-03,3.227809051714E-03),
  .PIECEWISE_BEZIER_KNOTS.);
#5794 = CARTESIAN_POINT('',(1.6,3.77482393493,9.4));
#5795 = CARTESIAN_POINT('',(1.6,3.639561249682,8.899859476498));
#5796 = CARTESIAN_POINT('',(1.6,3.50393385911,8.399817735094));
#5797 = CARTESIAN_POINT('',(1.6,3.367479433118,7.9));
#5798 = PCURVE('',#4423,#5799);
#5799 = DEFINITIONAL_REPRESENTATION('',(#5800),#5826);
#5800 = B_SPLINE_CURVE_WITH_KNOTS('',3,(#5801,#5802,#5803,#5804,#5805,
    #5806,#5807,#5808,#5809,#5810,#5811,#5812,#5813,#5814,#5815,#5816,
    #5817,#5818,#5819,#5820,#5821,#5822,#5823,#5824,#5825),
  .UNSPECIFIED.,.F.,.F.,(4,1,1,1,1,1,1,1,1,1,1,1,1,1,1,1,1,1,1,1,1,1,4),
  (1.673483316525E-03,1.744134486306E-03,1.814785656087E-03,
    1.885436825869E-03,1.95608799565E-03,2.026739165431E-03,
    2.097390335213E-03,2.168041504994E-03,2.238692674775E-03,
    2.309343844557E-03,2.379995014338E-03,2.450646184119E-03,
    2.521297353901E-03,2.591948523682E-03,2.662599693463E-03,
    2.733250863245E-03,2.803902033026E-03,2.874553202807E-03,
    2.945204372589E-03,3.01585554237E-03,3.086506712151E-03,
    3.157157881933E-03,3.227809051714E-03),.QUASI_UNIFORM_KNOTS.);
#5801 = CARTESIAN_POINT('',(8.021429713194,-1.160897104587E-15));
#5802 = CARTESIAN_POINT('',(8.021999004539,-2.273366000641E-02));
#5803 = CARTESIAN_POINT('',(8.023149215826,-6.82005337532E-02));
#5804 = CARTESIAN_POINT('',(8.024910578752,-0.136399460184));
#5805 = CARTESIAN_POINT('',(8.026709128712,-0.204596957776));
#5806 = CARTESIAN_POINT('',(8.028546073807,-0.272792979283));
#5807 = CARTESIAN_POINT('',(8.030422669397,-0.340987475629));
#5808 = CARTESIAN_POINT('',(8.032340226919,-0.409180395562));
#5809 = CARTESIAN_POINT('',(8.034300115268,-0.477371685602));
#5810 = CARTESIAN_POINT('',(8.036303764408,-0.545561289895));
#5811 = CARTESIAN_POINT('',(8.038352668651,-0.613749150087));
#5812 = CARTESIAN_POINT('',(8.040448390309,-0.681935205177));
#5813 = CARTESIAN_POINT('',(8.042592563548,-0.750119391365));
#5814 = CARTESIAN_POINT('',(8.044786898518,-0.818301641889));
#5815 = CARTESIAN_POINT('',(8.047033185764,-0.88648188685));
#5816 = CARTESIAN_POINT('',(8.049333300944,-0.954660053022));
#5817 = CARTESIAN_POINT('',(8.05168920987,-1.022836063653));
#5818 = CARTESIAN_POINT('',(8.054102973945,-1.09100983825));
#5819 = CARTESIAN_POINT('',(8.056576755857,-1.159181292344));
#5820 = CARTESIAN_POINT('',(8.059112826156,-1.227350337238));
#5821 = CARTESIAN_POINT('',(8.061713568601,-1.295516879781));
#5822 = CARTESIAN_POINT('',(8.064381492238,-1.363680821891));
#5823 = CARTESIAN_POINT('',(8.067119220801,-1.431842060969));
#5824 = CARTESIAN_POINT('',(8.068992786455,-1.477281011565));
#5825 = CARTESIAN_POINT('',(8.069942132659,-1.5));
#5826 = ( GEOMETRIC_REPRESENTATION_CONTEXT(2) 
PARAMETRIC_REPRESENTATION_CONTEXT() REPRESENTATION_CONTEXT('2D SPACE',''
  ) );
#5827 = PCURVE('',#5828,#5833);
#5828 = PLANE('',#5829);
#5829 = AXIS2_PLACEMENT_3D('',#5830,#5831,#5832);
#5830 = CARTESIAN_POINT('',(1.6,14.243190249582,9.4));
#5831 = DIRECTION('',(1.,0.,0.));
#5832 = DIRECTION('',(0.,0.,-1.));
#5833 = DEFINITIONAL_REPRESENTATION('',(#5834),#5839);
#5834 = B_SPLINE_CURVE_WITH_KNOTS('',3,(#5835,#5836,#5837,#5838),
  .UNSPECIFIED.,.F.,.F.,(4,4),(1.673483316525E-03,3.227809051714E-03),
  .PIECEWISE_BEZIER_KNOTS.);
#5835 = CARTESIAN_POINT('',(0.,-10.46836631465));
#5836 = CARTESIAN_POINT('',(0.500140523502,-10.6036289999));
#5837 = CARTESIAN_POINT('',(1.000182264906,-10.73925639047));
#5838 = CARTESIAN_POINT('',(1.5,-10.87571081646));
#5839 = ( GEOMETRIC_REPRESENTATION_CONTEXT(2) 
PARAMETRIC_REPRESENTATION_CONTEXT() REPRESENTATION_CONTEXT('2D SPACE',''
  ) );
#5840 = ORIENTED_EDGE('',*,*,#5841,.T.);
#5841 = EDGE_CURVE('',#5790,#5686,#5842,.T.);
#5842 = SURFACE_CURVE('',#5843,(#5848,#5855),.PCURVE_S1.);
#5843 = CIRCLE('',#5844,1.8);
#5844 = AXIS2_PLACEMENT_3D('',#5845,#5846,#5847);
#5845 = CARTESIAN_POINT('',(1.9,2.,9.4));
#5846 = DIRECTION('',(0.,0.,-1.));
#5847 = DIRECTION('',(-1.,0.,0.));
#5848 = PCURVE('',#4423,#5849);
#5849 = DEFINITIONAL_REPRESENTATION('',(#5850),#5854);
#5850 = LINE('',#5851,#5852);
#5851 = CARTESIAN_POINT('',(9.424777960769,5.528081450418E-17));
#5852 = VECTOR('',#5853,1.);
#5853 = DIRECTION('',(-1.,-3.939208574899E-17));
#5854 = ( GEOMETRIC_REPRESENTATION_CONTEXT(2) 
PARAMETRIC_REPRESENTATION_CONTEXT() REPRESENTATION_CONTEXT('2D SPACE',''
  ) );
#5855 = PCURVE('',#5856,#5861);
#5856 = PLANE('',#5857);
#5857 = AXIS2_PLACEMENT_3D('',#5858,#5859,#5860);
#5858 = CARTESIAN_POINT('',(2.2,17.,9.4));
#5859 = DIRECTION('',(0.,0.,1.));
#5860 = DIRECTION('',(1.,0.,-0.));
#5861 = DEFINITIONAL_REPRESENTATION('',(#5862),#5870);
#5862 = ( BOUNDED_CURVE() B_SPLINE_CURVE(2,(#5863,#5864,#5865,#5866,
#5867,#5868,#5869),.UNSPECIFIED.,.T.,.F.) B_SPLINE_CURVE_WITH_KNOTS((1,2
    ,2,2,2,1),(-2.094395102393,0.,2.094395102393,4.188790204786,
6.28318530718,8.377580409573),.UNSPECIFIED.) CURVE() 
GEOMETRIC_REPRESENTATION_ITEM() RATIONAL_B_SPLINE_CURVE((1.,0.5,1.,0.5,
1.,0.5,1.)) REPRESENTATION_ITEM('') );
#5863 = CARTESIAN_POINT('',(-2.1,-15.));
#5864 = CARTESIAN_POINT('',(-2.1,-11.88230854637));
#5865 = CARTESIAN_POINT('',(0.6,-13.44115427318));
#5866 = CARTESIAN_POINT('',(3.3,-15.));
#5867 = CARTESIAN_POINT('',(0.6,-16.55884572681));
#5868 = CARTESIAN_POINT('',(-2.1,-18.11769145362));
#5869 = CARTESIAN_POINT('',(-2.1,-15.));
#5870 = ( GEOMETRIC_REPRESENTATION_CONTEXT(2) 
PARAMETRIC_REPRESENTATION_CONTEXT() REPRESENTATION_CONTEXT('2D SPACE',''
  ) );
#5871 = ADVANCED_FACE('',(#5872),#4473,.F.);
#5872 = FACE_BOUND('',#5873,.T.);
#5873 = EDGE_LOOP('',(#5874,#5875,#5898,#5927,#5955,#5977));
#5874 = ORIENTED_EDGE('',*,*,#5738,.F.);
#5875 = ORIENTED_EDGE('',*,*,#5876,.F.);
#5876 = EDGE_CURVE('',#5877,#5684,#5879,.T.);
#5877 = VERTEX_POINT('',#5878);
#5878 = CARTESIAN_POINT('',(3.6,0.3,9.4));
#5879 = SURFACE_CURVE('',#5880,(#5884,#5891),.PCURVE_S1.);
#5880 = LINE('',#5881,#5882);
#5881 = CARTESIAN_POINT('',(3.6,0.3,9.4));
#5882 = VECTOR('',#5883,1.);
#5883 = DIRECTION('',(0.,1.,0.));
#5884 = PCURVE('',#4473,#5885);
#5885 = DEFINITIONAL_REPRESENTATION('',(#5886),#5890);
#5886 = LINE('',#5887,#5888);
#5887 = CARTESIAN_POINT('',(1.4,-16.7));
#5888 = VECTOR('',#5889,1.);
#5889 = DIRECTION('',(0.,1.));
#5890 = ( GEOMETRIC_REPRESENTATION_CONTEXT(2) 
PARAMETRIC_REPRESENTATION_CONTEXT() REPRESENTATION_CONTEXT('2D SPACE',''
  ) );
#5891 = PCURVE('',#5530,#5892);
#5892 = DEFINITIONAL_REPRESENTATION('',(#5893),#5897);
#5893 = LINE('',#5894,#5895);
#5894 = CARTESIAN_POINT('',(-0.6,0.));
#5895 = VECTOR('',#5896,1.);
#5896 = DIRECTION('',(0.,1.));
#5897 = ( GEOMETRIC_REPRESENTATION_CONTEXT(2) 
PARAMETRIC_REPRESENTATION_CONTEXT() REPRESENTATION_CONTEXT('2D SPACE',''
  ) );
#5898 = ORIENTED_EDGE('',*,*,#5899,.F.);
#5899 = EDGE_CURVE('',#5900,#5877,#5902,.T.);
#5900 = VERTEX_POINT('',#5901);
#5901 = CARTESIAN_POINT('',(3.3,0.,9.4));
#5902 = SURFACE_CURVE('',#5903,(#5908,#5915),.PCURVE_S1.);
#5903 = CIRCLE('',#5904,0.3);
#5904 = AXIS2_PLACEMENT_3D('',#5905,#5906,#5907);
#5905 = CARTESIAN_POINT('',(3.3,0.3,9.4));
#5906 = DIRECTION('',(0.,0.,1.));
#5907 = DIRECTION('',(1.,0.,-0.));
#5908 = PCURVE('',#4473,#5909);
#5909 = DEFINITIONAL_REPRESENTATION('',(#5910),#5914);
#5910 = CIRCLE('',#5911,0.3);
#5911 = AXIS2_PLACEMENT_2D('',#5912,#5913);
#5912 = CARTESIAN_POINT('',(1.1,-16.7));
#5913 = DIRECTION('',(1.,0.));
#5914 = ( GEOMETRIC_REPRESENTATION_CONTEXT(2) 
PARAMETRIC_REPRESENTATION_CONTEXT() REPRESENTATION_CONTEXT('2D SPACE',''
  ) );
#5915 = PCURVE('',#5916,#5921);
#5916 = CYLINDRICAL_SURFACE('',#5917,0.3);
#5917 = AXIS2_PLACEMENT_3D('',#5918,#5919,#5920);
#5918 = CARTESIAN_POINT('',(3.3,0.3,10.));
#5919 = DIRECTION('',(0.,0.,-1.));
#5920 = DIRECTION('',(-1.,0.,0.));
#5921 = DEFINITIONAL_REPRESENTATION('',(#5922),#5926);
#5922 = LINE('',#5923,#5924);
#5923 = CARTESIAN_POINT('',(9.424777960769,0.6));
#5924 = VECTOR('',#5925,1.);
#5925 = DIRECTION('',(-1.,0.));
#5926 = ( GEOMETRIC_REPRESENTATION_CONTEXT(2) 
PARAMETRIC_REPRESENTATION_CONTEXT() REPRESENTATION_CONTEXT('2D SPACE',''
  ) );
#5927 = ORIENTED_EDGE('',*,*,#5928,.F.);
#5928 = EDGE_CURVE('',#5929,#5900,#5931,.T.);
#5929 = VERTEX_POINT('',#5930);
#5930 = CARTESIAN_POINT('',(-4.2,0.,9.4));
#5931 = SURFACE_CURVE('',#5932,(#5936,#5943),.PCURVE_S1.);
#5932 = LINE('',#5933,#5934);
#5933 = CARTESIAN_POINT('',(-12.8,0.,9.4));
#5934 = VECTOR('',#5935,1.);
#5935 = DIRECTION('',(1.,0.,0.));
#5936 = PCURVE('',#4473,#5937);
#5937 = DEFINITIONAL_REPRESENTATION('',(#5938),#5942);
#5938 = LINE('',#5939,#5940);
#5939 = CARTESIAN_POINT('',(-15.,-17.));
#5940 = VECTOR('',#5941,1.);
#5941 = DIRECTION('',(1.,0.));
#5942 = ( GEOMETRIC_REPRESENTATION_CONTEXT(2) 
PARAMETRIC_REPRESENTATION_CONTEXT() REPRESENTATION_CONTEXT('2D SPACE',''
  ) );
#5943 = PCURVE('',#5944,#5949);
#5944 = PLANE('',#5945);
#5945 = AXIS2_PLACEMENT_3D('',#5946,#5947,#5948);
#5946 = CARTESIAN_POINT('',(-12.8,0.,10.));
#5947 = DIRECTION('',(0.,1.,0.));
#5948 = DIRECTION('',(0.,-0.,1.));
#5949 = DEFINITIONAL_REPRESENTATION('',(#5950),#5954);
#5950 = LINE('',#5951,#5952);
#5951 = CARTESIAN_POINT('',(-0.6,0.));
#5952 = VECTOR('',#5953,1.);
#5953 = DIRECTION('',(0.,1.));
#5954 = ( GEOMETRIC_REPRESENTATION_CONTEXT(2) 
PARAMETRIC_REPRESENTATION_CONTEXT() REPRESENTATION_CONTEXT('2D SPACE',''
  ) );
#5955 = ORIENTED_EDGE('',*,*,#5956,.T.);
#5956 = EDGE_CURVE('',#5929,#4458,#5957,.T.);
#5957 = SURFACE_CURVE('',#5958,(#5963,#5970),.PCURVE_S1.);
#5958 = CIRCLE('',#5959,1.9);
#5959 = AXIS2_PLACEMENT_3D('',#5960,#5961,#5962);
#5960 = CARTESIAN_POINT('',(-4.2,1.9,9.4));
#5961 = DIRECTION('',(0.,0.,1.));
#5962 = DIRECTION('',(1.,0.,-0.));
#5963 = PCURVE('',#4473,#5964);
#5964 = DEFINITIONAL_REPRESENTATION('',(#5965),#5969);
#5965 = CIRCLE('',#5966,1.9);
#5966 = AXIS2_PLACEMENT_2D('',#5967,#5968);
#5967 = CARTESIAN_POINT('',(-6.4,-15.1));
#5968 = DIRECTION('',(1.,0.));
#5969 = ( GEOMETRIC_REPRESENTATION_CONTEXT(2) 
PARAMETRIC_REPRESENTATION_CONTEXT() REPRESENTATION_CONTEXT('2D SPACE',''
  ) );
#5970 = PCURVE('',#4503,#5971);
#5971 = DEFINITIONAL_REPRESENTATION('',(#5972),#5976);
#5972 = LINE('',#5973,#5974);
#5973 = CARTESIAN_POINT('',(0.,4.4));
#5974 = VECTOR('',#5975,1.);
#5975 = DIRECTION('',(1.,0.));
#5976 = ( GEOMETRIC_REPRESENTATION_CONTEXT(2) 
PARAMETRIC_REPRESENTATION_CONTEXT() REPRESENTATION_CONTEXT('2D SPACE',''
  ) );
#5977 = ORIENTED_EDGE('',*,*,#4457,.F.);
#5978 = ADVANCED_FACE('',(#5979),#5828,.T.);
#5979 = FACE_BOUND('',#5980,.T.);
#5980 = EDGE_LOOP('',(#5981,#6004,#6005,#6028,#6051));
#5981 = ORIENTED_EDGE('',*,*,#5982,.T.);
#5982 = EDGE_CURVE('',#5983,#5790,#5985,.T.);
#5983 = VERTEX_POINT('',#5984);
#5984 = CARTESIAN_POINT('',(1.6,6.826679946932,9.4));
#5985 = SURFACE_CURVE('',#5986,(#5990,#5997),.PCURVE_S1.);
#5986 = LINE('',#5987,#5988);
#5987 = CARTESIAN_POINT('',(1.6,14.243190249582,9.4));
#5988 = VECTOR('',#5989,1.);
#5989 = DIRECTION('',(0.,-1.,0.));
#5990 = PCURVE('',#5828,#5991);
#5991 = DEFINITIONAL_REPRESENTATION('',(#5992),#5996);
#5992 = LINE('',#5993,#5994);
#5993 = CARTESIAN_POINT('',(0.,0.));
#5994 = VECTOR('',#5995,1.);
#5995 = DIRECTION('',(0.,-1.));
#5996 = ( GEOMETRIC_REPRESENTATION_CONTEXT(2) 
PARAMETRIC_REPRESENTATION_CONTEXT() REPRESENTATION_CONTEXT('2D SPACE',''
  ) );
#5997 = PCURVE('',#5856,#5998);
#5998 = DEFINITIONAL_REPRESENTATION('',(#5999),#6003);
#5999 = LINE('',#6000,#6001);
#6000 = CARTESIAN_POINT('',(-0.6,-2.756809750418));
#6001 = VECTOR('',#6002,1.);
#6002 = DIRECTION('',(0.,-1.));
#6003 = ( GEOMETRIC_REPRESENTATION_CONTEXT(2) 
PARAMETRIC_REPRESENTATION_CONTEXT() REPRESENTATION_CONTEXT('2D SPACE',''
  ) );
#6004 = ORIENTED_EDGE('',*,*,#5789,.T.);
#6005 = ORIENTED_EDGE('',*,*,#6006,.T.);
#6006 = EDGE_CURVE('',#5766,#6007,#6009,.T.);
#6007 = VERTEX_POINT('',#6008);
#6008 = CARTESIAN_POINT('',(1.6,3.367479433118,5.));
#6009 = SURFACE_CURVE('',#6010,(#6014,#6021),.PCURVE_S1.);
#6010 = LINE('',#6011,#6012);
#6011 = CARTESIAN_POINT('',(1.6,3.367479433118,5.));
#6012 = VECTOR('',#6013,1.);
#6013 = DIRECTION('',(0.,0.,-1.));
#6014 = PCURVE('',#5828,#6015);
#6015 = DEFINITIONAL_REPRESENTATION('',(#6016),#6020);
#6016 = LINE('',#6017,#6018);
#6017 = CARTESIAN_POINT('',(4.4,-10.87571081646));
#6018 = VECTOR('',#6019,1.);
#6019 = DIRECTION('',(1.,0.));
#6020 = ( GEOMETRIC_REPRESENTATION_CONTEXT(2) 
PARAMETRIC_REPRESENTATION_CONTEXT() REPRESENTATION_CONTEXT('2D SPACE',''
  ) );
#6021 = PCURVE('',#4393,#6022);
#6022 = DEFINITIONAL_REPRESENTATION('',(#6023),#6027);
#6023 = LINE('',#6024,#6025);
#6024 = CARTESIAN_POINT('',(1.35483582811,0.));
#6025 = VECTOR('',#6026,1.);
#6026 = DIRECTION('',(0.,1.));
#6027 = ( GEOMETRIC_REPRESENTATION_CONTEXT(2) 
PARAMETRIC_REPRESENTATION_CONTEXT() REPRESENTATION_CONTEXT('2D SPACE',''
  ) );
#6028 = ORIENTED_EDGE('',*,*,#6029,.F.);
#6029 = EDGE_CURVE('',#6030,#6007,#6032,.T.);
#6030 = VERTEX_POINT('',#6031);
#6031 = CARTESIAN_POINT('',(1.6,7.132520566882,5.));
#6032 = SURFACE_CURVE('',#6033,(#6037,#6044),.PCURVE_S1.);
#6033 = LINE('',#6034,#6035);
#6034 = CARTESIAN_POINT('',(1.6,14.243190249582,5.));
#6035 = VECTOR('',#6036,1.);
#6036 = DIRECTION('',(0.,-1.,0.));
#6037 = PCURVE('',#5828,#6038);
#6038 = DEFINITIONAL_REPRESENTATION('',(#6039),#6043);
#6039 = LINE('',#6040,#6041);
#6040 = CARTESIAN_POINT('',(4.4,0.));
#6041 = VECTOR('',#6042,1.);
#6042 = DIRECTION('',(0.,-1.));
#6043 = ( GEOMETRIC_REPRESENTATION_CONTEXT(2) 
PARAMETRIC_REPRESENTATION_CONTEXT() REPRESENTATION_CONTEXT('2D SPACE',''
  ) );
#6044 = PCURVE('',#4551,#6045);
#6045 = DEFINITIONAL_REPRESENTATION('',(#6046),#6050);
#6046 = LINE('',#6047,#6048);
#6047 = CARTESIAN_POINT('',(-0.6,-2.756809750418));
#6048 = VECTOR('',#6049,1.);
#6049 = DIRECTION('',(0.,-1.));
#6050 = ( GEOMETRIC_REPRESENTATION_CONTEXT(2) 
PARAMETRIC_REPRESENTATION_CONTEXT() REPRESENTATION_CONTEXT('2D SPACE',''
  ) );
#6051 = ORIENTED_EDGE('',*,*,#6052,.T.);
#6052 = EDGE_CURVE('',#6030,#5983,#6053,.T.);
#6053 = SURFACE_CURVE('',#6054,(#6059,#6067),.PCURVE_S1.);
#6054 = B_SPLINE_CURVE_WITH_KNOTS('',3,(#6055,#6056,#6057,#6058),
  .UNSPECIFIED.,.F.,.F.,(4,4),(5.574555108475E-03,9.985172549231E-03),
  .PIECEWISE_BEZIER_KNOTS.);
#6055 = CARTESIAN_POINT('',(1.6,7.132520566882,5.));
#6056 = CARTESIAN_POINT('',(1.6,7.030144519563,6.466636695889));
#6057 = CARTESIAN_POINT('',(1.6,6.928276072677,7.933308878616));
#6058 = CARTESIAN_POINT('',(1.6,6.826679946932,9.4));
#6059 = PCURVE('',#5828,#6060);
#6060 = DEFINITIONAL_REPRESENTATION('',(#6061),#6066);
#6061 = B_SPLINE_CURVE_WITH_KNOTS('',3,(#6062,#6063,#6064,#6065),
  .UNSPECIFIED.,.F.,.F.,(4,4),(5.574555108475E-03,9.985172549231E-03),
  .PIECEWISE_BEZIER_KNOTS.);
#6062 = CARTESIAN_POINT('',(4.4,-7.1106696827));
#6063 = CARTESIAN_POINT('',(2.933363304111,-7.213045730019));
#6064 = CARTESIAN_POINT('',(1.466691121384,-7.314914176905));
#6065 = CARTESIAN_POINT('',(0.,-7.41651030265));
#6066 = ( GEOMETRIC_REPRESENTATION_CONTEXT(2) 
PARAMETRIC_REPRESENTATION_CONTEXT() REPRESENTATION_CONTEXT('2D SPACE',''
  ) );
#6067 = PCURVE('',#6068,#6073);
#6068 = CONICAL_SURFACE('',#6069,1.7,6.8076458258E-02);
#6069 = AXIS2_PLACEMENT_3D('',#6070,#6071,#6072);
#6070 = CARTESIAN_POINT('',(1.9,8.5,9.4));
#6071 = DIRECTION('',(0.,0.,1.));
#6072 = DIRECTION('',(1.,0.,-0.));
#6073 = DEFINITIONAL_REPRESENTATION('',(#6074),#6100);
#6074 = B_SPLINE_CURVE_WITH_KNOTS('',3,(#6075,#6076,#6077,#6078,#6079,
    #6080,#6081,#6082,#6083,#6084,#6085,#6086,#6087,#6088,#6089,#6090,
    #6091,#6092,#6093,#6094,#6095,#6096,#6097,#6098,#6099),
  .UNSPECIFIED.,.F.,.F.,(4,1,1,1,1,1,1,1,1,1,1,1,1,1,1,1,1,1,1,1,1,1,4),
  (5.574555108475E-03,5.775037719419E-03,5.975520330362E-03,
    6.176002941305E-03,6.376485552249E-03,6.576968163192E-03,
    6.777450774136E-03,6.977933385079E-03,7.178415996023E-03,
    7.378898606966E-03,7.57938121791E-03,7.779863828853E-03,
    7.980346439797E-03,8.18082905074E-03,8.381311661683E-03,
    8.581794272627E-03,8.78227688357E-03,8.982759494514E-03,
    9.183242105457E-03,9.383724716401E-03,9.584207327344E-03,
    9.784689938288E-03,9.985172549231E-03),.QUASI_UNIFORM_KNOTS.);
#6075 = CARTESIAN_POINT('',(4.4964284817,-4.4));
#6076 = CARTESIAN_POINT('',(4.497140741549,-4.333334695599));
#6077 = CARTESIAN_POINT('',(4.498551080202,-4.200003935436));
#6078 = CARTESIAN_POINT('',(4.500625241888,-4.00000735404));
#6079 = CARTESIAN_POINT('',(4.502659272118,-3.800010344617));
#6080 = CARTESIAN_POINT('',(4.504654322758,-3.600012919614));
#6081 = CARTESIAN_POINT('',(4.506611507081,-3.400015091063));
#6082 = CARTESIAN_POINT('',(4.508531895781,-3.200016870539));
#6083 = CARTESIAN_POINT('',(4.510416520441,-3.000018269196));
#6084 = CARTESIAN_POINT('',(4.512266374883,-2.800019297786));
#6085 = CARTESIAN_POINT('',(4.514082416963,-2.600019966672));
#6086 = CARTESIAN_POINT('',(4.515865570132,-2.400020285851));
#6087 = CARTESIAN_POINT('',(4.517616724956,-2.200020264971));
#6088 = CARTESIAN_POINT('',(4.519336740543,-2.000019913339));
#6089 = CARTESIAN_POINT('',(4.52102644591,-1.800019239944));
#6090 = CARTESIAN_POINT('',(4.522686641264,-1.600018253469));
#6091 = CARTESIAN_POINT('',(4.524318099236,-1.4000169623));
#6092 = CARTESIAN_POINT('',(4.525921566035,-1.200015374545));
#6093 = CARTESIAN_POINT('',(4.527497762573,-1.00001349804));
#6094 = CARTESIAN_POINT('',(4.529047385463,-0.800011340365));
#6095 = CARTESIAN_POINT('',(4.530571108207,-0.600008908853));
#6096 = CARTESIAN_POINT('',(4.532069581463,-0.400006210598));
#6097 = CARTESIAN_POINT('',(4.533543436483,-0.200003252483));
#6098 = CARTESIAN_POINT('',(4.534509996532,-6.666777822718E-02));
#6099 = CARTESIAN_POINT('',(4.534989375944,-6.027740431898E-17));
#6100 = ( GEOMETRIC_REPRESENTATION_CONTEXT(2) 
PARAMETRIC_REPRESENTATION_CONTEXT() REPRESENTATION_CONTEXT('2D SPACE',''
  ) );
#6101 = ADVANCED_FACE('',(#6102),#5289,.F.);
#6102 = FACE_BOUND('',#6103,.T.);
#6103 = EDGE_LOOP('',(#6104,#6105,#6128,#6157,#6180,#6202));
#6104 = ORIENTED_EDGE('',*,*,#5546,.F.);
#6105 = ORIENTED_EDGE('',*,*,#6106,.F.);
#6106 = EDGE_CURVE('',#6107,#5487,#6109,.T.);
#6107 = VERTEX_POINT('',#6108);
#6108 = CARTESIAN_POINT('',(3.6,0.3,4.4));
#6109 = SURFACE_CURVE('',#6110,(#6114,#6121),.PCURVE_S1.);
#6110 = LINE('',#6111,#6112);
#6111 = CARTESIAN_POINT('',(3.6,0.3,4.4));
#6112 = VECTOR('',#6113,1.);
#6113 = DIRECTION('',(0.,1.,0.));
#6114 = PCURVE('',#5289,#6115);
#6115 = DEFINITIONAL_REPRESENTATION('',(#6116),#6120);
#6116 = LINE('',#6117,#6118);
#6117 = CARTESIAN_POINT('',(1.4,-16.7));
#6118 = VECTOR('',#6119,1.);
#6119 = DIRECTION('',(0.,1.));
#6120 = ( GEOMETRIC_REPRESENTATION_CONTEXT(2) 
PARAMETRIC_REPRESENTATION_CONTEXT() REPRESENTATION_CONTEXT('2D SPACE',''
  ) );
#6121 = PCURVE('',#5530,#6122);
#6122 = DEFINITIONAL_REPRESENTATION('',(#6123),#6127);
#6123 = LINE('',#6124,#6125);
#6124 = CARTESIAN_POINT('',(-5.6,0.));
#6125 = VECTOR('',#6126,1.);
#6126 = DIRECTION('',(0.,1.));
#6127 = ( GEOMETRIC_REPRESENTATION_CONTEXT(2) 
PARAMETRIC_REPRESENTATION_CONTEXT() REPRESENTATION_CONTEXT('2D SPACE',''
  ) );
#6128 = ORIENTED_EDGE('',*,*,#6129,.F.);
#6129 = EDGE_CURVE('',#6130,#6107,#6132,.T.);
#6130 = VERTEX_POINT('',#6131);
#6131 = CARTESIAN_POINT('',(3.3,0.,4.4));
#6132 = SURFACE_CURVE('',#6133,(#6138,#6145),.PCURVE_S1.);
#6133 = CIRCLE('',#6134,0.3);
#6134 = AXIS2_PLACEMENT_3D('',#6135,#6136,#6137);
#6135 = CARTESIAN_POINT('',(3.3,0.3,4.4));
#6136 = DIRECTION('',(0.,0.,1.));
#6137 = DIRECTION('',(1.,0.,-0.));
#6138 = PCURVE('',#5289,#6139);
#6139 = DEFINITIONAL_REPRESENTATION('',(#6140),#6144);
#6140 = CIRCLE('',#6141,0.3);
#6141 = AXIS2_PLACEMENT_2D('',#6142,#6143);
#6142 = CARTESIAN_POINT('',(1.1,-16.7));
#6143 = DIRECTION('',(1.,0.));
#6144 = ( GEOMETRIC_REPRESENTATION_CONTEXT(2) 
PARAMETRIC_REPRESENTATION_CONTEXT() REPRESENTATION_CONTEXT('2D SPACE',''
  ) );
#6145 = PCURVE('',#6146,#6151);
#6146 = CYLINDRICAL_SURFACE('',#6147,0.3);
#6147 = AXIS2_PLACEMENT_3D('',#6148,#6149,#6150);
#6148 = CARTESIAN_POINT('',(3.3,0.3,10.));
#6149 = DIRECTION('',(0.,0.,-1.));
#6150 = DIRECTION('',(-1.,0.,0.));
#6151 = DEFINITIONAL_REPRESENTATION('',(#6152),#6156);
#6152 = LINE('',#6153,#6154);
#6153 = CARTESIAN_POINT('',(9.424777960769,5.6));
#6154 = VECTOR('',#6155,1.);
#6155 = DIRECTION('',(-1.,0.));
#6156 = ( GEOMETRIC_REPRESENTATION_CONTEXT(2) 
PARAMETRIC_REPRESENTATION_CONTEXT() REPRESENTATION_CONTEXT('2D SPACE',''
  ) );
#6157 = ORIENTED_EDGE('',*,*,#6158,.F.);
#6158 = EDGE_CURVE('',#6159,#6130,#6161,.T.);
#6159 = VERTEX_POINT('',#6160);
#6160 = CARTESIAN_POINT('',(-4.2,0.,4.4));
#6161 = SURFACE_CURVE('',#6162,(#6166,#6173),.PCURVE_S1.);
#6162 = LINE('',#6163,#6164);
#6163 = CARTESIAN_POINT('',(-12.8,0.,4.4));
#6164 = VECTOR('',#6165,1.);
#6165 = DIRECTION('',(1.,0.,0.));
#6166 = PCURVE('',#5289,#6167);
#6167 = DEFINITIONAL_REPRESENTATION('',(#6168),#6172);
#6168 = LINE('',#6169,#6170);
#6169 = CARTESIAN_POINT('',(-15.,-17.));
#6170 = VECTOR('',#6171,1.);
#6171 = DIRECTION('',(1.,0.));
#6172 = ( GEOMETRIC_REPRESENTATION_CONTEXT(2) 
PARAMETRIC_REPRESENTATION_CONTEXT() REPRESENTATION_CONTEXT('2D SPACE',''
  ) );
#6173 = PCURVE('',#5944,#6174);
#6174 = DEFINITIONAL_REPRESENTATION('',(#6175),#6179);
#6175 = LINE('',#6176,#6177);
#6176 = CARTESIAN_POINT('',(-5.6,0.));
#6177 = VECTOR('',#6178,1.);
#6178 = DIRECTION('',(0.,1.));
#6179 = ( GEOMETRIC_REPRESENTATION_CONTEXT(2) 
PARAMETRIC_REPRESENTATION_CONTEXT() REPRESENTATION_CONTEXT('2D SPACE',''
  ) );
#6180 = ORIENTED_EDGE('',*,*,#6181,.T.);
#6181 = EDGE_CURVE('',#6159,#5274,#6182,.T.);
#6182 = SURFACE_CURVE('',#6183,(#6188,#6195),.PCURVE_S1.);
#6183 = CIRCLE('',#6184,1.9);
#6184 = AXIS2_PLACEMENT_3D('',#6185,#6186,#6187);
#6185 = CARTESIAN_POINT('',(-4.2,1.9,4.4));
#6186 = DIRECTION('',(0.,0.,1.));
#6187 = DIRECTION('',(1.,0.,-0.));
#6188 = PCURVE('',#5289,#6189);
#6189 = DEFINITIONAL_REPRESENTATION('',(#6190),#6194);
#6190 = CIRCLE('',#6191,1.9);
#6191 = AXIS2_PLACEMENT_2D('',#6192,#6193);
#6192 = CARTESIAN_POINT('',(-6.4,-15.1));
#6193 = DIRECTION('',(1.,0.));
#6194 = ( GEOMETRIC_REPRESENTATION_CONTEXT(2) 
PARAMETRIC_REPRESENTATION_CONTEXT() REPRESENTATION_CONTEXT('2D SPACE',''
  ) );
#6195 = PCURVE('',#4981,#6196);
#6196 = DEFINITIONAL_REPRESENTATION('',(#6197),#6201);
#6197 = LINE('',#6198,#6199);
#6198 = CARTESIAN_POINT('',(0.,4.4));
#6199 = VECTOR('',#6200,1.);
#6200 = DIRECTION('',(1.,0.));
#6201 = ( GEOMETRIC_REPRESENTATION_CONTEXT(2) 
PARAMETRIC_REPRESENTATION_CONTEXT() REPRESENTATION_CONTEXT('2D SPACE',''
  ) );
#6202 = ORIENTED_EDGE('',*,*,#5273,.F.);
#6203 = ADVANCED_FACE('',(#6204),#5636,.T.);
#6204 = FACE_BOUND('',#6205,.T.);
#6205 = EDGE_LOOP('',(#6206,#6229,#6230,#6253,#6276));
#6206 = ORIENTED_EDGE('',*,*,#6207,.T.);
#6207 = EDGE_CURVE('',#6208,#5598,#6210,.T.);
#6208 = VERTEX_POINT('',#6209);
#6209 = CARTESIAN_POINT('',(1.6,6.826679946932,4.4));
#6210 = SURFACE_CURVE('',#6211,(#6215,#6222),.PCURVE_S1.);
#6211 = LINE('',#6212,#6213);
#6212 = CARTESIAN_POINT('',(1.6,14.243190249582,4.4));
#6213 = VECTOR('',#6214,1.);
#6214 = DIRECTION('',(0.,-1.,0.));
#6215 = PCURVE('',#5636,#6216);
#6216 = DEFINITIONAL_REPRESENTATION('',(#6217),#6221);
#6217 = LINE('',#6218,#6219);
#6218 = CARTESIAN_POINT('',(0.,0.));
#6219 = VECTOR('',#6220,1.);
#6220 = DIRECTION('',(0.,-1.));
#6221 = ( GEOMETRIC_REPRESENTATION_CONTEXT(2) 
PARAMETRIC_REPRESENTATION_CONTEXT() REPRESENTATION_CONTEXT('2D SPACE',''
  ) );
#6222 = PCURVE('',#5664,#6223);
#6223 = DEFINITIONAL_REPRESENTATION('',(#6224),#6228);
#6224 = LINE('',#6225,#6226);
#6225 = CARTESIAN_POINT('',(-0.6,-2.756809750418));
#6226 = VECTOR('',#6227,1.);
#6227 = DIRECTION('',(0.,-1.));
#6228 = ( GEOMETRIC_REPRESENTATION_CONTEXT(2) 
PARAMETRIC_REPRESENTATION_CONTEXT() REPRESENTATION_CONTEXT('2D SPACE',''
  ) );
#6229 = ORIENTED_EDGE('',*,*,#5597,.T.);
#6230 = ORIENTED_EDGE('',*,*,#6231,.T.);
#6231 = EDGE_CURVE('',#5574,#6232,#6234,.T.);
#6232 = VERTEX_POINT('',#6233);
#6233 = CARTESIAN_POINT('',(1.6,3.367479433118,0.));
#6234 = SURFACE_CURVE('',#6235,(#6239,#6246),.PCURVE_S1.);
#6235 = LINE('',#6236,#6237);
#6236 = CARTESIAN_POINT('',(1.6,3.367479433118,0.));
#6237 = VECTOR('',#6238,1.);
#6238 = DIRECTION('',(0.,0.,-1.));
#6239 = PCURVE('',#5636,#6240);
#6240 = DEFINITIONAL_REPRESENTATION('',(#6241),#6245);
#6241 = LINE('',#6242,#6243);
#6242 = CARTESIAN_POINT('',(4.4,-10.87571081646));
#6243 = VECTOR('',#6244,1.);
#6244 = DIRECTION('',(1.,0.));
#6245 = ( GEOMETRIC_REPRESENTATION_CONTEXT(2) 
PARAMETRIC_REPRESENTATION_CONTEXT() REPRESENTATION_CONTEXT('2D SPACE',''
  ) );
#6246 = PCURVE('',#5209,#6247);
#6247 = DEFINITIONAL_REPRESENTATION('',(#6248),#6252);
#6248 = LINE('',#6249,#6250);
#6249 = CARTESIAN_POINT('',(1.35483582811,0.));
#6250 = VECTOR('',#6251,1.);
#6251 = DIRECTION('',(0.,1.));
#6252 = ( GEOMETRIC_REPRESENTATION_CONTEXT(2) 
PARAMETRIC_REPRESENTATION_CONTEXT() REPRESENTATION_CONTEXT('2D SPACE',''
  ) );
#6253 = ORIENTED_EDGE('',*,*,#6254,.F.);
#6254 = EDGE_CURVE('',#6255,#6232,#6257,.T.);
#6255 = VERTEX_POINT('',#6256);
#6256 = CARTESIAN_POINT('',(1.6,7.132520566882,0.));
#6257 = SURFACE_CURVE('',#6258,(#6262,#6269),.PCURVE_S1.);
#6258 = LINE('',#6259,#6260);
#6259 = CARTESIAN_POINT('',(1.6,14.243190249582,0.));
#6260 = VECTOR('',#6261,1.);
#6261 = DIRECTION('',(0.,-1.,0.));
#6262 = PCURVE('',#5636,#6263);
#6263 = DEFINITIONAL_REPRESENTATION('',(#6264),#6268);
#6264 = LINE('',#6265,#6266);
#6265 = CARTESIAN_POINT('',(4.4,0.));
#6266 = VECTOR('',#6267,1.);
#6267 = DIRECTION('',(0.,-1.));
#6268 = ( GEOMETRIC_REPRESENTATION_CONTEXT(2) 
PARAMETRIC_REPRESENTATION_CONTEXT() REPRESENTATION_CONTEXT('2D SPACE',''
  ) );
#6269 = PCURVE('',#4951,#6270);
#6270 = DEFINITIONAL_REPRESENTATION('',(#6271),#6275);
#6271 = LINE('',#6272,#6273);
#6272 = CARTESIAN_POINT('',(-0.6,-2.756809750418));
#6273 = VECTOR('',#6274,1.);
#6274 = DIRECTION('',(0.,-1.));
#6275 = ( GEOMETRIC_REPRESENTATION_CONTEXT(2) 
PARAMETRIC_REPRESENTATION_CONTEXT() REPRESENTATION_CONTEXT('2D SPACE',''
  ) );
#6276 = ORIENTED_EDGE('',*,*,#6277,.T.);
#6277 = EDGE_CURVE('',#6255,#6208,#6278,.T.);
#6278 = SURFACE_CURVE('',#6279,(#6284,#6292),.PCURVE_S1.);
#6279 = B_SPLINE_CURVE_WITH_KNOTS('',3,(#6280,#6281,#6282,#6283),
  .UNSPECIFIED.,.F.,.F.,(4,4),(5.574555108475E-03,9.985172549231E-03),
  .PIECEWISE_BEZIER_KNOTS.);
#6280 = CARTESIAN_POINT('',(1.6,7.132520566882,-6.654847451057E-16));
#6281 = CARTESIAN_POINT('',(1.6,7.030144519563,1.466636695889));
#6282 = CARTESIAN_POINT('',(1.6,6.928276072677,2.933308878616));
#6283 = CARTESIAN_POINT('',(1.6,6.826679946932,4.4));
#6284 = PCURVE('',#5636,#6285);
#6285 = DEFINITIONAL_REPRESENTATION('',(#6286),#6291);
#6286 = B_SPLINE_CURVE_WITH_KNOTS('',3,(#6287,#6288,#6289,#6290),
  .UNSPECIFIED.,.F.,.F.,(4,4),(5.574555108475E-03,9.985172549231E-03),
  .PIECEWISE_BEZIER_KNOTS.);
#6287 = CARTESIAN_POINT('',(4.4,-7.1106696827));
#6288 = CARTESIAN_POINT('',(2.933363304111,-7.213045730019));
#6289 = CARTESIAN_POINT('',(1.466691121384,-7.314914176905));
#6290 = CARTESIAN_POINT('',(0.,-7.41651030265));
#6291 = ( GEOMETRIC_REPRESENTATION_CONTEXT(2) 
PARAMETRIC_REPRESENTATION_CONTEXT() REPRESENTATION_CONTEXT('2D SPACE',''
  ) );
#6292 = PCURVE('',#6293,#6298);
#6293 = CONICAL_SURFACE('',#6294,1.7,6.8076458258E-02);
#6294 = AXIS2_PLACEMENT_3D('',#6295,#6296,#6297);
#6295 = CARTESIAN_POINT('',(1.9,8.5,4.4));
#6296 = DIRECTION('',(0.,0.,1.));
#6297 = DIRECTION('',(1.,0.,-0.));
#6298 = DEFINITIONAL_REPRESENTATION('',(#6299),#6325);
#6299 = B_SPLINE_CURVE_WITH_KNOTS('',3,(#6300,#6301,#6302,#6303,#6304,
    #6305,#6306,#6307,#6308,#6309,#6310,#6311,#6312,#6313,#6314,#6315,
    #6316,#6317,#6318,#6319,#6320,#6321,#6322,#6323,#6324),
  .UNSPECIFIED.,.F.,.F.,(4,1,1,1,1,1,1,1,1,1,1,1,1,1,1,1,1,1,1,1,1,1,4),
  (5.574555108475E-03,5.775037719419E-03,5.975520330362E-03,
    6.176002941305E-03,6.376485552249E-03,6.576968163192E-03,
    6.777450774136E-03,6.977933385079E-03,7.178415996023E-03,
    7.378898606966E-03,7.57938121791E-03,7.779863828853E-03,
    7.980346439797E-03,8.18082905074E-03,8.381311661683E-03,
    8.581794272627E-03,8.78227688357E-03,8.982759494514E-03,
    9.183242105457E-03,9.383724716401E-03,9.584207327344E-03,
    9.784689938288E-03,9.985172549231E-03),.QUASI_UNIFORM_KNOTS.);
#6300 = CARTESIAN_POINT('',(4.4964284817,-4.4));
#6301 = CARTESIAN_POINT('',(4.497140741549,-4.333334695599));
#6302 = CARTESIAN_POINT('',(4.498551080202,-4.200003935436));
#6303 = CARTESIAN_POINT('',(4.500625241888,-4.00000735404));
#6304 = CARTESIAN_POINT('',(4.502659272118,-3.800010344617));
#6305 = CARTESIAN_POINT('',(4.504654322758,-3.600012919614));
#6306 = CARTESIAN_POINT('',(4.506611507081,-3.400015091063));
#6307 = CARTESIAN_POINT('',(4.508531895781,-3.200016870539));
#6308 = CARTESIAN_POINT('',(4.510416520441,-3.000018269196));
#6309 = CARTESIAN_POINT('',(4.512266374883,-2.800019297786));
#6310 = CARTESIAN_POINT('',(4.514082416963,-2.600019966672));
#6311 = CARTESIAN_POINT('',(4.515865570132,-2.400020285851));
#6312 = CARTESIAN_POINT('',(4.517616724956,-2.200020264971));
#6313 = CARTESIAN_POINT('',(4.519336740543,-2.000019913339));
#6314 = CARTESIAN_POINT('',(4.52102644591,-1.800019239944));
#6315 = CARTESIAN_POINT('',(4.522686641264,-1.600018253469));
#6316 = CARTESIAN_POINT('',(4.524318099236,-1.4000169623));
#6317 = CARTESIAN_POINT('',(4.525921566035,-1.200015374545));
#6318 = CARTESIAN_POINT('',(4.527497762573,-1.00001349804));
#6319 = CARTESIAN_POINT('',(4.529047385463,-0.800011340365));
#6320 = CARTESIAN_POINT('',(4.530571108207,-0.600008908853));
#6321 = CARTESIAN_POINT('',(4.532069581463,-0.400006210598));
#6322 = CARTESIAN_POINT('',(4.533543436483,-0.200003252483));
#6323 = CARTESIAN_POINT('',(4.534509996532,-6.666777822718E-02));
#6324 = CARTESIAN_POINT('',(4.534989375944,-6.027740431898E-17));
#6325 = ( GEOMETRIC_REPRESENTATION_CONTEXT(2) 
PARAMETRIC_REPRESENTATION_CONTEXT() REPRESENTATION_CONTEXT('2D SPACE',''
  ) );
#6326 = ADVANCED_FACE('',(#6327),#5856,.F.);
#6327 = FACE_BOUND('',#6328,.T.);
#6328 = EDGE_LOOP('',(#6329,#6330,#6331,#6359));
#6329 = ORIENTED_EDGE('',*,*,#5841,.F.);
#6330 = ORIENTED_EDGE('',*,*,#5982,.F.);
#6331 = ORIENTED_EDGE('',*,*,#6332,.F.);
#6332 = EDGE_CURVE('',#6333,#5983,#6335,.T.);
#6333 = VERTEX_POINT('',#6334);
#6334 = CARTESIAN_POINT('',(3.6,8.5,9.4));
#6335 = SURFACE_CURVE('',#6336,(#6341,#6352),.PCURVE_S1.);
#6336 = CIRCLE('',#6337,1.7);
#6337 = AXIS2_PLACEMENT_3D('',#6338,#6339,#6340);
#6338 = CARTESIAN_POINT('',(1.9,8.5,9.4));
#6339 = DIRECTION('',(0.,0.,-1.));
#6340 = DIRECTION('',(-1.,0.,0.));
#6341 = PCURVE('',#5856,#6342);
#6342 = DEFINITIONAL_REPRESENTATION('',(#6343),#6351);
#6343 = ( BOUNDED_CURVE() B_SPLINE_CURVE(2,(#6344,#6345,#6346,#6347,
#6348,#6349,#6350),.UNSPECIFIED.,.T.,.F.) B_SPLINE_CURVE_WITH_KNOTS((1,2
    ,2,2,2,1),(-2.094395102393,0.,2.094395102393,4.188790204786,
6.28318530718,8.377580409573),.UNSPECIFIED.) CURVE() 
GEOMETRIC_REPRESENTATION_ITEM() RATIONAL_B_SPLINE_CURVE((1.,0.5,1.,0.5,
1.,0.5,1.)) REPRESENTATION_ITEM('') );
#6344 = CARTESIAN_POINT('',(-2.,-8.5));
#6345 = CARTESIAN_POINT('',(-2.,-5.555513627133));
#6346 = CARTESIAN_POINT('',(0.55,-7.027756813566));
#6347 = CARTESIAN_POINT('',(3.1,-8.5));
#6348 = CARTESIAN_POINT('',(0.55,-9.972243186434));
#6349 = CARTESIAN_POINT('',(-2.,-11.44448637286));
#6350 = CARTESIAN_POINT('',(-2.,-8.5));
#6351 = ( GEOMETRIC_REPRESENTATION_CONTEXT(2) 
PARAMETRIC_REPRESENTATION_CONTEXT() REPRESENTATION_CONTEXT('2D SPACE',''
  ) );
#6352 = PCURVE('',#6068,#6353);
#6353 = DEFINITIONAL_REPRESENTATION('',(#6354),#6358);
#6354 = LINE('',#6355,#6356);
#6355 = CARTESIAN_POINT('',(9.424777960769,-4.214970391699E-17));
#6356 = VECTOR('',#6357,1.);
#6357 = DIRECTION('',(-1.,8.619944029441E-18));
#6358 = ( GEOMETRIC_REPRESENTATION_CONTEXT(2) 
PARAMETRIC_REPRESENTATION_CONTEXT() REPRESENTATION_CONTEXT('2D SPACE',''
  ) );
#6359 = ORIENTED_EDGE('',*,*,#6360,.F.);
#6360 = EDGE_CURVE('',#5686,#6333,#6361,.T.);
#6361 = SURFACE_CURVE('',#6362,(#6366,#6373),.PCURVE_S1.);
#6362 = LINE('',#6363,#6364);
#6363 = CARTESIAN_POINT('',(3.6,0.3,9.4));
#6364 = VECTOR('',#6365,1.);
#6365 = DIRECTION('',(0.,1.,0.));
#6366 = PCURVE('',#5856,#6367);
#6367 = DEFINITIONAL_REPRESENTATION('',(#6368),#6372);
#6368 = LINE('',#6369,#6370);
#6369 = CARTESIAN_POINT('',(1.4,-16.7));
#6370 = VECTOR('',#6371,1.);
#6371 = DIRECTION('',(0.,1.));
#6372 = ( GEOMETRIC_REPRESENTATION_CONTEXT(2) 
PARAMETRIC_REPRESENTATION_CONTEXT() REPRESENTATION_CONTEXT('2D SPACE',''
  ) );
#6373 = PCURVE('',#5530,#6374);
#6374 = DEFINITIONAL_REPRESENTATION('',(#6375),#6379);
#6375 = LINE('',#6376,#6377);
#6376 = CARTESIAN_POINT('',(-0.6,0.));
#6377 = VECTOR('',#6378,1.);
#6378 = DIRECTION('',(0.,1.));
#6379 = ( GEOMETRIC_REPRESENTATION_CONTEXT(2) 
PARAMETRIC_REPRESENTATION_CONTEXT() REPRESENTATION_CONTEXT('2D SPACE',''
  ) );
#6380 = ADVANCED_FACE('',(#6381),#6395,.T.);
#6381 = FACE_BOUND('',#6382,.T.);
#6382 = EDGE_LOOP('',(#6383,#6418,#6465,#6488));
#6383 = ORIENTED_EDGE('',*,*,#6384,.T.);
#6384 = EDGE_CURVE('',#6385,#6387,#6389,.T.);
#6385 = VERTEX_POINT('',#6386);
#6386 = CARTESIAN_POINT('',(1.6,14.243190249582,9.4));
#6387 = VERTEX_POINT('',#6388);
#6388 = CARTESIAN_POINT('',(1.6,10.173320053068,9.4));
#6389 = SURFACE_CURVE('',#6390,(#6394,#6406),.PCURVE_S1.);
#6390 = LINE('',#6391,#6392);
#6391 = CARTESIAN_POINT('',(1.6,14.243190249582,9.4));
#6392 = VECTOR('',#6393,1.);
#6393 = DIRECTION('',(0.,-1.,0.));
#6394 = PCURVE('',#6395,#6400);
#6395 = PLANE('',#6396);
#6396 = AXIS2_PLACEMENT_3D('',#6397,#6398,#6399);
#6397 = CARTESIAN_POINT('',(1.6,14.243190249582,9.4));
#6398 = DIRECTION('',(1.,0.,0.));
#6399 = DIRECTION('',(0.,0.,-1.));
#6400 = DEFINITIONAL_REPRESENTATION('',(#6401),#6405);
#6401 = LINE('',#6402,#6403);
#6402 = CARTESIAN_POINT('',(0.,0.));
#6403 = VECTOR('',#6404,1.);
#6404 = DIRECTION('',(0.,-1.));
#6405 = ( GEOMETRIC_REPRESENTATION_CONTEXT(2) 
PARAMETRIC_REPRESENTATION_CONTEXT() REPRESENTATION_CONTEXT('2D SPACE',''
  ) );
#6406 = PCURVE('',#6407,#6412);
#6407 = PLANE('',#6408);
#6408 = AXIS2_PLACEMENT_3D('',#6409,#6410,#6411);
#6409 = CARTESIAN_POINT('',(2.2,17.,9.4));
#6410 = DIRECTION('',(0.,0.,1.));
#6411 = DIRECTION('',(1.,0.,-0.));
#6412 = DEFINITIONAL_REPRESENTATION('',(#6413),#6417);
#6413 = LINE('',#6414,#6415);
#6414 = CARTESIAN_POINT('',(-0.6,-2.756809750418));
#6415 = VECTOR('',#6416,1.);
#6416 = DIRECTION('',(0.,-1.));
#6417 = ( GEOMETRIC_REPRESENTATION_CONTEXT(2) 
PARAMETRIC_REPRESENTATION_CONTEXT() REPRESENTATION_CONTEXT('2D SPACE',''
  ) );
#6418 = ORIENTED_EDGE('',*,*,#6419,.T.);
#6419 = EDGE_CURVE('',#6387,#6420,#6422,.T.);
#6420 = VERTEX_POINT('',#6421);
#6421 = CARTESIAN_POINT('',(1.6,9.867479433118,5.));
#6422 = SURFACE_CURVE('',#6423,(#6428,#6436),.PCURVE_S1.);
#6423 = B_SPLINE_CURVE_WITH_KNOTS('',3,(#6424,#6425,#6426,#6427),
  .UNSPECIFIED.,.F.,.F.,(4,4),(5.57402298489E-03,9.984640481616E-03),
  .PIECEWISE_BEZIER_KNOTS.);
#6424 = CARTESIAN_POINT('',(1.6,10.173320053068,9.4));
#6425 = CARTESIAN_POINT('',(1.6,10.071723922791,7.933308813199));
#6426 = CARTESIAN_POINT('',(1.6,9.969855478187,6.466636663651));
#6427 = CARTESIAN_POINT('',(1.6,9.867479433118,5.));
#6428 = PCURVE('',#6395,#6429);
#6429 = DEFINITIONAL_REPRESENTATION('',(#6430),#6435);
#6430 = B_SPLINE_CURVE_WITH_KNOTS('',3,(#6431,#6432,#6433,#6434),
  .UNSPECIFIED.,.F.,.F.,(4,4),(5.57402298489E-03,9.984640481616E-03),
  .PIECEWISE_BEZIER_KNOTS.);
#6431 = CARTESIAN_POINT('',(0.,-4.069870196514));
#6432 = CARTESIAN_POINT('',(1.466691186801,-4.171466326791));
#6433 = CARTESIAN_POINT('',(2.933363336349,-4.273334771395));
#6434 = CARTESIAN_POINT('',(4.4,-4.375710816464));
#6435 = ( GEOMETRIC_REPRESENTATION_CONTEXT(2) 
PARAMETRIC_REPRESENTATION_CONTEXT() REPRESENTATION_CONTEXT('2D SPACE',''
  ) );
#6436 = PCURVE('',#6068,#6437);
#6437 = DEFINITIONAL_REPRESENTATION('',(#6438),#6464);
#6438 = B_SPLINE_CURVE_WITH_KNOTS('',3,(#6439,#6440,#6441,#6442,#6443,
    #6444,#6445,#6446,#6447,#6448,#6449,#6450,#6451,#6452,#6453,#6454,
    #6455,#6456,#6457,#6458,#6459,#6460,#6461,#6462,#6463),
  .UNSPECIFIED.,.F.,.F.,(4,1,1,1,1,1,1,1,1,1,1,1,1,1,1,1,1,1,1,1,1,1,4),
  (5.57402298489E-03,5.774505598378E-03,5.974988211865E-03,
    6.175470825353E-03,6.37595343884E-03,6.576436052328E-03,
    6.776918665816E-03,6.977401279303E-03,7.177883892791E-03,
    7.378366506278E-03,7.578849119766E-03,7.779331733253E-03,
    7.979814346741E-03,8.180296960228E-03,8.380779573716E-03,
    8.581262187203E-03,8.781744800691E-03,8.982227414178E-03,
    9.182710027666E-03,9.383192641154E-03,9.583675254641E-03,
    9.784157868129E-03,9.984640481616E-03),.QUASI_UNIFORM_KNOTS.);
#6439 = CARTESIAN_POINT('',(8.031381238415,3.330326588624E-15));
#6440 = CARTESIAN_POINT('',(8.031860617849,-6.666778120068E-02));
#6441 = CARTESIAN_POINT('',(8.032827177938,-0.200003260996));
#6442 = CARTESIAN_POINT('',(8.034301033012,-0.400006226254));
#6443 = CARTESIAN_POINT('',(8.035799506316,-0.600008930543));
#6444 = CARTESIAN_POINT('',(8.0373232291,-0.800011367033));
#6445 = CARTESIAN_POINT('',(8.038872852026,-1.000013528689));
#6446 = CARTESIAN_POINT('',(8.040449048592,-1.200015408234));
#6447 = CARTESIAN_POINT('',(8.042052515413,-1.400016998143));
#6448 = CARTESIAN_POINT('',(8.0436839734,-1.600018290636));
#6449 = CARTESIAN_POINT('',(8.045344168765,-1.800019277661));
#6450 = CARTESIAN_POINT('',(8.047033874136,-2.000019950889));
#6451 = CARTESIAN_POINT('',(8.048753889722,-2.200020301692));
#6452 = CARTESIAN_POINT('',(8.050505044538,-2.400020321139));
#6453 = CARTESIAN_POINT('',(8.052288197695,-2.600019999976));
#6454 = CARTESIAN_POINT('',(8.054104239758,-2.800019328614));
#6455 = CARTESIAN_POINT('',(8.055954094179,-3.000018297112));
#6456 = CARTESIAN_POINT('',(8.057838718813,-3.200016895161));
#6457 = CARTESIAN_POINT('',(8.059759107482,-3.400015112066));
#6458 = CARTESIAN_POINT('',(8.061716291771,-3.600012936729));
#6459 = CARTESIAN_POINT('',(8.063711342372,-3.800010357632));
#6460 = CARTESIAN_POINT('',(8.065745372561,-4.000007362798));
#6461 = CARTESIAN_POINT('',(8.067819534204,-4.200003939836));
#6462 = CARTESIAN_POINT('',(8.069229872826,-4.333334697064));
#6463 = CARTESIAN_POINT('',(8.069942132659,-4.4));
#6464 = ( GEOMETRIC_REPRESENTATION_CONTEXT(2) 
PARAMETRIC_REPRESENTATION_CONTEXT() REPRESENTATION_CONTEXT('2D SPACE',''
  ) );
#6465 = ORIENTED_EDGE('',*,*,#6466,.F.);
#6466 = EDGE_CURVE('',#6467,#6420,#6469,.T.);
#6467 = VERTEX_POINT('',#6468);
#6468 = CARTESIAN_POINT('',(1.6,14.243190249582,5.));
#6469 = SURFACE_CURVE('',#6470,(#6474,#6481),.PCURVE_S1.);
#6470 = LINE('',#6471,#6472);
#6471 = CARTESIAN_POINT('',(1.6,14.243190249582,5.));
#6472 = VECTOR('',#6473,1.);
#6473 = DIRECTION('',(0.,-1.,0.));
#6474 = PCURVE('',#6395,#6475);
#6475 = DEFINITIONAL_REPRESENTATION('',(#6476),#6480);
#6476 = LINE('',#6477,#6478);
#6477 = CARTESIAN_POINT('',(4.4,0.));
#6478 = VECTOR('',#6479,1.);
#6479 = DIRECTION('',(0.,-1.));
#6480 = ( GEOMETRIC_REPRESENTATION_CONTEXT(2) 
PARAMETRIC_REPRESENTATION_CONTEXT() REPRESENTATION_CONTEXT('2D SPACE',''
  ) );
#6481 = PCURVE('',#4551,#6482);
#6482 = DEFINITIONAL_REPRESENTATION('',(#6483),#6487);
#6483 = LINE('',#6484,#6485);
#6484 = CARTESIAN_POINT('',(-0.6,-2.756809750418));
#6485 = VECTOR('',#6486,1.);
#6486 = DIRECTION('',(0.,-1.));
#6487 = ( GEOMETRIC_REPRESENTATION_CONTEXT(2) 
PARAMETRIC_REPRESENTATION_CONTEXT() REPRESENTATION_CONTEXT('2D SPACE',''
  ) );
#6488 = ORIENTED_EDGE('',*,*,#6489,.F.);
#6489 = EDGE_CURVE('',#6385,#6467,#6490,.T.);
#6490 = SURFACE_CURVE('',#6491,(#6495,#6502),.PCURVE_S1.);
#6491 = LINE('',#6492,#6493);
#6492 = CARTESIAN_POINT('',(1.6,14.243190249582,9.4));
#6493 = VECTOR('',#6494,1.);
#6494 = DIRECTION('',(0.,0.,-1.));
#6495 = PCURVE('',#6395,#6496);
#6496 = DEFINITIONAL_REPRESENTATION('',(#6497),#6501);
#6497 = LINE('',#6498,#6499);
#6498 = CARTESIAN_POINT('',(0.,0.));
#6499 = VECTOR('',#6500,1.);
#6500 = DIRECTION('',(1.,0.));
#6501 = ( GEOMETRIC_REPRESENTATION_CONTEXT(2) 
PARAMETRIC_REPRESENTATION_CONTEXT() REPRESENTATION_CONTEXT('2D SPACE',''
  ) );
#6502 = PCURVE('',#6503,#6508);
#6503 = CYLINDRICAL_SURFACE('',#6504,1.5);
#6504 = AXIS2_PLACEMENT_3D('',#6505,#6506,#6507);
#6505 = CARTESIAN_POINT('',(3.1,14.243190249582,9.4));
#6506 = DIRECTION('',(0.,0.,-1.));
#6507 = DIRECTION('',(-1.,0.,0.));
#6508 = DEFINITIONAL_REPRESENTATION('',(#6509),#6513);
#6509 = LINE('',#6510,#6511);
#6510 = CARTESIAN_POINT('',(0.,0.));
#6511 = VECTOR('',#6512,1.);
#6512 = DIRECTION('',(0.,1.));
#6513 = ( GEOMETRIC_REPRESENTATION_CONTEXT(2) 
PARAMETRIC_REPRESENTATION_CONTEXT() REPRESENTATION_CONTEXT('2D SPACE',''
  ) );
#6514 = ADVANCED_FACE('',(#6515),#5664,.F.);
#6515 = FACE_BOUND('',#6516,.T.);
#6516 = EDGE_LOOP('',(#6517,#6518,#6519,#6547));
#6517 = ORIENTED_EDGE('',*,*,#5649,.F.);
#6518 = ORIENTED_EDGE('',*,*,#6207,.F.);
#6519 = ORIENTED_EDGE('',*,*,#6520,.F.);
#6520 = EDGE_CURVE('',#6521,#6208,#6523,.T.);
#6521 = VERTEX_POINT('',#6522);
#6522 = CARTESIAN_POINT('',(3.6,8.5,4.4));
#6523 = SURFACE_CURVE('',#6524,(#6529,#6540),.PCURVE_S1.);
#6524 = CIRCLE('',#6525,1.7);
#6525 = AXIS2_PLACEMENT_3D('',#6526,#6527,#6528);
#6526 = CARTESIAN_POINT('',(1.9,8.5,4.4));
#6527 = DIRECTION('',(0.,0.,-1.));
#6528 = DIRECTION('',(-1.,0.,0.));
#6529 = PCURVE('',#5664,#6530);
#6530 = DEFINITIONAL_REPRESENTATION('',(#6531),#6539);
#6531 = ( BOUNDED_CURVE() B_SPLINE_CURVE(2,(#6532,#6533,#6534,#6535,
#6536,#6537,#6538),.UNSPECIFIED.,.T.,.F.) B_SPLINE_CURVE_WITH_KNOTS((1,2
    ,2,2,2,1),(-2.094395102393,0.,2.094395102393,4.188790204786,
6.28318530718,8.377580409573),.UNSPECIFIED.) CURVE() 
GEOMETRIC_REPRESENTATION_ITEM() RATIONAL_B_SPLINE_CURVE((1.,0.5,1.,0.5,
1.,0.5,1.)) REPRESENTATION_ITEM('') );
#6532 = CARTESIAN_POINT('',(-2.,-8.5));
#6533 = CARTESIAN_POINT('',(-2.,-5.555513627133));
#6534 = CARTESIAN_POINT('',(0.55,-7.027756813566));
#6535 = CARTESIAN_POINT('',(3.1,-8.5));
#6536 = CARTESIAN_POINT('',(0.55,-9.972243186434));
#6537 = CARTESIAN_POINT('',(-2.,-11.44448637286));
#6538 = CARTESIAN_POINT('',(-2.,-8.5));
#6539 = ( GEOMETRIC_REPRESENTATION_CONTEXT(2) 
PARAMETRIC_REPRESENTATION_CONTEXT() REPRESENTATION_CONTEXT('2D SPACE',''
  ) );
#6540 = PCURVE('',#6293,#6541);
#6541 = DEFINITIONAL_REPRESENTATION('',(#6542),#6546);
#6542 = LINE('',#6543,#6544);
#6543 = CARTESIAN_POINT('',(9.424777960769,-4.214970391699E-17));
#6544 = VECTOR('',#6545,1.);
#6545 = DIRECTION('',(-1.,8.619944029441E-18));
#6546 = ( GEOMETRIC_REPRESENTATION_CONTEXT(2) 
PARAMETRIC_REPRESENTATION_CONTEXT() REPRESENTATION_CONTEXT('2D SPACE',''
  ) );
#6547 = ORIENTED_EDGE('',*,*,#6548,.F.);
#6548 = EDGE_CURVE('',#5489,#6521,#6549,.T.);
#6549 = SURFACE_CURVE('',#6550,(#6554,#6561),.PCURVE_S1.);
#6550 = LINE('',#6551,#6552);
#6551 = CARTESIAN_POINT('',(3.6,0.3,4.4));
#6552 = VECTOR('',#6553,1.);
#6553 = DIRECTION('',(0.,1.,0.));
#6554 = PCURVE('',#5664,#6555);
#6555 = DEFINITIONAL_REPRESENTATION('',(#6556),#6560);
#6556 = LINE('',#6557,#6558);
#6557 = CARTESIAN_POINT('',(1.4,-16.7));
#6558 = VECTOR('',#6559,1.);
#6559 = DIRECTION('',(0.,1.));
#6560 = ( GEOMETRIC_REPRESENTATION_CONTEXT(2) 
PARAMETRIC_REPRESENTATION_CONTEXT() REPRESENTATION_CONTEXT('2D SPACE',''
  ) );
#6561 = PCURVE('',#5530,#6562);
#6562 = DEFINITIONAL_REPRESENTATION('',(#6563),#6567);
#6563 = LINE('',#6564,#6565);
#6564 = CARTESIAN_POINT('',(-5.6,0.));
#6565 = VECTOR('',#6566,1.);
#6566 = DIRECTION('',(0.,1.));
#6567 = ( GEOMETRIC_REPRESENTATION_CONTEXT(2) 
PARAMETRIC_REPRESENTATION_CONTEXT() REPRESENTATION_CONTEXT('2D SPACE',''
  ) );
#6568 = ADVANCED_FACE('',(#6569),#6583,.T.);
#6569 = FACE_BOUND('',#6570,.T.);
#6570 = EDGE_LOOP('',(#6571,#6606,#6653,#6676));
#6571 = ORIENTED_EDGE('',*,*,#6572,.T.);
#6572 = EDGE_CURVE('',#6573,#6575,#6577,.T.);
#6573 = VERTEX_POINT('',#6574);
#6574 = CARTESIAN_POINT('',(1.6,14.243190249582,4.4));
#6575 = VERTEX_POINT('',#6576);
#6576 = CARTESIAN_POINT('',(1.6,10.173320053068,4.4));
#6577 = SURFACE_CURVE('',#6578,(#6582,#6594),.PCURVE_S1.);
#6578 = LINE('',#6579,#6580);
#6579 = CARTESIAN_POINT('',(1.6,14.243190249582,4.4));
#6580 = VECTOR('',#6581,1.);
#6581 = DIRECTION('',(0.,-1.,0.));
#6582 = PCURVE('',#6583,#6588);
#6583 = PLANE('',#6584);
#6584 = AXIS2_PLACEMENT_3D('',#6585,#6586,#6587);
#6585 = CARTESIAN_POINT('',(1.6,14.243190249582,4.4));
#6586 = DIRECTION('',(1.,0.,0.));
#6587 = DIRECTION('',(0.,0.,-1.));
#6588 = DEFINITIONAL_REPRESENTATION('',(#6589),#6593);
#6589 = LINE('',#6590,#6591);
#6590 = CARTESIAN_POINT('',(0.,0.));
#6591 = VECTOR('',#6592,1.);
#6592 = DIRECTION('',(0.,-1.));
#6593 = ( GEOMETRIC_REPRESENTATION_CONTEXT(2) 
PARAMETRIC_REPRESENTATION_CONTEXT() REPRESENTATION_CONTEXT('2D SPACE',''
  ) );
#6594 = PCURVE('',#6595,#6600);
#6595 = PLANE('',#6596);
#6596 = AXIS2_PLACEMENT_3D('',#6597,#6598,#6599);
#6597 = CARTESIAN_POINT('',(2.2,17.,4.4));
#6598 = DIRECTION('',(0.,0.,1.));
#6599 = DIRECTION('',(1.,0.,-0.));
#6600 = DEFINITIONAL_REPRESENTATION('',(#6601),#6605);
#6601 = LINE('',#6602,#6603);
#6602 = CARTESIAN_POINT('',(-0.6,-2.756809750418));
#6603 = VECTOR('',#6604,1.);
#6604 = DIRECTION('',(0.,-1.));
#6605 = ( GEOMETRIC_REPRESENTATION_CONTEXT(2) 
PARAMETRIC_REPRESENTATION_CONTEXT() REPRESENTATION_CONTEXT('2D SPACE',''
  ) );
#6606 = ORIENTED_EDGE('',*,*,#6607,.T.);
#6607 = EDGE_CURVE('',#6575,#6608,#6610,.T.);
#6608 = VERTEX_POINT('',#6609);
#6609 = CARTESIAN_POINT('',(1.6,9.867479433118,0.));
#6610 = SURFACE_CURVE('',#6611,(#6616,#6624),.PCURVE_S1.);
#6611 = B_SPLINE_CURVE_WITH_KNOTS('',3,(#6612,#6613,#6614,#6615),
  .UNSPECIFIED.,.F.,.F.,(4,4),(5.57402298489E-03,9.984640481616E-03),
  .PIECEWISE_BEZIER_KNOTS.);
#6612 = CARTESIAN_POINT('',(1.6,10.173320053068,4.4));
#6613 = CARTESIAN_POINT('',(1.6,10.071723922791,2.933308813199));
#6614 = CARTESIAN_POINT('',(1.6,9.969855478187,1.466636663651));
#6615 = CARTESIAN_POINT('',(1.6,9.867479433118,-2.121542431765E-15));
#6616 = PCURVE('',#6583,#6617);
#6617 = DEFINITIONAL_REPRESENTATION('',(#6618),#6623);
#6618 = B_SPLINE_CURVE_WITH_KNOTS('',3,(#6619,#6620,#6621,#6622),
  .UNSPECIFIED.,.F.,.F.,(4,4),(5.57402298489E-03,9.984640481616E-03),
  .PIECEWISE_BEZIER_KNOTS.);
#6619 = CARTESIAN_POINT('',(0.,-4.069870196514));
#6620 = CARTESIAN_POINT('',(1.466691186801,-4.171466326791));
#6621 = CARTESIAN_POINT('',(2.933363336349,-4.273334771395));
#6622 = CARTESIAN_POINT('',(4.4,-4.375710816464));
#6623 = ( GEOMETRIC_REPRESENTATION_CONTEXT(2) 
PARAMETRIC_REPRESENTATION_CONTEXT() REPRESENTATION_CONTEXT('2D SPACE',''
  ) );
#6624 = PCURVE('',#6293,#6625);
#6625 = DEFINITIONAL_REPRESENTATION('',(#6626),#6652);
#6626 = B_SPLINE_CURVE_WITH_KNOTS('',3,(#6627,#6628,#6629,#6630,#6631,
    #6632,#6633,#6634,#6635,#6636,#6637,#6638,#6639,#6640,#6641,#6642,
    #6643,#6644,#6645,#6646,#6647,#6648,#6649,#6650,#6651),
  .UNSPECIFIED.,.F.,.F.,(4,1,1,1,1,1,1,1,1,1,1,1,1,1,1,1,1,1,1,1,1,1,4),
  (5.57402298489E-03,5.774505598378E-03,5.974988211865E-03,
    6.175470825353E-03,6.37595343884E-03,6.576436052328E-03,
    6.776918665816E-03,6.977401279303E-03,7.177883892791E-03,
    7.378366506278E-03,7.578849119766E-03,7.779331733253E-03,
    7.979814346741E-03,8.180296960228E-03,8.380779573716E-03,
    8.581262187203E-03,8.781744800691E-03,8.982227414178E-03,
    9.182710027666E-03,9.383192641154E-03,9.583675254641E-03,
    9.784157868129E-03,9.984640481616E-03),.QUASI_UNIFORM_KNOTS.);
#6627 = CARTESIAN_POINT('',(8.031381238415,3.330326588624E-15));
#6628 = CARTESIAN_POINT('',(8.031860617849,-6.666778120068E-02));
#6629 = CARTESIAN_POINT('',(8.032827177938,-0.200003260996));
#6630 = CARTESIAN_POINT('',(8.034301033012,-0.400006226254));
#6631 = CARTESIAN_POINT('',(8.035799506316,-0.600008930543));
#6632 = CARTESIAN_POINT('',(8.0373232291,-0.800011367033));
#6633 = CARTESIAN_POINT('',(8.038872852026,-1.000013528689));
#6634 = CARTESIAN_POINT('',(8.040449048592,-1.200015408234));
#6635 = CARTESIAN_POINT('',(8.042052515413,-1.400016998143));
#6636 = CARTESIAN_POINT('',(8.0436839734,-1.600018290636));
#6637 = CARTESIAN_POINT('',(8.045344168765,-1.800019277661));
#6638 = CARTESIAN_POINT('',(8.047033874136,-2.000019950889));
#6639 = CARTESIAN_POINT('',(8.048753889722,-2.200020301692));
#6640 = CARTESIAN_POINT('',(8.050505044538,-2.400020321139));
#6641 = CARTESIAN_POINT('',(8.052288197695,-2.600019999976));
#6642 = CARTESIAN_POINT('',(8.054104239758,-2.800019328614));
#6643 = CARTESIAN_POINT('',(8.055954094179,-3.000018297112));
#6644 = CARTESIAN_POINT('',(8.057838718813,-3.200016895161));
#6645 = CARTESIAN_POINT('',(8.059759107482,-3.400015112066));
#6646 = CARTESIAN_POINT('',(8.061716291771,-3.600012936729));
#6647 = CARTESIAN_POINT('',(8.063711342372,-3.800010357632));
#6648 = CARTESIAN_POINT('',(8.065745372561,-4.000007362798));
#6649 = CARTESIAN_POINT('',(8.067819534204,-4.200003939836));
#6650 = CARTESIAN_POINT('',(8.069229872826,-4.333334697064));
#6651 = CARTESIAN_POINT('',(8.069942132659,-4.4));
#6652 = ( GEOMETRIC_REPRESENTATION_CONTEXT(2) 
PARAMETRIC_REPRESENTATION_CONTEXT() REPRESENTATION_CONTEXT('2D SPACE',''
  ) );
#6653 = ORIENTED_EDGE('',*,*,#6654,.F.);
#6654 = EDGE_CURVE('',#6655,#6608,#6657,.T.);
#6655 = VERTEX_POINT('',#6656);
#6656 = CARTESIAN_POINT('',(1.6,14.243190249582,0.));
#6657 = SURFACE_CURVE('',#6658,(#6662,#6669),.PCURVE_S1.);
#6658 = LINE('',#6659,#6660);
#6659 = CARTESIAN_POINT('',(1.6,14.243190249582,0.));
#6660 = VECTOR('',#6661,1.);
#6661 = DIRECTION('',(0.,-1.,0.));
#6662 = PCURVE('',#6583,#6663);
#6663 = DEFINITIONAL_REPRESENTATION('',(#6664),#6668);
#6664 = LINE('',#6665,#6666);
#6665 = CARTESIAN_POINT('',(4.4,0.));
#6666 = VECTOR('',#6667,1.);
#6667 = DIRECTION('',(0.,-1.));
#6668 = ( GEOMETRIC_REPRESENTATION_CONTEXT(2) 
PARAMETRIC_REPRESENTATION_CONTEXT() REPRESENTATION_CONTEXT('2D SPACE',''
  ) );
#6669 = PCURVE('',#4951,#6670);
#6670 = DEFINITIONAL_REPRESENTATION('',(#6671),#6675);
#6671 = LINE('',#6672,#6673);
#6672 = CARTESIAN_POINT('',(-0.6,-2.756809750418));
#6673 = VECTOR('',#6674,1.);
#6674 = DIRECTION('',(0.,-1.));
#6675 = ( GEOMETRIC_REPRESENTATION_CONTEXT(2) 
PARAMETRIC_REPRESENTATION_CONTEXT() REPRESENTATION_CONTEXT('2D SPACE',''
  ) );
#6676 = ORIENTED_EDGE('',*,*,#6677,.F.);
#6677 = EDGE_CURVE('',#6573,#6655,#6678,.T.);
#6678 = SURFACE_CURVE('',#6679,(#6683,#6690),.PCURVE_S1.);
#6679 = LINE('',#6680,#6681);
#6680 = CARTESIAN_POINT('',(1.6,14.243190249582,4.4));
#6681 = VECTOR('',#6682,1.);
#6682 = DIRECTION('',(0.,0.,-1.));
#6683 = PCURVE('',#6583,#6684);
#6684 = DEFINITIONAL_REPRESENTATION('',(#6685),#6689);
#6685 = LINE('',#6686,#6687);
#6686 = CARTESIAN_POINT('',(0.,0.));
#6687 = VECTOR('',#6688,1.);
#6688 = DIRECTION('',(1.,0.));
#6689 = ( GEOMETRIC_REPRESENTATION_CONTEXT(2) 
PARAMETRIC_REPRESENTATION_CONTEXT() REPRESENTATION_CONTEXT('2D SPACE',''
  ) );
#6690 = PCURVE('',#6691,#6696);
#6691 = CYLINDRICAL_SURFACE('',#6692,1.5);
#6692 = AXIS2_PLACEMENT_3D('',#6693,#6694,#6695);
#6693 = CARTESIAN_POINT('',(3.1,14.243190249582,4.4));
#6694 = DIRECTION('',(0.,0.,-1.));
#6695 = DIRECTION('',(-1.,0.,0.));
#6696 = DEFINITIONAL_REPRESENTATION('',(#6697),#6701);
#6697 = LINE('',#6698,#6699);
#6698 = CARTESIAN_POINT('',(0.,0.));
#6699 = VECTOR('',#6700,1.);
#6700 = DIRECTION('',(0.,1.));
#6701 = ( GEOMETRIC_REPRESENTATION_CONTEXT(2) 
PARAMETRIC_REPRESENTATION_CONTEXT() REPRESENTATION_CONTEXT('2D SPACE',''
  ) );
#6702 = ADVANCED_FACE('',(#6703),#4773,.F.);
#6703 = FACE_BOUND('',#6704,.T.);
#6704 = EDGE_LOOP('',(#6705,#6727,#6750,#6779,#6808,#6836,#6857));
#6705 = ORIENTED_EDGE('',*,*,#6706,.T.);
#6706 = EDGE_CURVE('',#4711,#5929,#6707,.T.);
#6707 = SURFACE_CURVE('',#6708,(#6713,#6720),.PCURVE_S1.);
#6708 = CIRCLE('',#6709,1.9);
#6709 = AXIS2_PLACEMENT_3D('',#6710,#6711,#6712);
#6710 = CARTESIAN_POINT('',(-4.2,1.9,9.4));
#6711 = DIRECTION('',(0.,0.,1.));
#6712 = DIRECTION('',(1.,0.,-0.));
#6713 = PCURVE('',#4773,#6714);
#6714 = DEFINITIONAL_REPRESENTATION('',(#6715),#6719);
#6715 = CIRCLE('',#6716,1.9);
#6716 = AXIS2_PLACEMENT_2D('',#6717,#6718);
#6717 = CARTESIAN_POINT('',(-6.4,-15.1));
#6718 = DIRECTION('',(1.,0.));
#6719 = ( GEOMETRIC_REPRESENTATION_CONTEXT(2) 
PARAMETRIC_REPRESENTATION_CONTEXT() REPRESENTATION_CONTEXT('2D SPACE',''
  ) );
#6720 = PCURVE('',#4503,#6721);
#6721 = DEFINITIONAL_REPRESENTATION('',(#6722),#6726);
#6722 = LINE('',#6723,#6724);
#6723 = CARTESIAN_POINT('',(0.,4.4));
#6724 = VECTOR('',#6725,1.);
#6725 = DIRECTION('',(1.,0.));
#6726 = ( GEOMETRIC_REPRESENTATION_CONTEXT(2) 
PARAMETRIC_REPRESENTATION_CONTEXT() REPRESENTATION_CONTEXT('2D SPACE',''
  ) );
#6727 = ORIENTED_EDGE('',*,*,#6728,.F.);
#6728 = EDGE_CURVE('',#6729,#5929,#6731,.T.);
#6729 = VERTEX_POINT('',#6730);
#6730 = CARTESIAN_POINT('',(-11.7,-1.301042606983E-15,9.4));
#6731 = SURFACE_CURVE('',#6732,(#6736,#6743),.PCURVE_S1.);
#6732 = LINE('',#6733,#6734);
#6733 = CARTESIAN_POINT('',(-12.8,0.,9.4));
#6734 = VECTOR('',#6735,1.);
#6735 = DIRECTION('',(1.,0.,0.));
#6736 = PCURVE('',#4773,#6737);
#6737 = DEFINITIONAL_REPRESENTATION('',(#6738),#6742);
#6738 = LINE('',#6739,#6740);
#6739 = CARTESIAN_POINT('',(-15.,-17.));
#6740 = VECTOR('',#6741,1.);
#6741 = DIRECTION('',(1.,0.));
#6742 = ( GEOMETRIC_REPRESENTATION_CONTEXT(2) 
PARAMETRIC_REPRESENTATION_CONTEXT() REPRESENTATION_CONTEXT('2D SPACE',''
  ) );
#6743 = PCURVE('',#5944,#6744);
#6744 = DEFINITIONAL_REPRESENTATION('',(#6745),#6749);
#6745 = LINE('',#6746,#6747);
#6746 = CARTESIAN_POINT('',(-0.6,0.));
#6747 = VECTOR('',#6748,1.);
#6748 = DIRECTION('',(0.,1.));
#6749 = ( GEOMETRIC_REPRESENTATION_CONTEXT(2) 
PARAMETRIC_REPRESENTATION_CONTEXT() REPRESENTATION_CONTEXT('2D SPACE',''
  ) );
#6750 = ORIENTED_EDGE('',*,*,#6751,.T.);
#6751 = EDGE_CURVE('',#6729,#6752,#6754,.T.);
#6752 = VERTEX_POINT('',#6753);
#6753 = CARTESIAN_POINT('',(-10.40216526475,0.875,9.4));
#6754 = SURFACE_CURVE('',#6755,(#6760,#6767),.PCURVE_S1.);
#6755 = CIRCLE('',#6756,1.4);
#6756 = AXIS2_PLACEMENT_3D('',#6757,#6758,#6759);
#6757 = CARTESIAN_POINT('',(-11.7,1.4,9.4));
#6758 = DIRECTION('',(0.,0.,1.));
#6759 = DIRECTION('',(1.,0.,-0.));
#6760 = PCURVE('',#4773,#6761);
#6761 = DEFINITIONAL_REPRESENTATION('',(#6762),#6766);
#6762 = CIRCLE('',#6763,1.4);
#6763 = AXIS2_PLACEMENT_2D('',#6764,#6765);
#6764 = CARTESIAN_POINT('',(-13.9,-15.6));
#6765 = DIRECTION('',(1.,0.));
#6766 = ( GEOMETRIC_REPRESENTATION_CONTEXT(2) 
PARAMETRIC_REPRESENTATION_CONTEXT() REPRESENTATION_CONTEXT('2D SPACE',''
  ) );
#6767 = PCURVE('',#6768,#6773);
#6768 = CYLINDRICAL_SURFACE('',#6769,1.4);
#6769 = AXIS2_PLACEMENT_3D('',#6770,#6771,#6772);
#6770 = CARTESIAN_POINT('',(-11.7,1.4,9.4));
#6771 = DIRECTION('',(0.,0.,-1.));
#6772 = DIRECTION('',(-1.,0.,0.));
#6773 = DEFINITIONAL_REPRESENTATION('',(#6774),#6778);
#6774 = LINE('',#6775,#6776);
#6775 = CARTESIAN_POINT('',(9.424777960769,0.));
#6776 = VECTOR('',#6777,1.);
#6777 = DIRECTION('',(-1.,0.));
#6778 = ( GEOMETRIC_REPRESENTATION_CONTEXT(2) 
PARAMETRIC_REPRESENTATION_CONTEXT() REPRESENTATION_CONTEXT('2D SPACE',''
  ) );
#6779 = ORIENTED_EDGE('',*,*,#6780,.F.);
#6780 = EDGE_CURVE('',#6781,#6752,#6783,.T.);
#6781 = VERTEX_POINT('',#6782);
#6782 = CARTESIAN_POINT('',(-10.21676030258,1.,9.4));
#6783 = SURFACE_CURVE('',#6784,(#6789,#6796),.PCURVE_S1.);
#6784 = CIRCLE('',#6785,0.2);
#6785 = AXIS2_PLACEMENT_3D('',#6786,#6787,#6788);
#6786 = CARTESIAN_POINT('',(-10.21676030258,0.8,9.4));
#6787 = DIRECTION('',(0.,0.,1.));
#6788 = DIRECTION('',(1.,0.,-0.));
#6789 = PCURVE('',#4773,#6790);
#6790 = DEFINITIONAL_REPRESENTATION('',(#6791),#6795);
#6791 = CIRCLE('',#6792,0.2);
#6792 = AXIS2_PLACEMENT_2D('',#6793,#6794);
#6793 = CARTESIAN_POINT('',(-12.41676030258,-16.2));
#6794 = DIRECTION('',(1.,0.));
#6795 = ( GEOMETRIC_REPRESENTATION_CONTEXT(2) 
PARAMETRIC_REPRESENTATION_CONTEXT() REPRESENTATION_CONTEXT('2D SPACE',''
  ) );
#6796 = PCURVE('',#6797,#6802);
#6797 = CYLINDRICAL_SURFACE('',#6798,0.2);
#6798 = AXIS2_PLACEMENT_3D('',#6799,#6800,#6801);
#6799 = CARTESIAN_POINT('',(-10.21676030258,0.8,9.4));
#6800 = DIRECTION('',(0.,0.,-1.));
#6801 = DIRECTION('',(-1.,0.,0.));
#6802 = DEFINITIONAL_REPRESENTATION('',(#6803),#6807);
#6803 = LINE('',#6804,#6805);
#6804 = CARTESIAN_POINT('',(3.14159265359,0.));
#6805 = VECTOR('',#6806,1.);
#6806 = DIRECTION('',(-1.,0.));
#6807 = ( GEOMETRIC_REPRESENTATION_CONTEXT(2) 
PARAMETRIC_REPRESENTATION_CONTEXT() REPRESENTATION_CONTEXT('2D SPACE',''
  ) );
#6808 = ORIENTED_EDGE('',*,*,#6809,.F.);
#6809 = EDGE_CURVE('',#6810,#6781,#6812,.T.);
#6810 = VERTEX_POINT('',#6811);
#6811 = CARTESIAN_POINT('',(-8.75,1.,9.4));
#6812 = SURFACE_CURVE('',#6813,(#6817,#6824),.PCURVE_S1.);
#6813 = LINE('',#6814,#6815);
#6814 = CARTESIAN_POINT('',(-8.75,1.,9.4));
#6815 = VECTOR('',#6816,1.);
#6816 = DIRECTION('',(-1.,0.,0.));
#6817 = PCURVE('',#4773,#6818);
#6818 = DEFINITIONAL_REPRESENTATION('',(#6819),#6823);
#6819 = LINE('',#6820,#6821);
#6820 = CARTESIAN_POINT('',(-10.95,-16.));
#6821 = VECTOR('',#6822,1.);
#6822 = DIRECTION('',(-1.,0.));
#6823 = ( GEOMETRIC_REPRESENTATION_CONTEXT(2) 
PARAMETRIC_REPRESENTATION_CONTEXT() REPRESENTATION_CONTEXT('2D SPACE',''
  ) );
#6824 = PCURVE('',#6825,#6830);
#6825 = PLANE('',#6826);
#6826 = AXIS2_PLACEMENT_3D('',#6827,#6828,#6829);
#6827 = CARTESIAN_POINT('',(-8.75,1.,9.4));
#6828 = DIRECTION('',(0.,-1.,0.));
#6829 = DIRECTION('',(0.,0.,-1.));
#6830 = DEFINITIONAL_REPRESENTATION('',(#6831),#6835);
#6831 = LINE('',#6832,#6833);
#6832 = CARTESIAN_POINT('',(0.,0.));
#6833 = VECTOR('',#6834,1.);
#6834 = DIRECTION('',(0.,-1.));
#6835 = ( GEOMETRIC_REPRESENTATION_CONTEXT(2) 
PARAMETRIC_REPRESENTATION_CONTEXT() REPRESENTATION_CONTEXT('2D SPACE',''
  ) );
#6836 = ORIENTED_EDGE('',*,*,#6837,.F.);
#6837 = EDGE_CURVE('',#4758,#6810,#6838,.T.);
#6838 = SURFACE_CURVE('',#6839,(#6843,#6850),.PCURVE_S1.);
#6839 = LINE('',#6840,#6841);
#6840 = CARTESIAN_POINT('',(-8.75,2.1,9.4));
#6841 = VECTOR('',#6842,1.);
#6842 = DIRECTION('',(1.577021341797E-15,-1.,0.));
#6843 = PCURVE('',#4773,#6844);
#6844 = DEFINITIONAL_REPRESENTATION('',(#6845),#6849);
#6845 = LINE('',#6846,#6847);
#6846 = CARTESIAN_POINT('',(-10.95,-14.9));
#6847 = VECTOR('',#6848,1.);
#6848 = DIRECTION('',(1.577021341797E-15,-1.));
#6849 = ( GEOMETRIC_REPRESENTATION_CONTEXT(2) 
PARAMETRIC_REPRESENTATION_CONTEXT() REPRESENTATION_CONTEXT('2D SPACE',''
  ) );
#6850 = PCURVE('',#4799,#6851);
#6851 = DEFINITIONAL_REPRESENTATION('',(#6852),#6856);
#6852 = LINE('',#6853,#6854);
#6853 = CARTESIAN_POINT('',(0.,0.));
#6854 = VECTOR('',#6855,1.);
#6855 = DIRECTION('',(-1.,0.));
#6856 = ( GEOMETRIC_REPRESENTATION_CONTEXT(2) 
PARAMETRIC_REPRESENTATION_CONTEXT() REPRESENTATION_CONTEXT('2D SPACE',''
  ) );
#6857 = ORIENTED_EDGE('',*,*,#4757,.F.);
#6858 = ADVANCED_FACE('',(#6859),#5031,.F.);
#6859 = FACE_BOUND('',#6860,.T.);
#6860 = EDGE_LOOP('',(#6861,#6883,#6906,#6935,#6964,#6992,#7013));
#6861 = ORIENTED_EDGE('',*,*,#6862,.T.);
#6862 = EDGE_CURVE('',#4964,#6159,#6863,.T.);
#6863 = SURFACE_CURVE('',#6864,(#6869,#6876),.PCURVE_S1.);
#6864 = CIRCLE('',#6865,1.9);
#6865 = AXIS2_PLACEMENT_3D('',#6866,#6867,#6868);
#6866 = CARTESIAN_POINT('',(-4.2,1.9,4.4));
#6867 = DIRECTION('',(0.,0.,1.));
#6868 = DIRECTION('',(1.,0.,-0.));
#6869 = PCURVE('',#5031,#6870);
#6870 = DEFINITIONAL_REPRESENTATION('',(#6871),#6875);
#6871 = CIRCLE('',#6872,1.9);
#6872 = AXIS2_PLACEMENT_2D('',#6873,#6874);
#6873 = CARTESIAN_POINT('',(-6.4,-15.1));
#6874 = DIRECTION('',(1.,0.));
#6875 = ( GEOMETRIC_REPRESENTATION_CONTEXT(2) 
PARAMETRIC_REPRESENTATION_CONTEXT() REPRESENTATION_CONTEXT('2D SPACE',''
  ) );
#6876 = PCURVE('',#4981,#6877);
#6877 = DEFINITIONAL_REPRESENTATION('',(#6878),#6882);
#6878 = LINE('',#6879,#6880);
#6879 = CARTESIAN_POINT('',(0.,4.4));
#6880 = VECTOR('',#6881,1.);
#6881 = DIRECTION('',(1.,0.));
#6882 = ( GEOMETRIC_REPRESENTATION_CONTEXT(2) 
PARAMETRIC_REPRESENTATION_CONTEXT() REPRESENTATION_CONTEXT('2D SPACE',''
  ) );
#6883 = ORIENTED_EDGE('',*,*,#6884,.F.);
#6884 = EDGE_CURVE('',#6885,#6159,#6887,.T.);
#6885 = VERTEX_POINT('',#6886);
#6886 = CARTESIAN_POINT('',(-11.7,-1.301042606983E-15,4.4));
#6887 = SURFACE_CURVE('',#6888,(#6892,#6899),.PCURVE_S1.);
#6888 = LINE('',#6889,#6890);
#6889 = CARTESIAN_POINT('',(-12.8,0.,4.4));
#6890 = VECTOR('',#6891,1.);
#6891 = DIRECTION('',(1.,0.,0.));
#6892 = PCURVE('',#5031,#6893);
#6893 = DEFINITIONAL_REPRESENTATION('',(#6894),#6898);
#6894 = LINE('',#6895,#6896);
#6895 = CARTESIAN_POINT('',(-15.,-17.));
#6896 = VECTOR('',#6897,1.);
#6897 = DIRECTION('',(1.,0.));
#6898 = ( GEOMETRIC_REPRESENTATION_CONTEXT(2) 
PARAMETRIC_REPRESENTATION_CONTEXT() REPRESENTATION_CONTEXT('2D SPACE',''
  ) );
#6899 = PCURVE('',#5944,#6900);
#6900 = DEFINITIONAL_REPRESENTATION('',(#6901),#6905);
#6901 = LINE('',#6902,#6903);
#6902 = CARTESIAN_POINT('',(-5.6,0.));
#6903 = VECTOR('',#6904,1.);
#6904 = DIRECTION('',(0.,1.));
#6905 = ( GEOMETRIC_REPRESENTATION_CONTEXT(2) 
PARAMETRIC_REPRESENTATION_CONTEXT() REPRESENTATION_CONTEXT('2D SPACE',''
  ) );
#6906 = ORIENTED_EDGE('',*,*,#6907,.T.);
#6907 = EDGE_CURVE('',#6885,#6908,#6910,.T.);
#6908 = VERTEX_POINT('',#6909);
#6909 = CARTESIAN_POINT('',(-10.40216526475,0.875,4.4));
#6910 = SURFACE_CURVE('',#6911,(#6916,#6923),.PCURVE_S1.);
#6911 = CIRCLE('',#6912,1.4);
#6912 = AXIS2_PLACEMENT_3D('',#6913,#6914,#6915);
#6913 = CARTESIAN_POINT('',(-11.7,1.4,4.4));
#6914 = DIRECTION('',(0.,0.,1.));
#6915 = DIRECTION('',(1.,0.,-0.));
#6916 = PCURVE('',#5031,#6917);
#6917 = DEFINITIONAL_REPRESENTATION('',(#6918),#6922);
#6918 = CIRCLE('',#6919,1.4);
#6919 = AXIS2_PLACEMENT_2D('',#6920,#6921);
#6920 = CARTESIAN_POINT('',(-13.9,-15.6));
#6921 = DIRECTION('',(1.,0.));
#6922 = ( GEOMETRIC_REPRESENTATION_CONTEXT(2) 
PARAMETRIC_REPRESENTATION_CONTEXT() REPRESENTATION_CONTEXT('2D SPACE',''
  ) );
#6923 = PCURVE('',#6924,#6929);
#6924 = CYLINDRICAL_SURFACE('',#6925,1.4);
#6925 = AXIS2_PLACEMENT_3D('',#6926,#6927,#6928);
#6926 = CARTESIAN_POINT('',(-11.7,1.4,4.4));
#6927 = DIRECTION('',(0.,0.,-1.));
#6928 = DIRECTION('',(-1.,0.,0.));
#6929 = DEFINITIONAL_REPRESENTATION('',(#6930),#6934);
#6930 = LINE('',#6931,#6932);
#6931 = CARTESIAN_POINT('',(9.424777960769,0.));
#6932 = VECTOR('',#6933,1.);
#6933 = DIRECTION('',(-1.,0.));
#6934 = ( GEOMETRIC_REPRESENTATION_CONTEXT(2) 
PARAMETRIC_REPRESENTATION_CONTEXT() REPRESENTATION_CONTEXT('2D SPACE',''
  ) );
#6935 = ORIENTED_EDGE('',*,*,#6936,.F.);
#6936 = EDGE_CURVE('',#6937,#6908,#6939,.T.);
#6937 = VERTEX_POINT('',#6938);
#6938 = CARTESIAN_POINT('',(-10.21676030258,1.,4.4));
#6939 = SURFACE_CURVE('',#6940,(#6945,#6952),.PCURVE_S1.);
#6940 = CIRCLE('',#6941,0.2);
#6941 = AXIS2_PLACEMENT_3D('',#6942,#6943,#6944);
#6942 = CARTESIAN_POINT('',(-10.21676030258,0.8,4.4));
#6943 = DIRECTION('',(0.,0.,1.));
#6944 = DIRECTION('',(1.,0.,-0.));
#6945 = PCURVE('',#5031,#6946);
#6946 = DEFINITIONAL_REPRESENTATION('',(#6947),#6951);
#6947 = CIRCLE('',#6948,0.2);
#6948 = AXIS2_PLACEMENT_2D('',#6949,#6950);
#6949 = CARTESIAN_POINT('',(-12.41676030258,-16.2));
#6950 = DIRECTION('',(1.,0.));
#6951 = ( GEOMETRIC_REPRESENTATION_CONTEXT(2) 
PARAMETRIC_REPRESENTATION_CONTEXT() REPRESENTATION_CONTEXT('2D SPACE',''
  ) );
#6952 = PCURVE('',#6953,#6958);
#6953 = CYLINDRICAL_SURFACE('',#6954,0.2);
#6954 = AXIS2_PLACEMENT_3D('',#6955,#6956,#6957);
#6955 = CARTESIAN_POINT('',(-10.21676030258,0.8,4.4));
#6956 = DIRECTION('',(0.,0.,-1.));
#6957 = DIRECTION('',(-1.,0.,0.));
#6958 = DEFINITIONAL_REPRESENTATION('',(#6959),#6963);
#6959 = LINE('',#6960,#6961);
#6960 = CARTESIAN_POINT('',(3.14159265359,0.));
#6961 = VECTOR('',#6962,1.);
#6962 = DIRECTION('',(-1.,0.));
#6963 = ( GEOMETRIC_REPRESENTATION_CONTEXT(2) 
PARAMETRIC_REPRESENTATION_CONTEXT() REPRESENTATION_CONTEXT('2D SPACE',''
  ) );
#6964 = ORIENTED_EDGE('',*,*,#6965,.F.);
#6965 = EDGE_CURVE('',#6966,#6937,#6968,.T.);
#6966 = VERTEX_POINT('',#6967);
#6967 = CARTESIAN_POINT('',(-8.75,1.,4.4));
#6968 = SURFACE_CURVE('',#6969,(#6973,#6980),.PCURVE_S1.);
#6969 = LINE('',#6970,#6971);
#6970 = CARTESIAN_POINT('',(-8.75,1.,4.4));
#6971 = VECTOR('',#6972,1.);
#6972 = DIRECTION('',(-1.,0.,0.));
#6973 = PCURVE('',#5031,#6974);
#6974 = DEFINITIONAL_REPRESENTATION('',(#6975),#6979);
#6975 = LINE('',#6976,#6977);
#6976 = CARTESIAN_POINT('',(-10.95,-16.));
#6977 = VECTOR('',#6978,1.);
#6978 = DIRECTION('',(-1.,0.));
#6979 = ( GEOMETRIC_REPRESENTATION_CONTEXT(2) 
PARAMETRIC_REPRESENTATION_CONTEXT() REPRESENTATION_CONTEXT('2D SPACE',''
  ) );
#6980 = PCURVE('',#6981,#6986);
#6981 = PLANE('',#6982);
#6982 = AXIS2_PLACEMENT_3D('',#6983,#6984,#6985);
#6983 = CARTESIAN_POINT('',(-8.75,1.,4.4));
#6984 = DIRECTION('',(0.,-1.,0.));
#6985 = DIRECTION('',(0.,0.,-1.));
#6986 = DEFINITIONAL_REPRESENTATION('',(#6987),#6991);
#6987 = LINE('',#6988,#6989);
#6988 = CARTESIAN_POINT('',(0.,0.));
#6989 = VECTOR('',#6990,1.);
#6990 = DIRECTION('',(0.,-1.));
#6991 = ( GEOMETRIC_REPRESENTATION_CONTEXT(2) 
PARAMETRIC_REPRESENTATION_CONTEXT() REPRESENTATION_CONTEXT('2D SPACE',''
  ) );
#6992 = ORIENTED_EDGE('',*,*,#6993,.F.);
#6993 = EDGE_CURVE('',#5016,#6966,#6994,.T.);
#6994 = SURFACE_CURVE('',#6995,(#6999,#7006),.PCURVE_S1.);
#6995 = LINE('',#6996,#6997);
#6996 = CARTESIAN_POINT('',(-8.75,2.1,4.4));
#6997 = VECTOR('',#6998,1.);
#6998 = DIRECTION('',(1.577021341797E-15,-1.,0.));
#6999 = PCURVE('',#5031,#7000);
#7000 = DEFINITIONAL_REPRESENTATION('',(#7001),#7005);
#7001 = LINE('',#7002,#7003);
#7002 = CARTESIAN_POINT('',(-10.95,-14.9));
#7003 = VECTOR('',#7004,1.);
#7004 = DIRECTION('',(1.577021341797E-15,-1.));
#7005 = ( GEOMETRIC_REPRESENTATION_CONTEXT(2) 
PARAMETRIC_REPRESENTATION_CONTEXT() REPRESENTATION_CONTEXT('2D SPACE',''
  ) );
#7006 = PCURVE('',#5057,#7007);
#7007 = DEFINITIONAL_REPRESENTATION('',(#7008),#7012);
#7008 = LINE('',#7009,#7010);
#7009 = CARTESIAN_POINT('',(0.,0.));
#7010 = VECTOR('',#7011,1.);
#7011 = DIRECTION('',(-1.,0.));
#7012 = ( GEOMETRIC_REPRESENTATION_CONTEXT(2) 
PARAMETRIC_REPRESENTATION_CONTEXT() REPRESENTATION_CONTEXT('2D SPACE',''
  ) );
#7013 = ORIENTED_EDGE('',*,*,#5015,.F.);
#7014 = ADVANCED_FACE('',(#7015),#6146,.T.);
#7015 = FACE_BOUND('',#7016,.T.);
#7016 = EDGE_LOOP('',(#7017,#7043,#7064,#7065));
#7017 = ORIENTED_EDGE('',*,*,#7018,.F.);
#7018 = EDGE_CURVE('',#7019,#7021,#7023,.T.);
#7019 = VERTEX_POINT('',#7020);
#7020 = CARTESIAN_POINT('',(3.3,0.,5.));
#7021 = VERTEX_POINT('',#7022);
#7022 = CARTESIAN_POINT('',(3.6,0.3,5.));
#7023 = SURFACE_CURVE('',#7024,(#7029,#7036),.PCURVE_S1.);
#7024 = CIRCLE('',#7025,0.3);
#7025 = AXIS2_PLACEMENT_3D('',#7026,#7027,#7028);
#7026 = CARTESIAN_POINT('',(3.3,0.3,5.));
#7027 = DIRECTION('',(0.,0.,1.));
#7028 = DIRECTION('',(1.,0.,-0.));
#7029 = PCURVE('',#6146,#7030);
#7030 = DEFINITIONAL_REPRESENTATION('',(#7031),#7035);
#7031 = LINE('',#7032,#7033);
#7032 = CARTESIAN_POINT('',(9.424777960769,5.));
#7033 = VECTOR('',#7034,1.);
#7034 = DIRECTION('',(-1.,0.));
#7035 = ( GEOMETRIC_REPRESENTATION_CONTEXT(2) 
PARAMETRIC_REPRESENTATION_CONTEXT() REPRESENTATION_CONTEXT('2D SPACE',''
  ) );
#7036 = PCURVE('',#4551,#7037);
#7037 = DEFINITIONAL_REPRESENTATION('',(#7038),#7042);
#7038 = CIRCLE('',#7039,0.3);
#7039 = AXIS2_PLACEMENT_2D('',#7040,#7041);
#7040 = CARTESIAN_POINT('',(1.1,-16.7));
#7041 = DIRECTION('',(1.,0.));
#7042 = ( GEOMETRIC_REPRESENTATION_CONTEXT(2) 
PARAMETRIC_REPRESENTATION_CONTEXT() REPRESENTATION_CONTEXT('2D SPACE',''
  ) );
#7043 = ORIENTED_EDGE('',*,*,#7044,.T.);
#7044 = EDGE_CURVE('',#7019,#6130,#7045,.T.);
#7045 = SURFACE_CURVE('',#7046,(#7050,#7057),.PCURVE_S1.);
#7046 = LINE('',#7047,#7048);
#7047 = CARTESIAN_POINT('',(3.3,0.,10.));
#7048 = VECTOR('',#7049,1.);
#7049 = DIRECTION('',(0.,0.,-1.));
#7050 = PCURVE('',#6146,#7051);
#7051 = DEFINITIONAL_REPRESENTATION('',(#7052),#7056);
#7052 = LINE('',#7053,#7054);
#7053 = CARTESIAN_POINT('',(4.712388980385,0.));
#7054 = VECTOR('',#7055,1.);
#7055 = DIRECTION('',(0.,1.));
#7056 = ( GEOMETRIC_REPRESENTATION_CONTEXT(2) 
PARAMETRIC_REPRESENTATION_CONTEXT() REPRESENTATION_CONTEXT('2D SPACE',''
  ) );
#7057 = PCURVE('',#5944,#7058);
#7058 = DEFINITIONAL_REPRESENTATION('',(#7059),#7063);
#7059 = LINE('',#7060,#7061);
#7060 = CARTESIAN_POINT('',(0.,16.1));
#7061 = VECTOR('',#7062,1.);
#7062 = DIRECTION('',(-1.,0.));
#7063 = ( GEOMETRIC_REPRESENTATION_CONTEXT(2) 
PARAMETRIC_REPRESENTATION_CONTEXT() REPRESENTATION_CONTEXT('2D SPACE',''
  ) );
#7064 = ORIENTED_EDGE('',*,*,#6129,.T.);
#7065 = ORIENTED_EDGE('',*,*,#7066,.F.);
#7066 = EDGE_CURVE('',#7021,#6107,#7067,.T.);
#7067 = SURFACE_CURVE('',#7068,(#7072,#7079),.PCURVE_S1.);
#7068 = LINE('',#7069,#7070);
#7069 = CARTESIAN_POINT('',(3.6,0.3,10.));
#7070 = VECTOR('',#7071,1.);
#7071 = DIRECTION('',(0.,0.,-1.));
#7072 = PCURVE('',#6146,#7073);
#7073 = DEFINITIONAL_REPRESENTATION('',(#7074),#7078);
#7074 = LINE('',#7075,#7076);
#7075 = CARTESIAN_POINT('',(3.14159265359,0.));
#7076 = VECTOR('',#7077,1.);
#7077 = DIRECTION('',(0.,1.));
#7078 = ( GEOMETRIC_REPRESENTATION_CONTEXT(2) 
PARAMETRIC_REPRESENTATION_CONTEXT() REPRESENTATION_CONTEXT('2D SPACE',''
  ) );
#7079 = PCURVE('',#5530,#7080);
#7080 = DEFINITIONAL_REPRESENTATION('',(#7081),#7085);
#7081 = LINE('',#7082,#7083);
#7082 = CARTESIAN_POINT('',(0.,0.));
#7083 = VECTOR('',#7084,1.);
#7084 = DIRECTION('',(-1.,0.));
#7085 = ( GEOMETRIC_REPRESENTATION_CONTEXT(2) 
PARAMETRIC_REPRESENTATION_CONTEXT() REPRESENTATION_CONTEXT('2D SPACE',''
  ) );
#7086 = ADVANCED_FACE('',(#7087),#7102,.T.);
#7087 = FACE_BOUND('',#7088,.T.);
#7088 = EDGE_LOOP('',(#7089,#7120,#7143,#7167));
#7089 = ORIENTED_EDGE('',*,*,#7090,.F.);
#7090 = EDGE_CURVE('',#7091,#7093,#7095,.T.);
#7091 = VERTEX_POINT('',#7092);
#7092 = CARTESIAN_POINT('',(3.3,0.,0.));
#7093 = VERTEX_POINT('',#7094);
#7094 = CARTESIAN_POINT('',(3.6,0.3,0.));
#7095 = SURFACE_CURVE('',#7096,(#7101,#7113),.PCURVE_S1.);
#7096 = CIRCLE('',#7097,0.3);
#7097 = AXIS2_PLACEMENT_3D('',#7098,#7099,#7100);
#7098 = CARTESIAN_POINT('',(3.3,0.3,0.));
#7099 = DIRECTION('',(0.,0.,1.));
#7100 = DIRECTION('',(1.,0.,-0.));
#7101 = PCURVE('',#7102,#7107);
#7102 = CYLINDRICAL_SURFACE('',#7103,0.3);
#7103 = AXIS2_PLACEMENT_3D('',#7104,#7105,#7106);
#7104 = CARTESIAN_POINT('',(3.3,0.3,10.));
#7105 = DIRECTION('',(0.,0.,-1.));
#7106 = DIRECTION('',(-1.,0.,0.));
#7107 = DEFINITIONAL_REPRESENTATION('',(#7108),#7112);
#7108 = LINE('',#7109,#7110);
#7109 = CARTESIAN_POINT('',(9.424777960769,10.));
#7110 = VECTOR('',#7111,1.);
#7111 = DIRECTION('',(-1.,0.));
#7112 = ( GEOMETRIC_REPRESENTATION_CONTEXT(2) 
PARAMETRIC_REPRESENTATION_CONTEXT() REPRESENTATION_CONTEXT('2D SPACE',''
  ) );
#7113 = PCURVE('',#4951,#7114);
#7114 = DEFINITIONAL_REPRESENTATION('',(#7115),#7119);
#7115 = CIRCLE('',#7116,0.3);
#7116 = AXIS2_PLACEMENT_2D('',#7117,#7118);
#7117 = CARTESIAN_POINT('',(1.1,-16.7));
#7118 = DIRECTION('',(1.,0.));
#7119 = ( GEOMETRIC_REPRESENTATION_CONTEXT(2) 
PARAMETRIC_REPRESENTATION_CONTEXT() REPRESENTATION_CONTEXT('2D SPACE',''
  ) );
#7120 = ORIENTED_EDGE('',*,*,#7121,.T.);
#7121 = EDGE_CURVE('',#7091,#7122,#7124,.T.);
#7122 = VERTEX_POINT('',#7123);
#7123 = CARTESIAN_POINT('',(3.3,0.,-1.5));
#7124 = SURFACE_CURVE('',#7125,(#7129,#7136),.PCURVE_S1.);
#7125 = LINE('',#7126,#7127);
#7126 = CARTESIAN_POINT('',(3.3,0.,10.));
#7127 = VECTOR('',#7128,1.);
#7128 = DIRECTION('',(0.,0.,-1.));
#7129 = PCURVE('',#7102,#7130);
#7130 = DEFINITIONAL_REPRESENTATION('',(#7131),#7135);
#7131 = LINE('',#7132,#7133);
#7132 = CARTESIAN_POINT('',(4.712388980385,0.));
#7133 = VECTOR('',#7134,1.);
#7134 = DIRECTION('',(0.,1.));
#7135 = ( GEOMETRIC_REPRESENTATION_CONTEXT(2) 
PARAMETRIC_REPRESENTATION_CONTEXT() REPRESENTATION_CONTEXT('2D SPACE',''
  ) );
#7136 = PCURVE('',#5944,#7137);
#7137 = DEFINITIONAL_REPRESENTATION('',(#7138),#7142);
#7138 = LINE('',#7139,#7140);
#7139 = CARTESIAN_POINT('',(0.,16.1));
#7140 = VECTOR('',#7141,1.);
#7141 = DIRECTION('',(-1.,0.));
#7142 = ( GEOMETRIC_REPRESENTATION_CONTEXT(2) 
PARAMETRIC_REPRESENTATION_CONTEXT() REPRESENTATION_CONTEXT('2D SPACE',''
  ) );
#7143 = ORIENTED_EDGE('',*,*,#7144,.T.);
#7144 = EDGE_CURVE('',#7122,#7145,#7147,.T.);
#7145 = VERTEX_POINT('',#7146);
#7146 = CARTESIAN_POINT('',(3.6,0.3,-1.5));
#7147 = SURFACE_CURVE('',#7148,(#7153,#7160),.PCURVE_S1.);
#7148 = CIRCLE('',#7149,0.3);
#7149 = AXIS2_PLACEMENT_3D('',#7150,#7151,#7152);
#7150 = CARTESIAN_POINT('',(3.3,0.3,-1.5));
#7151 = DIRECTION('',(0.,0.,1.));
#7152 = DIRECTION('',(1.,0.,-0.));
#7153 = PCURVE('',#7102,#7154);
#7154 = DEFINITIONAL_REPRESENTATION('',(#7155),#7159);
#7155 = LINE('',#7156,#7157);
#7156 = CARTESIAN_POINT('',(9.424777960769,11.5));
#7157 = VECTOR('',#7158,1.);
#7158 = DIRECTION('',(-1.,0.));
#7159 = ( GEOMETRIC_REPRESENTATION_CONTEXT(2) 
PARAMETRIC_REPRESENTATION_CONTEXT() REPRESENTATION_CONTEXT('2D SPACE',''
  ) );
#7160 = PCURVE('',#4020,#7161);
#7161 = DEFINITIONAL_REPRESENTATION('',(#7162),#7166);
#7162 = CIRCLE('',#7163,0.3);
#7163 = AXIS2_PLACEMENT_2D('',#7164,#7165);
#7164 = CARTESIAN_POINT('',(16.1,-13.81967135564));
#7165 = DIRECTION('',(1.,0.));
#7166 = ( GEOMETRIC_REPRESENTATION_CONTEXT(2) 
PARAMETRIC_REPRESENTATION_CONTEXT() REPRESENTATION_CONTEXT('2D SPACE',''
  ) );
#7167 = ORIENTED_EDGE('',*,*,#7168,.F.);
#7168 = EDGE_CURVE('',#7093,#7145,#7169,.T.);
#7169 = SURFACE_CURVE('',#7170,(#7174,#7181),.PCURVE_S1.);
#7170 = LINE('',#7171,#7172);
#7171 = CARTESIAN_POINT('',(3.6,0.3,10.));
#7172 = VECTOR('',#7173,1.);
#7173 = DIRECTION('',(0.,0.,-1.));
#7174 = PCURVE('',#7102,#7175);
#7175 = DEFINITIONAL_REPRESENTATION('',(#7176),#7180);
#7176 = LINE('',#7177,#7178);
#7177 = CARTESIAN_POINT('',(3.14159265359,0.));
#7178 = VECTOR('',#7179,1.);
#7179 = DIRECTION('',(0.,1.));
#7180 = ( GEOMETRIC_REPRESENTATION_CONTEXT(2) 
PARAMETRIC_REPRESENTATION_CONTEXT() REPRESENTATION_CONTEXT('2D SPACE',''
  ) );
#7181 = PCURVE('',#5530,#7182);
#7182 = DEFINITIONAL_REPRESENTATION('',(#7183),#7187);
#7183 = LINE('',#7184,#7185);
#7184 = CARTESIAN_POINT('',(0.,0.));
#7185 = VECTOR('',#7186,1.);
#7186 = DIRECTION('',(-1.,0.));
#7187 = ( GEOMETRIC_REPRESENTATION_CONTEXT(2) 
PARAMETRIC_REPRESENTATION_CONTEXT() REPRESENTATION_CONTEXT('2D SPACE',''
  ) );
#7188 = ADVANCED_FACE('',(#7189),#4048,.T.);
#7189 = FACE_BOUND('',#7190,.T.);
#7190 = EDGE_LOOP('',(#7191,#7192,#7216,#7239));
#7191 = ORIENTED_EDGE('',*,*,#4032,.T.);
#7192 = ORIENTED_EDGE('',*,*,#7193,.T.);
#7193 = EDGE_CURVE('',#4005,#7194,#7196,.T.);
#7194 = VERTEX_POINT('',#7195);
#7195 = CARTESIAN_POINT('',(-12.8,1.246832498358E-15,-1.5));
#7196 = SURFACE_CURVE('',#7197,(#7202,#7209),.PCURVE_S1.);
#7197 = CIRCLE('',#7198,0.3);
#7198 = AXIS2_PLACEMENT_3D('',#7199,#7200,#7201);
#7199 = CARTESIAN_POINT('',(-12.8,0.3,-1.5));
#7200 = DIRECTION('',(0.,0.,1.));
#7201 = DIRECTION('',(1.,0.,-0.));
#7202 = PCURVE('',#4048,#7203);
#7203 = DEFINITIONAL_REPRESENTATION('',(#7204),#7208);
#7204 = LINE('',#7205,#7206);
#7205 = CARTESIAN_POINT('',(9.424777960769,11.5));
#7206 = VECTOR('',#7207,1.);
#7207 = DIRECTION('',(-1.,0.));
#7208 = ( GEOMETRIC_REPRESENTATION_CONTEXT(2) 
PARAMETRIC_REPRESENTATION_CONTEXT() REPRESENTATION_CONTEXT('2D SPACE',''
  ) );
#7209 = PCURVE('',#4020,#7210);
#7210 = DEFINITIONAL_REPRESENTATION('',(#7211),#7215);
#7211 = CIRCLE('',#7212,0.3);
#7212 = AXIS2_PLACEMENT_2D('',#7213,#7214);
#7213 = CARTESIAN_POINT('',(0.,-13.81967135564));
#7214 = DIRECTION('',(1.,0.));
#7215 = ( GEOMETRIC_REPRESENTATION_CONTEXT(2) 
PARAMETRIC_REPRESENTATION_CONTEXT() REPRESENTATION_CONTEXT('2D SPACE',''
  ) );
#7216 = ORIENTED_EDGE('',*,*,#7217,.F.);
#7217 = EDGE_CURVE('',#7218,#7194,#7220,.T.);
#7218 = VERTEX_POINT('',#7219);
#7219 = CARTESIAN_POINT('',(-12.8,1.246832498358E-15,10.));
#7220 = SURFACE_CURVE('',#7221,(#7225,#7232),.PCURVE_S1.);
#7221 = LINE('',#7222,#7223);
#7222 = CARTESIAN_POINT('',(-12.8,1.246832498358E-15,10.));
#7223 = VECTOR('',#7224,1.);
#7224 = DIRECTION('',(0.,0.,-1.));
#7225 = PCURVE('',#4048,#7226);
#7226 = DEFINITIONAL_REPRESENTATION('',(#7227),#7231);
#7227 = LINE('',#7228,#7229);
#7228 = CARTESIAN_POINT('',(4.712388980385,0.));
#7229 = VECTOR('',#7230,1.);
#7230 = DIRECTION('',(0.,1.));
#7231 = ( GEOMETRIC_REPRESENTATION_CONTEXT(2) 
PARAMETRIC_REPRESENTATION_CONTEXT() REPRESENTATION_CONTEXT('2D SPACE',''
  ) );
#7232 = PCURVE('',#5944,#7233);
#7233 = DEFINITIONAL_REPRESENTATION('',(#7234),#7238);
#7234 = LINE('',#7235,#7236);
#7235 = CARTESIAN_POINT('',(0.,0.));
#7236 = VECTOR('',#7237,1.);
#7237 = DIRECTION('',(-1.,0.));
#7238 = ( GEOMETRIC_REPRESENTATION_CONTEXT(2) 
PARAMETRIC_REPRESENTATION_CONTEXT() REPRESENTATION_CONTEXT('2D SPACE',''
  ) );
#7239 = ORIENTED_EDGE('',*,*,#7240,.F.);
#7240 = EDGE_CURVE('',#4033,#7218,#7241,.T.);
#7241 = SURFACE_CURVE('',#7242,(#7247,#7254),.PCURVE_S1.);
#7242 = CIRCLE('',#7243,0.3);
#7243 = AXIS2_PLACEMENT_3D('',#7244,#7245,#7246);
#7244 = CARTESIAN_POINT('',(-12.8,0.3,10.));
#7245 = DIRECTION('',(0.,0.,1.));
#7246 = DIRECTION('',(1.,0.,-0.));
#7247 = PCURVE('',#4048,#7248);
#7248 = DEFINITIONAL_REPRESENTATION('',(#7249),#7253);
#7249 = LINE('',#7250,#7251);
#7250 = CARTESIAN_POINT('',(9.424777960769,0.));
#7251 = VECTOR('',#7252,1.);
#7252 = DIRECTION('',(-1.,0.));
#7253 = ( GEOMETRIC_REPRESENTATION_CONTEXT(2) 
PARAMETRIC_REPRESENTATION_CONTEXT() REPRESENTATION_CONTEXT('2D SPACE',''
  ) );
#7254 = PCURVE('',#168,#7255);
#7255 = DEFINITIONAL_REPRESENTATION('',(#7256),#7260);
#7256 = CIRCLE('',#7257,0.3);
#7257 = AXIS2_PLACEMENT_2D('',#7258,#7259);
#7258 = CARTESIAN_POINT('',(0.,-13.81967135564));
#7259 = DIRECTION('',(1.,0.));
#7260 = ( GEOMETRIC_REPRESENTATION_CONTEXT(2) 
PARAMETRIC_REPRESENTATION_CONTEXT() REPRESENTATION_CONTEXT('2D SPACE',''
  ) );
#7261 = ADVANCED_FACE('',(#7262),#5944,.F.);
#7262 = FACE_BOUND('',#7263,.T.);
#7263 = EDGE_LOOP('',(#7264,#7265,#7286,#7287,#7310,#7331,#7332,#7333,
    #7334,#7357,#7378,#7379,#7380,#7403));
#7264 = ORIENTED_EDGE('',*,*,#7217,.T.);
#7265 = ORIENTED_EDGE('',*,*,#7266,.T.);
#7266 = EDGE_CURVE('',#7194,#7122,#7267,.T.);
#7267 = SURFACE_CURVE('',#7268,(#7272,#7279),.PCURVE_S1.);
#7268 = LINE('',#7269,#7270);
#7269 = CARTESIAN_POINT('',(-12.8,0.,-1.5));
#7270 = VECTOR('',#7271,1.);
#7271 = DIRECTION('',(1.,0.,0.));
#7272 = PCURVE('',#5944,#7273);
#7273 = DEFINITIONAL_REPRESENTATION('',(#7274),#7278);
#7274 = LINE('',#7275,#7276);
#7275 = CARTESIAN_POINT('',(-11.5,0.));
#7276 = VECTOR('',#7277,1.);
#7277 = DIRECTION('',(0.,1.));
#7278 = ( GEOMETRIC_REPRESENTATION_CONTEXT(2) 
PARAMETRIC_REPRESENTATION_CONTEXT() REPRESENTATION_CONTEXT('2D SPACE',''
  ) );
#7279 = PCURVE('',#4020,#7280);
#7280 = DEFINITIONAL_REPRESENTATION('',(#7281),#7285);
#7281 = LINE('',#7282,#7283);
#7282 = CARTESIAN_POINT('',(0.,-14.11967135564));
#7283 = VECTOR('',#7284,1.);
#7284 = DIRECTION('',(1.,0.));
#7285 = ( GEOMETRIC_REPRESENTATION_CONTEXT(2) 
PARAMETRIC_REPRESENTATION_CONTEXT() REPRESENTATION_CONTEXT('2D SPACE',''
  ) );
#7286 = ORIENTED_EDGE('',*,*,#7121,.F.);
#7287 = ORIENTED_EDGE('',*,*,#7288,.F.);
#7288 = EDGE_CURVE('',#7289,#7091,#7291,.T.);
#7289 = VERTEX_POINT('',#7290);
#7290 = CARTESIAN_POINT('',(-11.7,-1.301042606983E-15,0.));
#7291 = SURFACE_CURVE('',#7292,(#7296,#7303),.PCURVE_S1.);
#7292 = LINE('',#7293,#7294);
#7293 = CARTESIAN_POINT('',(-12.8,0.,0.));
#7294 = VECTOR('',#7295,1.);
#7295 = DIRECTION('',(1.,0.,0.));
#7296 = PCURVE('',#5944,#7297);
#7297 = DEFINITIONAL_REPRESENTATION('',(#7298),#7302);
#7298 = LINE('',#7299,#7300);
#7299 = CARTESIAN_POINT('',(-10.,0.));
#7300 = VECTOR('',#7301,1.);
#7301 = DIRECTION('',(0.,1.));
#7302 = ( GEOMETRIC_REPRESENTATION_CONTEXT(2) 
PARAMETRIC_REPRESENTATION_CONTEXT() REPRESENTATION_CONTEXT('2D SPACE',''
  ) );
#7303 = PCURVE('',#4951,#7304);
#7304 = DEFINITIONAL_REPRESENTATION('',(#7305),#7309);
#7305 = LINE('',#7306,#7307);
#7306 = CARTESIAN_POINT('',(-15.,-17.));
#7307 = VECTOR('',#7308,1.);
#7308 = DIRECTION('',(1.,0.));
#7309 = ( GEOMETRIC_REPRESENTATION_CONTEXT(2) 
PARAMETRIC_REPRESENTATION_CONTEXT() REPRESENTATION_CONTEXT('2D SPACE',''
  ) );
#7310 = ORIENTED_EDGE('',*,*,#7311,.F.);
#7311 = EDGE_CURVE('',#6885,#7289,#7312,.T.);
#7312 = SURFACE_CURVE('',#7313,(#7317,#7324),.PCURVE_S1.);
#7313 = LINE('',#7314,#7315);
#7314 = CARTESIAN_POINT('',(-11.7,-1.301042606983E-15,4.4));
#7315 = VECTOR('',#7316,1.);
#7316 = DIRECTION('',(0.,0.,-1.));
#7317 = PCURVE('',#5944,#7318);
#7318 = DEFINITIONAL_REPRESENTATION('',(#7319),#7323);
#7319 = LINE('',#7320,#7321);
#7320 = CARTESIAN_POINT('',(-5.6,1.1));
#7321 = VECTOR('',#7322,1.);
#7322 = DIRECTION('',(-1.,0.));
#7323 = ( GEOMETRIC_REPRESENTATION_CONTEXT(2) 
PARAMETRIC_REPRESENTATION_CONTEXT() REPRESENTATION_CONTEXT('2D SPACE',''
  ) );
#7324 = PCURVE('',#6924,#7325);
#7325 = DEFINITIONAL_REPRESENTATION('',(#7326),#7330);
#7326 = LINE('',#7327,#7328);
#7327 = CARTESIAN_POINT('',(4.712388980385,0.));
#7328 = VECTOR('',#7329,1.);
#7329 = DIRECTION('',(0.,1.));
#7330 = ( GEOMETRIC_REPRESENTATION_CONTEXT(2) 
PARAMETRIC_REPRESENTATION_CONTEXT() REPRESENTATION_CONTEXT('2D SPACE',''
  ) );
#7331 = ORIENTED_EDGE('',*,*,#6884,.T.);
#7332 = ORIENTED_EDGE('',*,*,#6158,.T.);
#7333 = ORIENTED_EDGE('',*,*,#7044,.F.);
#7334 = ORIENTED_EDGE('',*,*,#7335,.F.);
#7335 = EDGE_CURVE('',#7336,#7019,#7338,.T.);
#7336 = VERTEX_POINT('',#7337);
#7337 = CARTESIAN_POINT('',(-11.7,-1.301042606983E-15,5.));
#7338 = SURFACE_CURVE('',#7339,(#7343,#7350),.PCURVE_S1.);
#7339 = LINE('',#7340,#7341);
#7340 = CARTESIAN_POINT('',(-12.8,0.,5.));
#7341 = VECTOR('',#7342,1.);
#7342 = DIRECTION('',(1.,0.,0.));
#7343 = PCURVE('',#5944,#7344);
#7344 = DEFINITIONAL_REPRESENTATION('',(#7345),#7349);
#7345 = LINE('',#7346,#7347);
#7346 = CARTESIAN_POINT('',(-5.,0.));
#7347 = VECTOR('',#7348,1.);
#7348 = DIRECTION('',(0.,1.));
#7349 = ( GEOMETRIC_REPRESENTATION_CONTEXT(2) 
PARAMETRIC_REPRESENTATION_CONTEXT() REPRESENTATION_CONTEXT('2D SPACE',''
  ) );
#7350 = PCURVE('',#4551,#7351);
#7351 = DEFINITIONAL_REPRESENTATION('',(#7352),#7356);
#7352 = LINE('',#7353,#7354);
#7353 = CARTESIAN_POINT('',(-15.,-17.));
#7354 = VECTOR('',#7355,1.);
#7355 = DIRECTION('',(1.,0.));
#7356 = ( GEOMETRIC_REPRESENTATION_CONTEXT(2) 
PARAMETRIC_REPRESENTATION_CONTEXT() REPRESENTATION_CONTEXT('2D SPACE',''
  ) );
#7357 = ORIENTED_EDGE('',*,*,#7358,.F.);
#7358 = EDGE_CURVE('',#6729,#7336,#7359,.T.);
#7359 = SURFACE_CURVE('',#7360,(#7364,#7371),.PCURVE_S1.);
#7360 = LINE('',#7361,#7362);
#7361 = CARTESIAN_POINT('',(-11.7,-1.301042606983E-15,9.4));
#7362 = VECTOR('',#7363,1.);
#7363 = DIRECTION('',(0.,0.,-1.));
#7364 = PCURVE('',#5944,#7365);
#7365 = DEFINITIONAL_REPRESENTATION('',(#7366),#7370);
#7366 = LINE('',#7367,#7368);
#7367 = CARTESIAN_POINT('',(-0.6,1.1));
#7368 = VECTOR('',#7369,1.);
#7369 = DIRECTION('',(-1.,0.));
#7370 = ( GEOMETRIC_REPRESENTATION_CONTEXT(2) 
PARAMETRIC_REPRESENTATION_CONTEXT() REPRESENTATION_CONTEXT('2D SPACE',''
  ) );
#7371 = PCURVE('',#6768,#7372);
#7372 = DEFINITIONAL_REPRESENTATION('',(#7373),#7377);
#7373 = LINE('',#7374,#7375);
#7374 = CARTESIAN_POINT('',(4.712388980385,0.));
#7375 = VECTOR('',#7376,1.);
#7376 = DIRECTION('',(0.,1.));
#7377 = ( GEOMETRIC_REPRESENTATION_CONTEXT(2) 
PARAMETRIC_REPRESENTATION_CONTEXT() REPRESENTATION_CONTEXT('2D SPACE',''
  ) );
#7378 = ORIENTED_EDGE('',*,*,#6728,.T.);
#7379 = ORIENTED_EDGE('',*,*,#5928,.T.);
#7380 = ORIENTED_EDGE('',*,*,#7381,.F.);
#7381 = EDGE_CURVE('',#7382,#5900,#7384,.T.);
#7382 = VERTEX_POINT('',#7383);
#7383 = CARTESIAN_POINT('',(3.3,0.,10.));
#7384 = SURFACE_CURVE('',#7385,(#7389,#7396),.PCURVE_S1.);
#7385 = LINE('',#7386,#7387);
#7386 = CARTESIAN_POINT('',(3.3,0.,10.));
#7387 = VECTOR('',#7388,1.);
#7388 = DIRECTION('',(0.,0.,-1.));
#7389 = PCURVE('',#5944,#7390);
#7390 = DEFINITIONAL_REPRESENTATION('',(#7391),#7395);
#7391 = LINE('',#7392,#7393);
#7392 = CARTESIAN_POINT('',(0.,16.1));
#7393 = VECTOR('',#7394,1.);
#7394 = DIRECTION('',(-1.,0.));
#7395 = ( GEOMETRIC_REPRESENTATION_CONTEXT(2) 
PARAMETRIC_REPRESENTATION_CONTEXT() REPRESENTATION_CONTEXT('2D SPACE',''
  ) );
#7396 = PCURVE('',#5916,#7397);
#7397 = DEFINITIONAL_REPRESENTATION('',(#7398),#7402);
#7398 = LINE('',#7399,#7400);
#7399 = CARTESIAN_POINT('',(4.712388980385,0.));
#7400 = VECTOR('',#7401,1.);
#7401 = DIRECTION('',(0.,1.));
#7402 = ( GEOMETRIC_REPRESENTATION_CONTEXT(2) 
PARAMETRIC_REPRESENTATION_CONTEXT() REPRESENTATION_CONTEXT('2D SPACE',''
  ) );
#7403 = ORIENTED_EDGE('',*,*,#7404,.F.);
#7404 = EDGE_CURVE('',#7218,#7382,#7405,.T.);
#7405 = SURFACE_CURVE('',#7406,(#7410,#7417),.PCURVE_S1.);
#7406 = LINE('',#7407,#7408);
#7407 = CARTESIAN_POINT('',(-12.8,0.,10.));
#7408 = VECTOR('',#7409,1.);
#7409 = DIRECTION('',(1.,0.,0.));
#7410 = PCURVE('',#5944,#7411);
#7411 = DEFINITIONAL_REPRESENTATION('',(#7412),#7416);
#7412 = LINE('',#7413,#7414);
#7413 = CARTESIAN_POINT('',(0.,0.));
#7414 = VECTOR('',#7415,1.);
#7415 = DIRECTION('',(0.,1.));
#7416 = ( GEOMETRIC_REPRESENTATION_CONTEXT(2) 
PARAMETRIC_REPRESENTATION_CONTEXT() REPRESENTATION_CONTEXT('2D SPACE',''
  ) );
#7417 = PCURVE('',#168,#7418);
#7418 = DEFINITIONAL_REPRESENTATION('',(#7419),#7423);
#7419 = LINE('',#7420,#7421);
#7420 = CARTESIAN_POINT('',(0.,-14.11967135564));
#7421 = VECTOR('',#7422,1.);
#7422 = DIRECTION('',(1.,0.));
#7423 = ( GEOMETRIC_REPRESENTATION_CONTEXT(2) 
PARAMETRIC_REPRESENTATION_CONTEXT() REPRESENTATION_CONTEXT('2D SPACE',''
  ) );
#7424 = ADVANCED_FACE('',(#7425),#5916,.T.);
#7425 = FACE_BOUND('',#7426,.T.);
#7426 = EDGE_LOOP('',(#7427,#7428,#7429,#7452));
#7427 = ORIENTED_EDGE('',*,*,#7381,.T.);
#7428 = ORIENTED_EDGE('',*,*,#5899,.T.);
#7429 = ORIENTED_EDGE('',*,*,#7430,.F.);
#7430 = EDGE_CURVE('',#7431,#5877,#7433,.T.);
#7431 = VERTEX_POINT('',#7432);
#7432 = CARTESIAN_POINT('',(3.6,0.3,10.));
#7433 = SURFACE_CURVE('',#7434,(#7438,#7445),.PCURVE_S1.);
#7434 = LINE('',#7435,#7436);
#7435 = CARTESIAN_POINT('',(3.6,0.3,10.));
#7436 = VECTOR('',#7437,1.);
#7437 = DIRECTION('',(0.,0.,-1.));
#7438 = PCURVE('',#5916,#7439);
#7439 = DEFINITIONAL_REPRESENTATION('',(#7440),#7444);
#7440 = LINE('',#7441,#7442);
#7441 = CARTESIAN_POINT('',(3.14159265359,0.));
#7442 = VECTOR('',#7443,1.);
#7443 = DIRECTION('',(0.,1.));
#7444 = ( GEOMETRIC_REPRESENTATION_CONTEXT(2) 
PARAMETRIC_REPRESENTATION_CONTEXT() REPRESENTATION_CONTEXT('2D SPACE',''
  ) );
#7445 = PCURVE('',#5530,#7446);
#7446 = DEFINITIONAL_REPRESENTATION('',(#7447),#7451);
#7447 = LINE('',#7448,#7449);
#7448 = CARTESIAN_POINT('',(0.,0.));
#7449 = VECTOR('',#7450,1.);
#7450 = DIRECTION('',(-1.,0.));
#7451 = ( GEOMETRIC_REPRESENTATION_CONTEXT(2) 
PARAMETRIC_REPRESENTATION_CONTEXT() REPRESENTATION_CONTEXT('2D SPACE',''
  ) );
#7452 = ORIENTED_EDGE('',*,*,#7453,.F.);
#7453 = EDGE_CURVE('',#7382,#7431,#7454,.T.);
#7454 = SURFACE_CURVE('',#7455,(#7460,#7467),.PCURVE_S1.);
#7455 = CIRCLE('',#7456,0.3);
#7456 = AXIS2_PLACEMENT_3D('',#7457,#7458,#7459);
#7457 = CARTESIAN_POINT('',(3.3,0.3,10.));
#7458 = DIRECTION('',(0.,0.,1.));
#7459 = DIRECTION('',(1.,0.,-0.));
#7460 = PCURVE('',#5916,#7461);
#7461 = DEFINITIONAL_REPRESENTATION('',(#7462),#7466);
#7462 = LINE('',#7463,#7464);
#7463 = CARTESIAN_POINT('',(9.424777960769,0.));
#7464 = VECTOR('',#7465,1.);
#7465 = DIRECTION('',(-1.,0.));
#7466 = ( GEOMETRIC_REPRESENTATION_CONTEXT(2) 
PARAMETRIC_REPRESENTATION_CONTEXT() REPRESENTATION_CONTEXT('2D SPACE',''
  ) );
#7467 = PCURVE('',#168,#7468);
#7468 = DEFINITIONAL_REPRESENTATION('',(#7469),#7473);
#7469 = CIRCLE('',#7470,0.3);
#7470 = AXIS2_PLACEMENT_2D('',#7471,#7472);
#7471 = CARTESIAN_POINT('',(16.1,-13.81967135564));
#7472 = DIRECTION('',(1.,0.));
#7473 = ( GEOMETRIC_REPRESENTATION_CONTEXT(2) 
PARAMETRIC_REPRESENTATION_CONTEXT() REPRESENTATION_CONTEXT('2D SPACE',''
  ) );
#7474 = ADVANCED_FACE('',(#7475),#5530,.F.);
#7475 = FACE_BOUND('',#7476,.T.);
#7476 = EDGE_LOOP('',(#7477,#7478,#7501,#7529,#7550,#7551,#7552,#7553,
    #7554,#7577,#7605,#7626,#7627,#7650,#7678,#7699,#7700,#7701));
#7477 = ORIENTED_EDGE('',*,*,#6360,.T.);
#7478 = ORIENTED_EDGE('',*,*,#7479,.T.);
#7479 = EDGE_CURVE('',#6333,#7480,#7482,.T.);
#7480 = VERTEX_POINT('',#7481);
#7481 = CARTESIAN_POINT('',(3.6,17.,9.4));
#7482 = SURFACE_CURVE('',#7483,(#7487,#7494),.PCURVE_S1.);
#7483 = LINE('',#7484,#7485);
#7484 = CARTESIAN_POINT('',(3.6,0.3,9.4));
#7485 = VECTOR('',#7486,1.);
#7486 = DIRECTION('',(0.,1.,0.));
#7487 = PCURVE('',#5530,#7488);
#7488 = DEFINITIONAL_REPRESENTATION('',(#7489),#7493);
#7489 = LINE('',#7490,#7491);
#7490 = CARTESIAN_POINT('',(-0.6,0.));
#7491 = VECTOR('',#7492,1.);
#7492 = DIRECTION('',(0.,1.));
#7493 = ( GEOMETRIC_REPRESENTATION_CONTEXT(2) 
PARAMETRIC_REPRESENTATION_CONTEXT() REPRESENTATION_CONTEXT('2D SPACE',''
  ) );
#7494 = PCURVE('',#6407,#7495);
#7495 = DEFINITIONAL_REPRESENTATION('',(#7496),#7500);
#7496 = LINE('',#7497,#7498);
#7497 = CARTESIAN_POINT('',(1.4,-16.7));
#7498 = VECTOR('',#7499,1.);
#7499 = DIRECTION('',(0.,1.));
#7500 = ( GEOMETRIC_REPRESENTATION_CONTEXT(2) 
PARAMETRIC_REPRESENTATION_CONTEXT() REPRESENTATION_CONTEXT('2D SPACE',''
  ) );
#7501 = ORIENTED_EDGE('',*,*,#7502,.T.);
#7502 = EDGE_CURVE('',#7480,#7503,#7505,.T.);
#7503 = VERTEX_POINT('',#7504);
#7504 = CARTESIAN_POINT('',(3.6,17.,5.));
#7505 = SURFACE_CURVE('',#7506,(#7510,#7517),.PCURVE_S1.);
#7506 = LINE('',#7507,#7508);
#7507 = CARTESIAN_POINT('',(3.6,17.,9.4));
#7508 = VECTOR('',#7509,1.);
#7509 = DIRECTION('',(0.,0.,-1.));
#7510 = PCURVE('',#5530,#7511);
#7511 = DEFINITIONAL_REPRESENTATION('',(#7512),#7516);
#7512 = LINE('',#7513,#7514);
#7513 = CARTESIAN_POINT('',(-0.6,16.7));
#7514 = VECTOR('',#7515,1.);
#7515 = DIRECTION('',(-1.,0.));
#7516 = ( GEOMETRIC_REPRESENTATION_CONTEXT(2) 
PARAMETRIC_REPRESENTATION_CONTEXT() REPRESENTATION_CONTEXT('2D SPACE',''
  ) );
#7517 = PCURVE('',#7518,#7523);
#7518 = CYLINDRICAL_SURFACE('',#7519,1.4);
#7519 = AXIS2_PLACEMENT_3D('',#7520,#7521,#7522);
#7520 = CARTESIAN_POINT('',(2.2,17.,9.4));
#7521 = DIRECTION('',(0.,0.,-1.));
#7522 = DIRECTION('',(-1.,0.,0.));
#7523 = DEFINITIONAL_REPRESENTATION('',(#7524),#7528);
#7524 = LINE('',#7525,#7526);
#7525 = CARTESIAN_POINT('',(3.14159265359,0.));
#7526 = VECTOR('',#7527,1.);
#7527 = DIRECTION('',(0.,1.));
#7528 = ( GEOMETRIC_REPRESENTATION_CONTEXT(2) 
PARAMETRIC_REPRESENTATION_CONTEXT() REPRESENTATION_CONTEXT('2D SPACE',''
  ) );
#7529 = ORIENTED_EDGE('',*,*,#7530,.F.);
#7530 = EDGE_CURVE('',#7021,#7503,#7531,.T.);
#7531 = SURFACE_CURVE('',#7532,(#7536,#7543),.PCURVE_S1.);
#7532 = LINE('',#7533,#7534);
#7533 = CARTESIAN_POINT('',(3.6,0.3,5.));
#7534 = VECTOR('',#7535,1.);
#7535 = DIRECTION('',(0.,1.,0.));
#7536 = PCURVE('',#5530,#7537);
#7537 = DEFINITIONAL_REPRESENTATION('',(#7538),#7542);
#7538 = LINE('',#7539,#7540);
#7539 = CARTESIAN_POINT('',(-5.,0.));
#7540 = VECTOR('',#7541,1.);
#7541 = DIRECTION('',(0.,1.));
#7542 = ( GEOMETRIC_REPRESENTATION_CONTEXT(2) 
PARAMETRIC_REPRESENTATION_CONTEXT() REPRESENTATION_CONTEXT('2D SPACE',''
  ) );
#7543 = PCURVE('',#4551,#7544);
#7544 = DEFINITIONAL_REPRESENTATION('',(#7545),#7549);
#7545 = LINE('',#7546,#7547);
#7546 = CARTESIAN_POINT('',(1.4,-16.7));
#7547 = VECTOR('',#7548,1.);
#7548 = DIRECTION('',(0.,1.));
#7549 = ( GEOMETRIC_REPRESENTATION_CONTEXT(2) 
PARAMETRIC_REPRESENTATION_CONTEXT() REPRESENTATION_CONTEXT('2D SPACE',''
  ) );
#7550 = ORIENTED_EDGE('',*,*,#7066,.T.);
#7551 = ORIENTED_EDGE('',*,*,#6106,.T.);
#7552 = ORIENTED_EDGE('',*,*,#5486,.T.);
#7553 = ORIENTED_EDGE('',*,*,#6548,.T.);
#7554 = ORIENTED_EDGE('',*,*,#7555,.T.);
#7555 = EDGE_CURVE('',#6521,#7556,#7558,.T.);
#7556 = VERTEX_POINT('',#7557);
#7557 = CARTESIAN_POINT('',(3.6,17.,4.4));
#7558 = SURFACE_CURVE('',#7559,(#7563,#7570),.PCURVE_S1.);
#7559 = LINE('',#7560,#7561);
#7560 = CARTESIAN_POINT('',(3.6,0.3,4.4));
#7561 = VECTOR('',#7562,1.);
#7562 = DIRECTION('',(0.,1.,0.));
#7563 = PCURVE('',#5530,#7564);
#7564 = DEFINITIONAL_REPRESENTATION('',(#7565),#7569);
#7565 = LINE('',#7566,#7567);
#7566 = CARTESIAN_POINT('',(-5.6,0.));
#7567 = VECTOR('',#7568,1.);
#7568 = DIRECTION('',(0.,1.));
#7569 = ( GEOMETRIC_REPRESENTATION_CONTEXT(2) 
PARAMETRIC_REPRESENTATION_CONTEXT() REPRESENTATION_CONTEXT('2D SPACE',''
  ) );
#7570 = PCURVE('',#6595,#7571);
#7571 = DEFINITIONAL_REPRESENTATION('',(#7572),#7576);
#7572 = LINE('',#7573,#7574);
#7573 = CARTESIAN_POINT('',(1.4,-16.7));
#7574 = VECTOR('',#7575,1.);
#7575 = DIRECTION('',(0.,1.));
#7576 = ( GEOMETRIC_REPRESENTATION_CONTEXT(2) 
PARAMETRIC_REPRESENTATION_CONTEXT() REPRESENTATION_CONTEXT('2D SPACE',''
  ) );
#7577 = ORIENTED_EDGE('',*,*,#7578,.T.);
#7578 = EDGE_CURVE('',#7556,#7579,#7581,.T.);
#7579 = VERTEX_POINT('',#7580);
#7580 = CARTESIAN_POINT('',(3.6,17.,0.));
#7581 = SURFACE_CURVE('',#7582,(#7586,#7593),.PCURVE_S1.);
#7582 = LINE('',#7583,#7584);
#7583 = CARTESIAN_POINT('',(3.6,17.,4.4));
#7584 = VECTOR('',#7585,1.);
#7585 = DIRECTION('',(0.,0.,-1.));
#7586 = PCURVE('',#5530,#7587);
#7587 = DEFINITIONAL_REPRESENTATION('',(#7588),#7592);
#7588 = LINE('',#7589,#7590);
#7589 = CARTESIAN_POINT('',(-5.6,16.7));
#7590 = VECTOR('',#7591,1.);
#7591 = DIRECTION('',(-1.,0.));
#7592 = ( GEOMETRIC_REPRESENTATION_CONTEXT(2) 
PARAMETRIC_REPRESENTATION_CONTEXT() REPRESENTATION_CONTEXT('2D SPACE',''
  ) );
#7593 = PCURVE('',#7594,#7599);
#7594 = CYLINDRICAL_SURFACE('',#7595,1.4);
#7595 = AXIS2_PLACEMENT_3D('',#7596,#7597,#7598);
#7596 = CARTESIAN_POINT('',(2.2,17.,4.4));
#7597 = DIRECTION('',(0.,0.,-1.));
#7598 = DIRECTION('',(-1.,0.,0.));
#7599 = DEFINITIONAL_REPRESENTATION('',(#7600),#7604);
#7600 = LINE('',#7601,#7602);
#7601 = CARTESIAN_POINT('',(3.14159265359,0.));
#7602 = VECTOR('',#7603,1.);
#7603 = DIRECTION('',(0.,1.));
#7604 = ( GEOMETRIC_REPRESENTATION_CONTEXT(2) 
PARAMETRIC_REPRESENTATION_CONTEXT() REPRESENTATION_CONTEXT('2D SPACE',''
  ) );
#7605 = ORIENTED_EDGE('',*,*,#7606,.F.);
#7606 = EDGE_CURVE('',#7093,#7579,#7607,.T.);
#7607 = SURFACE_CURVE('',#7608,(#7612,#7619),.PCURVE_S1.);
#7608 = LINE('',#7609,#7610);
#7609 = CARTESIAN_POINT('',(3.6,0.3,0.));
#7610 = VECTOR('',#7611,1.);
#7611 = DIRECTION('',(0.,1.,0.));
#7612 = PCURVE('',#5530,#7613);
#7613 = DEFINITIONAL_REPRESENTATION('',(#7614),#7618);
#7614 = LINE('',#7615,#7616);
#7615 = CARTESIAN_POINT('',(-10.,0.));
#7616 = VECTOR('',#7617,1.);
#7617 = DIRECTION('',(0.,1.));
#7618 = ( GEOMETRIC_REPRESENTATION_CONTEXT(2) 
PARAMETRIC_REPRESENTATION_CONTEXT() REPRESENTATION_CONTEXT('2D SPACE',''
  ) );
#7619 = PCURVE('',#4951,#7620);
#7620 = DEFINITIONAL_REPRESENTATION('',(#7621),#7625);
#7621 = LINE('',#7622,#7623);
#7622 = CARTESIAN_POINT('',(1.4,-16.7));
#7623 = VECTOR('',#7624,1.);
#7624 = DIRECTION('',(0.,1.));
#7625 = ( GEOMETRIC_REPRESENTATION_CONTEXT(2) 
PARAMETRIC_REPRESENTATION_CONTEXT() REPRESENTATION_CONTEXT('2D SPACE',''
  ) );
#7626 = ORIENTED_EDGE('',*,*,#7168,.T.);
#7627 = ORIENTED_EDGE('',*,*,#7628,.T.);
#7628 = EDGE_CURVE('',#7145,#7629,#7631,.T.);
#7629 = VERTEX_POINT('',#7630);
#7630 = CARTESIAN_POINT('',(3.6,17.9,-1.5));
#7631 = SURFACE_CURVE('',#7632,(#7636,#7643),.PCURVE_S1.);
#7632 = LINE('',#7633,#7634);
#7633 = CARTESIAN_POINT('',(3.6,0.3,-1.5));
#7634 = VECTOR('',#7635,1.);
#7635 = DIRECTION('',(0.,1.,0.));
#7636 = PCURVE('',#5530,#7637);
#7637 = DEFINITIONAL_REPRESENTATION('',(#7638),#7642);
#7638 = LINE('',#7639,#7640);
#7639 = CARTESIAN_POINT('',(-11.5,0.));
#7640 = VECTOR('',#7641,1.);
#7641 = DIRECTION('',(0.,1.));
#7642 = ( GEOMETRIC_REPRESENTATION_CONTEXT(2) 
PARAMETRIC_REPRESENTATION_CONTEXT() REPRESENTATION_CONTEXT('2D SPACE',''
  ) );
#7643 = PCURVE('',#4020,#7644);
#7644 = DEFINITIONAL_REPRESENTATION('',(#7645),#7649);
#7645 = LINE('',#7646,#7647);
#7646 = CARTESIAN_POINT('',(16.4,-13.81967135564));
#7647 = VECTOR('',#7648,1.);
#7648 = DIRECTION('',(0.,1.));
#7649 = ( GEOMETRIC_REPRESENTATION_CONTEXT(2) 
PARAMETRIC_REPRESENTATION_CONTEXT() REPRESENTATION_CONTEXT('2D SPACE',''
  ) );
#7650 = ORIENTED_EDGE('',*,*,#7651,.F.);
#7651 = EDGE_CURVE('',#7652,#7629,#7654,.T.);
#7652 = VERTEX_POINT('',#7653);
#7653 = CARTESIAN_POINT('',(3.6,17.9,10.));
#7654 = SURFACE_CURVE('',#7655,(#7659,#7666),.PCURVE_S1.);
#7655 = LINE('',#7656,#7657);
#7656 = CARTESIAN_POINT('',(3.6,17.9,10.));
#7657 = VECTOR('',#7658,1.);
#7658 = DIRECTION('',(0.,0.,-1.));
#7659 = PCURVE('',#5530,#7660);
#7660 = DEFINITIONAL_REPRESENTATION('',(#7661),#7665);
#7661 = LINE('',#7662,#7663);
#7662 = CARTESIAN_POINT('',(0.,17.6));
#7663 = VECTOR('',#7664,1.);
#7664 = DIRECTION('',(-1.,0.));
#7665 = ( GEOMETRIC_REPRESENTATION_CONTEXT(2) 
PARAMETRIC_REPRESENTATION_CONTEXT() REPRESENTATION_CONTEXT('2D SPACE',''
  ) );
#7666 = PCURVE('',#7667,#7672);
#7667 = CYLINDRICAL_SURFACE('',#7668,0.5);
#7668 = AXIS2_PLACEMENT_3D('',#7669,#7670,#7671);
#7669 = CARTESIAN_POINT('',(3.1,17.9,10.));
#7670 = DIRECTION('',(0.,0.,-1.));
#7671 = DIRECTION('',(-1.,0.,0.));
#7672 = DEFINITIONAL_REPRESENTATION('',(#7673),#7677);
#7673 = LINE('',#7674,#7675);
#7674 = CARTESIAN_POINT('',(3.14159265359,0.));
#7675 = VECTOR('',#7676,1.);
#7676 = DIRECTION('',(0.,1.));
#7677 = ( GEOMETRIC_REPRESENTATION_CONTEXT(2) 
PARAMETRIC_REPRESENTATION_CONTEXT() REPRESENTATION_CONTEXT('2D SPACE',''
  ) );
#7678 = ORIENTED_EDGE('',*,*,#7679,.F.);
#7679 = EDGE_CURVE('',#7431,#7652,#7680,.T.);
#7680 = SURFACE_CURVE('',#7681,(#7685,#7692),.PCURVE_S1.);
#7681 = LINE('',#7682,#7683);
#7682 = CARTESIAN_POINT('',(3.6,0.3,10.));
#7683 = VECTOR('',#7684,1.);
#7684 = DIRECTION('',(0.,1.,0.));
#7685 = PCURVE('',#5530,#7686);
#7686 = DEFINITIONAL_REPRESENTATION('',(#7687),#7691);
#7687 = LINE('',#7688,#7689);
#7688 = CARTESIAN_POINT('',(0.,0.));
#7689 = VECTOR('',#7690,1.);
#7690 = DIRECTION('',(0.,1.));
#7691 = ( GEOMETRIC_REPRESENTATION_CONTEXT(2) 
PARAMETRIC_REPRESENTATION_CONTEXT() REPRESENTATION_CONTEXT('2D SPACE',''
  ) );
#7692 = PCURVE('',#168,#7693);
#7693 = DEFINITIONAL_REPRESENTATION('',(#7694),#7698);
#7694 = LINE('',#7695,#7696);
#7695 = CARTESIAN_POINT('',(16.4,-13.81967135564));
#7696 = VECTOR('',#7697,1.);
#7697 = DIRECTION('',(0.,1.));
#7698 = ( GEOMETRIC_REPRESENTATION_CONTEXT(2) 
PARAMETRIC_REPRESENTATION_CONTEXT() REPRESENTATION_CONTEXT('2D SPACE',''
  ) );
#7699 = ORIENTED_EDGE('',*,*,#7430,.T.);
#7700 = ORIENTED_EDGE('',*,*,#5876,.T.);
#7701 = ORIENTED_EDGE('',*,*,#5683,.T.);
#7702 = ADVANCED_FACE('',(#7703),#7667,.T.);
#7703 = FACE_BOUND('',#7704,.T.);
#7704 = EDGE_LOOP('',(#7705,#7706,#7730,#7758));
#7705 = ORIENTED_EDGE('',*,*,#7651,.T.);
#7706 = ORIENTED_EDGE('',*,*,#7707,.T.);
#7707 = EDGE_CURVE('',#7629,#7708,#7710,.T.);
#7708 = VERTEX_POINT('',#7709);
#7709 = CARTESIAN_POINT('',(3.1,18.4,-1.5));
#7710 = SURFACE_CURVE('',#7711,(#7716,#7723),.PCURVE_S1.);
#7711 = CIRCLE('',#7712,0.5);
#7712 = AXIS2_PLACEMENT_3D('',#7713,#7714,#7715);
#7713 = CARTESIAN_POINT('',(3.1,17.9,-1.5));
#7714 = DIRECTION('',(0.,0.,1.));
#7715 = DIRECTION('',(1.,0.,-0.));
#7716 = PCURVE('',#7667,#7717);
#7717 = DEFINITIONAL_REPRESENTATION('',(#7718),#7722);
#7718 = LINE('',#7719,#7720);
#7719 = CARTESIAN_POINT('',(3.14159265359,11.5));
#7720 = VECTOR('',#7721,1.);
#7721 = DIRECTION('',(-1.,0.));
#7722 = ( GEOMETRIC_REPRESENTATION_CONTEXT(2) 
PARAMETRIC_REPRESENTATION_CONTEXT() REPRESENTATION_CONTEXT('2D SPACE',''
  ) );
#7723 = PCURVE('',#4020,#7724);
#7724 = DEFINITIONAL_REPRESENTATION('',(#7725),#7729);
#7725 = CIRCLE('',#7726,0.5);
#7726 = AXIS2_PLACEMENT_2D('',#7727,#7728);
#7727 = CARTESIAN_POINT('',(15.9,3.78032864436));
#7728 = DIRECTION('',(1.,0.));
#7729 = ( GEOMETRIC_REPRESENTATION_CONTEXT(2) 
PARAMETRIC_REPRESENTATION_CONTEXT() REPRESENTATION_CONTEXT('2D SPACE',''
  ) );
#7730 = ORIENTED_EDGE('',*,*,#7731,.F.);
#7731 = EDGE_CURVE('',#7732,#7708,#7734,.T.);
#7732 = VERTEX_POINT('',#7733);
#7733 = CARTESIAN_POINT('',(3.1,18.4,10.));
#7734 = SURFACE_CURVE('',#7735,(#7739,#7746),.PCURVE_S1.);
#7735 = LINE('',#7736,#7737);
#7736 = CARTESIAN_POINT('',(3.1,18.4,10.));
#7737 = VECTOR('',#7738,1.);
#7738 = DIRECTION('',(0.,0.,-1.));
#7739 = PCURVE('',#7667,#7740);
#7740 = DEFINITIONAL_REPRESENTATION('',(#7741),#7745);
#7741 = LINE('',#7742,#7743);
#7742 = CARTESIAN_POINT('',(1.570796326795,0.));
#7743 = VECTOR('',#7744,1.);
#7744 = DIRECTION('',(0.,1.));
#7745 = ( GEOMETRIC_REPRESENTATION_CONTEXT(2) 
PARAMETRIC_REPRESENTATION_CONTEXT() REPRESENTATION_CONTEXT('2D SPACE',''
  ) );
#7746 = PCURVE('',#7747,#7752);
#7747 = PLANE('',#7748);
#7748 = AXIS2_PLACEMENT_3D('',#7749,#7750,#7751);
#7749 = CARTESIAN_POINT('',(3.1,18.4,10.));
#7750 = DIRECTION('',(0.,-1.,0.));
#7751 = DIRECTION('',(0.,0.,-1.));
#7752 = DEFINITIONAL_REPRESENTATION('',(#7753),#7757);
#7753 = LINE('',#7754,#7755);
#7754 = CARTESIAN_POINT('',(0.,0.));
#7755 = VECTOR('',#7756,1.);
#7756 = DIRECTION('',(1.,0.));
#7757 = ( GEOMETRIC_REPRESENTATION_CONTEXT(2) 
PARAMETRIC_REPRESENTATION_CONTEXT() REPRESENTATION_CONTEXT('2D SPACE',''
  ) );
#7758 = ORIENTED_EDGE('',*,*,#7759,.F.);
#7759 = EDGE_CURVE('',#7652,#7732,#7760,.T.);
#7760 = SURFACE_CURVE('',#7761,(#7766,#7773),.PCURVE_S1.);
#7761 = CIRCLE('',#7762,0.5);
#7762 = AXIS2_PLACEMENT_3D('',#7763,#7764,#7765);
#7763 = CARTESIAN_POINT('',(3.1,17.9,10.));
#7764 = DIRECTION('',(0.,0.,1.));
#7765 = DIRECTION('',(1.,0.,-0.));
#7766 = PCURVE('',#7667,#7767);
#7767 = DEFINITIONAL_REPRESENTATION('',(#7768),#7772);
#7768 = LINE('',#7769,#7770);
#7769 = CARTESIAN_POINT('',(3.14159265359,0.));
#7770 = VECTOR('',#7771,1.);
#7771 = DIRECTION('',(-1.,0.));
#7772 = ( GEOMETRIC_REPRESENTATION_CONTEXT(2) 
PARAMETRIC_REPRESENTATION_CONTEXT() REPRESENTATION_CONTEXT('2D SPACE',''
  ) );
#7773 = PCURVE('',#168,#7774);
#7774 = DEFINITIONAL_REPRESENTATION('',(#7775),#7779);
#7775 = CIRCLE('',#7776,0.5);
#7776 = AXIS2_PLACEMENT_2D('',#7777,#7778);
#7777 = CARTESIAN_POINT('',(15.9,3.78032864436));
#7778 = DIRECTION('',(1.,0.));
#7779 = ( GEOMETRIC_REPRESENTATION_CONTEXT(2) 
PARAMETRIC_REPRESENTATION_CONTEXT() REPRESENTATION_CONTEXT('2D SPACE',''
  ) );
#7780 = ADVANCED_FACE('',(#7781,#8360,#8939),#7747,.F.);
#7781 = FACE_BOUND('',#7782,.T.);
#7782 = EDGE_LOOP('',(#7783,#7813,#7846,#7874,#7907,#7935,#7968,#7996,
    #8024,#8052,#8085,#8113,#8146,#8174,#8207,#8235,#8268,#8301,#8329));
#7783 = ORIENTED_EDGE('',*,*,#7784,.F.);
#7784 = EDGE_CURVE('',#7785,#7787,#7789,.T.);
#7785 = VERTEX_POINT('',#7786);
#7786 = CARTESIAN_POINT('',(-7.273205080757,18.4,6.55));
#7787 = VERTEX_POINT('',#7788);
#7788 = CARTESIAN_POINT('',(-7.273205080757,18.4,8.05));
#7789 = SURFACE_CURVE('',#7790,(#7794,#7801),.PCURVE_S1.);
#7790 = LINE('',#7791,#7792);
#7791 = CARTESIAN_POINT('',(-7.273205080757,18.4,6.55));
#7792 = VECTOR('',#7793,1.);
#7793 = DIRECTION('',(0.,0.,1.));
#7794 = PCURVE('',#7747,#7795);
#7795 = DEFINITIONAL_REPRESENTATION('',(#7796),#7800);
#7796 = LINE('',#7797,#7798);
#7797 = CARTESIAN_POINT('',(3.45,-10.37320508075));
#7798 = VECTOR('',#7799,1.);
#7799 = DIRECTION('',(-1.,0.));
#7800 = ( GEOMETRIC_REPRESENTATION_CONTEXT(2) 
PARAMETRIC_REPRESENTATION_CONTEXT() REPRESENTATION_CONTEXT('2D SPACE',''
  ) );
#7801 = PCURVE('',#7802,#7807);
#7802 = PLANE('',#7803);
#7803 = AXIS2_PLACEMENT_3D('',#7804,#7805,#7806);
#7804 = CARTESIAN_POINT('',(-7.1,18.1,6.55));
#7805 = DIRECTION('',(0.866025403784,0.5,0.));
#7806 = DIRECTION('',(-0.5,0.866025403784,0.));
#7807 = DEFINITIONAL_REPRESENTATION('',(#7808),#7812);
#7808 = LINE('',#7809,#7810);
#7809 = CARTESIAN_POINT('',(0.346410161514,0.));
#7810 = VECTOR('',#7811,1.);
#7811 = DIRECTION('',(0.,1.));
#7812 = ( GEOMETRIC_REPRESENTATION_CONTEXT(2) 
PARAMETRIC_REPRESENTATION_CONTEXT() REPRESENTATION_CONTEXT('2D SPACE',''
  ) );
#7813 = ORIENTED_EDGE('',*,*,#7814,.F.);
#7814 = EDGE_CURVE('',#7815,#7785,#7817,.T.);
#7815 = VERTEX_POINT('',#7816);
#7816 = CARTESIAN_POINT('',(-6.8,18.4,6.076794919243));
#7817 = SURFACE_CURVE('',#7818,(#7823,#7834),.PCURVE_S1.);
#7818 = CIRCLE('',#7819,0.473205080757);
#7819 = AXIS2_PLACEMENT_3D('',#7820,#7821,#7822);
#7820 = CARTESIAN_POINT('',(-6.8,18.4,6.55));
#7821 = DIRECTION('',(0.,1.,0.));
#7822 = DIRECTION('',(0.,-0.,1.));
#7823 = PCURVE('',#7747,#7824);
#7824 = DEFINITIONAL_REPRESENTATION('',(#7825),#7833);
#7825 = ( BOUNDED_CURVE() B_SPLINE_CURVE(2,(#7826,#7827,#7828,#7829,
#7830,#7831,#7832),.UNSPECIFIED.,.T.,.F.) B_SPLINE_CURVE_WITH_KNOTS((1,2
    ,2,2,2,1),(-2.094395102393,0.,2.094395102393,4.188790204786,
6.28318530718,8.377580409573),.UNSPECIFIED.) CURVE() 
GEOMETRIC_REPRESENTATION_ITEM() RATIONAL_B_SPLINE_CURVE((1.,0.5,1.,0.5,
1.,0.5,1.)) REPRESENTATION_ITEM('') );
#7826 = CARTESIAN_POINT('',(2.976794919243,-9.9));
#7827 = CARTESIAN_POINT('',(2.976794919243,-9.080384757729));
#7828 = CARTESIAN_POINT('',(3.686602540378,-9.490192378865));
#7829 = CARTESIAN_POINT('',(4.396410161514,-9.9));
#7830 = CARTESIAN_POINT('',(3.686602540378,-10.30980762113));
#7831 = CARTESIAN_POINT('',(2.976794919243,-10.71961524227));
#7832 = CARTESIAN_POINT('',(2.976794919243,-9.9));
#7833 = ( GEOMETRIC_REPRESENTATION_CONTEXT(2) 
PARAMETRIC_REPRESENTATION_CONTEXT() REPRESENTATION_CONTEXT('2D SPACE',''
  ) );
#7834 = PCURVE('',#7835,#7840);
#7835 = CONICAL_SURFACE('',#7836,0.3,0.523598775598);
#7836 = AXIS2_PLACEMENT_3D('',#7837,#7838,#7839);
#7837 = CARTESIAN_POINT('',(-6.8,18.1,6.55));
#7838 = DIRECTION('',(0.,1.,0.));
#7839 = DIRECTION('',(1.,0.,0.));
#7840 = DEFINITIONAL_REPRESENTATION('',(#7841),#7845);
#7841 = LINE('',#7842,#7843);
#7842 = CARTESIAN_POINT('',(-1.570796326795,0.3));
#7843 = VECTOR('',#7844,1.);
#7844 = DIRECTION('',(1.,0.));
#7845 = ( GEOMETRIC_REPRESENTATION_CONTEXT(2) 
PARAMETRIC_REPRESENTATION_CONTEXT() REPRESENTATION_CONTEXT('2D SPACE',''
  ) );
#7846 = ORIENTED_EDGE('',*,*,#7847,.F.);
#7847 = EDGE_CURVE('',#7848,#7815,#7850,.T.);
#7848 = VERTEX_POINT('',#7849);
#7849 = CARTESIAN_POINT('',(-5.3,18.4,6.076794919243));
#7850 = SURFACE_CURVE('',#7851,(#7855,#7862),.PCURVE_S1.);
#7851 = LINE('',#7852,#7853);
#7852 = CARTESIAN_POINT('',(-5.3,18.4,6.076794919243));
#7853 = VECTOR('',#7854,1.);
#7854 = DIRECTION('',(-1.,0.,0.));
#7855 = PCURVE('',#7747,#7856);
#7856 = DEFINITIONAL_REPRESENTATION('',(#7857),#7861);
#7857 = LINE('',#7858,#7859);
#7858 = CARTESIAN_POINT('',(3.923205080757,-8.4));
#7859 = VECTOR('',#7860,1.);
#7860 = DIRECTION('',(0.,-1.));
#7861 = ( GEOMETRIC_REPRESENTATION_CONTEXT(2) 
PARAMETRIC_REPRESENTATION_CONTEXT() REPRESENTATION_CONTEXT('2D SPACE',''
  ) );
#7862 = PCURVE('',#7863,#7868);
#7863 = PLANE('',#7864);
#7864 = AXIS2_PLACEMENT_3D('',#7865,#7866,#7867);
#7865 = CARTESIAN_POINT('',(-5.3,18.1,6.25));
#7866 = DIRECTION('',(0.,0.5,0.866025403784));
#7867 = DIRECTION('',(0.,0.866025403784,-0.5));
#7868 = DEFINITIONAL_REPRESENTATION('',(#7869),#7873);
#7869 = LINE('',#7870,#7871);
#7870 = CARTESIAN_POINT('',(0.346410161514,0.));
#7871 = VECTOR('',#7872,1.);
#7872 = DIRECTION('',(0.,1.));
#7873 = ( GEOMETRIC_REPRESENTATION_CONTEXT(2) 
PARAMETRIC_REPRESENTATION_CONTEXT() REPRESENTATION_CONTEXT('2D SPACE',''
  ) );
#7874 = ORIENTED_EDGE('',*,*,#7875,.T.);
#7875 = EDGE_CURVE('',#7848,#7876,#7878,.T.);
#7876 = VERTEX_POINT('',#7877);
#7877 = CARTESIAN_POINT('',(-5.273205080757,18.4,6.05));
#7878 = SURFACE_CURVE('',#7879,(#7884,#7895),.PCURVE_S1.);
#7879 = CIRCLE('',#7880,2.679491924311E-02);
#7880 = AXIS2_PLACEMENT_3D('',#7881,#7882,#7883);
#7881 = CARTESIAN_POINT('',(-5.3,18.4,6.05));
#7882 = DIRECTION('',(0.,1.,0.));
#7883 = DIRECTION('',(0.,-0.,1.));
#7884 = PCURVE('',#7747,#7885);
#7885 = DEFINITIONAL_REPRESENTATION('',(#7886),#7894);
#7886 = ( BOUNDED_CURVE() B_SPLINE_CURVE(2,(#7887,#7888,#7889,#7890,
#7891,#7892,#7893),.UNSPECIFIED.,.T.,.F.) B_SPLINE_CURVE_WITH_KNOTS((1,2
    ,2,2,2,1),(-2.094395102393,0.,2.094395102393,4.188790204786,
6.28318530718,8.377580409573),.UNSPECIFIED.) CURVE() 
GEOMETRIC_REPRESENTATION_ITEM() RATIONAL_B_SPLINE_CURVE((1.,0.5,1.,0.5,
1.,0.5,1.)) REPRESENTATION_ITEM('') );
#7887 = CARTESIAN_POINT('',(3.923205080757,-8.4));
#7888 = CARTESIAN_POINT('',(3.923205080757,-8.353589838486));
#7889 = CARTESIAN_POINT('',(3.963397459622,-8.376794919243));
#7890 = CARTESIAN_POINT('',(4.003589838486,-8.4));
#7891 = CARTESIAN_POINT('',(3.963397459622,-8.423205080757));
#7892 = CARTESIAN_POINT('',(3.923205080757,-8.446410161514));
#7893 = CARTESIAN_POINT('',(3.923205080757,-8.4));
#7894 = ( GEOMETRIC_REPRESENTATION_CONTEXT(2) 
PARAMETRIC_REPRESENTATION_CONTEXT() REPRESENTATION_CONTEXT('2D SPACE',''
  ) );
#7895 = PCURVE('',#7896,#7901);
#7896 = CONICAL_SURFACE('',#7897,0.2,0.523598775598);
#7897 = AXIS2_PLACEMENT_3D('',#7898,#7899,#7900);
#7898 = CARTESIAN_POINT('',(-5.3,18.1,6.05));
#7899 = DIRECTION('',(0.,-1.,0.));
#7900 = DIRECTION('',(1.,0.,0.));
#7901 = DEFINITIONAL_REPRESENTATION('',(#7902),#7906);
#7902 = LINE('',#7903,#7904);
#7903 = CARTESIAN_POINT('',(1.570796326795,-0.3));
#7904 = VECTOR('',#7905,1.);
#7905 = DIRECTION('',(-1.,0.));
#7906 = ( GEOMETRIC_REPRESENTATION_CONTEXT(2) 
PARAMETRIC_REPRESENTATION_CONTEXT() REPRESENTATION_CONTEXT('2D SPACE',''
  ) );
#7907 = ORIENTED_EDGE('',*,*,#7908,.F.);
#7908 = EDGE_CURVE('',#7909,#7876,#7911,.T.);
#7909 = VERTEX_POINT('',#7910);
#7910 = CARTESIAN_POINT('',(-5.273205080757,18.4,6.019230484541));
#7911 = SURFACE_CURVE('',#7912,(#7916,#7923),.PCURVE_S1.);
#7912 = LINE('',#7913,#7914);
#7913 = CARTESIAN_POINT('',(-5.273205080757,18.4,6.019230484541));
#7914 = VECTOR('',#7915,1.);
#7915 = DIRECTION('',(0.,0.,1.));
#7916 = PCURVE('',#7747,#7917);
#7917 = DEFINITIONAL_REPRESENTATION('',(#7918),#7922);
#7918 = LINE('',#7919,#7920);
#7919 = CARTESIAN_POINT('',(3.980769515459,-8.373205080757));
#7920 = VECTOR('',#7921,1.);
#7921 = DIRECTION('',(-1.,0.));
#7922 = ( GEOMETRIC_REPRESENTATION_CONTEXT(2) 
PARAMETRIC_REPRESENTATION_CONTEXT() REPRESENTATION_CONTEXT('2D SPACE',''
  ) );
#7923 = PCURVE('',#7924,#7929);
#7924 = PLANE('',#7925);
#7925 = AXIS2_PLACEMENT_3D('',#7926,#7927,#7928);
#7926 = CARTESIAN_POINT('',(-5.1,18.1,6.019230484541));
#7927 = DIRECTION('',(0.866025403784,0.5,0.));
#7928 = DIRECTION('',(-0.5,0.866025403784,0.));
#7929 = DEFINITIONAL_REPRESENTATION('',(#7930),#7934);
#7930 = LINE('',#7931,#7932);
#7931 = CARTESIAN_POINT('',(0.346410161514,0.));
#7932 = VECTOR('',#7933,1.);
#7933 = DIRECTION('',(0.,1.));
#7934 = ( GEOMETRIC_REPRESENTATION_CONTEXT(2) 
PARAMETRIC_REPRESENTATION_CONTEXT() REPRESENTATION_CONTEXT('2D SPACE',''
  ) );
#7935 = ORIENTED_EDGE('',*,*,#7936,.F.);
#7936 = EDGE_CURVE('',#7937,#7909,#7939,.T.);
#7937 = VERTEX_POINT('',#7938);
#7938 = CARTESIAN_POINT('',(-4.936602540378,18.4,5.436217782649));
#7939 = SURFACE_CURVE('',#7940,(#7945,#7956),.PCURVE_S1.);
#7940 = CIRCLE('',#7941,0.673205080757);
#7941 = AXIS2_PLACEMENT_3D('',#7942,#7943,#7944);
#7942 = CARTESIAN_POINT('',(-4.6,18.4,6.019230484541));
#7943 = DIRECTION('',(0.,1.,0.));
#7944 = DIRECTION('',(0.,-0.,1.));
#7945 = PCURVE('',#7747,#7946);
#7946 = DEFINITIONAL_REPRESENTATION('',(#7947),#7955);
#7947 = ( BOUNDED_CURVE() B_SPLINE_CURVE(2,(#7948,#7949,#7950,#7951,
#7952,#7953,#7954),.UNSPECIFIED.,.T.,.F.) B_SPLINE_CURVE_WITH_KNOTS((1,2
    ,2,2,2,1),(-2.094395102393,0.,2.094395102393,4.188790204786,
6.28318530718,8.377580409573),.UNSPECIFIED.) CURVE() 
GEOMETRIC_REPRESENTATION_ITEM() RATIONAL_B_SPLINE_CURVE((1.,0.5,1.,0.5,
1.,0.5,1.)) REPRESENTATION_ITEM('') );
#7948 = CARTESIAN_POINT('',(3.307564434702,-7.7));
#7949 = CARTESIAN_POINT('',(3.307564434702,-6.533974596216));
#7950 = CARTESIAN_POINT('',(4.317372055837,-7.116987298108));
#7951 = CARTESIAN_POINT('',(5.327179676972,-7.7));
#7952 = CARTESIAN_POINT('',(4.317372055837,-8.283012701892));
#7953 = CARTESIAN_POINT('',(3.307564434702,-8.866025403784));
#7954 = CARTESIAN_POINT('',(3.307564434702,-7.7));
#7955 = ( GEOMETRIC_REPRESENTATION_CONTEXT(2) 
PARAMETRIC_REPRESENTATION_CONTEXT() REPRESENTATION_CONTEXT('2D SPACE',''
  ) );
#7956 = PCURVE('',#7957,#7962);
#7957 = CONICAL_SURFACE('',#7958,0.5,0.523598775598);
#7958 = AXIS2_PLACEMENT_3D('',#7959,#7960,#7961);
#7959 = CARTESIAN_POINT('',(-4.6,18.1,6.019230484541));
#7960 = DIRECTION('',(0.,1.,0.));
#7961 = DIRECTION('',(1.,0.,0.));
#7962 = DEFINITIONAL_REPRESENTATION('',(#7963),#7967);
#7963 = LINE('',#7964,#7965);
#7964 = CARTESIAN_POINT('',(-1.570796326795,0.3));
#7965 = VECTOR('',#7966,1.);
#7966 = DIRECTION('',(1.,1.836294101515E-16));
#7967 = ( GEOMETRIC_REPRESENTATION_CONTEXT(2) 
PARAMETRIC_REPRESENTATION_CONTEXT() REPRESENTATION_CONTEXT('2D SPACE',''
  ) );
#7968 = ORIENTED_EDGE('',*,*,#7969,.F.);
#7969 = EDGE_CURVE('',#7970,#7937,#7972,.T.);
#7970 = VERTEX_POINT('',#7971);
#7971 = CARTESIAN_POINT('',(-3.881051177665,18.4,4.826794919243));
#7972 = SURFACE_CURVE('',#7973,(#7977,#7984),.PCURVE_S1.);
#7973 = LINE('',#7974,#7975);
#7974 = CARTESIAN_POINT('',(-3.92124355653,18.4,4.85));
#7975 = VECTOR('',#7976,1.);
#7976 = DIRECTION('',(-0.866025403784,0.,0.5));
#7977 = PCURVE('',#7747,#7978);
#7978 = DEFINITIONAL_REPRESENTATION('',(#7979),#7983);
#7979 = LINE('',#7980,#7981);
#7980 = CARTESIAN_POINT('',(5.15,-7.02124355653));
#7981 = VECTOR('',#7982,1.);
#7982 = DIRECTION('',(-0.5,-0.866025403784));
#7983 = ( GEOMETRIC_REPRESENTATION_CONTEXT(2) 
PARAMETRIC_REPRESENTATION_CONTEXT() REPRESENTATION_CONTEXT('2D SPACE',''
  ) );
#7984 = PCURVE('',#7985,#7990);
#7985 = PLANE('',#7986);
#7986 = AXIS2_PLACEMENT_3D('',#7987,#7988,#7989);
#7987 = CARTESIAN_POINT('',(-3.834641016151,18.1,5.));
#7988 = DIRECTION('',(0.433012701892,0.5,0.75));
#7989 = DIRECTION('',(-0.25,0.866025403784,-0.433012701892));
#7990 = DEFINITIONAL_REPRESENTATION('',(#7991),#7995);
#7991 = LINE('',#7992,#7993);
#7992 = CARTESIAN_POINT('',(0.346410161514,-3.719247132494E-15));
#7993 = VECTOR('',#7994,1.);
#7994 = DIRECTION('',(1.942890293094E-16,1.));
#7995 = ( GEOMETRIC_REPRESENTATION_CONTEXT(2) 
PARAMETRIC_REPRESENTATION_CONTEXT() REPRESENTATION_CONTEXT('2D SPACE',''
  ) );
#7996 = ORIENTED_EDGE('',*,*,#7997,.F.);
#7997 = EDGE_CURVE('',#7998,#7970,#8000,.T.);
#7998 = VERTEX_POINT('',#7999);
#7999 = CARTESIAN_POINT('',(0.381051177665,18.4,4.826794919243));
#8000 = SURFACE_CURVE('',#8001,(#8005,#8012),.PCURVE_S1.);
#8001 = LINE('',#8002,#8003);
#8002 = CARTESIAN_POINT('',(0.334641016151,18.4,4.826794919243));
#8003 = VECTOR('',#8004,1.);
#8004 = DIRECTION('',(-1.,0.,0.));
#8005 = PCURVE('',#7747,#8006);
#8006 = DEFINITIONAL_REPRESENTATION('',(#8007),#8011);
#8007 = LINE('',#8008,#8009);
#8008 = CARTESIAN_POINT('',(5.173205080757,-2.765358983849));
#8009 = VECTOR('',#8010,1.);
#8010 = DIRECTION('',(0.,-1.));
#8011 = ( GEOMETRIC_REPRESENTATION_CONTEXT(2) 
PARAMETRIC_REPRESENTATION_CONTEXT() REPRESENTATION_CONTEXT('2D SPACE',''
  ) );
#8012 = PCURVE('',#8013,#8018);
#8013 = PLANE('',#8014);
#8014 = AXIS2_PLACEMENT_3D('',#8015,#8016,#8017);
#8015 = CARTESIAN_POINT('',(0.334641016151,18.1,5.));
#8016 = DIRECTION('',(0.,0.5,0.866025403784));
#8017 = DIRECTION('',(0.,0.866025403784,-0.5));
#8018 = DEFINITIONAL_REPRESENTATION('',(#8019),#8023);
#8019 = LINE('',#8020,#8021);
#8020 = CARTESIAN_POINT('',(0.346410161514,0.));
#8021 = VECTOR('',#8022,1.);
#8022 = DIRECTION('',(0.,1.));
#8023 = ( GEOMETRIC_REPRESENTATION_CONTEXT(2) 
PARAMETRIC_REPRESENTATION_CONTEXT() REPRESENTATION_CONTEXT('2D SPACE',''
  ) );
#8024 = ORIENTED_EDGE('',*,*,#8025,.F.);
#8025 = EDGE_CURVE('',#8026,#7998,#8028,.T.);
#8026 = VERTEX_POINT('',#8027);
#8027 = CARTESIAN_POINT('',(0.936602540378,18.4,5.147542648054));
#8028 = SURFACE_CURVE('',#8029,(#8033,#8040),.PCURVE_S1.);
#8029 = LINE('',#8030,#8031);
#8030 = CARTESIAN_POINT('',(0.936602540378,18.4,5.147542648054));
#8031 = VECTOR('',#8032,1.);
#8032 = DIRECTION('',(-0.866025403784,0.,-0.5));
#8033 = PCURVE('',#7747,#8034);
#8034 = DEFINITIONAL_REPRESENTATION('',(#8035),#8039);
#8035 = LINE('',#8036,#8037);
#8036 = CARTESIAN_POINT('',(4.852457351946,-2.163397459622));
#8037 = VECTOR('',#8038,1.);
#8038 = DIRECTION('',(0.5,-0.866025403784));
#8039 = ( GEOMETRIC_REPRESENTATION_CONTEXT(2) 
PARAMETRIC_REPRESENTATION_CONTEXT() REPRESENTATION_CONTEXT('2D SPACE',''
  ) );
#8040 = PCURVE('',#8041,#8046);
#8041 = PLANE('',#8042);
#8042 = AXIS2_PLACEMENT_3D('',#8043,#8044,#8045);
#8043 = CARTESIAN_POINT('',(0.85,18.1,5.297542648054));
#8044 = DIRECTION('',(-0.433012701892,0.5,0.75));
#8045 = DIRECTION('',(0.25,0.866025403784,-0.433012701892));
#8046 = DEFINITIONAL_REPRESENTATION('',(#8047),#8051);
#8047 = LINE('',#8048,#8049);
#8048 = CARTESIAN_POINT('',(0.346410161514,3.053113317719E-16));
#8049 = VECTOR('',#8050,1.);
#8050 = DIRECTION('',(-2.498001805407E-16,1.));
#8051 = ( GEOMETRIC_REPRESENTATION_CONTEXT(2) 
PARAMETRIC_REPRESENTATION_CONTEXT() REPRESENTATION_CONTEXT('2D SPACE',''
  ) );
#8052 = ORIENTED_EDGE('',*,*,#8053,.F.);
#8053 = EDGE_CURVE('',#8054,#8026,#8056,.T.);
#8054 = VERTEX_POINT('',#8055);
#8055 = CARTESIAN_POINT('',(1.273205080757,18.4,5.730555349947));
#8056 = SURFACE_CURVE('',#8057,(#8062,#8073),.PCURVE_S1.);
#8057 = CIRCLE('',#8058,0.673205080757);
#8058 = AXIS2_PLACEMENT_3D('',#8059,#8060,#8061);
#8059 = CARTESIAN_POINT('',(0.6,18.4,5.730555349947));
#8060 = DIRECTION('',(0.,1.,0.));
#8061 = DIRECTION('',(0.,-0.,1.));
#8062 = PCURVE('',#7747,#8063);
#8063 = DEFINITIONAL_REPRESENTATION('',(#8064),#8072);
#8064 = ( BOUNDED_CURVE() B_SPLINE_CURVE(2,(#8065,#8066,#8067,#8068,
#8069,#8070,#8071),.UNSPECIFIED.,.T.,.F.) B_SPLINE_CURVE_WITH_KNOTS((1,2
    ,2,2,2,1),(-2.094395102393,0.,2.094395102393,4.188790204786,
6.28318530718,8.377580409573),.UNSPECIFIED.) CURVE() 
GEOMETRIC_REPRESENTATION_ITEM() RATIONAL_B_SPLINE_CURVE((1.,0.5,1.,0.5,
1.,0.5,1.)) REPRESENTATION_ITEM('') );
#8065 = CARTESIAN_POINT('',(3.596239569297,-2.5));
#8066 = CARTESIAN_POINT('',(3.596239569297,-1.333974596216));
#8067 = CARTESIAN_POINT('',(4.606047190432,-1.916987298108));
#8068 = CARTESIAN_POINT('',(5.615854811567,-2.5));
#8069 = CARTESIAN_POINT('',(4.606047190432,-3.083012701892));
#8070 = CARTESIAN_POINT('',(3.596239569297,-3.666025403784));
#8071 = CARTESIAN_POINT('',(3.596239569297,-2.5));
#8072 = ( GEOMETRIC_REPRESENTATION_CONTEXT(2) 
PARAMETRIC_REPRESENTATION_CONTEXT() REPRESENTATION_CONTEXT('2D SPACE',''
  ) );
#8073 = PCURVE('',#8074,#8079);
#8074 = CONICAL_SURFACE('',#8075,0.5,0.523598775598);
#8075 = AXIS2_PLACEMENT_3D('',#8076,#8077,#8078);
#8076 = CARTESIAN_POINT('',(0.6,18.1,5.730555349947));
#8077 = DIRECTION('',(0.,1.,0.));
#8078 = DIRECTION('',(1.,0.,0.));
#8079 = DEFINITIONAL_REPRESENTATION('',(#8080),#8084);
#8080 = LINE('',#8081,#8082);
#8081 = CARTESIAN_POINT('',(-1.570796326795,0.3));
#8082 = VECTOR('',#8083,1.);
#8083 = DIRECTION('',(1.,9.181470507576E-17));
#8084 = ( GEOMETRIC_REPRESENTATION_CONTEXT(2) 
PARAMETRIC_REPRESENTATION_CONTEXT() REPRESENTATION_CONTEXT('2D SPACE',''
  ) );
#8085 = ORIENTED_EDGE('',*,*,#8086,.F.);
#8086 = EDGE_CURVE('',#8087,#8054,#8089,.T.);
#8087 = VERTEX_POINT('',#8088);
#8088 = CARTESIAN_POINT('',(1.273205080757,18.4,8.9));
#8089 = SURFACE_CURVE('',#8090,(#8094,#8101),.PCURVE_S1.);
#8090 = LINE('',#8091,#8092);
#8091 = CARTESIAN_POINT('',(1.273205080757,18.4,8.9));
#8092 = VECTOR('',#8093,1.);
#8093 = DIRECTION('',(0.,0.,-1.));
#8094 = PCURVE('',#7747,#8095);
#8095 = DEFINITIONAL_REPRESENTATION('',(#8096),#8100);
#8096 = LINE('',#8097,#8098);
#8097 = CARTESIAN_POINT('',(1.1,-1.826794919243));
#8098 = VECTOR('',#8099,1.);
#8099 = DIRECTION('',(1.,0.));
#8100 = ( GEOMETRIC_REPRESENTATION_CONTEXT(2) 
PARAMETRIC_REPRESENTATION_CONTEXT() REPRESENTATION_CONTEXT('2D SPACE',''
  ) );
#8101 = PCURVE('',#8102,#8107);
#8102 = PLANE('',#8103);
#8103 = AXIS2_PLACEMENT_3D('',#8104,#8105,#8106);
#8104 = CARTESIAN_POINT('',(1.1,18.1,8.9));
#8105 = DIRECTION('',(-0.866025403784,0.5,0.));
#8106 = DIRECTION('',(0.5,0.866025403784,0.));
#8107 = DEFINITIONAL_REPRESENTATION('',(#8108),#8112);
#8108 = LINE('',#8109,#8110);
#8109 = CARTESIAN_POINT('',(0.346410161514,0.));
#8110 = VECTOR('',#8111,1.);
#8111 = DIRECTION('',(0.,1.));
#8112 = ( GEOMETRIC_REPRESENTATION_CONTEXT(2) 
PARAMETRIC_REPRESENTATION_CONTEXT() REPRESENTATION_CONTEXT('2D SPACE',''
  ) );
#8113 = ORIENTED_EDGE('',*,*,#8114,.F.);
#8114 = EDGE_CURVE('',#8115,#8087,#8117,.T.);
#8115 = VERTEX_POINT('',#8116);
#8116 = CARTESIAN_POINT('',(0.6,18.4,9.573205080757));
#8117 = SURFACE_CURVE('',#8118,(#8123,#8134),.PCURVE_S1.);
#8118 = CIRCLE('',#8119,0.673205080757);
#8119 = AXIS2_PLACEMENT_3D('',#8120,#8121,#8122);
#8120 = CARTESIAN_POINT('',(0.6,18.4,8.9));
#8121 = DIRECTION('',(0.,1.,0.));
#8122 = DIRECTION('',(0.,-0.,1.));
#8123 = PCURVE('',#7747,#8124);
#8124 = DEFINITIONAL_REPRESENTATION('',(#8125),#8133);
#8125 = ( BOUNDED_CURVE() B_SPLINE_CURVE(2,(#8126,#8127,#8128,#8129,
#8130,#8131,#8132),.UNSPECIFIED.,.T.,.F.) B_SPLINE_CURVE_WITH_KNOTS((1,2
    ,2,2,2,1),(-2.094395102393,0.,2.094395102393,4.188790204786,
6.28318530718,8.377580409573),.UNSPECIFIED.) CURVE() 
GEOMETRIC_REPRESENTATION_ITEM() RATIONAL_B_SPLINE_CURVE((1.,0.5,1.,0.5,
1.,0.5,1.)) REPRESENTATION_ITEM('') );
#8126 = CARTESIAN_POINT('',(0.426794919243,-2.5));
#8127 = CARTESIAN_POINT('',(0.426794919243,-1.333974596216));
#8128 = CARTESIAN_POINT('',(1.436602540378,-1.916987298108));
#8129 = CARTESIAN_POINT('',(2.446410161514,-2.5));
#8130 = CARTESIAN_POINT('',(1.436602540378,-3.083012701892));
#8131 = CARTESIAN_POINT('',(0.426794919243,-3.666025403784));
#8132 = CARTESIAN_POINT('',(0.426794919243,-2.5));
#8133 = ( GEOMETRIC_REPRESENTATION_CONTEXT(2) 
PARAMETRIC_REPRESENTATION_CONTEXT() REPRESENTATION_CONTEXT('2D SPACE',''
  ) );
#8134 = PCURVE('',#8135,#8140);
#8135 = CONICAL_SURFACE('',#8136,0.5,0.523598775598);
#8136 = AXIS2_PLACEMENT_3D('',#8137,#8138,#8139);
#8137 = CARTESIAN_POINT('',(0.6,18.1,8.9));
#8138 = DIRECTION('',(0.,1.,0.));
#8139 = DIRECTION('',(1.,0.,0.));
#8140 = DEFINITIONAL_REPRESENTATION('',(#8141),#8145);
#8141 = LINE('',#8142,#8143);
#8142 = CARTESIAN_POINT('',(4.712388980385,0.3));
#8143 = VECTOR('',#8144,1.);
#8144 = DIRECTION('',(1.,1.530245084596E-16));
#8145 = ( GEOMETRIC_REPRESENTATION_CONTEXT(2) 
PARAMETRIC_REPRESENTATION_CONTEXT() REPRESENTATION_CONTEXT('2D SPACE',''
  ) );
#8146 = ORIENTED_EDGE('',*,*,#8147,.F.);
#8147 = EDGE_CURVE('',#8148,#8115,#8150,.T.);
#8148 = VERTEX_POINT('',#8149);
#8149 = CARTESIAN_POINT('',(-3.85,18.4,9.573205080757));
#8150 = SURFACE_CURVE('',#8151,(#8155,#8162),.PCURVE_S1.);
#8151 = LINE('',#8152,#8153);
#8152 = CARTESIAN_POINT('',(-3.85,18.4,9.573205080757));
#8153 = VECTOR('',#8154,1.);
#8154 = DIRECTION('',(1.,0.,0.));
#8155 = PCURVE('',#7747,#8156);
#8156 = DEFINITIONAL_REPRESENTATION('',(#8157),#8161);
#8157 = LINE('',#8158,#8159);
#8158 = CARTESIAN_POINT('',(0.426794919243,-6.95));
#8159 = VECTOR('',#8160,1.);
#8160 = DIRECTION('',(0.,1.));
#8161 = ( GEOMETRIC_REPRESENTATION_CONTEXT(2) 
PARAMETRIC_REPRESENTATION_CONTEXT() REPRESENTATION_CONTEXT('2D SPACE',''
  ) );
#8162 = PCURVE('',#8163,#8168);
#8163 = PLANE('',#8164);
#8164 = AXIS2_PLACEMENT_3D('',#8165,#8166,#8167);
#8165 = CARTESIAN_POINT('',(-3.85,18.1,9.4));
#8166 = DIRECTION('',(0.,0.5,-0.866025403784));
#8167 = DIRECTION('',(0.,0.866025403784,0.5));
#8168 = DEFINITIONAL_REPRESENTATION('',(#8169),#8173);
#8169 = LINE('',#8170,#8171);
#8170 = CARTESIAN_POINT('',(0.346410161514,0.));
#8171 = VECTOR('',#8172,1.);
#8172 = DIRECTION('',(0.,1.));
#8173 = ( GEOMETRIC_REPRESENTATION_CONTEXT(2) 
PARAMETRIC_REPRESENTATION_CONTEXT() REPRESENTATION_CONTEXT('2D SPACE',''
  ) );
#8174 = ORIENTED_EDGE('',*,*,#8175,.F.);
#8175 = EDGE_CURVE('',#8176,#8148,#8178,.T.);
#8176 = VERTEX_POINT('',#8177);
#8177 = CARTESIAN_POINT('',(-4.186602540378,18.4,9.483012701892));
#8178 = SURFACE_CURVE('',#8179,(#8184,#8195),.PCURVE_S1.);
#8179 = CIRCLE('',#8180,0.673205080757);
#8180 = AXIS2_PLACEMENT_3D('',#8181,#8182,#8183);
#8181 = CARTESIAN_POINT('',(-3.85,18.4,8.9));
#8182 = DIRECTION('',(0.,1.,0.));
#8183 = DIRECTION('',(0.,-0.,1.));
#8184 = PCURVE('',#7747,#8185);
#8185 = DEFINITIONAL_REPRESENTATION('',(#8186),#8194);
#8186 = ( BOUNDED_CURVE() B_SPLINE_CURVE(2,(#8187,#8188,#8189,#8190,
#8191,#8192,#8193),.UNSPECIFIED.,.T.,.F.) B_SPLINE_CURVE_WITH_KNOTS((1,2
    ,2,2,2,1),(-2.094395102393,0.,2.094395102393,4.188790204786,
6.28318530718,8.377580409573),.UNSPECIFIED.) CURVE() 
GEOMETRIC_REPRESENTATION_ITEM() RATIONAL_B_SPLINE_CURVE((1.,0.5,1.,0.5,
1.,0.5,1.)) REPRESENTATION_ITEM('') );
#8187 = CARTESIAN_POINT('',(0.426794919243,-6.95));
#8188 = CARTESIAN_POINT('',(0.426794919243,-5.783974596216));
#8189 = CARTESIAN_POINT('',(1.436602540378,-6.366987298108));
#8190 = CARTESIAN_POINT('',(2.446410161514,-6.95));
#8191 = CARTESIAN_POINT('',(1.436602540378,-7.533012701892));
#8192 = CARTESIAN_POINT('',(0.426794919243,-8.116025403784));
#8193 = CARTESIAN_POINT('',(0.426794919243,-6.95));
#8194 = ( GEOMETRIC_REPRESENTATION_CONTEXT(2) 
PARAMETRIC_REPRESENTATION_CONTEXT() REPRESENTATION_CONTEXT('2D SPACE',''
  ) );
#8195 = PCURVE('',#8196,#8201);
#8196 = CONICAL_SURFACE('',#8197,0.5,0.523598775598);
#8197 = AXIS2_PLACEMENT_3D('',#8198,#8199,#8200);
#8198 = CARTESIAN_POINT('',(-3.85,18.1,8.9));
#8199 = DIRECTION('',(0.,1.,0.));
#8200 = DIRECTION('',(1.,0.,0.));
#8201 = DEFINITIONAL_REPRESENTATION('',(#8202),#8206);
#8202 = LINE('',#8203,#8204);
#8203 = CARTESIAN_POINT('',(-1.570796326795,0.3));
#8204 = VECTOR('',#8205,1.);
#8205 = DIRECTION('',(1.,-1.193591165985E-15));
#8206 = ( GEOMETRIC_REPRESENTATION_CONTEXT(2) 
PARAMETRIC_REPRESENTATION_CONTEXT() REPRESENTATION_CONTEXT('2D SPACE',''
  ) );
#8207 = ORIENTED_EDGE('',*,*,#8208,.F.);
#8208 = EDGE_CURVE('',#8209,#8176,#8211,.T.);
#8209 = VERTEX_POINT('',#8210);
#8210 = CARTESIAN_POINT('',(-4.936602540378,18.4,9.05));
#8211 = SURFACE_CURVE('',#8212,(#8216,#8223),.PCURVE_S1.);
#8212 = LINE('',#8213,#8214);
#8213 = CARTESIAN_POINT('',(-4.936602540378,18.4,9.05));
#8214 = VECTOR('',#8215,1.);
#8215 = DIRECTION('',(0.866025403784,0.,0.5));
#8216 = PCURVE('',#7747,#8217);
#8217 = DEFINITIONAL_REPRESENTATION('',(#8218),#8222);
#8218 = LINE('',#8219,#8220);
#8219 = CARTESIAN_POINT('',(0.95,-8.036602540378));
#8220 = VECTOR('',#8221,1.);
#8221 = DIRECTION('',(-0.5,0.866025403784));
#8222 = ( GEOMETRIC_REPRESENTATION_CONTEXT(2) 
PARAMETRIC_REPRESENTATION_CONTEXT() REPRESENTATION_CONTEXT('2D SPACE',''
  ) );
#8223 = PCURVE('',#8224,#8229);
#8224 = PLANE('',#8225);
#8225 = AXIS2_PLACEMENT_3D('',#8226,#8227,#8228);
#8226 = CARTESIAN_POINT('',(-4.85,18.1,8.9));
#8227 = DIRECTION('',(0.433012701892,0.5,-0.75));
#8228 = DIRECTION('',(-0.25,0.866025403784,0.433012701892));
#8229 = DEFINITIONAL_REPRESENTATION('',(#8230),#8234);
#8230 = LINE('',#8231,#8232);
#8231 = CARTESIAN_POINT('',(0.346410161514,2.942091015257E-15));
#8232 = VECTOR('',#8233,1.);
#8233 = DIRECTION('',(5.551115123126E-17,1.));
#8234 = ( GEOMETRIC_REPRESENTATION_CONTEXT(2) 
PARAMETRIC_REPRESENTATION_CONTEXT() REPRESENTATION_CONTEXT('2D SPACE',''
  ) );
#8235 = ORIENTED_EDGE('',*,*,#8236,.F.);
#8236 = EDGE_CURVE('',#8237,#8209,#8239,.T.);
#8237 = VERTEX_POINT('',#8238);
#8238 = CARTESIAN_POINT('',(-5.268454510717,18.4,8.546822427333));
#8239 = SURFACE_CURVE('',#8240,(#8245,#8256),.PCURVE_S1.);
#8240 = CIRCLE('',#8241,0.673205080757);
#8241 = AXIS2_PLACEMENT_3D('',#8242,#8243,#8244);
#8242 = CARTESIAN_POINT('',(-4.6,18.4,8.466987298108));
#8243 = DIRECTION('',(0.,1.,0.));
#8244 = DIRECTION('',(0.,-0.,1.));
#8245 = PCURVE('',#7747,#8246);
#8246 = DEFINITIONAL_REPRESENTATION('',(#8247),#8255);
#8247 = ( BOUNDED_CURVE() B_SPLINE_CURVE(2,(#8248,#8249,#8250,#8251,
#8252,#8253,#8254),.UNSPECIFIED.,.T.,.F.) B_SPLINE_CURVE_WITH_KNOTS((1,2
    ,2,2,2,1),(-2.094395102393,0.,2.094395102393,4.188790204786,
6.28318530718,8.377580409573),.UNSPECIFIED.) CURVE() 
GEOMETRIC_REPRESENTATION_ITEM() RATIONAL_B_SPLINE_CURVE((1.,0.5,1.,0.5,
1.,0.5,1.)) REPRESENTATION_ITEM('') );
#8248 = CARTESIAN_POINT('',(0.859807621135,-7.7));
#8249 = CARTESIAN_POINT('',(0.859807621135,-6.533974596216));
#8250 = CARTESIAN_POINT('',(1.869615242271,-7.116987298108));
#8251 = CARTESIAN_POINT('',(2.879422863406,-7.7));
#8252 = CARTESIAN_POINT('',(1.869615242271,-8.283012701892));
#8253 = CARTESIAN_POINT('',(0.859807621135,-8.866025403784));
#8254 = CARTESIAN_POINT('',(0.859807621135,-7.7));
#8255 = ( GEOMETRIC_REPRESENTATION_CONTEXT(2) 
PARAMETRIC_REPRESENTATION_CONTEXT() REPRESENTATION_CONTEXT('2D SPACE',''
  ) );
#8256 = PCURVE('',#8257,#8262);
#8257 = CONICAL_SURFACE('',#8258,0.5,0.523598775598);
#8258 = AXIS2_PLACEMENT_3D('',#8259,#8260,#8261);
#8259 = CARTESIAN_POINT('',(-4.6,18.1,8.466987298108));
#8260 = DIRECTION('',(0.,1.,0.));
#8261 = DIRECTION('',(1.,0.,0.));
#8262 = DEFINITIONAL_REPRESENTATION('',(#8263),#8267);
#8263 = LINE('',#8264,#8265);
#8264 = CARTESIAN_POINT('',(-1.570796326795,0.3));
#8265 = VECTOR('',#8266,1.);
#8266 = DIRECTION('',(1.,-1.035712738101E-16));
#8267 = ( GEOMETRIC_REPRESENTATION_CONTEXT(2) 
PARAMETRIC_REPRESENTATION_CONTEXT() REPRESENTATION_CONTEXT('2D SPACE',''
  ) );
#8268 = ORIENTED_EDGE('',*,*,#8269,.T.);
#8269 = EDGE_CURVE('',#8237,#8270,#8272,.T.);
#8270 = VERTEX_POINT('',#8271);
#8271 = CARTESIAN_POINT('',(-5.295060350851,18.4,8.523205080757));
#8272 = SURFACE_CURVE('',#8273,(#8278,#8289),.PCURVE_S1.);
#8273 = CIRCLE('',#8274,2.679491924311E-02);
#8274 = AXIS2_PLACEMENT_3D('',#8275,#8276,#8277);
#8275 = CARTESIAN_POINT('',(-5.295060350851,18.4,8.55));
#8276 = DIRECTION('',(0.,1.,0.));
#8277 = DIRECTION('',(0.,-0.,1.));
#8278 = PCURVE('',#7747,#8279);
#8279 = DEFINITIONAL_REPRESENTATION('',(#8280),#8288);
#8280 = ( BOUNDED_CURVE() B_SPLINE_CURVE(2,(#8281,#8282,#8283,#8284,
#8285,#8286,#8287),.UNSPECIFIED.,.T.,.F.) B_SPLINE_CURVE_WITH_KNOTS((1,2
    ,2,2,2,1),(-2.094395102393,0.,2.094395102393,4.188790204786,
6.28318530718,8.377580409573),.UNSPECIFIED.) CURVE() 
GEOMETRIC_REPRESENTATION_ITEM() RATIONAL_B_SPLINE_CURVE((1.,0.5,1.,0.5,
1.,0.5,1.)) REPRESENTATION_ITEM('') );
#8281 = CARTESIAN_POINT('',(1.423205080757,-8.395060350851));
#8282 = CARTESIAN_POINT('',(1.423205080757,-8.348650189337));
#8283 = CARTESIAN_POINT('',(1.463397459622,-8.371855270094));
#8284 = CARTESIAN_POINT('',(1.503589838486,-8.395060350851));
#8285 = CARTESIAN_POINT('',(1.463397459622,-8.418265431607));
#8286 = CARTESIAN_POINT('',(1.423205080757,-8.441470512364));
#8287 = CARTESIAN_POINT('',(1.423205080757,-8.395060350851));
#8288 = ( GEOMETRIC_REPRESENTATION_CONTEXT(2) 
PARAMETRIC_REPRESENTATION_CONTEXT() REPRESENTATION_CONTEXT('2D SPACE',''
  ) );
#8289 = PCURVE('',#8290,#8295);
#8290 = CONICAL_SURFACE('',#8291,0.2,0.523598775598);
#8291 = AXIS2_PLACEMENT_3D('',#8292,#8293,#8294);
#8292 = CARTESIAN_POINT('',(-5.295060350851,18.1,8.55));
#8293 = DIRECTION('',(0.,-1.,0.));
#8294 = DIRECTION('',(1.,0.,0.));
#8295 = DEFINITIONAL_REPRESENTATION('',(#8296),#8300);
#8296 = LINE('',#8297,#8298);
#8297 = CARTESIAN_POINT('',(7.853981633975,-0.3));
#8298 = VECTOR('',#8299,1.);
#8299 = DIRECTION('',(-1.,2.979945380008E-16));
#8300 = ( GEOMETRIC_REPRESENTATION_CONTEXT(2) 
PARAMETRIC_REPRESENTATION_CONTEXT() REPRESENTATION_CONTEXT('2D SPACE',''
  ) );
#8301 = ORIENTED_EDGE('',*,*,#8302,.F.);
#8302 = EDGE_CURVE('',#8303,#8270,#8305,.T.);
#8303 = VERTEX_POINT('',#8304);
#8304 = CARTESIAN_POINT('',(-6.8,18.4,8.523205080757));
#8305 = SURFACE_CURVE('',#8306,(#8310,#8317),.PCURVE_S1.);
#8306 = LINE('',#8307,#8308);
#8307 = CARTESIAN_POINT('',(-6.8,18.4,8.523205080757));
#8308 = VECTOR('',#8309,1.);
#8309 = DIRECTION('',(1.,0.,0.));
#8310 = PCURVE('',#7747,#8311);
#8311 = DEFINITIONAL_REPRESENTATION('',(#8312),#8316);
#8312 = LINE('',#8313,#8314);
#8313 = CARTESIAN_POINT('',(1.476794919243,-9.9));
#8314 = VECTOR('',#8315,1.);
#8315 = DIRECTION('',(0.,1.));
#8316 = ( GEOMETRIC_REPRESENTATION_CONTEXT(2) 
PARAMETRIC_REPRESENTATION_CONTEXT() REPRESENTATION_CONTEXT('2D SPACE',''
  ) );
#8317 = PCURVE('',#8318,#8323);
#8318 = PLANE('',#8319);
#8319 = AXIS2_PLACEMENT_3D('',#8320,#8321,#8322);
#8320 = CARTESIAN_POINT('',(-6.8,18.1,8.35));
#8321 = DIRECTION('',(0.,0.5,-0.866025403784));
#8322 = DIRECTION('',(0.,0.866025403784,0.5));
#8323 = DEFINITIONAL_REPRESENTATION('',(#8324),#8328);
#8324 = LINE('',#8325,#8326);
#8325 = CARTESIAN_POINT('',(0.346410161514,0.));
#8326 = VECTOR('',#8327,1.);
#8327 = DIRECTION('',(0.,1.));
#8328 = ( GEOMETRIC_REPRESENTATION_CONTEXT(2) 
PARAMETRIC_REPRESENTATION_CONTEXT() REPRESENTATION_CONTEXT('2D SPACE',''
  ) );
#8329 = ORIENTED_EDGE('',*,*,#8330,.F.);
#8330 = EDGE_CURVE('',#7787,#8303,#8331,.T.);
#8331 = SURFACE_CURVE('',#8332,(#8337,#8348),.PCURVE_S1.);
#8332 = CIRCLE('',#8333,0.473205080757);
#8333 = AXIS2_PLACEMENT_3D('',#8334,#8335,#8336);
#8334 = CARTESIAN_POINT('',(-6.8,18.4,8.05));
#8335 = DIRECTION('',(0.,1.,0.));
#8336 = DIRECTION('',(0.,-0.,1.));
#8337 = PCURVE('',#7747,#8338);
#8338 = DEFINITIONAL_REPRESENTATION('',(#8339),#8347);
#8339 = ( BOUNDED_CURVE() B_SPLINE_CURVE(2,(#8340,#8341,#8342,#8343,
#8344,#8345,#8346),.UNSPECIFIED.,.T.,.F.) B_SPLINE_CURVE_WITH_KNOTS((1,2
    ,2,2,2,1),(-2.094395102393,0.,2.094395102393,4.188790204786,
6.28318530718,8.377580409573),.UNSPECIFIED.) CURVE() 
GEOMETRIC_REPRESENTATION_ITEM() RATIONAL_B_SPLINE_CURVE((1.,0.5,1.,0.5,
1.,0.5,1.)) REPRESENTATION_ITEM('') );
#8340 = CARTESIAN_POINT('',(1.476794919243,-9.9));
#8341 = CARTESIAN_POINT('',(1.476794919243,-9.080384757729));
#8342 = CARTESIAN_POINT('',(2.186602540378,-9.490192378865));
#8343 = CARTESIAN_POINT('',(2.896410161514,-9.9));
#8344 = CARTESIAN_POINT('',(2.186602540378,-10.30980762113));
#8345 = CARTESIAN_POINT('',(1.476794919243,-10.71961524227));
#8346 = CARTESIAN_POINT('',(1.476794919243,-9.9));
#8347 = ( GEOMETRIC_REPRESENTATION_CONTEXT(2) 
PARAMETRIC_REPRESENTATION_CONTEXT() REPRESENTATION_CONTEXT('2D SPACE',''
  ) );
#8348 = PCURVE('',#8349,#8354);
#8349 = CONICAL_SURFACE('',#8350,0.3,0.523598775598);
#8350 = AXIS2_PLACEMENT_3D('',#8351,#8352,#8353);
#8351 = CARTESIAN_POINT('',(-6.8,18.1,8.05));
#8352 = DIRECTION('',(0.,1.,0.));
#8353 = DIRECTION('',(1.,0.,0.));
#8354 = DEFINITIONAL_REPRESENTATION('',(#8355),#8359);
#8355 = LINE('',#8356,#8357);
#8356 = CARTESIAN_POINT('',(-1.570796326795,0.3));
#8357 = VECTOR('',#8358,1.);
#8358 = DIRECTION('',(1.,-2.448392135354E-16));
#8359 = ( GEOMETRIC_REPRESENTATION_CONTEXT(2) 
PARAMETRIC_REPRESENTATION_CONTEXT() REPRESENTATION_CONTEXT('2D SPACE',''
  ) );
#8360 = FACE_BOUND('',#8361,.T.);
#8361 = EDGE_LOOP('',(#8362,#8392,#8425,#8453,#8486,#8514,#8547,#8575,
    #8603,#8631,#8664,#8692,#8725,#8753,#8786,#8814,#8847,#8880,#8908));
#8362 = ORIENTED_EDGE('',*,*,#8363,.F.);
#8363 = EDGE_CURVE('',#8364,#8366,#8368,.T.);
#8364 = VERTEX_POINT('',#8365);
#8365 = CARTESIAN_POINT('',(-7.273205080757,18.4,1.55));
#8366 = VERTEX_POINT('',#8367);
#8367 = CARTESIAN_POINT('',(-7.273205080757,18.4,3.05));
#8368 = SURFACE_CURVE('',#8369,(#8373,#8380),.PCURVE_S1.);
#8369 = LINE('',#8370,#8371);
#8370 = CARTESIAN_POINT('',(-7.273205080757,18.4,1.55));
#8371 = VECTOR('',#8372,1.);
#8372 = DIRECTION('',(0.,0.,1.));
#8373 = PCURVE('',#7747,#8374);
#8374 = DEFINITIONAL_REPRESENTATION('',(#8375),#8379);
#8375 = LINE('',#8376,#8377);
#8376 = CARTESIAN_POINT('',(8.45,-10.37320508075));
#8377 = VECTOR('',#8378,1.);
#8378 = DIRECTION('',(-1.,0.));
#8379 = ( GEOMETRIC_REPRESENTATION_CONTEXT(2) 
PARAMETRIC_REPRESENTATION_CONTEXT() REPRESENTATION_CONTEXT('2D SPACE',''
  ) );
#8380 = PCURVE('',#8381,#8386);
#8381 = PLANE('',#8382);
#8382 = AXIS2_PLACEMENT_3D('',#8383,#8384,#8385);
#8383 = CARTESIAN_POINT('',(-7.1,18.1,1.55));
#8384 = DIRECTION('',(0.866025403784,0.5,0.));
#8385 = DIRECTION('',(-0.5,0.866025403784,0.));
#8386 = DEFINITIONAL_REPRESENTATION('',(#8387),#8391);
#8387 = LINE('',#8388,#8389);
#8388 = CARTESIAN_POINT('',(0.346410161514,0.));
#8389 = VECTOR('',#8390,1.);
#8390 = DIRECTION('',(0.,1.));
#8391 = ( GEOMETRIC_REPRESENTATION_CONTEXT(2) 
PARAMETRIC_REPRESENTATION_CONTEXT() REPRESENTATION_CONTEXT('2D SPACE',''
  ) );
#8392 = ORIENTED_EDGE('',*,*,#8393,.F.);
#8393 = EDGE_CURVE('',#8394,#8364,#8396,.T.);
#8394 = VERTEX_POINT('',#8395);
#8395 = CARTESIAN_POINT('',(-6.8,18.4,1.076794919243));
#8396 = SURFACE_CURVE('',#8397,(#8402,#8413),.PCURVE_S1.);
#8397 = CIRCLE('',#8398,0.473205080757);
#8398 = AXIS2_PLACEMENT_3D('',#8399,#8400,#8401);
#8399 = CARTESIAN_POINT('',(-6.8,18.4,1.55));
#8400 = DIRECTION('',(0.,1.,0.));
#8401 = DIRECTION('',(0.,-0.,1.));
#8402 = PCURVE('',#7747,#8403);
#8403 = DEFINITIONAL_REPRESENTATION('',(#8404),#8412);
#8404 = ( BOUNDED_CURVE() B_SPLINE_CURVE(2,(#8405,#8406,#8407,#8408,
#8409,#8410,#8411),.UNSPECIFIED.,.T.,.F.) B_SPLINE_CURVE_WITH_KNOTS((1,2
    ,2,2,2,1),(-2.094395102393,0.,2.094395102393,4.188790204786,
6.28318530718,8.377580409573),.UNSPECIFIED.) CURVE() 
GEOMETRIC_REPRESENTATION_ITEM() RATIONAL_B_SPLINE_CURVE((1.,0.5,1.,0.5,
1.,0.5,1.)) REPRESENTATION_ITEM('') );
#8405 = CARTESIAN_POINT('',(7.976794919243,-9.9));
#8406 = CARTESIAN_POINT('',(7.976794919243,-9.080384757729));
#8407 = CARTESIAN_POINT('',(8.686602540378,-9.490192378865));
#8408 = CARTESIAN_POINT('',(9.396410161514,-9.9));
#8409 = CARTESIAN_POINT('',(8.686602540378,-10.30980762113));
#8410 = CARTESIAN_POINT('',(7.976794919243,-10.71961524227));
#8411 = CARTESIAN_POINT('',(7.976794919243,-9.9));
#8412 = ( GEOMETRIC_REPRESENTATION_CONTEXT(2) 
PARAMETRIC_REPRESENTATION_CONTEXT() REPRESENTATION_CONTEXT('2D SPACE',''
  ) );
#8413 = PCURVE('',#8414,#8419);
#8414 = CONICAL_SURFACE('',#8415,0.3,0.523598775598);
#8415 = AXIS2_PLACEMENT_3D('',#8416,#8417,#8418);
#8416 = CARTESIAN_POINT('',(-6.8,18.1,1.55));
#8417 = DIRECTION('',(0.,1.,0.));
#8418 = DIRECTION('',(1.,0.,0.));
#8419 = DEFINITIONAL_REPRESENTATION('',(#8420),#8424);
#8420 = LINE('',#8421,#8422);
#8421 = CARTESIAN_POINT('',(-1.570796326795,0.3));
#8422 = VECTOR('',#8423,1.);
#8423 = DIRECTION('',(1.,6.120980338384E-17));
#8424 = ( GEOMETRIC_REPRESENTATION_CONTEXT(2) 
PARAMETRIC_REPRESENTATION_CONTEXT() REPRESENTATION_CONTEXT('2D SPACE',''
  ) );
#8425 = ORIENTED_EDGE('',*,*,#8426,.F.);
#8426 = EDGE_CURVE('',#8427,#8394,#8429,.T.);
#8427 = VERTEX_POINT('',#8428);
#8428 = CARTESIAN_POINT('',(-5.3,18.4,1.076794919243));
#8429 = SURFACE_CURVE('',#8430,(#8434,#8441),.PCURVE_S1.);
#8430 = LINE('',#8431,#8432);
#8431 = CARTESIAN_POINT('',(-5.3,18.4,1.076794919243));
#8432 = VECTOR('',#8433,1.);
#8433 = DIRECTION('',(-1.,0.,0.));
#8434 = PCURVE('',#7747,#8435);
#8435 = DEFINITIONAL_REPRESENTATION('',(#8436),#8440);
#8436 = LINE('',#8437,#8438);
#8437 = CARTESIAN_POINT('',(8.923205080757,-8.4));
#8438 = VECTOR('',#8439,1.);
#8439 = DIRECTION('',(0.,-1.));
#8440 = ( GEOMETRIC_REPRESENTATION_CONTEXT(2) 
PARAMETRIC_REPRESENTATION_CONTEXT() REPRESENTATION_CONTEXT('2D SPACE',''
  ) );
#8441 = PCURVE('',#8442,#8447);
#8442 = PLANE('',#8443);
#8443 = AXIS2_PLACEMENT_3D('',#8444,#8445,#8446);
#8444 = CARTESIAN_POINT('',(-5.3,18.1,1.25));
#8445 = DIRECTION('',(0.,0.5,0.866025403784));
#8446 = DIRECTION('',(0.,0.866025403784,-0.5));
#8447 = DEFINITIONAL_REPRESENTATION('',(#8448),#8452);
#8448 = LINE('',#8449,#8450);
#8449 = CARTESIAN_POINT('',(0.346410161514,0.));
#8450 = VECTOR('',#8451,1.);
#8451 = DIRECTION('',(0.,1.));
#8452 = ( GEOMETRIC_REPRESENTATION_CONTEXT(2) 
PARAMETRIC_REPRESENTATION_CONTEXT() REPRESENTATION_CONTEXT('2D SPACE',''
  ) );
#8453 = ORIENTED_EDGE('',*,*,#8454,.T.);
#8454 = EDGE_CURVE('',#8427,#8455,#8457,.T.);
#8455 = VERTEX_POINT('',#8456);
#8456 = CARTESIAN_POINT('',(-5.273205080757,18.4,1.05));
#8457 = SURFACE_CURVE('',#8458,(#8463,#8474),.PCURVE_S1.);
#8458 = CIRCLE('',#8459,2.679491924311E-02);
#8459 = AXIS2_PLACEMENT_3D('',#8460,#8461,#8462);
#8460 = CARTESIAN_POINT('',(-5.3,18.4,1.05));
#8461 = DIRECTION('',(0.,1.,0.));
#8462 = DIRECTION('',(0.,-0.,1.));
#8463 = PCURVE('',#7747,#8464);
#8464 = DEFINITIONAL_REPRESENTATION('',(#8465),#8473);
#8465 = ( BOUNDED_CURVE() B_SPLINE_CURVE(2,(#8466,#8467,#8468,#8469,
#8470,#8471,#8472),.UNSPECIFIED.,.T.,.F.) B_SPLINE_CURVE_WITH_KNOTS((1,2
    ,2,2,2,1),(-2.094395102393,0.,2.094395102393,4.188790204786,
6.28318530718,8.377580409573),.UNSPECIFIED.) CURVE() 
GEOMETRIC_REPRESENTATION_ITEM() RATIONAL_B_SPLINE_CURVE((1.,0.5,1.,0.5,
1.,0.5,1.)) REPRESENTATION_ITEM('') );
#8466 = CARTESIAN_POINT('',(8.923205080757,-8.4));
#8467 = CARTESIAN_POINT('',(8.923205080757,-8.353589838486));
#8468 = CARTESIAN_POINT('',(8.963397459622,-8.376794919243));
#8469 = CARTESIAN_POINT('',(9.003589838486,-8.4));
#8470 = CARTESIAN_POINT('',(8.963397459622,-8.423205080757));
#8471 = CARTESIAN_POINT('',(8.923205080757,-8.446410161514));
#8472 = CARTESIAN_POINT('',(8.923205080757,-8.4));
#8473 = ( GEOMETRIC_REPRESENTATION_CONTEXT(2) 
PARAMETRIC_REPRESENTATION_CONTEXT() REPRESENTATION_CONTEXT('2D SPACE',''
  ) );
#8474 = PCURVE('',#8475,#8480);
#8475 = CONICAL_SURFACE('',#8476,0.2,0.523598775598);
#8476 = AXIS2_PLACEMENT_3D('',#8477,#8478,#8479);
#8477 = CARTESIAN_POINT('',(-5.3,18.1,1.05));
#8478 = DIRECTION('',(0.,-1.,0.));
#8479 = DIRECTION('',(1.,0.,0.));
#8480 = DEFINITIONAL_REPRESENTATION('',(#8481),#8485);
#8481 = LINE('',#8482,#8483);
#8482 = CARTESIAN_POINT('',(1.570796326795,-0.3));
#8483 = VECTOR('',#8484,1.);
#8484 = DIRECTION('',(-1.,-6.120980338384E-17));
#8485 = ( GEOMETRIC_REPRESENTATION_CONTEXT(2) 
PARAMETRIC_REPRESENTATION_CONTEXT() REPRESENTATION_CONTEXT('2D SPACE',''
  ) );
#8486 = ORIENTED_EDGE('',*,*,#8487,.F.);
#8487 = EDGE_CURVE('',#8488,#8455,#8490,.T.);
#8488 = VERTEX_POINT('',#8489);
#8489 = CARTESIAN_POINT('',(-5.273205080757,18.4,1.019230484541));
#8490 = SURFACE_CURVE('',#8491,(#8495,#8502),.PCURVE_S1.);
#8491 = LINE('',#8492,#8493);
#8492 = CARTESIAN_POINT('',(-5.273205080757,18.4,1.019230484541));
#8493 = VECTOR('',#8494,1.);
#8494 = DIRECTION('',(0.,0.,1.));
#8495 = PCURVE('',#7747,#8496);
#8496 = DEFINITIONAL_REPRESENTATION('',(#8497),#8501);
#8497 = LINE('',#8498,#8499);
#8498 = CARTESIAN_POINT('',(8.980769515459,-8.373205080757));
#8499 = VECTOR('',#8500,1.);
#8500 = DIRECTION('',(-1.,0.));
#8501 = ( GEOMETRIC_REPRESENTATION_CONTEXT(2) 
PARAMETRIC_REPRESENTATION_CONTEXT() REPRESENTATION_CONTEXT('2D SPACE',''
  ) );
#8502 = PCURVE('',#8503,#8508);
#8503 = PLANE('',#8504);
#8504 = AXIS2_PLACEMENT_3D('',#8505,#8506,#8507);
#8505 = CARTESIAN_POINT('',(-5.1,18.1,1.019230484541));
#8506 = DIRECTION('',(0.866025403784,0.5,0.));
#8507 = DIRECTION('',(-0.5,0.866025403784,0.));
#8508 = DEFINITIONAL_REPRESENTATION('',(#8509),#8513);
#8509 = LINE('',#8510,#8511);
#8510 = CARTESIAN_POINT('',(0.346410161514,0.));
#8511 = VECTOR('',#8512,1.);
#8512 = DIRECTION('',(0.,1.));
#8513 = ( GEOMETRIC_REPRESENTATION_CONTEXT(2) 
PARAMETRIC_REPRESENTATION_CONTEXT() REPRESENTATION_CONTEXT('2D SPACE',''
  ) );
#8514 = ORIENTED_EDGE('',*,*,#8515,.F.);
#8515 = EDGE_CURVE('',#8516,#8488,#8518,.T.);
#8516 = VERTEX_POINT('',#8517);
#8517 = CARTESIAN_POINT('',(-4.936602540378,18.4,0.436217782649));
#8518 = SURFACE_CURVE('',#8519,(#8524,#8535),.PCURVE_S1.);
#8519 = CIRCLE('',#8520,0.673205080757);
#8520 = AXIS2_PLACEMENT_3D('',#8521,#8522,#8523);
#8521 = CARTESIAN_POINT('',(-4.6,18.4,1.019230484541));
#8522 = DIRECTION('',(0.,1.,0.));
#8523 = DIRECTION('',(0.,-0.,1.));
#8524 = PCURVE('',#7747,#8525);
#8525 = DEFINITIONAL_REPRESENTATION('',(#8526),#8534);
#8526 = ( BOUNDED_CURVE() B_SPLINE_CURVE(2,(#8527,#8528,#8529,#8530,
#8531,#8532,#8533),.UNSPECIFIED.,.T.,.F.) B_SPLINE_CURVE_WITH_KNOTS((1,2
    ,2,2,2,1),(-2.094395102393,0.,2.094395102393,4.188790204786,
6.28318530718,8.377580409573),.UNSPECIFIED.) CURVE() 
GEOMETRIC_REPRESENTATION_ITEM() RATIONAL_B_SPLINE_CURVE((1.,0.5,1.,0.5,
1.,0.5,1.)) REPRESENTATION_ITEM('') );
#8527 = CARTESIAN_POINT('',(8.307564434702,-7.7));
#8528 = CARTESIAN_POINT('',(8.307564434702,-6.533974596216));
#8529 = CARTESIAN_POINT('',(9.317372055837,-7.116987298108));
#8530 = CARTESIAN_POINT('',(10.327179676972,-7.7));
#8531 = CARTESIAN_POINT('',(9.317372055837,-8.283012701892));
#8532 = CARTESIAN_POINT('',(8.307564434702,-8.866025403784));
#8533 = CARTESIAN_POINT('',(8.307564434702,-7.7));
#8534 = ( GEOMETRIC_REPRESENTATION_CONTEXT(2) 
PARAMETRIC_REPRESENTATION_CONTEXT() REPRESENTATION_CONTEXT('2D SPACE',''
  ) );
#8535 = PCURVE('',#8536,#8541);
#8536 = CONICAL_SURFACE('',#8537,0.5,0.523598775598);
#8537 = AXIS2_PLACEMENT_3D('',#8538,#8539,#8540);
#8538 = CARTESIAN_POINT('',(-4.6,18.1,1.019230484541));
#8539 = DIRECTION('',(0.,1.,0.));
#8540 = DIRECTION('',(1.,0.,0.));
#8541 = DEFINITIONAL_REPRESENTATION('',(#8542),#8546);
#8542 = LINE('',#8543,#8544);
#8543 = CARTESIAN_POINT('',(-1.570796326795,0.3));
#8544 = VECTOR('',#8545,1.);
#8545 = DIRECTION('',(1.,4.590735253788E-17));
#8546 = ( GEOMETRIC_REPRESENTATION_CONTEXT(2) 
PARAMETRIC_REPRESENTATION_CONTEXT() REPRESENTATION_CONTEXT('2D SPACE',''
  ) );
#8547 = ORIENTED_EDGE('',*,*,#8548,.F.);
#8548 = EDGE_CURVE('',#8549,#8516,#8551,.T.);
#8549 = VERTEX_POINT('',#8550);
#8550 = CARTESIAN_POINT('',(-3.881051177665,18.4,-0.173205080757));
#8551 = SURFACE_CURVE('',#8552,(#8556,#8563),.PCURVE_S1.);
#8552 = LINE('',#8553,#8554);
#8553 = CARTESIAN_POINT('',(-3.92124355653,18.4,-0.15));
#8554 = VECTOR('',#8555,1.);
#8555 = DIRECTION('',(-0.866025403784,0.,0.5));
#8556 = PCURVE('',#7747,#8557);
#8557 = DEFINITIONAL_REPRESENTATION('',(#8558),#8562);
#8558 = LINE('',#8559,#8560);
#8559 = CARTESIAN_POINT('',(10.15,-7.02124355653));
#8560 = VECTOR('',#8561,1.);
#8561 = DIRECTION('',(-0.5,-0.866025403784));
#8562 = ( GEOMETRIC_REPRESENTATION_CONTEXT(2) 
PARAMETRIC_REPRESENTATION_CONTEXT() REPRESENTATION_CONTEXT('2D SPACE',''
  ) );
#8563 = PCURVE('',#8564,#8569);
#8564 = PLANE('',#8565);
#8565 = AXIS2_PLACEMENT_3D('',#8566,#8567,#8568);
#8566 = CARTESIAN_POINT('',(-3.834641016151,18.1,0.));
#8567 = DIRECTION('',(0.433012701892,0.5,0.75));
#8568 = DIRECTION('',(-0.25,0.866025403784,-0.433012701892));
#8569 = DEFINITIONAL_REPRESENTATION('',(#8570),#8574);
#8570 = LINE('',#8571,#8572);
#8571 = CARTESIAN_POINT('',(0.346410161514,-3.885780586188E-15));
#8572 = VECTOR('',#8573,1.);
#8573 = DIRECTION('',(1.942890293094E-16,1.));
#8574 = ( GEOMETRIC_REPRESENTATION_CONTEXT(2) 
PARAMETRIC_REPRESENTATION_CONTEXT() REPRESENTATION_CONTEXT('2D SPACE',''
  ) );
#8575 = ORIENTED_EDGE('',*,*,#8576,.F.);
#8576 = EDGE_CURVE('',#8577,#8549,#8579,.T.);
#8577 = VERTEX_POINT('',#8578);
#8578 = CARTESIAN_POINT('',(0.381051177665,18.4,-0.173205080757));
#8579 = SURFACE_CURVE('',#8580,(#8584,#8591),.PCURVE_S1.);
#8580 = LINE('',#8581,#8582);
#8581 = CARTESIAN_POINT('',(0.334641016151,18.4,-0.173205080757));
#8582 = VECTOR('',#8583,1.);
#8583 = DIRECTION('',(-1.,0.,0.));
#8584 = PCURVE('',#7747,#8585);
#8585 = DEFINITIONAL_REPRESENTATION('',(#8586),#8590);
#8586 = LINE('',#8587,#8588);
#8587 = CARTESIAN_POINT('',(10.173205080757,-2.765358983849));
#8588 = VECTOR('',#8589,1.);
#8589 = DIRECTION('',(0.,-1.));
#8590 = ( GEOMETRIC_REPRESENTATION_CONTEXT(2) 
PARAMETRIC_REPRESENTATION_CONTEXT() REPRESENTATION_CONTEXT('2D SPACE',''
  ) );
#8591 = PCURVE('',#8592,#8597);
#8592 = PLANE('',#8593);
#8593 = AXIS2_PLACEMENT_3D('',#8594,#8595,#8596);
#8594 = CARTESIAN_POINT('',(0.334641016151,18.1,0.));
#8595 = DIRECTION('',(0.,0.5,0.866025403784));
#8596 = DIRECTION('',(0.,0.866025403784,-0.5));
#8597 = DEFINITIONAL_REPRESENTATION('',(#8598),#8602);
#8598 = LINE('',#8599,#8600);
#8599 = CARTESIAN_POINT('',(0.346410161514,0.));
#8600 = VECTOR('',#8601,1.);
#8601 = DIRECTION('',(0.,1.));
#8602 = ( GEOMETRIC_REPRESENTATION_CONTEXT(2) 
PARAMETRIC_REPRESENTATION_CONTEXT() REPRESENTATION_CONTEXT('2D SPACE',''
  ) );
#8603 = ORIENTED_EDGE('',*,*,#8604,.F.);
#8604 = EDGE_CURVE('',#8605,#8577,#8607,.T.);
#8605 = VERTEX_POINT('',#8606);
#8606 = CARTESIAN_POINT('',(0.936602540378,18.4,0.147542648054));
#8607 = SURFACE_CURVE('',#8608,(#8612,#8619),.PCURVE_S1.);
#8608 = LINE('',#8609,#8610);
#8609 = CARTESIAN_POINT('',(0.936602540378,18.4,0.147542648054));
#8610 = VECTOR('',#8611,1.);
#8611 = DIRECTION('',(-0.866025403784,0.,-0.5));
#8612 = PCURVE('',#7747,#8613);
#8613 = DEFINITIONAL_REPRESENTATION('',(#8614),#8618);
#8614 = LINE('',#8615,#8616);
#8615 = CARTESIAN_POINT('',(9.852457351946,-2.163397459622));
#8616 = VECTOR('',#8617,1.);
#8617 = DIRECTION('',(0.5,-0.866025403784));
#8618 = ( GEOMETRIC_REPRESENTATION_CONTEXT(2) 
PARAMETRIC_REPRESENTATION_CONTEXT() REPRESENTATION_CONTEXT('2D SPACE',''
  ) );
#8619 = PCURVE('',#8620,#8625);
#8620 = PLANE('',#8621);
#8621 = AXIS2_PLACEMENT_3D('',#8622,#8623,#8624);
#8622 = CARTESIAN_POINT('',(0.85,18.1,0.297542648054));
#8623 = DIRECTION('',(-0.433012701892,0.5,0.75));
#8624 = DIRECTION('',(0.25,0.866025403784,-0.433012701892));
#8625 = DEFINITIONAL_REPRESENTATION('',(#8626),#8630);
#8626 = LINE('',#8627,#8628);
#8627 = CARTESIAN_POINT('',(0.346410161514,4.302114220422E-16));
#8628 = VECTOR('',#8629,1.);
#8629 = DIRECTION('',(-2.498001805407E-16,1.));
#8630 = ( GEOMETRIC_REPRESENTATION_CONTEXT(2) 
PARAMETRIC_REPRESENTATION_CONTEXT() REPRESENTATION_CONTEXT('2D SPACE',''
  ) );
#8631 = ORIENTED_EDGE('',*,*,#8632,.F.);
#8632 = EDGE_CURVE('',#8633,#8605,#8635,.T.);
#8633 = VERTEX_POINT('',#8634);
#8634 = CARTESIAN_POINT('',(1.273205080757,18.4,0.730555349947));
#8635 = SURFACE_CURVE('',#8636,(#8641,#8652),.PCURVE_S1.);
#8636 = CIRCLE('',#8637,0.673205080757);
#8637 = AXIS2_PLACEMENT_3D('',#8638,#8639,#8640);
#8638 = CARTESIAN_POINT('',(0.6,18.4,0.730555349947));
#8639 = DIRECTION('',(0.,1.,0.));
#8640 = DIRECTION('',(0.,-0.,1.));
#8641 = PCURVE('',#7747,#8642);
#8642 = DEFINITIONAL_REPRESENTATION('',(#8643),#8651);
#8643 = ( BOUNDED_CURVE() B_SPLINE_CURVE(2,(#8644,#8645,#8646,#8647,
#8648,#8649,#8650),.UNSPECIFIED.,.T.,.F.) B_SPLINE_CURVE_WITH_KNOTS((1,2
    ,2,2,2,1),(-2.094395102393,0.,2.094395102393,4.188790204786,
6.28318530718,8.377580409573),.UNSPECIFIED.) CURVE() 
GEOMETRIC_REPRESENTATION_ITEM() RATIONAL_B_SPLINE_CURVE((1.,0.5,1.,0.5,
1.,0.5,1.)) REPRESENTATION_ITEM('') );
#8644 = CARTESIAN_POINT('',(8.596239569297,-2.5));
#8645 = CARTESIAN_POINT('',(8.596239569297,-1.333974596216));
#8646 = CARTESIAN_POINT('',(9.606047190432,-1.916987298108));
#8647 = CARTESIAN_POINT('',(10.615854811567,-2.5));
#8648 = CARTESIAN_POINT('',(9.606047190432,-3.083012701892));
#8649 = CARTESIAN_POINT('',(8.596239569297,-3.666025403784));
#8650 = CARTESIAN_POINT('',(8.596239569297,-2.5));
#8651 = ( GEOMETRIC_REPRESENTATION_CONTEXT(2) 
PARAMETRIC_REPRESENTATION_CONTEXT() REPRESENTATION_CONTEXT('2D SPACE',''
  ) );
#8652 = PCURVE('',#8653,#8658);
#8653 = CONICAL_SURFACE('',#8654,0.5,0.523598775598);
#8654 = AXIS2_PLACEMENT_3D('',#8655,#8656,#8657);
#8655 = CARTESIAN_POINT('',(0.6,18.1,0.730555349947));
#8656 = DIRECTION('',(0.,1.,0.));
#8657 = DIRECTION('',(1.,0.,0.));
#8658 = DEFINITIONAL_REPRESENTATION('',(#8659),#8663);
#8659 = LINE('',#8660,#8661);
#8660 = CARTESIAN_POINT('',(-1.570796326795,0.3));
#8661 = VECTOR('',#8662,1.);
#8662 = DIRECTION('',(1.,-4.590735253788E-17));
#8663 = ( GEOMETRIC_REPRESENTATION_CONTEXT(2) 
PARAMETRIC_REPRESENTATION_CONTEXT() REPRESENTATION_CONTEXT('2D SPACE',''
  ) );
#8664 = ORIENTED_EDGE('',*,*,#8665,.F.);
#8665 = EDGE_CURVE('',#8666,#8633,#8668,.T.);
#8666 = VERTEX_POINT('',#8667);
#8667 = CARTESIAN_POINT('',(1.273205080757,18.4,3.9));
#8668 = SURFACE_CURVE('',#8669,(#8673,#8680),.PCURVE_S1.);
#8669 = LINE('',#8670,#8671);
#8670 = CARTESIAN_POINT('',(1.273205080757,18.4,3.9));
#8671 = VECTOR('',#8672,1.);
#8672 = DIRECTION('',(0.,0.,-1.));
#8673 = PCURVE('',#7747,#8674);
#8674 = DEFINITIONAL_REPRESENTATION('',(#8675),#8679);
#8675 = LINE('',#8676,#8677);
#8676 = CARTESIAN_POINT('',(6.1,-1.826794919243));
#8677 = VECTOR('',#8678,1.);
#8678 = DIRECTION('',(1.,0.));
#8679 = ( GEOMETRIC_REPRESENTATION_CONTEXT(2) 
PARAMETRIC_REPRESENTATION_CONTEXT() REPRESENTATION_CONTEXT('2D SPACE',''
  ) );
#8680 = PCURVE('',#8681,#8686);
#8681 = PLANE('',#8682);
#8682 = AXIS2_PLACEMENT_3D('',#8683,#8684,#8685);
#8683 = CARTESIAN_POINT('',(1.1,18.1,3.9));
#8684 = DIRECTION('',(-0.866025403784,0.5,0.));
#8685 = DIRECTION('',(0.5,0.866025403784,0.));
#8686 = DEFINITIONAL_REPRESENTATION('',(#8687),#8691);
#8687 = LINE('',#8688,#8689);
#8688 = CARTESIAN_POINT('',(0.346410161514,0.));
#8689 = VECTOR('',#8690,1.);
#8690 = DIRECTION('',(0.,1.));
#8691 = ( GEOMETRIC_REPRESENTATION_CONTEXT(2) 
PARAMETRIC_REPRESENTATION_CONTEXT() REPRESENTATION_CONTEXT('2D SPACE',''
  ) );
#8692 = ORIENTED_EDGE('',*,*,#8693,.F.);
#8693 = EDGE_CURVE('',#8694,#8666,#8696,.T.);
#8694 = VERTEX_POINT('',#8695);
#8695 = CARTESIAN_POINT('',(0.6,18.4,4.573205080757));
#8696 = SURFACE_CURVE('',#8697,(#8702,#8713),.PCURVE_S1.);
#8697 = CIRCLE('',#8698,0.673205080757);
#8698 = AXIS2_PLACEMENT_3D('',#8699,#8700,#8701);
#8699 = CARTESIAN_POINT('',(0.6,18.4,3.9));
#8700 = DIRECTION('',(0.,1.,0.));
#8701 = DIRECTION('',(0.,-0.,1.));
#8702 = PCURVE('',#7747,#8703);
#8703 = DEFINITIONAL_REPRESENTATION('',(#8704),#8712);
#8704 = ( BOUNDED_CURVE() B_SPLINE_CURVE(2,(#8705,#8706,#8707,#8708,
#8709,#8710,#8711),.UNSPECIFIED.,.T.,.F.) B_SPLINE_CURVE_WITH_KNOTS((1,2
    ,2,2,2,1),(-2.094395102393,0.,2.094395102393,4.188790204786,
6.28318530718,8.377580409573),.UNSPECIFIED.) CURVE() 
GEOMETRIC_REPRESENTATION_ITEM() RATIONAL_B_SPLINE_CURVE((1.,0.5,1.,0.5,
1.,0.5,1.)) REPRESENTATION_ITEM('') );
#8705 = CARTESIAN_POINT('',(5.426794919243,-2.5));
#8706 = CARTESIAN_POINT('',(5.426794919243,-1.333974596216));
#8707 = CARTESIAN_POINT('',(6.436602540378,-1.916987298108));
#8708 = CARTESIAN_POINT('',(7.446410161514,-2.5));
#8709 = CARTESIAN_POINT('',(6.436602540378,-3.083012701892));
#8710 = CARTESIAN_POINT('',(5.426794919243,-3.666025403784));
#8711 = CARTESIAN_POINT('',(5.426794919243,-2.5));
#8712 = ( GEOMETRIC_REPRESENTATION_CONTEXT(2) 
PARAMETRIC_REPRESENTATION_CONTEXT() REPRESENTATION_CONTEXT('2D SPACE',''
  ) );
#8713 = PCURVE('',#8714,#8719);
#8714 = CONICAL_SURFACE('',#8715,0.5,0.523598775598);
#8715 = AXIS2_PLACEMENT_3D('',#8716,#8717,#8718);
#8716 = CARTESIAN_POINT('',(0.6,18.1,3.9));
#8717 = DIRECTION('',(0.,1.,0.));
#8718 = DIRECTION('',(1.,0.,0.));
#8719 = DEFINITIONAL_REPRESENTATION('',(#8720),#8724);
#8720 = LINE('',#8721,#8722);
#8721 = CARTESIAN_POINT('',(4.712388980385,0.3));
#8722 = VECTOR('',#8723,1.);
#8723 = DIRECTION('',(1.,3.060490169192E-17));
#8724 = ( GEOMETRIC_REPRESENTATION_CONTEXT(2) 
PARAMETRIC_REPRESENTATION_CONTEXT() REPRESENTATION_CONTEXT('2D SPACE',''
  ) );
#8725 = ORIENTED_EDGE('',*,*,#8726,.F.);
#8726 = EDGE_CURVE('',#8727,#8694,#8729,.T.);
#8727 = VERTEX_POINT('',#8728);
#8728 = CARTESIAN_POINT('',(-3.85,18.4,4.573205080757));
#8729 = SURFACE_CURVE('',#8730,(#8734,#8741),.PCURVE_S1.);
#8730 = LINE('',#8731,#8732);
#8731 = CARTESIAN_POINT('',(-3.85,18.4,4.573205080757));
#8732 = VECTOR('',#8733,1.);
#8733 = DIRECTION('',(1.,0.,0.));
#8734 = PCURVE('',#7747,#8735);
#8735 = DEFINITIONAL_REPRESENTATION('',(#8736),#8740);
#8736 = LINE('',#8737,#8738);
#8737 = CARTESIAN_POINT('',(5.426794919243,-6.95));
#8738 = VECTOR('',#8739,1.);
#8739 = DIRECTION('',(0.,1.));
#8740 = ( GEOMETRIC_REPRESENTATION_CONTEXT(2) 
PARAMETRIC_REPRESENTATION_CONTEXT() REPRESENTATION_CONTEXT('2D SPACE',''
  ) );
#8741 = PCURVE('',#8742,#8747);
#8742 = PLANE('',#8743);
#8743 = AXIS2_PLACEMENT_3D('',#8744,#8745,#8746);
#8744 = CARTESIAN_POINT('',(-3.85,18.1,4.4));
#8745 = DIRECTION('',(0.,0.5,-0.866025403784));
#8746 = DIRECTION('',(0.,0.866025403784,0.5));
#8747 = DEFINITIONAL_REPRESENTATION('',(#8748),#8752);
#8748 = LINE('',#8749,#8750);
#8749 = CARTESIAN_POINT('',(0.346410161514,0.));
#8750 = VECTOR('',#8751,1.);
#8751 = DIRECTION('',(0.,1.));
#8752 = ( GEOMETRIC_REPRESENTATION_CONTEXT(2) 
PARAMETRIC_REPRESENTATION_CONTEXT() REPRESENTATION_CONTEXT('2D SPACE',''
  ) );
#8753 = ORIENTED_EDGE('',*,*,#8754,.F.);
#8754 = EDGE_CURVE('',#8755,#8727,#8757,.T.);
#8755 = VERTEX_POINT('',#8756);
#8756 = CARTESIAN_POINT('',(-4.186602540378,18.4,4.483012701892));
#8757 = SURFACE_CURVE('',#8758,(#8763,#8774),.PCURVE_S1.);
#8758 = CIRCLE('',#8759,0.673205080757);
#8759 = AXIS2_PLACEMENT_3D('',#8760,#8761,#8762);
#8760 = CARTESIAN_POINT('',(-3.85,18.4,3.9));
#8761 = DIRECTION('',(0.,1.,0.));
#8762 = DIRECTION('',(0.,-0.,1.));
#8763 = PCURVE('',#7747,#8764);
#8764 = DEFINITIONAL_REPRESENTATION('',(#8765),#8773);
#8765 = ( BOUNDED_CURVE() B_SPLINE_CURVE(2,(#8766,#8767,#8768,#8769,
#8770,#8771,#8772),.UNSPECIFIED.,.T.,.F.) B_SPLINE_CURVE_WITH_KNOTS((1,2
    ,2,2,2,1),(-2.094395102393,0.,2.094395102393,4.188790204786,
6.28318530718,8.377580409573),.UNSPECIFIED.) CURVE() 
GEOMETRIC_REPRESENTATION_ITEM() RATIONAL_B_SPLINE_CURVE((1.,0.5,1.,0.5,
1.,0.5,1.)) REPRESENTATION_ITEM('') );
#8766 = CARTESIAN_POINT('',(5.426794919243,-6.95));
#8767 = CARTESIAN_POINT('',(5.426794919243,-5.783974596216));
#8768 = CARTESIAN_POINT('',(6.436602540378,-6.366987298108));
#8769 = CARTESIAN_POINT('',(7.446410161514,-6.95));
#8770 = CARTESIAN_POINT('',(6.436602540378,-7.533012701892));
#8771 = CARTESIAN_POINT('',(5.426794919243,-8.116025403784));
#8772 = CARTESIAN_POINT('',(5.426794919243,-6.95));
#8773 = ( GEOMETRIC_REPRESENTATION_CONTEXT(2) 
PARAMETRIC_REPRESENTATION_CONTEXT() REPRESENTATION_CONTEXT('2D SPACE',''
  ) );
#8774 = PCURVE('',#8775,#8780);
#8775 = CONICAL_SURFACE('',#8776,0.5,0.523598775598);
#8776 = AXIS2_PLACEMENT_3D('',#8777,#8778,#8779);
#8777 = CARTESIAN_POINT('',(-3.85,18.1,3.9));
#8778 = DIRECTION('',(0.,1.,0.));
#8779 = DIRECTION('',(1.,0.,0.));
#8780 = DEFINITIONAL_REPRESENTATION('',(#8781),#8785);
#8781 = LINE('',#8782,#8783);
#8782 = CARTESIAN_POINT('',(-1.570796326795,0.3));
#8783 = VECTOR('',#8784,1.);
#8784 = DIRECTION('',(1.,1.836294101515E-16));
#8785 = ( GEOMETRIC_REPRESENTATION_CONTEXT(2) 
PARAMETRIC_REPRESENTATION_CONTEXT() REPRESENTATION_CONTEXT('2D SPACE',''
  ) );
#8786 = ORIENTED_EDGE('',*,*,#8787,.F.);
#8787 = EDGE_CURVE('',#8788,#8755,#8790,.T.);
#8788 = VERTEX_POINT('',#8789);
#8789 = CARTESIAN_POINT('',(-4.936602540378,18.4,4.05));
#8790 = SURFACE_CURVE('',#8791,(#8795,#8802),.PCURVE_S1.);
#8791 = LINE('',#8792,#8793);
#8792 = CARTESIAN_POINT('',(-4.936602540378,18.4,4.05));
#8793 = VECTOR('',#8794,1.);
#8794 = DIRECTION('',(0.866025403784,0.,0.5));
#8795 = PCURVE('',#7747,#8796);
#8796 = DEFINITIONAL_REPRESENTATION('',(#8797),#8801);
#8797 = LINE('',#8798,#8799);
#8798 = CARTESIAN_POINT('',(5.95,-8.036602540378));
#8799 = VECTOR('',#8800,1.);
#8800 = DIRECTION('',(-0.5,0.866025403784));
#8801 = ( GEOMETRIC_REPRESENTATION_CONTEXT(2) 
PARAMETRIC_REPRESENTATION_CONTEXT() REPRESENTATION_CONTEXT('2D SPACE',''
  ) );
#8802 = PCURVE('',#8803,#8808);
#8803 = PLANE('',#8804);
#8804 = AXIS2_PLACEMENT_3D('',#8805,#8806,#8807);
#8805 = CARTESIAN_POINT('',(-4.85,18.1,3.9));
#8806 = DIRECTION('',(0.433012701892,0.5,-0.75));
#8807 = DIRECTION('',(-0.25,0.866025403784,0.433012701892));
#8808 = DEFINITIONAL_REPRESENTATION('',(#8809),#8813);
#8809 = LINE('',#8810,#8811);
#8810 = CARTESIAN_POINT('',(0.346410161514,2.720046410332E-15));
#8811 = VECTOR('',#8812,1.);
#8812 = DIRECTION('',(5.551115123126E-17,1.));
#8813 = ( GEOMETRIC_REPRESENTATION_CONTEXT(2) 
PARAMETRIC_REPRESENTATION_CONTEXT() REPRESENTATION_CONTEXT('2D SPACE',''
  ) );
#8814 = ORIENTED_EDGE('',*,*,#8815,.F.);
#8815 = EDGE_CURVE('',#8816,#8788,#8818,.T.);
#8816 = VERTEX_POINT('',#8817);
#8817 = CARTESIAN_POINT('',(-5.268454510717,18.4,3.546822427333));
#8818 = SURFACE_CURVE('',#8819,(#8824,#8835),.PCURVE_S1.);
#8819 = CIRCLE('',#8820,0.673205080757);
#8820 = AXIS2_PLACEMENT_3D('',#8821,#8822,#8823);
#8821 = CARTESIAN_POINT('',(-4.6,18.4,3.466987298108));
#8822 = DIRECTION('',(0.,1.,0.));
#8823 = DIRECTION('',(0.,-0.,1.));
#8824 = PCURVE('',#7747,#8825);
#8825 = DEFINITIONAL_REPRESENTATION('',(#8826),#8834);
#8826 = ( BOUNDED_CURVE() B_SPLINE_CURVE(2,(#8827,#8828,#8829,#8830,
#8831,#8832,#8833),.UNSPECIFIED.,.T.,.F.) B_SPLINE_CURVE_WITH_KNOTS((1,2
    ,2,2,2,1),(-2.094395102393,0.,2.094395102393,4.188790204786,
6.28318530718,8.377580409573),.UNSPECIFIED.) CURVE() 
GEOMETRIC_REPRESENTATION_ITEM() RATIONAL_B_SPLINE_CURVE((1.,0.5,1.,0.5,
1.,0.5,1.)) REPRESENTATION_ITEM('') );
#8827 = CARTESIAN_POINT('',(5.859807621135,-7.7));
#8828 = CARTESIAN_POINT('',(5.859807621135,-6.533974596216));
#8829 = CARTESIAN_POINT('',(6.869615242271,-7.116987298108));
#8830 = CARTESIAN_POINT('',(7.879422863406,-7.7));
#8831 = CARTESIAN_POINT('',(6.869615242271,-8.283012701892));
#8832 = CARTESIAN_POINT('',(5.859807621135,-8.866025403784));
#8833 = CARTESIAN_POINT('',(5.859807621135,-7.7));
#8834 = ( GEOMETRIC_REPRESENTATION_CONTEXT(2) 
PARAMETRIC_REPRESENTATION_CONTEXT() REPRESENTATION_CONTEXT('2D SPACE',''
  ) );
#8835 = PCURVE('',#8836,#8841);
#8836 = CONICAL_SURFACE('',#8837,0.5,0.523598775598);
#8837 = AXIS2_PLACEMENT_3D('',#8838,#8839,#8840);
#8838 = CARTESIAN_POINT('',(-4.6,18.1,3.466987298108));
#8839 = DIRECTION('',(0.,1.,0.));
#8840 = DIRECTION('',(1.,0.,0.));
#8841 = DEFINITIONAL_REPRESENTATION('',(#8842),#8846);
#8842 = LINE('',#8843,#8844);
#8843 = CARTESIAN_POINT('',(-1.570796326795,0.3));
#8844 = VECTOR('',#8845,1.);
#8845 = DIRECTION('',(1.,-1.035712738101E-16));
#8846 = ( GEOMETRIC_REPRESENTATION_CONTEXT(2) 
PARAMETRIC_REPRESENTATION_CONTEXT() REPRESENTATION_CONTEXT('2D SPACE',''
  ) );
#8847 = ORIENTED_EDGE('',*,*,#8848,.T.);
#8848 = EDGE_CURVE('',#8816,#8849,#8851,.T.);
#8849 = VERTEX_POINT('',#8850);
#8850 = CARTESIAN_POINT('',(-5.295060350851,18.4,3.523205080757));
#8851 = SURFACE_CURVE('',#8852,(#8857,#8868),.PCURVE_S1.);
#8852 = CIRCLE('',#8853,2.679491924311E-02);
#8853 = AXIS2_PLACEMENT_3D('',#8854,#8855,#8856);
#8854 = CARTESIAN_POINT('',(-5.295060350851,18.4,3.55));
#8855 = DIRECTION('',(0.,1.,0.));
#8856 = DIRECTION('',(0.,-0.,1.));
#8857 = PCURVE('',#7747,#8858);
#8858 = DEFINITIONAL_REPRESENTATION('',(#8859),#8867);
#8859 = ( BOUNDED_CURVE() B_SPLINE_CURVE(2,(#8860,#8861,#8862,#8863,
#8864,#8865,#8866),.UNSPECIFIED.,.T.,.F.) B_SPLINE_CURVE_WITH_KNOTS((1,2
    ,2,2,2,1),(-2.094395102393,0.,2.094395102393,4.188790204786,
6.28318530718,8.377580409573),.UNSPECIFIED.) CURVE() 
GEOMETRIC_REPRESENTATION_ITEM() RATIONAL_B_SPLINE_CURVE((1.,0.5,1.,0.5,
1.,0.5,1.)) REPRESENTATION_ITEM('') );
#8860 = CARTESIAN_POINT('',(6.423205080757,-8.395060350851));
#8861 = CARTESIAN_POINT('',(6.423205080757,-8.348650189337));
#8862 = CARTESIAN_POINT('',(6.463397459622,-8.371855270094));
#8863 = CARTESIAN_POINT('',(6.503589838486,-8.395060350851));
#8864 = CARTESIAN_POINT('',(6.463397459622,-8.418265431607));
#8865 = CARTESIAN_POINT('',(6.423205080757,-8.441470512364));
#8866 = CARTESIAN_POINT('',(6.423205080757,-8.395060350851));
#8867 = ( GEOMETRIC_REPRESENTATION_CONTEXT(2) 
PARAMETRIC_REPRESENTATION_CONTEXT() REPRESENTATION_CONTEXT('2D SPACE',''
  ) );
#8868 = PCURVE('',#8869,#8874);
#8869 = CONICAL_SURFACE('',#8870,0.2,0.523598775598);
#8870 = AXIS2_PLACEMENT_3D('',#8871,#8872,#8873);
#8871 = CARTESIAN_POINT('',(-5.295060350851,18.1,3.55));
#8872 = DIRECTION('',(0.,-1.,0.));
#8873 = DIRECTION('',(1.,0.,0.));
#8874 = DEFINITIONAL_REPRESENTATION('',(#8875),#8879);
#8875 = LINE('',#8876,#8877);
#8876 = CARTESIAN_POINT('',(7.853981633974,-0.3));
#8877 = VECTOR('',#8878,1.);
#8878 = DIRECTION('',(-1.,1.655525211115E-16));
#8879 = ( GEOMETRIC_REPRESENTATION_CONTEXT(2) 
PARAMETRIC_REPRESENTATION_CONTEXT() REPRESENTATION_CONTEXT('2D SPACE',''
  ) );
#8880 = ORIENTED_EDGE('',*,*,#8881,.F.);
#8881 = EDGE_CURVE('',#8882,#8849,#8884,.T.);
#8882 = VERTEX_POINT('',#8883);
#8883 = CARTESIAN_POINT('',(-6.8,18.4,3.523205080757));
#8884 = SURFACE_CURVE('',#8885,(#8889,#8896),.PCURVE_S1.);
#8885 = LINE('',#8886,#8887);
#8886 = CARTESIAN_POINT('',(-6.8,18.4,3.523205080757));
#8887 = VECTOR('',#8888,1.);
#8888 = DIRECTION('',(1.,0.,0.));
#8889 = PCURVE('',#7747,#8890);
#8890 = DEFINITIONAL_REPRESENTATION('',(#8891),#8895);
#8891 = LINE('',#8892,#8893);
#8892 = CARTESIAN_POINT('',(6.476794919243,-9.9));
#8893 = VECTOR('',#8894,1.);
#8894 = DIRECTION('',(0.,1.));
#8895 = ( GEOMETRIC_REPRESENTATION_CONTEXT(2) 
PARAMETRIC_REPRESENTATION_CONTEXT() REPRESENTATION_CONTEXT('2D SPACE',''
  ) );
#8896 = PCURVE('',#8897,#8902);
#8897 = PLANE('',#8898);
#8898 = AXIS2_PLACEMENT_3D('',#8899,#8900,#8901);
#8899 = CARTESIAN_POINT('',(-6.8,18.1,3.35));
#8900 = DIRECTION('',(0.,0.5,-0.866025403784));
#8901 = DIRECTION('',(0.,0.866025403784,0.5));
#8902 = DEFINITIONAL_REPRESENTATION('',(#8903),#8907);
#8903 = LINE('',#8904,#8905);
#8904 = CARTESIAN_POINT('',(0.346410161514,0.));
#8905 = VECTOR('',#8906,1.);
#8906 = DIRECTION('',(0.,1.));
#8907 = ( GEOMETRIC_REPRESENTATION_CONTEXT(2) 
PARAMETRIC_REPRESENTATION_CONTEXT() REPRESENTATION_CONTEXT('2D SPACE',''
  ) );
#8908 = ORIENTED_EDGE('',*,*,#8909,.F.);
#8909 = EDGE_CURVE('',#8366,#8882,#8910,.T.);
#8910 = SURFACE_CURVE('',#8911,(#8916,#8927),.PCURVE_S1.);
#8911 = CIRCLE('',#8912,0.473205080757);
#8912 = AXIS2_PLACEMENT_3D('',#8913,#8914,#8915);
#8913 = CARTESIAN_POINT('',(-6.8,18.4,3.05));
#8914 = DIRECTION('',(0.,1.,0.));
#8915 = DIRECTION('',(0.,-0.,1.));
#8916 = PCURVE('',#7747,#8917);
#8917 = DEFINITIONAL_REPRESENTATION('',(#8918),#8926);
#8918 = ( BOUNDED_CURVE() B_SPLINE_CURVE(2,(#8919,#8920,#8921,#8922,
#8923,#8924,#8925),.UNSPECIFIED.,.T.,.F.) B_SPLINE_CURVE_WITH_KNOTS((1,2
    ,2,2,2,1),(-2.094395102393,0.,2.094395102393,4.188790204786,
6.28318530718,8.377580409573),.UNSPECIFIED.) CURVE() 
GEOMETRIC_REPRESENTATION_ITEM() RATIONAL_B_SPLINE_CURVE((1.,0.5,1.,0.5,
1.,0.5,1.)) REPRESENTATION_ITEM('') );
#8919 = CARTESIAN_POINT('',(6.476794919243,-9.9));
#8920 = CARTESIAN_POINT('',(6.476794919243,-9.080384757729));
#8921 = CARTESIAN_POINT('',(7.186602540378,-9.490192378865));
#8922 = CARTESIAN_POINT('',(7.896410161514,-9.9));
#8923 = CARTESIAN_POINT('',(7.186602540378,-10.30980762113));
#8924 = CARTESIAN_POINT('',(6.476794919243,-10.71961524227));
#8925 = CARTESIAN_POINT('',(6.476794919243,-9.9));
#8926 = ( GEOMETRIC_REPRESENTATION_CONTEXT(2) 
PARAMETRIC_REPRESENTATION_CONTEXT() REPRESENTATION_CONTEXT('2D SPACE',''
  ) );
#8927 = PCURVE('',#8928,#8933);
#8928 = CONICAL_SURFACE('',#8929,0.3,0.523598775598);
#8929 = AXIS2_PLACEMENT_3D('',#8930,#8931,#8932);
#8930 = CARTESIAN_POINT('',(-6.8,18.1,3.05));
#8931 = DIRECTION('',(0.,1.,0.));
#8932 = DIRECTION('',(1.,0.,0.));
#8933 = DEFINITIONAL_REPRESENTATION('',(#8934),#8938);
#8934 = LINE('',#8935,#8936);
#8935 = CARTESIAN_POINT('',(-1.570796326795,0.3));
#8936 = VECTOR('',#8937,1.);
#8937 = DIRECTION('',(1.,-1.224196067677E-16));
#8938 = ( GEOMETRIC_REPRESENTATION_CONTEXT(2) 
PARAMETRIC_REPRESENTATION_CONTEXT() REPRESENTATION_CONTEXT('2D SPACE',''
  ) );
#8939 = FACE_BOUND('',#8940,.T.);
#8940 = EDGE_LOOP('',(#8941,#8942,#8965,#8988));
#8941 = ORIENTED_EDGE('',*,*,#7731,.T.);
#8942 = ORIENTED_EDGE('',*,*,#8943,.T.);
#8943 = EDGE_CURVE('',#7708,#8944,#8946,.T.);
#8944 = VERTEX_POINT('',#8945);
#8945 = CARTESIAN_POINT('',(-9.460107702554,18.4,-1.5));
#8946 = SURFACE_CURVE('',#8947,(#8951,#8958),.PCURVE_S1.);
#8947 = LINE('',#8948,#8949);
#8948 = CARTESIAN_POINT('',(3.1,18.4,-1.5));
#8949 = VECTOR('',#8950,1.);
#8950 = DIRECTION('',(-1.,0.,0.));
#8951 = PCURVE('',#7747,#8952);
#8952 = DEFINITIONAL_REPRESENTATION('',(#8953),#8957);
#8953 = LINE('',#8954,#8955);
#8954 = CARTESIAN_POINT('',(11.5,0.));
#8955 = VECTOR('',#8956,1.);
#8956 = DIRECTION('',(0.,-1.));
#8957 = ( GEOMETRIC_REPRESENTATION_CONTEXT(2) 
PARAMETRIC_REPRESENTATION_CONTEXT() REPRESENTATION_CONTEXT('2D SPACE',''
  ) );
#8958 = PCURVE('',#4020,#8959);
#8959 = DEFINITIONAL_REPRESENTATION('',(#8960),#8964);
#8960 = LINE('',#8961,#8962);
#8961 = CARTESIAN_POINT('',(15.9,4.28032864436));
#8962 = VECTOR('',#8963,1.);
#8963 = DIRECTION('',(-1.,0.));
#8964 = ( GEOMETRIC_REPRESENTATION_CONTEXT(2) 
PARAMETRIC_REPRESENTATION_CONTEXT() REPRESENTATION_CONTEXT('2D SPACE',''
  ) );
#8965 = ORIENTED_EDGE('',*,*,#8966,.F.);
#8966 = EDGE_CURVE('',#8967,#8944,#8969,.T.);
#8967 = VERTEX_POINT('',#8968);
#8968 = CARTESIAN_POINT('',(-9.460107702554,18.4,10.));
#8969 = SURFACE_CURVE('',#8970,(#8974,#8981),.PCURVE_S1.);
#8970 = LINE('',#8971,#8972);
#8971 = CARTESIAN_POINT('',(-9.460107702554,18.4,10.));
#8972 = VECTOR('',#8973,1.);
#8973 = DIRECTION('',(0.,0.,-1.));
#8974 = PCURVE('',#7747,#8975);
#8975 = DEFINITIONAL_REPRESENTATION('',(#8976),#8980);
#8976 = LINE('',#8977,#8978);
#8977 = CARTESIAN_POINT('',(0.,-12.56010770255));
#8978 = VECTOR('',#8979,1.);
#8979 = DIRECTION('',(1.,0.));
#8980 = ( GEOMETRIC_REPRESENTATION_CONTEXT(2) 
PARAMETRIC_REPRESENTATION_CONTEXT() REPRESENTATION_CONTEXT('2D SPACE',''
  ) );
#8981 = PCURVE('',#4148,#8982);
#8982 = DEFINITIONAL_REPRESENTATION('',(#8983),#8987);
#8983 = LINE('',#8984,#8985);
#8984 = CARTESIAN_POINT('',(1.570796326795,0.));
#8985 = VECTOR('',#8986,1.);
#8986 = DIRECTION('',(0.,1.));
#8987 = ( GEOMETRIC_REPRESENTATION_CONTEXT(2) 
PARAMETRIC_REPRESENTATION_CONTEXT() REPRESENTATION_CONTEXT('2D SPACE',''
  ) );
#8988 = ORIENTED_EDGE('',*,*,#8989,.F.);
#8989 = EDGE_CURVE('',#7732,#8967,#8990,.T.);
#8990 = SURFACE_CURVE('',#8991,(#8995,#9002),.PCURVE_S1.);
#8991 = LINE('',#8992,#8993);
#8992 = CARTESIAN_POINT('',(3.1,18.4,10.));
#8993 = VECTOR('',#8994,1.);
#8994 = DIRECTION('',(-1.,0.,0.));
#8995 = PCURVE('',#7747,#8996);
#8996 = DEFINITIONAL_REPRESENTATION('',(#8997),#9001);
#8997 = LINE('',#8998,#8999);
#8998 = CARTESIAN_POINT('',(0.,0.));
#8999 = VECTOR('',#9000,1.);
#9000 = DIRECTION('',(0.,-1.));
#9001 = ( GEOMETRIC_REPRESENTATION_CONTEXT(2) 
PARAMETRIC_REPRESENTATION_CONTEXT() REPRESENTATION_CONTEXT('2D SPACE',''
  ) );
#9002 = PCURVE('',#168,#9003);
#9003 = DEFINITIONAL_REPRESENTATION('',(#9004),#9008);
#9004 = LINE('',#9005,#9006);
#9005 = CARTESIAN_POINT('',(15.9,4.28032864436));
#9006 = VECTOR('',#9007,1.);
#9007 = DIRECTION('',(-1.,0.));
#9008 = ( GEOMETRIC_REPRESENTATION_CONTEXT(2) 
PARAMETRIC_REPRESENTATION_CONTEXT() REPRESENTATION_CONTEXT('2D SPACE',''
  ) );
#9009 = ADVANCED_FACE('',(#9010),#4148,.T.);
#9010 = FACE_BOUND('',#9011,.T.);
#9011 = EDGE_LOOP('',(#9012,#9013,#9035,#9036));
#9012 = ORIENTED_EDGE('',*,*,#8966,.T.);
#9013 = ORIENTED_EDGE('',*,*,#9014,.T.);
#9014 = EDGE_CURVE('',#8944,#4133,#9015,.T.);
#9015 = SURFACE_CURVE('',#9016,(#9021,#9028),.PCURVE_S1.);
#9016 = CIRCLE('',#9017,0.3);
#9017 = AXIS2_PLACEMENT_3D('',#9018,#9019,#9020);
#9018 = CARTESIAN_POINT('',(-9.460107702554,18.1,-1.5));
#9019 = DIRECTION('',(0.,0.,1.));
#9020 = DIRECTION('',(1.,0.,-0.));
#9021 = PCURVE('',#4148,#9022);
#9022 = DEFINITIONAL_REPRESENTATION('',(#9023),#9027);
#9023 = LINE('',#9024,#9025);
#9024 = CARTESIAN_POINT('',(3.14159265359,11.5));
#9025 = VECTOR('',#9026,1.);
#9026 = DIRECTION('',(-1.,0.));
#9027 = ( GEOMETRIC_REPRESENTATION_CONTEXT(2) 
PARAMETRIC_REPRESENTATION_CONTEXT() REPRESENTATION_CONTEXT('2D SPACE',''
  ) );
#9028 = PCURVE('',#4020,#9029);
#9029 = DEFINITIONAL_REPRESENTATION('',(#9030),#9034);
#9030 = CIRCLE('',#9031,0.3);
#9031 = AXIS2_PLACEMENT_2D('',#9032,#9033);
#9032 = CARTESIAN_POINT('',(3.339892297447,3.98032864436));
#9033 = DIRECTION('',(1.,0.));
#9034 = ( GEOMETRIC_REPRESENTATION_CONTEXT(2) 
PARAMETRIC_REPRESENTATION_CONTEXT() REPRESENTATION_CONTEXT('2D SPACE',''
  ) );
#9035 = ORIENTED_EDGE('',*,*,#4132,.F.);
#9036 = ORIENTED_EDGE('',*,*,#9037,.F.);
#9037 = EDGE_CURVE('',#8967,#4110,#9038,.T.);
#9038 = SURFACE_CURVE('',#9039,(#9044,#9051),.PCURVE_S1.);
#9039 = CIRCLE('',#9040,0.3);
#9040 = AXIS2_PLACEMENT_3D('',#9041,#9042,#9043);
#9041 = CARTESIAN_POINT('',(-9.460107702554,18.1,10.));
#9042 = DIRECTION('',(0.,0.,1.));
#9043 = DIRECTION('',(1.,0.,-0.));
#9044 = PCURVE('',#4148,#9045);
#9045 = DEFINITIONAL_REPRESENTATION('',(#9046),#9050);
#9046 = LINE('',#9047,#9048);
#9047 = CARTESIAN_POINT('',(3.14159265359,0.));
#9048 = VECTOR('',#9049,1.);
#9049 = DIRECTION('',(-1.,0.));
#9050 = ( GEOMETRIC_REPRESENTATION_CONTEXT(2) 
PARAMETRIC_REPRESENTATION_CONTEXT() REPRESENTATION_CONTEXT('2D SPACE',''
  ) );
#9051 = PCURVE('',#168,#9052);
#9052 = DEFINITIONAL_REPRESENTATION('',(#9053),#9057);
#9053 = CIRCLE('',#9054,0.3);
#9054 = AXIS2_PLACEMENT_2D('',#9055,#9056);
#9055 = CARTESIAN_POINT('',(3.339892297447,3.98032864436));
#9056 = DIRECTION('',(1.,0.));
#9057 = ( GEOMETRIC_REPRESENTATION_CONTEXT(2) 
PARAMETRIC_REPRESENTATION_CONTEXT() REPRESENTATION_CONTEXT('2D SPACE',''
  ) );
#9058 = ADVANCED_FACE('',(#9059,#9306,#9479),#168,.T.);
#9059 = FACE_BOUND('',#9060,.T.);
#9060 = EDGE_LOOP('',(#9061,#9092,#9120,#9149,#9170,#9171,#9194,#9223,
    #9251,#9280));
#9061 = ORIENTED_EDGE('',*,*,#9062,.F.);
#9062 = EDGE_CURVE('',#9063,#9065,#9067,.T.);
#9063 = VERTEX_POINT('',#9064);
#9064 = CARTESIAN_POINT('',(-1.108017130405,8.6,10.));
#9065 = VERTEX_POINT('',#9066);
#9066 = CARTESIAN_POINT('',(-0.914831965148,8.748236190979,10.));
#9067 = SURFACE_CURVE('',#9068,(#9073,#9080),.PCURVE_S1.);
#9068 = CIRCLE('',#9069,0.2);
#9069 = AXIS2_PLACEMENT_3D('',#9070,#9071,#9072);
#9070 = CARTESIAN_POINT('',(-1.108017130405,8.8,10.));
#9071 = DIRECTION('',(0.,0.,1.));
#9072 = DIRECTION('',(1.,0.,-0.));
#9073 = PCURVE('',#168,#9074);
#9074 = DEFINITIONAL_REPRESENTATION('',(#9075),#9079);
#9075 = CIRCLE('',#9076,0.2);
#9076 = AXIS2_PLACEMENT_2D('',#9077,#9078);
#9077 = CARTESIAN_POINT('',(11.691982869595,-5.31967135564));
#9078 = DIRECTION('',(1.,0.));
#9079 = ( GEOMETRIC_REPRESENTATION_CONTEXT(2) 
PARAMETRIC_REPRESENTATION_CONTEXT() REPRESENTATION_CONTEXT('2D SPACE',''
  ) );
#9080 = PCURVE('',#9081,#9086);
#9081 = CYLINDRICAL_SURFACE('',#9082,0.2);
#9082 = AXIS2_PLACEMENT_3D('',#9083,#9084,#9085);
#9083 = CARTESIAN_POINT('',(-1.108017130405,8.8,10.9));
#9084 = DIRECTION('',(0.,0.,-1.));
#9085 = DIRECTION('',(-1.,0.,0.));
#9086 = DEFINITIONAL_REPRESENTATION('',(#9087),#9091);
#9087 = LINE('',#9088,#9089);
#9088 = CARTESIAN_POINT('',(9.424777960769,0.9));
#9089 = VECTOR('',#9090,1.);
#9090 = DIRECTION('',(-1.,0.));
#9091 = ( GEOMETRIC_REPRESENTATION_CONTEXT(2) 
PARAMETRIC_REPRESENTATION_CONTEXT() REPRESENTATION_CONTEXT('2D SPACE',''
  ) );
#9092 = ORIENTED_EDGE('',*,*,#9093,.F.);
#9093 = EDGE_CURVE('',#9094,#9063,#9096,.T.);
#9094 = VERTEX_POINT('',#9095);
#9095 = CARTESIAN_POINT('',(-2.6,8.6,10.));
#9096 = SURFACE_CURVE('',#9097,(#9101,#9108),.PCURVE_S1.);
#9097 = LINE('',#9098,#9099);
#9098 = CARTESIAN_POINT('',(-2.6,8.6,10.));
#9099 = VECTOR('',#9100,1.);
#9100 = DIRECTION('',(1.,0.,0.));
#9101 = PCURVE('',#168,#9102);
#9102 = DEFINITIONAL_REPRESENTATION('',(#9103),#9107);
#9103 = LINE('',#9104,#9105);
#9104 = CARTESIAN_POINT('',(10.2,-5.51967135564));
#9105 = VECTOR('',#9106,1.);
#9106 = DIRECTION('',(1.,0.));
#9107 = ( GEOMETRIC_REPRESENTATION_CONTEXT(2) 
PARAMETRIC_REPRESENTATION_CONTEXT() REPRESENTATION_CONTEXT('2D SPACE',''
  ) );
#9108 = PCURVE('',#9109,#9114);
#9109 = PLANE('',#9110);
#9110 = AXIS2_PLACEMENT_3D('',#9111,#9112,#9113);
#9111 = CARTESIAN_POINT('',(-2.6,8.6,10.9));
#9112 = DIRECTION('',(0.,1.,0.));
#9113 = DIRECTION('',(0.,-0.,1.));
#9114 = DEFINITIONAL_REPRESENTATION('',(#9115),#9119);
#9115 = LINE('',#9116,#9117);
#9116 = CARTESIAN_POINT('',(-0.9,0.));
#9117 = VECTOR('',#9118,1.);
#9118 = DIRECTION('',(0.,1.));
#9119 = ( GEOMETRIC_REPRESENTATION_CONTEXT(2) 
PARAMETRIC_REPRESENTATION_CONTEXT() REPRESENTATION_CONTEXT('2D SPACE',''
  ) );
#9120 = ORIENTED_EDGE('',*,*,#9121,.F.);
#9121 = EDGE_CURVE('',#9122,#9094,#9124,.T.);
#9122 = VERTEX_POINT('',#9123);
#9123 = CARTESIAN_POINT('',(-2.8,8.8,10.));
#9124 = SURFACE_CURVE('',#9125,(#9130,#9137),.PCURVE_S1.);
#9125 = CIRCLE('',#9126,0.2);
#9126 = AXIS2_PLACEMENT_3D('',#9127,#9128,#9129);
#9127 = CARTESIAN_POINT('',(-2.6,8.8,10.));
#9128 = DIRECTION('',(0.,0.,1.));
#9129 = DIRECTION('',(1.,0.,-0.));
#9130 = PCURVE('',#168,#9131);
#9131 = DEFINITIONAL_REPRESENTATION('',(#9132),#9136);
#9132 = CIRCLE('',#9133,0.2);
#9133 = AXIS2_PLACEMENT_2D('',#9134,#9135);
#9134 = CARTESIAN_POINT('',(10.2,-5.31967135564));
#9135 = DIRECTION('',(1.,0.));
#9136 = ( GEOMETRIC_REPRESENTATION_CONTEXT(2) 
PARAMETRIC_REPRESENTATION_CONTEXT() REPRESENTATION_CONTEXT('2D SPACE',''
  ) );
#9137 = PCURVE('',#9138,#9143);
#9138 = CYLINDRICAL_SURFACE('',#9139,0.2);
#9139 = AXIS2_PLACEMENT_3D('',#9140,#9141,#9142);
#9140 = CARTESIAN_POINT('',(-2.6,8.8,10.9));
#9141 = DIRECTION('',(0.,0.,-1.));
#9142 = DIRECTION('',(-1.,0.,0.));
#9143 = DEFINITIONAL_REPRESENTATION('',(#9144),#9148);
#9144 = LINE('',#9145,#9146);
#9145 = CARTESIAN_POINT('',(9.424777960769,0.9));
#9146 = VECTOR('',#9147,1.);
#9147 = DIRECTION('',(-1.,0.));
#9148 = ( GEOMETRIC_REPRESENTATION_CONTEXT(2) 
PARAMETRIC_REPRESENTATION_CONTEXT() REPRESENTATION_CONTEXT('2D SPACE',''
  ) );
#9149 = ORIENTED_EDGE('',*,*,#9150,.F.);
#9150 = EDGE_CURVE('',#42,#9122,#9151,.T.);
#9151 = SURFACE_CURVE('',#9152,(#9156,#9163),.PCURVE_S1.);
#9152 = LINE('',#9153,#9154);
#9153 = CARTESIAN_POINT('',(-2.8,10.444141192149,10.));
#9154 = VECTOR('',#9155,1.);
#9155 = DIRECTION('',(0.,-1.,0.));
#9156 = PCURVE('',#168,#9157);
#9157 = DEFINITIONAL_REPRESENTATION('',(#9158),#9162);
#9158 = LINE('',#9159,#9160);
#9159 = CARTESIAN_POINT('',(10.,-3.675530163491));
#9160 = VECTOR('',#9161,1.);
#9161 = DIRECTION('',(0.,-1.));
#9162 = ( GEOMETRIC_REPRESENTATION_CONTEXT(2) 
PARAMETRIC_REPRESENTATION_CONTEXT() REPRESENTATION_CONTEXT('2D SPACE',''
  ) );
#9163 = PCURVE('',#62,#9164);
#9164 = DEFINITIONAL_REPRESENTATION('',(#9165),#9169);
#9165 = LINE('',#9166,#9167);
#9166 = CARTESIAN_POINT('',(0.9,0.));
#9167 = VECTOR('',#9168,1.);
#9168 = DIRECTION('',(0.,-1.));
#9169 = ( GEOMETRIC_REPRESENTATION_CONTEXT(2) 
PARAMETRIC_REPRESENTATION_CONTEXT() REPRESENTATION_CONTEXT('2D SPACE',''
  ) );
#9170 = ORIENTED_EDGE('',*,*,#153,.F.);
#9171 = ORIENTED_EDGE('',*,*,#9172,.T.);
#9172 = EDGE_CURVE('',#126,#9173,#9175,.T.);
#9173 = VERTEX_POINT('',#9174);
#9174 = CARTESIAN_POINT('',(-2.343359422738,10.7,10.));
#9175 = SURFACE_CURVE('',#9176,(#9180,#9187),.PCURVE_S1.);
#9176 = LINE('',#9177,#9178);
#9177 = CARTESIAN_POINT('',(-3.,10.7,10.));
#9178 = VECTOR('',#9179,1.);
#9179 = DIRECTION('',(1.,0.,0.));
#9180 = PCURVE('',#168,#9181);
#9181 = DEFINITIONAL_REPRESENTATION('',(#9182),#9186);
#9182 = LINE('',#9183,#9184);
#9183 = CARTESIAN_POINT('',(9.8,-3.41967135564));
#9184 = VECTOR('',#9185,1.);
#9185 = DIRECTION('',(1.,0.));
#9186 = ( GEOMETRIC_REPRESENTATION_CONTEXT(2) 
PARAMETRIC_REPRESENTATION_CONTEXT() REPRESENTATION_CONTEXT('2D SPACE',''
  ) );
#9187 = PCURVE('',#141,#9188);
#9188 = DEFINITIONAL_REPRESENTATION('',(#9189),#9193);
#9189 = LINE('',#9190,#9191);
#9190 = CARTESIAN_POINT('',(0.529713340512,0.));
#9191 = VECTOR('',#9192,1.);
#9192 = DIRECTION('',(0.,1.));
#9193 = ( GEOMETRIC_REPRESENTATION_CONTEXT(2) 
PARAMETRIC_REPRESENTATION_CONTEXT() REPRESENTATION_CONTEXT('2D SPACE',''
  ) );
#9194 = ORIENTED_EDGE('',*,*,#9195,.F.);
#9195 = EDGE_CURVE('',#9196,#9173,#9198,.T.);
#9196 = VERTEX_POINT('',#9197);
#9197 = CARTESIAN_POINT('',(-2.327927069095,10.689886805436,10.));
#9198 = SURFACE_CURVE('',#9199,(#9204,#9211),.PCURVE_S1.);
#9199 = CIRCLE('',#9200,0.3);
#9200 = AXIS2_PLACEMENT_3D('',#9201,#9202,#9203);
#9201 = CARTESIAN_POINT('',(-2.5,10.444141192149,10.));
#9202 = DIRECTION('',(0.,0.,1.));
#9203 = DIRECTION('',(1.,0.,-0.));
#9204 = PCURVE('',#168,#9205);
#9205 = DEFINITIONAL_REPRESENTATION('',(#9206),#9210);
#9206 = CIRCLE('',#9207,0.3);
#9207 = AXIS2_PLACEMENT_2D('',#9208,#9209);
#9208 = CARTESIAN_POINT('',(10.3,-3.675530163491));
#9209 = DIRECTION('',(1.,0.));
#9210 = ( GEOMETRIC_REPRESENTATION_CONTEXT(2) 
PARAMETRIC_REPRESENTATION_CONTEXT() REPRESENTATION_CONTEXT('2D SPACE',''
  ) );
#9211 = PCURVE('',#9212,#9217);
#9212 = CYLINDRICAL_SURFACE('',#9213,0.3);
#9213 = AXIS2_PLACEMENT_3D('',#9214,#9215,#9216);
#9214 = CARTESIAN_POINT('',(-2.5,10.444141192149,10.9));
#9215 = DIRECTION('',(0.,0.,-1.));
#9216 = DIRECTION('',(-1.,0.,0.));
#9217 = DEFINITIONAL_REPRESENTATION('',(#9218),#9222);
#9218 = LINE('',#9219,#9220);
#9219 = CARTESIAN_POINT('',(3.14159265359,0.9));
#9220 = VECTOR('',#9221,1.);
#9221 = DIRECTION('',(-1.,0.));
#9222 = ( GEOMETRIC_REPRESENTATION_CONTEXT(2) 
PARAMETRIC_REPRESENTATION_CONTEXT() REPRESENTATION_CONTEXT('2D SPACE',''
  ) );
#9223 = ORIENTED_EDGE('',*,*,#9224,.F.);
#9224 = EDGE_CURVE('',#9225,#9196,#9227,.T.);
#9225 = VERTEX_POINT('',#9226);
#9226 = CARTESIAN_POINT('',(-0.872072930905,9.670486763342,10.));
#9227 = SURFACE_CURVE('',#9228,(#9232,#9239),.PCURVE_S1.);
#9228 = LINE('',#9229,#9230);
#9229 = CARTESIAN_POINT('',(-0.872072930905,9.670486763342,10.));
#9230 = VECTOR('',#9231,1.);
#9231 = DIRECTION('',(-0.819152044289,0.573576436351,0.));
#9232 = PCURVE('',#168,#9233);
#9233 = DEFINITIONAL_REPRESENTATION('',(#9234),#9238);
#9234 = LINE('',#9235,#9236);
#9235 = CARTESIAN_POINT('',(11.927927069095,-4.449184592299));
#9236 = VECTOR('',#9237,1.);
#9237 = DIRECTION('',(-0.819152044289,0.573576436351));
#9238 = ( GEOMETRIC_REPRESENTATION_CONTEXT(2) 
PARAMETRIC_REPRESENTATION_CONTEXT() REPRESENTATION_CONTEXT('2D SPACE',''
  ) );
#9239 = PCURVE('',#9240,#9245);
#9240 = PLANE('',#9241);
#9241 = AXIS2_PLACEMENT_3D('',#9242,#9243,#9244);
#9242 = CARTESIAN_POINT('',(-0.872072930905,9.670486763342,10.9));
#9243 = DIRECTION('',(-0.573576436351,-0.819152044289,0.));
#9244 = DIRECTION('',(0.819152044289,-0.573576436351,0.));
#9245 = DEFINITIONAL_REPRESENTATION('',(#9246),#9250);
#9246 = LINE('',#9247,#9248);
#9247 = CARTESIAN_POINT('',(0.,-0.9));
#9248 = VECTOR('',#9249,1.);
#9249 = DIRECTION('',(-1.,0.));
#9250 = ( GEOMETRIC_REPRESENTATION_CONTEXT(2) 
PARAMETRIC_REPRESENTATION_CONTEXT() REPRESENTATION_CONTEXT('2D SPACE',''
  ) );
#9251 = ORIENTED_EDGE('',*,*,#9252,.F.);
#9252 = EDGE_CURVE('',#9253,#9225,#9255,.T.);
#9253 = VERTEX_POINT('',#9254);
#9254 = CARTESIAN_POINT('',(-0.754368113924,9.347095436524,10.));
#9255 = SURFACE_CURVE('',#9256,(#9261,#9268),.PCURVE_S1.);
#9256 = CIRCLE('',#9257,0.3);
#9257 = AXIS2_PLACEMENT_3D('',#9258,#9259,#9260);
#9258 = CARTESIAN_POINT('',(-1.044145861811,9.424741150055,10.));
#9259 = DIRECTION('',(0.,0.,1.));
#9260 = DIRECTION('',(1.,0.,-0.));
#9261 = PCURVE('',#168,#9262);
#9262 = DEFINITIONAL_REPRESENTATION('',(#9263),#9267);
#9263 = CIRCLE('',#9264,0.3);
#9264 = AXIS2_PLACEMENT_2D('',#9265,#9266);
#9265 = CARTESIAN_POINT('',(11.755854138189,-4.694930205585));
#9266 = DIRECTION('',(1.,0.));
#9267 = ( GEOMETRIC_REPRESENTATION_CONTEXT(2) 
PARAMETRIC_REPRESENTATION_CONTEXT() REPRESENTATION_CONTEXT('2D SPACE',''
  ) );
#9268 = PCURVE('',#9269,#9274);
#9269 = CYLINDRICAL_SURFACE('',#9270,0.3);
#9270 = AXIS2_PLACEMENT_3D('',#9271,#9272,#9273);
#9271 = CARTESIAN_POINT('',(-1.044145861811,9.424741150055,10.9));
#9272 = DIRECTION('',(0.,0.,-1.));
#9273 = DIRECTION('',(-1.,0.,0.));
#9274 = DEFINITIONAL_REPRESENTATION('',(#9275),#9279);
#9275 = LINE('',#9276,#9277);
#9276 = CARTESIAN_POINT('',(9.424777960769,0.9));
#9277 = VECTOR('',#9278,1.);
#9278 = DIRECTION('',(-1.,0.));
#9279 = ( GEOMETRIC_REPRESENTATION_CONTEXT(2) 
PARAMETRIC_REPRESENTATION_CONTEXT() REPRESENTATION_CONTEXT('2D SPACE',''
  ) );
#9280 = ORIENTED_EDGE('',*,*,#9281,.F.);
#9281 = EDGE_CURVE('',#9065,#9253,#9282,.T.);
#9282 = SURFACE_CURVE('',#9283,(#9287,#9294),.PCURVE_S1.);
#9283 = LINE('',#9284,#9285);
#9284 = CARTESIAN_POINT('',(-0.914831965148,8.748236190979,10.));
#9285 = VECTOR('',#9286,1.);
#9286 = DIRECTION('',(0.258819045103,0.965925826289,0.));
#9287 = PCURVE('',#168,#9288);
#9288 = DEFINITIONAL_REPRESENTATION('',(#9289),#9293);
#9289 = LINE('',#9290,#9291);
#9290 = CARTESIAN_POINT('',(11.885168034852,-5.371435164661));
#9291 = VECTOR('',#9292,1.);
#9292 = DIRECTION('',(0.258819045103,0.965925826289));
#9293 = ( GEOMETRIC_REPRESENTATION_CONTEXT(2) 
PARAMETRIC_REPRESENTATION_CONTEXT() REPRESENTATION_CONTEXT('2D SPACE',''
  ) );
#9294 = PCURVE('',#9295,#9300);
#9295 = PLANE('',#9296);
#9296 = AXIS2_PLACEMENT_3D('',#9297,#9298,#9299);
#9297 = CARTESIAN_POINT('',(-0.914831965148,8.748236190979,10.9));
#9298 = DIRECTION('',(-0.965925826289,0.258819045103,0.));
#9299 = DIRECTION('',(-0.258819045103,-0.965925826289,0.));
#9300 = DEFINITIONAL_REPRESENTATION('',(#9301),#9305);
#9301 = LINE('',#9302,#9303);
#9302 = CARTESIAN_POINT('',(-0.,-0.9));
#9303 = VECTOR('',#9304,1.);
#9304 = DIRECTION('',(-1.,0.));
#9305 = ( GEOMETRIC_REPRESENTATION_CONTEXT(2) 
PARAMETRIC_REPRESENTATION_CONTEXT() REPRESENTATION_CONTEXT('2D SPACE',''
  ) );
#9306 = FACE_BOUND('',#9307,.T.);
#9307 = EDGE_LOOP('',(#9308,#9338,#9367,#9395,#9424,#9452));
#9308 = ORIENTED_EDGE('',*,*,#9309,.F.);
#9309 = EDGE_CURVE('',#9310,#9312,#9314,.T.);
#9310 = VERTEX_POINT('',#9311);
#9311 = CARTESIAN_POINT('',(-6.228088995811,13.991762677838,10.));
#9312 = VERTEX_POINT('',#9313);
#9313 = CARTESIAN_POINT('',(-6.602471196649,13.94341014227,10.));
#9314 = SURFACE_CURVE('',#9315,(#9319,#9326),.PCURVE_S1.);
#9315 = LINE('',#9316,#9317);
#9316 = CARTESIAN_POINT('',(-6.228088995811,13.991762677838,10.));
#9317 = VECTOR('',#9318,1.);
#9318 = DIRECTION('',(-0.991762677838,-0.128088995811,0.));
#9319 = PCURVE('',#168,#9320);
#9320 = DEFINITIONAL_REPRESENTATION('',(#9321),#9325);
#9321 = LINE('',#9322,#9323);
#9322 = CARTESIAN_POINT('',(6.571911004189,-0.127908677803));
#9323 = VECTOR('',#9324,1.);
#9324 = DIRECTION('',(-0.991762677838,-0.128088995811));
#9325 = ( GEOMETRIC_REPRESENTATION_CONTEXT(2) 
PARAMETRIC_REPRESENTATION_CONTEXT() REPRESENTATION_CONTEXT('2D SPACE',''
  ) );
#9326 = PCURVE('',#9327,#9332);
#9327 = PLANE('',#9328);
#9328 = AXIS2_PLACEMENT_3D('',#9329,#9330,#9331);
#9329 = CARTESIAN_POINT('',(-6.228088995811,13.991762677838,10.5));
#9330 = DIRECTION('',(0.128088995811,-0.991762677838,0.));
#9331 = DIRECTION('',(0.991762677838,0.128088995811,0.));
#9332 = DEFINITIONAL_REPRESENTATION('',(#9333),#9337);
#9333 = LINE('',#9334,#9335);
#9334 = CARTESIAN_POINT('',(0.,-0.5));
#9335 = VECTOR('',#9336,1.);
#9336 = DIRECTION('',(-1.,0.));
#9337 = ( GEOMETRIC_REPRESENTATION_CONTEXT(2) 
PARAMETRIC_REPRESENTATION_CONTEXT() REPRESENTATION_CONTEXT('2D SPACE',''
  ) );
#9338 = ORIENTED_EDGE('',*,*,#9339,.F.);
#9339 = EDGE_CURVE('',#9340,#9310,#9342,.T.);
#9340 = VERTEX_POINT('',#9341);
#9341 = CARTESIAN_POINT('',(-5.160837412628,12.656527097895,10.));
#9342 = SURFACE_CURVE('',#9343,(#9348,#9355),.PCURVE_S1.);
#9343 = CIRCLE('',#9344,1.);
#9344 = AXIS2_PLACEMENT_3D('',#9345,#9346,#9347);
#9345 = CARTESIAN_POINT('',(-6.1,13.,10.));
#9346 = DIRECTION('',(0.,0.,1.));
#9347 = DIRECTION('',(1.,0.,-0.));
#9348 = PCURVE('',#168,#9349);
#9349 = DEFINITIONAL_REPRESENTATION('',(#9350),#9354);
#9350 = CIRCLE('',#9351,1.);
#9351 = AXIS2_PLACEMENT_2D('',#9352,#9353);
#9352 = CARTESIAN_POINT('',(6.7,-1.11967135564));
#9353 = DIRECTION('',(1.,0.));
#9354 = ( GEOMETRIC_REPRESENTATION_CONTEXT(2) 
PARAMETRIC_REPRESENTATION_CONTEXT() REPRESENTATION_CONTEXT('2D SPACE',''
  ) );
#9355 = PCURVE('',#9356,#9361);
#9356 = CYLINDRICAL_SURFACE('',#9357,1.);
#9357 = AXIS2_PLACEMENT_3D('',#9358,#9359,#9360);
#9358 = CARTESIAN_POINT('',(-6.1,13.,10.5));
#9359 = DIRECTION('',(0.,0.,-1.));
#9360 = DIRECTION('',(-1.,0.,0.));
#9361 = DEFINITIONAL_REPRESENTATION('',(#9362),#9366);
#9362 = LINE('',#9363,#9364);
#9363 = CARTESIAN_POINT('',(9.424777960769,0.5));
#9364 = VECTOR('',#9365,1.);
#9365 = DIRECTION('',(-1.,0.));
#9366 = ( GEOMETRIC_REPRESENTATION_CONTEXT(2) 
PARAMETRIC_REPRESENTATION_CONTEXT() REPRESENTATION_CONTEXT('2D SPACE',''
  ) );
#9367 = ORIENTED_EDGE('',*,*,#9368,.F.);
#9368 = EDGE_CURVE('',#9369,#9340,#9371,.T.);
#9369 = VERTEX_POINT('',#9370);
#9370 = CARTESIAN_POINT('',(-5.524334965051,11.662610839158,10.));
#9371 = SURFACE_CURVE('',#9372,(#9376,#9383),.PCURVE_S1.);
#9372 = LINE('',#9373,#9374);
#9373 = CARTESIAN_POINT('',(-5.524334965051,11.662610839158,10.));
#9374 = VECTOR('',#9375,1.);
#9375 = DIRECTION('',(0.343472902105,0.939162587372,0.));
#9376 = PCURVE('',#168,#9377);
#9377 = DEFINITIONAL_REPRESENTATION('',(#9378),#9382);
#9378 = LINE('',#9379,#9380);
#9379 = CARTESIAN_POINT('',(7.275665034949,-2.457060516482));
#9380 = VECTOR('',#9381,1.);
#9381 = DIRECTION('',(0.343472902105,0.939162587372));
#9382 = ( GEOMETRIC_REPRESENTATION_CONTEXT(2) 
PARAMETRIC_REPRESENTATION_CONTEXT() REPRESENTATION_CONTEXT('2D SPACE',''
  ) );
#9383 = PCURVE('',#9384,#9389);
#9384 = PLANE('',#9385);
#9385 = AXIS2_PLACEMENT_3D('',#9386,#9387,#9388);
#9386 = CARTESIAN_POINT('',(-5.524334965051,11.662610839158,10.5));
#9387 = DIRECTION('',(-0.939162587372,0.343472902105,0.));
#9388 = DIRECTION('',(-0.343472902105,-0.939162587372,0.));
#9389 = DEFINITIONAL_REPRESENTATION('',(#9390),#9394);
#9390 = LINE('',#9391,#9392);
#9391 = CARTESIAN_POINT('',(-0.,-0.5));
#9392 = VECTOR('',#9393,1.);
#9393 = DIRECTION('',(-1.,0.));
#9394 = ( GEOMETRIC_REPRESENTATION_CONTEXT(2) 
PARAMETRIC_REPRESENTATION_CONTEXT() REPRESENTATION_CONTEXT('2D SPACE',''
  ) );
#9395 = ORIENTED_EDGE('',*,*,#9396,.F.);
#9396 = EDGE_CURVE('',#9397,#9369,#9399,.T.);
#9397 = VERTEX_POINT('',#9398);
#9398 = CARTESIAN_POINT('',(-6.207884986612,11.544643709654,10.));
#9399 = SURFACE_CURVE('',#9400,(#9405,#9412),.PCURVE_S1.);
#9400 = CIRCLE('',#9401,0.4);
#9401 = AXIS2_PLACEMENT_3D('',#9402,#9403,#9404);
#9402 = CARTESIAN_POINT('',(-5.9,11.8,10.));
#9403 = DIRECTION('',(0.,0.,1.));
#9404 = DIRECTION('',(1.,0.,-0.));
#9405 = PCURVE('',#168,#9406);
#9406 = DEFINITIONAL_REPRESENTATION('',(#9407),#9411);
#9407 = CIRCLE('',#9408,0.4);
#9408 = AXIS2_PLACEMENT_2D('',#9409,#9410);
#9409 = CARTESIAN_POINT('',(6.9,-2.31967135564));
#9410 = DIRECTION('',(1.,0.));
#9411 = ( GEOMETRIC_REPRESENTATION_CONTEXT(2) 
PARAMETRIC_REPRESENTATION_CONTEXT() REPRESENTATION_CONTEXT('2D SPACE',''
  ) );
#9412 = PCURVE('',#9413,#9418);
#9413 = CYLINDRICAL_SURFACE('',#9414,0.4);
#9414 = AXIS2_PLACEMENT_3D('',#9415,#9416,#9417);
#9415 = CARTESIAN_POINT('',(-5.9,11.8,10.5));
#9416 = DIRECTION('',(0.,0.,-1.));
#9417 = DIRECTION('',(-1.,0.,0.));
#9418 = DEFINITIONAL_REPRESENTATION('',(#9419),#9423);
#9419 = LINE('',#9420,#9421);
#9420 = CARTESIAN_POINT('',(9.424777960769,0.5));
#9421 = VECTOR('',#9422,1.);
#9422 = DIRECTION('',(-1.,0.));
#9423 = ( GEOMETRIC_REPRESENTATION_CONTEXT(2) 
PARAMETRIC_REPRESENTATION_CONTEXT() REPRESENTATION_CONTEXT('2D SPACE',''
  ) );
#9424 = ORIENTED_EDGE('',*,*,#9425,.F.);
#9425 = EDGE_CURVE('',#9426,#9397,#9428,.T.);
#9426 = VERTEX_POINT('',#9427);
#9427 = CARTESIAN_POINT('',(-7.115769973223,12.639287419308,10.));
#9428 = SURFACE_CURVE('',#9429,(#9433,#9440),.PCURVE_S1.);
#9429 = LINE('',#9430,#9431);
#9430 = CARTESIAN_POINT('',(-7.115769973223,12.639287419308,10.));
#9431 = VECTOR('',#9432,1.);
#9432 = DIRECTION('',(0.638390725865,-0.769712466529,0.));
#9433 = PCURVE('',#168,#9434);
#9434 = DEFINITIONAL_REPRESENTATION('',(#9435),#9439);
#9435 = LINE('',#9436,#9437);
#9436 = CARTESIAN_POINT('',(5.684230026777,-1.480383936332));
#9437 = VECTOR('',#9438,1.);
#9438 = DIRECTION('',(0.638390725865,-0.769712466529));
#9439 = ( GEOMETRIC_REPRESENTATION_CONTEXT(2) 
PARAMETRIC_REPRESENTATION_CONTEXT() REPRESENTATION_CONTEXT('2D SPACE',''
  ) );
#9440 = PCURVE('',#9441,#9446);
#9441 = PLANE('',#9442);
#9442 = AXIS2_PLACEMENT_3D('',#9443,#9444,#9445);
#9443 = CARTESIAN_POINT('',(-7.115769973223,12.639287419308,10.5));
#9444 = DIRECTION('',(0.769712466529,0.638390725865,0.));
#9445 = DIRECTION('',(-0.638390725865,0.769712466529,0.));
#9446 = DEFINITIONAL_REPRESENTATION('',(#9447),#9451);
#9447 = LINE('',#9448,#9449);
#9448 = CARTESIAN_POINT('',(0.,-0.5));
#9449 = VECTOR('',#9450,1.);
#9450 = DIRECTION('',(-1.,0.));
#9451 = ( GEOMETRIC_REPRESENTATION_CONTEXT(2) 
PARAMETRIC_REPRESENTATION_CONTEXT() REPRESENTATION_CONTEXT('2D SPACE',''
  ) );
#9452 = ORIENTED_EDGE('',*,*,#9453,.F.);
#9453 = EDGE_CURVE('',#9312,#9426,#9454,.T.);
#9454 = SURFACE_CURVE('',#9455,(#9460,#9467),.PCURVE_S1.);
#9455 = CIRCLE('',#9456,0.8);
#9456 = AXIS2_PLACEMENT_3D('',#9457,#9458,#9459);
#9457 = CARTESIAN_POINT('',(-6.5,13.15,10.));
#9458 = DIRECTION('',(0.,0.,1.));
#9459 = DIRECTION('',(1.,0.,-0.));
#9460 = PCURVE('',#168,#9461);
#9461 = DEFINITIONAL_REPRESENTATION('',(#9462),#9466);
#9462 = CIRCLE('',#9463,0.8);
#9463 = AXIS2_PLACEMENT_2D('',#9464,#9465);
#9464 = CARTESIAN_POINT('',(6.3,-0.96967135564));
#9465 = DIRECTION('',(1.,0.));
#9466 = ( GEOMETRIC_REPRESENTATION_CONTEXT(2) 
PARAMETRIC_REPRESENTATION_CONTEXT() REPRESENTATION_CONTEXT('2D SPACE',''
  ) );
#9467 = PCURVE('',#9468,#9473);
#9468 = CYLINDRICAL_SURFACE('',#9469,0.8);
#9469 = AXIS2_PLACEMENT_3D('',#9470,#9471,#9472);
#9470 = CARTESIAN_POINT('',(-6.5,13.15,10.5));
#9471 = DIRECTION('',(0.,0.,-1.));
#9472 = DIRECTION('',(-1.,0.,0.));
#9473 = DEFINITIONAL_REPRESENTATION('',(#9474),#9478);
#9474 = LINE('',#9475,#9476);
#9475 = CARTESIAN_POINT('',(3.14159265359,0.5));
#9476 = VECTOR('',#9477,1.);
#9477 = DIRECTION('',(-1.,0.));
#9478 = ( GEOMETRIC_REPRESENTATION_CONTEXT(2) 
PARAMETRIC_REPRESENTATION_CONTEXT() REPRESENTATION_CONTEXT('2D SPACE',''
  ) );
#9479 = FACE_BOUND('',#9480,.T.);
#9480 = EDGE_LOOP('',(#9481,#9482,#9483,#9484,#9485,#9486,#9487,#9488,
    #9489,#9490));
#9481 = ORIENTED_EDGE('',*,*,#3187,.T.);
#9482 = ORIENTED_EDGE('',*,*,#4060,.T.);
#9483 = ORIENTED_EDGE('',*,*,#7240,.T.);
#9484 = ORIENTED_EDGE('',*,*,#7404,.T.);
#9485 = ORIENTED_EDGE('',*,*,#7453,.T.);
#9486 = ORIENTED_EDGE('',*,*,#7679,.T.);
#9487 = ORIENTED_EDGE('',*,*,#7759,.T.);
#9488 = ORIENTED_EDGE('',*,*,#8989,.T.);
#9489 = ORIENTED_EDGE('',*,*,#9037,.T.);
#9490 = ORIENTED_EDGE('',*,*,#4109,.T.);
#9491 = ADVANCED_FACE('',(#9492),#4020,.F.);
#9492 = FACE_BOUND('',#9493,.T.);
#9493 = EDGE_LOOP('',(#9494,#9495,#9496,#9497,#9498,#9499,#9500,#9501,
    #9502,#9503));
#9494 = ORIENTED_EDGE('',*,*,#4344,.F.);
#9495 = ORIENTED_EDGE('',*,*,#4160,.F.);
#9496 = ORIENTED_EDGE('',*,*,#9014,.F.);
#9497 = ORIENTED_EDGE('',*,*,#8943,.F.);
#9498 = ORIENTED_EDGE('',*,*,#7707,.F.);
#9499 = ORIENTED_EDGE('',*,*,#7628,.F.);
#9500 = ORIENTED_EDGE('',*,*,#7144,.F.);
#9501 = ORIENTED_EDGE('',*,*,#7266,.F.);
#9502 = ORIENTED_EDGE('',*,*,#7193,.F.);
#9503 = ORIENTED_EDGE('',*,*,#4004,.F.);
#9504 = ADVANCED_FACE('',(#9505),#6595,.F.);
#9505 = FACE_BOUND('',#9506,.T.);
#9506 = EDGE_LOOP('',(#9507,#9533,#9534,#9558,#9580));
#9507 = ORIENTED_EDGE('',*,*,#9508,.F.);
#9508 = EDGE_CURVE('',#6575,#6521,#9509,.T.);
#9509 = SURFACE_CURVE('',#9510,(#9515,#9526),.PCURVE_S1.);
#9510 = CIRCLE('',#9511,1.7);
#9511 = AXIS2_PLACEMENT_3D('',#9512,#9513,#9514);
#9512 = CARTESIAN_POINT('',(1.9,8.5,4.4));
#9513 = DIRECTION('',(0.,0.,-1.));
#9514 = DIRECTION('',(-1.,0.,0.));
#9515 = PCURVE('',#6595,#9516);
#9516 = DEFINITIONAL_REPRESENTATION('',(#9517),#9525);
#9517 = ( BOUNDED_CURVE() B_SPLINE_CURVE(2,(#9518,#9519,#9520,#9521,
#9522,#9523,#9524),.UNSPECIFIED.,.T.,.F.) B_SPLINE_CURVE_WITH_KNOTS((1,2
    ,2,2,2,1),(-2.094395102393,0.,2.094395102393,4.188790204786,
6.28318530718,8.377580409573),.UNSPECIFIED.) CURVE() 
GEOMETRIC_REPRESENTATION_ITEM() RATIONAL_B_SPLINE_CURVE((1.,0.5,1.,0.5,
1.,0.5,1.)) REPRESENTATION_ITEM('') );
#9518 = CARTESIAN_POINT('',(-2.,-8.5));
#9519 = CARTESIAN_POINT('',(-2.,-5.555513627133));
#9520 = CARTESIAN_POINT('',(0.55,-7.027756813566));
#9521 = CARTESIAN_POINT('',(3.1,-8.5));
#9522 = CARTESIAN_POINT('',(0.55,-9.972243186434));
#9523 = CARTESIAN_POINT('',(-2.,-11.44448637286));
#9524 = CARTESIAN_POINT('',(-2.,-8.5));
#9525 = ( GEOMETRIC_REPRESENTATION_CONTEXT(2) 
PARAMETRIC_REPRESENTATION_CONTEXT() REPRESENTATION_CONTEXT('2D SPACE',''
  ) );
#9526 = PCURVE('',#6293,#9527);
#9527 = DEFINITIONAL_REPRESENTATION('',(#9528),#9532);
#9528 = LINE('',#9529,#9530);
#9529 = CARTESIAN_POINT('',(9.424777960769,1.20110017575E-17));
#9530 = VECTOR('',#9531,1.);
#9531 = DIRECTION('',(-1.,-8.619944029441E-18));
#9532 = ( GEOMETRIC_REPRESENTATION_CONTEXT(2) 
PARAMETRIC_REPRESENTATION_CONTEXT() REPRESENTATION_CONTEXT('2D SPACE',''
  ) );
#9533 = ORIENTED_EDGE('',*,*,#6572,.F.);
#9534 = ORIENTED_EDGE('',*,*,#9535,.F.);
#9535 = EDGE_CURVE('',#9536,#6573,#9538,.T.);
#9536 = VERTEX_POINT('',#9537);
#9537 = CARTESIAN_POINT('',(2.634482793319,15.669126338712,4.4));
#9538 = SURFACE_CURVE('',#9539,(#9544,#9551),.PCURVE_S1.);
#9539 = CIRCLE('',#9540,1.5);
#9540 = AXIS2_PLACEMENT_3D('',#9541,#9542,#9543);
#9541 = CARTESIAN_POINT('',(3.1,14.243190249582,4.4));
#9542 = DIRECTION('',(0.,0.,1.));
#9543 = DIRECTION('',(1.,0.,-0.));
#9544 = PCURVE('',#6595,#9545);
#9545 = DEFINITIONAL_REPRESENTATION('',(#9546),#9550);
#9546 = CIRCLE('',#9547,1.5);
#9547 = AXIS2_PLACEMENT_2D('',#9548,#9549);
#9548 = CARTESIAN_POINT('',(0.9,-2.756809750418));
#9549 = DIRECTION('',(1.,0.));
#9550 = ( GEOMETRIC_REPRESENTATION_CONTEXT(2) 
PARAMETRIC_REPRESENTATION_CONTEXT() REPRESENTATION_CONTEXT('2D SPACE',''
  ) );
#9551 = PCURVE('',#6691,#9552);
#9552 = DEFINITIONAL_REPRESENTATION('',(#9553),#9557);
#9553 = LINE('',#9554,#9555);
#9554 = CARTESIAN_POINT('',(3.14159265359,0.));
#9555 = VECTOR('',#9556,1.);
#9556 = DIRECTION('',(-1.,0.));
#9557 = ( GEOMETRIC_REPRESENTATION_CONTEXT(2) 
PARAMETRIC_REPRESENTATION_CONTEXT() REPRESENTATION_CONTEXT('2D SPACE',''
  ) );
#9558 = ORIENTED_EDGE('',*,*,#9559,.T.);
#9559 = EDGE_CURVE('',#9536,#7556,#9560,.T.);
#9560 = SURFACE_CURVE('',#9561,(#9566,#9573),.PCURVE_S1.);
#9561 = CIRCLE('',#9562,1.4);
#9562 = AXIS2_PLACEMENT_3D('',#9563,#9564,#9565);
#9563 = CARTESIAN_POINT('',(2.2,17.,4.4));
#9564 = DIRECTION('',(0.,0.,1.));
#9565 = DIRECTION('',(1.,0.,-0.));
#9566 = PCURVE('',#6595,#9567);
#9567 = DEFINITIONAL_REPRESENTATION('',(#9568),#9572);
#9568 = CIRCLE('',#9569,1.4);
#9569 = AXIS2_PLACEMENT_2D('',#9570,#9571);
#9570 = CARTESIAN_POINT('',(0.,0.));
#9571 = DIRECTION('',(1.,0.));
#9572 = ( GEOMETRIC_REPRESENTATION_CONTEXT(2) 
PARAMETRIC_REPRESENTATION_CONTEXT() REPRESENTATION_CONTEXT('2D SPACE',''
  ) );
#9573 = PCURVE('',#7594,#9574);
#9574 = DEFINITIONAL_REPRESENTATION('',(#9575),#9579);
#9575 = LINE('',#9576,#9577);
#9576 = CARTESIAN_POINT('',(9.424777960769,0.));
#9577 = VECTOR('',#9578,1.);
#9578 = DIRECTION('',(-1.,0.));
#9579 = ( GEOMETRIC_REPRESENTATION_CONTEXT(2) 
PARAMETRIC_REPRESENTATION_CONTEXT() REPRESENTATION_CONTEXT('2D SPACE',''
  ) );
#9580 = ORIENTED_EDGE('',*,*,#7555,.F.);
#9581 = ADVANCED_FACE('',(#9582),#4951,.T.);
#9582 = FACE_BOUND('',#9583,.T.);
#9583 = EDGE_LOOP('',(#9584,#9585,#9611,#9612,#9634,#9635,#9658,#9681,
    #9705,#9727,#9728,#9729,#9730,#9754,#9776,#9777));
#9584 = ORIENTED_EDGE('',*,*,#6254,.T.);
#9585 = ORIENTED_EDGE('',*,*,#9586,.T.);
#9586 = EDGE_CURVE('',#6232,#5189,#9587,.T.);
#9587 = SURFACE_CURVE('',#9588,(#9593,#9604),.PCURVE_S1.);
#9588 = CIRCLE('',#9589,1.4);
#9589 = AXIS2_PLACEMENT_3D('',#9590,#9591,#9592);
#9590 = CARTESIAN_POINT('',(1.9,2.,0.));
#9591 = DIRECTION('',(0.,0.,-1.));
#9592 = DIRECTION('',(-1.,0.,0.));
#9593 = PCURVE('',#4951,#9594);
#9594 = DEFINITIONAL_REPRESENTATION('',(#9595),#9603);
#9595 = ( BOUNDED_CURVE() B_SPLINE_CURVE(2,(#9596,#9597,#9598,#9599,
#9600,#9601,#9602),.UNSPECIFIED.,.T.,.F.) B_SPLINE_CURVE_WITH_KNOTS((1,2
    ,2,2,2,1),(-2.094395102393,0.,2.094395102393,4.188790204786,
6.28318530718,8.377580409573),.UNSPECIFIED.) CURVE() 
GEOMETRIC_REPRESENTATION_ITEM() RATIONAL_B_SPLINE_CURVE((1.,0.5,1.,0.5,
1.,0.5,1.)) REPRESENTATION_ITEM('') );
#9596 = CARTESIAN_POINT('',(-1.7,-15.));
#9597 = CARTESIAN_POINT('',(-1.7,-12.5751288694));
#9598 = CARTESIAN_POINT('',(0.4,-13.7875644347));
#9599 = CARTESIAN_POINT('',(2.5,-15.));
#9600 = CARTESIAN_POINT('',(0.4,-16.21243556529));
#9601 = CARTESIAN_POINT('',(-1.7,-17.42487113059));
#9602 = CARTESIAN_POINT('',(-1.7,-15.));
#9603 = ( GEOMETRIC_REPRESENTATION_CONTEXT(2) 
PARAMETRIC_REPRESENTATION_CONTEXT() REPRESENTATION_CONTEXT('2D SPACE',''
  ) );
#9604 = PCURVE('',#5209,#9605);
#9605 = DEFINITIONAL_REPRESENTATION('',(#9606),#9610);
#9606 = LINE('',#9607,#9608);
#9607 = CARTESIAN_POINT('',(-4.440892098501E-16,0.));
#9608 = VECTOR('',#9609,1.);
#9609 = DIRECTION('',(1.,0.));
#9610 = ( GEOMETRIC_REPRESENTATION_CONTEXT(2) 
PARAMETRIC_REPRESENTATION_CONTEXT() REPRESENTATION_CONTEXT('2D SPACE',''
  ) );
#9611 = ORIENTED_EDGE('',*,*,#5348,.T.);
#9612 = ORIENTED_EDGE('',*,*,#9613,.F.);
#9613 = EDGE_CURVE('',#4929,#5302,#9614,.T.);
#9614 = SURFACE_CURVE('',#9615,(#9620,#9627),.PCURVE_S1.);
#9615 = CIRCLE('',#9616,1.5);
#9616 = AXIS2_PLACEMENT_3D('',#9617,#9618,#9619);
#9617 = CARTESIAN_POINT('',(-4.2,1.9,0.));
#9618 = DIRECTION('',(0.,0.,1.));
#9619 = DIRECTION('',(1.,0.,-0.));
#9620 = PCURVE('',#4951,#9621);
#9621 = DEFINITIONAL_REPRESENTATION('',(#9622),#9626);
#9622 = CIRCLE('',#9623,1.5);
#9623 = AXIS2_PLACEMENT_2D('',#9624,#9625);
#9624 = CARTESIAN_POINT('',(-6.4,-15.1));
#9625 = DIRECTION('',(1.,0.));
#9626 = ( GEOMETRIC_REPRESENTATION_CONTEXT(2) 
PARAMETRIC_REPRESENTATION_CONTEXT() REPRESENTATION_CONTEXT('2D SPACE',''
  ) );
#9627 = PCURVE('',#4981,#9628);
#9628 = DEFINITIONAL_REPRESENTATION('',(#9629),#9633);
#9629 = LINE('',#9630,#9631);
#9630 = CARTESIAN_POINT('',(0.,1.392722774173E-17));
#9631 = VECTOR('',#9632,1.);
#9632 = DIRECTION('',(1.,-4.630276280906E-18));
#9633 = ( GEOMETRIC_REPRESENTATION_CONTEXT(2) 
PARAMETRIC_REPRESENTATION_CONTEXT() REPRESENTATION_CONTEXT('2D SPACE',''
  ) );
#9634 = ORIENTED_EDGE('',*,*,#4928,.T.);
#9635 = ORIENTED_EDGE('',*,*,#9636,.T.);
#9636 = EDGE_CURVE('',#4931,#9637,#9639,.T.);
#9637 = VERTEX_POINT('',#9638);
#9638 = CARTESIAN_POINT('',(-8.75,1.,0.));
#9639 = SURFACE_CURVE('',#9640,(#9644,#9651),.PCURVE_S1.);
#9640 = LINE('',#9641,#9642);
#9641 = CARTESIAN_POINT('',(-8.75,2.1,0.));
#9642 = VECTOR('',#9643,1.);
#9643 = DIRECTION('',(1.577021341797E-15,-1.,0.));
#9644 = PCURVE('',#4951,#9645);
#9645 = DEFINITIONAL_REPRESENTATION('',(#9646),#9650);
#9646 = LINE('',#9647,#9648);
#9647 = CARTESIAN_POINT('',(-10.95,-14.9));
#9648 = VECTOR('',#9649,1.);
#9649 = DIRECTION('',(1.577021341797E-15,-1.));
#9650 = ( GEOMETRIC_REPRESENTATION_CONTEXT(2) 
PARAMETRIC_REPRESENTATION_CONTEXT() REPRESENTATION_CONTEXT('2D SPACE',''
  ) );
#9651 = PCURVE('',#5057,#9652);
#9652 = DEFINITIONAL_REPRESENTATION('',(#9653),#9657);
#9653 = LINE('',#9654,#9655);
#9654 = CARTESIAN_POINT('',(0.,-4.4));
#9655 = VECTOR('',#9656,1.);
#9656 = DIRECTION('',(-1.,0.));
#9657 = ( GEOMETRIC_REPRESENTATION_CONTEXT(2) 
PARAMETRIC_REPRESENTATION_CONTEXT() REPRESENTATION_CONTEXT('2D SPACE',''
  ) );
#9658 = ORIENTED_EDGE('',*,*,#9659,.T.);
#9659 = EDGE_CURVE('',#9637,#9660,#9662,.T.);
#9660 = VERTEX_POINT('',#9661);
#9661 = CARTESIAN_POINT('',(-10.21676030258,1.,0.));
#9662 = SURFACE_CURVE('',#9663,(#9667,#9674),.PCURVE_S1.);
#9663 = LINE('',#9664,#9665);
#9664 = CARTESIAN_POINT('',(-8.75,1.,0.));
#9665 = VECTOR('',#9666,1.);
#9666 = DIRECTION('',(-1.,0.,0.));
#9667 = PCURVE('',#4951,#9668);
#9668 = DEFINITIONAL_REPRESENTATION('',(#9669),#9673);
#9669 = LINE('',#9670,#9671);
#9670 = CARTESIAN_POINT('',(-10.95,-16.));
#9671 = VECTOR('',#9672,1.);
#9672 = DIRECTION('',(-1.,0.));
#9673 = ( GEOMETRIC_REPRESENTATION_CONTEXT(2) 
PARAMETRIC_REPRESENTATION_CONTEXT() REPRESENTATION_CONTEXT('2D SPACE',''
  ) );
#9674 = PCURVE('',#6981,#9675);
#9675 = DEFINITIONAL_REPRESENTATION('',(#9676),#9680);
#9676 = LINE('',#9677,#9678);
#9677 = CARTESIAN_POINT('',(4.4,0.));
#9678 = VECTOR('',#9679,1.);
#9679 = DIRECTION('',(0.,-1.));
#9680 = ( GEOMETRIC_REPRESENTATION_CONTEXT(2) 
PARAMETRIC_REPRESENTATION_CONTEXT() REPRESENTATION_CONTEXT('2D SPACE',''
  ) );
#9681 = ORIENTED_EDGE('',*,*,#9682,.T.);
#9682 = EDGE_CURVE('',#9660,#9683,#9685,.T.);
#9683 = VERTEX_POINT('',#9684);
#9684 = CARTESIAN_POINT('',(-10.40216526475,0.875,0.));
#9685 = SURFACE_CURVE('',#9686,(#9691,#9698),.PCURVE_S1.);
#9686 = CIRCLE('',#9687,0.2);
#9687 = AXIS2_PLACEMENT_3D('',#9688,#9689,#9690);
#9688 = CARTESIAN_POINT('',(-10.21676030258,0.8,0.));
#9689 = DIRECTION('',(0.,0.,1.));
#9690 = DIRECTION('',(1.,0.,-0.));
#9691 = PCURVE('',#4951,#9692);
#9692 = DEFINITIONAL_REPRESENTATION('',(#9693),#9697);
#9693 = CIRCLE('',#9694,0.2);
#9694 = AXIS2_PLACEMENT_2D('',#9695,#9696);
#9695 = CARTESIAN_POINT('',(-12.41676030258,-16.2));
#9696 = DIRECTION('',(1.,0.));
#9697 = ( GEOMETRIC_REPRESENTATION_CONTEXT(2) 
PARAMETRIC_REPRESENTATION_CONTEXT() REPRESENTATION_CONTEXT('2D SPACE',''
  ) );
#9698 = PCURVE('',#6953,#9699);
#9699 = DEFINITIONAL_REPRESENTATION('',(#9700),#9704);
#9700 = LINE('',#9701,#9702);
#9701 = CARTESIAN_POINT('',(3.14159265359,4.4));
#9702 = VECTOR('',#9703,1.);
#9703 = DIRECTION('',(-1.,0.));
#9704 = ( GEOMETRIC_REPRESENTATION_CONTEXT(2) 
PARAMETRIC_REPRESENTATION_CONTEXT() REPRESENTATION_CONTEXT('2D SPACE',''
  ) );
#9705 = ORIENTED_EDGE('',*,*,#9706,.F.);
#9706 = EDGE_CURVE('',#7289,#9683,#9707,.T.);
#9707 = SURFACE_CURVE('',#9708,(#9713,#9720),.PCURVE_S1.);
#9708 = CIRCLE('',#9709,1.4);
#9709 = AXIS2_PLACEMENT_3D('',#9710,#9711,#9712);
#9710 = CARTESIAN_POINT('',(-11.7,1.4,0.));
#9711 = DIRECTION('',(0.,0.,1.));
#9712 = DIRECTION('',(1.,0.,-0.));
#9713 = PCURVE('',#4951,#9714);
#9714 = DEFINITIONAL_REPRESENTATION('',(#9715),#9719);
#9715 = CIRCLE('',#9716,1.4);
#9716 = AXIS2_PLACEMENT_2D('',#9717,#9718);
#9717 = CARTESIAN_POINT('',(-13.9,-15.6));
#9718 = DIRECTION('',(1.,0.));
#9719 = ( GEOMETRIC_REPRESENTATION_CONTEXT(2) 
PARAMETRIC_REPRESENTATION_CONTEXT() REPRESENTATION_CONTEXT('2D SPACE',''
  ) );
#9720 = PCURVE('',#6924,#9721);
#9721 = DEFINITIONAL_REPRESENTATION('',(#9722),#9726);
#9722 = LINE('',#9723,#9724);
#9723 = CARTESIAN_POINT('',(9.424777960769,4.4));
#9724 = VECTOR('',#9725,1.);
#9725 = DIRECTION('',(-1.,0.));
#9726 = ( GEOMETRIC_REPRESENTATION_CONTEXT(2) 
PARAMETRIC_REPRESENTATION_CONTEXT() REPRESENTATION_CONTEXT('2D SPACE',''
  ) );
#9727 = ORIENTED_EDGE('',*,*,#7288,.T.);
#9728 = ORIENTED_EDGE('',*,*,#7090,.T.);
#9729 = ORIENTED_EDGE('',*,*,#7606,.T.);
#9730 = ORIENTED_EDGE('',*,*,#9731,.F.);
#9731 = EDGE_CURVE('',#9732,#7579,#9734,.T.);
#9732 = VERTEX_POINT('',#9733);
#9733 = CARTESIAN_POINT('',(2.634482793319,15.669126338712,0.));
#9734 = SURFACE_CURVE('',#9735,(#9740,#9747),.PCURVE_S1.);
#9735 = CIRCLE('',#9736,1.4);
#9736 = AXIS2_PLACEMENT_3D('',#9737,#9738,#9739);
#9737 = CARTESIAN_POINT('',(2.2,17.,0.));
#9738 = DIRECTION('',(0.,0.,1.));
#9739 = DIRECTION('',(1.,0.,-0.));
#9740 = PCURVE('',#4951,#9741);
#9741 = DEFINITIONAL_REPRESENTATION('',(#9742),#9746);
#9742 = CIRCLE('',#9743,1.4);
#9743 = AXIS2_PLACEMENT_2D('',#9744,#9745);
#9744 = CARTESIAN_POINT('',(0.,0.));
#9745 = DIRECTION('',(1.,0.));
#9746 = ( GEOMETRIC_REPRESENTATION_CONTEXT(2) 
PARAMETRIC_REPRESENTATION_CONTEXT() REPRESENTATION_CONTEXT('2D SPACE',''
  ) );
#9747 = PCURVE('',#7594,#9748);
#9748 = DEFINITIONAL_REPRESENTATION('',(#9749),#9753);
#9749 = LINE('',#9750,#9751);
#9750 = CARTESIAN_POINT('',(9.424777960769,4.4));
#9751 = VECTOR('',#9752,1.);
#9752 = DIRECTION('',(-1.,0.));
#9753 = ( GEOMETRIC_REPRESENTATION_CONTEXT(2) 
PARAMETRIC_REPRESENTATION_CONTEXT() REPRESENTATION_CONTEXT('2D SPACE',''
  ) );
#9754 = ORIENTED_EDGE('',*,*,#9755,.T.);
#9755 = EDGE_CURVE('',#9732,#6655,#9756,.T.);
#9756 = SURFACE_CURVE('',#9757,(#9762,#9769),.PCURVE_S1.);
#9757 = CIRCLE('',#9758,1.5);
#9758 = AXIS2_PLACEMENT_3D('',#9759,#9760,#9761);
#9759 = CARTESIAN_POINT('',(3.1,14.243190249582,0.));
#9760 = DIRECTION('',(0.,0.,1.));
#9761 = DIRECTION('',(1.,0.,-0.));
#9762 = PCURVE('',#4951,#9763);
#9763 = DEFINITIONAL_REPRESENTATION('',(#9764),#9768);
#9764 = CIRCLE('',#9765,1.5);
#9765 = AXIS2_PLACEMENT_2D('',#9766,#9767);
#9766 = CARTESIAN_POINT('',(0.9,-2.756809750418));
#9767 = DIRECTION('',(1.,0.));
#9768 = ( GEOMETRIC_REPRESENTATION_CONTEXT(2) 
PARAMETRIC_REPRESENTATION_CONTEXT() REPRESENTATION_CONTEXT('2D SPACE',''
  ) );
#9769 = PCURVE('',#6691,#9770);
#9770 = DEFINITIONAL_REPRESENTATION('',(#9771),#9775);
#9771 = LINE('',#9772,#9773);
#9772 = CARTESIAN_POINT('',(3.14159265359,4.4));
#9773 = VECTOR('',#9774,1.);
#9774 = DIRECTION('',(-1.,0.));
#9775 = ( GEOMETRIC_REPRESENTATION_CONTEXT(2) 
PARAMETRIC_REPRESENTATION_CONTEXT() REPRESENTATION_CONTEXT('2D SPACE',''
  ) );
#9776 = ORIENTED_EDGE('',*,*,#6654,.T.);
#9777 = ORIENTED_EDGE('',*,*,#9778,.T.);
#9778 = EDGE_CURVE('',#6608,#6255,#9779,.T.);
#9779 = SURFACE_CURVE('',#9780,(#9785,#9796),.PCURVE_S1.);
#9780 = CIRCLE('',#9781,1.4);
#9781 = AXIS2_PLACEMENT_3D('',#9782,#9783,#9784);
#9782 = CARTESIAN_POINT('',(1.9,8.5,0.));
#9783 = DIRECTION('',(0.,0.,-1.));
#9784 = DIRECTION('',(-1.,0.,0.));
#9785 = PCURVE('',#4951,#9786);
#9786 = DEFINITIONAL_REPRESENTATION('',(#9787),#9795);
#9787 = ( BOUNDED_CURVE() B_SPLINE_CURVE(2,(#9788,#9789,#9790,#9791,
#9792,#9793,#9794),.UNSPECIFIED.,.T.,.F.) B_SPLINE_CURVE_WITH_KNOTS((1,2
    ,2,2,2,1),(-2.094395102393,0.,2.094395102393,4.188790204786,
6.28318530718,8.377580409573),.UNSPECIFIED.) CURVE() 
GEOMETRIC_REPRESENTATION_ITEM() RATIONAL_B_SPLINE_CURVE((1.,0.5,1.,0.5,
1.,0.5,1.)) REPRESENTATION_ITEM('') );
#9788 = CARTESIAN_POINT('',(-1.7,-8.5));
#9789 = CARTESIAN_POINT('',(-1.7,-6.075128869404));
#9790 = CARTESIAN_POINT('',(0.4,-7.287564434702));
#9791 = CARTESIAN_POINT('',(2.5,-8.5));
#9792 = CARTESIAN_POINT('',(0.4,-9.712435565298));
#9793 = CARTESIAN_POINT('',(-1.7,-10.92487113059));
#9794 = CARTESIAN_POINT('',(-1.7,-8.5));
#9795 = ( GEOMETRIC_REPRESENTATION_CONTEXT(2) 
PARAMETRIC_REPRESENTATION_CONTEXT() REPRESENTATION_CONTEXT('2D SPACE',''
  ) );
#9796 = PCURVE('',#6293,#9797);
#9797 = DEFINITIONAL_REPRESENTATION('',(#9798),#9802);
#9798 = LINE('',#9799,#9800);
#9799 = CARTESIAN_POINT('',(9.424777960769,-4.4));
#9800 = VECTOR('',#9801,1.);
#9801 = DIRECTION('',(-1.,0.));
#9802 = ( GEOMETRIC_REPRESENTATION_CONTEXT(2) 
PARAMETRIC_REPRESENTATION_CONTEXT() REPRESENTATION_CONTEXT('2D SPACE',''
  ) );
#9803 = ADVANCED_FACE('',(#9804),#7594,.T.);
#9804 = FACE_BOUND('',#9805,.T.);
#9805 = EDGE_LOOP('',(#9806,#9807,#9808,#9809));
#9806 = ORIENTED_EDGE('',*,*,#9731,.T.);
#9807 = ORIENTED_EDGE('',*,*,#7578,.F.);
#9808 = ORIENTED_EDGE('',*,*,#9559,.F.);
#9809 = ORIENTED_EDGE('',*,*,#9810,.T.);
#9810 = EDGE_CURVE('',#9536,#9732,#9811,.T.);
#9811 = SURFACE_CURVE('',#9812,(#9816,#9823),.PCURVE_S1.);
#9812 = LINE('',#9813,#9814);
#9813 = CARTESIAN_POINT('',(2.634482793319,15.669126338712,4.4));
#9814 = VECTOR('',#9815,1.);
#9815 = DIRECTION('',(0.,0.,-1.));
#9816 = PCURVE('',#7594,#9817);
#9817 = DEFINITIONAL_REPRESENTATION('',(#9818),#9822);
#9818 = LINE('',#9819,#9820);
#9819 = CARTESIAN_POINT('',(4.396833205215,0.));
#9820 = VECTOR('',#9821,1.);
#9821 = DIRECTION('',(0.,1.));
#9822 = ( GEOMETRIC_REPRESENTATION_CONTEXT(2) 
PARAMETRIC_REPRESENTATION_CONTEXT() REPRESENTATION_CONTEXT('2D SPACE',''
  ) );
#9823 = PCURVE('',#6691,#9824);
#9824 = DEFINITIONAL_REPRESENTATION('',(#9825),#9829);
#9825 = LINE('',#9826,#9827);
#9826 = CARTESIAN_POINT('',(1.25524060203,0.));
#9827 = VECTOR('',#9828,1.);
#9828 = DIRECTION('',(0.,1.));
#9829 = ( GEOMETRIC_REPRESENTATION_CONTEXT(2) 
PARAMETRIC_REPRESENTATION_CONTEXT() REPRESENTATION_CONTEXT('2D SPACE',''
  ) );
#9830 = ADVANCED_FACE('',(#9831),#6691,.F.);
#9831 = FACE_BOUND('',#9832,.F.);
#9832 = EDGE_LOOP('',(#9833,#9834,#9835,#9836));
#9833 = ORIENTED_EDGE('',*,*,#6677,.F.);
#9834 = ORIENTED_EDGE('',*,*,#9535,.F.);
#9835 = ORIENTED_EDGE('',*,*,#9810,.T.);
#9836 = ORIENTED_EDGE('',*,*,#9755,.T.);
#9837 = ADVANCED_FACE('',(#9838),#5057,.T.);
#9838 = FACE_BOUND('',#9839,.T.);
#9839 = EDGE_LOOP('',(#9840,#9841,#9842,#9843));
#9840 = ORIENTED_EDGE('',*,*,#9636,.F.);
#9841 = ORIENTED_EDGE('',*,*,#5043,.F.);
#9842 = ORIENTED_EDGE('',*,*,#6993,.T.);
#9843 = ORIENTED_EDGE('',*,*,#9844,.T.);
#9844 = EDGE_CURVE('',#6966,#9637,#9845,.T.);
#9845 = SURFACE_CURVE('',#9846,(#9850,#9857),.PCURVE_S1.);
#9846 = LINE('',#9847,#9848);
#9847 = CARTESIAN_POINT('',(-8.75,1.,4.4));
#9848 = VECTOR('',#9849,1.);
#9849 = DIRECTION('',(0.,0.,-1.));
#9850 = PCURVE('',#5057,#9851);
#9851 = DEFINITIONAL_REPRESENTATION('',(#9852),#9856);
#9852 = LINE('',#9853,#9854);
#9853 = CARTESIAN_POINT('',(-1.1,0.));
#9854 = VECTOR('',#9855,1.);
#9855 = DIRECTION('',(0.,-1.));
#9856 = ( GEOMETRIC_REPRESENTATION_CONTEXT(2) 
PARAMETRIC_REPRESENTATION_CONTEXT() REPRESENTATION_CONTEXT('2D SPACE',''
  ) );
#9857 = PCURVE('',#6981,#9858);
#9858 = DEFINITIONAL_REPRESENTATION('',(#9859),#9863);
#9859 = LINE('',#9860,#9861);
#9860 = CARTESIAN_POINT('',(0.,0.));
#9861 = VECTOR('',#9862,1.);
#9862 = DIRECTION('',(1.,0.));
#9863 = ( GEOMETRIC_REPRESENTATION_CONTEXT(2) 
PARAMETRIC_REPRESENTATION_CONTEXT() REPRESENTATION_CONTEXT('2D SPACE',''
  ) );
#9864 = ADVANCED_FACE('',(#9865),#6981,.T.);
#9865 = FACE_BOUND('',#9866,.T.);
#9866 = EDGE_LOOP('',(#9867,#9868,#9869,#9870));
#9867 = ORIENTED_EDGE('',*,*,#9659,.F.);
#9868 = ORIENTED_EDGE('',*,*,#9844,.F.);
#9869 = ORIENTED_EDGE('',*,*,#6965,.T.);
#9870 = ORIENTED_EDGE('',*,*,#9871,.T.);
#9871 = EDGE_CURVE('',#6937,#9660,#9872,.T.);
#9872 = SURFACE_CURVE('',#9873,(#9877,#9884),.PCURVE_S1.);
#9873 = LINE('',#9874,#9875);
#9874 = CARTESIAN_POINT('',(-10.21676030258,1.,4.4));
#9875 = VECTOR('',#9876,1.);
#9876 = DIRECTION('',(0.,0.,-1.));
#9877 = PCURVE('',#6981,#9878);
#9878 = DEFINITIONAL_REPRESENTATION('',(#9879),#9883);
#9879 = LINE('',#9880,#9881);
#9880 = CARTESIAN_POINT('',(0.,-1.466760302581));
#9881 = VECTOR('',#9882,1.);
#9882 = DIRECTION('',(1.,0.));
#9883 = ( GEOMETRIC_REPRESENTATION_CONTEXT(2) 
PARAMETRIC_REPRESENTATION_CONTEXT() REPRESENTATION_CONTEXT('2D SPACE',''
  ) );
#9884 = PCURVE('',#6953,#9885);
#9885 = DEFINITIONAL_REPRESENTATION('',(#9886),#9890);
#9886 = LINE('',#9887,#9888);
#9887 = CARTESIAN_POINT('',(1.570796326795,0.));
#9888 = VECTOR('',#9889,1.);
#9889 = DIRECTION('',(0.,1.));
#9890 = ( GEOMETRIC_REPRESENTATION_CONTEXT(2) 
PARAMETRIC_REPRESENTATION_CONTEXT() REPRESENTATION_CONTEXT('2D SPACE',''
  ) );
#9891 = ADVANCED_FACE('',(#9892),#6953,.F.);
#9892 = FACE_BOUND('',#9893,.F.);
#9893 = EDGE_LOOP('',(#9894,#9915,#9916,#9917));
#9894 = ORIENTED_EDGE('',*,*,#9895,.F.);
#9895 = EDGE_CURVE('',#6908,#9683,#9896,.T.);
#9896 = SURFACE_CURVE('',#9897,(#9901,#9908),.PCURVE_S1.);
#9897 = LINE('',#9898,#9899);
#9898 = CARTESIAN_POINT('',(-10.40216526475,0.875,4.4));
#9899 = VECTOR('',#9900,1.);
#9900 = DIRECTION('',(0.,0.,-1.));
#9901 = PCURVE('',#6953,#9902);
#9902 = DEFINITIONAL_REPRESENTATION('',(#9903),#9907);
#9903 = LINE('',#9904,#9905);
#9904 = CARTESIAN_POINT('',(0.384396774496,0.));
#9905 = VECTOR('',#9906,1.);
#9906 = DIRECTION('',(0.,1.));
#9907 = ( GEOMETRIC_REPRESENTATION_CONTEXT(2) 
PARAMETRIC_REPRESENTATION_CONTEXT() REPRESENTATION_CONTEXT('2D SPACE',''
  ) );
#9908 = PCURVE('',#6924,#9909);
#9909 = DEFINITIONAL_REPRESENTATION('',(#9910),#9914);
#9910 = LINE('',#9911,#9912);
#9911 = CARTESIAN_POINT('',(3.525989428085,0.));
#9912 = VECTOR('',#9913,1.);
#9913 = DIRECTION('',(0.,1.));
#9914 = ( GEOMETRIC_REPRESENTATION_CONTEXT(2) 
PARAMETRIC_REPRESENTATION_CONTEXT() REPRESENTATION_CONTEXT('2D SPACE',''
  ) );
#9915 = ORIENTED_EDGE('',*,*,#6936,.F.);
#9916 = ORIENTED_EDGE('',*,*,#9871,.T.);
#9917 = ORIENTED_EDGE('',*,*,#9682,.T.);
#9918 = ADVANCED_FACE('',(#9919),#6924,.T.);
#9919 = FACE_BOUND('',#9920,.T.);
#9920 = EDGE_LOOP('',(#9921,#9922,#9923,#9924));
#9921 = ORIENTED_EDGE('',*,*,#9706,.T.);
#9922 = ORIENTED_EDGE('',*,*,#9895,.F.);
#9923 = ORIENTED_EDGE('',*,*,#6907,.F.);
#9924 = ORIENTED_EDGE('',*,*,#7311,.T.);
#9925 = ADVANCED_FACE('',(#9926),#6407,.F.);
#9926 = FACE_BOUND('',#9927,.T.);
#9927 = EDGE_LOOP('',(#9928,#9954,#9955,#9979,#10001));
#9928 = ORIENTED_EDGE('',*,*,#9929,.F.);
#9929 = EDGE_CURVE('',#6387,#6333,#9930,.T.);
#9930 = SURFACE_CURVE('',#9931,(#9936,#9947),.PCURVE_S1.);
#9931 = CIRCLE('',#9932,1.7);
#9932 = AXIS2_PLACEMENT_3D('',#9933,#9934,#9935);
#9933 = CARTESIAN_POINT('',(1.9,8.5,9.4));
#9934 = DIRECTION('',(0.,0.,-1.));
#9935 = DIRECTION('',(-1.,0.,0.));
#9936 = PCURVE('',#6407,#9937);
#9937 = DEFINITIONAL_REPRESENTATION('',(#9938),#9946);
#9938 = ( BOUNDED_CURVE() B_SPLINE_CURVE(2,(#9939,#9940,#9941,#9942,
#9943,#9944,#9945),.UNSPECIFIED.,.T.,.F.) B_SPLINE_CURVE_WITH_KNOTS((1,2
    ,2,2,2,1),(-2.094395102393,0.,2.094395102393,4.188790204786,
6.28318530718,8.377580409573),.UNSPECIFIED.) CURVE() 
GEOMETRIC_REPRESENTATION_ITEM() RATIONAL_B_SPLINE_CURVE((1.,0.5,1.,0.5,
1.,0.5,1.)) REPRESENTATION_ITEM('') );
#9939 = CARTESIAN_POINT('',(-2.,-8.5));
#9940 = CARTESIAN_POINT('',(-2.,-5.555513627133));
#9941 = CARTESIAN_POINT('',(0.55,-7.027756813566));
#9942 = CARTESIAN_POINT('',(3.1,-8.5));
#9943 = CARTESIAN_POINT('',(0.55,-9.972243186434));
#9944 = CARTESIAN_POINT('',(-2.,-11.44448637286));
#9945 = CARTESIAN_POINT('',(-2.,-8.5));
#9946 = ( GEOMETRIC_REPRESENTATION_CONTEXT(2) 
PARAMETRIC_REPRESENTATION_CONTEXT() REPRESENTATION_CONTEXT('2D SPACE',''
  ) );
#9947 = PCURVE('',#6068,#9948);
#9948 = DEFINITIONAL_REPRESENTATION('',(#9949),#9953);
#9949 = LINE('',#9950,#9951);
#9950 = CARTESIAN_POINT('',(9.424777960769,1.20110017575E-17));
#9951 = VECTOR('',#9952,1.);
#9952 = DIRECTION('',(-1.,-8.619944029441E-18));
#9953 = ( GEOMETRIC_REPRESENTATION_CONTEXT(2) 
PARAMETRIC_REPRESENTATION_CONTEXT() REPRESENTATION_CONTEXT('2D SPACE',''
  ) );
#9954 = ORIENTED_EDGE('',*,*,#6384,.F.);
#9955 = ORIENTED_EDGE('',*,*,#9956,.F.);
#9956 = EDGE_CURVE('',#9957,#6385,#9959,.T.);
#9957 = VERTEX_POINT('',#9958);
#9958 = CARTESIAN_POINT('',(2.634482793319,15.669126338712,9.4));
#9959 = SURFACE_CURVE('',#9960,(#9965,#9972),.PCURVE_S1.);
#9960 = CIRCLE('',#9961,1.5);
#9961 = AXIS2_PLACEMENT_3D('',#9962,#9963,#9964);
#9962 = CARTESIAN_POINT('',(3.1,14.243190249582,9.4));
#9963 = DIRECTION('',(0.,0.,1.));
#9964 = DIRECTION('',(1.,0.,-0.));
#9965 = PCURVE('',#6407,#9966);
#9966 = DEFINITIONAL_REPRESENTATION('',(#9967),#9971);
#9967 = CIRCLE('',#9968,1.5);
#9968 = AXIS2_PLACEMENT_2D('',#9969,#9970);
#9969 = CARTESIAN_POINT('',(0.9,-2.756809750418));
#9970 = DIRECTION('',(1.,0.));
#9971 = ( GEOMETRIC_REPRESENTATION_CONTEXT(2) 
PARAMETRIC_REPRESENTATION_CONTEXT() REPRESENTATION_CONTEXT('2D SPACE',''
  ) );
#9972 = PCURVE('',#6503,#9973);
#9973 = DEFINITIONAL_REPRESENTATION('',(#9974),#9978);
#9974 = LINE('',#9975,#9976);
#9975 = CARTESIAN_POINT('',(3.14159265359,0.));
#9976 = VECTOR('',#9977,1.);
#9977 = DIRECTION('',(-1.,0.));
#9978 = ( GEOMETRIC_REPRESENTATION_CONTEXT(2) 
PARAMETRIC_REPRESENTATION_CONTEXT() REPRESENTATION_CONTEXT('2D SPACE',''
  ) );
#9979 = ORIENTED_EDGE('',*,*,#9980,.T.);
#9980 = EDGE_CURVE('',#9957,#7480,#9981,.T.);
#9981 = SURFACE_CURVE('',#9982,(#9987,#9994),.PCURVE_S1.);
#9982 = CIRCLE('',#9983,1.4);
#9983 = AXIS2_PLACEMENT_3D('',#9984,#9985,#9986);
#9984 = CARTESIAN_POINT('',(2.2,17.,9.4));
#9985 = DIRECTION('',(0.,0.,1.));
#9986 = DIRECTION('',(1.,0.,-0.));
#9987 = PCURVE('',#6407,#9988);
#9988 = DEFINITIONAL_REPRESENTATION('',(#9989),#9993);
#9989 = CIRCLE('',#9990,1.4);
#9990 = AXIS2_PLACEMENT_2D('',#9991,#9992);
#9991 = CARTESIAN_POINT('',(0.,0.));
#9992 = DIRECTION('',(1.,0.));
#9993 = ( GEOMETRIC_REPRESENTATION_CONTEXT(2) 
PARAMETRIC_REPRESENTATION_CONTEXT() REPRESENTATION_CONTEXT('2D SPACE',''
  ) );
#9994 = PCURVE('',#7518,#9995);
#9995 = DEFINITIONAL_REPRESENTATION('',(#9996),#10000);
#9996 = LINE('',#9997,#9998);
#9997 = CARTESIAN_POINT('',(9.424777960769,0.));
#9998 = VECTOR('',#9999,1.);
#9999 = DIRECTION('',(-1.,0.));
#10000 = ( GEOMETRIC_REPRESENTATION_CONTEXT(2) 
PARAMETRIC_REPRESENTATION_CONTEXT() REPRESENTATION_CONTEXT('2D SPACE',''
  ) );
#10001 = ORIENTED_EDGE('',*,*,#7479,.F.);
#10002 = ADVANCED_FACE('',(#10003),#4551,.T.);
#10003 = FACE_BOUND('',#10004,.T.);
#10004 = EDGE_LOOP('',(#10005,#10006,#10032,#10033,#10055,#10056,#10079,
    #10102,#10126,#10148,#10149,#10150,#10151,#10175,#10197,#10198));
#10005 = ORIENTED_EDGE('',*,*,#6029,.T.);
#10006 = ORIENTED_EDGE('',*,*,#10007,.T.);
#10007 = EDGE_CURVE('',#6007,#4373,#10008,.T.);
#10008 = SURFACE_CURVE('',#10009,(#10014,#10025),.PCURVE_S1.);
#10009 = CIRCLE('',#10010,1.4);
#10010 = AXIS2_PLACEMENT_3D('',#10011,#10012,#10013);
#10011 = CARTESIAN_POINT('',(1.9,2.,5.));
#10012 = DIRECTION('',(0.,0.,-1.));
#10013 = DIRECTION('',(-1.,0.,0.));
#10014 = PCURVE('',#4551,#10015);
#10015 = DEFINITIONAL_REPRESENTATION('',(#10016),#10024);
#10016 = ( BOUNDED_CURVE() B_SPLINE_CURVE(2,(#10017,#10018,#10019,#10020
    ,#10021,#10022,#10023),.UNSPECIFIED.,.T.,.F.) 
B_SPLINE_CURVE_WITH_KNOTS((1,2,2,2,2,1),(-2.094395102393,0.,
    2.094395102393,4.188790204786,6.28318530718,8.377580409573),
.UNSPECIFIED.) CURVE() GEOMETRIC_REPRESENTATION_ITEM() 
RATIONAL_B_SPLINE_CURVE((1.,0.5,1.,0.5,1.,0.5,1.)) REPRESENTATION_ITEM(
  '') );
#10017 = CARTESIAN_POINT('',(-1.7,-15.));
#10018 = CARTESIAN_POINT('',(-1.7,-12.5751288694));
#10019 = CARTESIAN_POINT('',(0.4,-13.7875644347));
#10020 = CARTESIAN_POINT('',(2.5,-15.));
#10021 = CARTESIAN_POINT('',(0.4,-16.21243556529));
#10022 = CARTESIAN_POINT('',(-1.7,-17.42487113059));
#10023 = CARTESIAN_POINT('',(-1.7,-15.));
#10024 = ( GEOMETRIC_REPRESENTATION_CONTEXT(2) 
PARAMETRIC_REPRESENTATION_CONTEXT() REPRESENTATION_CONTEXT('2D SPACE',''
  ) );
#10025 = PCURVE('',#4393,#10026);
#10026 = DEFINITIONAL_REPRESENTATION('',(#10027),#10031);
#10027 = LINE('',#10028,#10029);
#10028 = CARTESIAN_POINT('',(-4.440892098501E-16,0.));
#10029 = VECTOR('',#10030,1.);
#10030 = DIRECTION('',(1.,0.));
#10031 = ( GEOMETRIC_REPRESENTATION_CONTEXT(2) 
PARAMETRIC_REPRESENTATION_CONTEXT() REPRESENTATION_CONTEXT('2D SPACE',''
  ) );
#10032 = ORIENTED_EDGE('',*,*,#4537,.T.);
#10033 = ORIENTED_EDGE('',*,*,#10034,.F.);
#10034 = EDGE_CURVE('',#4681,#4486,#10035,.T.);
#10035 = SURFACE_CURVE('',#10036,(#10041,#10048),.PCURVE_S1.);
#10036 = CIRCLE('',#10037,1.5);
#10037 = AXIS2_PLACEMENT_3D('',#10038,#10039,#10040);
#10038 = CARTESIAN_POINT('',(-4.2,1.9,5.));
#10039 = DIRECTION('',(0.,0.,1.));
#10040 = DIRECTION('',(1.,0.,-0.));
#10041 = PCURVE('',#4551,#10042);
#10042 = DEFINITIONAL_REPRESENTATION('',(#10043),#10047);
#10043 = CIRCLE('',#10044,1.5);
#10044 = AXIS2_PLACEMENT_2D('',#10045,#10046);
#10045 = CARTESIAN_POINT('',(-6.4,-15.1));
#10046 = DIRECTION('',(1.,0.));
#10047 = ( GEOMETRIC_REPRESENTATION_CONTEXT(2) 
PARAMETRIC_REPRESENTATION_CONTEXT() REPRESENTATION_CONTEXT('2D SPACE',''
  ) );
#10048 = PCURVE('',#4503,#10049);
#10049 = DEFINITIONAL_REPRESENTATION('',(#10050),#10054);
#10050 = LINE('',#10051,#10052);
#10051 = CARTESIAN_POINT('',(0.,1.392722774173E-17));
#10052 = VECTOR('',#10053,1.);
#10053 = DIRECTION('',(1.,-4.630276280906E-18));
#10054 = ( GEOMETRIC_REPRESENTATION_CONTEXT(2) 
PARAMETRIC_REPRESENTATION_CONTEXT() REPRESENTATION_CONTEXT('2D SPACE',''
  ) );
#10055 = ORIENTED_EDGE('',*,*,#4680,.T.);
#10056 = ORIENTED_EDGE('',*,*,#10057,.T.);
#10057 = EDGE_CURVE('',#4683,#10058,#10060,.T.);
#10058 = VERTEX_POINT('',#10059);
#10059 = CARTESIAN_POINT('',(-8.75,1.,5.));
#10060 = SURFACE_CURVE('',#10061,(#10065,#10072),.PCURVE_S1.);
#10061 = LINE('',#10062,#10063);
#10062 = CARTESIAN_POINT('',(-8.75,2.1,5.));
#10063 = VECTOR('',#10064,1.);
#10064 = DIRECTION('',(1.577021341797E-15,-1.,0.));
#10065 = PCURVE('',#4551,#10066);
#10066 = DEFINITIONAL_REPRESENTATION('',(#10067),#10071);
#10067 = LINE('',#10068,#10069);
#10068 = CARTESIAN_POINT('',(-10.95,-14.9));
#10069 = VECTOR('',#10070,1.);
#10070 = DIRECTION('',(1.577021341797E-15,-1.));
#10071 = ( GEOMETRIC_REPRESENTATION_CONTEXT(2) 
PARAMETRIC_REPRESENTATION_CONTEXT() REPRESENTATION_CONTEXT('2D SPACE',''
  ) );
#10072 = PCURVE('',#4799,#10073);
#10073 = DEFINITIONAL_REPRESENTATION('',(#10074),#10078);
#10074 = LINE('',#10075,#10076);
#10075 = CARTESIAN_POINT('',(0.,-4.4));
#10076 = VECTOR('',#10077,1.);
#10077 = DIRECTION('',(-1.,0.));
#10078 = ( GEOMETRIC_REPRESENTATION_CONTEXT(2) 
PARAMETRIC_REPRESENTATION_CONTEXT() REPRESENTATION_CONTEXT('2D SPACE',''
  ) );
#10079 = ORIENTED_EDGE('',*,*,#10080,.T.);
#10080 = EDGE_CURVE('',#10058,#10081,#10083,.T.);
#10081 = VERTEX_POINT('',#10082);
#10082 = CARTESIAN_POINT('',(-10.21676030258,1.,5.));
#10083 = SURFACE_CURVE('',#10084,(#10088,#10095),.PCURVE_S1.);
#10084 = LINE('',#10085,#10086);
#10085 = CARTESIAN_POINT('',(-8.75,1.,5.));
#10086 = VECTOR('',#10087,1.);
#10087 = DIRECTION('',(-1.,0.,0.));
#10088 = PCURVE('',#4551,#10089);
#10089 = DEFINITIONAL_REPRESENTATION('',(#10090),#10094);
#10090 = LINE('',#10091,#10092);
#10091 = CARTESIAN_POINT('',(-10.95,-16.));
#10092 = VECTOR('',#10093,1.);
#10093 = DIRECTION('',(-1.,0.));
#10094 = ( GEOMETRIC_REPRESENTATION_CONTEXT(2) 
PARAMETRIC_REPRESENTATION_CONTEXT() REPRESENTATION_CONTEXT('2D SPACE',''
  ) );
#10095 = PCURVE('',#6825,#10096);
#10096 = DEFINITIONAL_REPRESENTATION('',(#10097),#10101);
#10097 = LINE('',#10098,#10099);
#10098 = CARTESIAN_POINT('',(4.4,0.));
#10099 = VECTOR('',#10100,1.);
#10100 = DIRECTION('',(0.,-1.));
#10101 = ( GEOMETRIC_REPRESENTATION_CONTEXT(2) 
PARAMETRIC_REPRESENTATION_CONTEXT() REPRESENTATION_CONTEXT('2D SPACE',''
  ) );
#10102 = ORIENTED_EDGE('',*,*,#10103,.T.);
#10103 = EDGE_CURVE('',#10081,#10104,#10106,.T.);
#10104 = VERTEX_POINT('',#10105);
#10105 = CARTESIAN_POINT('',(-10.40216526475,0.875,5.));
#10106 = SURFACE_CURVE('',#10107,(#10112,#10119),.PCURVE_S1.);
#10107 = CIRCLE('',#10108,0.2);
#10108 = AXIS2_PLACEMENT_3D('',#10109,#10110,#10111);
#10109 = CARTESIAN_POINT('',(-10.21676030258,0.8,5.));
#10110 = DIRECTION('',(0.,0.,1.));
#10111 = DIRECTION('',(1.,0.,-0.));
#10112 = PCURVE('',#4551,#10113);
#10113 = DEFINITIONAL_REPRESENTATION('',(#10114),#10118);
#10114 = CIRCLE('',#10115,0.2);
#10115 = AXIS2_PLACEMENT_2D('',#10116,#10117);
#10116 = CARTESIAN_POINT('',(-12.41676030258,-16.2));
#10117 = DIRECTION('',(1.,0.));
#10118 = ( GEOMETRIC_REPRESENTATION_CONTEXT(2) 
PARAMETRIC_REPRESENTATION_CONTEXT() REPRESENTATION_CONTEXT('2D SPACE',''
  ) );
#10119 = PCURVE('',#6797,#10120);
#10120 = DEFINITIONAL_REPRESENTATION('',(#10121),#10125);
#10121 = LINE('',#10122,#10123);
#10122 = CARTESIAN_POINT('',(3.14159265359,4.4));
#10123 = VECTOR('',#10124,1.);
#10124 = DIRECTION('',(-1.,0.));
#10125 = ( GEOMETRIC_REPRESENTATION_CONTEXT(2) 
PARAMETRIC_REPRESENTATION_CONTEXT() REPRESENTATION_CONTEXT('2D SPACE',''
  ) );
#10126 = ORIENTED_EDGE('',*,*,#10127,.F.);
#10127 = EDGE_CURVE('',#7336,#10104,#10128,.T.);
#10128 = SURFACE_CURVE('',#10129,(#10134,#10141),.PCURVE_S1.);
#10129 = CIRCLE('',#10130,1.4);
#10130 = AXIS2_PLACEMENT_3D('',#10131,#10132,#10133);
#10131 = CARTESIAN_POINT('',(-11.7,1.4,5.));
#10132 = DIRECTION('',(0.,0.,1.));
#10133 = DIRECTION('',(1.,0.,-0.));
#10134 = PCURVE('',#4551,#10135);
#10135 = DEFINITIONAL_REPRESENTATION('',(#10136),#10140);
#10136 = CIRCLE('',#10137,1.4);
#10137 = AXIS2_PLACEMENT_2D('',#10138,#10139);
#10138 = CARTESIAN_POINT('',(-13.9,-15.6));
#10139 = DIRECTION('',(1.,0.));
#10140 = ( GEOMETRIC_REPRESENTATION_CONTEXT(2) 
PARAMETRIC_REPRESENTATION_CONTEXT() REPRESENTATION_CONTEXT('2D SPACE',''
  ) );
#10141 = PCURVE('',#6768,#10142);
#10142 = DEFINITIONAL_REPRESENTATION('',(#10143),#10147);
#10143 = LINE('',#10144,#10145);
#10144 = CARTESIAN_POINT('',(9.424777960769,4.4));
#10145 = VECTOR('',#10146,1.);
#10146 = DIRECTION('',(-1.,0.));
#10147 = ( GEOMETRIC_REPRESENTATION_CONTEXT(2) 
PARAMETRIC_REPRESENTATION_CONTEXT() REPRESENTATION_CONTEXT('2D SPACE',''
  ) );
#10148 = ORIENTED_EDGE('',*,*,#7335,.T.);
#10149 = ORIENTED_EDGE('',*,*,#7018,.T.);
#10150 = ORIENTED_EDGE('',*,*,#7530,.T.);
#10151 = ORIENTED_EDGE('',*,*,#10152,.F.);
#10152 = EDGE_CURVE('',#10153,#7503,#10155,.T.);
#10153 = VERTEX_POINT('',#10154);
#10154 = CARTESIAN_POINT('',(2.634482793319,15.669126338712,5.));
#10155 = SURFACE_CURVE('',#10156,(#10161,#10168),.PCURVE_S1.);
#10156 = CIRCLE('',#10157,1.4);
#10157 = AXIS2_PLACEMENT_3D('',#10158,#10159,#10160);
#10158 = CARTESIAN_POINT('',(2.2,17.,5.));
#10159 = DIRECTION('',(0.,0.,1.));
#10160 = DIRECTION('',(1.,0.,-0.));
#10161 = PCURVE('',#4551,#10162);
#10162 = DEFINITIONAL_REPRESENTATION('',(#10163),#10167);
#10163 = CIRCLE('',#10164,1.4);
#10164 = AXIS2_PLACEMENT_2D('',#10165,#10166);
#10165 = CARTESIAN_POINT('',(0.,0.));
#10166 = DIRECTION('',(1.,0.));
#10167 = ( GEOMETRIC_REPRESENTATION_CONTEXT(2) 
PARAMETRIC_REPRESENTATION_CONTEXT() REPRESENTATION_CONTEXT('2D SPACE',''
  ) );
#10168 = PCURVE('',#7518,#10169);
#10169 = DEFINITIONAL_REPRESENTATION('',(#10170),#10174);
#10170 = LINE('',#10171,#10172);
#10171 = CARTESIAN_POINT('',(9.424777960769,4.4));
#10172 = VECTOR('',#10173,1.);
#10173 = DIRECTION('',(-1.,0.));
#10174 = ( GEOMETRIC_REPRESENTATION_CONTEXT(2) 
PARAMETRIC_REPRESENTATION_CONTEXT() REPRESENTATION_CONTEXT('2D SPACE',''
  ) );
#10175 = ORIENTED_EDGE('',*,*,#10176,.T.);
#10176 = EDGE_CURVE('',#10153,#6467,#10177,.T.);
#10177 = SURFACE_CURVE('',#10178,(#10183,#10190),.PCURVE_S1.);
#10178 = CIRCLE('',#10179,1.5);
#10179 = AXIS2_PLACEMENT_3D('',#10180,#10181,#10182);
#10180 = CARTESIAN_POINT('',(3.1,14.243190249582,5.));
#10181 = DIRECTION('',(0.,0.,1.));
#10182 = DIRECTION('',(1.,0.,-0.));
#10183 = PCURVE('',#4551,#10184);
#10184 = DEFINITIONAL_REPRESENTATION('',(#10185),#10189);
#10185 = CIRCLE('',#10186,1.5);
#10186 = AXIS2_PLACEMENT_2D('',#10187,#10188);
#10187 = CARTESIAN_POINT('',(0.9,-2.756809750418));
#10188 = DIRECTION('',(1.,0.));
#10189 = ( GEOMETRIC_REPRESENTATION_CONTEXT(2) 
PARAMETRIC_REPRESENTATION_CONTEXT() REPRESENTATION_CONTEXT('2D SPACE',''
  ) );
#10190 = PCURVE('',#6503,#10191);
#10191 = DEFINITIONAL_REPRESENTATION('',(#10192),#10196);
#10192 = LINE('',#10193,#10194);
#10193 = CARTESIAN_POINT('',(3.14159265359,4.4));
#10194 = VECTOR('',#10195,1.);
#10195 = DIRECTION('',(-1.,0.));
#10196 = ( GEOMETRIC_REPRESENTATION_CONTEXT(2) 
PARAMETRIC_REPRESENTATION_CONTEXT() REPRESENTATION_CONTEXT('2D SPACE',''
  ) );
#10197 = ORIENTED_EDGE('',*,*,#6466,.T.);
#10198 = ORIENTED_EDGE('',*,*,#10199,.T.);
#10199 = EDGE_CURVE('',#6420,#6030,#10200,.T.);
#10200 = SURFACE_CURVE('',#10201,(#10206,#10217),.PCURVE_S1.);
#10201 = CIRCLE('',#10202,1.4);
#10202 = AXIS2_PLACEMENT_3D('',#10203,#10204,#10205);
#10203 = CARTESIAN_POINT('',(1.9,8.5,5.));
#10204 = DIRECTION('',(0.,0.,-1.));
#10205 = DIRECTION('',(-1.,0.,0.));
#10206 = PCURVE('',#4551,#10207);
#10207 = DEFINITIONAL_REPRESENTATION('',(#10208),#10216);
#10208 = ( BOUNDED_CURVE() B_SPLINE_CURVE(2,(#10209,#10210,#10211,#10212
    ,#10213,#10214,#10215),.UNSPECIFIED.,.T.,.F.) 
B_SPLINE_CURVE_WITH_KNOTS((1,2,2,2,2,1),(-2.094395102393,0.,
    2.094395102393,4.188790204786,6.28318530718,8.377580409573),
.UNSPECIFIED.) CURVE() GEOMETRIC_REPRESENTATION_ITEM() 
RATIONAL_B_SPLINE_CURVE((1.,0.5,1.,0.5,1.,0.5,1.)) REPRESENTATION_ITEM(
  '') );
#10209 = CARTESIAN_POINT('',(-1.7,-8.5));
#10210 = CARTESIAN_POINT('',(-1.7,-6.075128869404));
#10211 = CARTESIAN_POINT('',(0.4,-7.287564434702));
#10212 = CARTESIAN_POINT('',(2.5,-8.5));
#10213 = CARTESIAN_POINT('',(0.4,-9.712435565298));
#10214 = CARTESIAN_POINT('',(-1.7,-10.92487113059));
#10215 = CARTESIAN_POINT('',(-1.7,-8.5));
#10216 = ( GEOMETRIC_REPRESENTATION_CONTEXT(2) 
PARAMETRIC_REPRESENTATION_CONTEXT() REPRESENTATION_CONTEXT('2D SPACE',''
  ) );
#10217 = PCURVE('',#6068,#10218);
#10218 = DEFINITIONAL_REPRESENTATION('',(#10219),#10223);
#10219 = LINE('',#10220,#10221);
#10220 = CARTESIAN_POINT('',(9.424777960769,-4.4));
#10221 = VECTOR('',#10222,1.);
#10222 = DIRECTION('',(-1.,0.));
#10223 = ( GEOMETRIC_REPRESENTATION_CONTEXT(2) 
PARAMETRIC_REPRESENTATION_CONTEXT() REPRESENTATION_CONTEXT('2D SPACE',''
  ) );
#10224 = ADVANCED_FACE('',(#10225),#7518,.T.);
#10225 = FACE_BOUND('',#10226,.T.);
#10226 = EDGE_LOOP('',(#10227,#10228,#10229,#10230));
#10227 = ORIENTED_EDGE('',*,*,#10152,.T.);
#10228 = ORIENTED_EDGE('',*,*,#7502,.F.);
#10229 = ORIENTED_EDGE('',*,*,#9980,.F.);
#10230 = ORIENTED_EDGE('',*,*,#10231,.T.);
#10231 = EDGE_CURVE('',#9957,#10153,#10232,.T.);
#10232 = SURFACE_CURVE('',#10233,(#10237,#10244),.PCURVE_S1.);
#10233 = LINE('',#10234,#10235);
#10234 = CARTESIAN_POINT('',(2.634482793319,15.669126338712,9.4));
#10235 = VECTOR('',#10236,1.);
#10236 = DIRECTION('',(0.,0.,-1.));
#10237 = PCURVE('',#7518,#10238);
#10238 = DEFINITIONAL_REPRESENTATION('',(#10239),#10243);
#10239 = LINE('',#10240,#10241);
#10240 = CARTESIAN_POINT('',(4.396833205215,0.));
#10241 = VECTOR('',#10242,1.);
#10242 = DIRECTION('',(0.,1.));
#10243 = ( GEOMETRIC_REPRESENTATION_CONTEXT(2) 
PARAMETRIC_REPRESENTATION_CONTEXT() REPRESENTATION_CONTEXT('2D SPACE',''
  ) );
#10244 = PCURVE('',#6503,#10245);
#10245 = DEFINITIONAL_REPRESENTATION('',(#10246),#10250);
#10246 = LINE('',#10247,#10248);
#10247 = CARTESIAN_POINT('',(1.25524060203,0.));
#10248 = VECTOR('',#10249,1.);
#10249 = DIRECTION('',(0.,1.));
#10250 = ( GEOMETRIC_REPRESENTATION_CONTEXT(2) 
PARAMETRIC_REPRESENTATION_CONTEXT() REPRESENTATION_CONTEXT('2D SPACE',''
  ) );
#10251 = ADVANCED_FACE('',(#10252),#6503,.F.);
#10252 = FACE_BOUND('',#10253,.F.);
#10253 = EDGE_LOOP('',(#10254,#10255,#10256,#10257));
#10254 = ORIENTED_EDGE('',*,*,#6489,.F.);
#10255 = ORIENTED_EDGE('',*,*,#9956,.F.);
#10256 = ORIENTED_EDGE('',*,*,#10231,.T.);
#10257 = ORIENTED_EDGE('',*,*,#10176,.T.);
#10258 = ADVANCED_FACE('',(#10259),#4799,.T.);
#10259 = FACE_BOUND('',#10260,.T.);
#10260 = EDGE_LOOP('',(#10261,#10262,#10263,#10264));
#10261 = ORIENTED_EDGE('',*,*,#10057,.F.);
#10262 = ORIENTED_EDGE('',*,*,#4785,.F.);
#10263 = ORIENTED_EDGE('',*,*,#6837,.T.);
#10264 = ORIENTED_EDGE('',*,*,#10265,.T.);
#10265 = EDGE_CURVE('',#6810,#10058,#10266,.T.);
#10266 = SURFACE_CURVE('',#10267,(#10271,#10278),.PCURVE_S1.);
#10267 = LINE('',#10268,#10269);
#10268 = CARTESIAN_POINT('',(-8.75,1.,9.4));
#10269 = VECTOR('',#10270,1.);
#10270 = DIRECTION('',(0.,0.,-1.));
#10271 = PCURVE('',#4799,#10272);
#10272 = DEFINITIONAL_REPRESENTATION('',(#10273),#10277);
#10273 = LINE('',#10274,#10275);
#10274 = CARTESIAN_POINT('',(-1.1,0.));
#10275 = VECTOR('',#10276,1.);
#10276 = DIRECTION('',(0.,-1.));
#10277 = ( GEOMETRIC_REPRESENTATION_CONTEXT(2) 
PARAMETRIC_REPRESENTATION_CONTEXT() REPRESENTATION_CONTEXT('2D SPACE',''
  ) );
#10278 = PCURVE('',#6825,#10279);
#10279 = DEFINITIONAL_REPRESENTATION('',(#10280),#10284);
#10280 = LINE('',#10281,#10282);
#10281 = CARTESIAN_POINT('',(0.,0.));
#10282 = VECTOR('',#10283,1.);
#10283 = DIRECTION('',(1.,0.));
#10284 = ( GEOMETRIC_REPRESENTATION_CONTEXT(2) 
PARAMETRIC_REPRESENTATION_CONTEXT() REPRESENTATION_CONTEXT('2D SPACE',''
  ) );
#10285 = ADVANCED_FACE('',(#10286),#6825,.T.);
#10286 = FACE_BOUND('',#10287,.T.);
#10287 = EDGE_LOOP('',(#10288,#10289,#10290,#10291));
#10288 = ORIENTED_EDGE('',*,*,#10080,.F.);
#10289 = ORIENTED_EDGE('',*,*,#10265,.F.);
#10290 = ORIENTED_EDGE('',*,*,#6809,.T.);
#10291 = ORIENTED_EDGE('',*,*,#10292,.T.);
#10292 = EDGE_CURVE('',#6781,#10081,#10293,.T.);
#10293 = SURFACE_CURVE('',#10294,(#10298,#10305),.PCURVE_S1.);
#10294 = LINE('',#10295,#10296);
#10295 = CARTESIAN_POINT('',(-10.21676030258,1.,9.4));
#10296 = VECTOR('',#10297,1.);
#10297 = DIRECTION('',(0.,0.,-1.));
#10298 = PCURVE('',#6825,#10299);
#10299 = DEFINITIONAL_REPRESENTATION('',(#10300),#10304);
#10300 = LINE('',#10301,#10302);
#10301 = CARTESIAN_POINT('',(0.,-1.466760302581));
#10302 = VECTOR('',#10303,1.);
#10303 = DIRECTION('',(1.,0.));
#10304 = ( GEOMETRIC_REPRESENTATION_CONTEXT(2) 
PARAMETRIC_REPRESENTATION_CONTEXT() REPRESENTATION_CONTEXT('2D SPACE',''
  ) );
#10305 = PCURVE('',#6797,#10306);
#10306 = DEFINITIONAL_REPRESENTATION('',(#10307),#10311);
#10307 = LINE('',#10308,#10309);
#10308 = CARTESIAN_POINT('',(1.570796326795,0.));
#10309 = VECTOR('',#10310,1.);
#10310 = DIRECTION('',(0.,1.));
#10311 = ( GEOMETRIC_REPRESENTATION_CONTEXT(2) 
PARAMETRIC_REPRESENTATION_CONTEXT() REPRESENTATION_CONTEXT('2D SPACE',''
  ) );
#10312 = ADVANCED_FACE('',(#10313),#6797,.F.);
#10313 = FACE_BOUND('',#10314,.F.);
#10314 = EDGE_LOOP('',(#10315,#10336,#10337,#10338));
#10315 = ORIENTED_EDGE('',*,*,#10316,.F.);
#10316 = EDGE_CURVE('',#6752,#10104,#10317,.T.);
#10317 = SURFACE_CURVE('',#10318,(#10322,#10329),.PCURVE_S1.);
#10318 = LINE('',#10319,#10320);
#10319 = CARTESIAN_POINT('',(-10.40216526475,0.875,9.4));
#10320 = VECTOR('',#10321,1.);
#10321 = DIRECTION('',(0.,0.,-1.));
#10322 = PCURVE('',#6797,#10323);
#10323 = DEFINITIONAL_REPRESENTATION('',(#10324),#10328);
#10324 = LINE('',#10325,#10326);
#10325 = CARTESIAN_POINT('',(0.384396774496,0.));
#10326 = VECTOR('',#10327,1.);
#10327 = DIRECTION('',(0.,1.));
#10328 = ( GEOMETRIC_REPRESENTATION_CONTEXT(2) 
PARAMETRIC_REPRESENTATION_CONTEXT() REPRESENTATION_CONTEXT('2D SPACE',''
  ) );
#10329 = PCURVE('',#6768,#10330);
#10330 = DEFINITIONAL_REPRESENTATION('',(#10331),#10335);
#10331 = LINE('',#10332,#10333);
#10332 = CARTESIAN_POINT('',(3.525989428085,0.));
#10333 = VECTOR('',#10334,1.);
#10334 = DIRECTION('',(0.,1.));
#10335 = ( GEOMETRIC_REPRESENTATION_CONTEXT(2) 
PARAMETRIC_REPRESENTATION_CONTEXT() REPRESENTATION_CONTEXT('2D SPACE',''
  ) );
#10336 = ORIENTED_EDGE('',*,*,#6780,.F.);
#10337 = ORIENTED_EDGE('',*,*,#10292,.T.);
#10338 = ORIENTED_EDGE('',*,*,#10103,.T.);
#10339 = ADVANCED_FACE('',(#10340),#6768,.T.);
#10340 = FACE_BOUND('',#10341,.T.);
#10341 = EDGE_LOOP('',(#10342,#10343,#10344,#10345));
#10342 = ORIENTED_EDGE('',*,*,#10127,.T.);
#10343 = ORIENTED_EDGE('',*,*,#10316,.F.);
#10344 = ORIENTED_EDGE('',*,*,#6751,.F.);
#10345 = ORIENTED_EDGE('',*,*,#7358,.T.);
#10346 = ADVANCED_FACE('',(#10347),#4981,.T.);
#10347 = FACE_BOUND('',#10348,.T.);
#10348 = EDGE_LOOP('',(#10349,#10350,#10351,#10352,#10353));
#10349 = ORIENTED_EDGE('',*,*,#5301,.F.);
#10350 = ORIENTED_EDGE('',*,*,#6181,.F.);
#10351 = ORIENTED_EDGE('',*,*,#6862,.F.);
#10352 = ORIENTED_EDGE('',*,*,#4963,.F.);
#10353 = ORIENTED_EDGE('',*,*,#9613,.T.);
#10354 = ADVANCED_FACE('',(#10355),#4503,.T.);
#10355 = FACE_BOUND('',#10356,.T.);
#10356 = EDGE_LOOP('',(#10357,#10358,#10359,#10360,#10361));
#10357 = ORIENTED_EDGE('',*,*,#4485,.F.);
#10358 = ORIENTED_EDGE('',*,*,#5956,.F.);
#10359 = ORIENTED_EDGE('',*,*,#6706,.F.);
#10360 = ORIENTED_EDGE('',*,*,#4710,.F.);
#10361 = ORIENTED_EDGE('',*,*,#10034,.T.);
#10362 = ADVANCED_FACE('',(#10363),#6293,.T.);
#10363 = FACE_BOUND('',#10364,.T.);
#10364 = EDGE_LOOP('',(#10365,#10366,#10367,#10368,#10369));
#10365 = ORIENTED_EDGE('',*,*,#6607,.F.);
#10366 = ORIENTED_EDGE('',*,*,#9508,.T.);
#10367 = ORIENTED_EDGE('',*,*,#6520,.T.);
#10368 = ORIENTED_EDGE('',*,*,#6277,.F.);
#10369 = ORIENTED_EDGE('',*,*,#9778,.F.);
#10370 = ADVANCED_FACE('',(#10371),#6068,.T.);
#10371 = FACE_BOUND('',#10372,.T.);
#10372 = EDGE_LOOP('',(#10373,#10374,#10375,#10376,#10377));
#10373 = ORIENTED_EDGE('',*,*,#6419,.F.);
#10374 = ORIENTED_EDGE('',*,*,#9929,.T.);
#10375 = ORIENTED_EDGE('',*,*,#6332,.T.);
#10376 = ORIENTED_EDGE('',*,*,#6052,.F.);
#10377 = ORIENTED_EDGE('',*,*,#10199,.F.);
#10378 = ADVANCED_FACE('',(#10379),#5209,.T.);
#10379 = FACE_BOUND('',#10380,.T.);
#10380 = EDGE_LOOP('',(#10381,#10382,#10383,#10384));
#10381 = ORIENTED_EDGE('',*,*,#6231,.F.);
#10382 = ORIENTED_EDGE('',*,*,#5573,.T.);
#10383 = ORIENTED_EDGE('',*,*,#5186,.T.);
#10384 = ORIENTED_EDGE('',*,*,#9586,.F.);
#10385 = ADVANCED_FACE('',(#10386),#4393,.T.);
#10386 = FACE_BOUND('',#10387,.T.);
#10387 = EDGE_LOOP('',(#10388,#10389,#10390,#10391));
#10388 = ORIENTED_EDGE('',*,*,#6006,.F.);
#10389 = ORIENTED_EDGE('',*,*,#5765,.T.);
#10390 = ORIENTED_EDGE('',*,*,#4370,.T.);
#10391 = ORIENTED_EDGE('',*,*,#10007,.F.);
#10392 = ADVANCED_FACE('',(#10393),#5417,.F.);
#10393 = FACE_BOUND('',#10394,.T.);
#10394 = EDGE_LOOP('',(#10395,#10396,#10419,#10447));
#10395 = ORIENTED_EDGE('',*,*,#5401,.F.);
#10396 = ORIENTED_EDGE('',*,*,#10397,.T.);
#10397 = EDGE_CURVE('',#5374,#10398,#10400,.T.);
#10398 = VERTEX_POINT('',#10399);
#10399 = CARTESIAN_POINT('',(-0.4,-4.,1.8));
#10400 = SURFACE_CURVE('',#10401,(#10405,#10412),.PCURVE_S1.);
#10401 = LINE('',#10402,#10403);
#10402 = CARTESIAN_POINT('',(-0.4,4.,1.8));
#10403 = VECTOR('',#10404,1.);
#10404 = DIRECTION('',(0.,-1.,0.));
#10405 = PCURVE('',#5417,#10406);
#10406 = DEFINITIONAL_REPRESENTATION('',(#10407),#10411);
#10407 = LINE('',#10408,#10409);
#10408 = CARTESIAN_POINT('',(0.,0.));
#10409 = VECTOR('',#10410,1.);
#10410 = DIRECTION('',(0.,-1.));
#10411 = ( GEOMETRIC_REPRESENTATION_CONTEXT(2) 
PARAMETRIC_REPRESENTATION_CONTEXT() REPRESENTATION_CONTEXT('2D SPACE',''
  ) );
#10412 = PCURVE('',#5389,#10413);
#10413 = DEFINITIONAL_REPRESENTATION('',(#10414),#10418);
#10414 = LINE('',#10415,#10416);
#10415 = CARTESIAN_POINT('',(-0.8,0.));
#10416 = VECTOR('',#10417,1.);
#10417 = DIRECTION('',(0.,-1.));
#10418 = ( GEOMETRIC_REPRESENTATION_CONTEXT(2) 
PARAMETRIC_REPRESENTATION_CONTEXT() REPRESENTATION_CONTEXT('2D SPACE',''
  ) );
#10419 = ORIENTED_EDGE('',*,*,#10420,.T.);
#10420 = EDGE_CURVE('',#10398,#10421,#10423,.T.);
#10421 = VERTEX_POINT('',#10422);
#10422 = CARTESIAN_POINT('',(-0.4,-4.,2.8));
#10423 = SURFACE_CURVE('',#10424,(#10428,#10435),.PCURVE_S1.);
#10424 = LINE('',#10425,#10426);
#10425 = CARTESIAN_POINT('',(-0.4,-4.,1.8));
#10426 = VECTOR('',#10427,1.);
#10427 = DIRECTION('',(0.,0.,1.));
#10428 = PCURVE('',#5417,#10429);
#10429 = DEFINITIONAL_REPRESENTATION('',(#10430),#10434);
#10430 = LINE('',#10431,#10432);
#10431 = CARTESIAN_POINT('',(0.,-8.));
#10432 = VECTOR('',#10433,1.);
#10433 = DIRECTION('',(-1.,0.));
#10434 = ( GEOMETRIC_REPRESENTATION_CONTEXT(2) 
PARAMETRIC_REPRESENTATION_CONTEXT() REPRESENTATION_CONTEXT('2D SPACE',''
  ) );
#10435 = PCURVE('',#10436,#10441);
#10436 = PLANE('',#10437);
#10437 = AXIS2_PLACEMENT_3D('',#10438,#10439,#10440);
#10438 = CARTESIAN_POINT('',(0.,-4.,0.));
#10439 = DIRECTION('',(0.,1.,0.));
#10440 = DIRECTION('',(0.,-0.,1.));
#10441 = DEFINITIONAL_REPRESENTATION('',(#10442),#10446);
#10442 = LINE('',#10443,#10444);
#10443 = CARTESIAN_POINT('',(1.8,-0.4));
#10444 = VECTOR('',#10445,1.);
#10445 = DIRECTION('',(1.,0.));
#10446 = ( GEOMETRIC_REPRESENTATION_CONTEXT(2) 
PARAMETRIC_REPRESENTATION_CONTEXT() REPRESENTATION_CONTEXT('2D SPACE',''
  ) );
#10447 = ORIENTED_EDGE('',*,*,#10448,.F.);
#10448 = EDGE_CURVE('',#5402,#10421,#10449,.T.);
#10449 = SURFACE_CURVE('',#10450,(#10454,#10461),.PCURVE_S1.);
#10450 = LINE('',#10451,#10452);
#10451 = CARTESIAN_POINT('',(-0.4,4.,2.8));
#10452 = VECTOR('',#10453,1.);
#10453 = DIRECTION('',(0.,-1.,0.));
#10454 = PCURVE('',#5417,#10455);
#10455 = DEFINITIONAL_REPRESENTATION('',(#10456),#10460);
#10456 = LINE('',#10457,#10458);
#10457 = CARTESIAN_POINT('',(-1.,0.));
#10458 = VECTOR('',#10459,1.);
#10459 = DIRECTION('',(0.,-1.));
#10460 = ( GEOMETRIC_REPRESENTATION_CONTEXT(2) 
PARAMETRIC_REPRESENTATION_CONTEXT() REPRESENTATION_CONTEXT('2D SPACE',''
  ) );
#10461 = PCURVE('',#5445,#10462);
#10462 = DEFINITIONAL_REPRESENTATION('',(#10463),#10467);
#10463 = LINE('',#10464,#10465);
#10464 = CARTESIAN_POINT('',(0.,0.));
#10465 = VECTOR('',#10466,1.);
#10466 = DIRECTION('',(0.,-1.));
#10467 = ( GEOMETRIC_REPRESENTATION_CONTEXT(2) 
PARAMETRIC_REPRESENTATION_CONTEXT() REPRESENTATION_CONTEXT('2D SPACE',''
  ) );
#10468 = ADVANCED_FACE('',(#10469),#5445,.F.);
#10469 = FACE_BOUND('',#10470,.T.);
#10470 = EDGE_LOOP('',(#10471,#10472,#10473,#10496));
#10471 = ORIENTED_EDGE('',*,*,#5429,.F.);
#10472 = ORIENTED_EDGE('',*,*,#10448,.T.);
#10473 = ORIENTED_EDGE('',*,*,#10474,.T.);
#10474 = EDGE_CURVE('',#10421,#10475,#10477,.T.);
#10475 = VERTEX_POINT('',#10476);
#10476 = CARTESIAN_POINT('',(0.4,-4.,2.8));
#10477 = SURFACE_CURVE('',#10478,(#10482,#10489),.PCURVE_S1.);
#10478 = LINE('',#10479,#10480);
#10479 = CARTESIAN_POINT('',(-0.4,-4.,2.8));
#10480 = VECTOR('',#10481,1.);
#10481 = DIRECTION('',(1.,0.,0.));
#10482 = PCURVE('',#5445,#10483);
#10483 = DEFINITIONAL_REPRESENTATION('',(#10484),#10488);
#10484 = LINE('',#10485,#10486);
#10485 = CARTESIAN_POINT('',(0.,-8.));
#10486 = VECTOR('',#10487,1.);
#10487 = DIRECTION('',(-1.,0.));
#10488 = ( GEOMETRIC_REPRESENTATION_CONTEXT(2) 
PARAMETRIC_REPRESENTATION_CONTEXT() REPRESENTATION_CONTEXT('2D SPACE',''
  ) );
#10489 = PCURVE('',#10436,#10490);
#10490 = DEFINITIONAL_REPRESENTATION('',(#10491),#10495);
#10491 = LINE('',#10492,#10493);
#10492 = CARTESIAN_POINT('',(2.8,-0.4));
#10493 = VECTOR('',#10494,1.);
#10494 = DIRECTION('',(0.,1.));
#10495 = ( GEOMETRIC_REPRESENTATION_CONTEXT(2) 
PARAMETRIC_REPRESENTATION_CONTEXT() REPRESENTATION_CONTEXT('2D SPACE',''
  ) );
#10496 = ORIENTED_EDGE('',*,*,#10497,.F.);
#10497 = EDGE_CURVE('',#5430,#10475,#10498,.T.);
#10498 = SURFACE_CURVE('',#10499,(#10503,#10510),.PCURVE_S1.);
#10499 = LINE('',#10500,#10501);
#10500 = CARTESIAN_POINT('',(0.4,4.,2.8));
#10501 = VECTOR('',#10502,1.);
#10502 = DIRECTION('',(0.,-1.,0.));
#10503 = PCURVE('',#5445,#10504);
#10504 = DEFINITIONAL_REPRESENTATION('',(#10505),#10509);
#10505 = LINE('',#10506,#10507);
#10506 = CARTESIAN_POINT('',(-0.8,0.));
#10507 = VECTOR('',#10508,1.);
#10508 = DIRECTION('',(0.,-1.));
#10509 = ( GEOMETRIC_REPRESENTATION_CONTEXT(2) 
PARAMETRIC_REPRESENTATION_CONTEXT() REPRESENTATION_CONTEXT('2D SPACE',''
  ) );
#10510 = PCURVE('',#5471,#10511);
#10511 = DEFINITIONAL_REPRESENTATION('',(#10512),#10516);
#10512 = LINE('',#10513,#10514);
#10513 = CARTESIAN_POINT('',(0.,0.));
#10514 = VECTOR('',#10515,1.);
#10515 = DIRECTION('',(0.,-1.));
#10516 = ( GEOMETRIC_REPRESENTATION_CONTEXT(2) 
PARAMETRIC_REPRESENTATION_CONTEXT() REPRESENTATION_CONTEXT('2D SPACE',''
  ) );
#10517 = ADVANCED_FACE('',(#10518),#5471,.F.);
#10518 = FACE_BOUND('',#10519,.T.);
#10519 = EDGE_LOOP('',(#10520,#10521,#10522,#10545));
#10520 = ORIENTED_EDGE('',*,*,#5457,.F.);
#10521 = ORIENTED_EDGE('',*,*,#10497,.T.);
#10522 = ORIENTED_EDGE('',*,*,#10523,.T.);
#10523 = EDGE_CURVE('',#10475,#10524,#10526,.T.);
#10524 = VERTEX_POINT('',#10525);
#10525 = CARTESIAN_POINT('',(0.4,-4.,1.8));
#10526 = SURFACE_CURVE('',#10527,(#10531,#10538),.PCURVE_S1.);
#10527 = LINE('',#10528,#10529);
#10528 = CARTESIAN_POINT('',(0.4,-4.,2.8));
#10529 = VECTOR('',#10530,1.);
#10530 = DIRECTION('',(0.,0.,-1.));
#10531 = PCURVE('',#5471,#10532);
#10532 = DEFINITIONAL_REPRESENTATION('',(#10533),#10537);
#10533 = LINE('',#10534,#10535);
#10534 = CARTESIAN_POINT('',(0.,-8.));
#10535 = VECTOR('',#10536,1.);
#10536 = DIRECTION('',(-1.,0.));
#10537 = ( GEOMETRIC_REPRESENTATION_CONTEXT(2) 
PARAMETRIC_REPRESENTATION_CONTEXT() REPRESENTATION_CONTEXT('2D SPACE',''
  ) );
#10538 = PCURVE('',#10436,#10539);
#10539 = DEFINITIONAL_REPRESENTATION('',(#10540),#10544);
#10540 = LINE('',#10541,#10542);
#10541 = CARTESIAN_POINT('',(2.8,0.4));
#10542 = VECTOR('',#10543,1.);
#10543 = DIRECTION('',(-1.,0.));
#10544 = ( GEOMETRIC_REPRESENTATION_CONTEXT(2) 
PARAMETRIC_REPRESENTATION_CONTEXT() REPRESENTATION_CONTEXT('2D SPACE',''
  ) );
#10545 = ORIENTED_EDGE('',*,*,#10546,.F.);
#10546 = EDGE_CURVE('',#5372,#10524,#10547,.T.);
#10547 = SURFACE_CURVE('',#10548,(#10552,#10559),.PCURVE_S1.);
#10548 = LINE('',#10549,#10550);
#10549 = CARTESIAN_POINT('',(0.4,4.,1.8));
#10550 = VECTOR('',#10551,1.);
#10551 = DIRECTION('',(0.,-1.,0.));
#10552 = PCURVE('',#5471,#10553);
#10553 = DEFINITIONAL_REPRESENTATION('',(#10554),#10558);
#10554 = LINE('',#10555,#10556);
#10555 = CARTESIAN_POINT('',(-1.,0.));
#10556 = VECTOR('',#10557,1.);
#10557 = DIRECTION('',(0.,-1.));
#10558 = ( GEOMETRIC_REPRESENTATION_CONTEXT(2) 
PARAMETRIC_REPRESENTATION_CONTEXT() REPRESENTATION_CONTEXT('2D SPACE',''
  ) );
#10559 = PCURVE('',#5389,#10560);
#10560 = DEFINITIONAL_REPRESENTATION('',(#10561),#10565);
#10561 = LINE('',#10562,#10563);
#10562 = CARTESIAN_POINT('',(0.,0.));
#10563 = VECTOR('',#10564,1.);
#10564 = DIRECTION('',(0.,-1.));
#10565 = ( GEOMETRIC_REPRESENTATION_CONTEXT(2) 
PARAMETRIC_REPRESENTATION_CONTEXT() REPRESENTATION_CONTEXT('2D SPACE',''
  ) );
#10566 = ADVANCED_FACE('',(#10567),#5389,.F.);
#10567 = FACE_BOUND('',#10568,.T.);
#10568 = EDGE_LOOP('',(#10569,#10570,#10571,#10592));
#10569 = ORIENTED_EDGE('',*,*,#5371,.F.);
#10570 = ORIENTED_EDGE('',*,*,#10546,.T.);
#10571 = ORIENTED_EDGE('',*,*,#10572,.T.);
#10572 = EDGE_CURVE('',#10524,#10398,#10573,.T.);
#10573 = SURFACE_CURVE('',#10574,(#10578,#10585),.PCURVE_S1.);
#10574 = LINE('',#10575,#10576);
#10575 = CARTESIAN_POINT('',(0.4,-4.,1.8));
#10576 = VECTOR('',#10577,1.);
#10577 = DIRECTION('',(-1.,0.,0.));
#10578 = PCURVE('',#5389,#10579);
#10579 = DEFINITIONAL_REPRESENTATION('',(#10580),#10584);
#10580 = LINE('',#10581,#10582);
#10581 = CARTESIAN_POINT('',(0.,-8.));
#10582 = VECTOR('',#10583,1.);
#10583 = DIRECTION('',(-1.,0.));
#10584 = ( GEOMETRIC_REPRESENTATION_CONTEXT(2) 
PARAMETRIC_REPRESENTATION_CONTEXT() REPRESENTATION_CONTEXT('2D SPACE',''
  ) );
#10585 = PCURVE('',#10436,#10586);
#10586 = DEFINITIONAL_REPRESENTATION('',(#10587),#10591);
#10587 = LINE('',#10588,#10589);
#10588 = CARTESIAN_POINT('',(1.8,0.4));
#10589 = VECTOR('',#10590,1.);
#10590 = DIRECTION('',(0.,-1.));
#10591 = ( GEOMETRIC_REPRESENTATION_CONTEXT(2) 
PARAMETRIC_REPRESENTATION_CONTEXT() REPRESENTATION_CONTEXT('2D SPACE',''
  ) );
#10592 = ORIENTED_EDGE('',*,*,#10397,.F.);
#10593 = ADVANCED_FACE('',(#10594),#10436,.F.);
#10594 = FACE_BOUND('',#10595,.T.);
#10595 = EDGE_LOOP('',(#10596,#10597,#10598,#10599));
#10596 = ORIENTED_EDGE('',*,*,#10420,.F.);
#10597 = ORIENTED_EDGE('',*,*,#10572,.F.);
#10598 = ORIENTED_EDGE('',*,*,#10523,.F.);
#10599 = ORIENTED_EDGE('',*,*,#10474,.F.);
#10600 = ADVANCED_FACE('',(#10601),#5117,.F.);
#10601 = FACE_BOUND('',#10602,.T.);
#10602 = EDGE_LOOP('',(#10603,#10604,#10627,#10655));
#10603 = ORIENTED_EDGE('',*,*,#5101,.F.);
#10604 = ORIENTED_EDGE('',*,*,#10605,.T.);
#10605 = EDGE_CURVE('',#5074,#10606,#10608,.T.);
#10606 = VERTEX_POINT('',#10607);
#10607 = CARTESIAN_POINT('',(-8.6,-4.,1.8));
#10608 = SURFACE_CURVE('',#10609,(#10613,#10620),.PCURVE_S1.);
#10609 = LINE('',#10610,#10611);
#10610 = CARTESIAN_POINT('',(-8.6,4.,1.8));
#10611 = VECTOR('',#10612,1.);
#10612 = DIRECTION('',(0.,-1.,0.));
#10613 = PCURVE('',#5117,#10614);
#10614 = DEFINITIONAL_REPRESENTATION('',(#10615),#10619);
#10615 = LINE('',#10616,#10617);
#10616 = CARTESIAN_POINT('',(0.,0.));
#10617 = VECTOR('',#10618,1.);
#10618 = DIRECTION('',(0.,-1.));
#10619 = ( GEOMETRIC_REPRESENTATION_CONTEXT(2) 
PARAMETRIC_REPRESENTATION_CONTEXT() REPRESENTATION_CONTEXT('2D SPACE',''
  ) );
#10620 = PCURVE('',#5089,#10621);
#10621 = DEFINITIONAL_REPRESENTATION('',(#10622),#10626);
#10622 = LINE('',#10623,#10624);
#10623 = CARTESIAN_POINT('',(-0.8,0.));
#10624 = VECTOR('',#10625,1.);
#10625 = DIRECTION('',(0.,-1.));
#10626 = ( GEOMETRIC_REPRESENTATION_CONTEXT(2) 
PARAMETRIC_REPRESENTATION_CONTEXT() REPRESENTATION_CONTEXT('2D SPACE',''
  ) );
#10627 = ORIENTED_EDGE('',*,*,#10628,.T.);
#10628 = EDGE_CURVE('',#10606,#10629,#10631,.T.);
#10629 = VERTEX_POINT('',#10630);
#10630 = CARTESIAN_POINT('',(-8.6,-4.,2.8));
#10631 = SURFACE_CURVE('',#10632,(#10636,#10643),.PCURVE_S1.);
#10632 = LINE('',#10633,#10634);
#10633 = CARTESIAN_POINT('',(-8.6,-4.,1.8));
#10634 = VECTOR('',#10635,1.);
#10635 = DIRECTION('',(0.,0.,1.));
#10636 = PCURVE('',#5117,#10637);
#10637 = DEFINITIONAL_REPRESENTATION('',(#10638),#10642);
#10638 = LINE('',#10639,#10640);
#10639 = CARTESIAN_POINT('',(0.,-8.));
#10640 = VECTOR('',#10641,1.);
#10641 = DIRECTION('',(-1.,0.));
#10642 = ( GEOMETRIC_REPRESENTATION_CONTEXT(2) 
PARAMETRIC_REPRESENTATION_CONTEXT() REPRESENTATION_CONTEXT('2D SPACE',''
  ) );
#10643 = PCURVE('',#10644,#10649);
#10644 = PLANE('',#10645);
#10645 = AXIS2_PLACEMENT_3D('',#10646,#10647,#10648);
#10646 = CARTESIAN_POINT('',(-8.2,-4.,0.));
#10647 = DIRECTION('',(0.,1.,0.));
#10648 = DIRECTION('',(0.,-0.,1.));
#10649 = DEFINITIONAL_REPRESENTATION('',(#10650),#10654);
#10650 = LINE('',#10651,#10652);
#10651 = CARTESIAN_POINT('',(1.8,-0.4));
#10652 = VECTOR('',#10653,1.);
#10653 = DIRECTION('',(1.,0.));
#10654 = ( GEOMETRIC_REPRESENTATION_CONTEXT(2) 
PARAMETRIC_REPRESENTATION_CONTEXT() REPRESENTATION_CONTEXT('2D SPACE',''
  ) );
#10655 = ORIENTED_EDGE('',*,*,#10656,.F.);
#10656 = EDGE_CURVE('',#5102,#10629,#10657,.T.);
#10657 = SURFACE_CURVE('',#10658,(#10662,#10669),.PCURVE_S1.);
#10658 = LINE('',#10659,#10660);
#10659 = CARTESIAN_POINT('',(-8.6,4.,2.8));
#10660 = VECTOR('',#10661,1.);
#10661 = DIRECTION('',(0.,-1.,0.));
#10662 = PCURVE('',#5117,#10663);
#10663 = DEFINITIONAL_REPRESENTATION('',(#10664),#10668);
#10664 = LINE('',#10665,#10666);
#10665 = CARTESIAN_POINT('',(-1.,0.));
#10666 = VECTOR('',#10667,1.);
#10667 = DIRECTION('',(0.,-1.));
#10668 = ( GEOMETRIC_REPRESENTATION_CONTEXT(2) 
PARAMETRIC_REPRESENTATION_CONTEXT() REPRESENTATION_CONTEXT('2D SPACE',''
  ) );
#10669 = PCURVE('',#5145,#10670);
#10670 = DEFINITIONAL_REPRESENTATION('',(#10671),#10675);
#10671 = LINE('',#10672,#10673);
#10672 = CARTESIAN_POINT('',(0.,0.));
#10673 = VECTOR('',#10674,1.);
#10674 = DIRECTION('',(0.,-1.));
#10675 = ( GEOMETRIC_REPRESENTATION_CONTEXT(2) 
PARAMETRIC_REPRESENTATION_CONTEXT() REPRESENTATION_CONTEXT('2D SPACE',''
  ) );
#10676 = ADVANCED_FACE('',(#10677),#5145,.F.);
#10677 = FACE_BOUND('',#10678,.T.);
#10678 = EDGE_LOOP('',(#10679,#10680,#10681,#10704));
#10679 = ORIENTED_EDGE('',*,*,#5129,.F.);
#10680 = ORIENTED_EDGE('',*,*,#10656,.T.);
#10681 = ORIENTED_EDGE('',*,*,#10682,.T.);
#10682 = EDGE_CURVE('',#10629,#10683,#10685,.T.);
#10683 = VERTEX_POINT('',#10684);
#10684 = CARTESIAN_POINT('',(-7.8,-4.,2.8));
#10685 = SURFACE_CURVE('',#10686,(#10690,#10697),.PCURVE_S1.);
#10686 = LINE('',#10687,#10688);
#10687 = CARTESIAN_POINT('',(-8.6,-4.,2.8));
#10688 = VECTOR('',#10689,1.);
#10689 = DIRECTION('',(1.,0.,0.));
#10690 = PCURVE('',#5145,#10691);
#10691 = DEFINITIONAL_REPRESENTATION('',(#10692),#10696);
#10692 = LINE('',#10693,#10694);
#10693 = CARTESIAN_POINT('',(0.,-8.));
#10694 = VECTOR('',#10695,1.);
#10695 = DIRECTION('',(-1.,0.));
#10696 = ( GEOMETRIC_REPRESENTATION_CONTEXT(2) 
PARAMETRIC_REPRESENTATION_CONTEXT() REPRESENTATION_CONTEXT('2D SPACE',''
  ) );
#10697 = PCURVE('',#10644,#10698);
#10698 = DEFINITIONAL_REPRESENTATION('',(#10699),#10703);
#10699 = LINE('',#10700,#10701);
#10700 = CARTESIAN_POINT('',(2.8,-0.4));
#10701 = VECTOR('',#10702,1.);
#10702 = DIRECTION('',(0.,1.));
#10703 = ( GEOMETRIC_REPRESENTATION_CONTEXT(2) 
PARAMETRIC_REPRESENTATION_CONTEXT() REPRESENTATION_CONTEXT('2D SPACE',''
  ) );
#10704 = ORIENTED_EDGE('',*,*,#10705,.F.);
#10705 = EDGE_CURVE('',#5130,#10683,#10706,.T.);
#10706 = SURFACE_CURVE('',#10707,(#10711,#10718),.PCURVE_S1.);
#10707 = LINE('',#10708,#10709);
#10708 = CARTESIAN_POINT('',(-7.8,4.,2.8));
#10709 = VECTOR('',#10710,1.);
#10710 = DIRECTION('',(0.,-1.,0.));
#10711 = PCURVE('',#5145,#10712);
#10712 = DEFINITIONAL_REPRESENTATION('',(#10713),#10717);
#10713 = LINE('',#10714,#10715);
#10714 = CARTESIAN_POINT('',(-0.8,0.));
#10715 = VECTOR('',#10716,1.);
#10716 = DIRECTION('',(0.,-1.));
#10717 = ( GEOMETRIC_REPRESENTATION_CONTEXT(2) 
PARAMETRIC_REPRESENTATION_CONTEXT() REPRESENTATION_CONTEXT('2D SPACE',''
  ) );
#10718 = PCURVE('',#5171,#10719);
#10719 = DEFINITIONAL_REPRESENTATION('',(#10720),#10724);
#10720 = LINE('',#10721,#10722);
#10721 = CARTESIAN_POINT('',(0.,0.));
#10722 = VECTOR('',#10723,1.);
#10723 = DIRECTION('',(0.,-1.));
#10724 = ( GEOMETRIC_REPRESENTATION_CONTEXT(2) 
PARAMETRIC_REPRESENTATION_CONTEXT() REPRESENTATION_CONTEXT('2D SPACE',''
  ) );
#10725 = ADVANCED_FACE('',(#10726),#5171,.F.);
#10726 = FACE_BOUND('',#10727,.T.);
#10727 = EDGE_LOOP('',(#10728,#10729,#10730,#10753));
#10728 = ORIENTED_EDGE('',*,*,#5157,.F.);
#10729 = ORIENTED_EDGE('',*,*,#10705,.T.);
#10730 = ORIENTED_EDGE('',*,*,#10731,.T.);
#10731 = EDGE_CURVE('',#10683,#10732,#10734,.T.);
#10732 = VERTEX_POINT('',#10733);
#10733 = CARTESIAN_POINT('',(-7.8,-4.,1.8));
#10734 = SURFACE_CURVE('',#10735,(#10739,#10746),.PCURVE_S1.);
#10735 = LINE('',#10736,#10737);
#10736 = CARTESIAN_POINT('',(-7.8,-4.,2.8));
#10737 = VECTOR('',#10738,1.);
#10738 = DIRECTION('',(0.,0.,-1.));
#10739 = PCURVE('',#5171,#10740);
#10740 = DEFINITIONAL_REPRESENTATION('',(#10741),#10745);
#10741 = LINE('',#10742,#10743);
#10742 = CARTESIAN_POINT('',(0.,-8.));
#10743 = VECTOR('',#10744,1.);
#10744 = DIRECTION('',(-1.,0.));
#10745 = ( GEOMETRIC_REPRESENTATION_CONTEXT(2) 
PARAMETRIC_REPRESENTATION_CONTEXT() REPRESENTATION_CONTEXT('2D SPACE',''
  ) );
#10746 = PCURVE('',#10644,#10747);
#10747 = DEFINITIONAL_REPRESENTATION('',(#10748),#10752);
#10748 = LINE('',#10749,#10750);
#10749 = CARTESIAN_POINT('',(2.8,0.4));
#10750 = VECTOR('',#10751,1.);
#10751 = DIRECTION('',(-1.,0.));
#10752 = ( GEOMETRIC_REPRESENTATION_CONTEXT(2) 
PARAMETRIC_REPRESENTATION_CONTEXT() REPRESENTATION_CONTEXT('2D SPACE',''
  ) );
#10753 = ORIENTED_EDGE('',*,*,#10754,.F.);
#10754 = EDGE_CURVE('',#5072,#10732,#10755,.T.);
#10755 = SURFACE_CURVE('',#10756,(#10760,#10767),.PCURVE_S1.);
#10756 = LINE('',#10757,#10758);
#10757 = CARTESIAN_POINT('',(-7.8,4.,1.8));
#10758 = VECTOR('',#10759,1.);
#10759 = DIRECTION('',(0.,-1.,0.));
#10760 = PCURVE('',#5171,#10761);
#10761 = DEFINITIONAL_REPRESENTATION('',(#10762),#10766);
#10762 = LINE('',#10763,#10764);
#10763 = CARTESIAN_POINT('',(-1.,0.));
#10764 = VECTOR('',#10765,1.);
#10765 = DIRECTION('',(0.,-1.));
#10766 = ( GEOMETRIC_REPRESENTATION_CONTEXT(2) 
PARAMETRIC_REPRESENTATION_CONTEXT() REPRESENTATION_CONTEXT('2D SPACE',''
  ) );
#10767 = PCURVE('',#5089,#10768);
#10768 = DEFINITIONAL_REPRESENTATION('',(#10769),#10773);
#10769 = LINE('',#10770,#10771);
#10770 = CARTESIAN_POINT('',(0.,0.));
#10771 = VECTOR('',#10772,1.);
#10772 = DIRECTION('',(0.,-1.));
#10773 = ( GEOMETRIC_REPRESENTATION_CONTEXT(2) 
PARAMETRIC_REPRESENTATION_CONTEXT() REPRESENTATION_CONTEXT('2D SPACE',''
  ) );
#10774 = ADVANCED_FACE('',(#10775),#5089,.F.);
#10775 = FACE_BOUND('',#10776,.T.);
#10776 = EDGE_LOOP('',(#10777,#10778,#10779,#10800));
#10777 = ORIENTED_EDGE('',*,*,#5071,.F.);
#10778 = ORIENTED_EDGE('',*,*,#10754,.T.);
#10779 = ORIENTED_EDGE('',*,*,#10780,.T.);
#10780 = EDGE_CURVE('',#10732,#10606,#10781,.T.);
#10781 = SURFACE_CURVE('',#10782,(#10786,#10793),.PCURVE_S1.);
#10782 = LINE('',#10783,#10784);
#10783 = CARTESIAN_POINT('',(-7.8,-4.,1.8));
#10784 = VECTOR('',#10785,1.);
#10785 = DIRECTION('',(-1.,0.,0.));
#10786 = PCURVE('',#5089,#10787);
#10787 = DEFINITIONAL_REPRESENTATION('',(#10788),#10792);
#10788 = LINE('',#10789,#10790);
#10789 = CARTESIAN_POINT('',(0.,-8.));
#10790 = VECTOR('',#10791,1.);
#10791 = DIRECTION('',(-1.,0.));
#10792 = ( GEOMETRIC_REPRESENTATION_CONTEXT(2) 
PARAMETRIC_REPRESENTATION_CONTEXT() REPRESENTATION_CONTEXT('2D SPACE',''
  ) );
#10793 = PCURVE('',#10644,#10794);
#10794 = DEFINITIONAL_REPRESENTATION('',(#10795),#10799);
#10795 = LINE('',#10796,#10797);
#10796 = CARTESIAN_POINT('',(1.8,0.4));
#10797 = VECTOR('',#10798,1.);
#10798 = DIRECTION('',(0.,-1.));
#10799 = ( GEOMETRIC_REPRESENTATION_CONTEXT(2) 
PARAMETRIC_REPRESENTATION_CONTEXT() REPRESENTATION_CONTEXT('2D SPACE',''
  ) );
#10800 = ORIENTED_EDGE('',*,*,#10605,.F.);
#10801 = ADVANCED_FACE('',(#10802),#10644,.F.);
#10802 = FACE_BOUND('',#10803,.T.);
#10803 = EDGE_LOOP('',(#10804,#10805,#10806,#10807));
#10804 = ORIENTED_EDGE('',*,*,#10628,.F.);
#10805 = ORIENTED_EDGE('',*,*,#10780,.F.);
#10806 = ORIENTED_EDGE('',*,*,#10731,.F.);
#10807 = ORIENTED_EDGE('',*,*,#10682,.F.);
#10808 = ADVANCED_FACE('',(#10809),#4859,.F.);
#10809 = FACE_BOUND('',#10810,.T.);
#10810 = EDGE_LOOP('',(#10811,#10812,#10835,#10863));
#10811 = ORIENTED_EDGE('',*,*,#4843,.F.);
#10812 = ORIENTED_EDGE('',*,*,#10813,.T.);
#10813 = EDGE_CURVE('',#4816,#10814,#10816,.T.);
#10814 = VERTEX_POINT('',#10815);
#10815 = CARTESIAN_POINT('',(-8.6,-4.,6.8));
#10816 = SURFACE_CURVE('',#10817,(#10821,#10828),.PCURVE_S1.);
#10817 = LINE('',#10818,#10819);
#10818 = CARTESIAN_POINT('',(-8.6,4.,6.8));
#10819 = VECTOR('',#10820,1.);
#10820 = DIRECTION('',(0.,-1.,0.));
#10821 = PCURVE('',#4859,#10822);
#10822 = DEFINITIONAL_REPRESENTATION('',(#10823),#10827);
#10823 = LINE('',#10824,#10825);
#10824 = CARTESIAN_POINT('',(0.,0.));
#10825 = VECTOR('',#10826,1.);
#10826 = DIRECTION('',(0.,-1.));
#10827 = ( GEOMETRIC_REPRESENTATION_CONTEXT(2) 
PARAMETRIC_REPRESENTATION_CONTEXT() REPRESENTATION_CONTEXT('2D SPACE',''
  ) );
#10828 = PCURVE('',#4831,#10829);
#10829 = DEFINITIONAL_REPRESENTATION('',(#10830),#10834);
#10830 = LINE('',#10831,#10832);
#10831 = CARTESIAN_POINT('',(-0.8,0.));
#10832 = VECTOR('',#10833,1.);
#10833 = DIRECTION('',(0.,-1.));
#10834 = ( GEOMETRIC_REPRESENTATION_CONTEXT(2) 
PARAMETRIC_REPRESENTATION_CONTEXT() REPRESENTATION_CONTEXT('2D SPACE',''
  ) );
#10835 = ORIENTED_EDGE('',*,*,#10836,.T.);
#10836 = EDGE_CURVE('',#10814,#10837,#10839,.T.);
#10837 = VERTEX_POINT('',#10838);
#10838 = CARTESIAN_POINT('',(-8.6,-4.,7.8));
#10839 = SURFACE_CURVE('',#10840,(#10844,#10851),.PCURVE_S1.);
#10840 = LINE('',#10841,#10842);
#10841 = CARTESIAN_POINT('',(-8.6,-4.,6.8));
#10842 = VECTOR('',#10843,1.);
#10843 = DIRECTION('',(0.,0.,1.));
#10844 = PCURVE('',#4859,#10845);
#10845 = DEFINITIONAL_REPRESENTATION('',(#10846),#10850);
#10846 = LINE('',#10847,#10848);
#10847 = CARTESIAN_POINT('',(0.,-8.));
#10848 = VECTOR('',#10849,1.);
#10849 = DIRECTION('',(-1.,0.));
#10850 = ( GEOMETRIC_REPRESENTATION_CONTEXT(2) 
PARAMETRIC_REPRESENTATION_CONTEXT() REPRESENTATION_CONTEXT('2D SPACE',''
  ) );
#10851 = PCURVE('',#10852,#10857);
#10852 = PLANE('',#10853);
#10853 = AXIS2_PLACEMENT_3D('',#10854,#10855,#10856);
#10854 = CARTESIAN_POINT('',(-8.2,-4.,5.));
#10855 = DIRECTION('',(0.,1.,0.));
#10856 = DIRECTION('',(0.,-0.,1.));
#10857 = DEFINITIONAL_REPRESENTATION('',(#10858),#10862);
#10858 = LINE('',#10859,#10860);
#10859 = CARTESIAN_POINT('',(1.8,-0.4));
#10860 = VECTOR('',#10861,1.);
#10861 = DIRECTION('',(1.,0.));
#10862 = ( GEOMETRIC_REPRESENTATION_CONTEXT(2) 
PARAMETRIC_REPRESENTATION_CONTEXT() REPRESENTATION_CONTEXT('2D SPACE',''
  ) );
#10863 = ORIENTED_EDGE('',*,*,#10864,.F.);
#10864 = EDGE_CURVE('',#4844,#10837,#10865,.T.);
#10865 = SURFACE_CURVE('',#10866,(#10870,#10877),.PCURVE_S1.);
#10866 = LINE('',#10867,#10868);
#10867 = CARTESIAN_POINT('',(-8.6,4.,7.8));
#10868 = VECTOR('',#10869,1.);
#10869 = DIRECTION('',(0.,-1.,0.));
#10870 = PCURVE('',#4859,#10871);
#10871 = DEFINITIONAL_REPRESENTATION('',(#10872),#10876);
#10872 = LINE('',#10873,#10874);
#10873 = CARTESIAN_POINT('',(-1.,0.));
#10874 = VECTOR('',#10875,1.);
#10875 = DIRECTION('',(0.,-1.));
#10876 = ( GEOMETRIC_REPRESENTATION_CONTEXT(2) 
PARAMETRIC_REPRESENTATION_CONTEXT() REPRESENTATION_CONTEXT('2D SPACE',''
  ) );
#10877 = PCURVE('',#4887,#10878);
#10878 = DEFINITIONAL_REPRESENTATION('',(#10879),#10883);
#10879 = LINE('',#10880,#10881);
#10880 = CARTESIAN_POINT('',(0.,0.));
#10881 = VECTOR('',#10882,1.);
#10882 = DIRECTION('',(0.,-1.));
#10883 = ( GEOMETRIC_REPRESENTATION_CONTEXT(2) 
PARAMETRIC_REPRESENTATION_CONTEXT() REPRESENTATION_CONTEXT('2D SPACE',''
  ) );
#10884 = ADVANCED_FACE('',(#10885),#4887,.F.);
#10885 = FACE_BOUND('',#10886,.T.);
#10886 = EDGE_LOOP('',(#10887,#10888,#10889,#10912));
#10887 = ORIENTED_EDGE('',*,*,#4871,.F.);
#10888 = ORIENTED_EDGE('',*,*,#10864,.T.);
#10889 = ORIENTED_EDGE('',*,*,#10890,.T.);
#10890 = EDGE_CURVE('',#10837,#10891,#10893,.T.);
#10891 = VERTEX_POINT('',#10892);
#10892 = CARTESIAN_POINT('',(-7.8,-4.,7.8));
#10893 = SURFACE_CURVE('',#10894,(#10898,#10905),.PCURVE_S1.);
#10894 = LINE('',#10895,#10896);
#10895 = CARTESIAN_POINT('',(-8.6,-4.,7.8));
#10896 = VECTOR('',#10897,1.);
#10897 = DIRECTION('',(1.,0.,0.));
#10898 = PCURVE('',#4887,#10899);
#10899 = DEFINITIONAL_REPRESENTATION('',(#10900),#10904);
#10900 = LINE('',#10901,#10902);
#10901 = CARTESIAN_POINT('',(0.,-8.));
#10902 = VECTOR('',#10903,1.);
#10903 = DIRECTION('',(-1.,0.));
#10904 = ( GEOMETRIC_REPRESENTATION_CONTEXT(2) 
PARAMETRIC_REPRESENTATION_CONTEXT() REPRESENTATION_CONTEXT('2D SPACE',''
  ) );
#10905 = PCURVE('',#10852,#10906);
#10906 = DEFINITIONAL_REPRESENTATION('',(#10907),#10911);
#10907 = LINE('',#10908,#10909);
#10908 = CARTESIAN_POINT('',(2.8,-0.4));
#10909 = VECTOR('',#10910,1.);
#10910 = DIRECTION('',(0.,1.));
#10911 = ( GEOMETRIC_REPRESENTATION_CONTEXT(2) 
PARAMETRIC_REPRESENTATION_CONTEXT() REPRESENTATION_CONTEXT('2D SPACE',''
  ) );
#10912 = ORIENTED_EDGE('',*,*,#10913,.F.);
#10913 = EDGE_CURVE('',#4872,#10891,#10914,.T.);
#10914 = SURFACE_CURVE('',#10915,(#10919,#10926),.PCURVE_S1.);
#10915 = LINE('',#10916,#10917);
#10916 = CARTESIAN_POINT('',(-7.8,4.,7.8));
#10917 = VECTOR('',#10918,1.);
#10918 = DIRECTION('',(0.,-1.,0.));
#10919 = PCURVE('',#4887,#10920);
#10920 = DEFINITIONAL_REPRESENTATION('',(#10921),#10925);
#10921 = LINE('',#10922,#10923);
#10922 = CARTESIAN_POINT('',(-0.8,0.));
#10923 = VECTOR('',#10924,1.);
#10924 = DIRECTION('',(0.,-1.));
#10925 = ( GEOMETRIC_REPRESENTATION_CONTEXT(2) 
PARAMETRIC_REPRESENTATION_CONTEXT() REPRESENTATION_CONTEXT('2D SPACE',''
  ) );
#10926 = PCURVE('',#4913,#10927);
#10927 = DEFINITIONAL_REPRESENTATION('',(#10928),#10932);
#10928 = LINE('',#10929,#10930);
#10929 = CARTESIAN_POINT('',(0.,0.));
#10930 = VECTOR('',#10931,1.);
#10931 = DIRECTION('',(0.,-1.));
#10932 = ( GEOMETRIC_REPRESENTATION_CONTEXT(2) 
PARAMETRIC_REPRESENTATION_CONTEXT() REPRESENTATION_CONTEXT('2D SPACE',''
  ) );
#10933 = ADVANCED_FACE('',(#10934),#4913,.F.);
#10934 = FACE_BOUND('',#10935,.T.);
#10935 = EDGE_LOOP('',(#10936,#10937,#10938,#10961));
#10936 = ORIENTED_EDGE('',*,*,#4899,.F.);
#10937 = ORIENTED_EDGE('',*,*,#10913,.T.);
#10938 = ORIENTED_EDGE('',*,*,#10939,.T.);
#10939 = EDGE_CURVE('',#10891,#10940,#10942,.T.);
#10940 = VERTEX_POINT('',#10941);
#10941 = CARTESIAN_POINT('',(-7.8,-4.,6.8));
#10942 = SURFACE_CURVE('',#10943,(#10947,#10954),.PCURVE_S1.);
#10943 = LINE('',#10944,#10945);
#10944 = CARTESIAN_POINT('',(-7.8,-4.,7.8));
#10945 = VECTOR('',#10946,1.);
#10946 = DIRECTION('',(0.,0.,-1.));
#10947 = PCURVE('',#4913,#10948);
#10948 = DEFINITIONAL_REPRESENTATION('',(#10949),#10953);
#10949 = LINE('',#10950,#10951);
#10950 = CARTESIAN_POINT('',(0.,-8.));
#10951 = VECTOR('',#10952,1.);
#10952 = DIRECTION('',(-1.,0.));
#10953 = ( GEOMETRIC_REPRESENTATION_CONTEXT(2) 
PARAMETRIC_REPRESENTATION_CONTEXT() REPRESENTATION_CONTEXT('2D SPACE',''
  ) );
#10954 = PCURVE('',#10852,#10955);
#10955 = DEFINITIONAL_REPRESENTATION('',(#10956),#10960);
#10956 = LINE('',#10957,#10958);
#10957 = CARTESIAN_POINT('',(2.8,0.4));
#10958 = VECTOR('',#10959,1.);
#10959 = DIRECTION('',(-1.,0.));
#10960 = ( GEOMETRIC_REPRESENTATION_CONTEXT(2) 
PARAMETRIC_REPRESENTATION_CONTEXT() REPRESENTATION_CONTEXT('2D SPACE',''
  ) );
#10961 = ORIENTED_EDGE('',*,*,#10962,.F.);
#10962 = EDGE_CURVE('',#4814,#10940,#10963,.T.);
#10963 = SURFACE_CURVE('',#10964,(#10968,#10975),.PCURVE_S1.);
#10964 = LINE('',#10965,#10966);
#10965 = CARTESIAN_POINT('',(-7.8,4.,6.8));
#10966 = VECTOR('',#10967,1.);
#10967 = DIRECTION('',(0.,-1.,0.));
#10968 = PCURVE('',#4913,#10969);
#10969 = DEFINITIONAL_REPRESENTATION('',(#10970),#10974);
#10970 = LINE('',#10971,#10972);
#10971 = CARTESIAN_POINT('',(-1.,0.));
#10972 = VECTOR('',#10973,1.);
#10973 = DIRECTION('',(0.,-1.));
#10974 = ( GEOMETRIC_REPRESENTATION_CONTEXT(2) 
PARAMETRIC_REPRESENTATION_CONTEXT() REPRESENTATION_CONTEXT('2D SPACE',''
  ) );
#10975 = PCURVE('',#4831,#10976);
#10976 = DEFINITIONAL_REPRESENTATION('',(#10977),#10981);
#10977 = LINE('',#10978,#10979);
#10978 = CARTESIAN_POINT('',(0.,0.));
#10979 = VECTOR('',#10980,1.);
#10980 = DIRECTION('',(0.,-1.));
#10981 = ( GEOMETRIC_REPRESENTATION_CONTEXT(2) 
PARAMETRIC_REPRESENTATION_CONTEXT() REPRESENTATION_CONTEXT('2D SPACE',''
  ) );
#10982 = ADVANCED_FACE('',(#10983),#4831,.F.);
#10983 = FACE_BOUND('',#10984,.T.);
#10984 = EDGE_LOOP('',(#10985,#10986,#10987,#11008));
#10985 = ORIENTED_EDGE('',*,*,#4813,.F.);
#10986 = ORIENTED_EDGE('',*,*,#10962,.T.);
#10987 = ORIENTED_EDGE('',*,*,#10988,.T.);
#10988 = EDGE_CURVE('',#10940,#10814,#10989,.T.);
#10989 = SURFACE_CURVE('',#10990,(#10994,#11001),.PCURVE_S1.);
#10990 = LINE('',#10991,#10992);
#10991 = CARTESIAN_POINT('',(-7.8,-4.,6.8));
#10992 = VECTOR('',#10993,1.);
#10993 = DIRECTION('',(-1.,0.,0.));
#10994 = PCURVE('',#4831,#10995);
#10995 = DEFINITIONAL_REPRESENTATION('',(#10996),#11000);
#10996 = LINE('',#10997,#10998);
#10997 = CARTESIAN_POINT('',(0.,-8.));
#10998 = VECTOR('',#10999,1.);
#10999 = DIRECTION('',(-1.,0.));
#11000 = ( GEOMETRIC_REPRESENTATION_CONTEXT(2) 
PARAMETRIC_REPRESENTATION_CONTEXT() REPRESENTATION_CONTEXT('2D SPACE',''
  ) );
#11001 = PCURVE('',#10852,#11002);
#11002 = DEFINITIONAL_REPRESENTATION('',(#11003),#11007);
#11003 = LINE('',#11004,#11005);
#11004 = CARTESIAN_POINT('',(1.8,0.4));
#11005 = VECTOR('',#11006,1.);
#11006 = DIRECTION('',(0.,-1.));
#11007 = ( GEOMETRIC_REPRESENTATION_CONTEXT(2) 
PARAMETRIC_REPRESENTATION_CONTEXT() REPRESENTATION_CONTEXT('2D SPACE',''
  ) );
#11008 = ORIENTED_EDGE('',*,*,#10813,.F.);
#11009 = ADVANCED_FACE('',(#11010),#10852,.F.);
#11010 = FACE_BOUND('',#11011,.T.);
#11011 = EDGE_LOOP('',(#11012,#11013,#11014,#11015));
#11012 = ORIENTED_EDGE('',*,*,#10836,.F.);
#11013 = ORIENTED_EDGE('',*,*,#10988,.F.);
#11014 = ORIENTED_EDGE('',*,*,#10939,.F.);
#11015 = ORIENTED_EDGE('',*,*,#10890,.F.);
#11016 = ADVANCED_FACE('',(#11017),#4611,.F.);
#11017 = FACE_BOUND('',#11018,.T.);
#11018 = EDGE_LOOP('',(#11019,#11020,#11043,#11071));
#11019 = ORIENTED_EDGE('',*,*,#4595,.F.);
#11020 = ORIENTED_EDGE('',*,*,#11021,.T.);
#11021 = EDGE_CURVE('',#4568,#11022,#11024,.T.);
#11022 = VERTEX_POINT('',#11023);
#11023 = CARTESIAN_POINT('',(-0.4,-4.,6.8));
#11024 = SURFACE_CURVE('',#11025,(#11029,#11036),.PCURVE_S1.);
#11025 = LINE('',#11026,#11027);
#11026 = CARTESIAN_POINT('',(-0.4,4.,6.8));
#11027 = VECTOR('',#11028,1.);
#11028 = DIRECTION('',(0.,-1.,0.));
#11029 = PCURVE('',#4611,#11030);
#11030 = DEFINITIONAL_REPRESENTATION('',(#11031),#11035);
#11031 = LINE('',#11032,#11033);
#11032 = CARTESIAN_POINT('',(0.,0.));
#11033 = VECTOR('',#11034,1.);
#11034 = DIRECTION('',(0.,-1.));
#11035 = ( GEOMETRIC_REPRESENTATION_CONTEXT(2) 
PARAMETRIC_REPRESENTATION_CONTEXT() REPRESENTATION_CONTEXT('2D SPACE',''
  ) );
#11036 = PCURVE('',#4583,#11037);
#11037 = DEFINITIONAL_REPRESENTATION('',(#11038),#11042);
#11038 = LINE('',#11039,#11040);
#11039 = CARTESIAN_POINT('',(-0.8,0.));
#11040 = VECTOR('',#11041,1.);
#11041 = DIRECTION('',(0.,-1.));
#11042 = ( GEOMETRIC_REPRESENTATION_CONTEXT(2) 
PARAMETRIC_REPRESENTATION_CONTEXT() REPRESENTATION_CONTEXT('2D SPACE',''
  ) );
#11043 = ORIENTED_EDGE('',*,*,#11044,.T.);
#11044 = EDGE_CURVE('',#11022,#11045,#11047,.T.);
#11045 = VERTEX_POINT('',#11046);
#11046 = CARTESIAN_POINT('',(-0.4,-4.,7.8));
#11047 = SURFACE_CURVE('',#11048,(#11052,#11059),.PCURVE_S1.);
#11048 = LINE('',#11049,#11050);
#11049 = CARTESIAN_POINT('',(-0.4,-4.,6.8));
#11050 = VECTOR('',#11051,1.);
#11051 = DIRECTION('',(0.,0.,1.));
#11052 = PCURVE('',#4611,#11053);
#11053 = DEFINITIONAL_REPRESENTATION('',(#11054),#11058);
#11054 = LINE('',#11055,#11056);
#11055 = CARTESIAN_POINT('',(0.,-8.));
#11056 = VECTOR('',#11057,1.);
#11057 = DIRECTION('',(-1.,0.));
#11058 = ( GEOMETRIC_REPRESENTATION_CONTEXT(2) 
PARAMETRIC_REPRESENTATION_CONTEXT() REPRESENTATION_CONTEXT('2D SPACE',''
  ) );
#11059 = PCURVE('',#11060,#11065);
#11060 = PLANE('',#11061);
#11061 = AXIS2_PLACEMENT_3D('',#11062,#11063,#11064);
#11062 = CARTESIAN_POINT('',(0.,-4.,5.));
#11063 = DIRECTION('',(0.,1.,0.));
#11064 = DIRECTION('',(0.,-0.,1.));
#11065 = DEFINITIONAL_REPRESENTATION('',(#11066),#11070);
#11066 = LINE('',#11067,#11068);
#11067 = CARTESIAN_POINT('',(1.8,-0.4));
#11068 = VECTOR('',#11069,1.);
#11069 = DIRECTION('',(1.,0.));
#11070 = ( GEOMETRIC_REPRESENTATION_CONTEXT(2) 
PARAMETRIC_REPRESENTATION_CONTEXT() REPRESENTATION_CONTEXT('2D SPACE',''
  ) );
#11071 = ORIENTED_EDGE('',*,*,#11072,.F.);
#11072 = EDGE_CURVE('',#4596,#11045,#11073,.T.);
#11073 = SURFACE_CURVE('',#11074,(#11078,#11085),.PCURVE_S1.);
#11074 = LINE('',#11075,#11076);
#11075 = CARTESIAN_POINT('',(-0.4,4.,7.8));
#11076 = VECTOR('',#11077,1.);
#11077 = DIRECTION('',(0.,-1.,0.));
#11078 = PCURVE('',#4611,#11079);
#11079 = DEFINITIONAL_REPRESENTATION('',(#11080),#11084);
#11080 = LINE('',#11081,#11082);
#11081 = CARTESIAN_POINT('',(-1.,0.));
#11082 = VECTOR('',#11083,1.);
#11083 = DIRECTION('',(0.,-1.));
#11084 = ( GEOMETRIC_REPRESENTATION_CONTEXT(2) 
PARAMETRIC_REPRESENTATION_CONTEXT() REPRESENTATION_CONTEXT('2D SPACE',''
  ) );
#11085 = PCURVE('',#4639,#11086);
#11086 = DEFINITIONAL_REPRESENTATION('',(#11087),#11091);
#11087 = LINE('',#11088,#11089);
#11088 = CARTESIAN_POINT('',(0.,0.));
#11089 = VECTOR('',#11090,1.);
#11090 = DIRECTION('',(0.,-1.));
#11091 = ( GEOMETRIC_REPRESENTATION_CONTEXT(2) 
PARAMETRIC_REPRESENTATION_CONTEXT() REPRESENTATION_CONTEXT('2D SPACE',''
  ) );
#11092 = ADVANCED_FACE('',(#11093),#4639,.F.);
#11093 = FACE_BOUND('',#11094,.T.);
#11094 = EDGE_LOOP('',(#11095,#11096,#11097,#11120));
#11095 = ORIENTED_EDGE('',*,*,#4623,.F.);
#11096 = ORIENTED_EDGE('',*,*,#11072,.T.);
#11097 = ORIENTED_EDGE('',*,*,#11098,.T.);
#11098 = EDGE_CURVE('',#11045,#11099,#11101,.T.);
#11099 = VERTEX_POINT('',#11100);
#11100 = CARTESIAN_POINT('',(0.4,-4.,7.8));
#11101 = SURFACE_CURVE('',#11102,(#11106,#11113),.PCURVE_S1.);
#11102 = LINE('',#11103,#11104);
#11103 = CARTESIAN_POINT('',(-0.4,-4.,7.8));
#11104 = VECTOR('',#11105,1.);
#11105 = DIRECTION('',(1.,0.,0.));
#11106 = PCURVE('',#4639,#11107);
#11107 = DEFINITIONAL_REPRESENTATION('',(#11108),#11112);
#11108 = LINE('',#11109,#11110);
#11109 = CARTESIAN_POINT('',(0.,-8.));
#11110 = VECTOR('',#11111,1.);
#11111 = DIRECTION('',(-1.,0.));
#11112 = ( GEOMETRIC_REPRESENTATION_CONTEXT(2) 
PARAMETRIC_REPRESENTATION_CONTEXT() REPRESENTATION_CONTEXT('2D SPACE',''
  ) );
#11113 = PCURVE('',#11060,#11114);
#11114 = DEFINITIONAL_REPRESENTATION('',(#11115),#11119);
#11115 = LINE('',#11116,#11117);
#11116 = CARTESIAN_POINT('',(2.8,-0.4));
#11117 = VECTOR('',#11118,1.);
#11118 = DIRECTION('',(0.,1.));
#11119 = ( GEOMETRIC_REPRESENTATION_CONTEXT(2) 
PARAMETRIC_REPRESENTATION_CONTEXT() REPRESENTATION_CONTEXT('2D SPACE',''
  ) );
#11120 = ORIENTED_EDGE('',*,*,#11121,.F.);
#11121 = EDGE_CURVE('',#4624,#11099,#11122,.T.);
#11122 = SURFACE_CURVE('',#11123,(#11127,#11134),.PCURVE_S1.);
#11123 = LINE('',#11124,#11125);
#11124 = CARTESIAN_POINT('',(0.4,4.,7.8));
#11125 = VECTOR('',#11126,1.);
#11126 = DIRECTION('',(0.,-1.,0.));
#11127 = PCURVE('',#4639,#11128);
#11128 = DEFINITIONAL_REPRESENTATION('',(#11129),#11133);
#11129 = LINE('',#11130,#11131);
#11130 = CARTESIAN_POINT('',(-0.8,0.));
#11131 = VECTOR('',#11132,1.);
#11132 = DIRECTION('',(0.,-1.));
#11133 = ( GEOMETRIC_REPRESENTATION_CONTEXT(2) 
PARAMETRIC_REPRESENTATION_CONTEXT() REPRESENTATION_CONTEXT('2D SPACE',''
  ) );
#11134 = PCURVE('',#4665,#11135);
#11135 = DEFINITIONAL_REPRESENTATION('',(#11136),#11140);
#11136 = LINE('',#11137,#11138);
#11137 = CARTESIAN_POINT('',(0.,0.));
#11138 = VECTOR('',#11139,1.);
#11139 = DIRECTION('',(0.,-1.));
#11140 = ( GEOMETRIC_REPRESENTATION_CONTEXT(2) 
PARAMETRIC_REPRESENTATION_CONTEXT() REPRESENTATION_CONTEXT('2D SPACE',''
  ) );
#11141 = ADVANCED_FACE('',(#11142),#4665,.F.);
#11142 = FACE_BOUND('',#11143,.T.);
#11143 = EDGE_LOOP('',(#11144,#11145,#11146,#11169));
#11144 = ORIENTED_EDGE('',*,*,#4651,.F.);
#11145 = ORIENTED_EDGE('',*,*,#11121,.T.);
#11146 = ORIENTED_EDGE('',*,*,#11147,.T.);
#11147 = EDGE_CURVE('',#11099,#11148,#11150,.T.);
#11148 = VERTEX_POINT('',#11149);
#11149 = CARTESIAN_POINT('',(0.4,-4.,6.8));
#11150 = SURFACE_CURVE('',#11151,(#11155,#11162),.PCURVE_S1.);
#11151 = LINE('',#11152,#11153);
#11152 = CARTESIAN_POINT('',(0.4,-4.,7.8));
#11153 = VECTOR('',#11154,1.);
#11154 = DIRECTION('',(0.,0.,-1.));
#11155 = PCURVE('',#4665,#11156);
#11156 = DEFINITIONAL_REPRESENTATION('',(#11157),#11161);
#11157 = LINE('',#11158,#11159);
#11158 = CARTESIAN_POINT('',(0.,-8.));
#11159 = VECTOR('',#11160,1.);
#11160 = DIRECTION('',(-1.,0.));
#11161 = ( GEOMETRIC_REPRESENTATION_CONTEXT(2) 
PARAMETRIC_REPRESENTATION_CONTEXT() REPRESENTATION_CONTEXT('2D SPACE',''
  ) );
#11162 = PCURVE('',#11060,#11163);
#11163 = DEFINITIONAL_REPRESENTATION('',(#11164),#11168);
#11164 = LINE('',#11165,#11166);
#11165 = CARTESIAN_POINT('',(2.8,0.4));
#11166 = VECTOR('',#11167,1.);
#11167 = DIRECTION('',(-1.,0.));
#11168 = ( GEOMETRIC_REPRESENTATION_CONTEXT(2) 
PARAMETRIC_REPRESENTATION_CONTEXT() REPRESENTATION_CONTEXT('2D SPACE',''
  ) );
#11169 = ORIENTED_EDGE('',*,*,#11170,.F.);
#11170 = EDGE_CURVE('',#4566,#11148,#11171,.T.);
#11171 = SURFACE_CURVE('',#11172,(#11176,#11183),.PCURVE_S1.);
#11172 = LINE('',#11173,#11174);
#11173 = CARTESIAN_POINT('',(0.4,4.,6.8));
#11174 = VECTOR('',#11175,1.);
#11175 = DIRECTION('',(0.,-1.,0.));
#11176 = PCURVE('',#4665,#11177);
#11177 = DEFINITIONAL_REPRESENTATION('',(#11178),#11182);
#11178 = LINE('',#11179,#11180);
#11179 = CARTESIAN_POINT('',(-1.,0.));
#11180 = VECTOR('',#11181,1.);
#11181 = DIRECTION('',(0.,-1.));
#11182 = ( GEOMETRIC_REPRESENTATION_CONTEXT(2) 
PARAMETRIC_REPRESENTATION_CONTEXT() REPRESENTATION_CONTEXT('2D SPACE',''
  ) );
#11183 = PCURVE('',#4583,#11184);
#11184 = DEFINITIONAL_REPRESENTATION('',(#11185),#11189);
#11185 = LINE('',#11186,#11187);
#11186 = CARTESIAN_POINT('',(0.,0.));
#11187 = VECTOR('',#11188,1.);
#11188 = DIRECTION('',(0.,-1.));
#11189 = ( GEOMETRIC_REPRESENTATION_CONTEXT(2) 
PARAMETRIC_REPRESENTATION_CONTEXT() REPRESENTATION_CONTEXT('2D SPACE',''
  ) );
#11190 = ADVANCED_FACE('',(#11191),#4583,.F.);
#11191 = FACE_BOUND('',#11192,.T.);
#11192 = EDGE_LOOP('',(#11193,#11194,#11195,#11216));
#11193 = ORIENTED_EDGE('',*,*,#4565,.F.);
#11194 = ORIENTED_EDGE('',*,*,#11170,.T.);
#11195 = ORIENTED_EDGE('',*,*,#11196,.T.);
#11196 = EDGE_CURVE('',#11148,#11022,#11197,.T.);
#11197 = SURFACE_CURVE('',#11198,(#11202,#11209),.PCURVE_S1.);
#11198 = LINE('',#11199,#11200);
#11199 = CARTESIAN_POINT('',(0.4,-4.,6.8));
#11200 = VECTOR('',#11201,1.);
#11201 = DIRECTION('',(-1.,0.,0.));
#11202 = PCURVE('',#4583,#11203);
#11203 = DEFINITIONAL_REPRESENTATION('',(#11204),#11208);
#11204 = LINE('',#11205,#11206);
#11205 = CARTESIAN_POINT('',(0.,-8.));
#11206 = VECTOR('',#11207,1.);
#11207 = DIRECTION('',(-1.,0.));
#11208 = ( GEOMETRIC_REPRESENTATION_CONTEXT(2) 
PARAMETRIC_REPRESENTATION_CONTEXT() REPRESENTATION_CONTEXT('2D SPACE',''
  ) );
#11209 = PCURVE('',#11060,#11210);
#11210 = DEFINITIONAL_REPRESENTATION('',(#11211),#11215);
#11211 = LINE('',#11212,#11213);
#11212 = CARTESIAN_POINT('',(1.8,0.4));
#11213 = VECTOR('',#11214,1.);
#11214 = DIRECTION('',(0.,-1.));
#11215 = ( GEOMETRIC_REPRESENTATION_CONTEXT(2) 
PARAMETRIC_REPRESENTATION_CONTEXT() REPRESENTATION_CONTEXT('2D SPACE',''
  ) );
#11216 = ORIENTED_EDGE('',*,*,#11021,.F.);
#11217 = ADVANCED_FACE('',(#11218),#11060,.F.);
#11218 = FACE_BOUND('',#11219,.T.);
#11219 = EDGE_LOOP('',(#11220,#11221,#11222,#11223));
#11220 = ORIENTED_EDGE('',*,*,#11044,.F.);
#11221 = ORIENTED_EDGE('',*,*,#11196,.F.);
#11222 = ORIENTED_EDGE('',*,*,#11147,.F.);
#11223 = ORIENTED_EDGE('',*,*,#11098,.F.);
#11224 = ADVANCED_FACE('',(#11225),#11238,.T.);
#11225 = FACE_BOUND('',#11226,.T.);
#11226 = EDGE_LOOP('',(#11227));
#11227 = ORIENTED_EDGE('',*,*,#11228,.T.);
#11228 = EDGE_CURVE('',#11229,#11229,#11231,.T.);
#11229 = VERTEX_POINT('',#11230);
#11230 = CARTESIAN_POINT('',(-11.1,2.65,2.85));
#11231 = SURFACE_CURVE('',#11232,(#11237,#11249),.PCURVE_S1.);
#11232 = CIRCLE('',#11233,1.05);
#11233 = AXIS2_PLACEMENT_3D('',#11234,#11235,#11236);
#11234 = CARTESIAN_POINT('',(-11.1,2.65,1.8));
#11235 = DIRECTION('',(-1.,0.,0.));
#11236 = DIRECTION('',(0.,0.,1.));
#11237 = PCURVE('',#11238,#11243);
#11238 = PLANE('',#11239);
#11239 = AXIS2_PLACEMENT_3D('',#11240,#11241,#11242);
#11240 = CARTESIAN_POINT('',(-11.1,2.65,1.8));
#11241 = DIRECTION('',(-1.,0.,0.));
#11242 = DIRECTION('',(0.,0.,1.));
#11243 = DEFINITIONAL_REPRESENTATION('',(#11244),#11248);
#11244 = CIRCLE('',#11245,1.05);
#11245 = AXIS2_PLACEMENT_2D('',#11246,#11247);
#11246 = CARTESIAN_POINT('',(0.,0.));
#11247 = DIRECTION('',(1.,0.));
#11248 = ( GEOMETRIC_REPRESENTATION_CONTEXT(2) 
PARAMETRIC_REPRESENTATION_CONTEXT() REPRESENTATION_CONTEXT('2D SPACE',''
  ) );
#11249 = PCURVE('',#11250,#11255);
#11250 = CYLINDRICAL_SURFACE('',#11251,1.05);
#11251 = AXIS2_PLACEMENT_3D('',#11252,#11253,#11254);
#11252 = CARTESIAN_POINT('',(-13.1,2.65,1.8));
#11253 = DIRECTION('',(-1.,0.,0.));
#11254 = DIRECTION('',(0.,0.,1.));
#11255 = DEFINITIONAL_REPRESENTATION('',(#11256),#11260);
#11256 = LINE('',#11257,#11258);
#11257 = CARTESIAN_POINT('',(0.,-2.));
#11258 = VECTOR('',#11259,1.);
#11259 = DIRECTION('',(1.,0.));
#11260 = ( GEOMETRIC_REPRESENTATION_CONTEXT(2) 
PARAMETRIC_REPRESENTATION_CONTEXT() REPRESENTATION_CONTEXT('2D SPACE',''
  ) );
#11261 = ADVANCED_FACE('',(#11262),#11250,.F.);
#11262 = FACE_BOUND('',#11263,.F.);
#11263 = EDGE_LOOP('',(#11264,#11288,#11308,#11309));
#11264 = ORIENTED_EDGE('',*,*,#11265,.F.);
#11265 = EDGE_CURVE('',#11266,#11266,#11268,.T.);
#11266 = VERTEX_POINT('',#11267);
#11267 = CARTESIAN_POINT('',(-12.8,2.65,2.85));
#11268 = SURFACE_CURVE('',#11269,(#11274,#11281),.PCURVE_S1.);
#11269 = CIRCLE('',#11270,1.05);
#11270 = AXIS2_PLACEMENT_3D('',#11271,#11272,#11273);
#11271 = CARTESIAN_POINT('',(-12.8,2.65,1.8));
#11272 = DIRECTION('',(-1.,0.,0.));
#11273 = DIRECTION('',(0.,0.,1.));
#11274 = PCURVE('',#11250,#11275);
#11275 = DEFINITIONAL_REPRESENTATION('',(#11276),#11280);
#11276 = LINE('',#11277,#11278);
#11277 = CARTESIAN_POINT('',(0.,-0.3));
#11278 = VECTOR('',#11279,1.);
#11279 = DIRECTION('',(1.,0.));
#11280 = ( GEOMETRIC_REPRESENTATION_CONTEXT(2) 
PARAMETRIC_REPRESENTATION_CONTEXT() REPRESENTATION_CONTEXT('2D SPACE',''
  ) );
#11281 = PCURVE('',#3752,#11282);
#11282 = DEFINITIONAL_REPRESENTATION('',(#11283),#11287);
#11283 = LINE('',#11284,#11285);
#11284 = CARTESIAN_POINT('',(0.,0.));
#11285 = VECTOR('',#11286,1.);
#11286 = DIRECTION('',(1.,0.));
#11287 = ( GEOMETRIC_REPRESENTATION_CONTEXT(2) 
PARAMETRIC_REPRESENTATION_CONTEXT() REPRESENTATION_CONTEXT('2D SPACE',''
  ) );
#11288 = ORIENTED_EDGE('',*,*,#11289,.F.);
#11289 = EDGE_CURVE('',#11229,#11266,#11290,.T.);
#11290 = SEAM_CURVE('',#11291,(#11294,#11301),.PCURVE_S1.);
#11291 = B_SPLINE_CURVE_WITH_KNOTS('',1,(#11292,#11293),.UNSPECIFIED.,
  .F.,.F.,(2,2),(-2.,-0.3),.PIECEWISE_BEZIER_KNOTS.);
#11292 = CARTESIAN_POINT('',(-11.1,2.65,2.85));
#11293 = CARTESIAN_POINT('',(-12.8,2.65,2.85));
#11294 = PCURVE('',#11250,#11295);
#11295 = DEFINITIONAL_REPRESENTATION('',(#11296),#11300);
#11296 = LINE('',#11297,#11298);
#11297 = CARTESIAN_POINT('',(0.,0.));
#11298 = VECTOR('',#11299,1.);
#11299 = DIRECTION('',(0.,1.));
#11300 = ( GEOMETRIC_REPRESENTATION_CONTEXT(2) 
PARAMETRIC_REPRESENTATION_CONTEXT() REPRESENTATION_CONTEXT('2D SPACE',''
  ) );
#11301 = PCURVE('',#11250,#11302);
#11302 = DEFINITIONAL_REPRESENTATION('',(#11303),#11307);
#11303 = LINE('',#11304,#11305);
#11304 = CARTESIAN_POINT('',(6.28318530718,0.));
#11305 = VECTOR('',#11306,1.);
#11306 = DIRECTION('',(0.,1.));
#11307 = ( GEOMETRIC_REPRESENTATION_CONTEXT(2) 
PARAMETRIC_REPRESENTATION_CONTEXT() REPRESENTATION_CONTEXT('2D SPACE',''
  ) );
#11308 = ORIENTED_EDGE('',*,*,#11228,.T.);
#11309 = ORIENTED_EDGE('',*,*,#11289,.T.);
#11310 = ADVANCED_FACE('',(#11311),#3752,.F.);
#11311 = FACE_BOUND('',#11312,.F.);
#11312 = EDGE_LOOP('',(#11313,#11314,#11334,#11335));
#11313 = ORIENTED_EDGE('',*,*,#3731,.F.);
#11314 = ORIENTED_EDGE('',*,*,#11315,.F.);
#11315 = EDGE_CURVE('',#11266,#3732,#11316,.T.);
#11316 = SEAM_CURVE('',#11317,(#11320,#11327),.PCURVE_S1.);
#11317 = B_SPLINE_CURVE_WITH_KNOTS('',1,(#11318,#11319),.UNSPECIFIED.,
  .F.,.F.,(2,2),(0.,0.346410161514),.PIECEWISE_BEZIER_KNOTS.);
#11318 = CARTESIAN_POINT('',(-12.8,2.65,2.85));
#11319 = CARTESIAN_POINT('',(-13.1,2.65,3.023205080757));
#11320 = PCURVE('',#3752,#11321);
#11321 = DEFINITIONAL_REPRESENTATION('',(#11322),#11326);
#11322 = LINE('',#11323,#11324);
#11323 = CARTESIAN_POINT('',(0.,0.));
#11324 = VECTOR('',#11325,1.);
#11325 = DIRECTION('',(0.,1.));
#11326 = ( GEOMETRIC_REPRESENTATION_CONTEXT(2) 
PARAMETRIC_REPRESENTATION_CONTEXT() REPRESENTATION_CONTEXT('2D SPACE',''
  ) );
#11327 = PCURVE('',#3752,#11328);
#11328 = DEFINITIONAL_REPRESENTATION('',(#11329),#11333);
#11329 = LINE('',#11330,#11331);
#11330 = CARTESIAN_POINT('',(6.28318530718,0.));
#11331 = VECTOR('',#11332,1.);
#11332 = DIRECTION('',(0.,1.));
#11333 = ( GEOMETRIC_REPRESENTATION_CONTEXT(2) 
PARAMETRIC_REPRESENTATION_CONTEXT() REPRESENTATION_CONTEXT('2D SPACE',''
  ) );
#11334 = ORIENTED_EDGE('',*,*,#11265,.T.);
#11335 = ORIENTED_EDGE('',*,*,#11315,.T.);
#11336 = ADVANCED_FACE('',(#11337),#11350,.T.);
#11337 = FACE_BOUND('',#11338,.T.);
#11338 = EDGE_LOOP('',(#11339));
#11339 = ORIENTED_EDGE('',*,*,#11340,.T.);
#11340 = EDGE_CURVE('',#11341,#11341,#11343,.T.);
#11341 = VERTEX_POINT('',#11342);
#11342 = CARTESIAN_POINT('',(-11.1,2.65,7.85));
#11343 = SURFACE_CURVE('',#11344,(#11349,#11361),.PCURVE_S1.);
#11344 = CIRCLE('',#11345,1.05);
#11345 = AXIS2_PLACEMENT_3D('',#11346,#11347,#11348);
#11346 = CARTESIAN_POINT('',(-11.1,2.65,6.8));
#11347 = DIRECTION('',(-1.,0.,0.));
#11348 = DIRECTION('',(0.,0.,1.));
#11349 = PCURVE('',#11350,#11355);
#11350 = PLANE('',#11351);
#11351 = AXIS2_PLACEMENT_3D('',#11352,#11353,#11354);
#11352 = CARTESIAN_POINT('',(-11.1,2.65,6.8));
#11353 = DIRECTION('',(-1.,0.,0.));
#11354 = DIRECTION('',(0.,0.,1.));
#11355 = DEFINITIONAL_REPRESENTATION('',(#11356),#11360);
#11356 = CIRCLE('',#11357,1.05);
#11357 = AXIS2_PLACEMENT_2D('',#11358,#11359);
#11358 = CARTESIAN_POINT('',(0.,0.));
#11359 = DIRECTION('',(1.,0.));
#11360 = ( GEOMETRIC_REPRESENTATION_CONTEXT(2) 
PARAMETRIC_REPRESENTATION_CONTEXT() REPRESENTATION_CONTEXT('2D SPACE',''
  ) );
#11361 = PCURVE('',#11362,#11367);
#11362 = CYLINDRICAL_SURFACE('',#11363,1.05);
#11363 = AXIS2_PLACEMENT_3D('',#11364,#11365,#11366);
#11364 = CARTESIAN_POINT('',(-13.1,2.65,6.8));
#11365 = DIRECTION('',(-1.,0.,0.));
#11366 = DIRECTION('',(0.,0.,1.));
#11367 = DEFINITIONAL_REPRESENTATION('',(#11368),#11372);
#11368 = LINE('',#11369,#11370);
#11369 = CARTESIAN_POINT('',(0.,-2.));
#11370 = VECTOR('',#11371,1.);
#11371 = DIRECTION('',(1.,0.));
#11372 = ( GEOMETRIC_REPRESENTATION_CONTEXT(2) 
PARAMETRIC_REPRESENTATION_CONTEXT() REPRESENTATION_CONTEXT('2D SPACE',''
  ) );
#11373 = ADVANCED_FACE('',(#11374),#11362,.F.);
#11374 = FACE_BOUND('',#11375,.F.);
#11375 = EDGE_LOOP('',(#11376,#11400,#11420,#11421));
#11376 = ORIENTED_EDGE('',*,*,#11377,.F.);
#11377 = EDGE_CURVE('',#11378,#11378,#11380,.T.);
#11378 = VERTEX_POINT('',#11379);
#11379 = CARTESIAN_POINT('',(-12.8,2.65,7.85));
#11380 = SURFACE_CURVE('',#11381,(#11386,#11393),.PCURVE_S1.);
#11381 = CIRCLE('',#11382,1.05);
#11382 = AXIS2_PLACEMENT_3D('',#11383,#11384,#11385);
#11383 = CARTESIAN_POINT('',(-12.8,2.65,6.8));
#11384 = DIRECTION('',(-1.,0.,0.));
#11385 = DIRECTION('',(0.,0.,1.));
#11386 = PCURVE('',#11362,#11387);
#11387 = DEFINITIONAL_REPRESENTATION('',(#11388),#11392);
#11388 = LINE('',#11389,#11390);
#11389 = CARTESIAN_POINT('',(0.,-0.3));
#11390 = VECTOR('',#11391,1.);
#11391 = DIRECTION('',(1.,0.));
#11392 = ( GEOMETRIC_REPRESENTATION_CONTEXT(2) 
PARAMETRIC_REPRESENTATION_CONTEXT() REPRESENTATION_CONTEXT('2D SPACE',''
  ) );
#11393 = PCURVE('',#3717,#11394);
#11394 = DEFINITIONAL_REPRESENTATION('',(#11395),#11399);
#11395 = LINE('',#11396,#11397);
#11396 = CARTESIAN_POINT('',(0.,-9.614813431918E-17));
#11397 = VECTOR('',#11398,1.);
#11398 = DIRECTION('',(1.,0.));
#11399 = ( GEOMETRIC_REPRESENTATION_CONTEXT(2) 
PARAMETRIC_REPRESENTATION_CONTEXT() REPRESENTATION_CONTEXT('2D SPACE',''
  ) );
#11400 = ORIENTED_EDGE('',*,*,#11401,.F.);
#11401 = EDGE_CURVE('',#11341,#11378,#11402,.T.);
#11402 = SEAM_CURVE('',#11403,(#11406,#11413),.PCURVE_S1.);
#11403 = B_SPLINE_CURVE_WITH_KNOTS('',1,(#11404,#11405),.UNSPECIFIED.,
  .F.,.F.,(2,2),(-2.,-0.3),.PIECEWISE_BEZIER_KNOTS.);
#11404 = CARTESIAN_POINT('',(-11.1,2.65,7.85));
#11405 = CARTESIAN_POINT('',(-12.8,2.65,7.85));
#11406 = PCURVE('',#11362,#11407);
#11407 = DEFINITIONAL_REPRESENTATION('',(#11408),#11412);
#11408 = LINE('',#11409,#11410);
#11409 = CARTESIAN_POINT('',(0.,0.));
#11410 = VECTOR('',#11411,1.);
#11411 = DIRECTION('',(0.,1.));
#11412 = ( GEOMETRIC_REPRESENTATION_CONTEXT(2) 
PARAMETRIC_REPRESENTATION_CONTEXT() REPRESENTATION_CONTEXT('2D SPACE',''
  ) );
#11413 = PCURVE('',#11362,#11414);
#11414 = DEFINITIONAL_REPRESENTATION('',(#11415),#11419);
#11415 = LINE('',#11416,#11417);
#11416 = CARTESIAN_POINT('',(6.28318530718,0.));
#11417 = VECTOR('',#11418,1.);
#11418 = DIRECTION('',(0.,1.));
#11419 = ( GEOMETRIC_REPRESENTATION_CONTEXT(2) 
PARAMETRIC_REPRESENTATION_CONTEXT() REPRESENTATION_CONTEXT('2D SPACE',''
  ) );
#11420 = ORIENTED_EDGE('',*,*,#11340,.T.);
#11421 = ORIENTED_EDGE('',*,*,#11401,.T.);
#11422 = ADVANCED_FACE('',(#11423),#3717,.F.);
#11423 = FACE_BOUND('',#11424,.F.);
#11424 = EDGE_LOOP('',(#11425,#11426,#11446,#11447));
#11425 = ORIENTED_EDGE('',*,*,#3696,.F.);
#11426 = ORIENTED_EDGE('',*,*,#11427,.F.);
#11427 = EDGE_CURVE('',#11378,#3697,#11428,.T.);
#11428 = SEAM_CURVE('',#11429,(#11432,#11439),.PCURVE_S1.);
#11429 = B_SPLINE_CURVE_WITH_KNOTS('',1,(#11430,#11431),.UNSPECIFIED.,
  .F.,.F.,(2,2),(-1.110223024625E-16,0.346410161514),
  .PIECEWISE_BEZIER_KNOTS.);
#11430 = CARTESIAN_POINT('',(-12.8,2.65,7.85));
#11431 = CARTESIAN_POINT('',(-13.1,2.65,8.023205080757));
#11432 = PCURVE('',#3717,#11433);
#11433 = DEFINITIONAL_REPRESENTATION('',(#11434),#11438);
#11434 = LINE('',#11435,#11436);
#11435 = CARTESIAN_POINT('',(0.,0.));
#11436 = VECTOR('',#11437,1.);
#11437 = DIRECTION('',(0.,1.));
#11438 = ( GEOMETRIC_REPRESENTATION_CONTEXT(2) 
PARAMETRIC_REPRESENTATION_CONTEXT() REPRESENTATION_CONTEXT('2D SPACE',''
  ) );
#11439 = PCURVE('',#3717,#11440);
#11440 = DEFINITIONAL_REPRESENTATION('',(#11441),#11445);
#11441 = LINE('',#11442,#11443);
#11442 = CARTESIAN_POINT('',(6.28318530718,0.));
#11443 = VECTOR('',#11444,1.);
#11444 = DIRECTION('',(0.,1.));
#11445 = ( GEOMETRIC_REPRESENTATION_CONTEXT(2) 
PARAMETRIC_REPRESENTATION_CONTEXT() REPRESENTATION_CONTEXT('2D SPACE',''
  ) );
#11446 = ORIENTED_EDGE('',*,*,#11377,.T.);
#11447 = ORIENTED_EDGE('',*,*,#11427,.T.);
#11448 = ADVANCED_FACE('',(#11449),#3542,.T.);
#11449 = FACE_BOUND('',#11450,.T.);
#11450 = EDGE_LOOP('',(#11451,#11452,#11475,#11503));
#11451 = ORIENTED_EDGE('',*,*,#3524,.F.);
#11452 = ORIENTED_EDGE('',*,*,#11453,.F.);
#11453 = EDGE_CURVE('',#11454,#3525,#11456,.T.);
#11454 = VERTEX_POINT('',#11455);
#11455 = CARTESIAN_POINT('',(-11.1,3.8,3.6));
#11456 = SURFACE_CURVE('',#11457,(#11461,#11468),.PCURVE_S1.);
#11457 = LINE('',#11458,#11459);
#11458 = CARTESIAN_POINT('',(-11.1,3.8,3.6));
#11459 = VECTOR('',#11460,1.);
#11460 = DIRECTION('',(-1.,0.,0.));
#11461 = PCURVE('',#3542,#11462);
#11462 = DEFINITIONAL_REPRESENTATION('',(#11463),#11467);
#11463 = LINE('',#11464,#11465);
#11464 = CARTESIAN_POINT('',(0.,0.));
#11465 = VECTOR('',#11466,1.);
#11466 = DIRECTION('',(0.,-1.));
#11467 = ( GEOMETRIC_REPRESENTATION_CONTEXT(2) 
PARAMETRIC_REPRESENTATION_CONTEXT() REPRESENTATION_CONTEXT('2D SPACE',''
  ) );
#11468 = PCURVE('',#3682,#11469);
#11469 = DEFINITIONAL_REPRESENTATION('',(#11470),#11474);
#11470 = LINE('',#11471,#11472);
#11471 = CARTESIAN_POINT('',(1.570796326795,0.));
#11472 = VECTOR('',#11473,1.);
#11473 = DIRECTION('',(0.,1.));
#11474 = ( GEOMETRIC_REPRESENTATION_CONTEXT(2) 
PARAMETRIC_REPRESENTATION_CONTEXT() REPRESENTATION_CONTEXT('2D SPACE',''
  ) );
#11475 = ORIENTED_EDGE('',*,*,#11476,.T.);
#11476 = EDGE_CURVE('',#11454,#11477,#11479,.T.);
#11477 = VERTEX_POINT('',#11478);
#11478 = CARTESIAN_POINT('',(-11.1,3.8,4.25));
#11479 = SURFACE_CURVE('',#11480,(#11484,#11491),.PCURVE_S1.);
#11480 = LINE('',#11481,#11482);
#11481 = CARTESIAN_POINT('',(-11.1,3.8,3.6));
#11482 = VECTOR('',#11483,1.);
#11483 = DIRECTION('',(0.,0.,1.));
#11484 = PCURVE('',#3542,#11485);
#11485 = DEFINITIONAL_REPRESENTATION('',(#11486),#11490);
#11486 = LINE('',#11487,#11488);
#11487 = CARTESIAN_POINT('',(0.,0.));
#11488 = VECTOR('',#11489,1.);
#11489 = DIRECTION('',(-1.,0.));
#11490 = ( GEOMETRIC_REPRESENTATION_CONTEXT(2) 
PARAMETRIC_REPRESENTATION_CONTEXT() REPRESENTATION_CONTEXT('2D SPACE',''
  ) );
#11491 = PCURVE('',#11492,#11497);
#11492 = PLANE('',#11493);
#11493 = AXIS2_PLACEMENT_3D('',#11494,#11495,#11496);
#11494 = CARTESIAN_POINT('',(-11.1,1.1,3.6));
#11495 = DIRECTION('',(1.,0.,0.));
#11496 = DIRECTION('',(0.,0.,-1.));
#11497 = DEFINITIONAL_REPRESENTATION('',(#11498),#11502);
#11498 = LINE('',#11499,#11500);
#11499 = CARTESIAN_POINT('',(0.,2.7));
#11500 = VECTOR('',#11501,1.);
#11501 = DIRECTION('',(-1.,0.));
#11502 = ( GEOMETRIC_REPRESENTATION_CONTEXT(2) 
PARAMETRIC_REPRESENTATION_CONTEXT() REPRESENTATION_CONTEXT('2D SPACE',''
  ) );
#11503 = ORIENTED_EDGE('',*,*,#11504,.T.);
#11504 = EDGE_CURVE('',#11477,#3527,#11505,.T.);
#11505 = SURFACE_CURVE('',#11506,(#11510,#11517),.PCURVE_S1.);
#11506 = LINE('',#11507,#11508);
#11507 = CARTESIAN_POINT('',(-11.1,3.8,4.25));
#11508 = VECTOR('',#11509,1.);
#11509 = DIRECTION('',(-1.,0.,0.));
#11510 = PCURVE('',#3542,#11511);
#11511 = DEFINITIONAL_REPRESENTATION('',(#11512),#11516);
#11512 = LINE('',#11513,#11514);
#11513 = CARTESIAN_POINT('',(-0.65,0.));
#11514 = VECTOR('',#11515,1.);
#11515 = DIRECTION('',(0.,-1.));
#11516 = ( GEOMETRIC_REPRESENTATION_CONTEXT(2) 
PARAMETRIC_REPRESENTATION_CONTEXT() REPRESENTATION_CONTEXT('2D SPACE',''
  ) );
#11517 = PCURVE('',#3570,#11518);
#11518 = DEFINITIONAL_REPRESENTATION('',(#11519),#11523);
#11519 = LINE('',#11520,#11521);
#11520 = CARTESIAN_POINT('',(0.,0.));
#11521 = VECTOR('',#11522,1.);
#11522 = DIRECTION('',(1.,0.));
#11523 = ( GEOMETRIC_REPRESENTATION_CONTEXT(2) 
PARAMETRIC_REPRESENTATION_CONTEXT() REPRESENTATION_CONTEXT('2D SPACE',''
  ) );
#11524 = ADVANCED_FACE('',(#11525),#3570,.T.);
#11525 = FACE_BOUND('',#11526,.T.);
#11526 = EDGE_LOOP('',(#11527,#11528,#11529,#11552));
#11527 = ORIENTED_EDGE('',*,*,#3554,.F.);
#11528 = ORIENTED_EDGE('',*,*,#11504,.F.);
#11529 = ORIENTED_EDGE('',*,*,#11530,.T.);
#11530 = EDGE_CURVE('',#11477,#11531,#11533,.T.);
#11531 = VERTEX_POINT('',#11532);
#11532 = CARTESIAN_POINT('',(-11.1,0.8,4.25));
#11533 = SURFACE_CURVE('',#11534,(#11538,#11545),.PCURVE_S1.);
#11534 = LINE('',#11535,#11536);
#11535 = CARTESIAN_POINT('',(-11.1,3.8,4.25));
#11536 = VECTOR('',#11537,1.);
#11537 = DIRECTION('',(0.,-1.,0.));
#11538 = PCURVE('',#3570,#11539);
#11539 = DEFINITIONAL_REPRESENTATION('',(#11540),#11544);
#11540 = LINE('',#11541,#11542);
#11541 = CARTESIAN_POINT('',(0.,0.));
#11542 = VECTOR('',#11543,1.);
#11543 = DIRECTION('',(0.,-1.));
#11544 = ( GEOMETRIC_REPRESENTATION_CONTEXT(2) 
PARAMETRIC_REPRESENTATION_CONTEXT() REPRESENTATION_CONTEXT('2D SPACE',''
  ) );
#11545 = PCURVE('',#11492,#11546);
#11546 = DEFINITIONAL_REPRESENTATION('',(#11547),#11551);
#11547 = LINE('',#11548,#11549);
#11548 = CARTESIAN_POINT('',(-0.65,2.7));
#11549 = VECTOR('',#11550,1.);
#11550 = DIRECTION('',(0.,-1.));
#11551 = ( GEOMETRIC_REPRESENTATION_CONTEXT(2) 
PARAMETRIC_REPRESENTATION_CONTEXT() REPRESENTATION_CONTEXT('2D SPACE',''
  ) );
#11552 = ORIENTED_EDGE('',*,*,#11553,.T.);
#11553 = EDGE_CURVE('',#11531,#3555,#11554,.T.);
#11554 = SURFACE_CURVE('',#11555,(#11559,#11566),.PCURVE_S1.);
#11555 = LINE('',#11556,#11557);
#11556 = CARTESIAN_POINT('',(-11.1,0.8,4.25));
#11557 = VECTOR('',#11558,1.);
#11558 = DIRECTION('',(-1.,0.,0.));
#11559 = PCURVE('',#3570,#11560);
#11560 = DEFINITIONAL_REPRESENTATION('',(#11561),#11565);
#11561 = LINE('',#11562,#11563);
#11562 = CARTESIAN_POINT('',(0.,-3.));
#11563 = VECTOR('',#11564,1.);
#11564 = DIRECTION('',(1.,0.));
#11565 = ( GEOMETRIC_REPRESENTATION_CONTEXT(2) 
PARAMETRIC_REPRESENTATION_CONTEXT() REPRESENTATION_CONTEXT('2D SPACE',''
  ) );
#11566 = PCURVE('',#3598,#11567);
#11567 = DEFINITIONAL_REPRESENTATION('',(#11568),#11572);
#11568 = LINE('',#11569,#11570);
#11569 = CARTESIAN_POINT('',(0.,0.));
#11570 = VECTOR('',#11571,1.);
#11571 = DIRECTION('',(0.,-1.));
#11572 = ( GEOMETRIC_REPRESENTATION_CONTEXT(2) 
PARAMETRIC_REPRESENTATION_CONTEXT() REPRESENTATION_CONTEXT('2D SPACE',''
  ) );
#11573 = ADVANCED_FACE('',(#11574),#3598,.T.);
#11574 = FACE_BOUND('',#11575,.T.);
#11575 = EDGE_LOOP('',(#11576,#11577,#11578,#11601));
#11576 = ORIENTED_EDGE('',*,*,#3582,.F.);
#11577 = ORIENTED_EDGE('',*,*,#11553,.F.);
#11578 = ORIENTED_EDGE('',*,*,#11579,.T.);
#11579 = EDGE_CURVE('',#11531,#11580,#11582,.T.);
#11580 = VERTEX_POINT('',#11581);
#11581 = CARTESIAN_POINT('',(-11.1,0.8,3.6));
#11582 = SURFACE_CURVE('',#11583,(#11587,#11594),.PCURVE_S1.);
#11583 = LINE('',#11584,#11585);
#11584 = CARTESIAN_POINT('',(-11.1,0.8,4.25));
#11585 = VECTOR('',#11586,1.);
#11586 = DIRECTION('',(0.,3.336006684571E-16,-1.));
#11587 = PCURVE('',#3598,#11588);
#11588 = DEFINITIONAL_REPRESENTATION('',(#11589),#11593);
#11589 = LINE('',#11590,#11591);
#11590 = CARTESIAN_POINT('',(0.,0.));
#11591 = VECTOR('',#11592,1.);
#11592 = DIRECTION('',(-1.,0.));
#11593 = ( GEOMETRIC_REPRESENTATION_CONTEXT(2) 
PARAMETRIC_REPRESENTATION_CONTEXT() REPRESENTATION_CONTEXT('2D SPACE',''
  ) );
#11594 = PCURVE('',#11492,#11595);
#11595 = DEFINITIONAL_REPRESENTATION('',(#11596),#11600);
#11596 = LINE('',#11597,#11598);
#11597 = CARTESIAN_POINT('',(-0.65,-0.3));
#11598 = VECTOR('',#11599,1.);
#11599 = DIRECTION('',(1.,3.336006684571E-16));
#11600 = ( GEOMETRIC_REPRESENTATION_CONTEXT(2) 
PARAMETRIC_REPRESENTATION_CONTEXT() REPRESENTATION_CONTEXT('2D SPACE',''
  ) );
#11601 = ORIENTED_EDGE('',*,*,#11602,.T.);
#11602 = EDGE_CURVE('',#11580,#3583,#11603,.T.);
#11603 = SURFACE_CURVE('',#11604,(#11608,#11615),.PCURVE_S1.);
#11604 = LINE('',#11605,#11606);
#11605 = CARTESIAN_POINT('',(-11.1,0.8,3.6));
#11606 = VECTOR('',#11607,1.);
#11607 = DIRECTION('',(-1.,0.,0.));
#11608 = PCURVE('',#3598,#11609);
#11609 = DEFINITIONAL_REPRESENTATION('',(#11610),#11614);
#11610 = LINE('',#11611,#11612);
#11611 = CARTESIAN_POINT('',(-0.65,0.));
#11612 = VECTOR('',#11613,1.);
#11613 = DIRECTION('',(0.,-1.));
#11614 = ( GEOMETRIC_REPRESENTATION_CONTEXT(2) 
PARAMETRIC_REPRESENTATION_CONTEXT() REPRESENTATION_CONTEXT('2D SPACE',''
  ) );
#11615 = PCURVE('',#3627,#11616);
#11616 = DEFINITIONAL_REPRESENTATION('',(#11617),#11621);
#11617 = LINE('',#11618,#11619);
#11618 = CARTESIAN_POINT('',(4.712388980385,0.));
#11619 = VECTOR('',#11620,1.);
#11620 = DIRECTION('',(0.,1.));
#11621 = ( GEOMETRIC_REPRESENTATION_CONTEXT(2) 
PARAMETRIC_REPRESENTATION_CONTEXT() REPRESENTATION_CONTEXT('2D SPACE',''
  ) );
#11622 = ADVANCED_FACE('',(#11623),#3627,.F.);
#11623 = FACE_BOUND('',#11624,.F.);
#11624 = EDGE_LOOP('',(#11625,#11648,#11670,#11671));
#11625 = ORIENTED_EDGE('',*,*,#11626,.F.);
#11626 = EDGE_CURVE('',#11627,#3611,#11629,.T.);
#11627 = VERTEX_POINT('',#11628);
#11628 = CARTESIAN_POINT('',(-11.1,1.1,3.3));
#11629 = SURFACE_CURVE('',#11630,(#11634,#11641),.PCURVE_S1.);
#11630 = LINE('',#11631,#11632);
#11631 = CARTESIAN_POINT('',(-11.1,1.1,3.3));
#11632 = VECTOR('',#11633,1.);
#11633 = DIRECTION('',(-1.,0.,0.));
#11634 = PCURVE('',#3627,#11635);
#11635 = DEFINITIONAL_REPRESENTATION('',(#11636),#11640);
#11636 = LINE('',#11637,#11638);
#11637 = CARTESIAN_POINT('',(3.14159265359,0.));
#11638 = VECTOR('',#11639,1.);
#11639 = DIRECTION('',(0.,1.));
#11640 = ( GEOMETRIC_REPRESENTATION_CONTEXT(2) 
PARAMETRIC_REPRESENTATION_CONTEXT() REPRESENTATION_CONTEXT('2D SPACE',''
  ) );
#11641 = PCURVE('',#3655,#11642);
#11642 = DEFINITIONAL_REPRESENTATION('',(#11643),#11647);
#11643 = LINE('',#11644,#11645);
#11644 = CARTESIAN_POINT('',(0.,0.));
#11645 = VECTOR('',#11646,1.);
#11646 = DIRECTION('',(-1.,0.));
#11647 = ( GEOMETRIC_REPRESENTATION_CONTEXT(2) 
PARAMETRIC_REPRESENTATION_CONTEXT() REPRESENTATION_CONTEXT('2D SPACE',''
  ) );
#11648 = ORIENTED_EDGE('',*,*,#11649,.F.);
#11649 = EDGE_CURVE('',#11580,#11627,#11650,.T.);
#11650 = SURFACE_CURVE('',#11651,(#11656,#11663),.PCURVE_S1.);
#11651 = CIRCLE('',#11652,0.3);
#11652 = AXIS2_PLACEMENT_3D('',#11653,#11654,#11655);
#11653 = CARTESIAN_POINT('',(-11.1,1.1,3.6));
#11654 = DIRECTION('',(1.,0.,0.));
#11655 = DIRECTION('',(0.,0.,-1.));
#11656 = PCURVE('',#3627,#11657);
#11657 = DEFINITIONAL_REPRESENTATION('',(#11658),#11662);
#11658 = LINE('',#11659,#11660);
#11659 = CARTESIAN_POINT('',(9.424777960769,0.));
#11660 = VECTOR('',#11661,1.);
#11661 = DIRECTION('',(-1.,0.));
#11662 = ( GEOMETRIC_REPRESENTATION_CONTEXT(2) 
PARAMETRIC_REPRESENTATION_CONTEXT() REPRESENTATION_CONTEXT('2D SPACE',''
  ) );
#11663 = PCURVE('',#11492,#11664);
#11664 = DEFINITIONAL_REPRESENTATION('',(#11665),#11669);
#11665 = CIRCLE('',#11666,0.3);
#11666 = AXIS2_PLACEMENT_2D('',#11667,#11668);
#11667 = CARTESIAN_POINT('',(0.,0.));
#11668 = DIRECTION('',(1.,0.));
#11669 = ( GEOMETRIC_REPRESENTATION_CONTEXT(2) 
PARAMETRIC_REPRESENTATION_CONTEXT() REPRESENTATION_CONTEXT('2D SPACE',''
  ) );
#11670 = ORIENTED_EDGE('',*,*,#11602,.T.);
#11671 = ORIENTED_EDGE('',*,*,#3610,.T.);
#11672 = ADVANCED_FACE('',(#11673),#3655,.T.);
#11673 = FACE_BOUND('',#11674,.T.);
#11674 = EDGE_LOOP('',(#11675,#11676,#11677,#11700));
#11675 = ORIENTED_EDGE('',*,*,#3639,.F.);
#11676 = ORIENTED_EDGE('',*,*,#11626,.F.);
#11677 = ORIENTED_EDGE('',*,*,#11678,.T.);
#11678 = EDGE_CURVE('',#11627,#11679,#11681,.T.);
#11679 = VERTEX_POINT('',#11680);
#11680 = CARTESIAN_POINT('',(-11.1,3.5,3.3));
#11681 = SURFACE_CURVE('',#11682,(#11686,#11693),.PCURVE_S1.);
#11682 = LINE('',#11683,#11684);
#11683 = CARTESIAN_POINT('',(-11.1,1.1,3.3));
#11684 = VECTOR('',#11685,1.);
#11685 = DIRECTION('',(0.,1.,0.));
#11686 = PCURVE('',#3655,#11687);
#11687 = DEFINITIONAL_REPRESENTATION('',(#11688),#11692);
#11688 = LINE('',#11689,#11690);
#11689 = CARTESIAN_POINT('',(0.,0.));
#11690 = VECTOR('',#11691,1.);
#11691 = DIRECTION('',(0.,1.));
#11692 = ( GEOMETRIC_REPRESENTATION_CONTEXT(2) 
PARAMETRIC_REPRESENTATION_CONTEXT() REPRESENTATION_CONTEXT('2D SPACE',''
  ) );
#11693 = PCURVE('',#11492,#11694);
#11694 = DEFINITIONAL_REPRESENTATION('',(#11695),#11699);
#11695 = LINE('',#11696,#11697);
#11696 = CARTESIAN_POINT('',(0.3,0.));
#11697 = VECTOR('',#11698,1.);
#11698 = DIRECTION('',(0.,1.));
#11699 = ( GEOMETRIC_REPRESENTATION_CONTEXT(2) 
PARAMETRIC_REPRESENTATION_CONTEXT() REPRESENTATION_CONTEXT('2D SPACE',''
  ) );
#11700 = ORIENTED_EDGE('',*,*,#11701,.T.);
#11701 = EDGE_CURVE('',#11679,#3640,#11702,.T.);
#11702 = SURFACE_CURVE('',#11703,(#11707,#11714),.PCURVE_S1.);
#11703 = LINE('',#11704,#11705);
#11704 = CARTESIAN_POINT('',(-11.1,3.5,3.3));
#11705 = VECTOR('',#11706,1.);
#11706 = DIRECTION('',(-1.,0.,0.));
#11707 = PCURVE('',#3655,#11708);
#11708 = DEFINITIONAL_REPRESENTATION('',(#11709),#11713);
#11709 = LINE('',#11710,#11711);
#11710 = CARTESIAN_POINT('',(0.,2.4));
#11711 = VECTOR('',#11712,1.);
#11712 = DIRECTION('',(-1.,0.));
#11713 = ( GEOMETRIC_REPRESENTATION_CONTEXT(2) 
PARAMETRIC_REPRESENTATION_CONTEXT() REPRESENTATION_CONTEXT('2D SPACE',''
  ) );
#11714 = PCURVE('',#3682,#11715);
#11715 = DEFINITIONAL_REPRESENTATION('',(#11716),#11720);
#11716 = LINE('',#11717,#11718);
#11717 = CARTESIAN_POINT('',(3.14159265359,0.));
#11718 = VECTOR('',#11719,1.);
#11719 = DIRECTION('',(0.,1.));
#11720 = ( GEOMETRIC_REPRESENTATION_CONTEXT(2) 
PARAMETRIC_REPRESENTATION_CONTEXT() REPRESENTATION_CONTEXT('2D SPACE',''
  ) );
#11721 = ADVANCED_FACE('',(#11722),#3682,.F.);
#11722 = FACE_BOUND('',#11723,.F.);
#11723 = EDGE_LOOP('',(#11724,#11725,#11747,#11748));
#11724 = ORIENTED_EDGE('',*,*,#11453,.F.);
#11725 = ORIENTED_EDGE('',*,*,#11726,.F.);
#11726 = EDGE_CURVE('',#11679,#11454,#11727,.T.);
#11727 = SURFACE_CURVE('',#11728,(#11733,#11740),.PCURVE_S1.);
#11728 = CIRCLE('',#11729,0.3);
#11729 = AXIS2_PLACEMENT_3D('',#11730,#11731,#11732);
#11730 = CARTESIAN_POINT('',(-11.1,3.5,3.6));
#11731 = DIRECTION('',(1.,0.,0.));
#11732 = DIRECTION('',(0.,0.,-1.));
#11733 = PCURVE('',#3682,#11734);
#11734 = DEFINITIONAL_REPRESENTATION('',(#11735),#11739);
#11735 = LINE('',#11736,#11737);
#11736 = CARTESIAN_POINT('',(3.14159265359,0.));
#11737 = VECTOR('',#11738,1.);
#11738 = DIRECTION('',(-1.,0.));
#11739 = ( GEOMETRIC_REPRESENTATION_CONTEXT(2) 
PARAMETRIC_REPRESENTATION_CONTEXT() REPRESENTATION_CONTEXT('2D SPACE',''
  ) );
#11740 = PCURVE('',#11492,#11741);
#11741 = DEFINITIONAL_REPRESENTATION('',(#11742),#11746);
#11742 = CIRCLE('',#11743,0.3);
#11743 = AXIS2_PLACEMENT_2D('',#11744,#11745);
#11744 = CARTESIAN_POINT('',(0.,2.4));
#11745 = DIRECTION('',(1.,0.));
#11746 = ( GEOMETRIC_REPRESENTATION_CONTEXT(2) 
PARAMETRIC_REPRESENTATION_CONTEXT() REPRESENTATION_CONTEXT('2D SPACE',''
  ) );
#11747 = ORIENTED_EDGE('',*,*,#11701,.T.);
#11748 = ORIENTED_EDGE('',*,*,#3667,.T.);
#11749 = ADVANCED_FACE('',(#11750),#11492,.F.);
#11750 = FACE_BOUND('',#11751,.T.);
#11751 = EDGE_LOOP('',(#11752,#11753,#11754,#11755,#11756,#11757));
#11752 = ORIENTED_EDGE('',*,*,#11476,.F.);
#11753 = ORIENTED_EDGE('',*,*,#11726,.F.);
#11754 = ORIENTED_EDGE('',*,*,#11678,.F.);
#11755 = ORIENTED_EDGE('',*,*,#11649,.F.);
#11756 = ORIENTED_EDGE('',*,*,#11579,.F.);
#11757 = ORIENTED_EDGE('',*,*,#11530,.F.);
#11758 = ADVANCED_FACE('',(#11759),#3370,.T.);
#11759 = FACE_BOUND('',#11760,.T.);
#11760 = EDGE_LOOP('',(#11761,#11762,#11785,#11813));
#11761 = ORIENTED_EDGE('',*,*,#3352,.F.);
#11762 = ORIENTED_EDGE('',*,*,#11763,.F.);
#11763 = EDGE_CURVE('',#11764,#3353,#11766,.T.);
#11764 = VERTEX_POINT('',#11765);
#11765 = CARTESIAN_POINT('',(-11.1,3.8,8.6));
#11766 = SURFACE_CURVE('',#11767,(#11771,#11778),.PCURVE_S1.);
#11767 = LINE('',#11768,#11769);
#11768 = CARTESIAN_POINT('',(-11.1,3.8,8.6));
#11769 = VECTOR('',#11770,1.);
#11770 = DIRECTION('',(-1.,0.,0.));
#11771 = PCURVE('',#3370,#11772);
#11772 = DEFINITIONAL_REPRESENTATION('',(#11773),#11777);
#11773 = LINE('',#11774,#11775);
#11774 = CARTESIAN_POINT('',(0.,0.));
#11775 = VECTOR('',#11776,1.);
#11776 = DIRECTION('',(0.,-1.));
#11777 = ( GEOMETRIC_REPRESENTATION_CONTEXT(2) 
PARAMETRIC_REPRESENTATION_CONTEXT() REPRESENTATION_CONTEXT('2D SPACE',''
  ) );
#11778 = PCURVE('',#3510,#11779);
#11779 = DEFINITIONAL_REPRESENTATION('',(#11780),#11784);
#11780 = LINE('',#11781,#11782);
#11781 = CARTESIAN_POINT('',(1.570796326795,0.));
#11782 = VECTOR('',#11783,1.);
#11783 = DIRECTION('',(0.,1.));
#11784 = ( GEOMETRIC_REPRESENTATION_CONTEXT(2) 
PARAMETRIC_REPRESENTATION_CONTEXT() REPRESENTATION_CONTEXT('2D SPACE',''
  ) );
#11785 = ORIENTED_EDGE('',*,*,#11786,.T.);
#11786 = EDGE_CURVE('',#11764,#11787,#11789,.T.);
#11787 = VERTEX_POINT('',#11788);
#11788 = CARTESIAN_POINT('',(-11.1,3.8,9.25));
#11789 = SURFACE_CURVE('',#11790,(#11794,#11801),.PCURVE_S1.);
#11790 = LINE('',#11791,#11792);
#11791 = CARTESIAN_POINT('',(-11.1,3.8,8.6));
#11792 = VECTOR('',#11793,1.);
#11793 = DIRECTION('',(0.,0.,1.));
#11794 = PCURVE('',#3370,#11795);
#11795 = DEFINITIONAL_REPRESENTATION('',(#11796),#11800);
#11796 = LINE('',#11797,#11798);
#11797 = CARTESIAN_POINT('',(0.,0.));
#11798 = VECTOR('',#11799,1.);
#11799 = DIRECTION('',(-1.,0.));
#11800 = ( GEOMETRIC_REPRESENTATION_CONTEXT(2) 
PARAMETRIC_REPRESENTATION_CONTEXT() REPRESENTATION_CONTEXT('2D SPACE',''
  ) );
#11801 = PCURVE('',#11802,#11807);
#11802 = PLANE('',#11803);
#11803 = AXIS2_PLACEMENT_3D('',#11804,#11805,#11806);
#11804 = CARTESIAN_POINT('',(-11.1,1.1,8.6));
#11805 = DIRECTION('',(1.,0.,0.));
#11806 = DIRECTION('',(0.,0.,-1.));
#11807 = DEFINITIONAL_REPRESENTATION('',(#11808),#11812);
#11808 = LINE('',#11809,#11810);
#11809 = CARTESIAN_POINT('',(0.,2.7));
#11810 = VECTOR('',#11811,1.);
#11811 = DIRECTION('',(-1.,0.));
#11812 = ( GEOMETRIC_REPRESENTATION_CONTEXT(2) 
PARAMETRIC_REPRESENTATION_CONTEXT() REPRESENTATION_CONTEXT('2D SPACE',''
  ) );
#11813 = ORIENTED_EDGE('',*,*,#11814,.T.);
#11814 = EDGE_CURVE('',#11787,#3355,#11815,.T.);
#11815 = SURFACE_CURVE('',#11816,(#11820,#11827),.PCURVE_S1.);
#11816 = LINE('',#11817,#11818);
#11817 = CARTESIAN_POINT('',(-11.1,3.8,9.25));
#11818 = VECTOR('',#11819,1.);
#11819 = DIRECTION('',(-1.,0.,0.));
#11820 = PCURVE('',#3370,#11821);
#11821 = DEFINITIONAL_REPRESENTATION('',(#11822),#11826);
#11822 = LINE('',#11823,#11824);
#11823 = CARTESIAN_POINT('',(-0.65,0.));
#11824 = VECTOR('',#11825,1.);
#11825 = DIRECTION('',(0.,-1.));
#11826 = ( GEOMETRIC_REPRESENTATION_CONTEXT(2) 
PARAMETRIC_REPRESENTATION_CONTEXT() REPRESENTATION_CONTEXT('2D SPACE',''
  ) );
#11827 = PCURVE('',#3398,#11828);
#11828 = DEFINITIONAL_REPRESENTATION('',(#11829),#11833);
#11829 = LINE('',#11830,#11831);
#11830 = CARTESIAN_POINT('',(0.,0.));
#11831 = VECTOR('',#11832,1.);
#11832 = DIRECTION('',(1.,0.));
#11833 = ( GEOMETRIC_REPRESENTATION_CONTEXT(2) 
PARAMETRIC_REPRESENTATION_CONTEXT() REPRESENTATION_CONTEXT('2D SPACE',''
  ) );
#11834 = ADVANCED_FACE('',(#11835),#3398,.T.);
#11835 = FACE_BOUND('',#11836,.T.);
#11836 = EDGE_LOOP('',(#11837,#11838,#11839,#11862));
#11837 = ORIENTED_EDGE('',*,*,#3382,.F.);
#11838 = ORIENTED_EDGE('',*,*,#11814,.F.);
#11839 = ORIENTED_EDGE('',*,*,#11840,.T.);
#11840 = EDGE_CURVE('',#11787,#11841,#11843,.T.);
#11841 = VERTEX_POINT('',#11842);
#11842 = CARTESIAN_POINT('',(-11.1,0.8,9.25));
#11843 = SURFACE_CURVE('',#11844,(#11848,#11855),.PCURVE_S1.);
#11844 = LINE('',#11845,#11846);
#11845 = CARTESIAN_POINT('',(-11.1,3.8,9.25));
#11846 = VECTOR('',#11847,1.);
#11847 = DIRECTION('',(0.,-1.,0.));
#11848 = PCURVE('',#3398,#11849);
#11849 = DEFINITIONAL_REPRESENTATION('',(#11850),#11854);
#11850 = LINE('',#11851,#11852);
#11851 = CARTESIAN_POINT('',(0.,0.));
#11852 = VECTOR('',#11853,1.);
#11853 = DIRECTION('',(0.,-1.));
#11854 = ( GEOMETRIC_REPRESENTATION_CONTEXT(2) 
PARAMETRIC_REPRESENTATION_CONTEXT() REPRESENTATION_CONTEXT('2D SPACE',''
  ) );
#11855 = PCURVE('',#11802,#11856);
#11856 = DEFINITIONAL_REPRESENTATION('',(#11857),#11861);
#11857 = LINE('',#11858,#11859);
#11858 = CARTESIAN_POINT('',(-0.65,2.7));
#11859 = VECTOR('',#11860,1.);
#11860 = DIRECTION('',(0.,-1.));
#11861 = ( GEOMETRIC_REPRESENTATION_CONTEXT(2) 
PARAMETRIC_REPRESENTATION_CONTEXT() REPRESENTATION_CONTEXT('2D SPACE',''
  ) );
#11862 = ORIENTED_EDGE('',*,*,#11863,.T.);
#11863 = EDGE_CURVE('',#11841,#3383,#11864,.T.);
#11864 = SURFACE_CURVE('',#11865,(#11869,#11876),.PCURVE_S1.);
#11865 = LINE('',#11866,#11867);
#11866 = CARTESIAN_POINT('',(-11.1,0.8,9.25));
#11867 = VECTOR('',#11868,1.);
#11868 = DIRECTION('',(-1.,0.,0.));
#11869 = PCURVE('',#3398,#11870);
#11870 = DEFINITIONAL_REPRESENTATION('',(#11871),#11875);
#11871 = LINE('',#11872,#11873);
#11872 = CARTESIAN_POINT('',(0.,-3.));
#11873 = VECTOR('',#11874,1.);
#11874 = DIRECTION('',(1.,0.));
#11875 = ( GEOMETRIC_REPRESENTATION_CONTEXT(2) 
PARAMETRIC_REPRESENTATION_CONTEXT() REPRESENTATION_CONTEXT('2D SPACE',''
  ) );
#11876 = PCURVE('',#3426,#11877);
#11877 = DEFINITIONAL_REPRESENTATION('',(#11878),#11882);
#11878 = LINE('',#11879,#11880);
#11879 = CARTESIAN_POINT('',(0.,0.));
#11880 = VECTOR('',#11881,1.);
#11881 = DIRECTION('',(0.,-1.));
#11882 = ( GEOMETRIC_REPRESENTATION_CONTEXT(2) 
PARAMETRIC_REPRESENTATION_CONTEXT() REPRESENTATION_CONTEXT('2D SPACE',''
  ) );
#11883 = ADVANCED_FACE('',(#11884),#3426,.T.);
#11884 = FACE_BOUND('',#11885,.T.);
#11885 = EDGE_LOOP('',(#11886,#11887,#11888,#11911));
#11886 = ORIENTED_EDGE('',*,*,#3410,.F.);
#11887 = ORIENTED_EDGE('',*,*,#11863,.F.);
#11888 = ORIENTED_EDGE('',*,*,#11889,.T.);
#11889 = EDGE_CURVE('',#11841,#11890,#11892,.T.);
#11890 = VERTEX_POINT('',#11891);
#11891 = CARTESIAN_POINT('',(-11.1,0.8,8.6));
#11892 = SURFACE_CURVE('',#11893,(#11897,#11904),.PCURVE_S1.);
#11893 = LINE('',#11894,#11895);
#11894 = CARTESIAN_POINT('',(-11.1,0.8,9.25));
#11895 = VECTOR('',#11896,1.);
#11896 = DIRECTION('',(0.,3.336006684571E-16,-1.));
#11897 = PCURVE('',#3426,#11898);
#11898 = DEFINITIONAL_REPRESENTATION('',(#11899),#11903);
#11899 = LINE('',#11900,#11901);
#11900 = CARTESIAN_POINT('',(0.,0.));
#11901 = VECTOR('',#11902,1.);
#11902 = DIRECTION('',(-1.,0.));
#11903 = ( GEOMETRIC_REPRESENTATION_CONTEXT(2) 
PARAMETRIC_REPRESENTATION_CONTEXT() REPRESENTATION_CONTEXT('2D SPACE',''
  ) );
#11904 = PCURVE('',#11802,#11905);
#11905 = DEFINITIONAL_REPRESENTATION('',(#11906),#11910);
#11906 = LINE('',#11907,#11908);
#11907 = CARTESIAN_POINT('',(-0.65,-0.3));
#11908 = VECTOR('',#11909,1.);
#11909 = DIRECTION('',(1.,3.336006684571E-16));
#11910 = ( GEOMETRIC_REPRESENTATION_CONTEXT(2) 
PARAMETRIC_REPRESENTATION_CONTEXT() REPRESENTATION_CONTEXT('2D SPACE',''
  ) );
#11911 = ORIENTED_EDGE('',*,*,#11912,.T.);
#11912 = EDGE_CURVE('',#11890,#3411,#11913,.T.);
#11913 = SURFACE_CURVE('',#11914,(#11918,#11925),.PCURVE_S1.);
#11914 = LINE('',#11915,#11916);
#11915 = CARTESIAN_POINT('',(-11.1,0.8,8.6));
#11916 = VECTOR('',#11917,1.);
#11917 = DIRECTION('',(-1.,0.,0.));
#11918 = PCURVE('',#3426,#11919);
#11919 = DEFINITIONAL_REPRESENTATION('',(#11920),#11924);
#11920 = LINE('',#11921,#11922);
#11921 = CARTESIAN_POINT('',(-0.65,0.));
#11922 = VECTOR('',#11923,1.);
#11923 = DIRECTION('',(0.,-1.));
#11924 = ( GEOMETRIC_REPRESENTATION_CONTEXT(2) 
PARAMETRIC_REPRESENTATION_CONTEXT() REPRESENTATION_CONTEXT('2D SPACE',''
  ) );
#11925 = PCURVE('',#3455,#11926);
#11926 = DEFINITIONAL_REPRESENTATION('',(#11927),#11931);
#11927 = LINE('',#11928,#11929);
#11928 = CARTESIAN_POINT('',(4.712388980385,0.));
#11929 = VECTOR('',#11930,1.);
#11930 = DIRECTION('',(0.,1.));
#11931 = ( GEOMETRIC_REPRESENTATION_CONTEXT(2) 
PARAMETRIC_REPRESENTATION_CONTEXT() REPRESENTATION_CONTEXT('2D SPACE',''
  ) );
#11932 = ADVANCED_FACE('',(#11933),#3455,.F.);
#11933 = FACE_BOUND('',#11934,.F.);
#11934 = EDGE_LOOP('',(#11935,#11958,#11980,#11981));
#11935 = ORIENTED_EDGE('',*,*,#11936,.F.);
#11936 = EDGE_CURVE('',#11937,#3439,#11939,.T.);
#11937 = VERTEX_POINT('',#11938);
#11938 = CARTESIAN_POINT('',(-11.1,1.1,8.3));
#11939 = SURFACE_CURVE('',#11940,(#11944,#11951),.PCURVE_S1.);
#11940 = LINE('',#11941,#11942);
#11941 = CARTESIAN_POINT('',(-11.1,1.1,8.3));
#11942 = VECTOR('',#11943,1.);
#11943 = DIRECTION('',(-1.,0.,0.));
#11944 = PCURVE('',#3455,#11945);
#11945 = DEFINITIONAL_REPRESENTATION('',(#11946),#11950);
#11946 = LINE('',#11947,#11948);
#11947 = CARTESIAN_POINT('',(3.14159265359,0.));
#11948 = VECTOR('',#11949,1.);
#11949 = DIRECTION('',(0.,1.));
#11950 = ( GEOMETRIC_REPRESENTATION_CONTEXT(2) 
PARAMETRIC_REPRESENTATION_CONTEXT() REPRESENTATION_CONTEXT('2D SPACE',''
  ) );
#11951 = PCURVE('',#3483,#11952);
#11952 = DEFINITIONAL_REPRESENTATION('',(#11953),#11957);
#11953 = LINE('',#11954,#11955);
#11954 = CARTESIAN_POINT('',(0.,0.));
#11955 = VECTOR('',#11956,1.);
#11956 = DIRECTION('',(-1.,0.));
#11957 = ( GEOMETRIC_REPRESENTATION_CONTEXT(2) 
PARAMETRIC_REPRESENTATION_CONTEXT() REPRESENTATION_CONTEXT('2D SPACE',''
  ) );
#11958 = ORIENTED_EDGE('',*,*,#11959,.F.);
#11959 = EDGE_CURVE('',#11890,#11937,#11960,.T.);
#11960 = SURFACE_CURVE('',#11961,(#11966,#11973),.PCURVE_S1.);
#11961 = CIRCLE('',#11962,0.3);
#11962 = AXIS2_PLACEMENT_3D('',#11963,#11964,#11965);
#11963 = CARTESIAN_POINT('',(-11.1,1.1,8.6));
#11964 = DIRECTION('',(1.,0.,0.));
#11965 = DIRECTION('',(0.,0.,-1.));
#11966 = PCURVE('',#3455,#11967);
#11967 = DEFINITIONAL_REPRESENTATION('',(#11968),#11972);
#11968 = LINE('',#11969,#11970);
#11969 = CARTESIAN_POINT('',(9.424777960769,0.));
#11970 = VECTOR('',#11971,1.);
#11971 = DIRECTION('',(-1.,0.));
#11972 = ( GEOMETRIC_REPRESENTATION_CONTEXT(2) 
PARAMETRIC_REPRESENTATION_CONTEXT() REPRESENTATION_CONTEXT('2D SPACE',''
  ) );
#11973 = PCURVE('',#11802,#11974);
#11974 = DEFINITIONAL_REPRESENTATION('',(#11975),#11979);
#11975 = CIRCLE('',#11976,0.3);
#11976 = AXIS2_PLACEMENT_2D('',#11977,#11978);
#11977 = CARTESIAN_POINT('',(0.,0.));
#11978 = DIRECTION('',(1.,0.));
#11979 = ( GEOMETRIC_REPRESENTATION_CONTEXT(2) 
PARAMETRIC_REPRESENTATION_CONTEXT() REPRESENTATION_CONTEXT('2D SPACE',''
  ) );
#11980 = ORIENTED_EDGE('',*,*,#11912,.T.);
#11981 = ORIENTED_EDGE('',*,*,#3438,.T.);
#11982 = ADVANCED_FACE('',(#11983),#3483,.T.);
#11983 = FACE_BOUND('',#11984,.T.);
#11984 = EDGE_LOOP('',(#11985,#11986,#11987,#12010));
#11985 = ORIENTED_EDGE('',*,*,#3467,.F.);
#11986 = ORIENTED_EDGE('',*,*,#11936,.F.);
#11987 = ORIENTED_EDGE('',*,*,#11988,.T.);
#11988 = EDGE_CURVE('',#11937,#11989,#11991,.T.);
#11989 = VERTEX_POINT('',#11990);
#11990 = CARTESIAN_POINT('',(-11.1,3.5,8.3));
#11991 = SURFACE_CURVE('',#11992,(#11996,#12003),.PCURVE_S1.);
#11992 = LINE('',#11993,#11994);
#11993 = CARTESIAN_POINT('',(-11.1,1.1,8.3));
#11994 = VECTOR('',#11995,1.);
#11995 = DIRECTION('',(0.,1.,0.));
#11996 = PCURVE('',#3483,#11997);
#11997 = DEFINITIONAL_REPRESENTATION('',(#11998),#12002);
#11998 = LINE('',#11999,#12000);
#11999 = CARTESIAN_POINT('',(0.,0.));
#12000 = VECTOR('',#12001,1.);
#12001 = DIRECTION('',(0.,1.));
#12002 = ( GEOMETRIC_REPRESENTATION_CONTEXT(2) 
PARAMETRIC_REPRESENTATION_CONTEXT() REPRESENTATION_CONTEXT('2D SPACE',''
  ) );
#12003 = PCURVE('',#11802,#12004);
#12004 = DEFINITIONAL_REPRESENTATION('',(#12005),#12009);
#12005 = LINE('',#12006,#12007);
#12006 = CARTESIAN_POINT('',(0.3,0.));
#12007 = VECTOR('',#12008,1.);
#12008 = DIRECTION('',(0.,1.));
#12009 = ( GEOMETRIC_REPRESENTATION_CONTEXT(2) 
PARAMETRIC_REPRESENTATION_CONTEXT() REPRESENTATION_CONTEXT('2D SPACE',''
  ) );
#12010 = ORIENTED_EDGE('',*,*,#12011,.T.);
#12011 = EDGE_CURVE('',#11989,#3468,#12012,.T.);
#12012 = SURFACE_CURVE('',#12013,(#12017,#12024),.PCURVE_S1.);
#12013 = LINE('',#12014,#12015);
#12014 = CARTESIAN_POINT('',(-11.1,3.5,8.3));
#12015 = VECTOR('',#12016,1.);
#12016 = DIRECTION('',(-1.,0.,0.));
#12017 = PCURVE('',#3483,#12018);
#12018 = DEFINITIONAL_REPRESENTATION('',(#12019),#12023);
#12019 = LINE('',#12020,#12021);
#12020 = CARTESIAN_POINT('',(0.,2.4));
#12021 = VECTOR('',#12022,1.);
#12022 = DIRECTION('',(-1.,0.));
#12023 = ( GEOMETRIC_REPRESENTATION_CONTEXT(2) 
PARAMETRIC_REPRESENTATION_CONTEXT() REPRESENTATION_CONTEXT('2D SPACE',''
  ) );
#12024 = PCURVE('',#3510,#12025);
#12025 = DEFINITIONAL_REPRESENTATION('',(#12026),#12030);
#12026 = LINE('',#12027,#12028);
#12027 = CARTESIAN_POINT('',(3.14159265359,0.));
#12028 = VECTOR('',#12029,1.);
#12029 = DIRECTION('',(0.,1.));
#12030 = ( GEOMETRIC_REPRESENTATION_CONTEXT(2) 
PARAMETRIC_REPRESENTATION_CONTEXT() REPRESENTATION_CONTEXT('2D SPACE',''
  ) );
#12031 = ADVANCED_FACE('',(#12032),#3510,.F.);
#12032 = FACE_BOUND('',#12033,.F.);
#12033 = EDGE_LOOP('',(#12034,#12035,#12057,#12058));
#12034 = ORIENTED_EDGE('',*,*,#11763,.F.);
#12035 = ORIENTED_EDGE('',*,*,#12036,.F.);
#12036 = EDGE_CURVE('',#11989,#11764,#12037,.T.);
#12037 = SURFACE_CURVE('',#12038,(#12043,#12050),.PCURVE_S1.);
#12038 = CIRCLE('',#12039,0.3);
#12039 = AXIS2_PLACEMENT_3D('',#12040,#12041,#12042);
#12040 = CARTESIAN_POINT('',(-11.1,3.5,8.6));
#12041 = DIRECTION('',(1.,0.,0.));
#12042 = DIRECTION('',(0.,0.,-1.));
#12043 = PCURVE('',#3510,#12044);
#12044 = DEFINITIONAL_REPRESENTATION('',(#12045),#12049);
#12045 = LINE('',#12046,#12047);
#12046 = CARTESIAN_POINT('',(3.14159265359,0.));
#12047 = VECTOR('',#12048,1.);
#12048 = DIRECTION('',(-1.,0.));
#12049 = ( GEOMETRIC_REPRESENTATION_CONTEXT(2) 
PARAMETRIC_REPRESENTATION_CONTEXT() REPRESENTATION_CONTEXT('2D SPACE',''
  ) );
#12050 = PCURVE('',#11802,#12051);
#12051 = DEFINITIONAL_REPRESENTATION('',(#12052),#12056);
#12052 = CIRCLE('',#12053,0.3);
#12053 = AXIS2_PLACEMENT_2D('',#12054,#12055);
#12054 = CARTESIAN_POINT('',(0.,2.4));
#12055 = DIRECTION('',(1.,0.));
#12056 = ( GEOMETRIC_REPRESENTATION_CONTEXT(2) 
PARAMETRIC_REPRESENTATION_CONTEXT() REPRESENTATION_CONTEXT('2D SPACE',''
  ) );
#12057 = ORIENTED_EDGE('',*,*,#12011,.T.);
#12058 = ORIENTED_EDGE('',*,*,#3495,.T.);
#12059 = ADVANCED_FACE('',(#12060),#11802,.F.);
#12060 = FACE_BOUND('',#12061,.T.);
#12061 = EDGE_LOOP('',(#12062,#12063,#12064,#12065,#12066,#12067));
#12062 = ORIENTED_EDGE('',*,*,#11786,.F.);
#12063 = ORIENTED_EDGE('',*,*,#12036,.F.);
#12064 = ORIENTED_EDGE('',*,*,#11988,.F.);
#12065 = ORIENTED_EDGE('',*,*,#11959,.F.);
#12066 = ORIENTED_EDGE('',*,*,#11889,.F.);
#12067 = ORIENTED_EDGE('',*,*,#11840,.F.);
#12068 = ADVANCED_FACE('',(#12069),#8381,.T.);
#12069 = FACE_BOUND('',#12070,.T.);
#12070 = EDGE_LOOP('',(#12071,#12101,#12122,#12123));
#12071 = ORIENTED_EDGE('',*,*,#12072,.F.);
#12072 = EDGE_CURVE('',#12073,#12075,#12077,.T.);
#12073 = VERTEX_POINT('',#12074);
#12074 = CARTESIAN_POINT('',(-7.1,18.1,1.55));
#12075 = VERTEX_POINT('',#12076);
#12076 = CARTESIAN_POINT('',(-7.1,18.1,3.05));
#12077 = SURFACE_CURVE('',#12078,(#12082,#12089),.PCURVE_S1.);
#12078 = LINE('',#12079,#12080);
#12079 = CARTESIAN_POINT('',(-7.1,18.1,1.55));
#12080 = VECTOR('',#12081,1.);
#12081 = DIRECTION('',(0.,0.,1.));
#12082 = PCURVE('',#8381,#12083);
#12083 = DEFINITIONAL_REPRESENTATION('',(#12084),#12088);
#12084 = LINE('',#12085,#12086);
#12085 = CARTESIAN_POINT('',(0.,0.));
#12086 = VECTOR('',#12087,1.);
#12087 = DIRECTION('',(0.,1.));
#12088 = ( GEOMETRIC_REPRESENTATION_CONTEXT(2) 
PARAMETRIC_REPRESENTATION_CONTEXT() REPRESENTATION_CONTEXT('2D SPACE',''
  ) );
#12089 = PCURVE('',#12090,#12095);
#12090 = PLANE('',#12091);
#12091 = AXIS2_PLACEMENT_3D('',#12092,#12093,#12094);
#12092 = CARTESIAN_POINT('',(-7.1,19.8,1.55));
#12093 = DIRECTION('',(1.,0.,0.));
#12094 = DIRECTION('',(0.,0.,-1.));
#12095 = DEFINITIONAL_REPRESENTATION('',(#12096),#12100);
#12096 = LINE('',#12097,#12098);
#12097 = CARTESIAN_POINT('',(0.,-1.7));
#12098 = VECTOR('',#12099,1.);
#12099 = DIRECTION('',(-1.,0.));
#12100 = ( GEOMETRIC_REPRESENTATION_CONTEXT(2) 
PARAMETRIC_REPRESENTATION_CONTEXT() REPRESENTATION_CONTEXT('2D SPACE',''
  ) );
#12101 = ORIENTED_EDGE('',*,*,#12102,.F.);
#12102 = EDGE_CURVE('',#8364,#12073,#12103,.T.);
#12103 = SURFACE_CURVE('',#12104,(#12108,#12115),.PCURVE_S1.);
#12104 = LINE('',#12105,#12106);
#12105 = CARTESIAN_POINT('',(-7.1,18.1,1.55));
#12106 = VECTOR('',#12107,1.);
#12107 = DIRECTION('',(0.5,-0.866025403784,0.));
#12108 = PCURVE('',#8381,#12109);
#12109 = DEFINITIONAL_REPRESENTATION('',(#12110),#12114);
#12110 = LINE('',#12111,#12112);
#12111 = CARTESIAN_POINT('',(0.,0.));
#12112 = VECTOR('',#12113,1.);
#12113 = DIRECTION('',(-1.,0.));
#12114 = ( GEOMETRIC_REPRESENTATION_CONTEXT(2) 
PARAMETRIC_REPRESENTATION_CONTEXT() REPRESENTATION_CONTEXT('2D SPACE',''
  ) );
#12115 = PCURVE('',#8414,#12116);
#12116 = DEFINITIONAL_REPRESENTATION('',(#12117),#12121);
#12117 = LINE('',#12118,#12119);
#12118 = CARTESIAN_POINT('',(3.14159265359,1.105703544671E-15));
#12119 = VECTOR('',#12120,1.);
#12120 = DIRECTION('',(0.,-1.));
#12121 = ( GEOMETRIC_REPRESENTATION_CONTEXT(2) 
PARAMETRIC_REPRESENTATION_CONTEXT() REPRESENTATION_CONTEXT('2D SPACE',''
  ) );
#12122 = ORIENTED_EDGE('',*,*,#8363,.T.);
#12123 = ORIENTED_EDGE('',*,*,#12124,.T.);
#12124 = EDGE_CURVE('',#8366,#12075,#12125,.T.);
#12125 = SURFACE_CURVE('',#12126,(#12130,#12137),.PCURVE_S1.);
#12126 = LINE('',#12127,#12128);
#12127 = CARTESIAN_POINT('',(-7.1,18.1,3.05));
#12128 = VECTOR('',#12129,1.);
#12129 = DIRECTION('',(0.5,-0.866025403784,7.228014483237E-16));
#12130 = PCURVE('',#8381,#12131);
#12131 = DEFINITIONAL_REPRESENTATION('',(#12132),#12136);
#12132 = LINE('',#12133,#12134);
#12133 = CARTESIAN_POINT('',(0.,1.5));
#12134 = VECTOR('',#12135,1.);
#12135 = DIRECTION('',(-1.,7.228014483237E-16));
#12136 = ( GEOMETRIC_REPRESENTATION_CONTEXT(2) 
PARAMETRIC_REPRESENTATION_CONTEXT() REPRESENTATION_CONTEXT('2D SPACE',''
  ) );
#12137 = PCURVE('',#8928,#12138);
#12138 = DEFINITIONAL_REPRESENTATION('',(#12139),#12143);
#12139 = LINE('',#12140,#12141);
#12140 = CARTESIAN_POINT('',(3.14159265359,1.538370149107E-15));
#12141 = VECTOR('',#12142,1.);
#12142 = DIRECTION('',(2.960594732334E-15,-1.));
#12143 = ( GEOMETRIC_REPRESENTATION_CONTEXT(2) 
PARAMETRIC_REPRESENTATION_CONTEXT() REPRESENTATION_CONTEXT('2D SPACE',''
  ) );
#12144 = ADVANCED_FACE('',(#12145),#8928,.F.);
#12145 = FACE_BOUND('',#12146,.F.);
#12146 = EDGE_LOOP('',(#12147,#12170,#12171,#12172));
#12147 = ORIENTED_EDGE('',*,*,#12148,.F.);
#12148 = EDGE_CURVE('',#8882,#12149,#12151,.T.);
#12149 = VERTEX_POINT('',#12150);
#12150 = CARTESIAN_POINT('',(-6.8,18.1,3.35));
#12151 = SURFACE_CURVE('',#12152,(#12156,#12163),.PCURVE_S1.);
#12152 = LINE('',#12153,#12154);
#12153 = CARTESIAN_POINT('',(-6.8,18.1,3.35));
#12154 = VECTOR('',#12155,1.);
#12155 = DIRECTION('',(0.,-0.866025403784,-0.5));
#12156 = PCURVE('',#8928,#12157);
#12157 = DEFINITIONAL_REPRESENTATION('',(#12158),#12162);
#12158 = LINE('',#12159,#12160);
#12159 = CARTESIAN_POINT('',(4.712388980385,-7.211110073938E-16));
#12160 = VECTOR('',#12161,1.);
#12161 = DIRECTION('',(0.,-1.));
#12162 = ( GEOMETRIC_REPRESENTATION_CONTEXT(2) 
PARAMETRIC_REPRESENTATION_CONTEXT() REPRESENTATION_CONTEXT('2D SPACE',''
  ) );
#12163 = PCURVE('',#8897,#12164);
#12164 = DEFINITIONAL_REPRESENTATION('',(#12165),#12169);
#12165 = LINE('',#12166,#12167);
#12166 = CARTESIAN_POINT('',(0.,0.));
#12167 = VECTOR('',#12168,1.);
#12168 = DIRECTION('',(-1.,0.));
#12169 = ( GEOMETRIC_REPRESENTATION_CONTEXT(2) 
PARAMETRIC_REPRESENTATION_CONTEXT() REPRESENTATION_CONTEXT('2D SPACE',''
  ) );
#12170 = ORIENTED_EDGE('',*,*,#8909,.F.);
#12171 = ORIENTED_EDGE('',*,*,#12124,.T.);
#12172 = ORIENTED_EDGE('',*,*,#12173,.T.);
#12173 = EDGE_CURVE('',#12075,#12149,#12174,.T.);
#12174 = SURFACE_CURVE('',#12175,(#12180,#12187),.PCURVE_S1.);
#12175 = CIRCLE('',#12176,0.3);
#12176 = AXIS2_PLACEMENT_3D('',#12177,#12178,#12179);
#12177 = CARTESIAN_POINT('',(-6.8,18.1,3.05));
#12178 = DIRECTION('',(-0.,1.,0.));
#12179 = DIRECTION('',(1.,0.,0.));
#12180 = PCURVE('',#8928,#12181);
#12181 = DEFINITIONAL_REPRESENTATION('',(#12182),#12186);
#12182 = LINE('',#12183,#12184);
#12183 = CARTESIAN_POINT('',(0.,-2.403703357979E-17));
#12184 = VECTOR('',#12185,1.);
#12185 = DIRECTION('',(1.,0.));
#12186 = ( GEOMETRIC_REPRESENTATION_CONTEXT(2) 
PARAMETRIC_REPRESENTATION_CONTEXT() REPRESENTATION_CONTEXT('2D SPACE',''
  ) );
#12187 = PCURVE('',#12188,#12193);
#12188 = CYLINDRICAL_SURFACE('',#12189,0.3);
#12189 = AXIS2_PLACEMENT_3D('',#12190,#12191,#12192);
#12190 = CARTESIAN_POINT('',(-6.8,19.8,3.05));
#12191 = DIRECTION('',(0.,-1.,0.));
#12192 = DIRECTION('',(0.,0.,-1.));
#12193 = DEFINITIONAL_REPRESENTATION('',(#12194),#12198);
#12194 = LINE('',#12195,#12196);
#12195 = CARTESIAN_POINT('',(7.853981633974,1.7));
#12196 = VECTOR('',#12197,1.);
#12197 = DIRECTION('',(-1.,0.));
#12198 = ( GEOMETRIC_REPRESENTATION_CONTEXT(2) 
PARAMETRIC_REPRESENTATION_CONTEXT() REPRESENTATION_CONTEXT('2D SPACE',''
  ) );
#12199 = ADVANCED_FACE('',(#12200),#8897,.T.);
#12200 = FACE_BOUND('',#12201,.T.);
#12201 = EDGE_LOOP('',(#12202,#12230,#12231,#12232));
#12202 = ORIENTED_EDGE('',*,*,#12203,.F.);
#12203 = EDGE_CURVE('',#12149,#12204,#12206,.T.);
#12204 = VERTEX_POINT('',#12205);
#12205 = CARTESIAN_POINT('',(-5.295060350851,18.1,3.35));
#12206 = SURFACE_CURVE('',#12207,(#12211,#12218),.PCURVE_S1.);
#12207 = LINE('',#12208,#12209);
#12208 = CARTESIAN_POINT('',(-6.8,18.1,3.35));
#12209 = VECTOR('',#12210,1.);
#12210 = DIRECTION('',(1.,0.,0.));
#12211 = PCURVE('',#8897,#12212);
#12212 = DEFINITIONAL_REPRESENTATION('',(#12213),#12217);
#12213 = LINE('',#12214,#12215);
#12214 = CARTESIAN_POINT('',(0.,0.));
#12215 = VECTOR('',#12216,1.);
#12216 = DIRECTION('',(0.,1.));
#12217 = ( GEOMETRIC_REPRESENTATION_CONTEXT(2) 
PARAMETRIC_REPRESENTATION_CONTEXT() REPRESENTATION_CONTEXT('2D SPACE',''
  ) );
#12218 = PCURVE('',#12219,#12224);
#12219 = PLANE('',#12220);
#12220 = AXIS2_PLACEMENT_3D('',#12221,#12222,#12223);
#12221 = CARTESIAN_POINT('',(-6.8,19.8,3.35));
#12222 = DIRECTION('',(0.,0.,-1.));
#12223 = DIRECTION('',(-1.,0.,0.));
#12224 = DEFINITIONAL_REPRESENTATION('',(#12225),#12229);
#12225 = LINE('',#12226,#12227);
#12226 = CARTESIAN_POINT('',(0.,-1.7));
#12227 = VECTOR('',#12228,1.);
#12228 = DIRECTION('',(-1.,0.));
#12229 = ( GEOMETRIC_REPRESENTATION_CONTEXT(2) 
PARAMETRIC_REPRESENTATION_CONTEXT() REPRESENTATION_CONTEXT('2D SPACE',''
  ) );
#12230 = ORIENTED_EDGE('',*,*,#12148,.F.);
#12231 = ORIENTED_EDGE('',*,*,#8881,.T.);
#12232 = ORIENTED_EDGE('',*,*,#12233,.T.);
#12233 = EDGE_CURVE('',#8849,#12204,#12234,.T.);
#12234 = SURFACE_CURVE('',#12235,(#12239,#12246),.PCURVE_S1.);
#12235 = LINE('',#12236,#12237);
#12236 = CARTESIAN_POINT('',(-5.295060350851,18.1,3.35));
#12237 = VECTOR('',#12238,1.);
#12238 = DIRECTION('',(0.,-0.866025403784,-0.5));
#12239 = PCURVE('',#8897,#12240);
#12240 = DEFINITIONAL_REPRESENTATION('',(#12241),#12245);
#12241 = LINE('',#12242,#12243);
#12242 = CARTESIAN_POINT('',(0.,1.504939649149));
#12243 = VECTOR('',#12244,1.);
#12244 = DIRECTION('',(-1.,0.));
#12245 = ( GEOMETRIC_REPRESENTATION_CONTEXT(2) 
PARAMETRIC_REPRESENTATION_CONTEXT() REPRESENTATION_CONTEXT('2D SPACE',''
  ) );
#12246 = PCURVE('',#8869,#12247);
#12247 = DEFINITIONAL_REPRESENTATION('',(#12248),#12252);
#12248 = LINE('',#12249,#12250);
#12249 = CARTESIAN_POINT('',(4.712388980385,7.211110073938E-16));
#12250 = VECTOR('',#12251,1.);
#12251 = DIRECTION('',(0.,1.));
#12252 = ( GEOMETRIC_REPRESENTATION_CONTEXT(2) 
PARAMETRIC_REPRESENTATION_CONTEXT() REPRESENTATION_CONTEXT('2D SPACE',''
  ) );
#12253 = ADVANCED_FACE('',(#12254),#8869,.T.);
#12254 = FACE_BOUND('',#12255,.T.);
#12255 = EDGE_LOOP('',(#12256,#12285,#12286,#12287));
#12256 = ORIENTED_EDGE('',*,*,#12257,.T.);
#12257 = EDGE_CURVE('',#12258,#12204,#12260,.T.);
#12258 = VERTEX_POINT('',#12259);
#12259 = CARTESIAN_POINT('',(-5.096471676926,18.1,3.526282104035));
#12260 = SURFACE_CURVE('',#12261,(#12266,#12273),.PCURVE_S1.);
#12261 = CIRCLE('',#12262,0.2);
#12262 = AXIS2_PLACEMENT_3D('',#12263,#12264,#12265);
#12263 = CARTESIAN_POINT('',(-5.295060350851,18.1,3.55));
#12264 = DIRECTION('',(-0.,1.,0.));
#12265 = DIRECTION('',(1.,0.,0.));
#12266 = PCURVE('',#8869,#12267);
#12267 = DEFINITIONAL_REPRESENTATION('',(#12268),#12272);
#12268 = LINE('',#12269,#12270);
#12269 = CARTESIAN_POINT('',(6.28318530718,-5.397780021961E-17));
#12270 = VECTOR('',#12271,1.);
#12271 = DIRECTION('',(-1.,4.966578573467E-17));
#12272 = ( GEOMETRIC_REPRESENTATION_CONTEXT(2) 
PARAMETRIC_REPRESENTATION_CONTEXT() REPRESENTATION_CONTEXT('2D SPACE',''
  ) );
#12273 = PCURVE('',#12274,#12279);
#12274 = CYLINDRICAL_SURFACE('',#12275,0.2);
#12275 = AXIS2_PLACEMENT_3D('',#12276,#12277,#12278);
#12276 = CARTESIAN_POINT('',(-5.295060350851,19.8,3.55));
#12277 = DIRECTION('',(0.,-1.,0.));
#12278 = DIRECTION('',(0.,0.,-1.));
#12279 = DEFINITIONAL_REPRESENTATION('',(#12280),#12284);
#12280 = LINE('',#12281,#12282);
#12281 = CARTESIAN_POINT('',(1.570796326795,1.7));
#12282 = VECTOR('',#12283,1.);
#12283 = DIRECTION('',(-1.,0.));
#12284 = ( GEOMETRIC_REPRESENTATION_CONTEXT(2) 
PARAMETRIC_REPRESENTATION_CONTEXT() REPRESENTATION_CONTEXT('2D SPACE',''
  ) );
#12285 = ORIENTED_EDGE('',*,*,#12233,.F.);
#12286 = ORIENTED_EDGE('',*,*,#8848,.F.);
#12287 = ORIENTED_EDGE('',*,*,#12288,.T.);
#12288 = EDGE_CURVE('',#8816,#12258,#12289,.T.);
#12289 = SURFACE_CURVE('',#12290,(#12294,#12301),.PCURVE_S1.);
#12290 = LINE('',#12291,#12292);
#12291 = CARTESIAN_POINT('',(-5.096471676926,18.1,3.526282104035));
#12292 = VECTOR('',#12293,1.);
#12293 = DIRECTION('',(0.496471676926,-0.866025403784,
    -5.929480592716E-02));
#12294 = PCURVE('',#8869,#12295);
#12295 = DEFINITIONAL_REPRESENTATION('',(#12296),#12300);
#12296 = LINE('',#12297,#12298);
#12297 = CARTESIAN_POINT('',(6.164316090219,-9.218683118523E-13));
#12298 = VECTOR('',#12299,1.);
#12299 = DIRECTION('',(-2.865047384511E-06,0.999999999996));
#12300 = ( GEOMETRIC_REPRESENTATION_CONTEXT(2) 
PARAMETRIC_REPRESENTATION_CONTEXT() REPRESENTATION_CONTEXT('2D SPACE',''
  ) );
#12301 = PCURVE('',#8836,#12302);
#12302 = DEFINITIONAL_REPRESENTATION('',(#12303),#12307);
#12303 = LINE('',#12304,#12305);
#12304 = CARTESIAN_POINT('',(3.260462003518,5.288147387555E-16));
#12305 = VECTOR('',#12306,1.);
#12306 = DIRECTION('',(5.921189464668E-15,-1.));
#12307 = ( GEOMETRIC_REPRESENTATION_CONTEXT(2) 
PARAMETRIC_REPRESENTATION_CONTEXT() REPRESENTATION_CONTEXT('2D SPACE',''
  ) );
#12308 = ADVANCED_FACE('',(#12309),#8836,.F.);
#12309 = FACE_BOUND('',#12310,.F.);
#12310 = EDGE_LOOP('',(#12311,#12334,#12335,#12336));
#12311 = ORIENTED_EDGE('',*,*,#12312,.F.);
#12312 = EDGE_CURVE('',#8788,#12313,#12315,.T.);
#12313 = VERTEX_POINT('',#12314);
#12314 = CARTESIAN_POINT('',(-4.85,18.1,3.9));
#12315 = SURFACE_CURVE('',#12316,(#12320,#12327),.PCURVE_S1.);
#12316 = LINE('',#12317,#12318);
#12317 = CARTESIAN_POINT('',(-4.85,18.1,3.9));
#12318 = VECTOR('',#12319,1.);
#12319 = DIRECTION('',(0.25,-0.866025403784,-0.433012701892));
#12320 = PCURVE('',#8836,#12321);
#12321 = DEFINITIONAL_REPRESENTATION('',(#12322),#12326);
#12322 = LINE('',#12323,#12324);
#12323 = CARTESIAN_POINT('',(4.188790204786,-2.403703357979E-16));
#12324 = VECTOR('',#12325,1.);
#12325 = DIRECTION('',(2.960594732334E-15,-1.));
#12326 = ( GEOMETRIC_REPRESENTATION_CONTEXT(2) 
PARAMETRIC_REPRESENTATION_CONTEXT() REPRESENTATION_CONTEXT('2D SPACE',''
  ) );
#12327 = PCURVE('',#8803,#12328);
#12328 = DEFINITIONAL_REPRESENTATION('',(#12329),#12333);
#12329 = LINE('',#12330,#12331);
#12330 = CARTESIAN_POINT('',(0.,0.));
#12331 = VECTOR('',#12332,1.);
#12332 = DIRECTION('',(-1.,0.));
#12333 = ( GEOMETRIC_REPRESENTATION_CONTEXT(2) 
PARAMETRIC_REPRESENTATION_CONTEXT() REPRESENTATION_CONTEXT('2D SPACE',''
  ) );
#12334 = ORIENTED_EDGE('',*,*,#8815,.F.);
#12335 = ORIENTED_EDGE('',*,*,#12288,.T.);
#12336 = ORIENTED_EDGE('',*,*,#12337,.T.);
#12337 = EDGE_CURVE('',#12258,#12313,#12338,.T.);
#12338 = SURFACE_CURVE('',#12339,(#12344,#12351),.PCURVE_S1.);
#12339 = CIRCLE('',#12340,0.5);
#12340 = AXIS2_PLACEMENT_3D('',#12341,#12342,#12343);
#12341 = CARTESIAN_POINT('',(-4.6,18.1,3.466987298108));
#12342 = DIRECTION('',(-0.,1.,0.));
#12343 = DIRECTION('',(1.,0.,0.));
#12344 = PCURVE('',#8836,#12345);
#12345 = DEFINITIONAL_REPRESENTATION('',(#12346),#12350);
#12346 = LINE('',#12347,#12348);
#12347 = CARTESIAN_POINT('',(-4.440892098501E-16,-2.169191686164E-16));
#12348 = VECTOR('',#12349,1.);
#12349 = DIRECTION('',(1.,5.178563690503E-17));
#12350 = ( GEOMETRIC_REPRESENTATION_CONTEXT(2) 
PARAMETRIC_REPRESENTATION_CONTEXT() REPRESENTATION_CONTEXT('2D SPACE',''
  ) );
#12351 = PCURVE('',#12352,#12357);
#12352 = CYLINDRICAL_SURFACE('',#12353,0.5);
#12353 = AXIS2_PLACEMENT_3D('',#12354,#12355,#12356);
#12354 = CARTESIAN_POINT('',(-4.6,19.8,3.466987298108));
#12355 = DIRECTION('',(0.,-1.,0.));
#12356 = DIRECTION('',(0.,0.,-1.));
#12357 = DEFINITIONAL_REPRESENTATION('',(#12358),#12362);
#12358 = LINE('',#12359,#12360);
#12359 = CARTESIAN_POINT('',(7.853981633974,1.7));
#12360 = VECTOR('',#12361,1.);
#12361 = DIRECTION('',(-1.,0.));
#12362 = ( GEOMETRIC_REPRESENTATION_CONTEXT(2) 
PARAMETRIC_REPRESENTATION_CONTEXT() REPRESENTATION_CONTEXT('2D SPACE',''
  ) );
#12363 = ADVANCED_FACE('',(#12364),#8803,.T.);
#12364 = FACE_BOUND('',#12365,.T.);
#12365 = EDGE_LOOP('',(#12366,#12394,#12395,#12396));
#12366 = ORIENTED_EDGE('',*,*,#12367,.F.);
#12367 = EDGE_CURVE('',#12313,#12368,#12370,.T.);
#12368 = VERTEX_POINT('',#12369);
#12369 = CARTESIAN_POINT('',(-4.1,18.1,4.333012701892));
#12370 = SURFACE_CURVE('',#12371,(#12375,#12382),.PCURVE_S1.);
#12371 = LINE('',#12372,#12373);
#12372 = CARTESIAN_POINT('',(-4.85,18.1,3.9));
#12373 = VECTOR('',#12374,1.);
#12374 = DIRECTION('',(0.866025403784,0.,0.5));
#12375 = PCURVE('',#8803,#12376);
#12376 = DEFINITIONAL_REPRESENTATION('',(#12377),#12381);
#12377 = LINE('',#12378,#12379);
#12378 = CARTESIAN_POINT('',(0.,0.));
#12379 = VECTOR('',#12380,1.);
#12380 = DIRECTION('',(5.551115123126E-17,1.));
#12381 = ( GEOMETRIC_REPRESENTATION_CONTEXT(2) 
PARAMETRIC_REPRESENTATION_CONTEXT() REPRESENTATION_CONTEXT('2D SPACE',''
  ) );
#12382 = PCURVE('',#12383,#12388);
#12383 = PLANE('',#12384);
#12384 = AXIS2_PLACEMENT_3D('',#12385,#12386,#12387);
#12385 = CARTESIAN_POINT('',(-4.85,19.8,3.9));
#12386 = DIRECTION('',(0.5,0.,-0.866025403784));
#12387 = DIRECTION('',(-0.866025403784,0.,-0.5));
#12388 = DEFINITIONAL_REPRESENTATION('',(#12389),#12393);
#12389 = LINE('',#12390,#12391);
#12390 = CARTESIAN_POINT('',(-0.,-1.7));
#12391 = VECTOR('',#12392,1.);
#12392 = DIRECTION('',(-1.,0.));
#12393 = ( GEOMETRIC_REPRESENTATION_CONTEXT(2) 
PARAMETRIC_REPRESENTATION_CONTEXT() REPRESENTATION_CONTEXT('2D SPACE',''
  ) );
#12394 = ORIENTED_EDGE('',*,*,#12312,.F.);
#12395 = ORIENTED_EDGE('',*,*,#8787,.T.);
#12396 = ORIENTED_EDGE('',*,*,#12397,.T.);
#12397 = EDGE_CURVE('',#8755,#12368,#12398,.T.);
#12398 = SURFACE_CURVE('',#12399,(#12403,#12410),.PCURVE_S1.);
#12399 = LINE('',#12400,#12401);
#12400 = CARTESIAN_POINT('',(-4.1,18.1,4.333012701892));
#12401 = VECTOR('',#12402,1.);
#12402 = DIRECTION('',(0.25,-0.866025403784,-0.433012701892));
#12403 = PCURVE('',#8803,#12404);
#12404 = DEFINITIONAL_REPRESENTATION('',(#12405),#12409);
#12405 = LINE('',#12406,#12407);
#12406 = CARTESIAN_POINT('',(1.665334536938E-16,0.866025403784));
#12407 = VECTOR('',#12408,1.);
#12408 = DIRECTION('',(-1.,2.137179322403E-15));
#12409 = ( GEOMETRIC_REPRESENTATION_CONTEXT(2) 
PARAMETRIC_REPRESENTATION_CONTEXT() REPRESENTATION_CONTEXT('2D SPACE',''
  ) );
#12410 = PCURVE('',#8775,#12411);
#12411 = DEFINITIONAL_REPRESENTATION('',(#12412),#12416);
#12412 = LINE('',#12413,#12414);
#12413 = CARTESIAN_POINT('',(4.188790204786,3.845925372767E-16));
#12414 = VECTOR('',#12415,1.);
#12415 = DIRECTION('',(-2.960594732334E-15,-1.));
#12416 = ( GEOMETRIC_REPRESENTATION_CONTEXT(2) 
PARAMETRIC_REPRESENTATION_CONTEXT() REPRESENTATION_CONTEXT('2D SPACE',''
  ) );
#12417 = ADVANCED_FACE('',(#12418),#8775,.F.);
#12418 = FACE_BOUND('',#12419,.F.);
#12419 = EDGE_LOOP('',(#12420,#12443,#12444,#12445));
#12420 = ORIENTED_EDGE('',*,*,#12421,.F.);
#12421 = EDGE_CURVE('',#8727,#12422,#12424,.T.);
#12422 = VERTEX_POINT('',#12423);
#12423 = CARTESIAN_POINT('',(-3.85,18.1,4.4));
#12424 = SURFACE_CURVE('',#12425,(#12429,#12436),.PCURVE_S1.);
#12425 = LINE('',#12426,#12427);
#12426 = CARTESIAN_POINT('',(-3.85,18.1,4.4));
#12427 = VECTOR('',#12428,1.);
#12428 = DIRECTION('',(0.,-0.866025403784,-0.5));
#12429 = PCURVE('',#8775,#12430);
#12430 = DEFINITIONAL_REPRESENTATION('',(#12431),#12435);
#12431 = LINE('',#12432,#12433);
#12432 = CARTESIAN_POINT('',(4.712388980385,-2.30755522366E-15));
#12433 = VECTOR('',#12434,1.);
#12434 = DIRECTION('',(0.,-1.));
#12435 = ( GEOMETRIC_REPRESENTATION_CONTEXT(2) 
PARAMETRIC_REPRESENTATION_CONTEXT() REPRESENTATION_CONTEXT('2D SPACE',''
  ) );
#12436 = PCURVE('',#8742,#12437);
#12437 = DEFINITIONAL_REPRESENTATION('',(#12438),#12442);
#12438 = LINE('',#12439,#12440);
#12439 = CARTESIAN_POINT('',(0.,0.));
#12440 = VECTOR('',#12441,1.);
#12441 = DIRECTION('',(-1.,0.));
#12442 = ( GEOMETRIC_REPRESENTATION_CONTEXT(2) 
PARAMETRIC_REPRESENTATION_CONTEXT() REPRESENTATION_CONTEXT('2D SPACE',''
  ) );
#12443 = ORIENTED_EDGE('',*,*,#8754,.F.);
#12444 = ORIENTED_EDGE('',*,*,#12397,.T.);
#12445 = ORIENTED_EDGE('',*,*,#12446,.T.);
#12446 = EDGE_CURVE('',#12368,#12422,#12447,.T.);
#12447 = SURFACE_CURVE('',#12448,(#12453,#12460),.PCURVE_S1.);
#12448 = CIRCLE('',#12449,0.5);
#12449 = AXIS2_PLACEMENT_3D('',#12450,#12451,#12452);
#12450 = CARTESIAN_POINT('',(-3.85,18.1,3.9));
#12451 = DIRECTION('',(-0.,1.,0.));
#12452 = DIRECTION('',(1.,0.,0.));
#12453 = PCURVE('',#8775,#12454);
#12454 = DEFINITIONAL_REPRESENTATION('',(#12455),#12459);
#12455 = LINE('',#12456,#12457);
#12456 = CARTESIAN_POINT('',(-1.7763568394E-15,-4.807406715959E-16));
#12457 = VECTOR('',#12458,1.);
#12458 = DIRECTION('',(1.,9.181470507576E-17));
#12459 = ( GEOMETRIC_REPRESENTATION_CONTEXT(2) 
PARAMETRIC_REPRESENTATION_CONTEXT() REPRESENTATION_CONTEXT('2D SPACE',''
  ) );
#12460 = PCURVE('',#12461,#12466);
#12461 = CYLINDRICAL_SURFACE('',#12462,0.5);
#12462 = AXIS2_PLACEMENT_3D('',#12463,#12464,#12465);
#12463 = CARTESIAN_POINT('',(-3.85,19.8,3.9));
#12464 = DIRECTION('',(0.,-1.,0.));
#12465 = DIRECTION('',(0.,0.,-1.));
#12466 = DEFINITIONAL_REPRESENTATION('',(#12467),#12471);
#12467 = LINE('',#12468,#12469);
#12468 = CARTESIAN_POINT('',(7.853981633974,1.7));
#12469 = VECTOR('',#12470,1.);
#12470 = DIRECTION('',(-1.,0.));
#12471 = ( GEOMETRIC_REPRESENTATION_CONTEXT(2) 
PARAMETRIC_REPRESENTATION_CONTEXT() REPRESENTATION_CONTEXT('2D SPACE',''
  ) );
#12472 = ADVANCED_FACE('',(#12473),#8742,.T.);
#12473 = FACE_BOUND('',#12474,.T.);
#12474 = EDGE_LOOP('',(#12475,#12503,#12504,#12505));
#12475 = ORIENTED_EDGE('',*,*,#12476,.F.);
#12476 = EDGE_CURVE('',#12422,#12477,#12479,.T.);
#12477 = VERTEX_POINT('',#12478);
#12478 = CARTESIAN_POINT('',(0.6,18.1,4.4));
#12479 = SURFACE_CURVE('',#12480,(#12484,#12491),.PCURVE_S1.);
#12480 = LINE('',#12481,#12482);
#12481 = CARTESIAN_POINT('',(-3.85,18.1,4.4));
#12482 = VECTOR('',#12483,1.);
#12483 = DIRECTION('',(1.,0.,0.));
#12484 = PCURVE('',#8742,#12485);
#12485 = DEFINITIONAL_REPRESENTATION('',(#12486),#12490);
#12486 = LINE('',#12487,#12488);
#12487 = CARTESIAN_POINT('',(0.,0.));
#12488 = VECTOR('',#12489,1.);
#12489 = DIRECTION('',(0.,1.));
#12490 = ( GEOMETRIC_REPRESENTATION_CONTEXT(2) 
PARAMETRIC_REPRESENTATION_CONTEXT() REPRESENTATION_CONTEXT('2D SPACE',''
  ) );
#12491 = PCURVE('',#12492,#12497);
#12492 = PLANE('',#12493);
#12493 = AXIS2_PLACEMENT_3D('',#12494,#12495,#12496);
#12494 = CARTESIAN_POINT('',(-3.85,19.8,4.4));
#12495 = DIRECTION('',(0.,0.,-1.));
#12496 = DIRECTION('',(-1.,0.,0.));
#12497 = DEFINITIONAL_REPRESENTATION('',(#12498),#12502);
#12498 = LINE('',#12499,#12500);
#12499 = CARTESIAN_POINT('',(0.,-1.7));
#12500 = VECTOR('',#12501,1.);
#12501 = DIRECTION('',(-1.,0.));
#12502 = ( GEOMETRIC_REPRESENTATION_CONTEXT(2) 
PARAMETRIC_REPRESENTATION_CONTEXT() REPRESENTATION_CONTEXT('2D SPACE',''
  ) );
#12503 = ORIENTED_EDGE('',*,*,#12421,.F.);
#12504 = ORIENTED_EDGE('',*,*,#8726,.T.);
#12505 = ORIENTED_EDGE('',*,*,#12506,.T.);
#12506 = EDGE_CURVE('',#8694,#12477,#12507,.T.);
#12507 = SURFACE_CURVE('',#12508,(#12512,#12519),.PCURVE_S1.);
#12508 = LINE('',#12509,#12510);
#12509 = CARTESIAN_POINT('',(0.6,18.1,4.4));
#12510 = VECTOR('',#12511,1.);
#12511 = DIRECTION('',(5.421010862428E-16,-0.866025403784,-0.5));
#12512 = PCURVE('',#8742,#12513);
#12513 = DEFINITIONAL_REPRESENTATION('',(#12514),#12518);
#12514 = LINE('',#12515,#12516);
#12515 = CARTESIAN_POINT('',(0.,4.45));
#12516 = VECTOR('',#12517,1.);
#12517 = DIRECTION('',(-1.,5.421010862428E-16));
#12518 = ( GEOMETRIC_REPRESENTATION_CONTEXT(2) 
PARAMETRIC_REPRESENTATION_CONTEXT() REPRESENTATION_CONTEXT('2D SPACE',''
  ) );
#12519 = PCURVE('',#8714,#12520);
#12520 = DEFINITIONAL_REPRESENTATION('',(#12521),#12525);
#12521 = LINE('',#12522,#12523);
#12522 = CARTESIAN_POINT('',(4.712388980385,-9.134072760322E-16));
#12523 = VECTOR('',#12524,1.);
#12524 = DIRECTION('',(0.,-1.));
#12525 = ( GEOMETRIC_REPRESENTATION_CONTEXT(2) 
PARAMETRIC_REPRESENTATION_CONTEXT() REPRESENTATION_CONTEXT('2D SPACE',''
  ) );
#12526 = ADVANCED_FACE('',(#12527),#8714,.F.);
#12527 = FACE_BOUND('',#12528,.F.);
#12528 = EDGE_LOOP('',(#12529,#12552,#12553,#12554));
#12529 = ORIENTED_EDGE('',*,*,#12530,.F.);
#12530 = EDGE_CURVE('',#8666,#12531,#12533,.T.);
#12531 = VERTEX_POINT('',#12532);
#12532 = CARTESIAN_POINT('',(1.1,18.1,3.9));
#12533 = SURFACE_CURVE('',#12534,(#12538,#12545),.PCURVE_S1.);
#12534 = LINE('',#12535,#12536);
#12535 = CARTESIAN_POINT('',(1.1,18.1,3.9));
#12536 = VECTOR('',#12537,1.);
#12537 = DIRECTION('',(-0.5,-0.866025403784,0.));
#12538 = PCURVE('',#8714,#12539);
#12539 = DEFINITIONAL_REPRESENTATION('',(#12540),#12544);
#12540 = LINE('',#12541,#12542);
#12541 = CARTESIAN_POINT('',(6.28318530718,-1.15377761183E-15));
#12542 = VECTOR('',#12543,1.);
#12543 = DIRECTION('',(0.,-1.));
#12544 = ( GEOMETRIC_REPRESENTATION_CONTEXT(2) 
PARAMETRIC_REPRESENTATION_CONTEXT() REPRESENTATION_CONTEXT('2D SPACE',''
  ) );
#12545 = PCURVE('',#8681,#12546);
#12546 = DEFINITIONAL_REPRESENTATION('',(#12547),#12551);
#12547 = LINE('',#12548,#12549);
#12548 = CARTESIAN_POINT('',(0.,0.));
#12549 = VECTOR('',#12550,1.);
#12550 = DIRECTION('',(-1.,-0.));
#12551 = ( GEOMETRIC_REPRESENTATION_CONTEXT(2) 
PARAMETRIC_REPRESENTATION_CONTEXT() REPRESENTATION_CONTEXT('2D SPACE',''
  ) );
#12552 = ORIENTED_EDGE('',*,*,#8693,.F.);
#12553 = ORIENTED_EDGE('',*,*,#12506,.T.);
#12554 = ORIENTED_EDGE('',*,*,#12555,.T.);
#12555 = EDGE_CURVE('',#12477,#12531,#12556,.T.);
#12556 = SURFACE_CURVE('',#12557,(#12562,#12569),.PCURVE_S1.);
#12557 = CIRCLE('',#12558,0.5);
#12558 = AXIS2_PLACEMENT_3D('',#12559,#12560,#12561);
#12559 = CARTESIAN_POINT('',(0.6,18.1,3.9));
#12560 = DIRECTION('',(-0.,1.,0.));
#12561 = DIRECTION('',(1.,0.,0.));
#12562 = PCURVE('',#8714,#12563);
#12563 = DEFINITIONAL_REPRESENTATION('',(#12564),#12568);
#12564 = LINE('',#12565,#12566);
#12565 = CARTESIAN_POINT('',(0.,6.249628730747E-16));
#12566 = VECTOR('',#12567,1.);
#12567 = DIRECTION('',(1.,-9.181470507576E-17));
#12568 = ( GEOMETRIC_REPRESENTATION_CONTEXT(2) 
PARAMETRIC_REPRESENTATION_CONTEXT() REPRESENTATION_CONTEXT('2D SPACE',''
  ) );
#12569 = PCURVE('',#12570,#12575);
#12570 = CYLINDRICAL_SURFACE('',#12571,0.5);
#12571 = AXIS2_PLACEMENT_3D('',#12572,#12573,#12574);
#12572 = CARTESIAN_POINT('',(0.6,19.8,3.9));
#12573 = DIRECTION('',(0.,-1.,0.));
#12574 = DIRECTION('',(0.,0.,-1.));
#12575 = DEFINITIONAL_REPRESENTATION('',(#12576),#12580);
#12576 = LINE('',#12577,#12578);
#12577 = CARTESIAN_POINT('',(7.853981633974,1.7));
#12578 = VECTOR('',#12579,1.);
#12579 = DIRECTION('',(-1.,0.));
#12580 = ( GEOMETRIC_REPRESENTATION_CONTEXT(2) 
PARAMETRIC_REPRESENTATION_CONTEXT() REPRESENTATION_CONTEXT('2D SPACE',''
  ) );
#12581 = ADVANCED_FACE('',(#12582),#8681,.T.);
#12582 = FACE_BOUND('',#12583,.T.);
#12583 = EDGE_LOOP('',(#12584,#12612,#12613,#12614));
#12584 = ORIENTED_EDGE('',*,*,#12585,.F.);
#12585 = EDGE_CURVE('',#12531,#12586,#12588,.T.);
#12586 = VERTEX_POINT('',#12587);
#12587 = CARTESIAN_POINT('',(1.1,18.1,0.730555349947));
#12588 = SURFACE_CURVE('',#12589,(#12593,#12600),.PCURVE_S1.);
#12589 = LINE('',#12590,#12591);
#12590 = CARTESIAN_POINT('',(1.1,18.1,3.9));
#12591 = VECTOR('',#12592,1.);
#12592 = DIRECTION('',(0.,0.,-1.));
#12593 = PCURVE('',#8681,#12594);
#12594 = DEFINITIONAL_REPRESENTATION('',(#12595),#12599);
#12595 = LINE('',#12596,#12597);
#12596 = CARTESIAN_POINT('',(0.,0.));
#12597 = VECTOR('',#12598,1.);
#12598 = DIRECTION('',(0.,1.));
#12599 = ( GEOMETRIC_REPRESENTATION_CONTEXT(2) 
PARAMETRIC_REPRESENTATION_CONTEXT() REPRESENTATION_CONTEXT('2D SPACE',''
  ) );
#12600 = PCURVE('',#12601,#12606);
#12601 = PLANE('',#12602);
#12602 = AXIS2_PLACEMENT_3D('',#12603,#12604,#12605);
#12603 = CARTESIAN_POINT('',(1.1,19.8,3.9));
#12604 = DIRECTION('',(-1.,0.,0.));
#12605 = DIRECTION('',(0.,0.,1.));
#12606 = DEFINITIONAL_REPRESENTATION('',(#12607),#12611);
#12607 = LINE('',#12608,#12609);
#12608 = CARTESIAN_POINT('',(0.,-1.7));
#12609 = VECTOR('',#12610,1.);
#12610 = DIRECTION('',(-1.,0.));
#12611 = ( GEOMETRIC_REPRESENTATION_CONTEXT(2) 
PARAMETRIC_REPRESENTATION_CONTEXT() REPRESENTATION_CONTEXT('2D SPACE',''
  ) );
#12612 = ORIENTED_EDGE('',*,*,#12530,.F.);
#12613 = ORIENTED_EDGE('',*,*,#8665,.T.);
#12614 = ORIENTED_EDGE('',*,*,#12615,.T.);
#12615 = EDGE_CURVE('',#8633,#12586,#12616,.T.);
#12616 = SURFACE_CURVE('',#12617,(#12621,#12628),.PCURVE_S1.);
#12617 = LINE('',#12618,#12619);
#12618 = CARTESIAN_POINT('',(1.1,18.1,0.730555349947));
#12619 = VECTOR('',#12620,1.);
#12620 = DIRECTION('',(-0.5,-0.866025403784,2.168404344971E-16));
#12621 = PCURVE('',#8681,#12622);
#12622 = DEFINITIONAL_REPRESENTATION('',(#12623),#12627);
#12623 = LINE('',#12624,#12625);
#12624 = CARTESIAN_POINT('',(0.,3.169444650053));
#12625 = VECTOR('',#12626,1.);
#12626 = DIRECTION('',(-1.,-2.168404344971E-16));
#12627 = ( GEOMETRIC_REPRESENTATION_CONTEXT(2) 
PARAMETRIC_REPRESENTATION_CONTEXT() REPRESENTATION_CONTEXT('2D SPACE',''
  ) );
#12628 = PCURVE('',#8653,#12629);
#12629 = DEFINITIONAL_REPRESENTATION('',(#12630),#12634);
#12630 = LINE('',#12631,#12632);
#12631 = CARTESIAN_POINT('',(0.,-1.15377761183E-15));
#12632 = VECTOR('',#12633,1.);
#12633 = DIRECTION('',(0.,-1.));
#12634 = ( GEOMETRIC_REPRESENTATION_CONTEXT(2) 
PARAMETRIC_REPRESENTATION_CONTEXT() REPRESENTATION_CONTEXT('2D SPACE',''
  ) );
#12635 = ADVANCED_FACE('',(#12636),#8653,.F.);
#12636 = FACE_BOUND('',#12637,.F.);
#12637 = EDGE_LOOP('',(#12638,#12661,#12662,#12663));
#12638 = ORIENTED_EDGE('',*,*,#12639,.F.);
#12639 = EDGE_CURVE('',#8605,#12640,#12642,.T.);
#12640 = VERTEX_POINT('',#12641);
#12641 = CARTESIAN_POINT('',(0.85,18.1,0.297542648054));
#12642 = SURFACE_CURVE('',#12643,(#12647,#12654),.PCURVE_S1.);
#12643 = LINE('',#12644,#12645);
#12644 = CARTESIAN_POINT('',(0.85,18.1,0.297542648054));
#12645 = VECTOR('',#12646,1.);
#12646 = DIRECTION('',(-0.25,-0.866025403784,0.433012701892));
#12647 = PCURVE('',#8653,#12648);
#12648 = DEFINITIONAL_REPRESENTATION('',(#12649),#12653);
#12649 = LINE('',#12650,#12651);
#12650 = CARTESIAN_POINT('',(1.047197551197,-5.768888059151E-16));
#12651 = VECTOR('',#12652,1.);
#12652 = DIRECTION('',(1.480297366167E-15,-1.));
#12653 = ( GEOMETRIC_REPRESENTATION_CONTEXT(2) 
PARAMETRIC_REPRESENTATION_CONTEXT() REPRESENTATION_CONTEXT('2D SPACE',''
  ) );
#12654 = PCURVE('',#8620,#12655);
#12655 = DEFINITIONAL_REPRESENTATION('',(#12656),#12660);
#12656 = LINE('',#12657,#12658);
#12657 = CARTESIAN_POINT('',(0.,0.));
#12658 = VECTOR('',#12659,1.);
#12659 = DIRECTION('',(-1.,-2.775557561563E-17));
#12660 = ( GEOMETRIC_REPRESENTATION_CONTEXT(2) 
PARAMETRIC_REPRESENTATION_CONTEXT() REPRESENTATION_CONTEXT('2D SPACE',''
  ) );
#12661 = ORIENTED_EDGE('',*,*,#8632,.F.);
#12662 = ORIENTED_EDGE('',*,*,#12615,.T.);
#12663 = ORIENTED_EDGE('',*,*,#12664,.T.);
#12664 = EDGE_CURVE('',#12586,#12640,#12665,.T.);
#12665 = SURFACE_CURVE('',#12666,(#12671,#12678),.PCURVE_S1.);
#12666 = CIRCLE('',#12667,0.5);
#12667 = AXIS2_PLACEMENT_3D('',#12668,#12669,#12670);
#12668 = CARTESIAN_POINT('',(0.6,18.1,0.730555349947));
#12669 = DIRECTION('',(-0.,1.,0.));
#12670 = DIRECTION('',(1.,0.,0.));
#12671 = PCURVE('',#8653,#12672);
#12672 = DEFINITIONAL_REPRESENTATION('',(#12673),#12677);
#12673 = LINE('',#12674,#12675);
#12674 = CARTESIAN_POINT('',(0.,4.807406715959E-17));
#12675 = VECTOR('',#12676,1.);
#12676 = DIRECTION('',(1.,-4.590735253788E-17));
#12677 = ( GEOMETRIC_REPRESENTATION_CONTEXT(2) 
PARAMETRIC_REPRESENTATION_CONTEXT() REPRESENTATION_CONTEXT('2D SPACE',''
  ) );
#12678 = PCURVE('',#12679,#12684);
#12679 = CYLINDRICAL_SURFACE('',#12680,0.5);
#12680 = AXIS2_PLACEMENT_3D('',#12681,#12682,#12683);
#12681 = CARTESIAN_POINT('',(0.6,19.8,0.730555349947));
#12682 = DIRECTION('',(0.,-1.,0.));
#12683 = DIRECTION('',(0.,0.,-1.));
#12684 = DEFINITIONAL_REPRESENTATION('',(#12685),#12689);
#12685 = LINE('',#12686,#12687);
#12686 = CARTESIAN_POINT('',(1.570796326795,1.7));
#12687 = VECTOR('',#12688,1.);
#12688 = DIRECTION('',(-1.,0.));
#12689 = ( GEOMETRIC_REPRESENTATION_CONTEXT(2) 
PARAMETRIC_REPRESENTATION_CONTEXT() REPRESENTATION_CONTEXT('2D SPACE',''
  ) );
#12690 = ADVANCED_FACE('',(#12691),#8620,.T.);
#12691 = FACE_BOUND('',#12692,.T.);
#12692 = EDGE_LOOP('',(#12693,#12721,#12722,#12723));
#12693 = ORIENTED_EDGE('',*,*,#12694,.F.);
#12694 = EDGE_CURVE('',#12640,#12695,#12697,.T.);
#12695 = VERTEX_POINT('',#12696);
#12696 = CARTESIAN_POINT('',(0.334641016151,18.1,0.));
#12697 = SURFACE_CURVE('',#12698,(#12702,#12709),.PCURVE_S1.);
#12698 = LINE('',#12699,#12700);
#12699 = CARTESIAN_POINT('',(0.85,18.1,0.297542648054));
#12700 = VECTOR('',#12701,1.);
#12701 = DIRECTION('',(-0.866025403784,0.,-0.5));
#12702 = PCURVE('',#8620,#12703);
#12703 = DEFINITIONAL_REPRESENTATION('',(#12704),#12708);
#12704 = LINE('',#12705,#12706);
#12705 = CARTESIAN_POINT('',(0.,0.));
#12706 = VECTOR('',#12707,1.);
#12707 = DIRECTION('',(-2.498001805407E-16,1.));
#12708 = ( GEOMETRIC_REPRESENTATION_CONTEXT(2) 
PARAMETRIC_REPRESENTATION_CONTEXT() REPRESENTATION_CONTEXT('2D SPACE',''
  ) );
#12709 = PCURVE('',#12710,#12715);
#12710 = PLANE('',#12711);
#12711 = AXIS2_PLACEMENT_3D('',#12712,#12713,#12714);
#12712 = CARTESIAN_POINT('',(0.85,19.8,0.297542648054));
#12713 = DIRECTION('',(-0.5,0.,0.866025403784));
#12714 = DIRECTION('',(0.866025403784,0.,0.5));
#12715 = DEFINITIONAL_REPRESENTATION('',(#12716),#12720);
#12716 = LINE('',#12717,#12718);
#12717 = CARTESIAN_POINT('',(0.,-1.7));
#12718 = VECTOR('',#12719,1.);
#12719 = DIRECTION('',(-1.,0.));
#12720 = ( GEOMETRIC_REPRESENTATION_CONTEXT(2) 
PARAMETRIC_REPRESENTATION_CONTEXT() REPRESENTATION_CONTEXT('2D SPACE',''
  ) );
#12721 = ORIENTED_EDGE('',*,*,#12639,.F.);
#12722 = ORIENTED_EDGE('',*,*,#8604,.T.);
#12723 = ORIENTED_EDGE('',*,*,#12724,.T.);
#12724 = EDGE_CURVE('',#8577,#12695,#12725,.T.);
#12725 = SURFACE_CURVE('',#12726,(#12730,#12737),.PCURVE_S1.);
#12726 = LINE('',#12727,#12728);
#12727 = CARTESIAN_POINT('',(0.334641016151,18.1,0.));
#12728 = VECTOR('',#12729,1.);
#12729 = DIRECTION('',(-0.132788176096,-0.858356263574,0.495572219835));
#12730 = PCURVE('',#8620,#12731);
#12731 = DEFINITIONAL_REPRESENTATION('',(#12732),#12736);
#12732 = LINE('',#12733,#12734);
#12733 = CARTESIAN_POINT('',(-1.665334536938E-16,0.595085296109));
#12734 = VECTOR('',#12735,1.);
#12735 = DIRECTION('',(-0.99114443967,-0.132788176096));
#12736 = ( GEOMETRIC_REPRESENTATION_CONTEXT(2) 
PARAMETRIC_REPRESENTATION_CONTEXT() REPRESENTATION_CONTEXT('2D SPACE',''
  ) );
#12737 = PCURVE('',#8592,#12738);
#12738 = DEFINITIONAL_REPRESENTATION('',(#12739),#12743);
#12739 = LINE('',#12740,#12741);
#12740 = CARTESIAN_POINT('',(0.,0.));
#12741 = VECTOR('',#12742,1.);
#12742 = DIRECTION('',(-0.99114443967,0.132788176096));
#12743 = ( GEOMETRIC_REPRESENTATION_CONTEXT(2) 
PARAMETRIC_REPRESENTATION_CONTEXT() REPRESENTATION_CONTEXT('2D SPACE',''
  ) );
#12744 = ADVANCED_FACE('',(#12745),#8592,.T.);
#12745 = FACE_BOUND('',#12746,.T.);
#12746 = EDGE_LOOP('',(#12747,#12775,#12776,#12777));
#12747 = ORIENTED_EDGE('',*,*,#12748,.F.);
#12748 = EDGE_CURVE('',#12695,#12749,#12751,.T.);
#12749 = VERTEX_POINT('',#12750);
#12750 = CARTESIAN_POINT('',(-3.834641016151,18.1,0.));
#12751 = SURFACE_CURVE('',#12752,(#12756,#12763),.PCURVE_S1.);
#12752 = LINE('',#12753,#12754);
#12753 = CARTESIAN_POINT('',(0.334641016151,18.1,0.));
#12754 = VECTOR('',#12755,1.);
#12755 = DIRECTION('',(-1.,0.,0.));
#12756 = PCURVE('',#8592,#12757);
#12757 = DEFINITIONAL_REPRESENTATION('',(#12758),#12762);
#12758 = LINE('',#12759,#12760);
#12759 = CARTESIAN_POINT('',(0.,0.));
#12760 = VECTOR('',#12761,1.);
#12761 = DIRECTION('',(0.,1.));
#12762 = ( GEOMETRIC_REPRESENTATION_CONTEXT(2) 
PARAMETRIC_REPRESENTATION_CONTEXT() REPRESENTATION_CONTEXT('2D SPACE',''
  ) );
#12763 = PCURVE('',#12764,#12769);
#12764 = PLANE('',#12765);
#12765 = AXIS2_PLACEMENT_3D('',#12766,#12767,#12768);
#12766 = CARTESIAN_POINT('',(0.334641016151,19.8,0.));
#12767 = DIRECTION('',(0.,0.,1.));
#12768 = DIRECTION('',(1.,0.,-0.));
#12769 = DEFINITIONAL_REPRESENTATION('',(#12770),#12774);
#12770 = LINE('',#12771,#12772);
#12771 = CARTESIAN_POINT('',(0.,-1.7));
#12772 = VECTOR('',#12773,1.);
#12773 = DIRECTION('',(-1.,0.));
#12774 = ( GEOMETRIC_REPRESENTATION_CONTEXT(2) 
PARAMETRIC_REPRESENTATION_CONTEXT() REPRESENTATION_CONTEXT('2D SPACE',''
  ) );
#12775 = ORIENTED_EDGE('',*,*,#12724,.F.);
#12776 = ORIENTED_EDGE('',*,*,#8576,.T.);
#12777 = ORIENTED_EDGE('',*,*,#12778,.T.);
#12778 = EDGE_CURVE('',#8549,#12749,#12779,.T.);
#12779 = SURFACE_CURVE('',#12780,(#12784,#12791),.PCURVE_S1.);
#12780 = LINE('',#12781,#12782);
#12781 = CARTESIAN_POINT('',(-3.834641016151,18.1,0.));
#12782 = VECTOR('',#12783,1.);
#12783 = DIRECTION('',(0.132788176096,-0.858356263574,0.495572219835));
#12784 = PCURVE('',#8592,#12785);
#12785 = DEFINITIONAL_REPRESENTATION('',(#12786),#12790);
#12786 = LINE('',#12787,#12788);
#12787 = CARTESIAN_POINT('',(0.,4.169282032303));
#12788 = VECTOR('',#12789,1.);
#12789 = DIRECTION('',(-0.99114443967,-0.132788176096));
#12790 = ( GEOMETRIC_REPRESENTATION_CONTEXT(2) 
PARAMETRIC_REPRESENTATION_CONTEXT() REPRESENTATION_CONTEXT('2D SPACE',''
  ) );
#12791 = PCURVE('',#8564,#12792);
#12792 = DEFINITIONAL_REPRESENTATION('',(#12793),#12797);
#12793 = LINE('',#12794,#12795);
#12794 = CARTESIAN_POINT('',(0.,0.));
#12795 = VECTOR('',#12796,1.);
#12796 = DIRECTION('',(-0.99114443967,0.132788176096));
#12797 = ( GEOMETRIC_REPRESENTATION_CONTEXT(2) 
PARAMETRIC_REPRESENTATION_CONTEXT() REPRESENTATION_CONTEXT('2D SPACE',''
  ) );
#12798 = ADVANCED_FACE('',(#12799),#8564,.T.);
#12799 = FACE_BOUND('',#12800,.T.);
#12800 = EDGE_LOOP('',(#12801,#12829,#12830,#12831));
#12801 = ORIENTED_EDGE('',*,*,#12802,.F.);
#12802 = EDGE_CURVE('',#12749,#12803,#12805,.T.);
#12803 = VERTEX_POINT('',#12804);
#12804 = CARTESIAN_POINT('',(-4.85,18.1,0.586217782649));
#12805 = SURFACE_CURVE('',#12806,(#12810,#12817),.PCURVE_S1.);
#12806 = LINE('',#12807,#12808);
#12807 = CARTESIAN_POINT('',(-3.834641016151,18.1,0.));
#12808 = VECTOR('',#12809,1.);
#12809 = DIRECTION('',(-0.866025403784,0.,0.5));
#12810 = PCURVE('',#8564,#12811);
#12811 = DEFINITIONAL_REPRESENTATION('',(#12812),#12816);
#12812 = LINE('',#12813,#12814);
#12813 = CARTESIAN_POINT('',(0.,0.));
#12814 = VECTOR('',#12815,1.);
#12815 = DIRECTION('',(1.942890293094E-16,1.));
#12816 = ( GEOMETRIC_REPRESENTATION_CONTEXT(2) 
PARAMETRIC_REPRESENTATION_CONTEXT() REPRESENTATION_CONTEXT('2D SPACE',''
  ) );
#12817 = PCURVE('',#12818,#12823);
#12818 = PLANE('',#12819);
#12819 = AXIS2_PLACEMENT_3D('',#12820,#12821,#12822);
#12820 = CARTESIAN_POINT('',(-3.834641016151,19.8,0.));
#12821 = DIRECTION('',(0.5,0.,0.866025403784));
#12822 = DIRECTION('',(0.866025403784,0.,-0.5));
#12823 = DEFINITIONAL_REPRESENTATION('',(#12824),#12828);
#12824 = LINE('',#12825,#12826);
#12825 = CARTESIAN_POINT('',(0.,-1.7));
#12826 = VECTOR('',#12827,1.);
#12827 = DIRECTION('',(-1.,0.));
#12828 = ( GEOMETRIC_REPRESENTATION_CONTEXT(2) 
PARAMETRIC_REPRESENTATION_CONTEXT() REPRESENTATION_CONTEXT('2D SPACE',''
  ) );
#12829 = ORIENTED_EDGE('',*,*,#12778,.F.);
#12830 = ORIENTED_EDGE('',*,*,#8548,.T.);
#12831 = ORIENTED_EDGE('',*,*,#12832,.T.);
#12832 = EDGE_CURVE('',#8516,#12803,#12833,.T.);
#12833 = SURFACE_CURVE('',#12834,(#12838,#12845),.PCURVE_S1.);
#12834 = LINE('',#12835,#12836);
#12835 = CARTESIAN_POINT('',(-4.85,18.1,0.586217782649));
#12836 = VECTOR('',#12837,1.);
#12837 = DIRECTION('',(0.25,-0.866025403784,0.433012701892));
#12838 = PCURVE('',#8564,#12839);
#12839 = DEFINITIONAL_REPRESENTATION('',(#12840),#12844);
#12840 = LINE('',#12841,#12842);
#12841 = CARTESIAN_POINT('',(1.665334536938E-16,1.172435565298));
#12842 = VECTOR('',#12843,1.);
#12843 = DIRECTION('',(-1.,5.273559366969E-16));
#12844 = ( GEOMETRIC_REPRESENTATION_CONTEXT(2) 
PARAMETRIC_REPRESENTATION_CONTEXT() REPRESENTATION_CONTEXT('2D SPACE',''
  ) );
#12845 = PCURVE('',#8536,#12846);
#12846 = DEFINITIONAL_REPRESENTATION('',(#12847),#12851);
#12847 = LINE('',#12848,#12849);
#12848 = CARTESIAN_POINT('',(2.094395102393,-1.682592350586E-15));
#12849 = VECTOR('',#12850,1.);
#12850 = DIRECTION('',(5.921189464668E-15,-1.));
#12851 = ( GEOMETRIC_REPRESENTATION_CONTEXT(2) 
PARAMETRIC_REPRESENTATION_CONTEXT() REPRESENTATION_CONTEXT('2D SPACE',''
  ) );
#12852 = ADVANCED_FACE('',(#12853),#8536,.F.);
#12853 = FACE_BOUND('',#12854,.F.);
#12854 = EDGE_LOOP('',(#12855,#12878,#12879,#12880));
#12855 = ORIENTED_EDGE('',*,*,#12856,.F.);
#12856 = EDGE_CURVE('',#8488,#12857,#12859,.T.);
#12857 = VERTEX_POINT('',#12858);
#12858 = CARTESIAN_POINT('',(-5.1,18.1,1.019230484541));
#12859 = SURFACE_CURVE('',#12860,(#12864,#12871),.PCURVE_S1.);
#12860 = LINE('',#12861,#12862);
#12861 = CARTESIAN_POINT('',(-5.1,18.1,1.019230484541));
#12862 = VECTOR('',#12863,1.);
#12863 = DIRECTION('',(0.5,-0.866025403784,0.));
#12864 = PCURVE('',#8536,#12865);
#12865 = DEFINITIONAL_REPRESENTATION('',(#12866),#12870);
#12866 = LINE('',#12867,#12868);
#12867 = CARTESIAN_POINT('',(3.14159265359,2.019110820703E-15));
#12868 = VECTOR('',#12869,1.);
#12869 = DIRECTION('',(1.7763568394E-14,-1.));
#12870 = ( GEOMETRIC_REPRESENTATION_CONTEXT(2) 
PARAMETRIC_REPRESENTATION_CONTEXT() REPRESENTATION_CONTEXT('2D SPACE',''
  ) );
#12871 = PCURVE('',#8503,#12872);
#12872 = DEFINITIONAL_REPRESENTATION('',(#12873),#12877);
#12873 = LINE('',#12874,#12875);
#12874 = CARTESIAN_POINT('',(0.,0.));
#12875 = VECTOR('',#12876,1.);
#12876 = DIRECTION('',(-1.,0.));
#12877 = ( GEOMETRIC_REPRESENTATION_CONTEXT(2) 
PARAMETRIC_REPRESENTATION_CONTEXT() REPRESENTATION_CONTEXT('2D SPACE',''
  ) );
#12878 = ORIENTED_EDGE('',*,*,#8515,.F.);
#12879 = ORIENTED_EDGE('',*,*,#12832,.T.);
#12880 = ORIENTED_EDGE('',*,*,#12881,.T.);
#12881 = EDGE_CURVE('',#12803,#12857,#12882,.T.);
#12882 = SURFACE_CURVE('',#12883,(#12888,#12895),.PCURVE_S1.);
#12883 = CIRCLE('',#12884,0.5);
#12884 = AXIS2_PLACEMENT_3D('',#12885,#12886,#12887);
#12885 = CARTESIAN_POINT('',(-4.6,18.1,1.019230484541));
#12886 = DIRECTION('',(-0.,1.,0.));
#12887 = DIRECTION('',(1.,0.,0.));
#12888 = PCURVE('',#8536,#12889);
#12889 = DEFINITIONAL_REPRESENTATION('',(#12890),#12894);
#12890 = LINE('',#12891,#12892);
#12891 = CARTESIAN_POINT('',(0.,-2.644073693777E-16));
#12892 = VECTOR('',#12893,1.);
#12893 = DIRECTION('',(1.,1.147683813447E-16));
#12894 = ( GEOMETRIC_REPRESENTATION_CONTEXT(2) 
PARAMETRIC_REPRESENTATION_CONTEXT() REPRESENTATION_CONTEXT('2D SPACE',''
  ) );
#12895 = PCURVE('',#12896,#12901);
#12896 = CYLINDRICAL_SURFACE('',#12897,0.5);
#12897 = AXIS2_PLACEMENT_3D('',#12898,#12899,#12900);
#12898 = CARTESIAN_POINT('',(-4.6,19.8,1.019230484541));
#12899 = DIRECTION('',(0.,-1.,0.));
#12900 = DIRECTION('',(0.,0.,-1.));
#12901 = DEFINITIONAL_REPRESENTATION('',(#12902),#12906);
#12902 = LINE('',#12903,#12904);
#12903 = CARTESIAN_POINT('',(7.853981633974,1.7));
#12904 = VECTOR('',#12905,1.);
#12905 = DIRECTION('',(-1.,0.));
#12906 = ( GEOMETRIC_REPRESENTATION_CONTEXT(2) 
PARAMETRIC_REPRESENTATION_CONTEXT() REPRESENTATION_CONTEXT('2D SPACE',''
  ) );
#12907 = ADVANCED_FACE('',(#12908),#8503,.T.);
#12908 = FACE_BOUND('',#12909,.T.);
#12909 = EDGE_LOOP('',(#12910,#12938,#12939,#12940));
#12910 = ORIENTED_EDGE('',*,*,#12911,.F.);
#12911 = EDGE_CURVE('',#12857,#12912,#12914,.T.);
#12912 = VERTEX_POINT('',#12913);
#12913 = CARTESIAN_POINT('',(-5.1,18.1,1.05));
#12914 = SURFACE_CURVE('',#12915,(#12919,#12926),.PCURVE_S1.);
#12915 = LINE('',#12916,#12917);
#12916 = CARTESIAN_POINT('',(-5.1,18.1,1.019230484541));
#12917 = VECTOR('',#12918,1.);
#12918 = DIRECTION('',(0.,0.,1.));
#12919 = PCURVE('',#8503,#12920);
#12920 = DEFINITIONAL_REPRESENTATION('',(#12921),#12925);
#12921 = LINE('',#12922,#12923);
#12922 = CARTESIAN_POINT('',(0.,0.));
#12923 = VECTOR('',#12924,1.);
#12924 = DIRECTION('',(0.,1.));
#12925 = ( GEOMETRIC_REPRESENTATION_CONTEXT(2) 
PARAMETRIC_REPRESENTATION_CONTEXT() REPRESENTATION_CONTEXT('2D SPACE',''
  ) );
#12926 = PCURVE('',#12927,#12932);
#12927 = PLANE('',#12928);
#12928 = AXIS2_PLACEMENT_3D('',#12929,#12930,#12931);
#12929 = CARTESIAN_POINT('',(-5.1,19.8,1.019230484541));
#12930 = DIRECTION('',(1.,0.,0.));
#12931 = DIRECTION('',(0.,0.,-1.));
#12932 = DEFINITIONAL_REPRESENTATION('',(#12933),#12937);
#12933 = LINE('',#12934,#12935);
#12934 = CARTESIAN_POINT('',(0.,-1.7));
#12935 = VECTOR('',#12936,1.);
#12936 = DIRECTION('',(-1.,0.));
#12937 = ( GEOMETRIC_REPRESENTATION_CONTEXT(2) 
PARAMETRIC_REPRESENTATION_CONTEXT() REPRESENTATION_CONTEXT('2D SPACE',''
  ) );
#12938 = ORIENTED_EDGE('',*,*,#12856,.F.);
#12939 = ORIENTED_EDGE('',*,*,#8487,.T.);
#12940 = ORIENTED_EDGE('',*,*,#12941,.T.);
#12941 = EDGE_CURVE('',#8455,#12912,#12942,.T.);
#12942 = SURFACE_CURVE('',#12943,(#12947,#12954),.PCURVE_S1.);
#12943 = LINE('',#12944,#12945);
#12944 = CARTESIAN_POINT('',(-5.1,18.1,1.05));
#12945 = VECTOR('',#12946,1.);
#12946 = DIRECTION('',(0.5,-0.866025403784,-5.421010862428E-16));
#12947 = PCURVE('',#8503,#12948);
#12948 = DEFINITIONAL_REPRESENTATION('',(#12949),#12953);
#12949 = LINE('',#12950,#12951);
#12950 = CARTESIAN_POINT('',(0.,3.076951545867E-02));
#12951 = VECTOR('',#12952,1.);
#12952 = DIRECTION('',(-1.,-5.421010862428E-16));
#12953 = ( GEOMETRIC_REPRESENTATION_CONTEXT(2) 
PARAMETRIC_REPRESENTATION_CONTEXT() REPRESENTATION_CONTEXT('2D SPACE',''
  ) );
#12954 = PCURVE('',#8475,#12955);
#12955 = DEFINITIONAL_REPRESENTATION('',(#12956),#12960);
#12956 = LINE('',#12957,#12958);
#12957 = CARTESIAN_POINT('',(0.,-1.105703544671E-15));
#12958 = VECTOR('',#12959,1.);
#12959 = DIRECTION('',(0.,1.));
#12960 = ( GEOMETRIC_REPRESENTATION_CONTEXT(2) 
PARAMETRIC_REPRESENTATION_CONTEXT() REPRESENTATION_CONTEXT('2D SPACE',''
  ) );
#12961 = ADVANCED_FACE('',(#12962),#8475,.T.);
#12962 = FACE_BOUND('',#12963,.T.);
#12963 = EDGE_LOOP('',(#12964,#12993,#12994,#12995));
#12964 = ORIENTED_EDGE('',*,*,#12965,.T.);
#12965 = EDGE_CURVE('',#12966,#12912,#12968,.T.);
#12966 = VERTEX_POINT('',#12967);
#12967 = CARTESIAN_POINT('',(-5.3,18.1,1.25));
#12968 = SURFACE_CURVE('',#12969,(#12974,#12981),.PCURVE_S1.);
#12969 = CIRCLE('',#12970,0.2);
#12970 = AXIS2_PLACEMENT_3D('',#12971,#12972,#12973);
#12971 = CARTESIAN_POINT('',(-5.3,18.1,1.05));
#12972 = DIRECTION('',(-0.,1.,0.));
#12973 = DIRECTION('',(1.,0.,0.));
#12974 = PCURVE('',#8475,#12975);
#12975 = DEFINITIONAL_REPRESENTATION('',(#12976),#12980);
#12976 = LINE('',#12977,#12978);
#12977 = CARTESIAN_POINT('',(6.28318530718,-3.124814365373E-16));
#12978 = VECTOR('',#12979,1.);
#12979 = DIRECTION('',(-1.,6.120980338384E-17));
#12980 = ( GEOMETRIC_REPRESENTATION_CONTEXT(2) 
PARAMETRIC_REPRESENTATION_CONTEXT() REPRESENTATION_CONTEXT('2D SPACE',''
  ) );
#12981 = PCURVE('',#12982,#12987);
#12982 = CYLINDRICAL_SURFACE('',#12983,0.2);
#12983 = AXIS2_PLACEMENT_3D('',#12984,#12985,#12986);
#12984 = CARTESIAN_POINT('',(-5.3,19.8,1.05));
#12985 = DIRECTION('',(0.,-1.,0.));
#12986 = DIRECTION('',(0.,0.,-1.));
#12987 = DEFINITIONAL_REPRESENTATION('',(#12988),#12992);
#12988 = LINE('',#12989,#12990);
#12989 = CARTESIAN_POINT('',(7.853981633974,1.7));
#12990 = VECTOR('',#12991,1.);
#12991 = DIRECTION('',(-1.,0.));
#12992 = ( GEOMETRIC_REPRESENTATION_CONTEXT(2) 
PARAMETRIC_REPRESENTATION_CONTEXT() REPRESENTATION_CONTEXT('2D SPACE',''
  ) );
#12993 = ORIENTED_EDGE('',*,*,#12941,.F.);
#12994 = ORIENTED_EDGE('',*,*,#8454,.F.);
#12995 = ORIENTED_EDGE('',*,*,#12996,.T.);
#12996 = EDGE_CURVE('',#8427,#12966,#12997,.T.);
#12997 = SURFACE_CURVE('',#12998,(#13002,#13009),.PCURVE_S1.);
#12998 = LINE('',#12999,#13000);
#12999 = CARTESIAN_POINT('',(-5.3,18.1,1.25));
#13000 = VECTOR('',#13001,1.);
#13001 = DIRECTION('',(0.,-0.866025403784,0.5));
#13002 = PCURVE('',#8475,#13003);
#13003 = DEFINITIONAL_REPRESENTATION('',(#13004),#13008);
#13004 = LINE('',#13005,#13006);
#13005 = CARTESIAN_POINT('',(1.570796326795,1.15377761183E-15));
#13006 = VECTOR('',#13007,1.);
#13007 = DIRECTION('',(0.,1.));
#13008 = ( GEOMETRIC_REPRESENTATION_CONTEXT(2) 
PARAMETRIC_REPRESENTATION_CONTEXT() REPRESENTATION_CONTEXT('2D SPACE',''
  ) );
#13009 = PCURVE('',#8442,#13010);
#13010 = DEFINITIONAL_REPRESENTATION('',(#13011),#13015);
#13011 = LINE('',#13012,#13013);
#13012 = CARTESIAN_POINT('',(0.,0.));
#13013 = VECTOR('',#13014,1.);
#13014 = DIRECTION('',(-1.,0.));
#13015 = ( GEOMETRIC_REPRESENTATION_CONTEXT(2) 
PARAMETRIC_REPRESENTATION_CONTEXT() REPRESENTATION_CONTEXT('2D SPACE',''
  ) );
#13016 = ADVANCED_FACE('',(#13017),#8442,.T.);
#13017 = FACE_BOUND('',#13018,.T.);
#13018 = EDGE_LOOP('',(#13019,#13047,#13048,#13049));
#13019 = ORIENTED_EDGE('',*,*,#13020,.F.);
#13020 = EDGE_CURVE('',#12966,#13021,#13023,.T.);
#13021 = VERTEX_POINT('',#13022);
#13022 = CARTESIAN_POINT('',(-6.8,18.1,1.25));
#13023 = SURFACE_CURVE('',#13024,(#13028,#13035),.PCURVE_S1.);
#13024 = LINE('',#13025,#13026);
#13025 = CARTESIAN_POINT('',(-5.3,18.1,1.25));
#13026 = VECTOR('',#13027,1.);
#13027 = DIRECTION('',(-1.,0.,0.));
#13028 = PCURVE('',#8442,#13029);
#13029 = DEFINITIONAL_REPRESENTATION('',(#13030),#13034);
#13030 = LINE('',#13031,#13032);
#13031 = CARTESIAN_POINT('',(0.,0.));
#13032 = VECTOR('',#13033,1.);
#13033 = DIRECTION('',(0.,1.));
#13034 = ( GEOMETRIC_REPRESENTATION_CONTEXT(2) 
PARAMETRIC_REPRESENTATION_CONTEXT() REPRESENTATION_CONTEXT('2D SPACE',''
  ) );
#13035 = PCURVE('',#13036,#13041);
#13036 = PLANE('',#13037);
#13037 = AXIS2_PLACEMENT_3D('',#13038,#13039,#13040);
#13038 = CARTESIAN_POINT('',(-5.3,19.8,1.25));
#13039 = DIRECTION('',(0.,0.,1.));
#13040 = DIRECTION('',(1.,0.,-0.));
#13041 = DEFINITIONAL_REPRESENTATION('',(#13042),#13046);
#13042 = LINE('',#13043,#13044);
#13043 = CARTESIAN_POINT('',(0.,-1.7));
#13044 = VECTOR('',#13045,1.);
#13045 = DIRECTION('',(-1.,0.));
#13046 = ( GEOMETRIC_REPRESENTATION_CONTEXT(2) 
PARAMETRIC_REPRESENTATION_CONTEXT() REPRESENTATION_CONTEXT('2D SPACE',''
  ) );
#13047 = ORIENTED_EDGE('',*,*,#12996,.F.);
#13048 = ORIENTED_EDGE('',*,*,#8426,.T.);
#13049 = ORIENTED_EDGE('',*,*,#13050,.T.);
#13050 = EDGE_CURVE('',#8394,#13021,#13051,.T.);
#13051 = SURFACE_CURVE('',#13052,(#13056,#13063),.PCURVE_S1.);
#13052 = LINE('',#13053,#13054);
#13053 = CARTESIAN_POINT('',(-6.8,18.1,1.25));
#13054 = VECTOR('',#13055,1.);
#13055 = DIRECTION('',(0.,-0.866025403784,0.5));
#13056 = PCURVE('',#8442,#13057);
#13057 = DEFINITIONAL_REPRESENTATION('',(#13058),#13062);
#13058 = LINE('',#13059,#13060);
#13059 = CARTESIAN_POINT('',(0.,1.5));
#13060 = VECTOR('',#13061,1.);
#13061 = DIRECTION('',(-1.,0.));
#13062 = ( GEOMETRIC_REPRESENTATION_CONTEXT(2) 
PARAMETRIC_REPRESENTATION_CONTEXT() REPRESENTATION_CONTEXT('2D SPACE',''
  ) );
#13063 = PCURVE('',#8414,#13064);
#13064 = DEFINITIONAL_REPRESENTATION('',(#13065),#13069);
#13065 = LINE('',#13066,#13067);
#13066 = CARTESIAN_POINT('',(1.570796326795,-1.15377761183E-15));
#13067 = VECTOR('',#13068,1.);
#13068 = DIRECTION('',(0.,-1.));
#13069 = ( GEOMETRIC_REPRESENTATION_CONTEXT(2) 
PARAMETRIC_REPRESENTATION_CONTEXT() REPRESENTATION_CONTEXT('2D SPACE',''
  ) );
#13070 = ADVANCED_FACE('',(#13071),#8414,.F.);
#13071 = FACE_BOUND('',#13072,.F.);
#13072 = EDGE_LOOP('',(#13073,#13074,#13075,#13076));
#13073 = ORIENTED_EDGE('',*,*,#12102,.F.);
#13074 = ORIENTED_EDGE('',*,*,#8393,.F.);
#13075 = ORIENTED_EDGE('',*,*,#13050,.T.);
#13076 = ORIENTED_EDGE('',*,*,#13077,.T.);
#13077 = EDGE_CURVE('',#13021,#12073,#13078,.T.);
#13078 = SURFACE_CURVE('',#13079,(#13084,#13091),.PCURVE_S1.);
#13079 = CIRCLE('',#13080,0.3);
#13080 = AXIS2_PLACEMENT_3D('',#13081,#13082,#13083);
#13081 = CARTESIAN_POINT('',(-6.8,18.1,1.55));
#13082 = DIRECTION('',(-0.,1.,0.));
#13083 = DIRECTION('',(1.,0.,0.));
#13084 = PCURVE('',#8414,#13085);
#13085 = DEFINITIONAL_REPRESENTATION('',(#13086),#13090);
#13086 = LINE('',#13087,#13088);
#13087 = CARTESIAN_POINT('',(0.,1.20185167899E-16));
#13088 = VECTOR('',#13089,1.);
#13089 = DIRECTION('',(1.,-6.120980338384E-17));
#13090 = ( GEOMETRIC_REPRESENTATION_CONTEXT(2) 
PARAMETRIC_REPRESENTATION_CONTEXT() REPRESENTATION_CONTEXT('2D SPACE',''
  ) );
#13091 = PCURVE('',#13092,#13097);
#13092 = CYLINDRICAL_SURFACE('',#13093,0.3);
#13093 = AXIS2_PLACEMENT_3D('',#13094,#13095,#13096);
#13094 = CARTESIAN_POINT('',(-6.8,19.8,1.55));
#13095 = DIRECTION('',(0.,-1.,0.));
#13096 = DIRECTION('',(0.,0.,-1.));
#13097 = DEFINITIONAL_REPRESENTATION('',(#13098),#13102);
#13098 = LINE('',#13099,#13100);
#13099 = CARTESIAN_POINT('',(7.853981633974,1.7));
#13100 = VECTOR('',#13101,1.);
#13101 = DIRECTION('',(-1.,0.));
#13102 = ( GEOMETRIC_REPRESENTATION_CONTEXT(2) 
PARAMETRIC_REPRESENTATION_CONTEXT() REPRESENTATION_CONTEXT('2D SPACE',''
  ) );
#13103 = ADVANCED_FACE('',(#13104),#13118,.T.);
#13104 = FACE_BOUND('',#13105,.T.);
#13105 = EDGE_LOOP('',(#13106,#13136,#13160,#13183,#13207,#13231,#13254,
    #13278,#13301,#13325,#13348,#13372,#13395,#13418,#13441,#13465,
    #13488,#13512,#13535));
#13106 = ORIENTED_EDGE('',*,*,#13107,.T.);
#13107 = EDGE_CURVE('',#13108,#13110,#13112,.T.);
#13108 = VERTEX_POINT('',#13109);
#13109 = CARTESIAN_POINT('',(-7.1,16.4,1.55));
#13110 = VERTEX_POINT('',#13111);
#13111 = CARTESIAN_POINT('',(-7.1,16.4,3.05));
#13112 = SURFACE_CURVE('',#13113,(#13117,#13129),.PCURVE_S1.);
#13113 = LINE('',#13114,#13115);
#13114 = CARTESIAN_POINT('',(-7.1,16.4,1.55));
#13115 = VECTOR('',#13116,1.);
#13116 = DIRECTION('',(0.,0.,1.));
#13117 = PCURVE('',#13118,#13123);
#13118 = PLANE('',#13119);
#13119 = AXIS2_PLACEMENT_3D('',#13120,#13121,#13122);
#13120 = CARTESIAN_POINT('',(-6.8,16.4,3.05));
#13121 = DIRECTION('',(0.,1.,0.));
#13122 = DIRECTION('',(0.,-0.,1.));
#13123 = DEFINITIONAL_REPRESENTATION('',(#13124),#13128);
#13124 = LINE('',#13125,#13126);
#13125 = CARTESIAN_POINT('',(-1.5,-0.3));
#13126 = VECTOR('',#13127,1.);
#13127 = DIRECTION('',(1.,0.));
#13128 = ( GEOMETRIC_REPRESENTATION_CONTEXT(2) 
PARAMETRIC_REPRESENTATION_CONTEXT() REPRESENTATION_CONTEXT('2D SPACE',''
  ) );
#13129 = PCURVE('',#12090,#13130);
#13130 = DEFINITIONAL_REPRESENTATION('',(#13131),#13135);
#13131 = LINE('',#13132,#13133);
#13132 = CARTESIAN_POINT('',(0.,-3.4));
#13133 = VECTOR('',#13134,1.);
#13134 = DIRECTION('',(-1.,0.));
#13135 = ( GEOMETRIC_REPRESENTATION_CONTEXT(2) 
PARAMETRIC_REPRESENTATION_CONTEXT() REPRESENTATION_CONTEXT('2D SPACE',''
  ) );
#13136 = ORIENTED_EDGE('',*,*,#13137,.T.);
#13137 = EDGE_CURVE('',#13110,#13138,#13140,.T.);
#13138 = VERTEX_POINT('',#13139);
#13139 = CARTESIAN_POINT('',(-6.8,16.4,3.35));
#13140 = SURFACE_CURVE('',#13141,(#13146,#13153),.PCURVE_S1.);
#13141 = CIRCLE('',#13142,0.3);
#13142 = AXIS2_PLACEMENT_3D('',#13143,#13144,#13145);
#13143 = CARTESIAN_POINT('',(-6.8,16.4,3.05));
#13144 = DIRECTION('',(-0.,1.,0.));
#13145 = DIRECTION('',(1.,0.,0.));
#13146 = PCURVE('',#13118,#13147);
#13147 = DEFINITIONAL_REPRESENTATION('',(#13148),#13152);
#13148 = CIRCLE('',#13149,0.3);
#13149 = AXIS2_PLACEMENT_2D('',#13150,#13151);
#13150 = CARTESIAN_POINT('',(0.,0.));
#13151 = DIRECTION('',(0.,1.));
#13152 = ( GEOMETRIC_REPRESENTATION_CONTEXT(2) 
PARAMETRIC_REPRESENTATION_CONTEXT() REPRESENTATION_CONTEXT('2D SPACE',''
  ) );
#13153 = PCURVE('',#12188,#13154);
#13154 = DEFINITIONAL_REPRESENTATION('',(#13155),#13159);
#13155 = LINE('',#13156,#13157);
#13156 = CARTESIAN_POINT('',(7.853981633974,3.4));
#13157 = VECTOR('',#13158,1.);
#13158 = DIRECTION('',(-1.,0.));
#13159 = ( GEOMETRIC_REPRESENTATION_CONTEXT(2) 
PARAMETRIC_REPRESENTATION_CONTEXT() REPRESENTATION_CONTEXT('2D SPACE',''
  ) );
#13160 = ORIENTED_EDGE('',*,*,#13161,.T.);
#13161 = EDGE_CURVE('',#13138,#13162,#13164,.T.);
#13162 = VERTEX_POINT('',#13163);
#13163 = CARTESIAN_POINT('',(-5.295060350851,16.4,3.35));
#13164 = SURFACE_CURVE('',#13165,(#13169,#13176),.PCURVE_S1.);
#13165 = LINE('',#13166,#13167);
#13166 = CARTESIAN_POINT('',(-6.8,16.4,3.35));
#13167 = VECTOR('',#13168,1.);
#13168 = DIRECTION('',(1.,0.,0.));
#13169 = PCURVE('',#13118,#13170);
#13170 = DEFINITIONAL_REPRESENTATION('',(#13171),#13175);
#13171 = LINE('',#13172,#13173);
#13172 = CARTESIAN_POINT('',(0.3,0.));
#13173 = VECTOR('',#13174,1.);
#13174 = DIRECTION('',(0.,1.));
#13175 = ( GEOMETRIC_REPRESENTATION_CONTEXT(2) 
PARAMETRIC_REPRESENTATION_CONTEXT() REPRESENTATION_CONTEXT('2D SPACE',''
  ) );
#13176 = PCURVE('',#12219,#13177);
#13177 = DEFINITIONAL_REPRESENTATION('',(#13178),#13182);
#13178 = LINE('',#13179,#13180);
#13179 = CARTESIAN_POINT('',(0.,-3.4));
#13180 = VECTOR('',#13181,1.);
#13181 = DIRECTION('',(-1.,0.));
#13182 = ( GEOMETRIC_REPRESENTATION_CONTEXT(2) 
PARAMETRIC_REPRESENTATION_CONTEXT() REPRESENTATION_CONTEXT('2D SPACE',''
  ) );
#13183 = ORIENTED_EDGE('',*,*,#13184,.F.);
#13184 = EDGE_CURVE('',#13185,#13162,#13187,.T.);
#13185 = VERTEX_POINT('',#13186);
#13186 = CARTESIAN_POINT('',(-5.096471676926,16.4,3.526282104035));
#13187 = SURFACE_CURVE('',#13188,(#13193,#13200),.PCURVE_S1.);
#13188 = CIRCLE('',#13189,0.2);
#13189 = AXIS2_PLACEMENT_3D('',#13190,#13191,#13192);
#13190 = CARTESIAN_POINT('',(-5.295060350851,16.4,3.55));
#13191 = DIRECTION('',(-0.,1.,0.));
#13192 = DIRECTION('',(1.,0.,0.));
#13193 = PCURVE('',#13118,#13194);
#13194 = DEFINITIONAL_REPRESENTATION('',(#13195),#13199);
#13195 = CIRCLE('',#13196,0.2);
#13196 = AXIS2_PLACEMENT_2D('',#13197,#13198);
#13197 = CARTESIAN_POINT('',(0.5,1.504939649149));
#13198 = DIRECTION('',(0.,1.));
#13199 = ( GEOMETRIC_REPRESENTATION_CONTEXT(2) 
PARAMETRIC_REPRESENTATION_CONTEXT() REPRESENTATION_CONTEXT('2D SPACE',''
  ) );
#13200 = PCURVE('',#12274,#13201);
#13201 = DEFINITIONAL_REPRESENTATION('',(#13202),#13206);
#13202 = LINE('',#13203,#13204);
#13203 = CARTESIAN_POINT('',(1.570796326795,3.4));
#13204 = VECTOR('',#13205,1.);
#13205 = DIRECTION('',(-1.,0.));
#13206 = ( GEOMETRIC_REPRESENTATION_CONTEXT(2) 
PARAMETRIC_REPRESENTATION_CONTEXT() REPRESENTATION_CONTEXT('2D SPACE',''
  ) );
#13207 = ORIENTED_EDGE('',*,*,#13208,.T.);
#13208 = EDGE_CURVE('',#13185,#13209,#13211,.T.);
#13209 = VERTEX_POINT('',#13210);
#13210 = CARTESIAN_POINT('',(-4.85,16.4,3.9));
#13211 = SURFACE_CURVE('',#13212,(#13217,#13224),.PCURVE_S1.);
#13212 = CIRCLE('',#13213,0.5);
#13213 = AXIS2_PLACEMENT_3D('',#13214,#13215,#13216);
#13214 = CARTESIAN_POINT('',(-4.6,16.4,3.466987298108));
#13215 = DIRECTION('',(-0.,1.,0.));
#13216 = DIRECTION('',(1.,0.,0.));
#13217 = PCURVE('',#13118,#13218);
#13218 = DEFINITIONAL_REPRESENTATION('',(#13219),#13223);
#13219 = CIRCLE('',#13220,0.5);
#13220 = AXIS2_PLACEMENT_2D('',#13221,#13222);
#13221 = CARTESIAN_POINT('',(0.416987298108,2.2));
#13222 = DIRECTION('',(0.,1.));
#13223 = ( GEOMETRIC_REPRESENTATION_CONTEXT(2) 
PARAMETRIC_REPRESENTATION_CONTEXT() REPRESENTATION_CONTEXT('2D SPACE',''
  ) );
#13224 = PCURVE('',#12352,#13225);
#13225 = DEFINITIONAL_REPRESENTATION('',(#13226),#13230);
#13226 = LINE('',#13227,#13228);
#13227 = CARTESIAN_POINT('',(7.853981633974,3.4));
#13228 = VECTOR('',#13229,1.);
#13229 = DIRECTION('',(-1.,0.));
#13230 = ( GEOMETRIC_REPRESENTATION_CONTEXT(2) 
PARAMETRIC_REPRESENTATION_CONTEXT() REPRESENTATION_CONTEXT('2D SPACE',''
  ) );
#13231 = ORIENTED_EDGE('',*,*,#13232,.T.);
#13232 = EDGE_CURVE('',#13209,#13233,#13235,.T.);
#13233 = VERTEX_POINT('',#13234);
#13234 = CARTESIAN_POINT('',(-4.1,16.4,4.333012701892));
#13235 = SURFACE_CURVE('',#13236,(#13240,#13247),.PCURVE_S1.);
#13236 = LINE('',#13237,#13238);
#13237 = CARTESIAN_POINT('',(-4.85,16.4,3.9));
#13238 = VECTOR('',#13239,1.);
#13239 = DIRECTION('',(0.866025403784,0.,0.5));
#13240 = PCURVE('',#13118,#13241);
#13241 = DEFINITIONAL_REPRESENTATION('',(#13242),#13246);
#13242 = LINE('',#13243,#13244);
#13243 = CARTESIAN_POINT('',(0.85,1.95));
#13244 = VECTOR('',#13245,1.);
#13245 = DIRECTION('',(0.5,0.866025403784));
#13246 = ( GEOMETRIC_REPRESENTATION_CONTEXT(2) 
PARAMETRIC_REPRESENTATION_CONTEXT() REPRESENTATION_CONTEXT('2D SPACE',''
  ) );
#13247 = PCURVE('',#12383,#13248);
#13248 = DEFINITIONAL_REPRESENTATION('',(#13249),#13253);
#13249 = LINE('',#13250,#13251);
#13250 = CARTESIAN_POINT('',(-0.,-3.4));
#13251 = VECTOR('',#13252,1.);
#13252 = DIRECTION('',(-1.,0.));
#13253 = ( GEOMETRIC_REPRESENTATION_CONTEXT(2) 
PARAMETRIC_REPRESENTATION_CONTEXT() REPRESENTATION_CONTEXT('2D SPACE',''
  ) );
#13254 = ORIENTED_EDGE('',*,*,#13255,.T.);
#13255 = EDGE_CURVE('',#13233,#13256,#13258,.T.);
#13256 = VERTEX_POINT('',#13257);
#13257 = CARTESIAN_POINT('',(-3.85,16.4,4.4));
#13258 = SURFACE_CURVE('',#13259,(#13264,#13271),.PCURVE_S1.);
#13259 = CIRCLE('',#13260,0.5);
#13260 = AXIS2_PLACEMENT_3D('',#13261,#13262,#13263);
#13261 = CARTESIAN_POINT('',(-3.85,16.4,3.9));
#13262 = DIRECTION('',(-0.,1.,0.));
#13263 = DIRECTION('',(1.,0.,0.));
#13264 = PCURVE('',#13118,#13265);
#13265 = DEFINITIONAL_REPRESENTATION('',(#13266),#13270);
#13266 = CIRCLE('',#13267,0.5);
#13267 = AXIS2_PLACEMENT_2D('',#13268,#13269);
#13268 = CARTESIAN_POINT('',(0.85,2.95));
#13269 = DIRECTION('',(0.,1.));
#13270 = ( GEOMETRIC_REPRESENTATION_CONTEXT(2) 
PARAMETRIC_REPRESENTATION_CONTEXT() REPRESENTATION_CONTEXT('2D SPACE',''
  ) );
#13271 = PCURVE('',#12461,#13272);
#13272 = DEFINITIONAL_REPRESENTATION('',(#13273),#13277);
#13273 = LINE('',#13274,#13275);
#13274 = CARTESIAN_POINT('',(7.853981633974,3.4));
#13275 = VECTOR('',#13276,1.);
#13276 = DIRECTION('',(-1.,0.));
#13277 = ( GEOMETRIC_REPRESENTATION_CONTEXT(2) 
PARAMETRIC_REPRESENTATION_CONTEXT() REPRESENTATION_CONTEXT('2D SPACE',''
  ) );
#13278 = ORIENTED_EDGE('',*,*,#13279,.T.);
#13279 = EDGE_CURVE('',#13256,#13280,#13282,.T.);
#13280 = VERTEX_POINT('',#13281);
#13281 = CARTESIAN_POINT('',(0.6,16.4,4.4));
#13282 = SURFACE_CURVE('',#13283,(#13287,#13294),.PCURVE_S1.);
#13283 = LINE('',#13284,#13285);
#13284 = CARTESIAN_POINT('',(-3.85,16.4,4.4));
#13285 = VECTOR('',#13286,1.);
#13286 = DIRECTION('',(1.,0.,0.));
#13287 = PCURVE('',#13118,#13288);
#13288 = DEFINITIONAL_REPRESENTATION('',(#13289),#13293);
#13289 = LINE('',#13290,#13291);
#13290 = CARTESIAN_POINT('',(1.35,2.95));
#13291 = VECTOR('',#13292,1.);
#13292 = DIRECTION('',(0.,1.));
#13293 = ( GEOMETRIC_REPRESENTATION_CONTEXT(2) 
PARAMETRIC_REPRESENTATION_CONTEXT() REPRESENTATION_CONTEXT('2D SPACE',''
  ) );
#13294 = PCURVE('',#12492,#13295);
#13295 = DEFINITIONAL_REPRESENTATION('',(#13296),#13300);
#13296 = LINE('',#13297,#13298);
#13297 = CARTESIAN_POINT('',(0.,-3.4));
#13298 = VECTOR('',#13299,1.);
#13299 = DIRECTION('',(-1.,0.));
#13300 = ( GEOMETRIC_REPRESENTATION_CONTEXT(2) 
PARAMETRIC_REPRESENTATION_CONTEXT() REPRESENTATION_CONTEXT('2D SPACE',''
  ) );
#13301 = ORIENTED_EDGE('',*,*,#13302,.T.);
#13302 = EDGE_CURVE('',#13280,#13303,#13305,.T.);
#13303 = VERTEX_POINT('',#13304);
#13304 = CARTESIAN_POINT('',(1.1,16.4,3.9));
#13305 = SURFACE_CURVE('',#13306,(#13311,#13318),.PCURVE_S1.);
#13306 = CIRCLE('',#13307,0.5);
#13307 = AXIS2_PLACEMENT_3D('',#13308,#13309,#13310);
#13308 = CARTESIAN_POINT('',(0.6,16.4,3.9));
#13309 = DIRECTION('',(-0.,1.,0.));
#13310 = DIRECTION('',(1.,0.,0.));
#13311 = PCURVE('',#13118,#13312);
#13312 = DEFINITIONAL_REPRESENTATION('',(#13313),#13317);
#13313 = CIRCLE('',#13314,0.5);
#13314 = AXIS2_PLACEMENT_2D('',#13315,#13316);
#13315 = CARTESIAN_POINT('',(0.85,7.4));
#13316 = DIRECTION('',(0.,1.));
#13317 = ( GEOMETRIC_REPRESENTATION_CONTEXT(2) 
PARAMETRIC_REPRESENTATION_CONTEXT() REPRESENTATION_CONTEXT('2D SPACE',''
  ) );
#13318 = PCURVE('',#12570,#13319);
#13319 = DEFINITIONAL_REPRESENTATION('',(#13320),#13324);
#13320 = LINE('',#13321,#13322);
#13321 = CARTESIAN_POINT('',(7.853981633974,3.4));
#13322 = VECTOR('',#13323,1.);
#13323 = DIRECTION('',(-1.,0.));
#13324 = ( GEOMETRIC_REPRESENTATION_CONTEXT(2) 
PARAMETRIC_REPRESENTATION_CONTEXT() REPRESENTATION_CONTEXT('2D SPACE',''
  ) );
#13325 = ORIENTED_EDGE('',*,*,#13326,.T.);
#13326 = EDGE_CURVE('',#13303,#13327,#13329,.T.);
#13327 = VERTEX_POINT('',#13328);
#13328 = CARTESIAN_POINT('',(1.1,16.4,0.730555349947));
#13329 = SURFACE_CURVE('',#13330,(#13334,#13341),.PCURVE_S1.);
#13330 = LINE('',#13331,#13332);
#13331 = CARTESIAN_POINT('',(1.1,16.4,3.9));
#13332 = VECTOR('',#13333,1.);
#13333 = DIRECTION('',(0.,0.,-1.));
#13334 = PCURVE('',#13118,#13335);
#13335 = DEFINITIONAL_REPRESENTATION('',(#13336),#13340);
#13336 = LINE('',#13337,#13338);
#13337 = CARTESIAN_POINT('',(0.85,7.9));
#13338 = VECTOR('',#13339,1.);
#13339 = DIRECTION('',(-1.,0.));
#13340 = ( GEOMETRIC_REPRESENTATION_CONTEXT(2) 
PARAMETRIC_REPRESENTATION_CONTEXT() REPRESENTATION_CONTEXT('2D SPACE',''
  ) );
#13341 = PCURVE('',#12601,#13342);
#13342 = DEFINITIONAL_REPRESENTATION('',(#13343),#13347);
#13343 = LINE('',#13344,#13345);
#13344 = CARTESIAN_POINT('',(0.,-3.4));
#13345 = VECTOR('',#13346,1.);
#13346 = DIRECTION('',(-1.,0.));
#13347 = ( GEOMETRIC_REPRESENTATION_CONTEXT(2) 
PARAMETRIC_REPRESENTATION_CONTEXT() REPRESENTATION_CONTEXT('2D SPACE',''
  ) );
#13348 = ORIENTED_EDGE('',*,*,#13349,.T.);
#13349 = EDGE_CURVE('',#13327,#13350,#13352,.T.);
#13350 = VERTEX_POINT('',#13351);
#13351 = CARTESIAN_POINT('',(0.85,16.4,0.297542648054));
#13352 = SURFACE_CURVE('',#13353,(#13358,#13365),.PCURVE_S1.);
#13353 = CIRCLE('',#13354,0.5);
#13354 = AXIS2_PLACEMENT_3D('',#13355,#13356,#13357);
#13355 = CARTESIAN_POINT('',(0.6,16.4,0.730555349947));
#13356 = DIRECTION('',(-0.,1.,0.));
#13357 = DIRECTION('',(1.,0.,0.));
#13358 = PCURVE('',#13118,#13359);
#13359 = DEFINITIONAL_REPRESENTATION('',(#13360),#13364);
#13360 = CIRCLE('',#13361,0.5);
#13361 = AXIS2_PLACEMENT_2D('',#13362,#13363);
#13362 = CARTESIAN_POINT('',(-2.319444650053,7.4));
#13363 = DIRECTION('',(0.,1.));
#13364 = ( GEOMETRIC_REPRESENTATION_CONTEXT(2) 
PARAMETRIC_REPRESENTATION_CONTEXT() REPRESENTATION_CONTEXT('2D SPACE',''
  ) );
#13365 = PCURVE('',#12679,#13366);
#13366 = DEFINITIONAL_REPRESENTATION('',(#13367),#13371);
#13367 = LINE('',#13368,#13369);
#13368 = CARTESIAN_POINT('',(1.570796326795,3.4));
#13369 = VECTOR('',#13370,1.);
#13370 = DIRECTION('',(-1.,0.));
#13371 = ( GEOMETRIC_REPRESENTATION_CONTEXT(2) 
PARAMETRIC_REPRESENTATION_CONTEXT() REPRESENTATION_CONTEXT('2D SPACE',''
  ) );
#13372 = ORIENTED_EDGE('',*,*,#13373,.T.);
#13373 = EDGE_CURVE('',#13350,#13374,#13376,.T.);
#13374 = VERTEX_POINT('',#13375);
#13375 = CARTESIAN_POINT('',(0.334641016151,16.4,0.));
#13376 = SURFACE_CURVE('',#13377,(#13381,#13388),.PCURVE_S1.);
#13377 = LINE('',#13378,#13379);
#13378 = CARTESIAN_POINT('',(0.85,16.4,0.297542648054));
#13379 = VECTOR('',#13380,1.);
#13380 = DIRECTION('',(-0.866025403784,0.,-0.5));
#13381 = PCURVE('',#13118,#13382);
#13382 = DEFINITIONAL_REPRESENTATION('',(#13383),#13387);
#13383 = LINE('',#13384,#13385);
#13384 = CARTESIAN_POINT('',(-2.752457351946,7.65));
#13385 = VECTOR('',#13386,1.);
#13386 = DIRECTION('',(-0.5,-0.866025403784));
#13387 = ( GEOMETRIC_REPRESENTATION_CONTEXT(2) 
PARAMETRIC_REPRESENTATION_CONTEXT() REPRESENTATION_CONTEXT('2D SPACE',''
  ) );
#13388 = PCURVE('',#12710,#13389);
#13389 = DEFINITIONAL_REPRESENTATION('',(#13390),#13394);
#13390 = LINE('',#13391,#13392);
#13391 = CARTESIAN_POINT('',(0.,-3.4));
#13392 = VECTOR('',#13393,1.);
#13393 = DIRECTION('',(-1.,0.));
#13394 = ( GEOMETRIC_REPRESENTATION_CONTEXT(2) 
PARAMETRIC_REPRESENTATION_CONTEXT() REPRESENTATION_CONTEXT('2D SPACE',''
  ) );
#13395 = ORIENTED_EDGE('',*,*,#13396,.T.);
#13396 = EDGE_CURVE('',#13374,#13397,#13399,.T.);
#13397 = VERTEX_POINT('',#13398);
#13398 = CARTESIAN_POINT('',(-3.834641016151,16.4,0.));
#13399 = SURFACE_CURVE('',#13400,(#13404,#13411),.PCURVE_S1.);
#13400 = LINE('',#13401,#13402);
#13401 = CARTESIAN_POINT('',(0.334641016151,16.4,0.));
#13402 = VECTOR('',#13403,1.);
#13403 = DIRECTION('',(-1.,0.,0.));
#13404 = PCURVE('',#13118,#13405);
#13405 = DEFINITIONAL_REPRESENTATION('',(#13406),#13410);
#13406 = LINE('',#13407,#13408);
#13407 = CARTESIAN_POINT('',(-3.05,7.134641016151));
#13408 = VECTOR('',#13409,1.);
#13409 = DIRECTION('',(0.,-1.));
#13410 = ( GEOMETRIC_REPRESENTATION_CONTEXT(2) 
PARAMETRIC_REPRESENTATION_CONTEXT() REPRESENTATION_CONTEXT('2D SPACE',''
  ) );
#13411 = PCURVE('',#12764,#13412);
#13412 = DEFINITIONAL_REPRESENTATION('',(#13413),#13417);
#13413 = LINE('',#13414,#13415);
#13414 = CARTESIAN_POINT('',(0.,-3.4));
#13415 = VECTOR('',#13416,1.);
#13416 = DIRECTION('',(-1.,0.));
#13417 = ( GEOMETRIC_REPRESENTATION_CONTEXT(2) 
PARAMETRIC_REPRESENTATION_CONTEXT() REPRESENTATION_CONTEXT('2D SPACE',''
  ) );
#13418 = ORIENTED_EDGE('',*,*,#13419,.T.);
#13419 = EDGE_CURVE('',#13397,#13420,#13422,.T.);
#13420 = VERTEX_POINT('',#13421);
#13421 = CARTESIAN_POINT('',(-4.85,16.4,0.586217782649));
#13422 = SURFACE_CURVE('',#13423,(#13427,#13434),.PCURVE_S1.);
#13423 = LINE('',#13424,#13425);
#13424 = CARTESIAN_POINT('',(-3.834641016151,16.4,0.));
#13425 = VECTOR('',#13426,1.);
#13426 = DIRECTION('',(-0.866025403784,0.,0.5));
#13427 = PCURVE('',#13118,#13428);
#13428 = DEFINITIONAL_REPRESENTATION('',(#13429),#13433);
#13429 = LINE('',#13430,#13431);
#13430 = CARTESIAN_POINT('',(-3.05,2.965358983849));
#13431 = VECTOR('',#13432,1.);
#13432 = DIRECTION('',(0.5,-0.866025403784));
#13433 = ( GEOMETRIC_REPRESENTATION_CONTEXT(2) 
PARAMETRIC_REPRESENTATION_CONTEXT() REPRESENTATION_CONTEXT('2D SPACE',''
  ) );
#13434 = PCURVE('',#12818,#13435);
#13435 = DEFINITIONAL_REPRESENTATION('',(#13436),#13440);
#13436 = LINE('',#13437,#13438);
#13437 = CARTESIAN_POINT('',(0.,-3.4));
#13438 = VECTOR('',#13439,1.);
#13439 = DIRECTION('',(-1.,0.));
#13440 = ( GEOMETRIC_REPRESENTATION_CONTEXT(2) 
PARAMETRIC_REPRESENTATION_CONTEXT() REPRESENTATION_CONTEXT('2D SPACE',''
  ) );
#13441 = ORIENTED_EDGE('',*,*,#13442,.T.);
#13442 = EDGE_CURVE('',#13420,#13443,#13445,.T.);
#13443 = VERTEX_POINT('',#13444);
#13444 = CARTESIAN_POINT('',(-5.1,16.4,1.019230484541));
#13445 = SURFACE_CURVE('',#13446,(#13451,#13458),.PCURVE_S1.);
#13446 = CIRCLE('',#13447,0.5);
#13447 = AXIS2_PLACEMENT_3D('',#13448,#13449,#13450);
#13448 = CARTESIAN_POINT('',(-4.6,16.4,1.019230484541));
#13449 = DIRECTION('',(-0.,1.,0.));
#13450 = DIRECTION('',(1.,0.,0.));
#13451 = PCURVE('',#13118,#13452);
#13452 = DEFINITIONAL_REPRESENTATION('',(#13453),#13457);
#13453 = CIRCLE('',#13454,0.5);
#13454 = AXIS2_PLACEMENT_2D('',#13455,#13456);
#13455 = CARTESIAN_POINT('',(-2.030769515459,2.2));
#13456 = DIRECTION('',(0.,1.));
#13457 = ( GEOMETRIC_REPRESENTATION_CONTEXT(2) 
PARAMETRIC_REPRESENTATION_CONTEXT() REPRESENTATION_CONTEXT('2D SPACE',''
  ) );
#13458 = PCURVE('',#12896,#13459);
#13459 = DEFINITIONAL_REPRESENTATION('',(#13460),#13464);
#13460 = LINE('',#13461,#13462);
#13461 = CARTESIAN_POINT('',(7.853981633974,3.4));
#13462 = VECTOR('',#13463,1.);
#13463 = DIRECTION('',(-1.,0.));
#13464 = ( GEOMETRIC_REPRESENTATION_CONTEXT(2) 
PARAMETRIC_REPRESENTATION_CONTEXT() REPRESENTATION_CONTEXT('2D SPACE',''
  ) );
#13465 = ORIENTED_EDGE('',*,*,#13466,.T.);
#13466 = EDGE_CURVE('',#13443,#13467,#13469,.T.);
#13467 = VERTEX_POINT('',#13468);
#13468 = CARTESIAN_POINT('',(-5.1,16.4,1.05));
#13469 = SURFACE_CURVE('',#13470,(#13474,#13481),.PCURVE_S1.);
#13470 = LINE('',#13471,#13472);
#13471 = CARTESIAN_POINT('',(-5.1,16.4,1.019230484541));
#13472 = VECTOR('',#13473,1.);
#13473 = DIRECTION('',(0.,0.,1.));
#13474 = PCURVE('',#13118,#13475);
#13475 = DEFINITIONAL_REPRESENTATION('',(#13476),#13480);
#13476 = LINE('',#13477,#13478);
#13477 = CARTESIAN_POINT('',(-2.030769515459,1.7));
#13478 = VECTOR('',#13479,1.);
#13479 = DIRECTION('',(1.,0.));
#13480 = ( GEOMETRIC_REPRESENTATION_CONTEXT(2) 
PARAMETRIC_REPRESENTATION_CONTEXT() REPRESENTATION_CONTEXT('2D SPACE',''
  ) );
#13481 = PCURVE('',#12927,#13482);
#13482 = DEFINITIONAL_REPRESENTATION('',(#13483),#13487);
#13483 = LINE('',#13484,#13485);
#13484 = CARTESIAN_POINT('',(0.,-3.4));
#13485 = VECTOR('',#13486,1.);
#13486 = DIRECTION('',(-1.,0.));
#13487 = ( GEOMETRIC_REPRESENTATION_CONTEXT(2) 
PARAMETRIC_REPRESENTATION_CONTEXT() REPRESENTATION_CONTEXT('2D SPACE',''
  ) );
#13488 = ORIENTED_EDGE('',*,*,#13489,.F.);
#13489 = EDGE_CURVE('',#13490,#13467,#13492,.T.);
#13490 = VERTEX_POINT('',#13491);
#13491 = CARTESIAN_POINT('',(-5.3,16.4,1.25));
#13492 = SURFACE_CURVE('',#13493,(#13498,#13505),.PCURVE_S1.);
#13493 = CIRCLE('',#13494,0.2);
#13494 = AXIS2_PLACEMENT_3D('',#13495,#13496,#13497);
#13495 = CARTESIAN_POINT('',(-5.3,16.4,1.05));
#13496 = DIRECTION('',(-0.,1.,0.));
#13497 = DIRECTION('',(1.,0.,0.));
#13498 = PCURVE('',#13118,#13499);
#13499 = DEFINITIONAL_REPRESENTATION('',(#13500),#13504);
#13500 = CIRCLE('',#13501,0.2);
#13501 = AXIS2_PLACEMENT_2D('',#13502,#13503);
#13502 = CARTESIAN_POINT('',(-2.,1.5));
#13503 = DIRECTION('',(0.,1.));
#13504 = ( GEOMETRIC_REPRESENTATION_CONTEXT(2) 
PARAMETRIC_REPRESENTATION_CONTEXT() REPRESENTATION_CONTEXT('2D SPACE',''
  ) );
#13505 = PCURVE('',#12982,#13506);
#13506 = DEFINITIONAL_REPRESENTATION('',(#13507),#13511);
#13507 = LINE('',#13508,#13509);
#13508 = CARTESIAN_POINT('',(7.853981633974,3.4));
#13509 = VECTOR('',#13510,1.);
#13510 = DIRECTION('',(-1.,0.));
#13511 = ( GEOMETRIC_REPRESENTATION_CONTEXT(2) 
PARAMETRIC_REPRESENTATION_CONTEXT() REPRESENTATION_CONTEXT('2D SPACE',''
  ) );
#13512 = ORIENTED_EDGE('',*,*,#13513,.T.);
#13513 = EDGE_CURVE('',#13490,#13514,#13516,.T.);
#13514 = VERTEX_POINT('',#13515);
#13515 = CARTESIAN_POINT('',(-6.8,16.4,1.25));
#13516 = SURFACE_CURVE('',#13517,(#13521,#13528),.PCURVE_S1.);
#13517 = LINE('',#13518,#13519);
#13518 = CARTESIAN_POINT('',(-5.3,16.4,1.25));
#13519 = VECTOR('',#13520,1.);
#13520 = DIRECTION('',(-1.,0.,0.));
#13521 = PCURVE('',#13118,#13522);
#13522 = DEFINITIONAL_REPRESENTATION('',(#13523),#13527);
#13523 = LINE('',#13524,#13525);
#13524 = CARTESIAN_POINT('',(-1.8,1.5));
#13525 = VECTOR('',#13526,1.);
#13526 = DIRECTION('',(0.,-1.));
#13527 = ( GEOMETRIC_REPRESENTATION_CONTEXT(2) 
PARAMETRIC_REPRESENTATION_CONTEXT() REPRESENTATION_CONTEXT('2D SPACE',''
  ) );
#13528 = PCURVE('',#13036,#13529);
#13529 = DEFINITIONAL_REPRESENTATION('',(#13530),#13534);
#13530 = LINE('',#13531,#13532);
#13531 = CARTESIAN_POINT('',(0.,-3.4));
#13532 = VECTOR('',#13533,1.);
#13533 = DIRECTION('',(-1.,0.));
#13534 = ( GEOMETRIC_REPRESENTATION_CONTEXT(2) 
PARAMETRIC_REPRESENTATION_CONTEXT() REPRESENTATION_CONTEXT('2D SPACE',''
  ) );
#13535 = ORIENTED_EDGE('',*,*,#13536,.T.);
#13536 = EDGE_CURVE('',#13514,#13108,#13537,.T.);
#13537 = SURFACE_CURVE('',#13538,(#13543,#13550),.PCURVE_S1.);
#13538 = CIRCLE('',#13539,0.3);
#13539 = AXIS2_PLACEMENT_3D('',#13540,#13541,#13542);
#13540 = CARTESIAN_POINT('',(-6.8,16.4,1.55));
#13541 = DIRECTION('',(-0.,1.,0.));
#13542 = DIRECTION('',(1.,0.,0.));
#13543 = PCURVE('',#13118,#13544);
#13544 = DEFINITIONAL_REPRESENTATION('',(#13545),#13549);
#13545 = CIRCLE('',#13546,0.3);
#13546 = AXIS2_PLACEMENT_2D('',#13547,#13548);
#13547 = CARTESIAN_POINT('',(-1.5,0.));
#13548 = DIRECTION('',(0.,1.));
#13549 = ( GEOMETRIC_REPRESENTATION_CONTEXT(2) 
PARAMETRIC_REPRESENTATION_CONTEXT() REPRESENTATION_CONTEXT('2D SPACE',''
  ) );
#13550 = PCURVE('',#13092,#13551);
#13551 = DEFINITIONAL_REPRESENTATION('',(#13552),#13556);
#13552 = LINE('',#13553,#13554);
#13553 = CARTESIAN_POINT('',(7.853981633974,3.4));
#13554 = VECTOR('',#13555,1.);
#13555 = DIRECTION('',(-1.,0.));
#13556 = ( GEOMETRIC_REPRESENTATION_CONTEXT(2) 
PARAMETRIC_REPRESENTATION_CONTEXT() REPRESENTATION_CONTEXT('2D SPACE',''
  ) );
#13557 = ADVANCED_FACE('',(#13558),#13092,.F.);
#13558 = FACE_BOUND('',#13559,.F.);
#13559 = EDGE_LOOP('',(#13560,#13561,#13582,#13583));
#13560 = ORIENTED_EDGE('',*,*,#13536,.T.);
#13561 = ORIENTED_EDGE('',*,*,#13562,.F.);
#13562 = EDGE_CURVE('',#12073,#13108,#13563,.T.);
#13563 = SURFACE_CURVE('',#13564,(#13568,#13575),.PCURVE_S1.);
#13564 = LINE('',#13565,#13566);
#13565 = CARTESIAN_POINT('',(-7.1,19.8,1.55));
#13566 = VECTOR('',#13567,1.);
#13567 = DIRECTION('',(0.,-1.,0.));
#13568 = PCURVE('',#13092,#13569);
#13569 = DEFINITIONAL_REPRESENTATION('',(#13570),#13574);
#13570 = LINE('',#13571,#13572);
#13571 = CARTESIAN_POINT('',(4.712388980385,0.));
#13572 = VECTOR('',#13573,1.);
#13573 = DIRECTION('',(0.,1.));
#13574 = ( GEOMETRIC_REPRESENTATION_CONTEXT(2) 
PARAMETRIC_REPRESENTATION_CONTEXT() REPRESENTATION_CONTEXT('2D SPACE',''
  ) );
#13575 = PCURVE('',#12090,#13576);
#13576 = DEFINITIONAL_REPRESENTATION('',(#13577),#13581);
#13577 = LINE('',#13578,#13579);
#13578 = CARTESIAN_POINT('',(0.,0.));
#13579 = VECTOR('',#13580,1.);
#13580 = DIRECTION('',(0.,-1.));
#13581 = ( GEOMETRIC_REPRESENTATION_CONTEXT(2) 
PARAMETRIC_REPRESENTATION_CONTEXT() REPRESENTATION_CONTEXT('2D SPACE',''
  ) );
#13582 = ORIENTED_EDGE('',*,*,#13077,.F.);
#13583 = ORIENTED_EDGE('',*,*,#13584,.T.);
#13584 = EDGE_CURVE('',#13021,#13514,#13585,.T.);
#13585 = SURFACE_CURVE('',#13586,(#13590,#13597),.PCURVE_S1.);
#13586 = LINE('',#13587,#13588);
#13587 = CARTESIAN_POINT('',(-6.8,19.8,1.25));
#13588 = VECTOR('',#13589,1.);
#13589 = DIRECTION('',(0.,-1.,0.));
#13590 = PCURVE('',#13092,#13591);
#13591 = DEFINITIONAL_REPRESENTATION('',(#13592),#13596);
#13592 = LINE('',#13593,#13594);
#13593 = CARTESIAN_POINT('',(6.28318530718,0.));
#13594 = VECTOR('',#13595,1.);
#13595 = DIRECTION('',(0.,1.));
#13596 = ( GEOMETRIC_REPRESENTATION_CONTEXT(2) 
PARAMETRIC_REPRESENTATION_CONTEXT() REPRESENTATION_CONTEXT('2D SPACE',''
  ) );
#13597 = PCURVE('',#13036,#13598);
#13598 = DEFINITIONAL_REPRESENTATION('',(#13599),#13603);
#13599 = LINE('',#13600,#13601);
#13600 = CARTESIAN_POINT('',(-1.5,0.));
#13601 = VECTOR('',#13602,1.);
#13602 = DIRECTION('',(0.,-1.));
#13603 = ( GEOMETRIC_REPRESENTATION_CONTEXT(2) 
PARAMETRIC_REPRESENTATION_CONTEXT() REPRESENTATION_CONTEXT('2D SPACE',''
  ) );
#13604 = ADVANCED_FACE('',(#13605),#13036,.T.);
#13605 = FACE_BOUND('',#13606,.T.);
#13606 = EDGE_LOOP('',(#13607,#13628,#13629,#13630));
#13607 = ORIENTED_EDGE('',*,*,#13608,.F.);
#13608 = EDGE_CURVE('',#12966,#13490,#13609,.T.);
#13609 = SURFACE_CURVE('',#13610,(#13614,#13621),.PCURVE_S1.);
#13610 = LINE('',#13611,#13612);
#13611 = CARTESIAN_POINT('',(-5.3,19.8,1.25));
#13612 = VECTOR('',#13613,1.);
#13613 = DIRECTION('',(0.,-1.,0.));
#13614 = PCURVE('',#13036,#13615);
#13615 = DEFINITIONAL_REPRESENTATION('',(#13616),#13620);
#13616 = LINE('',#13617,#13618);
#13617 = CARTESIAN_POINT('',(0.,0.));
#13618 = VECTOR('',#13619,1.);
#13619 = DIRECTION('',(0.,-1.));
#13620 = ( GEOMETRIC_REPRESENTATION_CONTEXT(2) 
PARAMETRIC_REPRESENTATION_CONTEXT() REPRESENTATION_CONTEXT('2D SPACE',''
  ) );
#13621 = PCURVE('',#12982,#13622);
#13622 = DEFINITIONAL_REPRESENTATION('',(#13623),#13627);
#13623 = LINE('',#13624,#13625);
#13624 = CARTESIAN_POINT('',(3.14159265359,0.));
#13625 = VECTOR('',#13626,1.);
#13626 = DIRECTION('',(0.,1.));
#13627 = ( GEOMETRIC_REPRESENTATION_CONTEXT(2) 
PARAMETRIC_REPRESENTATION_CONTEXT() REPRESENTATION_CONTEXT('2D SPACE',''
  ) );
#13628 = ORIENTED_EDGE('',*,*,#13020,.T.);
#13629 = ORIENTED_EDGE('',*,*,#13584,.T.);
#13630 = ORIENTED_EDGE('',*,*,#13513,.F.);
#13631 = ADVANCED_FACE('',(#13632),#12982,.T.);
#13632 = FACE_BOUND('',#13633,.T.);
#13633 = EDGE_LOOP('',(#13634,#13635,#13636,#13637));
#13634 = ORIENTED_EDGE('',*,*,#12965,.F.);
#13635 = ORIENTED_EDGE('',*,*,#13608,.T.);
#13636 = ORIENTED_EDGE('',*,*,#13489,.T.);
#13637 = ORIENTED_EDGE('',*,*,#13638,.F.);
#13638 = EDGE_CURVE('',#12912,#13467,#13639,.T.);
#13639 = SURFACE_CURVE('',#13640,(#13644,#13651),.PCURVE_S1.);
#13640 = LINE('',#13641,#13642);
#13641 = CARTESIAN_POINT('',(-5.1,19.8,1.05));
#13642 = VECTOR('',#13643,1.);
#13643 = DIRECTION('',(0.,-1.,0.));
#13644 = PCURVE('',#12982,#13645);
#13645 = DEFINITIONAL_REPRESENTATION('',(#13646),#13650);
#13646 = LINE('',#13647,#13648);
#13647 = CARTESIAN_POINT('',(1.570796326795,0.));
#13648 = VECTOR('',#13649,1.);
#13649 = DIRECTION('',(0.,1.));
#13650 = ( GEOMETRIC_REPRESENTATION_CONTEXT(2) 
PARAMETRIC_REPRESENTATION_CONTEXT() REPRESENTATION_CONTEXT('2D SPACE',''
  ) );
#13651 = PCURVE('',#12927,#13652);
#13652 = DEFINITIONAL_REPRESENTATION('',(#13653),#13657);
#13653 = LINE('',#13654,#13655);
#13654 = CARTESIAN_POINT('',(-3.076951545867E-02,0.));
#13655 = VECTOR('',#13656,1.);
#13656 = DIRECTION('',(0.,-1.));
#13657 = ( GEOMETRIC_REPRESENTATION_CONTEXT(2) 
PARAMETRIC_REPRESENTATION_CONTEXT() REPRESENTATION_CONTEXT('2D SPACE',''
  ) );
#13658 = ADVANCED_FACE('',(#13659),#12927,.T.);
#13659 = FACE_BOUND('',#13660,.T.);
#13660 = EDGE_LOOP('',(#13661,#13682,#13683,#13684));
#13661 = ORIENTED_EDGE('',*,*,#13662,.F.);
#13662 = EDGE_CURVE('',#12857,#13443,#13663,.T.);
#13663 = SURFACE_CURVE('',#13664,(#13668,#13675),.PCURVE_S1.);
#13664 = LINE('',#13665,#13666);
#13665 = CARTESIAN_POINT('',(-5.1,19.8,1.019230484541));
#13666 = VECTOR('',#13667,1.);
#13667 = DIRECTION('',(0.,-1.,0.));
#13668 = PCURVE('',#12927,#13669);
#13669 = DEFINITIONAL_REPRESENTATION('',(#13670),#13674);
#13670 = LINE('',#13671,#13672);
#13671 = CARTESIAN_POINT('',(0.,0.));
#13672 = VECTOR('',#13673,1.);
#13673 = DIRECTION('',(0.,-1.));
#13674 = ( GEOMETRIC_REPRESENTATION_CONTEXT(2) 
PARAMETRIC_REPRESENTATION_CONTEXT() REPRESENTATION_CONTEXT('2D SPACE',''
  ) );
#13675 = PCURVE('',#12896,#13676);
#13676 = DEFINITIONAL_REPRESENTATION('',(#13677),#13681);
#13677 = LINE('',#13678,#13679);
#13678 = CARTESIAN_POINT('',(4.712388980385,0.));
#13679 = VECTOR('',#13680,1.);
#13680 = DIRECTION('',(0.,1.));
#13681 = ( GEOMETRIC_REPRESENTATION_CONTEXT(2) 
PARAMETRIC_REPRESENTATION_CONTEXT() REPRESENTATION_CONTEXT('2D SPACE',''
  ) );
#13682 = ORIENTED_EDGE('',*,*,#12911,.T.);
#13683 = ORIENTED_EDGE('',*,*,#13638,.T.);
#13684 = ORIENTED_EDGE('',*,*,#13466,.F.);
#13685 = ADVANCED_FACE('',(#13686),#12896,.F.);
#13686 = FACE_BOUND('',#13687,.F.);
#13687 = EDGE_LOOP('',(#13688,#13689,#13690,#13691));
#13688 = ORIENTED_EDGE('',*,*,#13442,.T.);
#13689 = ORIENTED_EDGE('',*,*,#13662,.F.);
#13690 = ORIENTED_EDGE('',*,*,#12881,.F.);
#13691 = ORIENTED_EDGE('',*,*,#13692,.T.);
#13692 = EDGE_CURVE('',#12803,#13420,#13693,.T.);
#13693 = SURFACE_CURVE('',#13694,(#13698,#13705),.PCURVE_S1.);
#13694 = LINE('',#13695,#13696);
#13695 = CARTESIAN_POINT('',(-4.85,19.8,0.586217782649));
#13696 = VECTOR('',#13697,1.);
#13697 = DIRECTION('',(0.,-1.,0.));
#13698 = PCURVE('',#12896,#13699);
#13699 = DEFINITIONAL_REPRESENTATION('',(#13700),#13704);
#13700 = LINE('',#13701,#13702);
#13701 = CARTESIAN_POINT('',(5.759586531581,0.));
#13702 = VECTOR('',#13703,1.);
#13703 = DIRECTION('',(0.,1.));
#13704 = ( GEOMETRIC_REPRESENTATION_CONTEXT(2) 
PARAMETRIC_REPRESENTATION_CONTEXT() REPRESENTATION_CONTEXT('2D SPACE',''
  ) );
#13705 = PCURVE('',#12818,#13706);
#13706 = DEFINITIONAL_REPRESENTATION('',(#13707),#13711);
#13707 = LINE('',#13708,#13709);
#13708 = CARTESIAN_POINT('',(-1.172435565298,0.));
#13709 = VECTOR('',#13710,1.);
#13710 = DIRECTION('',(0.,-1.));
#13711 = ( GEOMETRIC_REPRESENTATION_CONTEXT(2) 
PARAMETRIC_REPRESENTATION_CONTEXT() REPRESENTATION_CONTEXT('2D SPACE',''
  ) );
#13712 = ADVANCED_FACE('',(#13713),#12818,.T.);
#13713 = FACE_BOUND('',#13714,.T.);
#13714 = EDGE_LOOP('',(#13715,#13736,#13737,#13738));
#13715 = ORIENTED_EDGE('',*,*,#13716,.F.);
#13716 = EDGE_CURVE('',#12749,#13397,#13717,.T.);
#13717 = SURFACE_CURVE('',#13718,(#13722,#13729),.PCURVE_S1.);
#13718 = LINE('',#13719,#13720);
#13719 = CARTESIAN_POINT('',(-3.834641016151,19.8,0.));
#13720 = VECTOR('',#13721,1.);
#13721 = DIRECTION('',(0.,-1.,0.));
#13722 = PCURVE('',#12818,#13723);
#13723 = DEFINITIONAL_REPRESENTATION('',(#13724),#13728);
#13724 = LINE('',#13725,#13726);
#13725 = CARTESIAN_POINT('',(0.,0.));
#13726 = VECTOR('',#13727,1.);
#13727 = DIRECTION('',(0.,-1.));
#13728 = ( GEOMETRIC_REPRESENTATION_CONTEXT(2) 
PARAMETRIC_REPRESENTATION_CONTEXT() REPRESENTATION_CONTEXT('2D SPACE',''
  ) );
#13729 = PCURVE('',#12764,#13730);
#13730 = DEFINITIONAL_REPRESENTATION('',(#13731),#13735);
#13731 = LINE('',#13732,#13733);
#13732 = CARTESIAN_POINT('',(-4.169282032303,0.));
#13733 = VECTOR('',#13734,1.);
#13734 = DIRECTION('',(0.,-1.));
#13735 = ( GEOMETRIC_REPRESENTATION_CONTEXT(2) 
PARAMETRIC_REPRESENTATION_CONTEXT() REPRESENTATION_CONTEXT('2D SPACE',''
  ) );
#13736 = ORIENTED_EDGE('',*,*,#12802,.T.);
#13737 = ORIENTED_EDGE('',*,*,#13692,.T.);
#13738 = ORIENTED_EDGE('',*,*,#13419,.F.);
#13739 = ADVANCED_FACE('',(#13740),#12764,.T.);
#13740 = FACE_BOUND('',#13741,.T.);
#13741 = EDGE_LOOP('',(#13742,#13763,#13764,#13765));
#13742 = ORIENTED_EDGE('',*,*,#13743,.F.);
#13743 = EDGE_CURVE('',#12695,#13374,#13744,.T.);
#13744 = SURFACE_CURVE('',#13745,(#13749,#13756),.PCURVE_S1.);
#13745 = LINE('',#13746,#13747);
#13746 = CARTESIAN_POINT('',(0.334641016151,19.8,0.));
#13747 = VECTOR('',#13748,1.);
#13748 = DIRECTION('',(0.,-1.,0.));
#13749 = PCURVE('',#12764,#13750);
#13750 = DEFINITIONAL_REPRESENTATION('',(#13751),#13755);
#13751 = LINE('',#13752,#13753);
#13752 = CARTESIAN_POINT('',(0.,0.));
#13753 = VECTOR('',#13754,1.);
#13754 = DIRECTION('',(0.,-1.));
#13755 = ( GEOMETRIC_REPRESENTATION_CONTEXT(2) 
PARAMETRIC_REPRESENTATION_CONTEXT() REPRESENTATION_CONTEXT('2D SPACE',''
  ) );
#13756 = PCURVE('',#12710,#13757);
#13757 = DEFINITIONAL_REPRESENTATION('',(#13758),#13762);
#13758 = LINE('',#13759,#13760);
#13759 = CARTESIAN_POINT('',(-0.595085296109,0.));
#13760 = VECTOR('',#13761,1.);
#13761 = DIRECTION('',(0.,-1.));
#13762 = ( GEOMETRIC_REPRESENTATION_CONTEXT(2) 
PARAMETRIC_REPRESENTATION_CONTEXT() REPRESENTATION_CONTEXT('2D SPACE',''
  ) );
#13763 = ORIENTED_EDGE('',*,*,#12748,.T.);
#13764 = ORIENTED_EDGE('',*,*,#13716,.T.);
#13765 = ORIENTED_EDGE('',*,*,#13396,.F.);
#13766 = ADVANCED_FACE('',(#13767),#12710,.T.);
#13767 = FACE_BOUND('',#13768,.T.);
#13768 = EDGE_LOOP('',(#13769,#13790,#13791,#13792));
#13769 = ORIENTED_EDGE('',*,*,#13770,.F.);
#13770 = EDGE_CURVE('',#12640,#13350,#13771,.T.);
#13771 = SURFACE_CURVE('',#13772,(#13776,#13783),.PCURVE_S1.);
#13772 = LINE('',#13773,#13774);
#13773 = CARTESIAN_POINT('',(0.85,19.8,0.297542648054));
#13774 = VECTOR('',#13775,1.);
#13775 = DIRECTION('',(0.,-1.,0.));
#13776 = PCURVE('',#12710,#13777);
#13777 = DEFINITIONAL_REPRESENTATION('',(#13778),#13782);
#13778 = LINE('',#13779,#13780);
#13779 = CARTESIAN_POINT('',(0.,0.));
#13780 = VECTOR('',#13781,1.);
#13781 = DIRECTION('',(0.,-1.));
#13782 = ( GEOMETRIC_REPRESENTATION_CONTEXT(2) 
PARAMETRIC_REPRESENTATION_CONTEXT() REPRESENTATION_CONTEXT('2D SPACE',''
  ) );
#13783 = PCURVE('',#12679,#13784);
#13784 = DEFINITIONAL_REPRESENTATION('',(#13785),#13789);
#13785 = LINE('',#13786,#13787);
#13786 = CARTESIAN_POINT('',(0.523598775598,0.));
#13787 = VECTOR('',#13788,1.);
#13788 = DIRECTION('',(0.,1.));
#13789 = ( GEOMETRIC_REPRESENTATION_CONTEXT(2) 
PARAMETRIC_REPRESENTATION_CONTEXT() REPRESENTATION_CONTEXT('2D SPACE',''
  ) );
#13790 = ORIENTED_EDGE('',*,*,#12694,.T.);
#13791 = ORIENTED_EDGE('',*,*,#13743,.T.);
#13792 = ORIENTED_EDGE('',*,*,#13373,.F.);
#13793 = ADVANCED_FACE('',(#13794),#12679,.F.);
#13794 = FACE_BOUND('',#13795,.F.);
#13795 = EDGE_LOOP('',(#13796,#13797,#13798,#13799));
#13796 = ORIENTED_EDGE('',*,*,#13349,.T.);
#13797 = ORIENTED_EDGE('',*,*,#13770,.F.);
#13798 = ORIENTED_EDGE('',*,*,#12664,.F.);
#13799 = ORIENTED_EDGE('',*,*,#13800,.T.);
#13800 = EDGE_CURVE('',#12586,#13327,#13801,.T.);
#13801 = SURFACE_CURVE('',#13802,(#13806,#13813),.PCURVE_S1.);
#13802 = LINE('',#13803,#13804);
#13803 = CARTESIAN_POINT('',(1.1,19.8,0.730555349947));
#13804 = VECTOR('',#13805,1.);
#13805 = DIRECTION('',(0.,-1.,0.));
#13806 = PCURVE('',#12679,#13807);
#13807 = DEFINITIONAL_REPRESENTATION('',(#13808),#13812);
#13808 = LINE('',#13809,#13810);
#13809 = CARTESIAN_POINT('',(1.570796326795,0.));
#13810 = VECTOR('',#13811,1.);
#13811 = DIRECTION('',(0.,1.));
#13812 = ( GEOMETRIC_REPRESENTATION_CONTEXT(2) 
PARAMETRIC_REPRESENTATION_CONTEXT() REPRESENTATION_CONTEXT('2D SPACE',''
  ) );
#13813 = PCURVE('',#12601,#13814);
#13814 = DEFINITIONAL_REPRESENTATION('',(#13815),#13819);
#13815 = LINE('',#13816,#13817);
#13816 = CARTESIAN_POINT('',(-3.169444650053,0.));
#13817 = VECTOR('',#13818,1.);
#13818 = DIRECTION('',(0.,-1.));
#13819 = ( GEOMETRIC_REPRESENTATION_CONTEXT(2) 
PARAMETRIC_REPRESENTATION_CONTEXT() REPRESENTATION_CONTEXT('2D SPACE',''
  ) );
#13820 = ADVANCED_FACE('',(#13821),#12601,.T.);
#13821 = FACE_BOUND('',#13822,.T.);
#13822 = EDGE_LOOP('',(#13823,#13844,#13845,#13846));
#13823 = ORIENTED_EDGE('',*,*,#13824,.F.);
#13824 = EDGE_CURVE('',#12531,#13303,#13825,.T.);
#13825 = SURFACE_CURVE('',#13826,(#13830,#13837),.PCURVE_S1.);
#13826 = LINE('',#13827,#13828);
#13827 = CARTESIAN_POINT('',(1.1,19.8,3.9));
#13828 = VECTOR('',#13829,1.);
#13829 = DIRECTION('',(0.,-1.,0.));
#13830 = PCURVE('',#12601,#13831);
#13831 = DEFINITIONAL_REPRESENTATION('',(#13832),#13836);
#13832 = LINE('',#13833,#13834);
#13833 = CARTESIAN_POINT('',(0.,0.));
#13834 = VECTOR('',#13835,1.);
#13835 = DIRECTION('',(0.,-1.));
#13836 = ( GEOMETRIC_REPRESENTATION_CONTEXT(2) 
PARAMETRIC_REPRESENTATION_CONTEXT() REPRESENTATION_CONTEXT('2D SPACE',''
  ) );
#13837 = PCURVE('',#12570,#13838);
#13838 = DEFINITIONAL_REPRESENTATION('',(#13839),#13843);
#13839 = LINE('',#13840,#13841);
#13840 = CARTESIAN_POINT('',(1.570796326795,0.));
#13841 = VECTOR('',#13842,1.);
#13842 = DIRECTION('',(0.,1.));
#13843 = ( GEOMETRIC_REPRESENTATION_CONTEXT(2) 
PARAMETRIC_REPRESENTATION_CONTEXT() REPRESENTATION_CONTEXT('2D SPACE',''
  ) );
#13844 = ORIENTED_EDGE('',*,*,#12585,.T.);
#13845 = ORIENTED_EDGE('',*,*,#13800,.T.);
#13846 = ORIENTED_EDGE('',*,*,#13326,.F.);
#13847 = ADVANCED_FACE('',(#13848),#12570,.F.);
#13848 = FACE_BOUND('',#13849,.F.);
#13849 = EDGE_LOOP('',(#13850,#13851,#13852,#13853));
#13850 = ORIENTED_EDGE('',*,*,#13302,.T.);
#13851 = ORIENTED_EDGE('',*,*,#13824,.F.);
#13852 = ORIENTED_EDGE('',*,*,#12555,.F.);
#13853 = ORIENTED_EDGE('',*,*,#13854,.T.);
#13854 = EDGE_CURVE('',#12477,#13280,#13855,.T.);
#13855 = SURFACE_CURVE('',#13856,(#13860,#13867),.PCURVE_S1.);
#13856 = LINE('',#13857,#13858);
#13857 = CARTESIAN_POINT('',(0.6,19.8,4.4));
#13858 = VECTOR('',#13859,1.);
#13859 = DIRECTION('',(0.,-1.,0.));
#13860 = PCURVE('',#12570,#13861);
#13861 = DEFINITIONAL_REPRESENTATION('',(#13862),#13866);
#13862 = LINE('',#13863,#13864);
#13863 = CARTESIAN_POINT('',(3.14159265359,0.));
#13864 = VECTOR('',#13865,1.);
#13865 = DIRECTION('',(0.,1.));
#13866 = ( GEOMETRIC_REPRESENTATION_CONTEXT(2) 
PARAMETRIC_REPRESENTATION_CONTEXT() REPRESENTATION_CONTEXT('2D SPACE',''
  ) );
#13867 = PCURVE('',#12492,#13868);
#13868 = DEFINITIONAL_REPRESENTATION('',(#13869),#13873);
#13869 = LINE('',#13870,#13871);
#13870 = CARTESIAN_POINT('',(-4.45,0.));
#13871 = VECTOR('',#13872,1.);
#13872 = DIRECTION('',(0.,-1.));
#13873 = ( GEOMETRIC_REPRESENTATION_CONTEXT(2) 
PARAMETRIC_REPRESENTATION_CONTEXT() REPRESENTATION_CONTEXT('2D SPACE',''
  ) );
#13874 = ADVANCED_FACE('',(#13875),#12492,.T.);
#13875 = FACE_BOUND('',#13876,.T.);
#13876 = EDGE_LOOP('',(#13877,#13898,#13899,#13900));
#13877 = ORIENTED_EDGE('',*,*,#13878,.F.);
#13878 = EDGE_CURVE('',#12422,#13256,#13879,.T.);
#13879 = SURFACE_CURVE('',#13880,(#13884,#13891),.PCURVE_S1.);
#13880 = LINE('',#13881,#13882);
#13881 = CARTESIAN_POINT('',(-3.85,19.8,4.4));
#13882 = VECTOR('',#13883,1.);
#13883 = DIRECTION('',(0.,-1.,0.));
#13884 = PCURVE('',#12492,#13885);
#13885 = DEFINITIONAL_REPRESENTATION('',(#13886),#13890);
#13886 = LINE('',#13887,#13888);
#13887 = CARTESIAN_POINT('',(0.,0.));
#13888 = VECTOR('',#13889,1.);
#13889 = DIRECTION('',(0.,-1.));
#13890 = ( GEOMETRIC_REPRESENTATION_CONTEXT(2) 
PARAMETRIC_REPRESENTATION_CONTEXT() REPRESENTATION_CONTEXT('2D SPACE',''
  ) );
#13891 = PCURVE('',#12461,#13892);
#13892 = DEFINITIONAL_REPRESENTATION('',(#13893),#13897);
#13893 = LINE('',#13894,#13895);
#13894 = CARTESIAN_POINT('',(3.14159265359,0.));
#13895 = VECTOR('',#13896,1.);
#13896 = DIRECTION('',(0.,1.));
#13897 = ( GEOMETRIC_REPRESENTATION_CONTEXT(2) 
PARAMETRIC_REPRESENTATION_CONTEXT() REPRESENTATION_CONTEXT('2D SPACE',''
  ) );
#13898 = ORIENTED_EDGE('',*,*,#12476,.T.);
#13899 = ORIENTED_EDGE('',*,*,#13854,.T.);
#13900 = ORIENTED_EDGE('',*,*,#13279,.F.);
#13901 = ADVANCED_FACE('',(#13902),#12461,.F.);
#13902 = FACE_BOUND('',#13903,.F.);
#13903 = EDGE_LOOP('',(#13904,#13905,#13906,#13907));
#13904 = ORIENTED_EDGE('',*,*,#13255,.T.);
#13905 = ORIENTED_EDGE('',*,*,#13878,.F.);
#13906 = ORIENTED_EDGE('',*,*,#12446,.F.);
#13907 = ORIENTED_EDGE('',*,*,#13908,.T.);
#13908 = EDGE_CURVE('',#12368,#13233,#13909,.T.);
#13909 = SURFACE_CURVE('',#13910,(#13914,#13921),.PCURVE_S1.);
#13910 = LINE('',#13911,#13912);
#13911 = CARTESIAN_POINT('',(-4.1,19.8,4.333012701892));
#13912 = VECTOR('',#13913,1.);
#13913 = DIRECTION('',(0.,-1.,0.));
#13914 = PCURVE('',#12461,#13915);
#13915 = DEFINITIONAL_REPRESENTATION('',(#13916),#13920);
#13916 = LINE('',#13917,#13918);
#13917 = CARTESIAN_POINT('',(3.665191429188,0.));
#13918 = VECTOR('',#13919,1.);
#13919 = DIRECTION('',(0.,1.));
#13920 = ( GEOMETRIC_REPRESENTATION_CONTEXT(2) 
PARAMETRIC_REPRESENTATION_CONTEXT() REPRESENTATION_CONTEXT('2D SPACE',''
  ) );
#13921 = PCURVE('',#12383,#13922);
#13922 = DEFINITIONAL_REPRESENTATION('',(#13923),#13927);
#13923 = LINE('',#13924,#13925);
#13924 = CARTESIAN_POINT('',(-0.866025403784,0.));
#13925 = VECTOR('',#13926,1.);
#13926 = DIRECTION('',(-0.,-1.));
#13927 = ( GEOMETRIC_REPRESENTATION_CONTEXT(2) 
PARAMETRIC_REPRESENTATION_CONTEXT() REPRESENTATION_CONTEXT('2D SPACE',''
  ) );
#13928 = ADVANCED_FACE('',(#13929),#12383,.T.);
#13929 = FACE_BOUND('',#13930,.T.);
#13930 = EDGE_LOOP('',(#13931,#13952,#13953,#13954));
#13931 = ORIENTED_EDGE('',*,*,#13932,.F.);
#13932 = EDGE_CURVE('',#12313,#13209,#13933,.T.);
#13933 = SURFACE_CURVE('',#13934,(#13938,#13945),.PCURVE_S1.);
#13934 = LINE('',#13935,#13936);
#13935 = CARTESIAN_POINT('',(-4.85,19.8,3.9));
#13936 = VECTOR('',#13937,1.);
#13937 = DIRECTION('',(0.,-1.,0.));
#13938 = PCURVE('',#12383,#13939);
#13939 = DEFINITIONAL_REPRESENTATION('',(#13940),#13944);
#13940 = LINE('',#13941,#13942);
#13941 = CARTESIAN_POINT('',(0.,0.));
#13942 = VECTOR('',#13943,1.);
#13943 = DIRECTION('',(-0.,-1.));
#13944 = ( GEOMETRIC_REPRESENTATION_CONTEXT(2) 
PARAMETRIC_REPRESENTATION_CONTEXT() REPRESENTATION_CONTEXT('2D SPACE',''
  ) );
#13945 = PCURVE('',#12352,#13946);
#13946 = DEFINITIONAL_REPRESENTATION('',(#13947),#13951);
#13947 = LINE('',#13948,#13949);
#13948 = CARTESIAN_POINT('',(3.665191429188,0.));
#13949 = VECTOR('',#13950,1.);
#13950 = DIRECTION('',(0.,1.));
#13951 = ( GEOMETRIC_REPRESENTATION_CONTEXT(2) 
PARAMETRIC_REPRESENTATION_CONTEXT() REPRESENTATION_CONTEXT('2D SPACE',''
  ) );
#13952 = ORIENTED_EDGE('',*,*,#12367,.T.);
#13953 = ORIENTED_EDGE('',*,*,#13908,.T.);
#13954 = ORIENTED_EDGE('',*,*,#13232,.F.);
#13955 = ADVANCED_FACE('',(#13956),#12352,.F.);
#13956 = FACE_BOUND('',#13957,.F.);
#13957 = EDGE_LOOP('',(#13958,#13959,#13960,#13961));
#13958 = ORIENTED_EDGE('',*,*,#13208,.T.);
#13959 = ORIENTED_EDGE('',*,*,#13932,.F.);
#13960 = ORIENTED_EDGE('',*,*,#12337,.F.);
#13961 = ORIENTED_EDGE('',*,*,#13962,.T.);
#13962 = EDGE_CURVE('',#12258,#13185,#13963,.T.);
#13963 = SURFACE_CURVE('',#13964,(#13968,#13975),.PCURVE_S1.);
#13964 = LINE('',#13965,#13966);
#13965 = CARTESIAN_POINT('',(-5.096471676926,19.8,3.526282104035));
#13966 = VECTOR('',#13967,1.);
#13967 = DIRECTION('',(0.,-1.,0.));
#13968 = PCURVE('',#12352,#13969);
#13969 = DEFINITIONAL_REPRESENTATION('',(#13970),#13974);
#13970 = LINE('',#13971,#13972);
#13971 = CARTESIAN_POINT('',(4.593519630457,0.));
#13972 = VECTOR('',#13973,1.);
#13973 = DIRECTION('',(0.,1.));
#13974 = ( GEOMETRIC_REPRESENTATION_CONTEXT(2) 
PARAMETRIC_REPRESENTATION_CONTEXT() REPRESENTATION_CONTEXT('2D SPACE',''
  ) );
#13975 = PCURVE('',#12274,#13976);
#13976 = DEFINITIONAL_REPRESENTATION('',(#13977),#13981);
#13977 = LINE('',#13978,#13979);
#13978 = CARTESIAN_POINT('',(1.451927109834,0.));
#13979 = VECTOR('',#13980,1.);
#13980 = DIRECTION('',(0.,1.));
#13981 = ( GEOMETRIC_REPRESENTATION_CONTEXT(2) 
PARAMETRIC_REPRESENTATION_CONTEXT() REPRESENTATION_CONTEXT('2D SPACE',''
  ) );
#13982 = ADVANCED_FACE('',(#13983),#12274,.T.);
#13983 = FACE_BOUND('',#13984,.T.);
#13984 = EDGE_LOOP('',(#13985,#13986,#13987,#13988));
#13985 = ORIENTED_EDGE('',*,*,#12257,.F.);
#13986 = ORIENTED_EDGE('',*,*,#13962,.T.);
#13987 = ORIENTED_EDGE('',*,*,#13184,.T.);
#13988 = ORIENTED_EDGE('',*,*,#13989,.F.);
#13989 = EDGE_CURVE('',#12204,#13162,#13990,.T.);
#13990 = SURFACE_CURVE('',#13991,(#13995,#14002),.PCURVE_S1.);
#13991 = LINE('',#13992,#13993);
#13992 = CARTESIAN_POINT('',(-5.295060350851,19.8,3.35));
#13993 = VECTOR('',#13994,1.);
#13994 = DIRECTION('',(0.,-1.,0.));
#13995 = PCURVE('',#12274,#13996);
#13996 = DEFINITIONAL_REPRESENTATION('',(#13997),#14001);
#13997 = LINE('',#13998,#13999);
#13998 = CARTESIAN_POINT('',(0.,0.));
#13999 = VECTOR('',#14000,1.);
#14000 = DIRECTION('',(0.,1.));
#14001 = ( GEOMETRIC_REPRESENTATION_CONTEXT(2) 
PARAMETRIC_REPRESENTATION_CONTEXT() REPRESENTATION_CONTEXT('2D SPACE',''
  ) );
#14002 = PCURVE('',#12219,#14003);
#14003 = DEFINITIONAL_REPRESENTATION('',(#14004),#14008);
#14004 = LINE('',#14005,#14006);
#14005 = CARTESIAN_POINT('',(-1.504939649149,0.));
#14006 = VECTOR('',#14007,1.);
#14007 = DIRECTION('',(0.,-1.));
#14008 = ( GEOMETRIC_REPRESENTATION_CONTEXT(2) 
PARAMETRIC_REPRESENTATION_CONTEXT() REPRESENTATION_CONTEXT('2D SPACE',''
  ) );
#14009 = ADVANCED_FACE('',(#14010),#12219,.T.);
#14010 = FACE_BOUND('',#14011,.T.);
#14011 = EDGE_LOOP('',(#14012,#14033,#14034,#14035));
#14012 = ORIENTED_EDGE('',*,*,#14013,.F.);
#14013 = EDGE_CURVE('',#12149,#13138,#14014,.T.);
#14014 = SURFACE_CURVE('',#14015,(#14019,#14026),.PCURVE_S1.);
#14015 = LINE('',#14016,#14017);
#14016 = CARTESIAN_POINT('',(-6.8,19.8,3.35));
#14017 = VECTOR('',#14018,1.);
#14018 = DIRECTION('',(0.,-1.,0.));
#14019 = PCURVE('',#12219,#14020);
#14020 = DEFINITIONAL_REPRESENTATION('',(#14021),#14025);
#14021 = LINE('',#14022,#14023);
#14022 = CARTESIAN_POINT('',(0.,0.));
#14023 = VECTOR('',#14024,1.);
#14024 = DIRECTION('',(0.,-1.));
#14025 = ( GEOMETRIC_REPRESENTATION_CONTEXT(2) 
PARAMETRIC_REPRESENTATION_CONTEXT() REPRESENTATION_CONTEXT('2D SPACE',''
  ) );
#14026 = PCURVE('',#12188,#14027);
#14027 = DEFINITIONAL_REPRESENTATION('',(#14028),#14032);
#14028 = LINE('',#14029,#14030);
#14029 = CARTESIAN_POINT('',(3.14159265359,0.));
#14030 = VECTOR('',#14031,1.);
#14031 = DIRECTION('',(0.,1.));
#14032 = ( GEOMETRIC_REPRESENTATION_CONTEXT(2) 
PARAMETRIC_REPRESENTATION_CONTEXT() REPRESENTATION_CONTEXT('2D SPACE',''
  ) );
#14033 = ORIENTED_EDGE('',*,*,#12203,.T.);
#14034 = ORIENTED_EDGE('',*,*,#13989,.T.);
#14035 = ORIENTED_EDGE('',*,*,#13161,.F.);
#14036 = ADVANCED_FACE('',(#14037),#12188,.F.);
#14037 = FACE_BOUND('',#14038,.F.);
#14038 = EDGE_LOOP('',(#14039,#14040,#14041,#14042));
#14039 = ORIENTED_EDGE('',*,*,#13137,.T.);
#14040 = ORIENTED_EDGE('',*,*,#14013,.F.);
#14041 = ORIENTED_EDGE('',*,*,#12173,.F.);
#14042 = ORIENTED_EDGE('',*,*,#14043,.T.);
#14043 = EDGE_CURVE('',#12075,#13110,#14044,.T.);
#14044 = SURFACE_CURVE('',#14045,(#14049,#14056),.PCURVE_S1.);
#14045 = LINE('',#14046,#14047);
#14046 = CARTESIAN_POINT('',(-7.1,19.8,3.05));
#14047 = VECTOR('',#14048,1.);
#14048 = DIRECTION('',(0.,-1.,0.));
#14049 = PCURVE('',#12188,#14050);
#14050 = DEFINITIONAL_REPRESENTATION('',(#14051),#14055);
#14051 = LINE('',#14052,#14053);
#14052 = CARTESIAN_POINT('',(4.712388980385,0.));
#14053 = VECTOR('',#14054,1.);
#14054 = DIRECTION('',(0.,1.));
#14055 = ( GEOMETRIC_REPRESENTATION_CONTEXT(2) 
PARAMETRIC_REPRESENTATION_CONTEXT() REPRESENTATION_CONTEXT('2D SPACE',''
  ) );
#14056 = PCURVE('',#12090,#14057);
#14057 = DEFINITIONAL_REPRESENTATION('',(#14058),#14062);
#14058 = LINE('',#14059,#14060);
#14059 = CARTESIAN_POINT('',(-1.5,0.));
#14060 = VECTOR('',#14061,1.);
#14061 = DIRECTION('',(0.,-1.));
#14062 = ( GEOMETRIC_REPRESENTATION_CONTEXT(2) 
PARAMETRIC_REPRESENTATION_CONTEXT() REPRESENTATION_CONTEXT('2D SPACE',''
  ) );
#14063 = ADVANCED_FACE('',(#14064),#12090,.T.);
#14064 = FACE_BOUND('',#14065,.T.);
#14065 = EDGE_LOOP('',(#14066,#14067,#14068,#14069));
#14066 = ORIENTED_EDGE('',*,*,#13562,.F.);
#14067 = ORIENTED_EDGE('',*,*,#12072,.T.);
#14068 = ORIENTED_EDGE('',*,*,#14043,.T.);
#14069 = ORIENTED_EDGE('',*,*,#13107,.F.);
#14070 = ADVANCED_FACE('',(#14071),#7802,.T.);
#14071 = FACE_BOUND('',#14072,.T.);
#14072 = EDGE_LOOP('',(#14073,#14103,#14124,#14125));
#14073 = ORIENTED_EDGE('',*,*,#14074,.F.);
#14074 = EDGE_CURVE('',#14075,#14077,#14079,.T.);
#14075 = VERTEX_POINT('',#14076);
#14076 = CARTESIAN_POINT('',(-7.1,18.1,6.55));
#14077 = VERTEX_POINT('',#14078);
#14078 = CARTESIAN_POINT('',(-7.1,18.1,8.05));
#14079 = SURFACE_CURVE('',#14080,(#14084,#14091),.PCURVE_S1.);
#14080 = LINE('',#14081,#14082);
#14081 = CARTESIAN_POINT('',(-7.1,18.1,6.55));
#14082 = VECTOR('',#14083,1.);
#14083 = DIRECTION('',(0.,0.,1.));
#14084 = PCURVE('',#7802,#14085);
#14085 = DEFINITIONAL_REPRESENTATION('',(#14086),#14090);
#14086 = LINE('',#14087,#14088);
#14087 = CARTESIAN_POINT('',(0.,0.));
#14088 = VECTOR('',#14089,1.);
#14089 = DIRECTION('',(0.,1.));
#14090 = ( GEOMETRIC_REPRESENTATION_CONTEXT(2) 
PARAMETRIC_REPRESENTATION_CONTEXT() REPRESENTATION_CONTEXT('2D SPACE',''
  ) );
#14091 = PCURVE('',#14092,#14097);
#14092 = PLANE('',#14093);
#14093 = AXIS2_PLACEMENT_3D('',#14094,#14095,#14096);
#14094 = CARTESIAN_POINT('',(-7.1,19.8,6.55));
#14095 = DIRECTION('',(1.,0.,0.));
#14096 = DIRECTION('',(0.,0.,-1.));
#14097 = DEFINITIONAL_REPRESENTATION('',(#14098),#14102);
#14098 = LINE('',#14099,#14100);
#14099 = CARTESIAN_POINT('',(0.,-1.7));
#14100 = VECTOR('',#14101,1.);
#14101 = DIRECTION('',(-1.,0.));
#14102 = ( GEOMETRIC_REPRESENTATION_CONTEXT(2) 
PARAMETRIC_REPRESENTATION_CONTEXT() REPRESENTATION_CONTEXT('2D SPACE',''
  ) );
#14103 = ORIENTED_EDGE('',*,*,#14104,.F.);
#14104 = EDGE_CURVE('',#7785,#14075,#14105,.T.);
#14105 = SURFACE_CURVE('',#14106,(#14110,#14117),.PCURVE_S1.);
#14106 = LINE('',#14107,#14108);
#14107 = CARTESIAN_POINT('',(-7.1,18.1,6.55));
#14108 = VECTOR('',#14109,1.);
#14109 = DIRECTION('',(0.5,-0.866025403784,0.));
#14110 = PCURVE('',#7802,#14111);
#14111 = DEFINITIONAL_REPRESENTATION('',(#14112),#14116);
#14112 = LINE('',#14113,#14114);
#14113 = CARTESIAN_POINT('',(0.,0.));
#14114 = VECTOR('',#14115,1.);
#14115 = DIRECTION('',(-1.,0.));
#14116 = ( GEOMETRIC_REPRESENTATION_CONTEXT(2) 
PARAMETRIC_REPRESENTATION_CONTEXT() REPRESENTATION_CONTEXT('2D SPACE',''
  ) );
#14117 = PCURVE('',#7835,#14118);
#14118 = DEFINITIONAL_REPRESENTATION('',(#14119),#14123);
#14119 = LINE('',#14120,#14121);
#14120 = CARTESIAN_POINT('',(3.14159265359,1.105703544671E-15));
#14121 = VECTOR('',#14122,1.);
#14122 = DIRECTION('',(0.,-1.));
#14123 = ( GEOMETRIC_REPRESENTATION_CONTEXT(2) 
PARAMETRIC_REPRESENTATION_CONTEXT() REPRESENTATION_CONTEXT('2D SPACE',''
  ) );
#14124 = ORIENTED_EDGE('',*,*,#7784,.T.);
#14125 = ORIENTED_EDGE('',*,*,#14126,.T.);
#14126 = EDGE_CURVE('',#7787,#14077,#14127,.T.);
#14127 = SURFACE_CURVE('',#14128,(#14132,#14139),.PCURVE_S1.);
#14128 = LINE('',#14129,#14130);
#14129 = CARTESIAN_POINT('',(-7.1,18.1,8.05));
#14130 = VECTOR('',#14131,1.);
#14131 = DIRECTION('',(0.5,-0.866025403784,7.228014483237E-16));
#14132 = PCURVE('',#7802,#14133);
#14133 = DEFINITIONAL_REPRESENTATION('',(#14134),#14138);
#14134 = LINE('',#14135,#14136);
#14135 = CARTESIAN_POINT('',(0.,1.5));
#14136 = VECTOR('',#14137,1.);
#14137 = DIRECTION('',(-1.,7.228014483237E-16));
#14138 = ( GEOMETRIC_REPRESENTATION_CONTEXT(2) 
PARAMETRIC_REPRESENTATION_CONTEXT() REPRESENTATION_CONTEXT('2D SPACE',''
  ) );
#14139 = PCURVE('',#8349,#14140);
#14140 = DEFINITIONAL_REPRESENTATION('',(#14141),#14145);
#14141 = LINE('',#14142,#14143);
#14142 = CARTESIAN_POINT('',(3.14159265359,1.538370149107E-15));
#14143 = VECTOR('',#14144,1.);
#14144 = DIRECTION('',(0.,-1.));
#14145 = ( GEOMETRIC_REPRESENTATION_CONTEXT(2) 
PARAMETRIC_REPRESENTATION_CONTEXT() REPRESENTATION_CONTEXT('2D SPACE',''
  ) );
#14146 = ADVANCED_FACE('',(#14147),#8349,.F.);
#14147 = FACE_BOUND('',#14148,.F.);
#14148 = EDGE_LOOP('',(#14149,#14172,#14173,#14174));
#14149 = ORIENTED_EDGE('',*,*,#14150,.F.);
#14150 = EDGE_CURVE('',#8303,#14151,#14153,.T.);
#14151 = VERTEX_POINT('',#14152);
#14152 = CARTESIAN_POINT('',(-6.8,18.1,8.35));
#14153 = SURFACE_CURVE('',#14154,(#14158,#14165),.PCURVE_S1.);
#14154 = LINE('',#14155,#14156);
#14155 = CARTESIAN_POINT('',(-6.8,18.1,8.35));
#14156 = VECTOR('',#14157,1.);
#14157 = DIRECTION('',(0.,-0.866025403784,-0.5));
#14158 = PCURVE('',#8349,#14159);
#14159 = DEFINITIONAL_REPRESENTATION('',(#14160),#14164);
#14160 = LINE('',#14161,#14162);
#14161 = CARTESIAN_POINT('',(4.712388980385,1.15377761183E-15));
#14162 = VECTOR('',#14163,1.);
#14163 = DIRECTION('',(0.,-1.));
#14164 = ( GEOMETRIC_REPRESENTATION_CONTEXT(2) 
PARAMETRIC_REPRESENTATION_CONTEXT() REPRESENTATION_CONTEXT('2D SPACE',''
  ) );
#14165 = PCURVE('',#8318,#14166);
#14166 = DEFINITIONAL_REPRESENTATION('',(#14167),#14171);
#14167 = LINE('',#14168,#14169);
#14168 = CARTESIAN_POINT('',(0.,0.));
#14169 = VECTOR('',#14170,1.);
#14170 = DIRECTION('',(-1.,0.));
#14171 = ( GEOMETRIC_REPRESENTATION_CONTEXT(2) 
PARAMETRIC_REPRESENTATION_CONTEXT() REPRESENTATION_CONTEXT('2D SPACE',''
  ) );
#14172 = ORIENTED_EDGE('',*,*,#8330,.F.);
#14173 = ORIENTED_EDGE('',*,*,#14126,.T.);
#14174 = ORIENTED_EDGE('',*,*,#14175,.T.);
#14175 = EDGE_CURVE('',#14077,#14151,#14176,.T.);
#14176 = SURFACE_CURVE('',#14177,(#14182,#14189),.PCURVE_S1.);
#14177 = CIRCLE('',#14178,0.3);
#14178 = AXIS2_PLACEMENT_3D('',#14179,#14180,#14181);
#14179 = CARTESIAN_POINT('',(-6.8,18.1,8.05));
#14180 = DIRECTION('',(-0.,1.,0.));
#14181 = DIRECTION('',(1.,0.,0.));
#14182 = PCURVE('',#8349,#14183);
#14183 = DEFINITIONAL_REPRESENTATION('',(#14184),#14188);
#14184 = LINE('',#14185,#14186);
#14185 = CARTESIAN_POINT('',(0.,-2.403703357979E-17));
#14186 = VECTOR('',#14187,1.);
#14187 = DIRECTION('',(1.,0.));
#14188 = ( GEOMETRIC_REPRESENTATION_CONTEXT(2) 
PARAMETRIC_REPRESENTATION_CONTEXT() REPRESENTATION_CONTEXT('2D SPACE',''
  ) );
#14189 = PCURVE('',#14190,#14195);
#14190 = CYLINDRICAL_SURFACE('',#14191,0.3);
#14191 = AXIS2_PLACEMENT_3D('',#14192,#14193,#14194);
#14192 = CARTESIAN_POINT('',(-6.8,19.8,8.05));
#14193 = DIRECTION('',(0.,-1.,0.));
#14194 = DIRECTION('',(0.,0.,-1.));
#14195 = DEFINITIONAL_REPRESENTATION('',(#14196),#14200);
#14196 = LINE('',#14197,#14198);
#14197 = CARTESIAN_POINT('',(7.853981633974,1.7));
#14198 = VECTOR('',#14199,1.);
#14199 = DIRECTION('',(-1.,0.));
#14200 = ( GEOMETRIC_REPRESENTATION_CONTEXT(2) 
PARAMETRIC_REPRESENTATION_CONTEXT() REPRESENTATION_CONTEXT('2D SPACE',''
  ) );
#14201 = ADVANCED_FACE('',(#14202),#8318,.T.);
#14202 = FACE_BOUND('',#14203,.T.);
#14203 = EDGE_LOOP('',(#14204,#14232,#14233,#14234));
#14204 = ORIENTED_EDGE('',*,*,#14205,.F.);
#14205 = EDGE_CURVE('',#14151,#14206,#14208,.T.);
#14206 = VERTEX_POINT('',#14207);
#14207 = CARTESIAN_POINT('',(-5.295060350851,18.1,8.35));
#14208 = SURFACE_CURVE('',#14209,(#14213,#14220),.PCURVE_S1.);
#14209 = LINE('',#14210,#14211);
#14210 = CARTESIAN_POINT('',(-6.8,18.1,8.35));
#14211 = VECTOR('',#14212,1.);
#14212 = DIRECTION('',(1.,0.,0.));
#14213 = PCURVE('',#8318,#14214);
#14214 = DEFINITIONAL_REPRESENTATION('',(#14215),#14219);
#14215 = LINE('',#14216,#14217);
#14216 = CARTESIAN_POINT('',(0.,0.));
#14217 = VECTOR('',#14218,1.);
#14218 = DIRECTION('',(0.,1.));
#14219 = ( GEOMETRIC_REPRESENTATION_CONTEXT(2) 
PARAMETRIC_REPRESENTATION_CONTEXT() REPRESENTATION_CONTEXT('2D SPACE',''
  ) );
#14220 = PCURVE('',#14221,#14226);
#14221 = PLANE('',#14222);
#14222 = AXIS2_PLACEMENT_3D('',#14223,#14224,#14225);
#14223 = CARTESIAN_POINT('',(-6.8,19.8,8.35));
#14224 = DIRECTION('',(0.,0.,-1.));
#14225 = DIRECTION('',(-1.,0.,0.));
#14226 = DEFINITIONAL_REPRESENTATION('',(#14227),#14231);
#14227 = LINE('',#14228,#14229);
#14228 = CARTESIAN_POINT('',(0.,-1.7));
#14229 = VECTOR('',#14230,1.);
#14230 = DIRECTION('',(-1.,0.));
#14231 = ( GEOMETRIC_REPRESENTATION_CONTEXT(2) 
PARAMETRIC_REPRESENTATION_CONTEXT() REPRESENTATION_CONTEXT('2D SPACE',''
  ) );
#14232 = ORIENTED_EDGE('',*,*,#14150,.F.);
#14233 = ORIENTED_EDGE('',*,*,#8302,.T.);
#14234 = ORIENTED_EDGE('',*,*,#14235,.T.);
#14235 = EDGE_CURVE('',#8270,#14206,#14236,.T.);
#14236 = SURFACE_CURVE('',#14237,(#14241,#14248),.PCURVE_S1.);
#14237 = LINE('',#14238,#14239);
#14238 = CARTESIAN_POINT('',(-5.295060350851,18.1,8.35));
#14239 = VECTOR('',#14240,1.);
#14240 = DIRECTION('',(0.,-0.866025403784,-0.5));
#14241 = PCURVE('',#8318,#14242);
#14242 = DEFINITIONAL_REPRESENTATION('',(#14243),#14247);
#14243 = LINE('',#14244,#14245);
#14244 = CARTESIAN_POINT('',(0.,1.504939649149));
#14245 = VECTOR('',#14246,1.);
#14246 = DIRECTION('',(-1.,0.));
#14247 = ( GEOMETRIC_REPRESENTATION_CONTEXT(2) 
PARAMETRIC_REPRESENTATION_CONTEXT() REPRESENTATION_CONTEXT('2D SPACE',''
  ) );
#14248 = PCURVE('',#8290,#14249);
#14249 = DEFINITIONAL_REPRESENTATION('',(#14250),#14254);
#14250 = LINE('',#14251,#14252);
#14251 = CARTESIAN_POINT('',(4.712388980385,-1.15377761183E-15));
#14252 = VECTOR('',#14253,1.);
#14253 = DIRECTION('',(0.,1.));
#14254 = ( GEOMETRIC_REPRESENTATION_CONTEXT(2) 
PARAMETRIC_REPRESENTATION_CONTEXT() REPRESENTATION_CONTEXT('2D SPACE',''
  ) );
#14255 = ADVANCED_FACE('',(#14256),#8290,.T.);
#14256 = FACE_BOUND('',#14257,.T.);
#14257 = EDGE_LOOP('',(#14258,#14287,#14288,#14289));
#14258 = ORIENTED_EDGE('',*,*,#14259,.T.);
#14259 = EDGE_CURVE('',#14260,#14206,#14262,.T.);
#14260 = VERTEX_POINT('',#14261);
#14261 = CARTESIAN_POINT('',(-5.096471676926,18.1,8.526282104035));
#14262 = SURFACE_CURVE('',#14263,(#14268,#14275),.PCURVE_S1.);
#14263 = CIRCLE('',#14264,0.2);
#14264 = AXIS2_PLACEMENT_3D('',#14265,#14266,#14267);
#14265 = CARTESIAN_POINT('',(-5.295060350851,18.1,8.55));
#14266 = DIRECTION('',(-0.,1.,0.));
#14267 = DIRECTION('',(1.,0.,0.));
#14268 = PCURVE('',#8290,#14269);
#14269 = DEFINITIONAL_REPRESENTATION('',(#14270),#14274);
#14270 = LINE('',#14271,#14272);
#14271 = CARTESIAN_POINT('',(6.28318530718,-9.298521711931E-17));
#14272 = VECTOR('',#14273,1.);
#14273 = DIRECTION('',(-1.,7.449867860201E-17));
#14274 = ( GEOMETRIC_REPRESENTATION_CONTEXT(2) 
PARAMETRIC_REPRESENTATION_CONTEXT() REPRESENTATION_CONTEXT('2D SPACE',''
  ) );
#14275 = PCURVE('',#14276,#14281);
#14276 = CYLINDRICAL_SURFACE('',#14277,0.2);
#14277 = AXIS2_PLACEMENT_3D('',#14278,#14279,#14280);
#14278 = CARTESIAN_POINT('',(-5.295060350851,19.8,8.55));
#14279 = DIRECTION('',(0.,-1.,0.));
#14280 = DIRECTION('',(0.,0.,-1.));
#14281 = DEFINITIONAL_REPRESENTATION('',(#14282),#14286);
#14282 = LINE('',#14283,#14284);
#14283 = CARTESIAN_POINT('',(1.570796326795,1.7));
#14284 = VECTOR('',#14285,1.);
#14285 = DIRECTION('',(-1.,0.));
#14286 = ( GEOMETRIC_REPRESENTATION_CONTEXT(2) 
PARAMETRIC_REPRESENTATION_CONTEXT() REPRESENTATION_CONTEXT('2D SPACE',''
  ) );
#14287 = ORIENTED_EDGE('',*,*,#14235,.F.);
#14288 = ORIENTED_EDGE('',*,*,#8269,.F.);
#14289 = ORIENTED_EDGE('',*,*,#14290,.T.);
#14290 = EDGE_CURVE('',#8237,#14260,#14291,.T.);
#14291 = SURFACE_CURVE('',#14292,(#14296,#14303),.PCURVE_S1.);
#14292 = LINE('',#14293,#14294);
#14293 = CARTESIAN_POINT('',(-5.096471676926,18.1,8.526282104035));
#14294 = VECTOR('',#14295,1.);
#14295 = DIRECTION('',(0.496471676926,-0.866025403784,
    -5.929480592716E-02));
#14296 = PCURVE('',#8290,#14297);
#14297 = DEFINITIONAL_REPRESENTATION('',(#14298),#14302);
#14298 = LINE('',#14299,#14300);
#14299 = CARTESIAN_POINT('',(6.164316090219,-9.219163859194E-13));
#14300 = VECTOR('',#14301,1.);
#14301 = DIRECTION('',(-2.865047494053E-06,0.999999999996));
#14302 = ( GEOMETRIC_REPRESENTATION_CONTEXT(2) 
PARAMETRIC_REPRESENTATION_CONTEXT() REPRESENTATION_CONTEXT('2D SPACE',''
  ) );
#14303 = PCURVE('',#8257,#14304);
#14304 = DEFINITIONAL_REPRESENTATION('',(#14305),#14309);
#14305 = LINE('',#14306,#14307);
#14306 = CARTESIAN_POINT('',(3.260462003518,6.730369402342E-16));
#14307 = VECTOR('',#14308,1.);
#14308 = DIRECTION('',(2.960594732334E-15,-1.));
#14309 = ( GEOMETRIC_REPRESENTATION_CONTEXT(2) 
PARAMETRIC_REPRESENTATION_CONTEXT() REPRESENTATION_CONTEXT('2D SPACE',''
  ) );
#14310 = ADVANCED_FACE('',(#14311),#8257,.F.);
#14311 = FACE_BOUND('',#14312,.F.);
#14312 = EDGE_LOOP('',(#14313,#14336,#14337,#14338));
#14313 = ORIENTED_EDGE('',*,*,#14314,.F.);
#14314 = EDGE_CURVE('',#8209,#14315,#14317,.T.);
#14315 = VERTEX_POINT('',#14316);
#14316 = CARTESIAN_POINT('',(-4.85,18.1,8.9));
#14317 = SURFACE_CURVE('',#14318,(#14322,#14329),.PCURVE_S1.);
#14318 = LINE('',#14319,#14320);
#14319 = CARTESIAN_POINT('',(-4.85,18.1,8.9));
#14320 = VECTOR('',#14321,1.);
#14321 = DIRECTION('',(0.25,-0.866025403784,-0.433012701892));
#14322 = PCURVE('',#8257,#14323);
#14323 = DEFINITIONAL_REPRESENTATION('',(#14324),#14328);
#14324 = LINE('',#14325,#14326);
#14325 = CARTESIAN_POINT('',(4.188790204786,-4.807406715959E-17));
#14326 = VECTOR('',#14327,1.);
#14327 = DIRECTION('',(0.,-1.));
#14328 = ( GEOMETRIC_REPRESENTATION_CONTEXT(2) 
PARAMETRIC_REPRESENTATION_CONTEXT() REPRESENTATION_CONTEXT('2D SPACE',''
  ) );
#14329 = PCURVE('',#8224,#14330);
#14330 = DEFINITIONAL_REPRESENTATION('',(#14331),#14335);
#14331 = LINE('',#14332,#14333);
#14332 = CARTESIAN_POINT('',(0.,0.));
#14333 = VECTOR('',#14334,1.);
#14334 = DIRECTION('',(-1.,0.));
#14335 = ( GEOMETRIC_REPRESENTATION_CONTEXT(2) 
PARAMETRIC_REPRESENTATION_CONTEXT() REPRESENTATION_CONTEXT('2D SPACE',''
  ) );
#14336 = ORIENTED_EDGE('',*,*,#8236,.F.);
#14337 = ORIENTED_EDGE('',*,*,#14290,.T.);
#14338 = ORIENTED_EDGE('',*,*,#14339,.T.);
#14339 = EDGE_CURVE('',#14260,#14315,#14340,.T.);
#14340 = SURFACE_CURVE('',#14341,(#14346,#14353),.PCURVE_S1.);
#14341 = CIRCLE('',#14342,0.5);
#14342 = AXIS2_PLACEMENT_3D('',#14343,#14344,#14345);
#14343 = CARTESIAN_POINT('',(-4.6,18.1,8.466987298108));
#14344 = DIRECTION('',(-0.,1.,0.));
#14345 = DIRECTION('',(1.,0.,0.));
#14346 = PCURVE('',#8257,#14347);
#14347 = DEFINITIONAL_REPRESENTATION('',(#14348),#14352);
#14348 = LINE('',#14349,#14350);
#14349 = CARTESIAN_POINT('',(4.440892098501E-16,0.));
#14350 = VECTOR('',#14351,1.);
#14351 = DIRECTION('',(1.,0.));
#14352 = ( GEOMETRIC_REPRESENTATION_CONTEXT(2) 
PARAMETRIC_REPRESENTATION_CONTEXT() REPRESENTATION_CONTEXT('2D SPACE',''
  ) );
#14353 = PCURVE('',#14354,#14359);
#14354 = CYLINDRICAL_SURFACE('',#14355,0.5);
#14355 = AXIS2_PLACEMENT_3D('',#14356,#14357,#14358);
#14356 = CARTESIAN_POINT('',(-4.6,19.8,8.466987298108));
#14357 = DIRECTION('',(0.,-1.,0.));
#14358 = DIRECTION('',(0.,0.,-1.));
#14359 = DEFINITIONAL_REPRESENTATION('',(#14360),#14364);
#14360 = LINE('',#14361,#14362);
#14361 = CARTESIAN_POINT('',(7.853981633974,1.7));
#14362 = VECTOR('',#14363,1.);
#14363 = DIRECTION('',(-1.,0.));
#14364 = ( GEOMETRIC_REPRESENTATION_CONTEXT(2) 
PARAMETRIC_REPRESENTATION_CONTEXT() REPRESENTATION_CONTEXT('2D SPACE',''
  ) );
#14365 = ADVANCED_FACE('',(#14366),#8224,.T.);
#14366 = FACE_BOUND('',#14367,.T.);
#14367 = EDGE_LOOP('',(#14368,#14396,#14397,#14398));
#14368 = ORIENTED_EDGE('',*,*,#14369,.F.);
#14369 = EDGE_CURVE('',#14315,#14370,#14372,.T.);
#14370 = VERTEX_POINT('',#14371);
#14371 = CARTESIAN_POINT('',(-4.1,18.1,9.333012701892));
#14372 = SURFACE_CURVE('',#14373,(#14377,#14384),.PCURVE_S1.);
#14373 = LINE('',#14374,#14375);
#14374 = CARTESIAN_POINT('',(-4.85,18.1,8.9));
#14375 = VECTOR('',#14376,1.);
#14376 = DIRECTION('',(0.866025403784,0.,0.5));
#14377 = PCURVE('',#8224,#14378);
#14378 = DEFINITIONAL_REPRESENTATION('',(#14379),#14383);
#14379 = LINE('',#14380,#14381);
#14380 = CARTESIAN_POINT('',(0.,0.));
#14381 = VECTOR('',#14382,1.);
#14382 = DIRECTION('',(5.551115123126E-17,1.));
#14383 = ( GEOMETRIC_REPRESENTATION_CONTEXT(2) 
PARAMETRIC_REPRESENTATION_CONTEXT() REPRESENTATION_CONTEXT('2D SPACE',''
  ) );
#14384 = PCURVE('',#14385,#14390);
#14385 = PLANE('',#14386);
#14386 = AXIS2_PLACEMENT_3D('',#14387,#14388,#14389);
#14387 = CARTESIAN_POINT('',(-4.85,19.8,8.9));
#14388 = DIRECTION('',(0.5,0.,-0.866025403784));
#14389 = DIRECTION('',(-0.866025403784,0.,-0.5));
#14390 = DEFINITIONAL_REPRESENTATION('',(#14391),#14395);
#14391 = LINE('',#14392,#14393);
#14392 = CARTESIAN_POINT('',(-0.,-1.7));
#14393 = VECTOR('',#14394,1.);
#14394 = DIRECTION('',(-1.,0.));
#14395 = ( GEOMETRIC_REPRESENTATION_CONTEXT(2) 
PARAMETRIC_REPRESENTATION_CONTEXT() REPRESENTATION_CONTEXT('2D SPACE',''
  ) );
#14396 = ORIENTED_EDGE('',*,*,#14314,.F.);
#14397 = ORIENTED_EDGE('',*,*,#8208,.T.);
#14398 = ORIENTED_EDGE('',*,*,#14399,.T.);
#14399 = EDGE_CURVE('',#8176,#14370,#14400,.T.);
#14400 = SURFACE_CURVE('',#14401,(#14405,#14412),.PCURVE_S1.);
#14401 = LINE('',#14402,#14403);
#14402 = CARTESIAN_POINT('',(-4.1,18.1,9.333012701892));
#14403 = VECTOR('',#14404,1.);
#14404 = DIRECTION('',(0.25,-0.866025403784,-0.433012701892));
#14405 = PCURVE('',#8224,#14406);
#14406 = DEFINITIONAL_REPRESENTATION('',(#14407),#14411);
#14407 = LINE('',#14408,#14409);
#14408 = CARTESIAN_POINT('',(3.608224830032E-16,0.866025403784));
#14409 = VECTOR('',#14410,1.);
#14410 = DIRECTION('',(-1.,2.137179322403E-15));
#14411 = ( GEOMETRIC_REPRESENTATION_CONTEXT(2) 
PARAMETRIC_REPRESENTATION_CONTEXT() REPRESENTATION_CONTEXT('2D SPACE',''
  ) );
#14412 = PCURVE('',#8196,#14413);
#14413 = DEFINITIONAL_REPRESENTATION('',(#14414),#14418);
#14414 = LINE('',#14415,#14416);
#14415 = CARTESIAN_POINT('',(4.188790204786,-1.249925746149E-15));
#14416 = VECTOR('',#14417,1.);
#14417 = DIRECTION('',(0.,-1.));
#14418 = ( GEOMETRIC_REPRESENTATION_CONTEXT(2) 
PARAMETRIC_REPRESENTATION_CONTEXT() REPRESENTATION_CONTEXT('2D SPACE',''
  ) );
#14419 = ADVANCED_FACE('',(#14420),#8196,.F.);
#14420 = FACE_BOUND('',#14421,.F.);
#14421 = EDGE_LOOP('',(#14422,#14445,#14446,#14447));
#14422 = ORIENTED_EDGE('',*,*,#14423,.F.);
#14423 = EDGE_CURVE('',#8148,#14424,#14426,.T.);
#14424 = VERTEX_POINT('',#14425);
#14425 = CARTESIAN_POINT('',(-3.85,18.1,9.4));
#14426 = SURFACE_CURVE('',#14427,(#14431,#14438),.PCURVE_S1.);
#14427 = LINE('',#14428,#14429);
#14428 = CARTESIAN_POINT('',(-3.85,18.1,9.4));
#14429 = VECTOR('',#14430,1.);
#14430 = DIRECTION('',(0.,-0.866025403784,-0.5));
#14431 = PCURVE('',#8196,#14432);
#14432 = DEFINITIONAL_REPRESENTATION('',(#14433),#14437);
#14433 = LINE('',#14434,#14435);
#14434 = CARTESIAN_POINT('',(4.712388980385,3.365184701171E-16));
#14435 = VECTOR('',#14436,1.);
#14436 = DIRECTION('',(0.,-1.));
#14437 = ( GEOMETRIC_REPRESENTATION_CONTEXT(2) 
PARAMETRIC_REPRESENTATION_CONTEXT() REPRESENTATION_CONTEXT('2D SPACE',''
  ) );
#14438 = PCURVE('',#8163,#14439);
#14439 = DEFINITIONAL_REPRESENTATION('',(#14440),#14444);
#14440 = LINE('',#14441,#14442);
#14441 = CARTESIAN_POINT('',(0.,0.));
#14442 = VECTOR('',#14443,1.);
#14443 = DIRECTION('',(-1.,0.));
#14444 = ( GEOMETRIC_REPRESENTATION_CONTEXT(2) 
PARAMETRIC_REPRESENTATION_CONTEXT() REPRESENTATION_CONTEXT('2D SPACE',''
  ) );
#14445 = ORIENTED_EDGE('',*,*,#8175,.F.);
#14446 = ORIENTED_EDGE('',*,*,#14399,.T.);
#14447 = ORIENTED_EDGE('',*,*,#14448,.T.);
#14448 = EDGE_CURVE('',#14370,#14424,#14449,.T.);
#14449 = SURFACE_CURVE('',#14450,(#14455,#14462),.PCURVE_S1.);
#14450 = CIRCLE('',#14451,0.5);
#14451 = AXIS2_PLACEMENT_3D('',#14452,#14453,#14454);
#14452 = CARTESIAN_POINT('',(-3.85,18.1,8.9));
#14453 = DIRECTION('',(-0.,1.,0.));
#14454 = DIRECTION('',(1.,0.,0.));
#14455 = PCURVE('',#8196,#14456);
#14456 = DEFINITIONAL_REPRESENTATION('',(#14457),#14461);
#14457 = LINE('',#14458,#14459);
#14458 = CARTESIAN_POINT('',(0.,8.17259141713E-16));
#14459 = VECTOR('',#14460,1.);
#14460 = DIRECTION('',(1.,-1.836294101515E-16));
#14461 = ( GEOMETRIC_REPRESENTATION_CONTEXT(2) 
PARAMETRIC_REPRESENTATION_CONTEXT() REPRESENTATION_CONTEXT('2D SPACE',''
  ) );
#14462 = PCURVE('',#14463,#14468);
#14463 = CYLINDRICAL_SURFACE('',#14464,0.5);
#14464 = AXIS2_PLACEMENT_3D('',#14465,#14466,#14467);
#14465 = CARTESIAN_POINT('',(-3.85,19.8,8.9));
#14466 = DIRECTION('',(0.,-1.,0.));
#14467 = DIRECTION('',(0.,0.,-1.));
#14468 = DEFINITIONAL_REPRESENTATION('',(#14469),#14473);
#14469 = LINE('',#14470,#14471);
#14470 = CARTESIAN_POINT('',(7.853981633974,1.7));
#14471 = VECTOR('',#14472,1.);
#14472 = DIRECTION('',(-1.,0.));
#14473 = ( GEOMETRIC_REPRESENTATION_CONTEXT(2) 
PARAMETRIC_REPRESENTATION_CONTEXT() REPRESENTATION_CONTEXT('2D SPACE',''
  ) );
#14474 = ADVANCED_FACE('',(#14475),#8163,.T.);
#14475 = FACE_BOUND('',#14476,.T.);
#14476 = EDGE_LOOP('',(#14477,#14505,#14506,#14507));
#14477 = ORIENTED_EDGE('',*,*,#14478,.F.);
#14478 = EDGE_CURVE('',#14424,#14479,#14481,.T.);
#14479 = VERTEX_POINT('',#14480);
#14480 = CARTESIAN_POINT('',(0.6,18.1,9.4));
#14481 = SURFACE_CURVE('',#14482,(#14486,#14493),.PCURVE_S1.);
#14482 = LINE('',#14483,#14484);
#14483 = CARTESIAN_POINT('',(-3.85,18.1,9.4));
#14484 = VECTOR('',#14485,1.);
#14485 = DIRECTION('',(1.,0.,0.));
#14486 = PCURVE('',#8163,#14487);
#14487 = DEFINITIONAL_REPRESENTATION('',(#14488),#14492);
#14488 = LINE('',#14489,#14490);
#14489 = CARTESIAN_POINT('',(0.,0.));
#14490 = VECTOR('',#14491,1.);
#14491 = DIRECTION('',(0.,1.));
#14492 = ( GEOMETRIC_REPRESENTATION_CONTEXT(2) 
PARAMETRIC_REPRESENTATION_CONTEXT() REPRESENTATION_CONTEXT('2D SPACE',''
  ) );
#14493 = PCURVE('',#14494,#14499);
#14494 = PLANE('',#14495);
#14495 = AXIS2_PLACEMENT_3D('',#14496,#14497,#14498);
#14496 = CARTESIAN_POINT('',(-3.85,19.8,9.4));
#14497 = DIRECTION('',(0.,0.,-1.));
#14498 = DIRECTION('',(-1.,0.,0.));
#14499 = DEFINITIONAL_REPRESENTATION('',(#14500),#14504);
#14500 = LINE('',#14501,#14502);
#14501 = CARTESIAN_POINT('',(0.,-1.7));
#14502 = VECTOR('',#14503,1.);
#14503 = DIRECTION('',(-1.,0.));
#14504 = ( GEOMETRIC_REPRESENTATION_CONTEXT(2) 
PARAMETRIC_REPRESENTATION_CONTEXT() REPRESENTATION_CONTEXT('2D SPACE',''
  ) );
#14505 = ORIENTED_EDGE('',*,*,#14423,.F.);
#14506 = ORIENTED_EDGE('',*,*,#8147,.T.);
#14507 = ORIENTED_EDGE('',*,*,#14508,.T.);
#14508 = EDGE_CURVE('',#8115,#14479,#14509,.T.);
#14509 = SURFACE_CURVE('',#14510,(#14514,#14521),.PCURVE_S1.);
#14510 = LINE('',#14511,#14512);
#14511 = CARTESIAN_POINT('',(0.6,18.1,9.4));
#14512 = VECTOR('',#14513,1.);
#14513 = DIRECTION('',(5.421010862428E-16,-0.866025403784,-0.5));
#14514 = PCURVE('',#8163,#14515);
#14515 = DEFINITIONAL_REPRESENTATION('',(#14516),#14520);
#14516 = LINE('',#14517,#14518);
#14517 = CARTESIAN_POINT('',(0.,4.45));
#14518 = VECTOR('',#14519,1.);
#14519 = DIRECTION('',(-1.,5.421010862428E-16));
#14520 = ( GEOMETRIC_REPRESENTATION_CONTEXT(2) 
PARAMETRIC_REPRESENTATION_CONTEXT() REPRESENTATION_CONTEXT('2D SPACE',''
  ) );
#14521 = PCURVE('',#8135,#14522);
#14522 = DEFINITIONAL_REPRESENTATION('',(#14523),#14527);
#14523 = LINE('',#14524,#14525);
#14524 = CARTESIAN_POINT('',(4.712388980385,1.15377761183E-15));
#14525 = VECTOR('',#14526,1.);
#14526 = DIRECTION('',(0.,-1.));
#14527 = ( GEOMETRIC_REPRESENTATION_CONTEXT(2) 
PARAMETRIC_REPRESENTATION_CONTEXT() REPRESENTATION_CONTEXT('2D SPACE',''
  ) );
#14528 = ADVANCED_FACE('',(#14529),#8135,.F.);
#14529 = FACE_BOUND('',#14530,.F.);
#14530 = EDGE_LOOP('',(#14531,#14554,#14555,#14556));
#14531 = ORIENTED_EDGE('',*,*,#14532,.F.);
#14532 = EDGE_CURVE('',#8087,#14533,#14535,.T.);
#14533 = VERTEX_POINT('',#14534);
#14534 = CARTESIAN_POINT('',(1.1,18.1,8.9));
#14535 = SURFACE_CURVE('',#14536,(#14540,#14547),.PCURVE_S1.);
#14536 = LINE('',#14537,#14538);
#14537 = CARTESIAN_POINT('',(1.1,18.1,8.9));
#14538 = VECTOR('',#14539,1.);
#14539 = DIRECTION('',(-0.5,-0.866025403784,0.));
#14540 = PCURVE('',#8135,#14541);
#14541 = DEFINITIONAL_REPRESENTATION('',(#14542),#14546);
#14542 = LINE('',#14543,#14544);
#14543 = CARTESIAN_POINT('',(6.28318530718,-1.15377761183E-15));
#14544 = VECTOR('',#14545,1.);
#14545 = DIRECTION('',(0.,-1.));
#14546 = ( GEOMETRIC_REPRESENTATION_CONTEXT(2) 
PARAMETRIC_REPRESENTATION_CONTEXT() REPRESENTATION_CONTEXT('2D SPACE',''
  ) );
#14547 = PCURVE('',#8102,#14548);
#14548 = DEFINITIONAL_REPRESENTATION('',(#14549),#14553);
#14549 = LINE('',#14550,#14551);
#14550 = CARTESIAN_POINT('',(0.,0.));
#14551 = VECTOR('',#14552,1.);
#14552 = DIRECTION('',(-1.,-0.));
#14553 = ( GEOMETRIC_REPRESENTATION_CONTEXT(2) 
PARAMETRIC_REPRESENTATION_CONTEXT() REPRESENTATION_CONTEXT('2D SPACE',''
  ) );
#14554 = ORIENTED_EDGE('',*,*,#8114,.F.);
#14555 = ORIENTED_EDGE('',*,*,#14508,.T.);
#14556 = ORIENTED_EDGE('',*,*,#14557,.T.);
#14557 = EDGE_CURVE('',#14479,#14533,#14558,.T.);
#14558 = SURFACE_CURVE('',#14559,(#14564,#14571),.PCURVE_S1.);
#14559 = CIRCLE('',#14560,0.5);
#14560 = AXIS2_PLACEMENT_3D('',#14561,#14562,#14563);
#14561 = CARTESIAN_POINT('',(0.6,18.1,8.9));
#14562 = DIRECTION('',(-0.,1.,0.));
#14563 = DIRECTION('',(1.,0.,0.));
#14564 = PCURVE('',#8135,#14565);
#14565 = DEFINITIONAL_REPRESENTATION('',(#14566),#14570);
#14566 = LINE('',#14567,#14568);
#14567 = CARTESIAN_POINT('',(0.,-1.442222014788E-16));
#14568 = VECTOR('',#14569,1.);
#14569 = DIRECTION('',(1.,3.060490169192E-17));
#14570 = ( GEOMETRIC_REPRESENTATION_CONTEXT(2) 
PARAMETRIC_REPRESENTATION_CONTEXT() REPRESENTATION_CONTEXT('2D SPACE',''
  ) );
#14571 = PCURVE('',#14572,#14577);
#14572 = CYLINDRICAL_SURFACE('',#14573,0.5);
#14573 = AXIS2_PLACEMENT_3D('',#14574,#14575,#14576);
#14574 = CARTESIAN_POINT('',(0.6,19.8,8.9));
#14575 = DIRECTION('',(0.,-1.,0.));
#14576 = DIRECTION('',(0.,0.,-1.));
#14577 = DEFINITIONAL_REPRESENTATION('',(#14578),#14582);
#14578 = LINE('',#14579,#14580);
#14579 = CARTESIAN_POINT('',(7.853981633974,1.7));
#14580 = VECTOR('',#14581,1.);
#14581 = DIRECTION('',(-1.,0.));
#14582 = ( GEOMETRIC_REPRESENTATION_CONTEXT(2) 
PARAMETRIC_REPRESENTATION_CONTEXT() REPRESENTATION_CONTEXT('2D SPACE',''
  ) );
#14583 = ADVANCED_FACE('',(#14584),#8102,.T.);
#14584 = FACE_BOUND('',#14585,.T.);
#14585 = EDGE_LOOP('',(#14586,#14614,#14615,#14616));
#14586 = ORIENTED_EDGE('',*,*,#14587,.F.);
#14587 = EDGE_CURVE('',#14533,#14588,#14590,.T.);
#14588 = VERTEX_POINT('',#14589);
#14589 = CARTESIAN_POINT('',(1.1,18.1,5.730555349947));
#14590 = SURFACE_CURVE('',#14591,(#14595,#14602),.PCURVE_S1.);
#14591 = LINE('',#14592,#14593);
#14592 = CARTESIAN_POINT('',(1.1,18.1,8.9));
#14593 = VECTOR('',#14594,1.);
#14594 = DIRECTION('',(0.,0.,-1.));
#14595 = PCURVE('',#8102,#14596);
#14596 = DEFINITIONAL_REPRESENTATION('',(#14597),#14601);
#14597 = LINE('',#14598,#14599);
#14598 = CARTESIAN_POINT('',(0.,0.));
#14599 = VECTOR('',#14600,1.);
#14600 = DIRECTION('',(0.,1.));
#14601 = ( GEOMETRIC_REPRESENTATION_CONTEXT(2) 
PARAMETRIC_REPRESENTATION_CONTEXT() REPRESENTATION_CONTEXT('2D SPACE',''
  ) );
#14602 = PCURVE('',#14603,#14608);
#14603 = PLANE('',#14604);
#14604 = AXIS2_PLACEMENT_3D('',#14605,#14606,#14607);
#14605 = CARTESIAN_POINT('',(1.1,19.8,8.9));
#14606 = DIRECTION('',(-1.,0.,0.));
#14607 = DIRECTION('',(0.,0.,1.));
#14608 = DEFINITIONAL_REPRESENTATION('',(#14609),#14613);
#14609 = LINE('',#14610,#14611);
#14610 = CARTESIAN_POINT('',(0.,-1.7));
#14611 = VECTOR('',#14612,1.);
#14612 = DIRECTION('',(-1.,0.));
#14613 = ( GEOMETRIC_REPRESENTATION_CONTEXT(2) 
PARAMETRIC_REPRESENTATION_CONTEXT() REPRESENTATION_CONTEXT('2D SPACE',''
  ) );
#14614 = ORIENTED_EDGE('',*,*,#14532,.F.);
#14615 = ORIENTED_EDGE('',*,*,#8086,.T.);
#14616 = ORIENTED_EDGE('',*,*,#14617,.T.);
#14617 = EDGE_CURVE('',#8054,#14588,#14618,.T.);
#14618 = SURFACE_CURVE('',#14619,(#14623,#14630),.PCURVE_S1.);
#14619 = LINE('',#14620,#14621);
#14620 = CARTESIAN_POINT('',(1.1,18.1,5.730555349947));
#14621 = VECTOR('',#14622,1.);
#14622 = DIRECTION('',(-0.5,-0.866025403784,2.168404344971E-16));
#14623 = PCURVE('',#8102,#14624);
#14624 = DEFINITIONAL_REPRESENTATION('',(#14625),#14629);
#14625 = LINE('',#14626,#14627);
#14626 = CARTESIAN_POINT('',(0.,3.169444650053));
#14627 = VECTOR('',#14628,1.);
#14628 = DIRECTION('',(-1.,-2.168404344971E-16));
#14629 = ( GEOMETRIC_REPRESENTATION_CONTEXT(2) 
PARAMETRIC_REPRESENTATION_CONTEXT() REPRESENTATION_CONTEXT('2D SPACE',''
  ) );
#14630 = PCURVE('',#8074,#14631);
#14631 = DEFINITIONAL_REPRESENTATION('',(#14632),#14636);
#14632 = LINE('',#14633,#14634);
#14633 = CARTESIAN_POINT('',(0.,-1.15377761183E-15));
#14634 = VECTOR('',#14635,1.);
#14635 = DIRECTION('',(0.,-1.));
#14636 = ( GEOMETRIC_REPRESENTATION_CONTEXT(2) 
PARAMETRIC_REPRESENTATION_CONTEXT() REPRESENTATION_CONTEXT('2D SPACE',''
  ) );
#14637 = ADVANCED_FACE('',(#14638),#8074,.F.);
#14638 = FACE_BOUND('',#14639,.F.);
#14639 = EDGE_LOOP('',(#14640,#14663,#14664,#14665));
#14640 = ORIENTED_EDGE('',*,*,#14641,.F.);
#14641 = EDGE_CURVE('',#8026,#14642,#14644,.T.);
#14642 = VERTEX_POINT('',#14643);
#14643 = CARTESIAN_POINT('',(0.85,18.1,5.297542648054));
#14644 = SURFACE_CURVE('',#14645,(#14649,#14656),.PCURVE_S1.);
#14645 = LINE('',#14646,#14647);
#14646 = CARTESIAN_POINT('',(0.85,18.1,5.297542648054));
#14647 = VECTOR('',#14648,1.);
#14648 = DIRECTION('',(-0.25,-0.866025403784,0.433012701892));
#14649 = PCURVE('',#8074,#14650);
#14650 = DEFINITIONAL_REPRESENTATION('',(#14651),#14655);
#14651 = LINE('',#14652,#14653);
#14652 = CARTESIAN_POINT('',(1.047197551197,-7.211110073938E-16));
#14653 = VECTOR('',#14654,1.);
#14654 = DIRECTION('',(1.480297366167E-15,-1.));
#14655 = ( GEOMETRIC_REPRESENTATION_CONTEXT(2) 
PARAMETRIC_REPRESENTATION_CONTEXT() REPRESENTATION_CONTEXT('2D SPACE',''
  ) );
#14656 = PCURVE('',#8041,#14657);
#14657 = DEFINITIONAL_REPRESENTATION('',(#14658),#14662);
#14658 = LINE('',#14659,#14660);
#14659 = CARTESIAN_POINT('',(0.,0.));
#14660 = VECTOR('',#14661,1.);
#14661 = DIRECTION('',(-1.,-2.775557561563E-17));
#14662 = ( GEOMETRIC_REPRESENTATION_CONTEXT(2) 
PARAMETRIC_REPRESENTATION_CONTEXT() REPRESENTATION_CONTEXT('2D SPACE',''
  ) );
#14663 = ORIENTED_EDGE('',*,*,#8053,.F.);
#14664 = ORIENTED_EDGE('',*,*,#14617,.T.);
#14665 = ORIENTED_EDGE('',*,*,#14666,.T.);
#14666 = EDGE_CURVE('',#14588,#14642,#14667,.T.);
#14667 = SURFACE_CURVE('',#14668,(#14673,#14680),.PCURVE_S1.);
#14668 = CIRCLE('',#14669,0.5);
#14669 = AXIS2_PLACEMENT_3D('',#14670,#14671,#14672);
#14670 = CARTESIAN_POINT('',(0.6,18.1,5.730555349947));
#14671 = DIRECTION('',(-0.,1.,0.));
#14672 = DIRECTION('',(1.,0.,0.));
#14673 = PCURVE('',#8074,#14674);
#14674 = DEFINITIONAL_REPRESENTATION('',(#14675),#14679);
#14675 = LINE('',#14676,#14677);
#14676 = CARTESIAN_POINT('',(0.,4.807406715959E-17));
#14677 = VECTOR('',#14678,1.);
#14678 = DIRECTION('',(1.,4.590735253788E-17));
#14679 = ( GEOMETRIC_REPRESENTATION_CONTEXT(2) 
PARAMETRIC_REPRESENTATION_CONTEXT() REPRESENTATION_CONTEXT('2D SPACE',''
  ) );
#14680 = PCURVE('',#14681,#14686);
#14681 = CYLINDRICAL_SURFACE('',#14682,0.5);
#14682 = AXIS2_PLACEMENT_3D('',#14683,#14684,#14685);
#14683 = CARTESIAN_POINT('',(0.6,19.8,5.730555349947));
#14684 = DIRECTION('',(0.,-1.,0.));
#14685 = DIRECTION('',(0.,0.,-1.));
#14686 = DEFINITIONAL_REPRESENTATION('',(#14687),#14691);
#14687 = LINE('',#14688,#14689);
#14688 = CARTESIAN_POINT('',(1.570796326795,1.7));
#14689 = VECTOR('',#14690,1.);
#14690 = DIRECTION('',(-1.,0.));
#14691 = ( GEOMETRIC_REPRESENTATION_CONTEXT(2) 
PARAMETRIC_REPRESENTATION_CONTEXT() REPRESENTATION_CONTEXT('2D SPACE',''
  ) );
#14692 = ADVANCED_FACE('',(#14693),#8041,.T.);
#14693 = FACE_BOUND('',#14694,.T.);
#14694 = EDGE_LOOP('',(#14695,#14723,#14724,#14725));
#14695 = ORIENTED_EDGE('',*,*,#14696,.F.);
#14696 = EDGE_CURVE('',#14642,#14697,#14699,.T.);
#14697 = VERTEX_POINT('',#14698);
#14698 = CARTESIAN_POINT('',(0.334641016151,18.1,5.));
#14699 = SURFACE_CURVE('',#14700,(#14704,#14711),.PCURVE_S1.);
#14700 = LINE('',#14701,#14702);
#14701 = CARTESIAN_POINT('',(0.85,18.1,5.297542648054));
#14702 = VECTOR('',#14703,1.);
#14703 = DIRECTION('',(-0.866025403784,0.,-0.5));
#14704 = PCURVE('',#8041,#14705);
#14705 = DEFINITIONAL_REPRESENTATION('',(#14706),#14710);
#14706 = LINE('',#14707,#14708);
#14707 = CARTESIAN_POINT('',(0.,0.));
#14708 = VECTOR('',#14709,1.);
#14709 = DIRECTION('',(-2.498001805407E-16,1.));
#14710 = ( GEOMETRIC_REPRESENTATION_CONTEXT(2) 
PARAMETRIC_REPRESENTATION_CONTEXT() REPRESENTATION_CONTEXT('2D SPACE',''
  ) );
#14711 = PCURVE('',#14712,#14717);
#14712 = PLANE('',#14713);
#14713 = AXIS2_PLACEMENT_3D('',#14714,#14715,#14716);
#14714 = CARTESIAN_POINT('',(0.85,19.8,5.297542648054));
#14715 = DIRECTION('',(-0.5,0.,0.866025403784));
#14716 = DIRECTION('',(0.866025403784,0.,0.5));
#14717 = DEFINITIONAL_REPRESENTATION('',(#14718),#14722);
#14718 = LINE('',#14719,#14720);
#14719 = CARTESIAN_POINT('',(0.,-1.7));
#14720 = VECTOR('',#14721,1.);
#14721 = DIRECTION('',(-1.,0.));
#14722 = ( GEOMETRIC_REPRESENTATION_CONTEXT(2) 
PARAMETRIC_REPRESENTATION_CONTEXT() REPRESENTATION_CONTEXT('2D SPACE',''
  ) );
#14723 = ORIENTED_EDGE('',*,*,#14641,.F.);
#14724 = ORIENTED_EDGE('',*,*,#8025,.T.);
#14725 = ORIENTED_EDGE('',*,*,#14726,.T.);
#14726 = EDGE_CURVE('',#7998,#14697,#14727,.T.);
#14727 = SURFACE_CURVE('',#14728,(#14732,#14739),.PCURVE_S1.);
#14728 = LINE('',#14729,#14730);
#14729 = CARTESIAN_POINT('',(0.334641016151,18.1,5.));
#14730 = VECTOR('',#14731,1.);
#14731 = DIRECTION('',(-0.132788176096,-0.858356263574,0.495572219835));
#14732 = PCURVE('',#8041,#14733);
#14733 = DEFINITIONAL_REPRESENTATION('',(#14734),#14738);
#14734 = LINE('',#14735,#14736);
#14735 = CARTESIAN_POINT('',(-6.661338147751E-16,0.595085296109));
#14736 = VECTOR('',#14737,1.);
#14737 = DIRECTION('',(-0.99114443967,-0.132788176096));
#14738 = ( GEOMETRIC_REPRESENTATION_CONTEXT(2) 
PARAMETRIC_REPRESENTATION_CONTEXT() REPRESENTATION_CONTEXT('2D SPACE',''
  ) );
#14739 = PCURVE('',#8013,#14740);
#14740 = DEFINITIONAL_REPRESENTATION('',(#14741),#14745);
#14741 = LINE('',#14742,#14743);
#14742 = CARTESIAN_POINT('',(0.,0.));
#14743 = VECTOR('',#14744,1.);
#14744 = DIRECTION('',(-0.99114443967,0.132788176096));
#14745 = ( GEOMETRIC_REPRESENTATION_CONTEXT(2) 
PARAMETRIC_REPRESENTATION_CONTEXT() REPRESENTATION_CONTEXT('2D SPACE',''
  ) );
#14746 = ADVANCED_FACE('',(#14747),#8013,.T.);
#14747 = FACE_BOUND('',#14748,.T.);
#14748 = EDGE_LOOP('',(#14749,#14777,#14778,#14779));
#14749 = ORIENTED_EDGE('',*,*,#14750,.F.);
#14750 = EDGE_CURVE('',#14697,#14751,#14753,.T.);
#14751 = VERTEX_POINT('',#14752);
#14752 = CARTESIAN_POINT('',(-3.834641016151,18.1,5.));
#14753 = SURFACE_CURVE('',#14754,(#14758,#14765),.PCURVE_S1.);
#14754 = LINE('',#14755,#14756);
#14755 = CARTESIAN_POINT('',(0.334641016151,18.1,5.));
#14756 = VECTOR('',#14757,1.);
#14757 = DIRECTION('',(-1.,0.,0.));
#14758 = PCURVE('',#8013,#14759);
#14759 = DEFINITIONAL_REPRESENTATION('',(#14760),#14764);
#14760 = LINE('',#14761,#14762);
#14761 = CARTESIAN_POINT('',(0.,0.));
#14762 = VECTOR('',#14763,1.);
#14763 = DIRECTION('',(0.,1.));
#14764 = ( GEOMETRIC_REPRESENTATION_CONTEXT(2) 
PARAMETRIC_REPRESENTATION_CONTEXT() REPRESENTATION_CONTEXT('2D SPACE',''
  ) );
#14765 = PCURVE('',#14766,#14771);
#14766 = PLANE('',#14767);
#14767 = AXIS2_PLACEMENT_3D('',#14768,#14769,#14770);
#14768 = CARTESIAN_POINT('',(0.334641016151,19.8,5.));
#14769 = DIRECTION('',(0.,0.,1.));
#14770 = DIRECTION('',(1.,0.,-0.));
#14771 = DEFINITIONAL_REPRESENTATION('',(#14772),#14776);
#14772 = LINE('',#14773,#14774);
#14773 = CARTESIAN_POINT('',(0.,-1.7));
#14774 = VECTOR('',#14775,1.);
#14775 = DIRECTION('',(-1.,0.));
#14776 = ( GEOMETRIC_REPRESENTATION_CONTEXT(2) 
PARAMETRIC_REPRESENTATION_CONTEXT() REPRESENTATION_CONTEXT('2D SPACE',''
  ) );
#14777 = ORIENTED_EDGE('',*,*,#14726,.F.);
#14778 = ORIENTED_EDGE('',*,*,#7997,.T.);
#14779 = ORIENTED_EDGE('',*,*,#14780,.T.);
#14780 = EDGE_CURVE('',#7970,#14751,#14781,.T.);
#14781 = SURFACE_CURVE('',#14782,(#14786,#14793),.PCURVE_S1.);
#14782 = LINE('',#14783,#14784);
#14783 = CARTESIAN_POINT('',(-3.834641016151,18.1,5.));
#14784 = VECTOR('',#14785,1.);
#14785 = DIRECTION('',(0.132788176096,-0.858356263574,0.495572219835));
#14786 = PCURVE('',#8013,#14787);
#14787 = DEFINITIONAL_REPRESENTATION('',(#14788),#14792);
#14788 = LINE('',#14789,#14790);
#14789 = CARTESIAN_POINT('',(0.,4.169282032303));
#14790 = VECTOR('',#14791,1.);
#14791 = DIRECTION('',(-0.99114443967,-0.132788176096));
#14792 = ( GEOMETRIC_REPRESENTATION_CONTEXT(2) 
PARAMETRIC_REPRESENTATION_CONTEXT() REPRESENTATION_CONTEXT('2D SPACE',''
  ) );
#14793 = PCURVE('',#7985,#14794);
#14794 = DEFINITIONAL_REPRESENTATION('',(#14795),#14799);
#14795 = LINE('',#14796,#14797);
#14796 = CARTESIAN_POINT('',(0.,0.));
#14797 = VECTOR('',#14798,1.);
#14798 = DIRECTION('',(-0.99114443967,0.132788176096));
#14799 = ( GEOMETRIC_REPRESENTATION_CONTEXT(2) 
PARAMETRIC_REPRESENTATION_CONTEXT() REPRESENTATION_CONTEXT('2D SPACE',''
  ) );
#14800 = ADVANCED_FACE('',(#14801),#7985,.T.);
#14801 = FACE_BOUND('',#14802,.T.);
#14802 = EDGE_LOOP('',(#14803,#14831,#14832,#14833));
#14803 = ORIENTED_EDGE('',*,*,#14804,.F.);
#14804 = EDGE_CURVE('',#14751,#14805,#14807,.T.);
#14805 = VERTEX_POINT('',#14806);
#14806 = CARTESIAN_POINT('',(-4.85,18.1,5.586217782649));
#14807 = SURFACE_CURVE('',#14808,(#14812,#14819),.PCURVE_S1.);
#14808 = LINE('',#14809,#14810);
#14809 = CARTESIAN_POINT('',(-3.834641016151,18.1,5.));
#14810 = VECTOR('',#14811,1.);
#14811 = DIRECTION('',(-0.866025403784,0.,0.5));
#14812 = PCURVE('',#7985,#14813);
#14813 = DEFINITIONAL_REPRESENTATION('',(#14814),#14818);
#14814 = LINE('',#14815,#14816);
#14815 = CARTESIAN_POINT('',(0.,0.));
#14816 = VECTOR('',#14817,1.);
#14817 = DIRECTION('',(1.942890293094E-16,1.));
#14818 = ( GEOMETRIC_REPRESENTATION_CONTEXT(2) 
PARAMETRIC_REPRESENTATION_CONTEXT() REPRESENTATION_CONTEXT('2D SPACE',''
  ) );
#14819 = PCURVE('',#14820,#14825);
#14820 = PLANE('',#14821);
#14821 = AXIS2_PLACEMENT_3D('',#14822,#14823,#14824);
#14822 = CARTESIAN_POINT('',(-3.834641016151,19.8,5.));
#14823 = DIRECTION('',(0.5,0.,0.866025403784));
#14824 = DIRECTION('',(0.866025403784,0.,-0.5));
#14825 = DEFINITIONAL_REPRESENTATION('',(#14826),#14830);
#14826 = LINE('',#14827,#14828);
#14827 = CARTESIAN_POINT('',(0.,-1.7));
#14828 = VECTOR('',#14829,1.);
#14829 = DIRECTION('',(-1.,0.));
#14830 = ( GEOMETRIC_REPRESENTATION_CONTEXT(2) 
PARAMETRIC_REPRESENTATION_CONTEXT() REPRESENTATION_CONTEXT('2D SPACE',''
  ) );
#14831 = ORIENTED_EDGE('',*,*,#14780,.F.);
#14832 = ORIENTED_EDGE('',*,*,#7969,.T.);
#14833 = ORIENTED_EDGE('',*,*,#14834,.T.);
#14834 = EDGE_CURVE('',#7937,#14805,#14835,.T.);
#14835 = SURFACE_CURVE('',#14836,(#14840,#14847),.PCURVE_S1.);
#14836 = LINE('',#14837,#14838);
#14837 = CARTESIAN_POINT('',(-4.85,18.1,5.586217782649));
#14838 = VECTOR('',#14839,1.);
#14839 = DIRECTION('',(0.25,-0.866025403784,0.433012701892));
#14840 = PCURVE('',#7985,#14841);
#14841 = DEFINITIONAL_REPRESENTATION('',(#14842),#14846);
#14842 = LINE('',#14843,#14844);
#14843 = CARTESIAN_POINT('',(-3.497202527569E-15,1.172435565298));
#14844 = VECTOR('',#14845,1.);
#14845 = DIRECTION('',(-1.,5.273559366969E-16));
#14846 = ( GEOMETRIC_REPRESENTATION_CONTEXT(2) 
PARAMETRIC_REPRESENTATION_CONTEXT() REPRESENTATION_CONTEXT('2D SPACE',''
  ) );
#14847 = PCURVE('',#7957,#14848);
#14848 = DEFINITIONAL_REPRESENTATION('',(#14849),#14853);
#14849 = LINE('',#14850,#14851);
#14850 = CARTESIAN_POINT('',(2.094395102393,-2.788295895256E-15));
#14851 = VECTOR('',#14852,1.);
#14852 = DIRECTION('',(7.401486830834E-15,-1.));
#14853 = ( GEOMETRIC_REPRESENTATION_CONTEXT(2) 
PARAMETRIC_REPRESENTATION_CONTEXT() REPRESENTATION_CONTEXT('2D SPACE',''
  ) );
#14854 = ADVANCED_FACE('',(#14855),#7957,.F.);
#14855 = FACE_BOUND('',#14856,.F.);
#14856 = EDGE_LOOP('',(#14857,#14880,#14881,#14882));
#14857 = ORIENTED_EDGE('',*,*,#14858,.F.);
#14858 = EDGE_CURVE('',#7909,#14859,#14861,.T.);
#14859 = VERTEX_POINT('',#14860);
#14860 = CARTESIAN_POINT('',(-5.1,18.1,6.019230484541));
#14861 = SURFACE_CURVE('',#14862,(#14866,#14873),.PCURVE_S1.);
#14862 = LINE('',#14863,#14864);
#14863 = CARTESIAN_POINT('',(-5.1,18.1,6.019230484541));
#14864 = VECTOR('',#14865,1.);
#14865 = DIRECTION('',(0.5,-0.866025403784,0.));
#14866 = PCURVE('',#7957,#14867);
#14867 = DEFINITIONAL_REPRESENTATION('',(#14868),#14872);
#14868 = LINE('',#14869,#14870);
#14869 = CARTESIAN_POINT('',(3.14159265359,2.019110820703E-15));
#14870 = VECTOR('',#14871,1.);
#14871 = DIRECTION('',(1.7763568394E-14,-1.));
#14872 = ( GEOMETRIC_REPRESENTATION_CONTEXT(2) 
PARAMETRIC_REPRESENTATION_CONTEXT() REPRESENTATION_CONTEXT('2D SPACE',''
  ) );
#14873 = PCURVE('',#7924,#14874);
#14874 = DEFINITIONAL_REPRESENTATION('',(#14875),#14879);
#14875 = LINE('',#14876,#14877);
#14876 = CARTESIAN_POINT('',(0.,0.));
#14877 = VECTOR('',#14878,1.);
#14878 = DIRECTION('',(-1.,0.));
#14879 = ( GEOMETRIC_REPRESENTATION_CONTEXT(2) 
PARAMETRIC_REPRESENTATION_CONTEXT() REPRESENTATION_CONTEXT('2D SPACE',''
  ) );
#14880 = ORIENTED_EDGE('',*,*,#7936,.F.);
#14881 = ORIENTED_EDGE('',*,*,#14834,.T.);
#14882 = ORIENTED_EDGE('',*,*,#14883,.T.);
#14883 = EDGE_CURVE('',#14805,#14859,#14884,.T.);
#14884 = SURFACE_CURVE('',#14885,(#14890,#14897),.PCURVE_S1.);
#14885 = CIRCLE('',#14886,0.5);
#14886 = AXIS2_PLACEMENT_3D('',#14887,#14888,#14889);
#14887 = CARTESIAN_POINT('',(-4.6,18.1,6.019230484541));
#14888 = DIRECTION('',(-0.,1.,0.));
#14889 = DIRECTION('',(1.,0.,0.));
#14890 = PCURVE('',#7957,#14891);
#14891 = DEFINITIONAL_REPRESENTATION('',(#14892),#14896);
#14892 = LINE('',#14893,#14894);
#14893 = CARTESIAN_POINT('',(8.881784197001E-16,-4.807406715959E-17));
#14894 = VECTOR('',#14895,1.);
#14895 = DIRECTION('',(1.,4.590735253788E-17));
#14896 = ( GEOMETRIC_REPRESENTATION_CONTEXT(2) 
PARAMETRIC_REPRESENTATION_CONTEXT() REPRESENTATION_CONTEXT('2D SPACE',''
  ) );
#14897 = PCURVE('',#14898,#14903);
#14898 = CYLINDRICAL_SURFACE('',#14899,0.5);
#14899 = AXIS2_PLACEMENT_3D('',#14900,#14901,#14902);
#14900 = CARTESIAN_POINT('',(-4.6,19.8,6.019230484541));
#14901 = DIRECTION('',(0.,-1.,0.));
#14902 = DIRECTION('',(0.,0.,-1.));
#14903 = DEFINITIONAL_REPRESENTATION('',(#14904),#14908);
#14904 = LINE('',#14905,#14906);
#14905 = CARTESIAN_POINT('',(7.853981633974,1.7));
#14906 = VECTOR('',#14907,1.);
#14907 = DIRECTION('',(-1.,0.));
#14908 = ( GEOMETRIC_REPRESENTATION_CONTEXT(2) 
PARAMETRIC_REPRESENTATION_CONTEXT() REPRESENTATION_CONTEXT('2D SPACE',''
  ) );
#14909 = ADVANCED_FACE('',(#14910),#7924,.T.);
#14910 = FACE_BOUND('',#14911,.T.);
#14911 = EDGE_LOOP('',(#14912,#14940,#14941,#14942));
#14912 = ORIENTED_EDGE('',*,*,#14913,.F.);
#14913 = EDGE_CURVE('',#14859,#14914,#14916,.T.);
#14914 = VERTEX_POINT('',#14915);
#14915 = CARTESIAN_POINT('',(-5.1,18.1,6.05));
#14916 = SURFACE_CURVE('',#14917,(#14921,#14928),.PCURVE_S1.);
#14917 = LINE('',#14918,#14919);
#14918 = CARTESIAN_POINT('',(-5.1,18.1,6.019230484541));
#14919 = VECTOR('',#14920,1.);
#14920 = DIRECTION('',(0.,0.,1.));
#14921 = PCURVE('',#7924,#14922);
#14922 = DEFINITIONAL_REPRESENTATION('',(#14923),#14927);
#14923 = LINE('',#14924,#14925);
#14924 = CARTESIAN_POINT('',(0.,0.));
#14925 = VECTOR('',#14926,1.);
#14926 = DIRECTION('',(0.,1.));
#14927 = ( GEOMETRIC_REPRESENTATION_CONTEXT(2) 
PARAMETRIC_REPRESENTATION_CONTEXT() REPRESENTATION_CONTEXT('2D SPACE',''
  ) );
#14928 = PCURVE('',#14929,#14934);
#14929 = PLANE('',#14930);
#14930 = AXIS2_PLACEMENT_3D('',#14931,#14932,#14933);
#14931 = CARTESIAN_POINT('',(-5.1,19.8,6.019230484541));
#14932 = DIRECTION('',(1.,0.,0.));
#14933 = DIRECTION('',(0.,0.,-1.));
#14934 = DEFINITIONAL_REPRESENTATION('',(#14935),#14939);
#14935 = LINE('',#14936,#14937);
#14936 = CARTESIAN_POINT('',(0.,-1.7));
#14937 = VECTOR('',#14938,1.);
#14938 = DIRECTION('',(-1.,0.));
#14939 = ( GEOMETRIC_REPRESENTATION_CONTEXT(2) 
PARAMETRIC_REPRESENTATION_CONTEXT() REPRESENTATION_CONTEXT('2D SPACE',''
  ) );
#14940 = ORIENTED_EDGE('',*,*,#14858,.F.);
#14941 = ORIENTED_EDGE('',*,*,#7908,.T.);
#14942 = ORIENTED_EDGE('',*,*,#14943,.T.);
#14943 = EDGE_CURVE('',#7876,#14914,#14944,.T.);
#14944 = SURFACE_CURVE('',#14945,(#14949,#14956),.PCURVE_S1.);
#14945 = LINE('',#14946,#14947);
#14946 = CARTESIAN_POINT('',(-5.1,18.1,6.05));
#14947 = VECTOR('',#14948,1.);
#14948 = DIRECTION('',(0.5,-0.866025403784,-5.421010862428E-16));
#14949 = PCURVE('',#7924,#14950);
#14950 = DEFINITIONAL_REPRESENTATION('',(#14951),#14955);
#14951 = LINE('',#14952,#14953);
#14952 = CARTESIAN_POINT('',(0.,3.076951545867E-02));
#14953 = VECTOR('',#14954,1.);
#14954 = DIRECTION('',(-1.,-5.421010862428E-16));
#14955 = ( GEOMETRIC_REPRESENTATION_CONTEXT(2) 
PARAMETRIC_REPRESENTATION_CONTEXT() REPRESENTATION_CONTEXT('2D SPACE',''
  ) );
#14956 = PCURVE('',#7896,#14957);
#14957 = DEFINITIONAL_REPRESENTATION('',(#14958),#14962);
#14958 = LINE('',#14959,#14960);
#14959 = CARTESIAN_POINT('',(0.,-1.105703544671E-15));
#14960 = VECTOR('',#14961,1.);
#14961 = DIRECTION('',(0.,1.));
#14962 = ( GEOMETRIC_REPRESENTATION_CONTEXT(2) 
PARAMETRIC_REPRESENTATION_CONTEXT() REPRESENTATION_CONTEXT('2D SPACE',''
  ) );
#14963 = ADVANCED_FACE('',(#14964),#7896,.T.);
#14964 = FACE_BOUND('',#14965,.T.);
#14965 = EDGE_LOOP('',(#14966,#14995,#14996,#14997));
#14966 = ORIENTED_EDGE('',*,*,#14967,.T.);
#14967 = EDGE_CURVE('',#14968,#14914,#14970,.T.);
#14968 = VERTEX_POINT('',#14969);
#14969 = CARTESIAN_POINT('',(-5.3,18.1,6.25));
#14970 = SURFACE_CURVE('',#14971,(#14976,#14983),.PCURVE_S1.);
#14971 = CIRCLE('',#14972,0.2);
#14972 = AXIS2_PLACEMENT_3D('',#14973,#14974,#14975);
#14973 = CARTESIAN_POINT('',(-5.3,18.1,6.05));
#14974 = DIRECTION('',(-0.,1.,0.));
#14975 = DIRECTION('',(1.,0.,0.));
#14976 = PCURVE('',#7896,#14977);
#14977 = DEFINITIONAL_REPRESENTATION('',(#14978),#14982);
#14978 = LINE('',#14979,#14980);
#14979 = CARTESIAN_POINT('',(6.28318530718,7.211110073938E-17));
#14980 = VECTOR('',#14981,1.);
#14981 = DIRECTION('',(-1.,0.));
#14982 = ( GEOMETRIC_REPRESENTATION_CONTEXT(2) 
PARAMETRIC_REPRESENTATION_CONTEXT() REPRESENTATION_CONTEXT('2D SPACE',''
  ) );
#14983 = PCURVE('',#14984,#14989);
#14984 = CYLINDRICAL_SURFACE('',#14985,0.2);
#14985 = AXIS2_PLACEMENT_3D('',#14986,#14987,#14988);
#14986 = CARTESIAN_POINT('',(-5.3,19.8,6.05));
#14987 = DIRECTION('',(0.,-1.,0.));
#14988 = DIRECTION('',(0.,0.,-1.));
#14989 = DEFINITIONAL_REPRESENTATION('',(#14990),#14994);
#14990 = LINE('',#14991,#14992);
#14991 = CARTESIAN_POINT('',(7.853981633974,1.7));
#14992 = VECTOR('',#14993,1.);
#14993 = DIRECTION('',(-1.,0.));
#14994 = ( GEOMETRIC_REPRESENTATION_CONTEXT(2) 
PARAMETRIC_REPRESENTATION_CONTEXT() REPRESENTATION_CONTEXT('2D SPACE',''
  ) );
#14995 = ORIENTED_EDGE('',*,*,#14943,.F.);
#14996 = ORIENTED_EDGE('',*,*,#7875,.F.);
#14997 = ORIENTED_EDGE('',*,*,#14998,.T.);
#14998 = EDGE_CURVE('',#7848,#14968,#14999,.T.);
#14999 = SURFACE_CURVE('',#15000,(#15004,#15011),.PCURVE_S1.);
#15000 = LINE('',#15001,#15002);
#15001 = CARTESIAN_POINT('',(-5.3,18.1,6.25));
#15002 = VECTOR('',#15003,1.);
#15003 = DIRECTION('',(0.,-0.866025403784,0.5));
#15004 = PCURVE('',#7896,#15005);
#15005 = DEFINITIONAL_REPRESENTATION('',(#15006),#15010);
#15006 = LINE('',#15007,#15008);
#15007 = CARTESIAN_POINT('',(1.570796326795,-1.105703544671E-15));
#15008 = VECTOR('',#15009,1.);
#15009 = DIRECTION('',(0.,1.));
#15010 = ( GEOMETRIC_REPRESENTATION_CONTEXT(2) 
PARAMETRIC_REPRESENTATION_CONTEXT() REPRESENTATION_CONTEXT('2D SPACE',''
  ) );
#15011 = PCURVE('',#7863,#15012);
#15012 = DEFINITIONAL_REPRESENTATION('',(#15013),#15017);
#15013 = LINE('',#15014,#15015);
#15014 = CARTESIAN_POINT('',(0.,0.));
#15015 = VECTOR('',#15016,1.);
#15016 = DIRECTION('',(-1.,0.));
#15017 = ( GEOMETRIC_REPRESENTATION_CONTEXT(2) 
PARAMETRIC_REPRESENTATION_CONTEXT() REPRESENTATION_CONTEXT('2D SPACE',''
  ) );
#15018 = ADVANCED_FACE('',(#15019),#7863,.T.);
#15019 = FACE_BOUND('',#15020,.T.);
#15020 = EDGE_LOOP('',(#15021,#15049,#15050,#15051));
#15021 = ORIENTED_EDGE('',*,*,#15022,.F.);
#15022 = EDGE_CURVE('',#14968,#15023,#15025,.T.);
#15023 = VERTEX_POINT('',#15024);
#15024 = CARTESIAN_POINT('',(-6.8,18.1,6.25));
#15025 = SURFACE_CURVE('',#15026,(#15030,#15037),.PCURVE_S1.);
#15026 = LINE('',#15027,#15028);
#15027 = CARTESIAN_POINT('',(-5.3,18.1,6.25));
#15028 = VECTOR('',#15029,1.);
#15029 = DIRECTION('',(-1.,0.,0.));
#15030 = PCURVE('',#7863,#15031);
#15031 = DEFINITIONAL_REPRESENTATION('',(#15032),#15036);
#15032 = LINE('',#15033,#15034);
#15033 = CARTESIAN_POINT('',(0.,0.));
#15034 = VECTOR('',#15035,1.);
#15035 = DIRECTION('',(0.,1.));
#15036 = ( GEOMETRIC_REPRESENTATION_CONTEXT(2) 
PARAMETRIC_REPRESENTATION_CONTEXT() REPRESENTATION_CONTEXT('2D SPACE',''
  ) );
#15037 = PCURVE('',#15038,#15043);
#15038 = PLANE('',#15039);
#15039 = AXIS2_PLACEMENT_3D('',#15040,#15041,#15042);
#15040 = CARTESIAN_POINT('',(-5.3,19.8,6.25));
#15041 = DIRECTION('',(0.,0.,1.));
#15042 = DIRECTION('',(1.,0.,-0.));
#15043 = DEFINITIONAL_REPRESENTATION('',(#15044),#15048);
#15044 = LINE('',#15045,#15046);
#15045 = CARTESIAN_POINT('',(0.,-1.7));
#15046 = VECTOR('',#15047,1.);
#15047 = DIRECTION('',(-1.,0.));
#15048 = ( GEOMETRIC_REPRESENTATION_CONTEXT(2) 
PARAMETRIC_REPRESENTATION_CONTEXT() REPRESENTATION_CONTEXT('2D SPACE',''
  ) );
#15049 = ORIENTED_EDGE('',*,*,#14998,.F.);
#15050 = ORIENTED_EDGE('',*,*,#7847,.T.);
#15051 = ORIENTED_EDGE('',*,*,#15052,.T.);
#15052 = EDGE_CURVE('',#7815,#15023,#15053,.T.);
#15053 = SURFACE_CURVE('',#15054,(#15058,#15065),.PCURVE_S1.);
#15054 = LINE('',#15055,#15056);
#15055 = CARTESIAN_POINT('',(-6.8,18.1,6.25));
#15056 = VECTOR('',#15057,1.);
#15057 = DIRECTION('',(0.,-0.866025403784,0.5));
#15058 = PCURVE('',#7863,#15059);
#15059 = DEFINITIONAL_REPRESENTATION('',(#15060),#15064);
#15060 = LINE('',#15061,#15062);
#15061 = CARTESIAN_POINT('',(0.,1.5));
#15062 = VECTOR('',#15063,1.);
#15063 = DIRECTION('',(-1.,0.));
#15064 = ( GEOMETRIC_REPRESENTATION_CONTEXT(2) 
PARAMETRIC_REPRESENTATION_CONTEXT() REPRESENTATION_CONTEXT('2D SPACE',''
  ) );
#15065 = PCURVE('',#7835,#15066);
#15066 = DEFINITIONAL_REPRESENTATION('',(#15067),#15071);
#15067 = LINE('',#15068,#15069);
#15068 = CARTESIAN_POINT('',(1.570796326795,1.105703544671E-15));
#15069 = VECTOR('',#15070,1.);
#15070 = DIRECTION('',(0.,-1.));
#15071 = ( GEOMETRIC_REPRESENTATION_CONTEXT(2) 
PARAMETRIC_REPRESENTATION_CONTEXT() REPRESENTATION_CONTEXT('2D SPACE',''
  ) );
#15072 = ADVANCED_FACE('',(#15073),#7835,.F.);
#15073 = FACE_BOUND('',#15074,.F.);
#15074 = EDGE_LOOP('',(#15075,#15076,#15077,#15078));
#15075 = ORIENTED_EDGE('',*,*,#14104,.F.);
#15076 = ORIENTED_EDGE('',*,*,#7814,.F.);
#15077 = ORIENTED_EDGE('',*,*,#15052,.T.);
#15078 = ORIENTED_EDGE('',*,*,#15079,.T.);
#15079 = EDGE_CURVE('',#15023,#14075,#15080,.T.);
#15080 = SURFACE_CURVE('',#15081,(#15086,#15093),.PCURVE_S1.);
#15081 = CIRCLE('',#15082,0.3);
#15082 = AXIS2_PLACEMENT_3D('',#15083,#15084,#15085);
#15083 = CARTESIAN_POINT('',(-6.8,18.1,6.55));
#15084 = DIRECTION('',(-0.,1.,0.));
#15085 = DIRECTION('',(1.,0.,0.));
#15086 = PCURVE('',#7835,#15087);
#15087 = DEFINITIONAL_REPRESENTATION('',(#15088),#15092);
#15088 = LINE('',#15089,#15090);
#15089 = CARTESIAN_POINT('',(0.,-7.211110073938E-17));
#15090 = VECTOR('',#15091,1.);
#15091 = DIRECTION('',(1.,0.));
#15092 = ( GEOMETRIC_REPRESENTATION_CONTEXT(2) 
PARAMETRIC_REPRESENTATION_CONTEXT() REPRESENTATION_CONTEXT('2D SPACE',''
  ) );
#15093 = PCURVE('',#15094,#15099);
#15094 = CYLINDRICAL_SURFACE('',#15095,0.3);
#15095 = AXIS2_PLACEMENT_3D('',#15096,#15097,#15098);
#15096 = CARTESIAN_POINT('',(-6.8,19.8,6.55));
#15097 = DIRECTION('',(0.,-1.,0.));
#15098 = DIRECTION('',(0.,0.,-1.));
#15099 = DEFINITIONAL_REPRESENTATION('',(#15100),#15104);
#15100 = LINE('',#15101,#15102);
#15101 = CARTESIAN_POINT('',(7.853981633974,1.7));
#15102 = VECTOR('',#15103,1.);
#15103 = DIRECTION('',(-1.,0.));
#15104 = ( GEOMETRIC_REPRESENTATION_CONTEXT(2) 
PARAMETRIC_REPRESENTATION_CONTEXT() REPRESENTATION_CONTEXT('2D SPACE',''
  ) );
#15105 = ADVANCED_FACE('',(#15106),#15120,.T.);
#15106 = FACE_BOUND('',#15107,.T.);
#15107 = EDGE_LOOP('',(#15108,#15138,#15162,#15185,#15209,#15233,#15256,
    #15280,#15303,#15327,#15350,#15374,#15397,#15420,#15443,#15467,
    #15490,#15514,#15537));
#15108 = ORIENTED_EDGE('',*,*,#15109,.T.);
#15109 = EDGE_CURVE('',#15110,#15112,#15114,.T.);
#15110 = VERTEX_POINT('',#15111);
#15111 = CARTESIAN_POINT('',(-7.1,16.4,6.55));
#15112 = VERTEX_POINT('',#15113);
#15113 = CARTESIAN_POINT('',(-7.1,16.4,8.05));
#15114 = SURFACE_CURVE('',#15115,(#15119,#15131),.PCURVE_S1.);
#15115 = LINE('',#15116,#15117);
#15116 = CARTESIAN_POINT('',(-7.1,16.4,6.55));
#15117 = VECTOR('',#15118,1.);
#15118 = DIRECTION('',(0.,0.,1.));
#15119 = PCURVE('',#15120,#15125);
#15120 = PLANE('',#15121);
#15121 = AXIS2_PLACEMENT_3D('',#15122,#15123,#15124);
#15122 = CARTESIAN_POINT('',(-6.8,16.4,8.05));
#15123 = DIRECTION('',(0.,1.,0.));
#15124 = DIRECTION('',(0.,-0.,1.));
#15125 = DEFINITIONAL_REPRESENTATION('',(#15126),#15130);
#15126 = LINE('',#15127,#15128);
#15127 = CARTESIAN_POINT('',(-1.5,-0.3));
#15128 = VECTOR('',#15129,1.);
#15129 = DIRECTION('',(1.,0.));
#15130 = ( GEOMETRIC_REPRESENTATION_CONTEXT(2) 
PARAMETRIC_REPRESENTATION_CONTEXT() REPRESENTATION_CONTEXT('2D SPACE',''
  ) );
#15131 = PCURVE('',#14092,#15132);
#15132 = DEFINITIONAL_REPRESENTATION('',(#15133),#15137);
#15133 = LINE('',#15134,#15135);
#15134 = CARTESIAN_POINT('',(0.,-3.4));
#15135 = VECTOR('',#15136,1.);
#15136 = DIRECTION('',(-1.,0.));
#15137 = ( GEOMETRIC_REPRESENTATION_CONTEXT(2) 
PARAMETRIC_REPRESENTATION_CONTEXT() REPRESENTATION_CONTEXT('2D SPACE',''
  ) );
#15138 = ORIENTED_EDGE('',*,*,#15139,.T.);
#15139 = EDGE_CURVE('',#15112,#15140,#15142,.T.);
#15140 = VERTEX_POINT('',#15141);
#15141 = CARTESIAN_POINT('',(-6.8,16.4,8.35));
#15142 = SURFACE_CURVE('',#15143,(#15148,#15155),.PCURVE_S1.);
#15143 = CIRCLE('',#15144,0.3);
#15144 = AXIS2_PLACEMENT_3D('',#15145,#15146,#15147);
#15145 = CARTESIAN_POINT('',(-6.8,16.4,8.05));
#15146 = DIRECTION('',(-0.,1.,0.));
#15147 = DIRECTION('',(1.,0.,0.));
#15148 = PCURVE('',#15120,#15149);
#15149 = DEFINITIONAL_REPRESENTATION('',(#15150),#15154);
#15150 = CIRCLE('',#15151,0.3);
#15151 = AXIS2_PLACEMENT_2D('',#15152,#15153);
#15152 = CARTESIAN_POINT('',(0.,0.));
#15153 = DIRECTION('',(0.,1.));
#15154 = ( GEOMETRIC_REPRESENTATION_CONTEXT(2) 
PARAMETRIC_REPRESENTATION_CONTEXT() REPRESENTATION_CONTEXT('2D SPACE',''
  ) );
#15155 = PCURVE('',#14190,#15156);
#15156 = DEFINITIONAL_REPRESENTATION('',(#15157),#15161);
#15157 = LINE('',#15158,#15159);
#15158 = CARTESIAN_POINT('',(7.853981633974,3.4));
#15159 = VECTOR('',#15160,1.);
#15160 = DIRECTION('',(-1.,0.));
#15161 = ( GEOMETRIC_REPRESENTATION_CONTEXT(2) 
PARAMETRIC_REPRESENTATION_CONTEXT() REPRESENTATION_CONTEXT('2D SPACE',''
  ) );
#15162 = ORIENTED_EDGE('',*,*,#15163,.T.);
#15163 = EDGE_CURVE('',#15140,#15164,#15166,.T.);
#15164 = VERTEX_POINT('',#15165);
#15165 = CARTESIAN_POINT('',(-5.295060350851,16.4,8.35));
#15166 = SURFACE_CURVE('',#15167,(#15171,#15178),.PCURVE_S1.);
#15167 = LINE('',#15168,#15169);
#15168 = CARTESIAN_POINT('',(-6.8,16.4,8.35));
#15169 = VECTOR('',#15170,1.);
#15170 = DIRECTION('',(1.,0.,0.));
#15171 = PCURVE('',#15120,#15172);
#15172 = DEFINITIONAL_REPRESENTATION('',(#15173),#15177);
#15173 = LINE('',#15174,#15175);
#15174 = CARTESIAN_POINT('',(0.3,0.));
#15175 = VECTOR('',#15176,1.);
#15176 = DIRECTION('',(0.,1.));
#15177 = ( GEOMETRIC_REPRESENTATION_CONTEXT(2) 
PARAMETRIC_REPRESENTATION_CONTEXT() REPRESENTATION_CONTEXT('2D SPACE',''
  ) );
#15178 = PCURVE('',#14221,#15179);
#15179 = DEFINITIONAL_REPRESENTATION('',(#15180),#15184);
#15180 = LINE('',#15181,#15182);
#15181 = CARTESIAN_POINT('',(0.,-3.4));
#15182 = VECTOR('',#15183,1.);
#15183 = DIRECTION('',(-1.,0.));
#15184 = ( GEOMETRIC_REPRESENTATION_CONTEXT(2) 
PARAMETRIC_REPRESENTATION_CONTEXT() REPRESENTATION_CONTEXT('2D SPACE',''
  ) );
#15185 = ORIENTED_EDGE('',*,*,#15186,.F.);
#15186 = EDGE_CURVE('',#15187,#15164,#15189,.T.);
#15187 = VERTEX_POINT('',#15188);
#15188 = CARTESIAN_POINT('',(-5.096471676926,16.4,8.526282104035));
#15189 = SURFACE_CURVE('',#15190,(#15195,#15202),.PCURVE_S1.);
#15190 = CIRCLE('',#15191,0.2);
#15191 = AXIS2_PLACEMENT_3D('',#15192,#15193,#15194);
#15192 = CARTESIAN_POINT('',(-5.295060350851,16.4,8.55));
#15193 = DIRECTION('',(-0.,1.,0.));
#15194 = DIRECTION('',(1.,0.,0.));
#15195 = PCURVE('',#15120,#15196);
#15196 = DEFINITIONAL_REPRESENTATION('',(#15197),#15201);
#15197 = CIRCLE('',#15198,0.2);
#15198 = AXIS2_PLACEMENT_2D('',#15199,#15200);
#15199 = CARTESIAN_POINT('',(0.5,1.504939649149));
#15200 = DIRECTION('',(0.,1.));
#15201 = ( GEOMETRIC_REPRESENTATION_CONTEXT(2) 
PARAMETRIC_REPRESENTATION_CONTEXT() REPRESENTATION_CONTEXT('2D SPACE',''
  ) );
#15202 = PCURVE('',#14276,#15203);
#15203 = DEFINITIONAL_REPRESENTATION('',(#15204),#15208);
#15204 = LINE('',#15205,#15206);
#15205 = CARTESIAN_POINT('',(1.570796326795,3.4));
#15206 = VECTOR('',#15207,1.);
#15207 = DIRECTION('',(-1.,0.));
#15208 = ( GEOMETRIC_REPRESENTATION_CONTEXT(2) 
PARAMETRIC_REPRESENTATION_CONTEXT() REPRESENTATION_CONTEXT('2D SPACE',''
  ) );
#15209 = ORIENTED_EDGE('',*,*,#15210,.T.);
#15210 = EDGE_CURVE('',#15187,#15211,#15213,.T.);
#15211 = VERTEX_POINT('',#15212);
#15212 = CARTESIAN_POINT('',(-4.85,16.4,8.9));
#15213 = SURFACE_CURVE('',#15214,(#15219,#15226),.PCURVE_S1.);
#15214 = CIRCLE('',#15215,0.5);
#15215 = AXIS2_PLACEMENT_3D('',#15216,#15217,#15218);
#15216 = CARTESIAN_POINT('',(-4.6,16.4,8.466987298108));
#15217 = DIRECTION('',(-0.,1.,0.));
#15218 = DIRECTION('',(1.,0.,0.));
#15219 = PCURVE('',#15120,#15220);
#15220 = DEFINITIONAL_REPRESENTATION('',(#15221),#15225);
#15221 = CIRCLE('',#15222,0.5);
#15222 = AXIS2_PLACEMENT_2D('',#15223,#15224);
#15223 = CARTESIAN_POINT('',(0.416987298108,2.2));
#15224 = DIRECTION('',(0.,1.));
#15225 = ( GEOMETRIC_REPRESENTATION_CONTEXT(2) 
PARAMETRIC_REPRESENTATION_CONTEXT() REPRESENTATION_CONTEXT('2D SPACE',''
  ) );
#15226 = PCURVE('',#14354,#15227);
#15227 = DEFINITIONAL_REPRESENTATION('',(#15228),#15232);
#15228 = LINE('',#15229,#15230);
#15229 = CARTESIAN_POINT('',(7.853981633974,3.4));
#15230 = VECTOR('',#15231,1.);
#15231 = DIRECTION('',(-1.,0.));
#15232 = ( GEOMETRIC_REPRESENTATION_CONTEXT(2) 
PARAMETRIC_REPRESENTATION_CONTEXT() REPRESENTATION_CONTEXT('2D SPACE',''
  ) );
#15233 = ORIENTED_EDGE('',*,*,#15234,.T.);
#15234 = EDGE_CURVE('',#15211,#15235,#15237,.T.);
#15235 = VERTEX_POINT('',#15236);
#15236 = CARTESIAN_POINT('',(-4.1,16.4,9.333012701892));
#15237 = SURFACE_CURVE('',#15238,(#15242,#15249),.PCURVE_S1.);
#15238 = LINE('',#15239,#15240);
#15239 = CARTESIAN_POINT('',(-4.85,16.4,8.9));
#15240 = VECTOR('',#15241,1.);
#15241 = DIRECTION('',(0.866025403784,0.,0.5));
#15242 = PCURVE('',#15120,#15243);
#15243 = DEFINITIONAL_REPRESENTATION('',(#15244),#15248);
#15244 = LINE('',#15245,#15246);
#15245 = CARTESIAN_POINT('',(0.85,1.95));
#15246 = VECTOR('',#15247,1.);
#15247 = DIRECTION('',(0.5,0.866025403784));
#15248 = ( GEOMETRIC_REPRESENTATION_CONTEXT(2) 
PARAMETRIC_REPRESENTATION_CONTEXT() REPRESENTATION_CONTEXT('2D SPACE',''
  ) );
#15249 = PCURVE('',#14385,#15250);
#15250 = DEFINITIONAL_REPRESENTATION('',(#15251),#15255);
#15251 = LINE('',#15252,#15253);
#15252 = CARTESIAN_POINT('',(-0.,-3.4));
#15253 = VECTOR('',#15254,1.);
#15254 = DIRECTION('',(-1.,0.));
#15255 = ( GEOMETRIC_REPRESENTATION_CONTEXT(2) 
PARAMETRIC_REPRESENTATION_CONTEXT() REPRESENTATION_CONTEXT('2D SPACE',''
  ) );
#15256 = ORIENTED_EDGE('',*,*,#15257,.T.);
#15257 = EDGE_CURVE('',#15235,#15258,#15260,.T.);
#15258 = VERTEX_POINT('',#15259);
#15259 = CARTESIAN_POINT('',(-3.85,16.4,9.4));
#15260 = SURFACE_CURVE('',#15261,(#15266,#15273),.PCURVE_S1.);
#15261 = CIRCLE('',#15262,0.5);
#15262 = AXIS2_PLACEMENT_3D('',#15263,#15264,#15265);
#15263 = CARTESIAN_POINT('',(-3.85,16.4,8.9));
#15264 = DIRECTION('',(-0.,1.,0.));
#15265 = DIRECTION('',(1.,0.,0.));
#15266 = PCURVE('',#15120,#15267);
#15267 = DEFINITIONAL_REPRESENTATION('',(#15268),#15272);
#15268 = CIRCLE('',#15269,0.5);
#15269 = AXIS2_PLACEMENT_2D('',#15270,#15271);
#15270 = CARTESIAN_POINT('',(0.85,2.95));
#15271 = DIRECTION('',(0.,1.));
#15272 = ( GEOMETRIC_REPRESENTATION_CONTEXT(2) 
PARAMETRIC_REPRESENTATION_CONTEXT() REPRESENTATION_CONTEXT('2D SPACE',''
  ) );
#15273 = PCURVE('',#14463,#15274);
#15274 = DEFINITIONAL_REPRESENTATION('',(#15275),#15279);
#15275 = LINE('',#15276,#15277);
#15276 = CARTESIAN_POINT('',(7.853981633974,3.4));
#15277 = VECTOR('',#15278,1.);
#15278 = DIRECTION('',(-1.,0.));
#15279 = ( GEOMETRIC_REPRESENTATION_CONTEXT(2) 
PARAMETRIC_REPRESENTATION_CONTEXT() REPRESENTATION_CONTEXT('2D SPACE',''
  ) );
#15280 = ORIENTED_EDGE('',*,*,#15281,.T.);
#15281 = EDGE_CURVE('',#15258,#15282,#15284,.T.);
#15282 = VERTEX_POINT('',#15283);
#15283 = CARTESIAN_POINT('',(0.6,16.4,9.4));
#15284 = SURFACE_CURVE('',#15285,(#15289,#15296),.PCURVE_S1.);
#15285 = LINE('',#15286,#15287);
#15286 = CARTESIAN_POINT('',(-3.85,16.4,9.4));
#15287 = VECTOR('',#15288,1.);
#15288 = DIRECTION('',(1.,0.,0.));
#15289 = PCURVE('',#15120,#15290);
#15290 = DEFINITIONAL_REPRESENTATION('',(#15291),#15295);
#15291 = LINE('',#15292,#15293);
#15292 = CARTESIAN_POINT('',(1.35,2.95));
#15293 = VECTOR('',#15294,1.);
#15294 = DIRECTION('',(0.,1.));
#15295 = ( GEOMETRIC_REPRESENTATION_CONTEXT(2) 
PARAMETRIC_REPRESENTATION_CONTEXT() REPRESENTATION_CONTEXT('2D SPACE',''
  ) );
#15296 = PCURVE('',#14494,#15297);
#15297 = DEFINITIONAL_REPRESENTATION('',(#15298),#15302);
#15298 = LINE('',#15299,#15300);
#15299 = CARTESIAN_POINT('',(0.,-3.4));
#15300 = VECTOR('',#15301,1.);
#15301 = DIRECTION('',(-1.,0.));
#15302 = ( GEOMETRIC_REPRESENTATION_CONTEXT(2) 
PARAMETRIC_REPRESENTATION_CONTEXT() REPRESENTATION_CONTEXT('2D SPACE',''
  ) );
#15303 = ORIENTED_EDGE('',*,*,#15304,.T.);
#15304 = EDGE_CURVE('',#15282,#15305,#15307,.T.);
#15305 = VERTEX_POINT('',#15306);
#15306 = CARTESIAN_POINT('',(1.1,16.4,8.9));
#15307 = SURFACE_CURVE('',#15308,(#15313,#15320),.PCURVE_S1.);
#15308 = CIRCLE('',#15309,0.5);
#15309 = AXIS2_PLACEMENT_3D('',#15310,#15311,#15312);
#15310 = CARTESIAN_POINT('',(0.6,16.4,8.9));
#15311 = DIRECTION('',(-0.,1.,0.));
#15312 = DIRECTION('',(1.,0.,0.));
#15313 = PCURVE('',#15120,#15314);
#15314 = DEFINITIONAL_REPRESENTATION('',(#15315),#15319);
#15315 = CIRCLE('',#15316,0.5);
#15316 = AXIS2_PLACEMENT_2D('',#15317,#15318);
#15317 = CARTESIAN_POINT('',(0.85,7.4));
#15318 = DIRECTION('',(0.,1.));
#15319 = ( GEOMETRIC_REPRESENTATION_CONTEXT(2) 
PARAMETRIC_REPRESENTATION_CONTEXT() REPRESENTATION_CONTEXT('2D SPACE',''
  ) );
#15320 = PCURVE('',#14572,#15321);
#15321 = DEFINITIONAL_REPRESENTATION('',(#15322),#15326);
#15322 = LINE('',#15323,#15324);
#15323 = CARTESIAN_POINT('',(7.853981633974,3.4));
#15324 = VECTOR('',#15325,1.);
#15325 = DIRECTION('',(-1.,0.));
#15326 = ( GEOMETRIC_REPRESENTATION_CONTEXT(2) 
PARAMETRIC_REPRESENTATION_CONTEXT() REPRESENTATION_CONTEXT('2D SPACE',''
  ) );
#15327 = ORIENTED_EDGE('',*,*,#15328,.T.);
#15328 = EDGE_CURVE('',#15305,#15329,#15331,.T.);
#15329 = VERTEX_POINT('',#15330);
#15330 = CARTESIAN_POINT('',(1.1,16.4,5.730555349947));
#15331 = SURFACE_CURVE('',#15332,(#15336,#15343),.PCURVE_S1.);
#15332 = LINE('',#15333,#15334);
#15333 = CARTESIAN_POINT('',(1.1,16.4,8.9));
#15334 = VECTOR('',#15335,1.);
#15335 = DIRECTION('',(0.,0.,-1.));
#15336 = PCURVE('',#15120,#15337);
#15337 = DEFINITIONAL_REPRESENTATION('',(#15338),#15342);
#15338 = LINE('',#15339,#15340);
#15339 = CARTESIAN_POINT('',(0.85,7.9));
#15340 = VECTOR('',#15341,1.);
#15341 = DIRECTION('',(-1.,0.));
#15342 = ( GEOMETRIC_REPRESENTATION_CONTEXT(2) 
PARAMETRIC_REPRESENTATION_CONTEXT() REPRESENTATION_CONTEXT('2D SPACE',''
  ) );
#15343 = PCURVE('',#14603,#15344);
#15344 = DEFINITIONAL_REPRESENTATION('',(#15345),#15349);
#15345 = LINE('',#15346,#15347);
#15346 = CARTESIAN_POINT('',(0.,-3.4));
#15347 = VECTOR('',#15348,1.);
#15348 = DIRECTION('',(-1.,0.));
#15349 = ( GEOMETRIC_REPRESENTATION_CONTEXT(2) 
PARAMETRIC_REPRESENTATION_CONTEXT() REPRESENTATION_CONTEXT('2D SPACE',''
  ) );
#15350 = ORIENTED_EDGE('',*,*,#15351,.T.);
#15351 = EDGE_CURVE('',#15329,#15352,#15354,.T.);
#15352 = VERTEX_POINT('',#15353);
#15353 = CARTESIAN_POINT('',(0.85,16.4,5.297542648054));
#15354 = SURFACE_CURVE('',#15355,(#15360,#15367),.PCURVE_S1.);
#15355 = CIRCLE('',#15356,0.5);
#15356 = AXIS2_PLACEMENT_3D('',#15357,#15358,#15359);
#15357 = CARTESIAN_POINT('',(0.6,16.4,5.730555349947));
#15358 = DIRECTION('',(-0.,1.,0.));
#15359 = DIRECTION('',(1.,0.,0.));
#15360 = PCURVE('',#15120,#15361);
#15361 = DEFINITIONAL_REPRESENTATION('',(#15362),#15366);
#15362 = CIRCLE('',#15363,0.5);
#15363 = AXIS2_PLACEMENT_2D('',#15364,#15365);
#15364 = CARTESIAN_POINT('',(-2.319444650053,7.4));
#15365 = DIRECTION('',(0.,1.));
#15366 = ( GEOMETRIC_REPRESENTATION_CONTEXT(2) 
PARAMETRIC_REPRESENTATION_CONTEXT() REPRESENTATION_CONTEXT('2D SPACE',''
  ) );
#15367 = PCURVE('',#14681,#15368);
#15368 = DEFINITIONAL_REPRESENTATION('',(#15369),#15373);
#15369 = LINE('',#15370,#15371);
#15370 = CARTESIAN_POINT('',(1.570796326795,3.4));
#15371 = VECTOR('',#15372,1.);
#15372 = DIRECTION('',(-1.,0.));
#15373 = ( GEOMETRIC_REPRESENTATION_CONTEXT(2) 
PARAMETRIC_REPRESENTATION_CONTEXT() REPRESENTATION_CONTEXT('2D SPACE',''
  ) );
#15374 = ORIENTED_EDGE('',*,*,#15375,.T.);
#15375 = EDGE_CURVE('',#15352,#15376,#15378,.T.);
#15376 = VERTEX_POINT('',#15377);
#15377 = CARTESIAN_POINT('',(0.334641016151,16.4,5.));
#15378 = SURFACE_CURVE('',#15379,(#15383,#15390),.PCURVE_S1.);
#15379 = LINE('',#15380,#15381);
#15380 = CARTESIAN_POINT('',(0.85,16.4,5.297542648054));
#15381 = VECTOR('',#15382,1.);
#15382 = DIRECTION('',(-0.866025403784,0.,-0.5));
#15383 = PCURVE('',#15120,#15384);
#15384 = DEFINITIONAL_REPRESENTATION('',(#15385),#15389);
#15385 = LINE('',#15386,#15387);
#15386 = CARTESIAN_POINT('',(-2.752457351946,7.65));
#15387 = VECTOR('',#15388,1.);
#15388 = DIRECTION('',(-0.5,-0.866025403784));
#15389 = ( GEOMETRIC_REPRESENTATION_CONTEXT(2) 
PARAMETRIC_REPRESENTATION_CONTEXT() REPRESENTATION_CONTEXT('2D SPACE',''
  ) );
#15390 = PCURVE('',#14712,#15391);
#15391 = DEFINITIONAL_REPRESENTATION('',(#15392),#15396);
#15392 = LINE('',#15393,#15394);
#15393 = CARTESIAN_POINT('',(0.,-3.4));
#15394 = VECTOR('',#15395,1.);
#15395 = DIRECTION('',(-1.,0.));
#15396 = ( GEOMETRIC_REPRESENTATION_CONTEXT(2) 
PARAMETRIC_REPRESENTATION_CONTEXT() REPRESENTATION_CONTEXT('2D SPACE',''
  ) );
#15397 = ORIENTED_EDGE('',*,*,#15398,.T.);
#15398 = EDGE_CURVE('',#15376,#15399,#15401,.T.);
#15399 = VERTEX_POINT('',#15400);
#15400 = CARTESIAN_POINT('',(-3.834641016151,16.4,5.));
#15401 = SURFACE_CURVE('',#15402,(#15406,#15413),.PCURVE_S1.);
#15402 = LINE('',#15403,#15404);
#15403 = CARTESIAN_POINT('',(0.334641016151,16.4,5.));
#15404 = VECTOR('',#15405,1.);
#15405 = DIRECTION('',(-1.,0.,0.));
#15406 = PCURVE('',#15120,#15407);
#15407 = DEFINITIONAL_REPRESENTATION('',(#15408),#15412);
#15408 = LINE('',#15409,#15410);
#15409 = CARTESIAN_POINT('',(-3.05,7.134641016151));
#15410 = VECTOR('',#15411,1.);
#15411 = DIRECTION('',(0.,-1.));
#15412 = ( GEOMETRIC_REPRESENTATION_CONTEXT(2) 
PARAMETRIC_REPRESENTATION_CONTEXT() REPRESENTATION_CONTEXT('2D SPACE',''
  ) );
#15413 = PCURVE('',#14766,#15414);
#15414 = DEFINITIONAL_REPRESENTATION('',(#15415),#15419);
#15415 = LINE('',#15416,#15417);
#15416 = CARTESIAN_POINT('',(0.,-3.4));
#15417 = VECTOR('',#15418,1.);
#15418 = DIRECTION('',(-1.,0.));
#15419 = ( GEOMETRIC_REPRESENTATION_CONTEXT(2) 
PARAMETRIC_REPRESENTATION_CONTEXT() REPRESENTATION_CONTEXT('2D SPACE',''
  ) );
#15420 = ORIENTED_EDGE('',*,*,#15421,.T.);
#15421 = EDGE_CURVE('',#15399,#15422,#15424,.T.);
#15422 = VERTEX_POINT('',#15423);
#15423 = CARTESIAN_POINT('',(-4.85,16.4,5.586217782649));
#15424 = SURFACE_CURVE('',#15425,(#15429,#15436),.PCURVE_S1.);
#15425 = LINE('',#15426,#15427);
#15426 = CARTESIAN_POINT('',(-3.834641016151,16.4,5.));
#15427 = VECTOR('',#15428,1.);
#15428 = DIRECTION('',(-0.866025403784,0.,0.5));
#15429 = PCURVE('',#15120,#15430);
#15430 = DEFINITIONAL_REPRESENTATION('',(#15431),#15435);
#15431 = LINE('',#15432,#15433);
#15432 = CARTESIAN_POINT('',(-3.05,2.965358983849));
#15433 = VECTOR('',#15434,1.);
#15434 = DIRECTION('',(0.5,-0.866025403784));
#15435 = ( GEOMETRIC_REPRESENTATION_CONTEXT(2) 
PARAMETRIC_REPRESENTATION_CONTEXT() REPRESENTATION_CONTEXT('2D SPACE',''
  ) );
#15436 = PCURVE('',#14820,#15437);
#15437 = DEFINITIONAL_REPRESENTATION('',(#15438),#15442);
#15438 = LINE('',#15439,#15440);
#15439 = CARTESIAN_POINT('',(0.,-3.4));
#15440 = VECTOR('',#15441,1.);
#15441 = DIRECTION('',(-1.,0.));
#15442 = ( GEOMETRIC_REPRESENTATION_CONTEXT(2) 
PARAMETRIC_REPRESENTATION_CONTEXT() REPRESENTATION_CONTEXT('2D SPACE',''
  ) );
#15443 = ORIENTED_EDGE('',*,*,#15444,.T.);
#15444 = EDGE_CURVE('',#15422,#15445,#15447,.T.);
#15445 = VERTEX_POINT('',#15446);
#15446 = CARTESIAN_POINT('',(-5.1,16.4,6.019230484541));
#15447 = SURFACE_CURVE('',#15448,(#15453,#15460),.PCURVE_S1.);
#15448 = CIRCLE('',#15449,0.5);
#15449 = AXIS2_PLACEMENT_3D('',#15450,#15451,#15452);
#15450 = CARTESIAN_POINT('',(-4.6,16.4,6.019230484541));
#15451 = DIRECTION('',(-0.,1.,0.));
#15452 = DIRECTION('',(1.,0.,0.));
#15453 = PCURVE('',#15120,#15454);
#15454 = DEFINITIONAL_REPRESENTATION('',(#15455),#15459);
#15455 = CIRCLE('',#15456,0.5);
#15456 = AXIS2_PLACEMENT_2D('',#15457,#15458);
#15457 = CARTESIAN_POINT('',(-2.030769515459,2.2));
#15458 = DIRECTION('',(0.,1.));
#15459 = ( GEOMETRIC_REPRESENTATION_CONTEXT(2) 
PARAMETRIC_REPRESENTATION_CONTEXT() REPRESENTATION_CONTEXT('2D SPACE',''
  ) );
#15460 = PCURVE('',#14898,#15461);
#15461 = DEFINITIONAL_REPRESENTATION('',(#15462),#15466);
#15462 = LINE('',#15463,#15464);
#15463 = CARTESIAN_POINT('',(7.853981633974,3.4));
#15464 = VECTOR('',#15465,1.);
#15465 = DIRECTION('',(-1.,0.));
#15466 = ( GEOMETRIC_REPRESENTATION_CONTEXT(2) 
PARAMETRIC_REPRESENTATION_CONTEXT() REPRESENTATION_CONTEXT('2D SPACE',''
  ) );
#15467 = ORIENTED_EDGE('',*,*,#15468,.T.);
#15468 = EDGE_CURVE('',#15445,#15469,#15471,.T.);
#15469 = VERTEX_POINT('',#15470);
#15470 = CARTESIAN_POINT('',(-5.1,16.4,6.05));
#15471 = SURFACE_CURVE('',#15472,(#15476,#15483),.PCURVE_S1.);
#15472 = LINE('',#15473,#15474);
#15473 = CARTESIAN_POINT('',(-5.1,16.4,6.019230484541));
#15474 = VECTOR('',#15475,1.);
#15475 = DIRECTION('',(0.,0.,1.));
#15476 = PCURVE('',#15120,#15477);
#15477 = DEFINITIONAL_REPRESENTATION('',(#15478),#15482);
#15478 = LINE('',#15479,#15480);
#15479 = CARTESIAN_POINT('',(-2.030769515459,1.7));
#15480 = VECTOR('',#15481,1.);
#15481 = DIRECTION('',(1.,0.));
#15482 = ( GEOMETRIC_REPRESENTATION_CONTEXT(2) 
PARAMETRIC_REPRESENTATION_CONTEXT() REPRESENTATION_CONTEXT('2D SPACE',''
  ) );
#15483 = PCURVE('',#14929,#15484);
#15484 = DEFINITIONAL_REPRESENTATION('',(#15485),#15489);
#15485 = LINE('',#15486,#15487);
#15486 = CARTESIAN_POINT('',(0.,-3.4));
#15487 = VECTOR('',#15488,1.);
#15488 = DIRECTION('',(-1.,0.));
#15489 = ( GEOMETRIC_REPRESENTATION_CONTEXT(2) 
PARAMETRIC_REPRESENTATION_CONTEXT() REPRESENTATION_CONTEXT('2D SPACE',''
  ) );
#15490 = ORIENTED_EDGE('',*,*,#15491,.F.);
#15491 = EDGE_CURVE('',#15492,#15469,#15494,.T.);
#15492 = VERTEX_POINT('',#15493);
#15493 = CARTESIAN_POINT('',(-5.3,16.4,6.25));
#15494 = SURFACE_CURVE('',#15495,(#15500,#15507),.PCURVE_S1.);
#15495 = CIRCLE('',#15496,0.2);
#15496 = AXIS2_PLACEMENT_3D('',#15497,#15498,#15499);
#15497 = CARTESIAN_POINT('',(-5.3,16.4,6.05));
#15498 = DIRECTION('',(-0.,1.,0.));
#15499 = DIRECTION('',(1.,0.,0.));
#15500 = PCURVE('',#15120,#15501);
#15501 = DEFINITIONAL_REPRESENTATION('',(#15502),#15506);
#15502 = CIRCLE('',#15503,0.2);
#15503 = AXIS2_PLACEMENT_2D('',#15504,#15505);
#15504 = CARTESIAN_POINT('',(-2.,1.5));
#15505 = DIRECTION('',(0.,1.));
#15506 = ( GEOMETRIC_REPRESENTATION_CONTEXT(2) 
PARAMETRIC_REPRESENTATION_CONTEXT() REPRESENTATION_CONTEXT('2D SPACE',''
  ) );
#15507 = PCURVE('',#14984,#15508);
#15508 = DEFINITIONAL_REPRESENTATION('',(#15509),#15513);
#15509 = LINE('',#15510,#15511);
#15510 = CARTESIAN_POINT('',(7.853981633974,3.4));
#15511 = VECTOR('',#15512,1.);
#15512 = DIRECTION('',(-1.,0.));
#15513 = ( GEOMETRIC_REPRESENTATION_CONTEXT(2) 
PARAMETRIC_REPRESENTATION_CONTEXT() REPRESENTATION_CONTEXT('2D SPACE',''
  ) );
#15514 = ORIENTED_EDGE('',*,*,#15515,.T.);
#15515 = EDGE_CURVE('',#15492,#15516,#15518,.T.);
#15516 = VERTEX_POINT('',#15517);
#15517 = CARTESIAN_POINT('',(-6.8,16.4,6.25));
#15518 = SURFACE_CURVE('',#15519,(#15523,#15530),.PCURVE_S1.);
#15519 = LINE('',#15520,#15521);
#15520 = CARTESIAN_POINT('',(-5.3,16.4,6.25));
#15521 = VECTOR('',#15522,1.);
#15522 = DIRECTION('',(-1.,0.,0.));
#15523 = PCURVE('',#15120,#15524);
#15524 = DEFINITIONAL_REPRESENTATION('',(#15525),#15529);
#15525 = LINE('',#15526,#15527);
#15526 = CARTESIAN_POINT('',(-1.8,1.5));
#15527 = VECTOR('',#15528,1.);
#15528 = DIRECTION('',(0.,-1.));
#15529 = ( GEOMETRIC_REPRESENTATION_CONTEXT(2) 
PARAMETRIC_REPRESENTATION_CONTEXT() REPRESENTATION_CONTEXT('2D SPACE',''
  ) );
#15530 = PCURVE('',#15038,#15531);
#15531 = DEFINITIONAL_REPRESENTATION('',(#15532),#15536);
#15532 = LINE('',#15533,#15534);
#15533 = CARTESIAN_POINT('',(0.,-3.4));
#15534 = VECTOR('',#15535,1.);
#15535 = DIRECTION('',(-1.,0.));
#15536 = ( GEOMETRIC_REPRESENTATION_CONTEXT(2) 
PARAMETRIC_REPRESENTATION_CONTEXT() REPRESENTATION_CONTEXT('2D SPACE',''
  ) );
#15537 = ORIENTED_EDGE('',*,*,#15538,.T.);
#15538 = EDGE_CURVE('',#15516,#15110,#15539,.T.);
#15539 = SURFACE_CURVE('',#15540,(#15545,#15552),.PCURVE_S1.);
#15540 = CIRCLE('',#15541,0.3);
#15541 = AXIS2_PLACEMENT_3D('',#15542,#15543,#15544);
#15542 = CARTESIAN_POINT('',(-6.8,16.4,6.55));
#15543 = DIRECTION('',(-0.,1.,0.));
#15544 = DIRECTION('',(1.,0.,0.));
#15545 = PCURVE('',#15120,#15546);
#15546 = DEFINITIONAL_REPRESENTATION('',(#15547),#15551);
#15547 = CIRCLE('',#15548,0.3);
#15548 = AXIS2_PLACEMENT_2D('',#15549,#15550);
#15549 = CARTESIAN_POINT('',(-1.5,0.));
#15550 = DIRECTION('',(0.,1.));
#15551 = ( GEOMETRIC_REPRESENTATION_CONTEXT(2) 
PARAMETRIC_REPRESENTATION_CONTEXT() REPRESENTATION_CONTEXT('2D SPACE',''
  ) );
#15552 = PCURVE('',#15094,#15553);
#15553 = DEFINITIONAL_REPRESENTATION('',(#15554),#15558);
#15554 = LINE('',#15555,#15556);
#15555 = CARTESIAN_POINT('',(7.853981633974,3.4));
#15556 = VECTOR('',#15557,1.);
#15557 = DIRECTION('',(-1.,0.));
#15558 = ( GEOMETRIC_REPRESENTATION_CONTEXT(2) 
PARAMETRIC_REPRESENTATION_CONTEXT() REPRESENTATION_CONTEXT('2D SPACE',''
  ) );
#15559 = ADVANCED_FACE('',(#15560),#15094,.F.);
#15560 = FACE_BOUND('',#15561,.F.);
#15561 = EDGE_LOOP('',(#15562,#15563,#15584,#15585));
#15562 = ORIENTED_EDGE('',*,*,#15538,.T.);
#15563 = ORIENTED_EDGE('',*,*,#15564,.F.);
#15564 = EDGE_CURVE('',#14075,#15110,#15565,.T.);
#15565 = SURFACE_CURVE('',#15566,(#15570,#15577),.PCURVE_S1.);
#15566 = LINE('',#15567,#15568);
#15567 = CARTESIAN_POINT('',(-7.1,19.8,6.55));
#15568 = VECTOR('',#15569,1.);
#15569 = DIRECTION('',(0.,-1.,0.));
#15570 = PCURVE('',#15094,#15571);
#15571 = DEFINITIONAL_REPRESENTATION('',(#15572),#15576);
#15572 = LINE('',#15573,#15574);
#15573 = CARTESIAN_POINT('',(4.712388980385,0.));
#15574 = VECTOR('',#15575,1.);
#15575 = DIRECTION('',(0.,1.));
#15576 = ( GEOMETRIC_REPRESENTATION_CONTEXT(2) 
PARAMETRIC_REPRESENTATION_CONTEXT() REPRESENTATION_CONTEXT('2D SPACE',''
  ) );
#15577 = PCURVE('',#14092,#15578);
#15578 = DEFINITIONAL_REPRESENTATION('',(#15579),#15583);
#15579 = LINE('',#15580,#15581);
#15580 = CARTESIAN_POINT('',(0.,0.));
#15581 = VECTOR('',#15582,1.);
#15582 = DIRECTION('',(0.,-1.));
#15583 = ( GEOMETRIC_REPRESENTATION_CONTEXT(2) 
PARAMETRIC_REPRESENTATION_CONTEXT() REPRESENTATION_CONTEXT('2D SPACE',''
  ) );
#15584 = ORIENTED_EDGE('',*,*,#15079,.F.);
#15585 = ORIENTED_EDGE('',*,*,#15586,.T.);
#15586 = EDGE_CURVE('',#15023,#15516,#15587,.T.);
#15587 = SURFACE_CURVE('',#15588,(#15592,#15599),.PCURVE_S1.);
#15588 = LINE('',#15589,#15590);
#15589 = CARTESIAN_POINT('',(-6.8,19.8,6.25));
#15590 = VECTOR('',#15591,1.);
#15591 = DIRECTION('',(0.,-1.,0.));
#15592 = PCURVE('',#15094,#15593);
#15593 = DEFINITIONAL_REPRESENTATION('',(#15594),#15598);
#15594 = LINE('',#15595,#15596);
#15595 = CARTESIAN_POINT('',(6.28318530718,0.));
#15596 = VECTOR('',#15597,1.);
#15597 = DIRECTION('',(0.,1.));
#15598 = ( GEOMETRIC_REPRESENTATION_CONTEXT(2) 
PARAMETRIC_REPRESENTATION_CONTEXT() REPRESENTATION_CONTEXT('2D SPACE',''
  ) );
#15599 = PCURVE('',#15038,#15600);
#15600 = DEFINITIONAL_REPRESENTATION('',(#15601),#15605);
#15601 = LINE('',#15602,#15603);
#15602 = CARTESIAN_POINT('',(-1.5,0.));
#15603 = VECTOR('',#15604,1.);
#15604 = DIRECTION('',(0.,-1.));
#15605 = ( GEOMETRIC_REPRESENTATION_CONTEXT(2) 
PARAMETRIC_REPRESENTATION_CONTEXT() REPRESENTATION_CONTEXT('2D SPACE',''
  ) );
#15606 = ADVANCED_FACE('',(#15607),#15038,.T.);
#15607 = FACE_BOUND('',#15608,.T.);
#15608 = EDGE_LOOP('',(#15609,#15630,#15631,#15632));
#15609 = ORIENTED_EDGE('',*,*,#15610,.F.);
#15610 = EDGE_CURVE('',#14968,#15492,#15611,.T.);
#15611 = SURFACE_CURVE('',#15612,(#15616,#15623),.PCURVE_S1.);
#15612 = LINE('',#15613,#15614);
#15613 = CARTESIAN_POINT('',(-5.3,19.8,6.25));
#15614 = VECTOR('',#15615,1.);
#15615 = DIRECTION('',(0.,-1.,0.));
#15616 = PCURVE('',#15038,#15617);
#15617 = DEFINITIONAL_REPRESENTATION('',(#15618),#15622);
#15618 = LINE('',#15619,#15620);
#15619 = CARTESIAN_POINT('',(0.,0.));
#15620 = VECTOR('',#15621,1.);
#15621 = DIRECTION('',(0.,-1.));
#15622 = ( GEOMETRIC_REPRESENTATION_CONTEXT(2) 
PARAMETRIC_REPRESENTATION_CONTEXT() REPRESENTATION_CONTEXT('2D SPACE',''
  ) );
#15623 = PCURVE('',#14984,#15624);
#15624 = DEFINITIONAL_REPRESENTATION('',(#15625),#15629);
#15625 = LINE('',#15626,#15627);
#15626 = CARTESIAN_POINT('',(3.14159265359,0.));
#15627 = VECTOR('',#15628,1.);
#15628 = DIRECTION('',(0.,1.));
#15629 = ( GEOMETRIC_REPRESENTATION_CONTEXT(2) 
PARAMETRIC_REPRESENTATION_CONTEXT() REPRESENTATION_CONTEXT('2D SPACE',''
  ) );
#15630 = ORIENTED_EDGE('',*,*,#15022,.T.);
#15631 = ORIENTED_EDGE('',*,*,#15586,.T.);
#15632 = ORIENTED_EDGE('',*,*,#15515,.F.);
#15633 = ADVANCED_FACE('',(#15634),#14984,.T.);
#15634 = FACE_BOUND('',#15635,.T.);
#15635 = EDGE_LOOP('',(#15636,#15637,#15638,#15639));
#15636 = ORIENTED_EDGE('',*,*,#14967,.F.);
#15637 = ORIENTED_EDGE('',*,*,#15610,.T.);
#15638 = ORIENTED_EDGE('',*,*,#15491,.T.);
#15639 = ORIENTED_EDGE('',*,*,#15640,.F.);
#15640 = EDGE_CURVE('',#14914,#15469,#15641,.T.);
#15641 = SURFACE_CURVE('',#15642,(#15646,#15653),.PCURVE_S1.);
#15642 = LINE('',#15643,#15644);
#15643 = CARTESIAN_POINT('',(-5.1,19.8,6.05));
#15644 = VECTOR('',#15645,1.);
#15645 = DIRECTION('',(0.,-1.,0.));
#15646 = PCURVE('',#14984,#15647);
#15647 = DEFINITIONAL_REPRESENTATION('',(#15648),#15652);
#15648 = LINE('',#15649,#15650);
#15649 = CARTESIAN_POINT('',(1.570796326795,0.));
#15650 = VECTOR('',#15651,1.);
#15651 = DIRECTION('',(0.,1.));
#15652 = ( GEOMETRIC_REPRESENTATION_CONTEXT(2) 
PARAMETRIC_REPRESENTATION_CONTEXT() REPRESENTATION_CONTEXT('2D SPACE',''
  ) );
#15653 = PCURVE('',#14929,#15654);
#15654 = DEFINITIONAL_REPRESENTATION('',(#15655),#15659);
#15655 = LINE('',#15656,#15657);
#15656 = CARTESIAN_POINT('',(-3.076951545867E-02,0.));
#15657 = VECTOR('',#15658,1.);
#15658 = DIRECTION('',(0.,-1.));
#15659 = ( GEOMETRIC_REPRESENTATION_CONTEXT(2) 
PARAMETRIC_REPRESENTATION_CONTEXT() REPRESENTATION_CONTEXT('2D SPACE',''
  ) );
#15660 = ADVANCED_FACE('',(#15661),#14929,.T.);
#15661 = FACE_BOUND('',#15662,.T.);
#15662 = EDGE_LOOP('',(#15663,#15684,#15685,#15686));
#15663 = ORIENTED_EDGE('',*,*,#15664,.F.);
#15664 = EDGE_CURVE('',#14859,#15445,#15665,.T.);
#15665 = SURFACE_CURVE('',#15666,(#15670,#15677),.PCURVE_S1.);
#15666 = LINE('',#15667,#15668);
#15667 = CARTESIAN_POINT('',(-5.1,19.8,6.019230484541));
#15668 = VECTOR('',#15669,1.);
#15669 = DIRECTION('',(0.,-1.,0.));
#15670 = PCURVE('',#14929,#15671);
#15671 = DEFINITIONAL_REPRESENTATION('',(#15672),#15676);
#15672 = LINE('',#15673,#15674);
#15673 = CARTESIAN_POINT('',(0.,0.));
#15674 = VECTOR('',#15675,1.);
#15675 = DIRECTION('',(0.,-1.));
#15676 = ( GEOMETRIC_REPRESENTATION_CONTEXT(2) 
PARAMETRIC_REPRESENTATION_CONTEXT() REPRESENTATION_CONTEXT('2D SPACE',''
  ) );
#15677 = PCURVE('',#14898,#15678);
#15678 = DEFINITIONAL_REPRESENTATION('',(#15679),#15683);
#15679 = LINE('',#15680,#15681);
#15680 = CARTESIAN_POINT('',(4.712388980385,0.));
#15681 = VECTOR('',#15682,1.);
#15682 = DIRECTION('',(0.,1.));
#15683 = ( GEOMETRIC_REPRESENTATION_CONTEXT(2) 
PARAMETRIC_REPRESENTATION_CONTEXT() REPRESENTATION_CONTEXT('2D SPACE',''
  ) );
#15684 = ORIENTED_EDGE('',*,*,#14913,.T.);
#15685 = ORIENTED_EDGE('',*,*,#15640,.T.);
#15686 = ORIENTED_EDGE('',*,*,#15468,.F.);
#15687 = ADVANCED_FACE('',(#15688),#14898,.F.);
#15688 = FACE_BOUND('',#15689,.F.);
#15689 = EDGE_LOOP('',(#15690,#15691,#15692,#15693));
#15690 = ORIENTED_EDGE('',*,*,#15444,.T.);
#15691 = ORIENTED_EDGE('',*,*,#15664,.F.);
#15692 = ORIENTED_EDGE('',*,*,#14883,.F.);
#15693 = ORIENTED_EDGE('',*,*,#15694,.T.);
#15694 = EDGE_CURVE('',#14805,#15422,#15695,.T.);
#15695 = SURFACE_CURVE('',#15696,(#15700,#15707),.PCURVE_S1.);
#15696 = LINE('',#15697,#15698);
#15697 = CARTESIAN_POINT('',(-4.85,19.8,5.586217782649));
#15698 = VECTOR('',#15699,1.);
#15699 = DIRECTION('',(0.,-1.,0.));
#15700 = PCURVE('',#14898,#15701);
#15701 = DEFINITIONAL_REPRESENTATION('',(#15702),#15706);
#15702 = LINE('',#15703,#15704);
#15703 = CARTESIAN_POINT('',(5.759586531581,0.));
#15704 = VECTOR('',#15705,1.);
#15705 = DIRECTION('',(0.,1.));
#15706 = ( GEOMETRIC_REPRESENTATION_CONTEXT(2) 
PARAMETRIC_REPRESENTATION_CONTEXT() REPRESENTATION_CONTEXT('2D SPACE',''
  ) );
#15707 = PCURVE('',#14820,#15708);
#15708 = DEFINITIONAL_REPRESENTATION('',(#15709),#15713);
#15709 = LINE('',#15710,#15711);
#15710 = CARTESIAN_POINT('',(-1.172435565298,0.));
#15711 = VECTOR('',#15712,1.);
#15712 = DIRECTION('',(0.,-1.));
#15713 = ( GEOMETRIC_REPRESENTATION_CONTEXT(2) 
PARAMETRIC_REPRESENTATION_CONTEXT() REPRESENTATION_CONTEXT('2D SPACE',''
  ) );
#15714 = ADVANCED_FACE('',(#15715),#14820,.T.);
#15715 = FACE_BOUND('',#15716,.T.);
#15716 = EDGE_LOOP('',(#15717,#15738,#15739,#15740));
#15717 = ORIENTED_EDGE('',*,*,#15718,.F.);
#15718 = EDGE_CURVE('',#14751,#15399,#15719,.T.);
#15719 = SURFACE_CURVE('',#15720,(#15724,#15731),.PCURVE_S1.);
#15720 = LINE('',#15721,#15722);
#15721 = CARTESIAN_POINT('',(-3.834641016151,19.8,5.));
#15722 = VECTOR('',#15723,1.);
#15723 = DIRECTION('',(0.,-1.,0.));
#15724 = PCURVE('',#14820,#15725);
#15725 = DEFINITIONAL_REPRESENTATION('',(#15726),#15730);
#15726 = LINE('',#15727,#15728);
#15727 = CARTESIAN_POINT('',(0.,0.));
#15728 = VECTOR('',#15729,1.);
#15729 = DIRECTION('',(0.,-1.));
#15730 = ( GEOMETRIC_REPRESENTATION_CONTEXT(2) 
PARAMETRIC_REPRESENTATION_CONTEXT() REPRESENTATION_CONTEXT('2D SPACE',''
  ) );
#15731 = PCURVE('',#14766,#15732);
#15732 = DEFINITIONAL_REPRESENTATION('',(#15733),#15737);
#15733 = LINE('',#15734,#15735);
#15734 = CARTESIAN_POINT('',(-4.169282032303,0.));
#15735 = VECTOR('',#15736,1.);
#15736 = DIRECTION('',(0.,-1.));
#15737 = ( GEOMETRIC_REPRESENTATION_CONTEXT(2) 
PARAMETRIC_REPRESENTATION_CONTEXT() REPRESENTATION_CONTEXT('2D SPACE',''
  ) );
#15738 = ORIENTED_EDGE('',*,*,#14804,.T.);
#15739 = ORIENTED_EDGE('',*,*,#15694,.T.);
#15740 = ORIENTED_EDGE('',*,*,#15421,.F.);
#15741 = ADVANCED_FACE('',(#15742),#14766,.T.);
#15742 = FACE_BOUND('',#15743,.T.);
#15743 = EDGE_LOOP('',(#15744,#15765,#15766,#15767));
#15744 = ORIENTED_EDGE('',*,*,#15745,.F.);
#15745 = EDGE_CURVE('',#14697,#15376,#15746,.T.);
#15746 = SURFACE_CURVE('',#15747,(#15751,#15758),.PCURVE_S1.);
#15747 = LINE('',#15748,#15749);
#15748 = CARTESIAN_POINT('',(0.334641016151,19.8,5.));
#15749 = VECTOR('',#15750,1.);
#15750 = DIRECTION('',(0.,-1.,0.));
#15751 = PCURVE('',#14766,#15752);
#15752 = DEFINITIONAL_REPRESENTATION('',(#15753),#15757);
#15753 = LINE('',#15754,#15755);
#15754 = CARTESIAN_POINT('',(0.,0.));
#15755 = VECTOR('',#15756,1.);
#15756 = DIRECTION('',(0.,-1.));
#15757 = ( GEOMETRIC_REPRESENTATION_CONTEXT(2) 
PARAMETRIC_REPRESENTATION_CONTEXT() REPRESENTATION_CONTEXT('2D SPACE',''
  ) );
#15758 = PCURVE('',#14712,#15759);
#15759 = DEFINITIONAL_REPRESENTATION('',(#15760),#15764);
#15760 = LINE('',#15761,#15762);
#15761 = CARTESIAN_POINT('',(-0.595085296109,0.));
#15762 = VECTOR('',#15763,1.);
#15763 = DIRECTION('',(0.,-1.));
#15764 = ( GEOMETRIC_REPRESENTATION_CONTEXT(2) 
PARAMETRIC_REPRESENTATION_CONTEXT() REPRESENTATION_CONTEXT('2D SPACE',''
  ) );
#15765 = ORIENTED_EDGE('',*,*,#14750,.T.);
#15766 = ORIENTED_EDGE('',*,*,#15718,.T.);
#15767 = ORIENTED_EDGE('',*,*,#15398,.F.);
#15768 = ADVANCED_FACE('',(#15769),#14712,.T.);
#15769 = FACE_BOUND('',#15770,.T.);
#15770 = EDGE_LOOP('',(#15771,#15792,#15793,#15794));
#15771 = ORIENTED_EDGE('',*,*,#15772,.F.);
#15772 = EDGE_CURVE('',#14642,#15352,#15773,.T.);
#15773 = SURFACE_CURVE('',#15774,(#15778,#15785),.PCURVE_S1.);
#15774 = LINE('',#15775,#15776);
#15775 = CARTESIAN_POINT('',(0.85,19.8,5.297542648054));
#15776 = VECTOR('',#15777,1.);
#15777 = DIRECTION('',(0.,-1.,0.));
#15778 = PCURVE('',#14712,#15779);
#15779 = DEFINITIONAL_REPRESENTATION('',(#15780),#15784);
#15780 = LINE('',#15781,#15782);
#15781 = CARTESIAN_POINT('',(0.,0.));
#15782 = VECTOR('',#15783,1.);
#15783 = DIRECTION('',(0.,-1.));
#15784 = ( GEOMETRIC_REPRESENTATION_CONTEXT(2) 
PARAMETRIC_REPRESENTATION_CONTEXT() REPRESENTATION_CONTEXT('2D SPACE',''
  ) );
#15785 = PCURVE('',#14681,#15786);
#15786 = DEFINITIONAL_REPRESENTATION('',(#15787),#15791);
#15787 = LINE('',#15788,#15789);
#15788 = CARTESIAN_POINT('',(0.523598775598,0.));
#15789 = VECTOR('',#15790,1.);
#15790 = DIRECTION('',(0.,1.));
#15791 = ( GEOMETRIC_REPRESENTATION_CONTEXT(2) 
PARAMETRIC_REPRESENTATION_CONTEXT() REPRESENTATION_CONTEXT('2D SPACE',''
  ) );
#15792 = ORIENTED_EDGE('',*,*,#14696,.T.);
#15793 = ORIENTED_EDGE('',*,*,#15745,.T.);
#15794 = ORIENTED_EDGE('',*,*,#15375,.F.);
#15795 = ADVANCED_FACE('',(#15796),#14681,.F.);
#15796 = FACE_BOUND('',#15797,.F.);
#15797 = EDGE_LOOP('',(#15798,#15799,#15800,#15801));
#15798 = ORIENTED_EDGE('',*,*,#15351,.T.);
#15799 = ORIENTED_EDGE('',*,*,#15772,.F.);
#15800 = ORIENTED_EDGE('',*,*,#14666,.F.);
#15801 = ORIENTED_EDGE('',*,*,#15802,.T.);
#15802 = EDGE_CURVE('',#14588,#15329,#15803,.T.);
#15803 = SURFACE_CURVE('',#15804,(#15808,#15815),.PCURVE_S1.);
#15804 = LINE('',#15805,#15806);
#15805 = CARTESIAN_POINT('',(1.1,19.8,5.730555349947));
#15806 = VECTOR('',#15807,1.);
#15807 = DIRECTION('',(0.,-1.,0.));
#15808 = PCURVE('',#14681,#15809);
#15809 = DEFINITIONAL_REPRESENTATION('',(#15810),#15814);
#15810 = LINE('',#15811,#15812);
#15811 = CARTESIAN_POINT('',(1.570796326795,0.));
#15812 = VECTOR('',#15813,1.);
#15813 = DIRECTION('',(0.,1.));
#15814 = ( GEOMETRIC_REPRESENTATION_CONTEXT(2) 
PARAMETRIC_REPRESENTATION_CONTEXT() REPRESENTATION_CONTEXT('2D SPACE',''
  ) );
#15815 = PCURVE('',#14603,#15816);
#15816 = DEFINITIONAL_REPRESENTATION('',(#15817),#15821);
#15817 = LINE('',#15818,#15819);
#15818 = CARTESIAN_POINT('',(-3.169444650053,0.));
#15819 = VECTOR('',#15820,1.);
#15820 = DIRECTION('',(0.,-1.));
#15821 = ( GEOMETRIC_REPRESENTATION_CONTEXT(2) 
PARAMETRIC_REPRESENTATION_CONTEXT() REPRESENTATION_CONTEXT('2D SPACE',''
  ) );
#15822 = ADVANCED_FACE('',(#15823),#14603,.T.);
#15823 = FACE_BOUND('',#15824,.T.);
#15824 = EDGE_LOOP('',(#15825,#15846,#15847,#15848));
#15825 = ORIENTED_EDGE('',*,*,#15826,.F.);
#15826 = EDGE_CURVE('',#14533,#15305,#15827,.T.);
#15827 = SURFACE_CURVE('',#15828,(#15832,#15839),.PCURVE_S1.);
#15828 = LINE('',#15829,#15830);
#15829 = CARTESIAN_POINT('',(1.1,19.8,8.9));
#15830 = VECTOR('',#15831,1.);
#15831 = DIRECTION('',(0.,-1.,0.));
#15832 = PCURVE('',#14603,#15833);
#15833 = DEFINITIONAL_REPRESENTATION('',(#15834),#15838);
#15834 = LINE('',#15835,#15836);
#15835 = CARTESIAN_POINT('',(0.,0.));
#15836 = VECTOR('',#15837,1.);
#15837 = DIRECTION('',(0.,-1.));
#15838 = ( GEOMETRIC_REPRESENTATION_CONTEXT(2) 
PARAMETRIC_REPRESENTATION_CONTEXT() REPRESENTATION_CONTEXT('2D SPACE',''
  ) );
#15839 = PCURVE('',#14572,#15840);
#15840 = DEFINITIONAL_REPRESENTATION('',(#15841),#15845);
#15841 = LINE('',#15842,#15843);
#15842 = CARTESIAN_POINT('',(1.570796326795,0.));
#15843 = VECTOR('',#15844,1.);
#15844 = DIRECTION('',(0.,1.));
#15845 = ( GEOMETRIC_REPRESENTATION_CONTEXT(2) 
PARAMETRIC_REPRESENTATION_CONTEXT() REPRESENTATION_CONTEXT('2D SPACE',''
  ) );
#15846 = ORIENTED_EDGE('',*,*,#14587,.T.);
#15847 = ORIENTED_EDGE('',*,*,#15802,.T.);
#15848 = ORIENTED_EDGE('',*,*,#15328,.F.);
#15849 = ADVANCED_FACE('',(#15850),#14572,.F.);
#15850 = FACE_BOUND('',#15851,.F.);
#15851 = EDGE_LOOP('',(#15852,#15853,#15854,#15855));
#15852 = ORIENTED_EDGE('',*,*,#15304,.T.);
#15853 = ORIENTED_EDGE('',*,*,#15826,.F.);
#15854 = ORIENTED_EDGE('',*,*,#14557,.F.);
#15855 = ORIENTED_EDGE('',*,*,#15856,.T.);
#15856 = EDGE_CURVE('',#14479,#15282,#15857,.T.);
#15857 = SURFACE_CURVE('',#15858,(#15862,#15869),.PCURVE_S1.);
#15858 = LINE('',#15859,#15860);
#15859 = CARTESIAN_POINT('',(0.6,19.8,9.4));
#15860 = VECTOR('',#15861,1.);
#15861 = DIRECTION('',(0.,-1.,0.));
#15862 = PCURVE('',#14572,#15863);
#15863 = DEFINITIONAL_REPRESENTATION('',(#15864),#15868);
#15864 = LINE('',#15865,#15866);
#15865 = CARTESIAN_POINT('',(3.14159265359,0.));
#15866 = VECTOR('',#15867,1.);
#15867 = DIRECTION('',(0.,1.));
#15868 = ( GEOMETRIC_REPRESENTATION_CONTEXT(2) 
PARAMETRIC_REPRESENTATION_CONTEXT() REPRESENTATION_CONTEXT('2D SPACE',''
  ) );
#15869 = PCURVE('',#14494,#15870);
#15870 = DEFINITIONAL_REPRESENTATION('',(#15871),#15875);
#15871 = LINE('',#15872,#15873);
#15872 = CARTESIAN_POINT('',(-4.45,0.));
#15873 = VECTOR('',#15874,1.);
#15874 = DIRECTION('',(0.,-1.));
#15875 = ( GEOMETRIC_REPRESENTATION_CONTEXT(2) 
PARAMETRIC_REPRESENTATION_CONTEXT() REPRESENTATION_CONTEXT('2D SPACE',''
  ) );
#15876 = ADVANCED_FACE('',(#15877),#14494,.T.);
#15877 = FACE_BOUND('',#15878,.T.);
#15878 = EDGE_LOOP('',(#15879,#15900,#15901,#15902));
#15879 = ORIENTED_EDGE('',*,*,#15880,.F.);
#15880 = EDGE_CURVE('',#14424,#15258,#15881,.T.);
#15881 = SURFACE_CURVE('',#15882,(#15886,#15893),.PCURVE_S1.);
#15882 = LINE('',#15883,#15884);
#15883 = CARTESIAN_POINT('',(-3.85,19.8,9.4));
#15884 = VECTOR('',#15885,1.);
#15885 = DIRECTION('',(0.,-1.,0.));
#15886 = PCURVE('',#14494,#15887);
#15887 = DEFINITIONAL_REPRESENTATION('',(#15888),#15892);
#15888 = LINE('',#15889,#15890);
#15889 = CARTESIAN_POINT('',(0.,0.));
#15890 = VECTOR('',#15891,1.);
#15891 = DIRECTION('',(0.,-1.));
#15892 = ( GEOMETRIC_REPRESENTATION_CONTEXT(2) 
PARAMETRIC_REPRESENTATION_CONTEXT() REPRESENTATION_CONTEXT('2D SPACE',''
  ) );
#15893 = PCURVE('',#14463,#15894);
#15894 = DEFINITIONAL_REPRESENTATION('',(#15895),#15899);
#15895 = LINE('',#15896,#15897);
#15896 = CARTESIAN_POINT('',(3.14159265359,0.));
#15897 = VECTOR('',#15898,1.);
#15898 = DIRECTION('',(0.,1.));
#15899 = ( GEOMETRIC_REPRESENTATION_CONTEXT(2) 
PARAMETRIC_REPRESENTATION_CONTEXT() REPRESENTATION_CONTEXT('2D SPACE',''
  ) );
#15900 = ORIENTED_EDGE('',*,*,#14478,.T.);
#15901 = ORIENTED_EDGE('',*,*,#15856,.T.);
#15902 = ORIENTED_EDGE('',*,*,#15281,.F.);
#15903 = ADVANCED_FACE('',(#15904),#14463,.F.);
#15904 = FACE_BOUND('',#15905,.F.);
#15905 = EDGE_LOOP('',(#15906,#15907,#15908,#15909));
#15906 = ORIENTED_EDGE('',*,*,#15257,.T.);
#15907 = ORIENTED_EDGE('',*,*,#15880,.F.);
#15908 = ORIENTED_EDGE('',*,*,#14448,.F.);
#15909 = ORIENTED_EDGE('',*,*,#15910,.T.);
#15910 = EDGE_CURVE('',#14370,#15235,#15911,.T.);
#15911 = SURFACE_CURVE('',#15912,(#15916,#15923),.PCURVE_S1.);
#15912 = LINE('',#15913,#15914);
#15913 = CARTESIAN_POINT('',(-4.1,19.8,9.333012701892));
#15914 = VECTOR('',#15915,1.);
#15915 = DIRECTION('',(0.,-1.,0.));
#15916 = PCURVE('',#14463,#15917);
#15917 = DEFINITIONAL_REPRESENTATION('',(#15918),#15922);
#15918 = LINE('',#15919,#15920);
#15919 = CARTESIAN_POINT('',(3.665191429188,0.));
#15920 = VECTOR('',#15921,1.);
#15921 = DIRECTION('',(0.,1.));
#15922 = ( GEOMETRIC_REPRESENTATION_CONTEXT(2) 
PARAMETRIC_REPRESENTATION_CONTEXT() REPRESENTATION_CONTEXT('2D SPACE',''
  ) );
#15923 = PCURVE('',#14385,#15924);
#15924 = DEFINITIONAL_REPRESENTATION('',(#15925),#15929);
#15925 = LINE('',#15926,#15927);
#15926 = CARTESIAN_POINT('',(-0.866025403784,0.));
#15927 = VECTOR('',#15928,1.);
#15928 = DIRECTION('',(-0.,-1.));
#15929 = ( GEOMETRIC_REPRESENTATION_CONTEXT(2) 
PARAMETRIC_REPRESENTATION_CONTEXT() REPRESENTATION_CONTEXT('2D SPACE',''
  ) );
#15930 = ADVANCED_FACE('',(#15931),#14385,.T.);
#15931 = FACE_BOUND('',#15932,.T.);
#15932 = EDGE_LOOP('',(#15933,#15954,#15955,#15956));
#15933 = ORIENTED_EDGE('',*,*,#15934,.F.);
#15934 = EDGE_CURVE('',#14315,#15211,#15935,.T.);
#15935 = SURFACE_CURVE('',#15936,(#15940,#15947),.PCURVE_S1.);
#15936 = LINE('',#15937,#15938);
#15937 = CARTESIAN_POINT('',(-4.85,19.8,8.9));
#15938 = VECTOR('',#15939,1.);
#15939 = DIRECTION('',(0.,-1.,0.));
#15940 = PCURVE('',#14385,#15941);
#15941 = DEFINITIONAL_REPRESENTATION('',(#15942),#15946);
#15942 = LINE('',#15943,#15944);
#15943 = CARTESIAN_POINT('',(0.,0.));
#15944 = VECTOR('',#15945,1.);
#15945 = DIRECTION('',(-0.,-1.));
#15946 = ( GEOMETRIC_REPRESENTATION_CONTEXT(2) 
PARAMETRIC_REPRESENTATION_CONTEXT() REPRESENTATION_CONTEXT('2D SPACE',''
  ) );
#15947 = PCURVE('',#14354,#15948);
#15948 = DEFINITIONAL_REPRESENTATION('',(#15949),#15953);
#15949 = LINE('',#15950,#15951);
#15950 = CARTESIAN_POINT('',(3.665191429188,0.));
#15951 = VECTOR('',#15952,1.);
#15952 = DIRECTION('',(0.,1.));
#15953 = ( GEOMETRIC_REPRESENTATION_CONTEXT(2) 
PARAMETRIC_REPRESENTATION_CONTEXT() REPRESENTATION_CONTEXT('2D SPACE',''
  ) );
#15954 = ORIENTED_EDGE('',*,*,#14369,.T.);
#15955 = ORIENTED_EDGE('',*,*,#15910,.T.);
#15956 = ORIENTED_EDGE('',*,*,#15234,.F.);
#15957 = ADVANCED_FACE('',(#15958),#14354,.F.);
#15958 = FACE_BOUND('',#15959,.F.);
#15959 = EDGE_LOOP('',(#15960,#15961,#15962,#15963));
#15960 = ORIENTED_EDGE('',*,*,#15210,.T.);
#15961 = ORIENTED_EDGE('',*,*,#15934,.F.);
#15962 = ORIENTED_EDGE('',*,*,#14339,.F.);
#15963 = ORIENTED_EDGE('',*,*,#15964,.T.);
#15964 = EDGE_CURVE('',#14260,#15187,#15965,.T.);
#15965 = SURFACE_CURVE('',#15966,(#15970,#15977),.PCURVE_S1.);
#15966 = LINE('',#15967,#15968);
#15967 = CARTESIAN_POINT('',(-5.096471676926,19.8,8.526282104035));
#15968 = VECTOR('',#15969,1.);
#15969 = DIRECTION('',(0.,-1.,0.));
#15970 = PCURVE('',#14354,#15971);
#15971 = DEFINITIONAL_REPRESENTATION('',(#15972),#15976);
#15972 = LINE('',#15973,#15974);
#15973 = CARTESIAN_POINT('',(4.593519630457,0.));
#15974 = VECTOR('',#15975,1.);
#15975 = DIRECTION('',(0.,1.));
#15976 = ( GEOMETRIC_REPRESENTATION_CONTEXT(2) 
PARAMETRIC_REPRESENTATION_CONTEXT() REPRESENTATION_CONTEXT('2D SPACE',''
  ) );
#15977 = PCURVE('',#14276,#15978);
#15978 = DEFINITIONAL_REPRESENTATION('',(#15979),#15983);
#15979 = LINE('',#15980,#15981);
#15980 = CARTESIAN_POINT('',(1.451927109834,0.));
#15981 = VECTOR('',#15982,1.);
#15982 = DIRECTION('',(0.,1.));
#15983 = ( GEOMETRIC_REPRESENTATION_CONTEXT(2) 
PARAMETRIC_REPRESENTATION_CONTEXT() REPRESENTATION_CONTEXT('2D SPACE',''
  ) );
#15984 = ADVANCED_FACE('',(#15985),#14276,.T.);
#15985 = FACE_BOUND('',#15986,.T.);
#15986 = EDGE_LOOP('',(#15987,#15988,#15989,#15990));
#15987 = ORIENTED_EDGE('',*,*,#14259,.F.);
#15988 = ORIENTED_EDGE('',*,*,#15964,.T.);
#15989 = ORIENTED_EDGE('',*,*,#15186,.T.);
#15990 = ORIENTED_EDGE('',*,*,#15991,.F.);
#15991 = EDGE_CURVE('',#14206,#15164,#15992,.T.);
#15992 = SURFACE_CURVE('',#15993,(#15997,#16004),.PCURVE_S1.);
#15993 = LINE('',#15994,#15995);
#15994 = CARTESIAN_POINT('',(-5.295060350851,19.8,8.35));
#15995 = VECTOR('',#15996,1.);
#15996 = DIRECTION('',(0.,-1.,0.));
#15997 = PCURVE('',#14276,#15998);
#15998 = DEFINITIONAL_REPRESENTATION('',(#15999),#16003);
#15999 = LINE('',#16000,#16001);
#16000 = CARTESIAN_POINT('',(0.,0.));
#16001 = VECTOR('',#16002,1.);
#16002 = DIRECTION('',(0.,1.));
#16003 = ( GEOMETRIC_REPRESENTATION_CONTEXT(2) 
PARAMETRIC_REPRESENTATION_CONTEXT() REPRESENTATION_CONTEXT('2D SPACE',''
  ) );
#16004 = PCURVE('',#14221,#16005);
#16005 = DEFINITIONAL_REPRESENTATION('',(#16006),#16010);
#16006 = LINE('',#16007,#16008);
#16007 = CARTESIAN_POINT('',(-1.504939649149,0.));
#16008 = VECTOR('',#16009,1.);
#16009 = DIRECTION('',(0.,-1.));
#16010 = ( GEOMETRIC_REPRESENTATION_CONTEXT(2) 
PARAMETRIC_REPRESENTATION_CONTEXT() REPRESENTATION_CONTEXT('2D SPACE',''
  ) );
#16011 = ADVANCED_FACE('',(#16012),#14221,.T.);
#16012 = FACE_BOUND('',#16013,.T.);
#16013 = EDGE_LOOP('',(#16014,#16035,#16036,#16037));
#16014 = ORIENTED_EDGE('',*,*,#16015,.F.);
#16015 = EDGE_CURVE('',#14151,#15140,#16016,.T.);
#16016 = SURFACE_CURVE('',#16017,(#16021,#16028),.PCURVE_S1.);
#16017 = LINE('',#16018,#16019);
#16018 = CARTESIAN_POINT('',(-6.8,19.8,8.35));
#16019 = VECTOR('',#16020,1.);
#16020 = DIRECTION('',(0.,-1.,0.));
#16021 = PCURVE('',#14221,#16022);
#16022 = DEFINITIONAL_REPRESENTATION('',(#16023),#16027);
#16023 = LINE('',#16024,#16025);
#16024 = CARTESIAN_POINT('',(0.,0.));
#16025 = VECTOR('',#16026,1.);
#16026 = DIRECTION('',(0.,-1.));
#16027 = ( GEOMETRIC_REPRESENTATION_CONTEXT(2) 
PARAMETRIC_REPRESENTATION_CONTEXT() REPRESENTATION_CONTEXT('2D SPACE',''
  ) );
#16028 = PCURVE('',#14190,#16029);
#16029 = DEFINITIONAL_REPRESENTATION('',(#16030),#16034);
#16030 = LINE('',#16031,#16032);
#16031 = CARTESIAN_POINT('',(3.14159265359,0.));
#16032 = VECTOR('',#16033,1.);
#16033 = DIRECTION('',(0.,1.));
#16034 = ( GEOMETRIC_REPRESENTATION_CONTEXT(2) 
PARAMETRIC_REPRESENTATION_CONTEXT() REPRESENTATION_CONTEXT('2D SPACE',''
  ) );
#16035 = ORIENTED_EDGE('',*,*,#14205,.T.);
#16036 = ORIENTED_EDGE('',*,*,#15991,.T.);
#16037 = ORIENTED_EDGE('',*,*,#15163,.F.);
#16038 = ADVANCED_FACE('',(#16039),#14190,.F.);
#16039 = FACE_BOUND('',#16040,.F.);
#16040 = EDGE_LOOP('',(#16041,#16042,#16043,#16044));
#16041 = ORIENTED_EDGE('',*,*,#15139,.T.);
#16042 = ORIENTED_EDGE('',*,*,#16015,.F.);
#16043 = ORIENTED_EDGE('',*,*,#14175,.F.);
#16044 = ORIENTED_EDGE('',*,*,#16045,.T.);
#16045 = EDGE_CURVE('',#14077,#15112,#16046,.T.);
#16046 = SURFACE_CURVE('',#16047,(#16051,#16058),.PCURVE_S1.);
#16047 = LINE('',#16048,#16049);
#16048 = CARTESIAN_POINT('',(-7.1,19.8,8.05));
#16049 = VECTOR('',#16050,1.);
#16050 = DIRECTION('',(0.,-1.,0.));
#16051 = PCURVE('',#14190,#16052);
#16052 = DEFINITIONAL_REPRESENTATION('',(#16053),#16057);
#16053 = LINE('',#16054,#16055);
#16054 = CARTESIAN_POINT('',(4.712388980385,0.));
#16055 = VECTOR('',#16056,1.);
#16056 = DIRECTION('',(0.,1.));
#16057 = ( GEOMETRIC_REPRESENTATION_CONTEXT(2) 
PARAMETRIC_REPRESENTATION_CONTEXT() REPRESENTATION_CONTEXT('2D SPACE',''
  ) );
#16058 = PCURVE('',#14092,#16059);
#16059 = DEFINITIONAL_REPRESENTATION('',(#16060),#16064);
#16060 = LINE('',#16061,#16062);
#16061 = CARTESIAN_POINT('',(-1.5,0.));
#16062 = VECTOR('',#16063,1.);
#16063 = DIRECTION('',(0.,-1.));
#16064 = ( GEOMETRIC_REPRESENTATION_CONTEXT(2) 
PARAMETRIC_REPRESENTATION_CONTEXT() REPRESENTATION_CONTEXT('2D SPACE',''
  ) );
#16065 = ADVANCED_FACE('',(#16066),#14092,.T.);
#16066 = FACE_BOUND('',#16067,.T.);
#16067 = EDGE_LOOP('',(#16068,#16069,#16070,#16071));
#16068 = ORIENTED_EDGE('',*,*,#15564,.F.);
#16069 = ORIENTED_EDGE('',*,*,#14074,.T.);
#16070 = ORIENTED_EDGE('',*,*,#16045,.T.);
#16071 = ORIENTED_EDGE('',*,*,#15109,.F.);
#16072 = ADVANCED_FACE('',(#16073),#3316,.T.);
#16073 = FACE_BOUND('',#16074,.T.);
#16074 = EDGE_LOOP('',(#16075,#16076,#16077,#16100,#16121));
#16075 = ORIENTED_EDGE('',*,*,#3299,.T.);
#16076 = ORIENTED_EDGE('',*,*,#4252,.T.);
#16077 = ORIENTED_EDGE('',*,*,#16078,.T.);
#16078 = EDGE_CURVE('',#4230,#16079,#16081,.T.);
#16079 = VERTEX_POINT('',#16080);
#16080 = CARTESIAN_POINT('',(-10.6,4.8,3.9));
#16081 = SURFACE_CURVE('',#16082,(#16086,#16093),.PCURVE_S1.);
#16082 = LINE('',#16083,#16084);
#16083 = CARTESIAN_POINT('',(-10.6,18.4,3.9));
#16084 = VECTOR('',#16085,1.);
#16085 = DIRECTION('',(0.,-1.,0.));
#16086 = PCURVE('',#3316,#16087);
#16087 = DEFINITIONAL_REPRESENTATION('',(#16088),#16092);
#16088 = LINE('',#16089,#16090);
#16089 = CARTESIAN_POINT('',(0.,0.));
#16090 = VECTOR('',#16091,1.);
#16091 = DIRECTION('',(0.,-1.));
#16092 = ( GEOMETRIC_REPRESENTATION_CONTEXT(2) 
PARAMETRIC_REPRESENTATION_CONTEXT() REPRESENTATION_CONTEXT('2D SPACE',''
  ) );
#16093 = PCURVE('',#2887,#16094);
#16094 = DEFINITIONAL_REPRESENTATION('',(#16095),#16099);
#16095 = LINE('',#16096,#16097);
#16096 = CARTESIAN_POINT('',(-0.2,13.6));
#16097 = VECTOR('',#16098,1.);
#16098 = DIRECTION('',(0.,-1.));
#16099 = ( GEOMETRIC_REPRESENTATION_CONTEXT(2) 
PARAMETRIC_REPRESENTATION_CONTEXT() REPRESENTATION_CONTEXT('2D SPACE',''
  ) );
#16100 = ORIENTED_EDGE('',*,*,#16101,.T.);
#16101 = EDGE_CURVE('',#16079,#3869,#16102,.T.);
#16102 = SURFACE_CURVE('',#16103,(#16107,#16114),.PCURVE_S1.);
#16103 = LINE('',#16104,#16105);
#16104 = CARTESIAN_POINT('',(-10.6,4.8,3.9));
#16105 = VECTOR('',#16106,1.);
#16106 = DIRECTION('',(-1.,0.,0.));
#16107 = PCURVE('',#3316,#16108);
#16108 = DEFINITIONAL_REPRESENTATION('',(#16109),#16113);
#16109 = LINE('',#16110,#16111);
#16110 = CARTESIAN_POINT('',(0.,-13.6));
#16111 = VECTOR('',#16112,1.);
#16112 = DIRECTION('',(1.,0.));
#16113 = ( GEOMETRIC_REPRESENTATION_CONTEXT(2) 
PARAMETRIC_REPRESENTATION_CONTEXT() REPRESENTATION_CONTEXT('2D SPACE',''
  ) );
#16114 = PCURVE('',#3908,#16115);
#16115 = DEFINITIONAL_REPRESENTATION('',(#16116),#16120);
#16116 = LINE('',#16117,#16118);
#16117 = CARTESIAN_POINT('',(6.28318530718,0.));
#16118 = VECTOR('',#16119,1.);
#16119 = DIRECTION('',(0.,1.));
#16120 = ( GEOMETRIC_REPRESENTATION_CONTEXT(2) 
PARAMETRIC_REPRESENTATION_CONTEXT() REPRESENTATION_CONTEXT('2D SPACE',''
  ) );
#16121 = ORIENTED_EDGE('',*,*,#3868,.F.);
#16122 = ADVANCED_FACE('',(#16123),#3964,.T.);
#16123 = FACE_BOUND('',#16124,.T.);
#16124 = EDGE_LOOP('',(#16125,#16126,#16127,#16150,#16171));
#16125 = ORIENTED_EDGE('',*,*,#4321,.T.);
#16126 = ORIENTED_EDGE('',*,*,#3948,.F.);
#16127 = ORIENTED_EDGE('',*,*,#16128,.F.);
#16128 = EDGE_CURVE('',#16129,#3921,#16131,.T.);
#16129 = VERTEX_POINT('',#16130);
#16130 = CARTESIAN_POINT('',(-10.6,4.6,0.));
#16131 = SURFACE_CURVE('',#16132,(#16136,#16143),.PCURVE_S1.);
#16132 = LINE('',#16133,#16134);
#16133 = CARTESIAN_POINT('',(-10.6,4.6,0.));
#16134 = VECTOR('',#16135,1.);
#16135 = DIRECTION('',(-1.,0.,0.));
#16136 = PCURVE('',#3964,#16137);
#16137 = DEFINITIONAL_REPRESENTATION('',(#16138),#16142);
#16138 = LINE('',#16139,#16140);
#16139 = CARTESIAN_POINT('',(0.,0.));
#16140 = VECTOR('',#16141,1.);
#16141 = DIRECTION('',(-1.,0.));
#16142 = ( GEOMETRIC_REPRESENTATION_CONTEXT(2) 
PARAMETRIC_REPRESENTATION_CONTEXT() REPRESENTATION_CONTEXT('2D SPACE',''
  ) );
#16143 = PCURVE('',#3936,#16144);
#16144 = DEFINITIONAL_REPRESENTATION('',(#16145),#16149);
#16145 = LINE('',#16146,#16147);
#16146 = CARTESIAN_POINT('',(-3.7,0.));
#16147 = VECTOR('',#16148,1.);
#16148 = DIRECTION('',(0.,-1.));
#16149 = ( GEOMETRIC_REPRESENTATION_CONTEXT(2) 
PARAMETRIC_REPRESENTATION_CONTEXT() REPRESENTATION_CONTEXT('2D SPACE',''
  ) );
#16150 = ORIENTED_EDGE('',*,*,#16151,.T.);
#16151 = EDGE_CURVE('',#16129,#4207,#16152,.T.);
#16152 = SURFACE_CURVE('',#16153,(#16157,#16164),.PCURVE_S1.);
#16153 = LINE('',#16154,#16155);
#16154 = CARTESIAN_POINT('',(-10.6,4.6,0.));
#16155 = VECTOR('',#16156,1.);
#16156 = DIRECTION('',(0.,1.,0.));
#16157 = PCURVE('',#3964,#16158);
#16158 = DEFINITIONAL_REPRESENTATION('',(#16159),#16163);
#16159 = LINE('',#16160,#16161);
#16160 = CARTESIAN_POINT('',(0.,0.));
#16161 = VECTOR('',#16162,1.);
#16162 = DIRECTION('',(0.,1.));
#16163 = ( GEOMETRIC_REPRESENTATION_CONTEXT(2) 
PARAMETRIC_REPRESENTATION_CONTEXT() REPRESENTATION_CONTEXT('2D SPACE',''
  ) );
#16164 = PCURVE('',#2887,#16165);
#16165 = DEFINITIONAL_REPRESENTATION('',(#16166),#16170);
#16166 = LINE('',#16167,#16168);
#16167 = CARTESIAN_POINT('',(3.7,-0.2));
#16168 = VECTOR('',#16169,1.);
#16169 = DIRECTION('',(0.,1.));
#16170 = ( GEOMETRIC_REPRESENTATION_CONTEXT(2) 
PARAMETRIC_REPRESENTATION_CONTEXT() REPRESENTATION_CONTEXT('2D SPACE',''
  ) );
#16171 = ORIENTED_EDGE('',*,*,#4206,.T.);
#16172 = ADVANCED_FACE('',(#16173,#16219),#2887,.F.);
#16173 = FACE_BOUND('',#16174,.T.);
#16174 = EDGE_LOOP('',(#16175,#16196,#16197,#16218));
#16175 = ORIENTED_EDGE('',*,*,#16176,.F.);
#16176 = EDGE_CURVE('',#2872,#3028,#16177,.T.);
#16177 = SURFACE_CURVE('',#16178,(#16182,#16189),.PCURVE_S1.);
#16178 = LINE('',#16179,#16180);
#16179 = CARTESIAN_POINT('',(-10.6,12.625403330759,3.75));
#16180 = VECTOR('',#16181,1.);
#16181 = DIRECTION('',(0.,0.,-1.));
#16182 = PCURVE('',#2887,#16183);
#16183 = DEFINITIONAL_REPRESENTATION('',(#16184),#16188);
#16184 = LINE('',#16185,#16186);
#16185 = CARTESIAN_POINT('',(-5.E-02,7.825403330759));
#16186 = VECTOR('',#16187,1.);
#16187 = DIRECTION('',(1.,0.));
#16188 = ( GEOMETRIC_REPRESENTATION_CONTEXT(2) 
PARAMETRIC_REPRESENTATION_CONTEXT() REPRESENTATION_CONTEXT('2D SPACE',''
  ) );
#16189 = PCURVE('',#2916,#16190);
#16190 = DEFINITIONAL_REPRESENTATION('',(#16191),#16195);
#16191 = LINE('',#16192,#16193);
#16192 = CARTESIAN_POINT('',(5.777824796895,0.));
#16193 = VECTOR('',#16194,1.);
#16194 = DIRECTION('',(0.,1.));
#16195 = ( GEOMETRIC_REPRESENTATION_CONTEXT(2) 
PARAMETRIC_REPRESENTATION_CONTEXT() REPRESENTATION_CONTEXT('2D SPACE',''
  ) );
#16196 = ORIENTED_EDGE('',*,*,#2871,.T.);
#16197 = ORIENTED_EDGE('',*,*,#16198,.F.);
#16198 = EDGE_CURVE('',#3052,#2844,#16199,.T.);
#16199 = SURFACE_CURVE('',#16200,(#16204,#16211),.PCURVE_S1.);
#16200 = LINE('',#16201,#16202);
#16201 = CARTESIAN_POINT('',(-10.6,6.405329470511,3.7));
#16202 = VECTOR('',#16203,1.);
#16203 = DIRECTION('',(0.,0.,1.));
#16204 = PCURVE('',#2887,#16205);
#16205 = DEFINITIONAL_REPRESENTATION('',(#16206),#16210);
#16206 = LINE('',#16207,#16208);
#16207 = CARTESIAN_POINT('',(0.,1.605329470511));
#16208 = VECTOR('',#16209,1.);
#16209 = DIRECTION('',(-1.,0.));
#16210 = ( GEOMETRIC_REPRESENTATION_CONTEXT(2) 
PARAMETRIC_REPRESENTATION_CONTEXT() REPRESENTATION_CONTEXT('2D SPACE',''
  ) );
#16211 = PCURVE('',#2859,#16212);
#16212 = DEFINITIONAL_REPRESENTATION('',(#16213),#16217);
#16213 = LINE('',#16214,#16215);
#16214 = CARTESIAN_POINT('',(-0.465672274401,-5.E-02));
#16215 = VECTOR('',#16216,1.);
#16216 = DIRECTION('',(0.,1.));
#16217 = ( GEOMETRIC_REPRESENTATION_CONTEXT(2) 
PARAMETRIC_REPRESENTATION_CONTEXT() REPRESENTATION_CONTEXT('2D SPACE',''
  ) );
#16218 = ORIENTED_EDGE('',*,*,#3051,.F.);
#16219 = FACE_BOUND('',#16220,.T.);
#16220 = EDGE_LOOP('',(#16221,#16222,#16245,#16267,#16268));
#16221 = ORIENTED_EDGE('',*,*,#16151,.F.);
#16222 = ORIENTED_EDGE('',*,*,#16223,.F.);
#16223 = EDGE_CURVE('',#16224,#16129,#16226,.T.);
#16224 = VERTEX_POINT('',#16225);
#16225 = CARTESIAN_POINT('',(-10.6,4.6,3.7));
#16226 = SURFACE_CURVE('',#16227,(#16231,#16238),.PCURVE_S1.);
#16227 = LINE('',#16228,#16229);
#16228 = CARTESIAN_POINT('',(-10.6,4.6,3.7));
#16229 = VECTOR('',#16230,1.);
#16230 = DIRECTION('',(0.,0.,-1.));
#16231 = PCURVE('',#2887,#16232);
#16232 = DEFINITIONAL_REPRESENTATION('',(#16233),#16237);
#16233 = LINE('',#16234,#16235);
#16234 = CARTESIAN_POINT('',(0.,-0.2));
#16235 = VECTOR('',#16236,1.);
#16236 = DIRECTION('',(1.,0.));
#16237 = ( GEOMETRIC_REPRESENTATION_CONTEXT(2) 
PARAMETRIC_REPRESENTATION_CONTEXT() REPRESENTATION_CONTEXT('2D SPACE',''
  ) );
#16238 = PCURVE('',#3936,#16239);
#16239 = DEFINITIONAL_REPRESENTATION('',(#16240),#16244);
#16240 = LINE('',#16241,#16242);
#16241 = CARTESIAN_POINT('',(0.,0.));
#16242 = VECTOR('',#16243,1.);
#16243 = DIRECTION('',(-1.,0.));
#16244 = ( GEOMETRIC_REPRESENTATION_CONTEXT(2) 
PARAMETRIC_REPRESENTATION_CONTEXT() REPRESENTATION_CONTEXT('2D SPACE',''
  ) );
#16245 = ORIENTED_EDGE('',*,*,#16246,.F.);
#16246 = EDGE_CURVE('',#16079,#16224,#16247,.T.);
#16247 = SURFACE_CURVE('',#16248,(#16253,#16260),.PCURVE_S1.);
#16248 = CIRCLE('',#16249,0.2);
#16249 = AXIS2_PLACEMENT_3D('',#16250,#16251,#16252);
#16250 = CARTESIAN_POINT('',(-10.6,4.8,3.7));
#16251 = DIRECTION('',(1.,0.,0.));
#16252 = DIRECTION('',(0.,0.,-1.));
#16253 = PCURVE('',#2887,#16254);
#16254 = DEFINITIONAL_REPRESENTATION('',(#16255),#16259);
#16255 = CIRCLE('',#16256,0.2);
#16256 = AXIS2_PLACEMENT_2D('',#16257,#16258);
#16257 = CARTESIAN_POINT('',(0.,0.));
#16258 = DIRECTION('',(1.,0.));
#16259 = ( GEOMETRIC_REPRESENTATION_CONTEXT(2) 
PARAMETRIC_REPRESENTATION_CONTEXT() REPRESENTATION_CONTEXT('2D SPACE',''
  ) );
#16260 = PCURVE('',#3908,#16261);
#16261 = DEFINITIONAL_REPRESENTATION('',(#16262),#16266);
#16262 = LINE('',#16263,#16264);
#16263 = CARTESIAN_POINT('',(9.424777960769,0.));
#16264 = VECTOR('',#16265,1.);
#16265 = DIRECTION('',(-1.,0.));
#16266 = ( GEOMETRIC_REPRESENTATION_CONTEXT(2) 
PARAMETRIC_REPRESENTATION_CONTEXT() REPRESENTATION_CONTEXT('2D SPACE',''
  ) );
#16267 = ORIENTED_EDGE('',*,*,#16078,.F.);
#16268 = ORIENTED_EDGE('',*,*,#4229,.F.);
#16269 = ADVANCED_FACE('',(#16270),#3908,.F.);
#16270 = FACE_BOUND('',#16271,.F.);
#16271 = EDGE_LOOP('',(#16272,#16293,#16294,#16295));
#16272 = ORIENTED_EDGE('',*,*,#16273,.F.);
#16273 = EDGE_CURVE('',#16224,#3892,#16274,.T.);
#16274 = SURFACE_CURVE('',#16275,(#16279,#16286),.PCURVE_S1.);
#16275 = LINE('',#16276,#16277);
#16276 = CARTESIAN_POINT('',(-10.6,4.6,3.7));
#16277 = VECTOR('',#16278,1.);
#16278 = DIRECTION('',(-1.,0.,0.));
#16279 = PCURVE('',#3908,#16280);
#16280 = DEFINITIONAL_REPRESENTATION('',(#16281),#16285);
#16281 = LINE('',#16282,#16283);
#16282 = CARTESIAN_POINT('',(4.712388980385,0.));
#16283 = VECTOR('',#16284,1.);
#16284 = DIRECTION('',(0.,1.));
#16285 = ( GEOMETRIC_REPRESENTATION_CONTEXT(2) 
PARAMETRIC_REPRESENTATION_CONTEXT() REPRESENTATION_CONTEXT('2D SPACE',''
  ) );
#16286 = PCURVE('',#3936,#16287);
#16287 = DEFINITIONAL_REPRESENTATION('',(#16288),#16292);
#16288 = LINE('',#16289,#16290);
#16289 = CARTESIAN_POINT('',(0.,0.));
#16290 = VECTOR('',#16291,1.);
#16291 = DIRECTION('',(0.,-1.));
#16292 = ( GEOMETRIC_REPRESENTATION_CONTEXT(2) 
PARAMETRIC_REPRESENTATION_CONTEXT() REPRESENTATION_CONTEXT('2D SPACE',''
  ) );
#16293 = ORIENTED_EDGE('',*,*,#16246,.F.);
#16294 = ORIENTED_EDGE('',*,*,#16101,.T.);
#16295 = ORIENTED_EDGE('',*,*,#3891,.T.);
#16296 = ADVANCED_FACE('',(#16297),#3936,.T.);
#16297 = FACE_BOUND('',#16298,.T.);
#16298 = EDGE_LOOP('',(#16299,#16300,#16301,#16302));
#16299 = ORIENTED_EDGE('',*,*,#3920,.F.);
#16300 = ORIENTED_EDGE('',*,*,#16273,.F.);
#16301 = ORIENTED_EDGE('',*,*,#16223,.T.);
#16302 = ORIENTED_EDGE('',*,*,#16128,.T.);
#16303 = ADVANCED_FACE('',(#16304),#3147,.T.);
#16304 = FACE_BOUND('',#16305,.T.);
#16305 = EDGE_LOOP('',(#16306,#16307,#16308,#16331,#16352));
#16306 = ORIENTED_EDGE('',*,*,#3123,.T.);
#16307 = ORIENTED_EDGE('',*,*,#4085,.T.);
#16308 = ORIENTED_EDGE('',*,*,#16309,.T.);
#16309 = EDGE_CURVE('',#4086,#16310,#16312,.T.);
#16310 = VERTEX_POINT('',#16311);
#16311 = CARTESIAN_POINT('',(-10.6,4.8,8.9));
#16312 = SURFACE_CURVE('',#16313,(#16317,#16324),.PCURVE_S1.);
#16313 = LINE('',#16314,#16315);
#16314 = CARTESIAN_POINT('',(-10.6,18.4,8.9));
#16315 = VECTOR('',#16316,1.);
#16316 = DIRECTION('',(0.,-1.,0.));
#16317 = PCURVE('',#3147,#16318);
#16318 = DEFINITIONAL_REPRESENTATION('',(#16319),#16323);
#16319 = LINE('',#16320,#16321);
#16320 = CARTESIAN_POINT('',(0.,0.));
#16321 = VECTOR('',#16322,1.);
#16322 = DIRECTION('',(0.,-1.));
#16323 = ( GEOMETRIC_REPRESENTATION_CONTEXT(2) 
PARAMETRIC_REPRESENTATION_CONTEXT() REPRESENTATION_CONTEXT('2D SPACE',''
  ) );
#16324 = PCURVE('',#2535,#16325);
#16325 = DEFINITIONAL_REPRESENTATION('',(#16326),#16330);
#16326 = LINE('',#16327,#16328);
#16327 = CARTESIAN_POINT('',(-0.2,13.6));
#16328 = VECTOR('',#16329,1.);
#16329 = DIRECTION('',(0.,-1.));
#16330 = ( GEOMETRIC_REPRESENTATION_CONTEXT(2) 
PARAMETRIC_REPRESENTATION_CONTEXT() REPRESENTATION_CONTEXT('2D SPACE',''
  ) );
#16331 = ORIENTED_EDGE('',*,*,#16332,.T.);
#16332 = EDGE_CURVE('',#16310,#3767,#16333,.T.);
#16333 = SURFACE_CURVE('',#16334,(#16338,#16345),.PCURVE_S1.);
#16334 = LINE('',#16335,#16336);
#16335 = CARTESIAN_POINT('',(-10.6,4.8,8.9));
#16336 = VECTOR('',#16337,1.);
#16337 = DIRECTION('',(-1.,0.,0.));
#16338 = PCURVE('',#3147,#16339);
#16339 = DEFINITIONAL_REPRESENTATION('',(#16340),#16344);
#16340 = LINE('',#16341,#16342);
#16341 = CARTESIAN_POINT('',(0.,-13.6));
#16342 = VECTOR('',#16343,1.);
#16343 = DIRECTION('',(1.,0.));
#16344 = ( GEOMETRIC_REPRESENTATION_CONTEXT(2) 
PARAMETRIC_REPRESENTATION_CONTEXT() REPRESENTATION_CONTEXT('2D SPACE',''
  ) );
#16345 = PCURVE('',#3806,#16346);
#16346 = DEFINITIONAL_REPRESENTATION('',(#16347),#16351);
#16347 = LINE('',#16348,#16349);
#16348 = CARTESIAN_POINT('',(6.28318530718,0.));
#16349 = VECTOR('',#16350,1.);
#16350 = DIRECTION('',(0.,1.));
#16351 = ( GEOMETRIC_REPRESENTATION_CONTEXT(2) 
PARAMETRIC_REPRESENTATION_CONTEXT() REPRESENTATION_CONTEXT('2D SPACE',''
  ) );
#16352 = ORIENTED_EDGE('',*,*,#3766,.F.);
#16353 = ADVANCED_FACE('',(#16354),#3264,.T.);
#16354 = FACE_BOUND('',#16355,.T.);
#16355 = EDGE_LOOP('',(#16356,#16357,#16358,#16381,#16402));
#16356 = ORIENTED_EDGE('',*,*,#3240,.T.);
#16357 = ORIENTED_EDGE('',*,*,#3846,.F.);
#16358 = ORIENTED_EDGE('',*,*,#16359,.F.);
#16359 = EDGE_CURVE('',#16360,#3819,#16362,.T.);
#16360 = VERTEX_POINT('',#16361);
#16361 = CARTESIAN_POINT('',(-10.6,4.6,5.));
#16362 = SURFACE_CURVE('',#16363,(#16367,#16374),.PCURVE_S1.);
#16363 = LINE('',#16364,#16365);
#16364 = CARTESIAN_POINT('',(-10.6,4.6,5.));
#16365 = VECTOR('',#16366,1.);
#16366 = DIRECTION('',(-1.,0.,0.));
#16367 = PCURVE('',#3264,#16368);
#16368 = DEFINITIONAL_REPRESENTATION('',(#16369),#16373);
#16369 = LINE('',#16370,#16371);
#16370 = CARTESIAN_POINT('',(0.,0.));
#16371 = VECTOR('',#16372,1.);
#16372 = DIRECTION('',(-1.,0.));
#16373 = ( GEOMETRIC_REPRESENTATION_CONTEXT(2) 
PARAMETRIC_REPRESENTATION_CONTEXT() REPRESENTATION_CONTEXT('2D SPACE',''
  ) );
#16374 = PCURVE('',#3834,#16375);
#16375 = DEFINITIONAL_REPRESENTATION('',(#16376),#16380);
#16376 = LINE('',#16377,#16378);
#16377 = CARTESIAN_POINT('',(-3.7,0.));
#16378 = VECTOR('',#16379,1.);
#16379 = DIRECTION('',(0.,-1.));
#16380 = ( GEOMETRIC_REPRESENTATION_CONTEXT(2) 
PARAMETRIC_REPRESENTATION_CONTEXT() REPRESENTATION_CONTEXT('2D SPACE',''
  ) );
#16381 = ORIENTED_EDGE('',*,*,#16382,.T.);
#16382 = EDGE_CURVE('',#16360,#4275,#16383,.T.);
#16383 = SURFACE_CURVE('',#16384,(#16388,#16395),.PCURVE_S1.);
#16384 = LINE('',#16385,#16386);
#16385 = CARTESIAN_POINT('',(-10.6,4.6,5.));
#16386 = VECTOR('',#16387,1.);
#16387 = DIRECTION('',(0.,1.,0.));
#16388 = PCURVE('',#3264,#16389);
#16389 = DEFINITIONAL_REPRESENTATION('',(#16390),#16394);
#16390 = LINE('',#16391,#16392);
#16391 = CARTESIAN_POINT('',(0.,0.));
#16392 = VECTOR('',#16393,1.);
#16393 = DIRECTION('',(0.,1.));
#16394 = ( GEOMETRIC_REPRESENTATION_CONTEXT(2) 
PARAMETRIC_REPRESENTATION_CONTEXT() REPRESENTATION_CONTEXT('2D SPACE',''
  ) );
#16395 = PCURVE('',#2535,#16396);
#16396 = DEFINITIONAL_REPRESENTATION('',(#16397),#16401);
#16397 = LINE('',#16398,#16399);
#16398 = CARTESIAN_POINT('',(3.7,-0.2));
#16399 = VECTOR('',#16400,1.);
#16400 = DIRECTION('',(0.,1.));
#16401 = ( GEOMETRIC_REPRESENTATION_CONTEXT(2) 
PARAMETRIC_REPRESENTATION_CONTEXT() REPRESENTATION_CONTEXT('2D SPACE',''
  ) );
#16402 = ORIENTED_EDGE('',*,*,#4274,.T.);
#16403 = ADVANCED_FACE('',(#16404,#16450),#2535,.F.);
#16404 = FACE_BOUND('',#16405,.T.);
#16405 = EDGE_LOOP('',(#16406,#16427,#16428,#16449));
#16406 = ORIENTED_EDGE('',*,*,#16407,.F.);
#16407 = EDGE_CURVE('',#2520,#2676,#16408,.T.);
#16408 = SURFACE_CURVE('',#16409,(#16413,#16420),.PCURVE_S1.);
#16409 = LINE('',#16410,#16411);
#16410 = CARTESIAN_POINT('',(-10.6,12.625403330759,8.75));
#16411 = VECTOR('',#16412,1.);
#16412 = DIRECTION('',(0.,0.,-1.));
#16413 = PCURVE('',#2535,#16414);
#16414 = DEFINITIONAL_REPRESENTATION('',(#16415),#16419);
#16415 = LINE('',#16416,#16417);
#16416 = CARTESIAN_POINT('',(-5.E-02,7.825403330759));
#16417 = VECTOR('',#16418,1.);
#16418 = DIRECTION('',(1.,0.));
#16419 = ( GEOMETRIC_REPRESENTATION_CONTEXT(2) 
PARAMETRIC_REPRESENTATION_CONTEXT() REPRESENTATION_CONTEXT('2D SPACE',''
  ) );
#16420 = PCURVE('',#2564,#16421);
#16421 = DEFINITIONAL_REPRESENTATION('',(#16422),#16426);
#16422 = LINE('',#16423,#16424);
#16423 = CARTESIAN_POINT('',(5.777824796895,0.));
#16424 = VECTOR('',#16425,1.);
#16425 = DIRECTION('',(0.,1.));
#16426 = ( GEOMETRIC_REPRESENTATION_CONTEXT(2) 
PARAMETRIC_REPRESENTATION_CONTEXT() REPRESENTATION_CONTEXT('2D SPACE',''
  ) );
#16427 = ORIENTED_EDGE('',*,*,#2519,.T.);
#16428 = ORIENTED_EDGE('',*,*,#16429,.F.);
#16429 = EDGE_CURVE('',#2700,#2492,#16430,.T.);
#16430 = SURFACE_CURVE('',#16431,(#16435,#16442),.PCURVE_S1.);
#16431 = LINE('',#16432,#16433);
#16432 = CARTESIAN_POINT('',(-10.6,6.405329470511,8.7));
#16433 = VECTOR('',#16434,1.);
#16434 = DIRECTION('',(0.,0.,1.));
#16435 = PCURVE('',#2535,#16436);
#16436 = DEFINITIONAL_REPRESENTATION('',(#16437),#16441);
#16437 = LINE('',#16438,#16439);
#16438 = CARTESIAN_POINT('',(0.,1.605329470511));
#16439 = VECTOR('',#16440,1.);
#16440 = DIRECTION('',(-1.,0.));
#16441 = ( GEOMETRIC_REPRESENTATION_CONTEXT(2) 
PARAMETRIC_REPRESENTATION_CONTEXT() REPRESENTATION_CONTEXT('2D SPACE',''
  ) );
#16442 = PCURVE('',#2507,#16443);
#16443 = DEFINITIONAL_REPRESENTATION('',(#16444),#16448);
#16444 = LINE('',#16445,#16446);
#16445 = CARTESIAN_POINT('',(-0.465672274401,-5.E-02));
#16446 = VECTOR('',#16447,1.);
#16447 = DIRECTION('',(0.,1.));
#16448 = ( GEOMETRIC_REPRESENTATION_CONTEXT(2) 
PARAMETRIC_REPRESENTATION_CONTEXT() REPRESENTATION_CONTEXT('2D SPACE',''
  ) );
#16449 = ORIENTED_EDGE('',*,*,#2699,.F.);
#16450 = FACE_BOUND('',#16451,.T.);
#16451 = EDGE_LOOP('',(#16452,#16453,#16476,#16498,#16499));
#16452 = ORIENTED_EDGE('',*,*,#16382,.F.);
#16453 = ORIENTED_EDGE('',*,*,#16454,.F.);
#16454 = EDGE_CURVE('',#16455,#16360,#16457,.T.);
#16455 = VERTEX_POINT('',#16456);
#16456 = CARTESIAN_POINT('',(-10.6,4.6,8.7));
#16457 = SURFACE_CURVE('',#16458,(#16462,#16469),.PCURVE_S1.);
#16458 = LINE('',#16459,#16460);
#16459 = CARTESIAN_POINT('',(-10.6,4.6,8.7));
#16460 = VECTOR('',#16461,1.);
#16461 = DIRECTION('',(0.,0.,-1.));
#16462 = PCURVE('',#2535,#16463);
#16463 = DEFINITIONAL_REPRESENTATION('',(#16464),#16468);
#16464 = LINE('',#16465,#16466);
#16465 = CARTESIAN_POINT('',(0.,-0.2));
#16466 = VECTOR('',#16467,1.);
#16467 = DIRECTION('',(1.,0.));
#16468 = ( GEOMETRIC_REPRESENTATION_CONTEXT(2) 
PARAMETRIC_REPRESENTATION_CONTEXT() REPRESENTATION_CONTEXT('2D SPACE',''
  ) );
#16469 = PCURVE('',#3834,#16470);
#16470 = DEFINITIONAL_REPRESENTATION('',(#16471),#16475);
#16471 = LINE('',#16472,#16473);
#16472 = CARTESIAN_POINT('',(0.,0.));
#16473 = VECTOR('',#16474,1.);
#16474 = DIRECTION('',(-1.,0.));
#16475 = ( GEOMETRIC_REPRESENTATION_CONTEXT(2) 
PARAMETRIC_REPRESENTATION_CONTEXT() REPRESENTATION_CONTEXT('2D SPACE',''
  ) );
#16476 = ORIENTED_EDGE('',*,*,#16477,.F.);
#16477 = EDGE_CURVE('',#16310,#16455,#16478,.T.);
#16478 = SURFACE_CURVE('',#16479,(#16484,#16491),.PCURVE_S1.);
#16479 = CIRCLE('',#16480,0.2);
#16480 = AXIS2_PLACEMENT_3D('',#16481,#16482,#16483);
#16481 = CARTESIAN_POINT('',(-10.6,4.8,8.7));
#16482 = DIRECTION('',(1.,0.,0.));
#16483 = DIRECTION('',(0.,0.,-1.));
#16484 = PCURVE('',#2535,#16485);
#16485 = DEFINITIONAL_REPRESENTATION('',(#16486),#16490);
#16486 = CIRCLE('',#16487,0.2);
#16487 = AXIS2_PLACEMENT_2D('',#16488,#16489);
#16488 = CARTESIAN_POINT('',(0.,0.));
#16489 = DIRECTION('',(1.,0.));
#16490 = ( GEOMETRIC_REPRESENTATION_CONTEXT(2) 
PARAMETRIC_REPRESENTATION_CONTEXT() REPRESENTATION_CONTEXT('2D SPACE',''
  ) );
#16491 = PCURVE('',#3806,#16492);
#16492 = DEFINITIONAL_REPRESENTATION('',(#16493),#16497);
#16493 = LINE('',#16494,#16495);
#16494 = CARTESIAN_POINT('',(9.424777960769,0.));
#16495 = VECTOR('',#16496,1.);
#16496 = DIRECTION('',(-1.,0.));
#16497 = ( GEOMETRIC_REPRESENTATION_CONTEXT(2) 
PARAMETRIC_REPRESENTATION_CONTEXT() REPRESENTATION_CONTEXT('2D SPACE',''
  ) );
#16498 = ORIENTED_EDGE('',*,*,#16309,.F.);
#16499 = ORIENTED_EDGE('',*,*,#4297,.F.);
#16500 = ADVANCED_FACE('',(#16501),#3806,.F.);
#16501 = FACE_BOUND('',#16502,.F.);
#16502 = EDGE_LOOP('',(#16503,#16524,#16525,#16526));
#16503 = ORIENTED_EDGE('',*,*,#16504,.F.);
#16504 = EDGE_CURVE('',#16455,#3790,#16505,.T.);
#16505 = SURFACE_CURVE('',#16506,(#16510,#16517),.PCURVE_S1.);
#16506 = LINE('',#16507,#16508);
#16507 = CARTESIAN_POINT('',(-10.6,4.6,8.7));
#16508 = VECTOR('',#16509,1.);
#16509 = DIRECTION('',(-1.,0.,0.));
#16510 = PCURVE('',#3806,#16511);
#16511 = DEFINITIONAL_REPRESENTATION('',(#16512),#16516);
#16512 = LINE('',#16513,#16514);
#16513 = CARTESIAN_POINT('',(4.712388980385,0.));
#16514 = VECTOR('',#16515,1.);
#16515 = DIRECTION('',(0.,1.));
#16516 = ( GEOMETRIC_REPRESENTATION_CONTEXT(2) 
PARAMETRIC_REPRESENTATION_CONTEXT() REPRESENTATION_CONTEXT('2D SPACE',''
  ) );
#16517 = PCURVE('',#3834,#16518);
#16518 = DEFINITIONAL_REPRESENTATION('',(#16519),#16523);
#16519 = LINE('',#16520,#16521);
#16520 = CARTESIAN_POINT('',(0.,0.));
#16521 = VECTOR('',#16522,1.);
#16522 = DIRECTION('',(0.,-1.));
#16523 = ( GEOMETRIC_REPRESENTATION_CONTEXT(2) 
PARAMETRIC_REPRESENTATION_CONTEXT() REPRESENTATION_CONTEXT('2D SPACE',''
  ) );
#16524 = ORIENTED_EDGE('',*,*,#16477,.F.);
#16525 = ORIENTED_EDGE('',*,*,#16332,.T.);
#16526 = ORIENTED_EDGE('',*,*,#3789,.T.);
#16527 = ADVANCED_FACE('',(#16528),#3834,.T.);
#16528 = FACE_BOUND('',#16529,.T.);
#16529 = EDGE_LOOP('',(#16530,#16531,#16532,#16533));
#16530 = ORIENTED_EDGE('',*,*,#3818,.F.);
#16531 = ORIENTED_EDGE('',*,*,#16504,.F.);
#16532 = ORIENTED_EDGE('',*,*,#16454,.T.);
#16533 = ORIENTED_EDGE('',*,*,#16359,.T.);
#16534 = ADVANCED_FACE('',(#16535),#2859,.F.);
#16535 = FACE_BOUND('',#16536,.T.);
#16536 = EDGE_LOOP('',(#16537,#16538,#16539,#16540));
#16537 = ORIENTED_EDGE('',*,*,#3074,.T.);
#16538 = ORIENTED_EDGE('',*,*,#16198,.T.);
#16539 = ORIENTED_EDGE('',*,*,#2843,.F.);
#16540 = ORIENTED_EDGE('',*,*,#16541,.T.);
#16541 = EDGE_CURVE('',#2820,#3075,#16542,.T.);
#16542 = SURFACE_CURVE('',#16543,(#16547,#16554),.PCURVE_S1.);
#16543 = LINE('',#16544,#16545);
#16544 = CARTESIAN_POINT('',(-10.95672565811,6.70465783867,3.75));
#16545 = VECTOR('',#16546,1.);
#16546 = DIRECTION('',(0.,0.,-1.));
#16547 = PCURVE('',#2859,#16548);
#16548 = DEFINITIONAL_REPRESENTATION('',(#16549),#16553);
#16549 = LINE('',#16550,#16551);
#16550 = CARTESIAN_POINT('',(0.,0.));
#16551 = VECTOR('',#16552,1.);
#16552 = DIRECTION('',(0.,-1.));
#16553 = ( GEOMETRIC_REPRESENTATION_CONTEXT(2) 
PARAMETRIC_REPRESENTATION_CONTEXT() REPRESENTATION_CONTEXT('2D SPACE',''
  ) );
#16554 = PCURVE('',#1864,#16555);
#16555 = DEFINITIONAL_REPRESENTATION('',(#16556),#16560);
#16556 = LINE('',#16557,#16558);
#16557 = CARTESIAN_POINT('',(5.410520681182,0.));
#16558 = VECTOR('',#16559,1.);
#16559 = DIRECTION('',(0.,1.));
#16560 = ( GEOMETRIC_REPRESENTATION_CONTEXT(2) 
PARAMETRIC_REPRESENTATION_CONTEXT() REPRESENTATION_CONTEXT('2D SPACE',''
  ) );
#16561 = ADVANCED_FACE('',(#16562),#2916,.F.);
#16562 = FACE_BOUND('',#16563,.F.);
#16563 = EDGE_LOOP('',(#16564,#16565,#16586,#16587));
#16564 = ORIENTED_EDGE('',*,*,#2899,.F.);
#16565 = ORIENTED_EDGE('',*,*,#16566,.T.);
#16566 = EDGE_CURVE('',#2900,#3005,#16567,.T.);
#16567 = SURFACE_CURVE('',#16568,(#16572,#16579),.PCURVE_S1.);
#16568 = LINE('',#16569,#16570);
#16569 = CARTESIAN_POINT('',(-10.8,13.4,3.75));
#16570 = VECTOR('',#16571,1.);
#16571 = DIRECTION('',(0.,0.,-1.));
#16572 = PCURVE('',#2916,#16573);
#16573 = DEFINITIONAL_REPRESENTATION('',(#16574),#16578);
#16574 = LINE('',#16575,#16576);
#16575 = CARTESIAN_POINT('',(6.28318530718,0.));
#16576 = VECTOR('',#16577,1.);
#16577 = DIRECTION('',(0.,1.));
#16578 = ( GEOMETRIC_REPRESENTATION_CONTEXT(2) 
PARAMETRIC_REPRESENTATION_CONTEXT() REPRESENTATION_CONTEXT('2D SPACE',''
  ) );
#16579 = PCURVE('',#2942,#16580);
#16580 = DEFINITIONAL_REPRESENTATION('',(#16581),#16585);
#16581 = LINE('',#16582,#16583);
#16582 = CARTESIAN_POINT('',(0.,0.));
#16583 = VECTOR('',#16584,1.);
#16584 = DIRECTION('',(-1.,0.));
#16585 = ( GEOMETRIC_REPRESENTATION_CONTEXT(2) 
PARAMETRIC_REPRESENTATION_CONTEXT() REPRESENTATION_CONTEXT('2D SPACE',''
  ) );
#16586 = ORIENTED_EDGE('',*,*,#3027,.T.);
#16587 = ORIENTED_EDGE('',*,*,#16176,.F.);
#16588 = ADVANCED_FACE('',(#16589),#2260,.T.);
#16589 = FACE_BOUND('',#16590,.T.);
#16590 = EDGE_LOOP('',(#16591,#16592,#16658));
#16591 = ORIENTED_EDGE('',*,*,#2244,.T.);
#16592 = ORIENTED_EDGE('',*,*,#16593,.T.);
#16593 = EDGE_CURVE('',#2199,#1410,#16594,.T.);
#16594 = SURFACE_CURVE('',#16595,(#16600,#16629),.PCURVE_S1.);
#16595 = B_SPLINE_CURVE_WITH_KNOTS('',3,(#16596,#16597,#16598,#16599),
  .UNSPECIFIED.,.F.,.F.,(4,4),(5.280409643343E-18,9.651833036688E-04),
  .PIECEWISE_BEZIER_KNOTS.);
#16596 = CARTESIAN_POINT('',(-12.65848888922,21.210696902422,
    1.009225886545));
#16597 = CARTESIAN_POINT('',(-12.70874151554,21.270585650385,
    1.321835985939));
#16598 = CARTESIAN_POINT('',(-12.77979438245,21.3,1.63602529454));
#16599 = CARTESIAN_POINT('',(-12.85,21.3,1.95));
#16600 = PCURVE('',#2260,#16601);
#16601 = DEFINITIONAL_REPRESENTATION('',(#16602),#16628);
#16602 = B_SPLINE_CURVE_WITH_KNOTS('',3,(#16603,#16604,#16605,#16606,
    #16607,#16608,#16609,#16610,#16611,#16612,#16613,#16614,#16615,
    #16616,#16617,#16618,#16619,#16620,#16621,#16622,#16623,#16624,
    #16625,#16626,#16627),.UNSPECIFIED.,.F.,.F.,(4,1,1,1,1,1,1,1,1,1,1,1
    ,1,1,1,1,1,1,1,1,1,1,4),(5.280409643343E-18,4.387196834859E-05,
    8.774393669717E-05,1.316159050457E-04,1.754878733943E-04,
    2.193598417429E-04,2.632318100915E-04,3.071037784401E-04,
    3.509757467887E-04,3.948477151372E-04,4.387196834858E-04,
    4.825916518344E-04,5.26463620183E-04,5.703355885316E-04,
    6.142075568801E-04,6.580795252287E-04,7.019514935773E-04,
    7.458234619259E-04,7.896954302745E-04,8.33567398623E-04,
    8.774393669716E-04,9.213113353202E-04,9.651833036688E-04),
  .QUASI_UNIFORM_KNOTS.);
#16603 = CARTESIAN_POINT('',(2.443460952792,2.740774113455));
#16604 = CARTESIAN_POINT('',(2.429246675515,2.726564563482));
#16605 = CARTESIAN_POINT('',(2.40098252777,2.69813893788));
#16606 = CARTESIAN_POINT('',(2.359041023275,2.65548193329));
#16607 = CARTESIAN_POINT('',(2.317515081224,2.612807373304));
#16608 = CARTESIAN_POINT('',(2.276367826723,2.570116268709));
#16609 = CARTESIAN_POINT('',(2.235564169294,2.527409630293));
#16610 = CARTESIAN_POINT('',(2.195071146157,2.484688468846));
#16611 = CARTESIAN_POINT('',(2.154857972066,2.441953795154));
#16612 = CARTESIAN_POINT('',(2.11489610836,2.399206620008));
#16613 = CARTESIAN_POINT('',(2.075159275394,2.356447954194));
#16614 = CARTESIAN_POINT('',(2.035623435383,2.313678808502));
#16615 = CARTESIAN_POINT('',(1.996266744053,2.270900193719));
#16616 = CARTESIAN_POINT('',(1.957069476228,2.228113120634));
#16617 = CARTESIAN_POINT('',(1.918013927942,2.185318600036));
#16618 = CARTESIAN_POINT('',(1.879084297759,2.142517642712));
#16619 = CARTESIAN_POINT('',(1.840266549469,2.099711259451));
#16620 = CARTESIAN_POINT('',(1.801548258248,2.056900461041));
#16621 = CARTESIAN_POINT('',(1.762918441843,2.014086258271));
#16622 = CARTESIAN_POINT('',(1.724367379575,1.971269661929));
#16623 = CARTESIAN_POINT('',(1.685886416985,1.928451682803));
#16624 = CARTESIAN_POINT('',(1.647467772396,1.885633331681));
#16625 = CARTESIAN_POINT('',(1.609104292707,1.842815619353));
#16626 = CARTESIAN_POINT('',(1.583561006363,1.814271577521));
#16627 = CARTESIAN_POINT('',(1.570796326795,1.8));
#16628 = ( GEOMETRIC_REPRESENTATION_CONTEXT(2) 
PARAMETRIC_REPRESENTATION_CONTEXT() REPRESENTATION_CONTEXT('2D SPACE',''
  ) );
#16629 = PCURVE('',#1521,#16630);
#16630 = DEFINITIONAL_REPRESENTATION('',(#16631),#16657);
#16631 = B_SPLINE_CURVE_WITH_KNOTS('',3,(#16632,#16633,#16634,#16635,
    #16636,#16637,#16638,#16639,#16640,#16641,#16642,#16643,#16644,
    #16645,#16646,#16647,#16648,#16649,#16650,#16651,#16652,#16653,
    #16654,#16655,#16656),.UNSPECIFIED.,.F.,.F.,(4,1,1,1,1,1,1,1,1,1,1,1
    ,1,1,1,1,1,1,1,1,1,1,4),(5.280409643343E-18,4.387196834859E-05,
    8.774393669717E-05,1.316159050457E-04,1.754878733943E-04,
    2.193598417429E-04,2.632318100915E-04,3.071037784401E-04,
    3.509757467887E-04,3.948477151372E-04,4.387196834858E-04,
    4.825916518344E-04,5.26463620183E-04,5.703355885316E-04,
    6.142075568801E-04,6.580795252287E-04,7.019514935773E-04,
    7.458234619259E-04,7.896954302745E-04,8.33567398623E-04,
    8.774393669716E-04,9.213113353202E-04,9.651833036688E-04),
  .QUASI_UNIFORM_KNOTS.);
#16632 = CARTESIAN_POINT('',(1.760079401363,2.05848888922));
#16633 = CARTESIAN_POINT('',(1.757185810108,2.060773099508));
#16634 = CARTESIAN_POINT('',(1.751402084267,2.065427471491));
#16635 = CARTESIAN_POINT('',(1.742736399498,2.072654685627));
#16636 = CARTESIAN_POINT('',(1.734080152326,2.080115357866));
#16637 = CARTESIAN_POINT('',(1.725432877706,2.087797290147));
#16638 = CARTESIAN_POINT('',(1.716794111694,2.095688284413));
#16639 = CARTESIAN_POINT('',(1.708163391713,2.103776142601));
#16640 = CARTESIAN_POINT('',(1.699540256688,2.112048666654));
#16641 = CARTESIAN_POINT('',(1.690924247206,2.120493658511));
#16642 = CARTESIAN_POINT('',(1.682314905667,2.129098920112));
#16643 = CARTESIAN_POINT('',(1.673711776434,2.137852253398));
#16644 = CARTESIAN_POINT('',(1.66511440598,2.146741460309));
#16645 = CARTESIAN_POINT('',(1.656522343034,2.155754342785));
#16646 = CARTESIAN_POINT('',(1.647935138721,2.164878702768));
#16647 = CARTESIAN_POINT('',(1.639352346703,2.174102342196));
#16648 = CARTESIAN_POINT('',(1.630773523319,2.18341306301));
#16649 = CARTESIAN_POINT('',(1.622198227721,2.192798667152));
#16650 = CARTESIAN_POINT('',(1.613626022007,2.20224695656));
#16651 = CARTESIAN_POINT('',(1.60505647136,2.211745733175));
#16652 = CARTESIAN_POINT('',(1.596489144153,2.221282798938));
#16653 = CARTESIAN_POINT('',(1.587923612199,2.230845955789));
#16654 = CARTESIAN_POINT('',(1.579359450416,2.240423005668));
#16655 = CARTESIAN_POINT('',(1.573650642608,2.246808835566));
#16656 = CARTESIAN_POINT('',(1.570796326795,2.25));
#16657 = ( GEOMETRIC_REPRESENTATION_CONTEXT(2) 
PARAMETRIC_REPRESENTATION_CONTEXT() REPRESENTATION_CONTEXT('2D SPACE',''
  ) );
#16658 = ORIENTED_EDGE('',*,*,#16659,.F.);
#16659 = EDGE_CURVE('',#2245,#1410,#16660,.T.);
#16660 = SURFACE_CURVE('',#16661,(#16666,#16695),.PCURVE_S1.);
#16661 = B_SPLINE_CURVE_WITH_KNOTS('',3,(#16662,#16663,#16664,#16665),
  .UNSPECIFIED.,.F.,.F.,(4,4),(3.469446951954E-18,9.651833036688E-04),
  .PIECEWISE_BEZIER_KNOTS.);
#16662 = CARTESIAN_POINT('',(-12.65848888922,21.210696902422,
    2.890774113455));
#16663 = CARTESIAN_POINT('',(-12.70874151554,21.270585650385,
    2.578164014061));
#16664 = CARTESIAN_POINT('',(-12.77979438245,21.3,2.26397470546));
#16665 = CARTESIAN_POINT('',(-12.85,21.3,1.95));
#16666 = PCURVE('',#2260,#16667);
#16667 = DEFINITIONAL_REPRESENTATION('',(#16668),#16694);
#16668 = B_SPLINE_CURVE_WITH_KNOTS('',3,(#16669,#16670,#16671,#16672,
    #16673,#16674,#16675,#16676,#16677,#16678,#16679,#16680,#16681,
    #16682,#16683,#16684,#16685,#16686,#16687,#16688,#16689,#16690,
    #16691,#16692,#16693),.UNSPECIFIED.,.F.,.F.,(4,1,1,1,1,1,1,1,1,1,1,1
    ,1,1,1,1,1,1,1,1,1,1,4),(3.469446951954E-18,4.387196834858E-05,
    8.774393669717E-05,1.316159050457E-04,1.754878733943E-04,
    2.193598417429E-04,2.632318100915E-04,3.071037784401E-04,
    3.509757467887E-04,3.948477151372E-04,4.387196834858E-04,
    4.825916518344E-04,5.26463620183E-04,5.703355885316E-04,
    6.142075568801E-04,6.580795252287E-04,7.019514935773E-04,
    7.458234619259E-04,7.896954302745E-04,8.33567398623E-04,
    8.774393669716E-04,9.213113353202E-04,9.651833036688E-04),
  .QUASI_UNIFORM_KNOTS.);
#16669 = CARTESIAN_POINT('',(2.443460952792,0.859225886545));
#16670 = CARTESIAN_POINT('',(2.429246675515,0.873435436518));
#16671 = CARTESIAN_POINT('',(2.40098252777,0.90186106212));
#16672 = CARTESIAN_POINT('',(2.359041023275,0.94451806671));
#16673 = CARTESIAN_POINT('',(2.317515081224,0.987192626696));
#16674 = CARTESIAN_POINT('',(2.276367826723,1.029883731291));
#16675 = CARTESIAN_POINT('',(2.235564169294,1.072590369707));
#16676 = CARTESIAN_POINT('',(2.195071146157,1.115311531154));
#16677 = CARTESIAN_POINT('',(2.154857972066,1.158046204846));
#16678 = CARTESIAN_POINT('',(2.11489610836,1.200793379992));
#16679 = CARTESIAN_POINT('',(2.075159275394,1.243552045806));
#16680 = CARTESIAN_POINT('',(2.035623435383,1.286321191498));
#16681 = CARTESIAN_POINT('',(1.996266744053,1.329099806281));
#16682 = CARTESIAN_POINT('',(1.957069476228,1.371886879366));
#16683 = CARTESIAN_POINT('',(1.918013927942,1.414681399964));
#16684 = CARTESIAN_POINT('',(1.879084297759,1.457482357288));
#16685 = CARTESIAN_POINT('',(1.840266549469,1.500288740549));
#16686 = CARTESIAN_POINT('',(1.801548258248,1.543099538959));
#16687 = CARTESIAN_POINT('',(1.762918441843,1.585913741729));
#16688 = CARTESIAN_POINT('',(1.724367379575,1.628730338071));
#16689 = CARTESIAN_POINT('',(1.685886416985,1.671548317197));
#16690 = CARTESIAN_POINT('',(1.647467772396,1.714366668319));
#16691 = CARTESIAN_POINT('',(1.609104292707,1.757184380647));
#16692 = CARTESIAN_POINT('',(1.583561006363,1.785728422479));
#16693 = CARTESIAN_POINT('',(1.570796326795,1.8));
#16694 = ( GEOMETRIC_REPRESENTATION_CONTEXT(2) 
PARAMETRIC_REPRESENTATION_CONTEXT() REPRESENTATION_CONTEXT('2D SPACE',''
  ) );
#16695 = PCURVE('',#1448,#16696);
#16696 = DEFINITIONAL_REPRESENTATION('',(#16697),#16723);
#16697 = B_SPLINE_CURVE_WITH_KNOTS('',3,(#16698,#16699,#16700,#16701,
    #16702,#16703,#16704,#16705,#16706,#16707,#16708,#16709,#16710,
    #16711,#16712,#16713,#16714,#16715,#16716,#16717,#16718,#16719,
    #16720,#16721,#16722),.UNSPECIFIED.,.F.,.F.,(4,1,1,1,1,1,1,1,1,1,1,1
    ,1,1,1,1,1,1,1,1,1,1,4),(3.469446951954E-18,4.387196834858E-05,
    8.774393669717E-05,1.316159050457E-04,1.754878733943E-04,
    2.193598417429E-04,2.632318100915E-04,3.071037784401E-04,
    3.509757467887E-04,3.948477151372E-04,4.387196834858E-04,
    4.825916518344E-04,5.26463620183E-04,5.703355885316E-04,
    6.142075568801E-04,6.580795252287E-04,7.019514935773E-04,
    7.458234619259E-04,7.896954302745E-04,8.33567398623E-04,
    8.774393669716E-04,9.213113353202E-04,9.651833036688E-04),
  .QUASI_UNIFORM_KNOTS.);
#16698 = CARTESIAN_POINT('',(1.381513252227,2.05848888922));
#16699 = CARTESIAN_POINT('',(1.384406843482,2.060773099508));
#16700 = CARTESIAN_POINT('',(1.390190569323,2.065427471491));
#16701 = CARTESIAN_POINT('',(1.398856254092,2.072654685627));
#16702 = CARTESIAN_POINT('',(1.407512501264,2.080115357866));
#16703 = CARTESIAN_POINT('',(1.416159775883,2.087797290147));
#16704 = CARTESIAN_POINT('',(1.424798541896,2.095688284413));
#16705 = CARTESIAN_POINT('',(1.433429261877,2.103776142601));
#16706 = CARTESIAN_POINT('',(1.442052396902,2.112048666654));
#16707 = CARTESIAN_POINT('',(1.450668406384,2.120493658511));
#16708 = CARTESIAN_POINT('',(1.459277747923,2.129098920112));
#16709 = CARTESIAN_POINT('',(1.467880877156,2.137852253398));
#16710 = CARTESIAN_POINT('',(1.47647824761,2.146741460309));
#16711 = CARTESIAN_POINT('',(1.485070310556,2.155754342785));
#16712 = CARTESIAN_POINT('',(1.493657514869,2.164878702768));
#16713 = CARTESIAN_POINT('',(1.502240306887,2.174102342196));
#16714 = CARTESIAN_POINT('',(1.510819130271,2.18341306301));
#16715 = CARTESIAN_POINT('',(1.519394425868,2.192798667152));
#16716 = CARTESIAN_POINT('',(1.527966631583,2.20224695656));
#16717 = CARTESIAN_POINT('',(1.53653618223,2.211745733175));
#16718 = CARTESIAN_POINT('',(1.545103509437,2.221282798938));
#16719 = CARTESIAN_POINT('',(1.553669041391,2.230845955789));
#16720 = CARTESIAN_POINT('',(1.562233203174,2.240423005668));
#16721 = CARTESIAN_POINT('',(1.567942010982,2.246808835566));
#16722 = CARTESIAN_POINT('',(1.570796326795,2.25));
#16723 = ( GEOMETRIC_REPRESENTATION_CONTEXT(2) 
PARAMETRIC_REPRESENTATION_CONTEXT() REPRESENTATION_CONTEXT('2D SPACE',''
  ) );
#16724 = ADVANCED_FACE('',(#16725),#1864,.T.);
#16725 = FACE_BOUND('',#16726,.T.);
#16726 = EDGE_LOOP('',(#16727,#16728,#16729,#16730));
#16727 = ORIENTED_EDGE('',*,*,#3097,.T.);
#16728 = ORIENTED_EDGE('',*,*,#16541,.F.);
#16729 = ORIENTED_EDGE('',*,*,#2819,.F.);
#16730 = ORIENTED_EDGE('',*,*,#1848,.T.);
#16731 = ADVANCED_FACE('',(#16732),#2942,.F.);
#16732 = FACE_BOUND('',#16733,.T.);
#16733 = EDGE_LOOP('',(#16734,#16735,#16756,#16757));
#16734 = ORIENTED_EDGE('',*,*,#3004,.T.);
#16735 = ORIENTED_EDGE('',*,*,#16736,.F.);
#16736 = EDGE_CURVE('',#2772,#2982,#16737,.T.);
#16737 = SURFACE_CURVE('',#16738,(#16742,#16749),.PCURVE_S1.);
#16738 = LINE('',#16739,#16740);
#16739 = CARTESIAN_POINT('',(-10.8,17.51290631189,3.75));
#16740 = VECTOR('',#16741,1.);
#16741 = DIRECTION('',(0.,0.,-1.));
#16742 = PCURVE('',#2942,#16743);
#16743 = DEFINITIONAL_REPRESENTATION('',(#16744),#16748);
#16744 = LINE('',#16745,#16746);
#16745 = CARTESIAN_POINT('',(0.,4.11290631189));
#16746 = VECTOR('',#16747,1.);
#16747 = DIRECTION('',(-1.,0.));
#16748 = ( GEOMETRIC_REPRESENTATION_CONTEXT(2) 
PARAMETRIC_REPRESENTATION_CONTEXT() REPRESENTATION_CONTEXT('2D SPACE',''
  ) );
#16749 = PCURVE('',#2381,#16750);
#16750 = DEFINITIONAL_REPRESENTATION('',(#16751),#16755);
#16751 = LINE('',#16752,#16753);
#16752 = CARTESIAN_POINT('',(0.,0.));
#16753 = VECTOR('',#16754,1.);
#16754 = DIRECTION('',(-0.,-1.));
#16755 = ( GEOMETRIC_REPRESENTATION_CONTEXT(2) 
PARAMETRIC_REPRESENTATION_CONTEXT() REPRESENTATION_CONTEXT('2D SPACE',''
  ) );
#16756 = ORIENTED_EDGE('',*,*,#2928,.F.);
#16757 = ORIENTED_EDGE('',*,*,#16566,.T.);
#16758 = ADVANCED_FACE('',(#16759),#2381,.F.);
#16759 = FACE_BOUND('',#16760,.T.);
#16760 = EDGE_LOOP('',(#16761,#16762,#16763,#16784,#16785,#16808,#16831,
    #16852));
#16761 = ORIENTED_EDGE('',*,*,#16736,.T.);
#16762 = ORIENTED_EDGE('',*,*,#2981,.T.);
#16763 = ORIENTED_EDGE('',*,*,#16764,.T.);
#16764 = EDGE_CURVE('',#2958,#2366,#16765,.T.);
#16765 = SURFACE_CURVE('',#16766,(#16770,#16777),.PCURVE_S1.);
#16766 = LINE('',#16767,#16768);
#16767 = CARTESIAN_POINT('',(-12.39358222275,15.61374897283,4.15));
#16768 = VECTOR('',#16769,1.);
#16769 = DIRECTION('',(0.,0.,-1.));
#16770 = PCURVE('',#2381,#16771);
#16771 = DEFINITIONAL_REPRESENTATION('',(#16772),#16776);
#16772 = LINE('',#16773,#16774);
#16773 = CARTESIAN_POINT('',(2.479173833997,0.4));
#16774 = VECTOR('',#16775,1.);
#16775 = DIRECTION('',(-0.,-1.));
#16776 = ( GEOMETRIC_REPRESENTATION_CONTEXT(2) 
PARAMETRIC_REPRESENTATION_CONTEXT() REPRESENTATION_CONTEXT('2D SPACE',''
  ) );
#16777 = PCURVE('',#1808,#16778);
#16778 = DEFINITIONAL_REPRESENTATION('',(#16779),#16783);
#16779 = LINE('',#16780,#16781);
#16780 = CARTESIAN_POINT('',(3.839724354387,0.));
#16781 = VECTOR('',#16782,1.);
#16782 = DIRECTION('',(0.,1.));
#16783 = ( GEOMETRIC_REPRESENTATION_CONTEXT(2) 
PARAMETRIC_REPRESENTATION_CONTEXT() REPRESENTATION_CONTEXT('2D SPACE',''
  ) );
#16784 = ORIENTED_EDGE('',*,*,#2365,.T.);
#16785 = ORIENTED_EDGE('',*,*,#16786,.F.);
#16786 = EDGE_CURVE('',#16787,#2342,#16789,.T.);
#16787 = VERTEX_POINT('',#16788);
#16788 = CARTESIAN_POINT('',(-10.39358222275,17.997256158019,4.15));
#16789 = SURFACE_CURVE('',#16790,(#16794,#16801),.PCURVE_S1.);
#16790 = LINE('',#16791,#16792);
#16791 = CARTESIAN_POINT('',(-10.39358222275,17.997256158019,3.75));
#16792 = VECTOR('',#16793,1.);
#16793 = DIRECTION('',(0.,0.,-1.));
#16794 = PCURVE('',#2381,#16795);
#16795 = DEFINITIONAL_REPRESENTATION('',(#16796),#16800);
#16796 = LINE('',#16797,#16798);
#16797 = CARTESIAN_POINT('',(-0.632273819724,0.));
#16798 = VECTOR('',#16799,1.);
#16799 = DIRECTION('',(-0.,-1.));
#16800 = ( GEOMETRIC_REPRESENTATION_CONTEXT(2) 
PARAMETRIC_REPRESENTATION_CONTEXT() REPRESENTATION_CONTEXT('2D SPACE',''
  ) );
#16801 = PCURVE('',#2071,#16802);
#16802 = DEFINITIONAL_REPRESENTATION('',(#16803),#16807);
#16803 = LINE('',#16804,#16805);
#16804 = CARTESIAN_POINT('',(3.839724354387,0.));
#16805 = VECTOR('',#16806,1.);
#16806 = DIRECTION('',(0.,1.));
#16807 = ( GEOMETRIC_REPRESENTATION_CONTEXT(2) 
PARAMETRIC_REPRESENTATION_CONTEXT() REPRESENTATION_CONTEXT('2D SPACE',''
  ) );
#16808 = ORIENTED_EDGE('',*,*,#16809,.F.);
#16809 = EDGE_CURVE('',#16810,#16787,#16812,.T.);
#16810 = VERTEX_POINT('',#16811);
#16811 = CARTESIAN_POINT('',(-12.39358222275,15.61374897283,4.15));
#16812 = SURFACE_CURVE('',#16813,(#16817,#16824),.PCURVE_S1.);
#16813 = LINE('',#16814,#16815);
#16814 = CARTESIAN_POINT('',(-12.39358222275,15.61374897283,4.15));
#16815 = VECTOR('',#16816,1.);
#16816 = DIRECTION('',(0.642787609687,0.766044443119,0.));
#16817 = PCURVE('',#2381,#16818);
#16818 = DEFINITIONAL_REPRESENTATION('',(#16819),#16823);
#16819 = LINE('',#16820,#16821);
#16820 = CARTESIAN_POINT('',(2.479173833997,0.4));
#16821 = VECTOR('',#16822,1.);
#16822 = DIRECTION('',(-1.,0.));
#16823 = ( GEOMETRIC_REPRESENTATION_CONTEXT(2) 
PARAMETRIC_REPRESENTATION_CONTEXT() REPRESENTATION_CONTEXT('2D SPACE',''
  ) );
#16824 = PCURVE('',#1647,#16825);
#16825 = DEFINITIONAL_REPRESENTATION('',(#16826),#16830);
#16826 = LINE('',#16827,#16828);
#16827 = CARTESIAN_POINT('',(0.456417777248,-5.43625102717));
#16828 = VECTOR('',#16829,1.);
#16829 = DIRECTION('',(0.642787609687,0.766044443119));
#16830 = ( GEOMETRIC_REPRESENTATION_CONTEXT(2) 
PARAMETRIC_REPRESENTATION_CONTEXT() REPRESENTATION_CONTEXT('2D SPACE',''
  ) );
#16831 = ORIENTED_EDGE('',*,*,#16832,.T.);
#16832 = EDGE_CURVE('',#16810,#2774,#16833,.T.);
#16833 = SURFACE_CURVE('',#16834,(#16838,#16845),.PCURVE_S1.);
#16834 = LINE('',#16835,#16836);
#16835 = CARTESIAN_POINT('',(-12.39358222275,15.61374897283,4.15));
#16836 = VECTOR('',#16837,1.);
#16837 = DIRECTION('',(0.,0.,-1.));
#16838 = PCURVE('',#2381,#16839);
#16839 = DEFINITIONAL_REPRESENTATION('',(#16840),#16844);
#16840 = LINE('',#16841,#16842);
#16841 = CARTESIAN_POINT('',(2.479173833997,0.4));
#16842 = VECTOR('',#16843,1.);
#16843 = DIRECTION('',(-0.,-1.));
#16844 = ( GEOMETRIC_REPRESENTATION_CONTEXT(2) 
PARAMETRIC_REPRESENTATION_CONTEXT() REPRESENTATION_CONTEXT('2D SPACE',''
  ) );
#16845 = PCURVE('',#1918,#16846);
#16846 = DEFINITIONAL_REPRESENTATION('',(#16847),#16851);
#16847 = LINE('',#16848,#16849);
#16848 = CARTESIAN_POINT('',(3.839724354387,0.));
#16849 = VECTOR('',#16850,1.);
#16850 = DIRECTION('',(0.,1.));
#16851 = ( GEOMETRIC_REPRESENTATION_CONTEXT(2) 
PARAMETRIC_REPRESENTATION_CONTEXT() REPRESENTATION_CONTEXT('2D SPACE',''
  ) );
#16852 = ORIENTED_EDGE('',*,*,#2771,.F.);
#16853 = ADVANCED_FACE('',(#16854),#2071,.T.);
#16854 = FACE_BOUND('',#16855,.T.);
#16855 = EDGE_LOOP('',(#16856,#16857,#16858,#16859));
#16856 = ORIENTED_EDGE('',*,*,#16786,.T.);
#16857 = ORIENTED_EDGE('',*,*,#2341,.T.);
#16858 = ORIENTED_EDGE('',*,*,#2055,.F.);
#16859 = ORIENTED_EDGE('',*,*,#16860,.F.);
#16860 = EDGE_CURVE('',#16787,#2033,#16861,.T.);
#16861 = SURFACE_CURVE('',#16862,(#16867,#16874),.PCURVE_S1.);
#16862 = CIRCLE('',#16863,0.4);
#16863 = AXIS2_PLACEMENT_3D('',#16864,#16865,#16866);
#16864 = CARTESIAN_POINT('',(-10.7,18.254371201893,4.15));
#16865 = DIRECTION('',(0.,0.,1.));
#16866 = DIRECTION('',(1.,0.,-0.));
#16867 = PCURVE('',#2071,#16868);
#16868 = DEFINITIONAL_REPRESENTATION('',(#16869),#16873);
#16869 = LINE('',#16870,#16871);
#16870 = CARTESIAN_POINT('',(9.424777960769,-0.4));
#16871 = VECTOR('',#16872,1.);
#16872 = DIRECTION('',(-1.,0.));
#16873 = ( GEOMETRIC_REPRESENTATION_CONTEXT(2) 
PARAMETRIC_REPRESENTATION_CONTEXT() REPRESENTATION_CONTEXT('2D SPACE',''
  ) );
#16874 = PCURVE('',#1647,#16875);
#16875 = DEFINITIONAL_REPRESENTATION('',(#16876),#16880);
#16876 = CIRCLE('',#16877,0.4);
#16877 = AXIS2_PLACEMENT_2D('',#16878,#16879);
#16878 = CARTESIAN_POINT('',(2.15,-2.795628798107));
#16879 = DIRECTION('',(1.,0.));
#16880 = ( GEOMETRIC_REPRESENTATION_CONTEXT(2) 
PARAMETRIC_REPRESENTATION_CONTEXT() REPRESENTATION_CONTEXT('2D SPACE',''
  ) );
#16881 = ADVANCED_FACE('',(#16882),#2507,.F.);
#16882 = FACE_BOUND('',#16883,.T.);
#16883 = EDGE_LOOP('',(#16884,#16885,#16886,#16887));
#16884 = ORIENTED_EDGE('',*,*,#2722,.T.);
#16885 = ORIENTED_EDGE('',*,*,#16429,.T.);
#16886 = ORIENTED_EDGE('',*,*,#2491,.F.);
#16887 = ORIENTED_EDGE('',*,*,#16888,.T.);
#16888 = EDGE_CURVE('',#2468,#2723,#16889,.T.);
#16889 = SURFACE_CURVE('',#16890,(#16894,#16901),.PCURVE_S1.);
#16890 = LINE('',#16891,#16892);
#16891 = CARTESIAN_POINT('',(-10.95672565811,6.70465783867,8.75));
#16892 = VECTOR('',#16893,1.);
#16893 = DIRECTION('',(0.,0.,-1.));
#16894 = PCURVE('',#2507,#16895);
#16895 = DEFINITIONAL_REPRESENTATION('',(#16896),#16900);
#16896 = LINE('',#16897,#16898);
#16897 = CARTESIAN_POINT('',(0.,0.));
#16898 = VECTOR('',#16899,1.);
#16899 = DIRECTION('',(0.,-1.));
#16900 = ( GEOMETRIC_REPRESENTATION_CONTEXT(2) 
PARAMETRIC_REPRESENTATION_CONTEXT() REPRESENTATION_CONTEXT('2D SPACE',''
  ) );
#16901 = PCURVE('',#746,#16902);
#16902 = DEFINITIONAL_REPRESENTATION('',(#16903),#16907);
#16903 = LINE('',#16904,#16905);
#16904 = CARTESIAN_POINT('',(5.410520681182,0.));
#16905 = VECTOR('',#16906,1.);
#16906 = DIRECTION('',(0.,1.));
#16907 = ( GEOMETRIC_REPRESENTATION_CONTEXT(2) 
PARAMETRIC_REPRESENTATION_CONTEXT() REPRESENTATION_CONTEXT('2D SPACE',''
  ) );
#16908 = ADVANCED_FACE('',(#16909),#2564,.F.);
#16909 = FACE_BOUND('',#16910,.F.);
#16910 = EDGE_LOOP('',(#16911,#16912,#16933,#16934));
#16911 = ORIENTED_EDGE('',*,*,#2547,.F.);
#16912 = ORIENTED_EDGE('',*,*,#16913,.T.);
#16913 = EDGE_CURVE('',#2548,#2653,#16914,.T.);
#16914 = SURFACE_CURVE('',#16915,(#16919,#16926),.PCURVE_S1.);
#16915 = LINE('',#16916,#16917);
#16916 = CARTESIAN_POINT('',(-10.8,13.4,8.75));
#16917 = VECTOR('',#16918,1.);
#16918 = DIRECTION('',(0.,0.,-1.));
#16919 = PCURVE('',#2564,#16920);
#16920 = DEFINITIONAL_REPRESENTATION('',(#16921),#16925);
#16921 = LINE('',#16922,#16923);
#16922 = CARTESIAN_POINT('',(6.28318530718,0.));
#16923 = VECTOR('',#16924,1.);
#16924 = DIRECTION('',(0.,1.));
#16925 = ( GEOMETRIC_REPRESENTATION_CONTEXT(2) 
PARAMETRIC_REPRESENTATION_CONTEXT() REPRESENTATION_CONTEXT('2D SPACE',''
  ) );
#16926 = PCURVE('',#2590,#16927);
#16927 = DEFINITIONAL_REPRESENTATION('',(#16928),#16932);
#16928 = LINE('',#16929,#16930);
#16929 = CARTESIAN_POINT('',(0.,0.));
#16930 = VECTOR('',#16931,1.);
#16931 = DIRECTION('',(-1.,0.));
#16932 = ( GEOMETRIC_REPRESENTATION_CONTEXT(2) 
PARAMETRIC_REPRESENTATION_CONTEXT() REPRESENTATION_CONTEXT('2D SPACE',''
  ) );
#16933 = ORIENTED_EDGE('',*,*,#2675,.T.);
#16934 = ORIENTED_EDGE('',*,*,#16407,.F.);
#16935 = ADVANCED_FACE('',(#16936),#1142,.T.);
#16936 = FACE_BOUND('',#16937,.T.);
#16937 = EDGE_LOOP('',(#16938,#16939,#17005));
#16938 = ORIENTED_EDGE('',*,*,#1126,.T.);
#16939 = ORIENTED_EDGE('',*,*,#16940,.T.);
#16940 = EDGE_CURVE('',#1081,#292,#16941,.T.);
#16941 = SURFACE_CURVE('',#16942,(#16947,#16976),.PCURVE_S1.);
#16942 = B_SPLINE_CURVE_WITH_KNOTS('',3,(#16943,#16944,#16945,#16946),
  .UNSPECIFIED.,.F.,.F.,(4,4),(5.485677294651E-18,9.651833036688E-04),
  .PIECEWISE_BEZIER_KNOTS.);
#16943 = CARTESIAN_POINT('',(-12.65848888922,21.210696902422,
    6.009225886545));
#16944 = CARTESIAN_POINT('',(-12.70874151554,21.270585650385,
    6.321835985939));
#16945 = CARTESIAN_POINT('',(-12.77979438245,21.3,6.63602529454));
#16946 = CARTESIAN_POINT('',(-12.85,21.3,6.95));
#16947 = PCURVE('',#1142,#16948);
#16948 = DEFINITIONAL_REPRESENTATION('',(#16949),#16975);
#16949 = B_SPLINE_CURVE_WITH_KNOTS('',3,(#16950,#16951,#16952,#16953,
    #16954,#16955,#16956,#16957,#16958,#16959,#16960,#16961,#16962,
    #16963,#16964,#16965,#16966,#16967,#16968,#16969,#16970,#16971,
    #16972,#16973,#16974),.UNSPECIFIED.,.F.,.F.,(4,1,1,1,1,1,1,1,1,1,1,1
    ,1,1,1,1,1,1,1,1,1,1,4),(5.485677294651E-18,4.387196834859E-05,
    8.774393669717E-05,1.316159050457E-04,1.754878733943E-04,
    2.193598417429E-04,2.632318100915E-04,3.071037784401E-04,
    3.509757467887E-04,3.948477151372E-04,4.387196834858E-04,
    4.825916518344E-04,5.26463620183E-04,5.703355885316E-04,
    6.142075568801E-04,6.580795252287E-04,7.019514935773E-04,
    7.458234619259E-04,7.896954302745E-04,8.33567398623E-04,
    8.774393669716E-04,9.213113353202E-04,9.651833036688E-04),
  .QUASI_UNIFORM_KNOTS.);
#16950 = CARTESIAN_POINT('',(2.443460952792,2.740774113455));
#16951 = CARTESIAN_POINT('',(2.429246675515,2.726564563482));
#16952 = CARTESIAN_POINT('',(2.40098252777,2.69813893788));
#16953 = CARTESIAN_POINT('',(2.359041023275,2.65548193329));
#16954 = CARTESIAN_POINT('',(2.317515081224,2.612807373304));
#16955 = CARTESIAN_POINT('',(2.276367826723,2.570116268709));
#16956 = CARTESIAN_POINT('',(2.235564169294,2.527409630293));
#16957 = CARTESIAN_POINT('',(2.195071146157,2.484688468846));
#16958 = CARTESIAN_POINT('',(2.154857972066,2.441953795154));
#16959 = CARTESIAN_POINT('',(2.11489610836,2.399206620008));
#16960 = CARTESIAN_POINT('',(2.075159275394,2.356447954194));
#16961 = CARTESIAN_POINT('',(2.035623435383,2.313678808502));
#16962 = CARTESIAN_POINT('',(1.996266744053,2.270900193719));
#16963 = CARTESIAN_POINT('',(1.957069476228,2.228113120634));
#16964 = CARTESIAN_POINT('',(1.918013927942,2.185318600036));
#16965 = CARTESIAN_POINT('',(1.879084297759,2.142517642712));
#16966 = CARTESIAN_POINT('',(1.840266549469,2.099711259451));
#16967 = CARTESIAN_POINT('',(1.801548258248,2.056900461041));
#16968 = CARTESIAN_POINT('',(1.762918441843,2.014086258271));
#16969 = CARTESIAN_POINT('',(1.724367379575,1.971269661929));
#16970 = CARTESIAN_POINT('',(1.685886416985,1.928451682803));
#16971 = CARTESIAN_POINT('',(1.647467772396,1.885633331681));
#16972 = CARTESIAN_POINT('',(1.609104292707,1.842815619353));
#16973 = CARTESIAN_POINT('',(1.583561006363,1.814271577521));
#16974 = CARTESIAN_POINT('',(1.570796326795,1.8));
#16975 = ( GEOMETRIC_REPRESENTATION_CONTEXT(2) 
PARAMETRIC_REPRESENTATION_CONTEXT() REPRESENTATION_CONTEXT('2D SPACE',''
  ) );
#16976 = PCURVE('',#403,#16977);
#16977 = DEFINITIONAL_REPRESENTATION('',(#16978),#17004);
#16978 = B_SPLINE_CURVE_WITH_KNOTS('',3,(#16979,#16980,#16981,#16982,
    #16983,#16984,#16985,#16986,#16987,#16988,#16989,#16990,#16991,
    #16992,#16993,#16994,#16995,#16996,#16997,#16998,#16999,#17000,
    #17001,#17002,#17003),.UNSPECIFIED.,.F.,.F.,(4,1,1,1,1,1,1,1,1,1,1,1
    ,1,1,1,1,1,1,1,1,1,1,4),(5.485677294651E-18,4.387196834859E-05,
    8.774393669717E-05,1.316159050457E-04,1.754878733943E-04,
    2.193598417429E-04,2.632318100915E-04,3.071037784401E-04,
    3.509757467887E-04,3.948477151372E-04,4.387196834858E-04,
    4.825916518344E-04,5.26463620183E-04,5.703355885316E-04,
    6.142075568801E-04,6.580795252287E-04,7.019514935773E-04,
    7.458234619259E-04,7.896954302745E-04,8.33567398623E-04,
    8.774393669716E-04,9.213113353202E-04,9.651833036688E-04),
  .QUASI_UNIFORM_KNOTS.);
#16979 = CARTESIAN_POINT('',(1.760079401363,2.05848888922));
#16980 = CARTESIAN_POINT('',(1.757185810108,2.060773099508));
#16981 = CARTESIAN_POINT('',(1.751402084267,2.065427471491));
#16982 = CARTESIAN_POINT('',(1.742736399498,2.072654685627));
#16983 = CARTESIAN_POINT('',(1.734080152326,2.080115357866));
#16984 = CARTESIAN_POINT('',(1.725432877706,2.087797290147));
#16985 = CARTESIAN_POINT('',(1.716794111694,2.095688284413));
#16986 = CARTESIAN_POINT('',(1.708163391713,2.103776142601));
#16987 = CARTESIAN_POINT('',(1.699540256688,2.112048666654));
#16988 = CARTESIAN_POINT('',(1.690924247206,2.120493658511));
#16989 = CARTESIAN_POINT('',(1.682314905667,2.129098920112));
#16990 = CARTESIAN_POINT('',(1.673711776434,2.137852253398));
#16991 = CARTESIAN_POINT('',(1.66511440598,2.146741460309));
#16992 = CARTESIAN_POINT('',(1.656522343034,2.155754342785));
#16993 = CARTESIAN_POINT('',(1.647935138721,2.164878702768));
#16994 = CARTESIAN_POINT('',(1.639352346703,2.174102342196));
#16995 = CARTESIAN_POINT('',(1.630773523319,2.18341306301));
#16996 = CARTESIAN_POINT('',(1.622198227721,2.192798667152));
#16997 = CARTESIAN_POINT('',(1.613626022007,2.20224695656));
#16998 = CARTESIAN_POINT('',(1.60505647136,2.211745733175));
#16999 = CARTESIAN_POINT('',(1.596489144153,2.221282798938));
#17000 = CARTESIAN_POINT('',(1.587923612199,2.230845955789));
#17001 = CARTESIAN_POINT('',(1.579359450416,2.240423005668));
#17002 = CARTESIAN_POINT('',(1.573650642608,2.246808835566));
#17003 = CARTESIAN_POINT('',(1.570796326795,2.25));
#17004 = ( GEOMETRIC_REPRESENTATION_CONTEXT(2) 
PARAMETRIC_REPRESENTATION_CONTEXT() REPRESENTATION_CONTEXT('2D SPACE',''
  ) );
#17005 = ORIENTED_EDGE('',*,*,#17006,.F.);
#17006 = EDGE_CURVE('',#1127,#292,#17007,.T.);
#17007 = SURFACE_CURVE('',#17008,(#17013,#17042),.PCURVE_S1.);
#17008 = B_SPLINE_CURVE_WITH_KNOTS('',3,(#17009,#17010,#17011,#17012),
  .UNSPECIFIED.,.F.,.F.,(4,4),(3.469446951954E-18,9.651833036688E-04),
  .PIECEWISE_BEZIER_KNOTS.);
#17009 = CARTESIAN_POINT('',(-12.65848888922,21.210696902422,
    7.890774113455));
#17010 = CARTESIAN_POINT('',(-12.70874151554,21.270585650385,
    7.578164014061));
#17011 = CARTESIAN_POINT('',(-12.77979438245,21.3,7.26397470546));
#17012 = CARTESIAN_POINT('',(-12.85,21.3,6.95));
#17013 = PCURVE('',#1142,#17014);
#17014 = DEFINITIONAL_REPRESENTATION('',(#17015),#17041);
#17015 = B_SPLINE_CURVE_WITH_KNOTS('',3,(#17016,#17017,#17018,#17019,
    #17020,#17021,#17022,#17023,#17024,#17025,#17026,#17027,#17028,
    #17029,#17030,#17031,#17032,#17033,#17034,#17035,#17036,#17037,
    #17038,#17039,#17040),.UNSPECIFIED.,.F.,.F.,(4,1,1,1,1,1,1,1,1,1,1,1
    ,1,1,1,1,1,1,1,1,1,1,4),(3.469446951954E-18,4.387196834858E-05,
    8.774393669717E-05,1.316159050457E-04,1.754878733943E-04,
    2.193598417429E-04,2.632318100915E-04,3.071037784401E-04,
    3.509757467887E-04,3.948477151372E-04,4.387196834858E-04,
    4.825916518344E-04,5.26463620183E-04,5.703355885316E-04,
    6.142075568801E-04,6.580795252287E-04,7.019514935773E-04,
    7.458234619259E-04,7.896954302745E-04,8.33567398623E-04,
    8.774393669716E-04,9.213113353202E-04,9.651833036688E-04),
  .QUASI_UNIFORM_KNOTS.);
#17016 = CARTESIAN_POINT('',(2.443460952792,0.859225886545));
#17017 = CARTESIAN_POINT('',(2.429246675515,0.873435436518));
#17018 = CARTESIAN_POINT('',(2.40098252777,0.90186106212));
#17019 = CARTESIAN_POINT('',(2.359041023275,0.94451806671));
#17020 = CARTESIAN_POINT('',(2.317515081224,0.987192626696));
#17021 = CARTESIAN_POINT('',(2.276367826723,1.029883731291));
#17022 = CARTESIAN_POINT('',(2.235564169294,1.072590369707));
#17023 = CARTESIAN_POINT('',(2.195071146157,1.115311531154));
#17024 = CARTESIAN_POINT('',(2.154857972066,1.158046204846));
#17025 = CARTESIAN_POINT('',(2.11489610836,1.200793379992));
#17026 = CARTESIAN_POINT('',(2.075159275394,1.243552045806));
#17027 = CARTESIAN_POINT('',(2.035623435383,1.286321191498));
#17028 = CARTESIAN_POINT('',(1.996266744053,1.329099806281));
#17029 = CARTESIAN_POINT('',(1.957069476228,1.371886879366));
#17030 = CARTESIAN_POINT('',(1.918013927942,1.414681399964));
#17031 = CARTESIAN_POINT('',(1.879084297759,1.457482357288));
#17032 = CARTESIAN_POINT('',(1.840266549469,1.500288740549));
#17033 = CARTESIAN_POINT('',(1.801548258248,1.543099538959));
#17034 = CARTESIAN_POINT('',(1.762918441843,1.585913741729));
#17035 = CARTESIAN_POINT('',(1.724367379575,1.628730338071));
#17036 = CARTESIAN_POINT('',(1.685886416985,1.671548317197));
#17037 = CARTESIAN_POINT('',(1.647467772396,1.714366668319));
#17038 = CARTESIAN_POINT('',(1.609104292707,1.757184380647));
#17039 = CARTESIAN_POINT('',(1.583561006363,1.785728422479));
#17040 = CARTESIAN_POINT('',(1.570796326795,1.8));
#17041 = ( GEOMETRIC_REPRESENTATION_CONTEXT(2) 
PARAMETRIC_REPRESENTATION_CONTEXT() REPRESENTATION_CONTEXT('2D SPACE',''
  ) );
#17042 = PCURVE('',#330,#17043);
#17043 = DEFINITIONAL_REPRESENTATION('',(#17044),#17070);
#17044 = B_SPLINE_CURVE_WITH_KNOTS('',3,(#17045,#17046,#17047,#17048,
    #17049,#17050,#17051,#17052,#17053,#17054,#17055,#17056,#17057,
    #17058,#17059,#17060,#17061,#17062,#17063,#17064,#17065,#17066,
    #17067,#17068,#17069),.UNSPECIFIED.,.F.,.F.,(4,1,1,1,1,1,1,1,1,1,1,1
    ,1,1,1,1,1,1,1,1,1,1,4),(3.469446951954E-18,4.387196834858E-05,
    8.774393669717E-05,1.316159050457E-04,1.754878733943E-04,
    2.193598417429E-04,2.632318100915E-04,3.071037784401E-04,
    3.509757467887E-04,3.948477151372E-04,4.387196834858E-04,
    4.825916518344E-04,5.26463620183E-04,5.703355885316E-04,
    6.142075568801E-04,6.580795252287E-04,7.019514935773E-04,
    7.458234619259E-04,7.896954302745E-04,8.33567398623E-04,
    8.774393669716E-04,9.213113353202E-04,9.651833036688E-04),
  .QUASI_UNIFORM_KNOTS.);
#17045 = CARTESIAN_POINT('',(1.381513252227,2.05848888922));
#17046 = CARTESIAN_POINT('',(1.384406843482,2.060773099508));
#17047 = CARTESIAN_POINT('',(1.390190569323,2.065427471491));
#17048 = CARTESIAN_POINT('',(1.398856254092,2.072654685627));
#17049 = CARTESIAN_POINT('',(1.407512501264,2.080115357866));
#17050 = CARTESIAN_POINT('',(1.416159775883,2.087797290147));
#17051 = CARTESIAN_POINT('',(1.424798541896,2.095688284413));
#17052 = CARTESIAN_POINT('',(1.433429261877,2.103776142601));
#17053 = CARTESIAN_POINT('',(1.442052396902,2.112048666654));
#17054 = CARTESIAN_POINT('',(1.450668406384,2.120493658511));
#17055 = CARTESIAN_POINT('',(1.459277747923,2.129098920112));
#17056 = CARTESIAN_POINT('',(1.467880877156,2.137852253398));
#17057 = CARTESIAN_POINT('',(1.47647824761,2.146741460309));
#17058 = CARTESIAN_POINT('',(1.485070310556,2.155754342785));
#17059 = CARTESIAN_POINT('',(1.493657514869,2.164878702768));
#17060 = CARTESIAN_POINT('',(1.502240306887,2.174102342196));
#17061 = CARTESIAN_POINT('',(1.510819130271,2.18341306301));
#17062 = CARTESIAN_POINT('',(1.519394425868,2.192798667152));
#17063 = CARTESIAN_POINT('',(1.527966631583,2.20224695656));
#17064 = CARTESIAN_POINT('',(1.53653618223,2.211745733175));
#17065 = CARTESIAN_POINT('',(1.545103509437,2.221282798938));
#17066 = CARTESIAN_POINT('',(1.553669041391,2.230845955789));
#17067 = CARTESIAN_POINT('',(1.562233203174,2.240423005668));
#17068 = CARTESIAN_POINT('',(1.567942010982,2.246808835566));
#17069 = CARTESIAN_POINT('',(1.570796326795,2.25));
#17070 = ( GEOMETRIC_REPRESENTATION_CONTEXT(2) 
PARAMETRIC_REPRESENTATION_CONTEXT() REPRESENTATION_CONTEXT('2D SPACE',''
  ) );
#17071 = ADVANCED_FACE('',(#17072),#746,.T.);
#17072 = FACE_BOUND('',#17073,.T.);
#17073 = EDGE_LOOP('',(#17074,#17075,#17076,#17077));
#17074 = ORIENTED_EDGE('',*,*,#2745,.T.);
#17075 = ORIENTED_EDGE('',*,*,#16888,.F.);
#17076 = ORIENTED_EDGE('',*,*,#2467,.F.);
#17077 = ORIENTED_EDGE('',*,*,#730,.T.);
#17078 = ADVANCED_FACE('',(#17079),#2590,.F.);
#17079 = FACE_BOUND('',#17080,.T.);
#17080 = EDGE_LOOP('',(#17081,#17082,#17103,#17104));
#17081 = ORIENTED_EDGE('',*,*,#2652,.T.);
#17082 = ORIENTED_EDGE('',*,*,#17083,.F.);
#17083 = EDGE_CURVE('',#2420,#2630,#17084,.T.);
#17084 = SURFACE_CURVE('',#17085,(#17089,#17096),.PCURVE_S1.);
#17085 = LINE('',#17086,#17087);
#17086 = CARTESIAN_POINT('',(-10.8,17.51290631189,8.75));
#17087 = VECTOR('',#17088,1.);
#17088 = DIRECTION('',(0.,0.,-1.));
#17089 = PCURVE('',#2590,#17090);
#17090 = DEFINITIONAL_REPRESENTATION('',(#17091),#17095);
#17091 = LINE('',#17092,#17093);
#17092 = CARTESIAN_POINT('',(0.,4.11290631189));
#17093 = VECTOR('',#17094,1.);
#17094 = DIRECTION('',(-1.,0.));
#17095 = ( GEOMETRIC_REPRESENTATION_CONTEXT(2) 
PARAMETRIC_REPRESENTATION_CONTEXT() REPRESENTATION_CONTEXT('2D SPACE',''
  ) );
#17096 = PCURVE('',#1263,#17097);
#17097 = DEFINITIONAL_REPRESENTATION('',(#17098),#17102);
#17098 = LINE('',#17099,#17100);
#17099 = CARTESIAN_POINT('',(0.,0.));
#17100 = VECTOR('',#17101,1.);
#17101 = DIRECTION('',(-0.,-1.));
#17102 = ( GEOMETRIC_REPRESENTATION_CONTEXT(2) 
PARAMETRIC_REPRESENTATION_CONTEXT() REPRESENTATION_CONTEXT('2D SPACE',''
  ) );
#17103 = ORIENTED_EDGE('',*,*,#2576,.F.);
#17104 = ORIENTED_EDGE('',*,*,#16913,.T.);
#17105 = ADVANCED_FACE('',(#17106),#1263,.F.);
#17106 = FACE_BOUND('',#17107,.T.);
#17107 = EDGE_LOOP('',(#17108,#17109,#17110,#17131,#17132,#17155,#17178,
    #17199));
#17108 = ORIENTED_EDGE('',*,*,#17083,.T.);
#17109 = ORIENTED_EDGE('',*,*,#2629,.T.);
#17110 = ORIENTED_EDGE('',*,*,#17111,.T.);
#17111 = EDGE_CURVE('',#2606,#1248,#17112,.T.);
#17112 = SURFACE_CURVE('',#17113,(#17117,#17124),.PCURVE_S1.);
#17113 = LINE('',#17114,#17115);
#17114 = CARTESIAN_POINT('',(-12.39358222275,15.61374897283,9.15));
#17115 = VECTOR('',#17116,1.);
#17116 = DIRECTION('',(0.,0.,-1.));
#17117 = PCURVE('',#1263,#17118);
#17118 = DEFINITIONAL_REPRESENTATION('',(#17119),#17123);
#17119 = LINE('',#17120,#17121);
#17120 = CARTESIAN_POINT('',(2.479173833997,0.4));
#17121 = VECTOR('',#17122,1.);
#17122 = DIRECTION('',(-0.,-1.));
#17123 = ( GEOMETRIC_REPRESENTATION_CONTEXT(2) 
PARAMETRIC_REPRESENTATION_CONTEXT() REPRESENTATION_CONTEXT('2D SPACE',''
  ) );
#17124 = PCURVE('',#690,#17125);
#17125 = DEFINITIONAL_REPRESENTATION('',(#17126),#17130);
#17126 = LINE('',#17127,#17128);
#17127 = CARTESIAN_POINT('',(3.839724354387,0.));
#17128 = VECTOR('',#17129,1.);
#17129 = DIRECTION('',(0.,1.));
#17130 = ( GEOMETRIC_REPRESENTATION_CONTEXT(2) 
PARAMETRIC_REPRESENTATION_CONTEXT() REPRESENTATION_CONTEXT('2D SPACE',''
  ) );
#17131 = ORIENTED_EDGE('',*,*,#1247,.T.);
#17132 = ORIENTED_EDGE('',*,*,#17133,.F.);
#17133 = EDGE_CURVE('',#17134,#1224,#17136,.T.);
#17134 = VERTEX_POINT('',#17135);
#17135 = CARTESIAN_POINT('',(-10.39358222275,17.997256158019,9.15));
#17136 = SURFACE_CURVE('',#17137,(#17141,#17148),.PCURVE_S1.);
#17137 = LINE('',#17138,#17139);
#17138 = CARTESIAN_POINT('',(-10.39358222275,17.997256158019,8.75));
#17139 = VECTOR('',#17140,1.);
#17140 = DIRECTION('',(0.,0.,-1.));
#17141 = PCURVE('',#1263,#17142);
#17142 = DEFINITIONAL_REPRESENTATION('',(#17143),#17147);
#17143 = LINE('',#17144,#17145);
#17144 = CARTESIAN_POINT('',(-0.632273819724,0.));
#17145 = VECTOR('',#17146,1.);
#17146 = DIRECTION('',(-0.,-1.));
#17147 = ( GEOMETRIC_REPRESENTATION_CONTEXT(2) 
PARAMETRIC_REPRESENTATION_CONTEXT() REPRESENTATION_CONTEXT('2D SPACE',''
  ) );
#17148 = PCURVE('',#953,#17149);
#17149 = DEFINITIONAL_REPRESENTATION('',(#17150),#17154);
#17150 = LINE('',#17151,#17152);
#17151 = CARTESIAN_POINT('',(3.839724354387,0.));
#17152 = VECTOR('',#17153,1.);
#17153 = DIRECTION('',(0.,1.));
#17154 = ( GEOMETRIC_REPRESENTATION_CONTEXT(2) 
PARAMETRIC_REPRESENTATION_CONTEXT() REPRESENTATION_CONTEXT('2D SPACE',''
  ) );
#17155 = ORIENTED_EDGE('',*,*,#17156,.F.);
#17156 = EDGE_CURVE('',#17157,#17134,#17159,.T.);
#17157 = VERTEX_POINT('',#17158);
#17158 = CARTESIAN_POINT('',(-12.39358222275,15.61374897283,9.15));
#17159 = SURFACE_CURVE('',#17160,(#17164,#17171),.PCURVE_S1.);
#17160 = LINE('',#17161,#17162);
#17161 = CARTESIAN_POINT('',(-12.39358222275,15.61374897283,9.15));
#17162 = VECTOR('',#17163,1.);
#17163 = DIRECTION('',(0.642787609687,0.766044443119,0.));
#17164 = PCURVE('',#1263,#17165);
#17165 = DEFINITIONAL_REPRESENTATION('',(#17166),#17170);
#17166 = LINE('',#17167,#17168);
#17167 = CARTESIAN_POINT('',(2.479173833997,0.4));
#17168 = VECTOR('',#17169,1.);
#17169 = DIRECTION('',(-1.,0.));
#17170 = ( GEOMETRIC_REPRESENTATION_CONTEXT(2) 
PARAMETRIC_REPRESENTATION_CONTEXT() REPRESENTATION_CONTEXT('2D SPACE',''
  ) );
#17171 = PCURVE('',#529,#17172);
#17172 = DEFINITIONAL_REPRESENTATION('',(#17173),#17177);
#17173 = LINE('',#17174,#17175);
#17174 = CARTESIAN_POINT('',(0.456417777248,-5.43625102717));
#17175 = VECTOR('',#17176,1.);
#17176 = DIRECTION('',(0.642787609687,0.766044443119));
#17177 = ( GEOMETRIC_REPRESENTATION_CONTEXT(2) 
PARAMETRIC_REPRESENTATION_CONTEXT() REPRESENTATION_CONTEXT('2D SPACE',''
  ) );
#17178 = ORIENTED_EDGE('',*,*,#17179,.T.);
#17179 = EDGE_CURVE('',#17157,#2422,#17180,.T.);
#17180 = SURFACE_CURVE('',#17181,(#17185,#17192),.PCURVE_S1.);
#17181 = LINE('',#17182,#17183);
#17182 = CARTESIAN_POINT('',(-12.39358222275,15.61374897283,9.15));
#17183 = VECTOR('',#17184,1.);
#17184 = DIRECTION('',(0.,0.,-1.));
#17185 = PCURVE('',#1263,#17186);
#17186 = DEFINITIONAL_REPRESENTATION('',(#17187),#17191);
#17187 = LINE('',#17188,#17189);
#17188 = CARTESIAN_POINT('',(2.479173833997,0.4));
#17189 = VECTOR('',#17190,1.);
#17190 = DIRECTION('',(-0.,-1.));
#17191 = ( GEOMETRIC_REPRESENTATION_CONTEXT(2) 
PARAMETRIC_REPRESENTATION_CONTEXT() REPRESENTATION_CONTEXT('2D SPACE',''
  ) );
#17192 = PCURVE('',#800,#17193);
#17193 = DEFINITIONAL_REPRESENTATION('',(#17194),#17198);
#17194 = LINE('',#17195,#17196);
#17195 = CARTESIAN_POINT('',(3.839724354387,0.));
#17196 = VECTOR('',#17197,1.);
#17197 = DIRECTION('',(0.,1.));
#17198 = ( GEOMETRIC_REPRESENTATION_CONTEXT(2) 
PARAMETRIC_REPRESENTATION_CONTEXT() REPRESENTATION_CONTEXT('2D SPACE',''
  ) );
#17199 = ORIENTED_EDGE('',*,*,#2419,.F.);
#17200 = ADVANCED_FACE('',(#17201),#953,.T.);
#17201 = FACE_BOUND('',#17202,.T.);
#17202 = EDGE_LOOP('',(#17203,#17204,#17205,#17206));
#17203 = ORIENTED_EDGE('',*,*,#17133,.T.);
#17204 = ORIENTED_EDGE('',*,*,#1223,.T.);
#17205 = ORIENTED_EDGE('',*,*,#937,.F.);
#17206 = ORIENTED_EDGE('',*,*,#17207,.F.);
#17207 = EDGE_CURVE('',#17134,#915,#17208,.T.);
#17208 = SURFACE_CURVE('',#17209,(#17214,#17221),.PCURVE_S1.);
#17209 = CIRCLE('',#17210,0.4);
#17210 = AXIS2_PLACEMENT_3D('',#17211,#17212,#17213);
#17211 = CARTESIAN_POINT('',(-10.7,18.254371201893,9.15));
#17212 = DIRECTION('',(0.,0.,1.));
#17213 = DIRECTION('',(1.,0.,-0.));
#17214 = PCURVE('',#953,#17215);
#17215 = DEFINITIONAL_REPRESENTATION('',(#17216),#17220);
#17216 = LINE('',#17217,#17218);
#17217 = CARTESIAN_POINT('',(9.424777960769,-0.4));
#17218 = VECTOR('',#17219,1.);
#17219 = DIRECTION('',(-1.,0.));
#17220 = ( GEOMETRIC_REPRESENTATION_CONTEXT(2) 
PARAMETRIC_REPRESENTATION_CONTEXT() REPRESENTATION_CONTEXT('2D SPACE',''
  ) );
#17221 = PCURVE('',#529,#17222);
#17222 = DEFINITIONAL_REPRESENTATION('',(#17223),#17227);
#17223 = CIRCLE('',#17224,0.4);
#17224 = AXIS2_PLACEMENT_2D('',#17225,#17226);
#17225 = CARTESIAN_POINT('',(2.15,-2.795628798107));
#17226 = DIRECTION('',(1.,0.));
#17227 = ( GEOMETRIC_REPRESENTATION_CONTEXT(2) 
PARAMETRIC_REPRESENTATION_CONTEXT() REPRESENTATION_CONTEXT('2D SPACE',''
  ) );
#17228 = ADVANCED_FACE('',(#17229),#1808,.T.);
#17229 = FACE_BOUND('',#17230,.T.);
#17230 = EDGE_LOOP('',(#17231,#17232,#17233,#17234));
#17231 = ORIENTED_EDGE('',*,*,#16764,.F.);
#17232 = ORIENTED_EDGE('',*,*,#2957,.F.);
#17233 = ORIENTED_EDGE('',*,*,#1792,.T.);
#17234 = ORIENTED_EDGE('',*,*,#2393,.T.);
#17235 = ADVANCED_FACE('',(#17236),#1918,.T.);
#17236 = FACE_BOUND('',#17237,.T.);
#17237 = EDGE_LOOP('',(#17238,#17239,#17240,#17262));
#17238 = ORIENTED_EDGE('',*,*,#2796,.T.);
#17239 = ORIENTED_EDGE('',*,*,#16832,.F.);
#17240 = ORIENTED_EDGE('',*,*,#17241,.F.);
#17241 = EDGE_CURVE('',#1632,#16810,#17242,.T.);
#17242 = SURFACE_CURVE('',#17243,(#17248,#17255),.PCURVE_S1.);
#17243 = CIRCLE('',#17244,0.4);
#17244 = AXIS2_PLACEMENT_3D('',#17245,#17246,#17247);
#17245 = CARTESIAN_POINT('',(-12.7,15.870864016705,4.15));
#17246 = DIRECTION('',(0.,0.,1.));
#17247 = DIRECTION('',(1.,0.,-0.));
#17248 = PCURVE('',#1918,#17249);
#17249 = DEFINITIONAL_REPRESENTATION('',(#17250),#17254);
#17250 = LINE('',#17251,#17252);
#17251 = CARTESIAN_POINT('',(9.424777960769,0.));
#17252 = VECTOR('',#17253,1.);
#17253 = DIRECTION('',(-1.,0.));
#17254 = ( GEOMETRIC_REPRESENTATION_CONTEXT(2) 
PARAMETRIC_REPRESENTATION_CONTEXT() REPRESENTATION_CONTEXT('2D SPACE',''
  ) );
#17255 = PCURVE('',#1647,#17256);
#17256 = DEFINITIONAL_REPRESENTATION('',(#17257),#17261);
#17257 = CIRCLE('',#17258,0.4);
#17258 = AXIS2_PLACEMENT_2D('',#17259,#17260);
#17259 = CARTESIAN_POINT('',(0.15,-5.179135983295));
#17260 = DIRECTION('',(1.,0.));
#17261 = ( GEOMETRIC_REPRESENTATION_CONTEXT(2) 
PARAMETRIC_REPRESENTATION_CONTEXT() REPRESENTATION_CONTEXT('2D SPACE',''
  ) );
#17262 = ORIENTED_EDGE('',*,*,#1904,.T.);
#17263 = ADVANCED_FACE('',(#17264),#1647,.T.);
#17264 = FACE_BOUND('',#17265,.T.);
#17265 = EDGE_LOOP('',(#17266,#17287,#17288,#17289,#17290,#17291));
#17266 = ORIENTED_EDGE('',*,*,#17267,.T.);
#17267 = EDGE_CURVE('',#1987,#1630,#17268,.T.);
#17268 = SURFACE_CURVE('',#17269,(#17273,#17280),.PCURVE_S1.);
#17269 = LINE('',#17270,#17271);
#17270 = CARTESIAN_POINT('',(-10.6,19.3,4.15));
#17271 = VECTOR('',#17272,1.);
#17272 = DIRECTION('',(-1.,0.,0.));
#17273 = PCURVE('',#1647,#17274);
#17274 = DEFINITIONAL_REPRESENTATION('',(#17275),#17279);
#17275 = LINE('',#17276,#17277);
#17276 = CARTESIAN_POINT('',(2.25,-1.75));
#17277 = VECTOR('',#17278,1.);
#17278 = DIRECTION('',(-1.,0.));
#17279 = ( GEOMETRIC_REPRESENTATION_CONTEXT(2) 
PARAMETRIC_REPRESENTATION_CONTEXT() REPRESENTATION_CONTEXT('2D SPACE',''
  ) );
#17280 = PCURVE('',#1676,#17281);
#17281 = DEFINITIONAL_REPRESENTATION('',(#17282),#17286);
#17282 = LINE('',#17283,#17284);
#17283 = CARTESIAN_POINT('',(0.,0.));
#17284 = VECTOR('',#17285,1.);
#17285 = DIRECTION('',(0.,1.));
#17286 = ( GEOMETRIC_REPRESENTATION_CONTEXT(2) 
PARAMETRIC_REPRESENTATION_CONTEXT() REPRESENTATION_CONTEXT('2D SPACE',''
  ) );
#17287 = ORIENTED_EDGE('',*,*,#1629,.T.);
#17288 = ORIENTED_EDGE('',*,*,#17241,.T.);
#17289 = ORIENTED_EDGE('',*,*,#16809,.T.);
#17290 = ORIENTED_EDGE('',*,*,#16860,.T.);
#17291 = ORIENTED_EDGE('',*,*,#2032,.T.);
#17292 = ADVANCED_FACE('',(#17293),#690,.T.);
#17293 = FACE_BOUND('',#17294,.T.);
#17294 = EDGE_LOOP('',(#17295,#17296,#17297,#17298));
#17295 = ORIENTED_EDGE('',*,*,#17111,.F.);
#17296 = ORIENTED_EDGE('',*,*,#2605,.F.);
#17297 = ORIENTED_EDGE('',*,*,#674,.T.);
#17298 = ORIENTED_EDGE('',*,*,#1275,.T.);
#17299 = ADVANCED_FACE('',(#17300),#800,.T.);
#17300 = FACE_BOUND('',#17301,.T.);
#17301 = EDGE_LOOP('',(#17302,#17303,#17304,#17326));
#17302 = ORIENTED_EDGE('',*,*,#2444,.T.);
#17303 = ORIENTED_EDGE('',*,*,#17179,.F.);
#17304 = ORIENTED_EDGE('',*,*,#17305,.F.);
#17305 = EDGE_CURVE('',#514,#17157,#17306,.T.);
#17306 = SURFACE_CURVE('',#17307,(#17312,#17319),.PCURVE_S1.);
#17307 = CIRCLE('',#17308,0.4);
#17308 = AXIS2_PLACEMENT_3D('',#17309,#17310,#17311);
#17309 = CARTESIAN_POINT('',(-12.7,15.870864016705,9.15));
#17310 = DIRECTION('',(0.,0.,1.));
#17311 = DIRECTION('',(1.,0.,-0.));
#17312 = PCURVE('',#800,#17313);
#17313 = DEFINITIONAL_REPRESENTATION('',(#17314),#17318);
#17314 = LINE('',#17315,#17316);
#17315 = CARTESIAN_POINT('',(9.424777960769,0.));
#17316 = VECTOR('',#17317,1.);
#17317 = DIRECTION('',(-1.,0.));
#17318 = ( GEOMETRIC_REPRESENTATION_CONTEXT(2) 
PARAMETRIC_REPRESENTATION_CONTEXT() REPRESENTATION_CONTEXT('2D SPACE',''
  ) );
#17319 = PCURVE('',#529,#17320);
#17320 = DEFINITIONAL_REPRESENTATION('',(#17321),#17325);
#17321 = CIRCLE('',#17322,0.4);
#17322 = AXIS2_PLACEMENT_2D('',#17323,#17324);
#17323 = CARTESIAN_POINT('',(0.15,-5.179135983295));
#17324 = DIRECTION('',(1.,0.));
#17325 = ( GEOMETRIC_REPRESENTATION_CONTEXT(2) 
PARAMETRIC_REPRESENTATION_CONTEXT() REPRESENTATION_CONTEXT('2D SPACE',''
  ) );
#17326 = ORIENTED_EDGE('',*,*,#786,.T.);
#17327 = ADVANCED_FACE('',(#17328),#529,.T.);
#17328 = FACE_BOUND('',#17329,.T.);
#17329 = EDGE_LOOP('',(#17330,#17351,#17352,#17353,#17354,#17355));
#17330 = ORIENTED_EDGE('',*,*,#17331,.T.);
#17331 = EDGE_CURVE('',#869,#512,#17332,.T.);
#17332 = SURFACE_CURVE('',#17333,(#17337,#17344),.PCURVE_S1.);
#17333 = LINE('',#17334,#17335);
#17334 = CARTESIAN_POINT('',(-10.6,19.3,9.15));
#17335 = VECTOR('',#17336,1.);
#17336 = DIRECTION('',(-1.,0.,0.));
#17337 = PCURVE('',#529,#17338);
#17338 = DEFINITIONAL_REPRESENTATION('',(#17339),#17343);
#17339 = LINE('',#17340,#17341);
#17340 = CARTESIAN_POINT('',(2.25,-1.75));
#17341 = VECTOR('',#17342,1.);
#17342 = DIRECTION('',(-1.,0.));
#17343 = ( GEOMETRIC_REPRESENTATION_CONTEXT(2) 
PARAMETRIC_REPRESENTATION_CONTEXT() REPRESENTATION_CONTEXT('2D SPACE',''
  ) );
#17344 = PCURVE('',#558,#17345);
#17345 = DEFINITIONAL_REPRESENTATION('',(#17346),#17350);
#17346 = LINE('',#17347,#17348);
#17347 = CARTESIAN_POINT('',(0.,0.));
#17348 = VECTOR('',#17349,1.);
#17349 = DIRECTION('',(0.,1.));
#17350 = ( GEOMETRIC_REPRESENTATION_CONTEXT(2) 
PARAMETRIC_REPRESENTATION_CONTEXT() REPRESENTATION_CONTEXT('2D SPACE',''
  ) );
#17351 = ORIENTED_EDGE('',*,*,#511,.T.);
#17352 = ORIENTED_EDGE('',*,*,#17305,.T.);
#17353 = ORIENTED_EDGE('',*,*,#17156,.T.);
#17354 = ORIENTED_EDGE('',*,*,#17207,.T.);
#17355 = ORIENTED_EDGE('',*,*,#914,.T.);
#17356 = ADVANCED_FACE('',(#17357),#1676,.T.);
#17357 = FACE_BOUND('',#17358,.T.);
#17358 = EDGE_LOOP('',(#17359,#17380,#17381,#17382));
#17359 = ORIENTED_EDGE('',*,*,#17360,.T.);
#17360 = EDGE_CURVE('',#1934,#1660,#17361,.T.);
#17361 = SURFACE_CURVE('',#17362,(#17366,#17373),.PCURVE_S1.);
#17362 = LINE('',#17363,#17364);
#17363 = CARTESIAN_POINT('',(-10.6,20.436623122129,3.985112498773));
#17364 = VECTOR('',#17365,1.);
#17365 = DIRECTION('',(-1.,0.,0.));
#17366 = PCURVE('',#1676,#17367);
#17367 = DEFINITIONAL_REPRESENTATION('',(#17368),#17372);
#17368 = LINE('',#17369,#17370);
#17369 = CARTESIAN_POINT('',(0.288125797151,0.));
#17370 = VECTOR('',#17371,1.);
#17371 = DIRECTION('',(0.,1.));
#17372 = ( GEOMETRIC_REPRESENTATION_CONTEXT(2) 
PARAMETRIC_REPRESENTATION_CONTEXT() REPRESENTATION_CONTEXT('2D SPACE',''
  ) );
#17373 = PCURVE('',#1375,#17374);
#17374 = DEFINITIONAL_REPRESENTATION('',(#17375),#17379);
#17375 = LINE('',#17376,#17377);
#17376 = CARTESIAN_POINT('',(0.288125841855,0.));
#17377 = VECTOR('',#17378,1.);
#17378 = DIRECTION('',(0.,1.));
#17379 = ( GEOMETRIC_REPRESENTATION_CONTEXT(2) 
PARAMETRIC_REPRESENTATION_CONTEXT() REPRESENTATION_CONTEXT('2D SPACE',''
  ) );
#17380 = ORIENTED_EDGE('',*,*,#1659,.T.);
#17381 = ORIENTED_EDGE('',*,*,#17267,.F.);
#17382 = ORIENTED_EDGE('',*,*,#1986,.T.);
#17383 = ADVANCED_FACE('',(#17384),#1448,.T.);
#17384 = FACE_BOUND('',#17385,.T.);
#17385 = EDGE_LOOP('',(#17386,#17407,#17408,#17409));
#17386 = ORIENTED_EDGE('',*,*,#17387,.F.);
#17387 = EDGE_CURVE('',#1936,#1337,#17388,.T.);
#17388 = SURFACE_CURVE('',#17389,(#17393,#17400),.PCURVE_S1.);
#17389 = LINE('',#17390,#17391);
#17390 = CARTESIAN_POINT('',(-10.6,21.115584141352,3.295417919296));
#17391 = VECTOR('',#17392,1.);
#17392 = DIRECTION('',(-1.,0.,0.));
#17393 = PCURVE('',#1448,#17394);
#17394 = DEFINITIONAL_REPRESENTATION('',(#17395),#17399);
#17395 = LINE('',#17396,#17397);
#17396 = CARTESIAN_POINT('',(1.29835493286,0.));
#17397 = VECTOR('',#17398,1.);
#17398 = DIRECTION('',(0.,1.));
#17399 = ( GEOMETRIC_REPRESENTATION_CONTEXT(2) 
PARAMETRIC_REPRESENTATION_CONTEXT() REPRESENTATION_CONTEXT('2D SPACE',''
  ) );
#17400 = PCURVE('',#1375,#17401);
#17401 = DEFINITIONAL_REPRESENTATION('',(#17402),#17406);
#17402 = LINE('',#17403,#17404);
#17403 = CARTESIAN_POINT('',(1.298354986172,0.));
#17404 = VECTOR('',#17405,1.);
#17405 = DIRECTION('',(0.,1.));
#17406 = ( GEOMETRIC_REPRESENTATION_CONTEXT(2) 
PARAMETRIC_REPRESENTATION_CONTEXT() REPRESENTATION_CONTEXT('2D SPACE',''
  ) );
#17407 = ORIENTED_EDGE('',*,*,#2272,.T.);
#17408 = ORIENTED_EDGE('',*,*,#16659,.T.);
#17409 = ORIENTED_EDGE('',*,*,#1409,.F.);
#17410 = ADVANCED_FACE('',(#17411),#1375,.T.);
#17411 = FACE_BOUND('',#17412,.T.);
#17412 = EDGE_LOOP('',(#17413,#17414,#17415,#17416,#17417));
#17413 = ORIENTED_EDGE('',*,*,#1688,.T.);
#17414 = ORIENTED_EDGE('',*,*,#17360,.F.);
#17415 = ORIENTED_EDGE('',*,*,#1933,.T.);
#17416 = ORIENTED_EDGE('',*,*,#17387,.T.);
#17417 = ORIENTED_EDGE('',*,*,#1336,.F.);
#17418 = ADVANCED_FACE('',(#17419),#1521,.T.);
#17419 = FACE_BOUND('',#17420,.T.);
#17420 = EDGE_LOOP('',(#17421,#17422,#17423,#17444));
#17421 = ORIENTED_EDGE('',*,*,#16593,.F.);
#17422 = ORIENTED_EDGE('',*,*,#2198,.T.);
#17423 = ORIENTED_EDGE('',*,*,#17424,.T.);
#17424 = EDGE_CURVE('',#2153,#1483,#17425,.T.);
#17425 = SURFACE_CURVE('',#17426,(#17430,#17437),.PCURVE_S1.);
#17426 = LINE('',#17427,#17428);
#17427 = CARTESIAN_POINT('',(-10.6,21.11558412342,0.604582016522));
#17428 = VECTOR('',#17429,1.);
#17429 = DIRECTION('',(-1.,0.,0.));
#17430 = PCURVE('',#1521,#17431);
#17431 = DEFINITIONAL_REPRESENTATION('',(#17432),#17436);
#17432 = LINE('',#17433,#17434);
#17433 = CARTESIAN_POINT('',(1.843237734058,0.));
#17434 = VECTOR('',#17435,1.);
#17435 = DIRECTION('',(0.,1.));
#17436 = ( GEOMETRIC_REPRESENTATION_CONTEXT(2) 
PARAMETRIC_REPRESENTATION_CONTEXT() REPRESENTATION_CONTEXT('2D SPACE',''
  ) );
#17437 = PCURVE('',#1592,#17438);
#17438 = DEFINITIONAL_REPRESENTATION('',(#17439),#17443);
#17439 = LINE('',#17440,#17441);
#17440 = CARTESIAN_POINT('',(1.843237734058,0.));
#17441 = VECTOR('',#17442,1.);
#17442 = DIRECTION('',(0.,1.));
#17443 = ( GEOMETRIC_REPRESENTATION_CONTEXT(2) 
PARAMETRIC_REPRESENTATION_CONTEXT() REPRESENTATION_CONTEXT('2D SPACE',''
  ) );
#17444 = ORIENTED_EDGE('',*,*,#1482,.T.);
#17445 = ADVANCED_FACE('',(#17446),#1592,.T.);
#17446 = FACE_BOUND('',#17447,.T.);
#17447 = EDGE_LOOP('',(#17448,#17449,#17450,#17471,#17472));
#17448 = ORIENTED_EDGE('',*,*,#17424,.F.);
#17449 = ORIENTED_EDGE('',*,*,#2152,.T.);
#17450 = ORIENTED_EDGE('',*,*,#17451,.T.);
#17451 = EDGE_CURVE('',#2107,#1712,#17452,.T.);
#17452 = SURFACE_CURVE('',#17453,(#17457,#17464),.PCURVE_S1.);
#17453 = LINE('',#17454,#17455);
#17454 = CARTESIAN_POINT('',(-10.6,20.436623123888,-8.511249825134E-02)
  );
#17455 = VECTOR('',#17456,1.);
#17456 = DIRECTION('',(-1.,0.,0.));
#17457 = PCURVE('',#1592,#17458);
#17458 = DEFINITIONAL_REPRESENTATION('',(#17459),#17463);
#17459 = LINE('',#17460,#17461);
#17460 = CARTESIAN_POINT('',(2.8534668099,0.));
#17461 = VECTOR('',#17462,1.);
#17462 = DIRECTION('',(0.,1.));
#17463 = ( GEOMETRIC_REPRESENTATION_CONTEXT(2) 
PARAMETRIC_REPRESENTATION_CONTEXT() REPRESENTATION_CONTEXT('2D SPACE',''
  ) );
#17464 = PCURVE('',#1752,#17465);
#17465 = DEFINITIONAL_REPRESENTATION('',(#17466),#17470);
#17466 = LINE('',#17467,#17468);
#17467 = CARTESIAN_POINT('',(2.85346685598,0.));
#17468 = VECTOR('',#17469,1.);
#17469 = DIRECTION('',(0.,1.));
#17470 = ( GEOMETRIC_REPRESENTATION_CONTEXT(2) 
PARAMETRIC_REPRESENTATION_CONTEXT() REPRESENTATION_CONTEXT('2D SPACE',''
  ) );
#17471 = ORIENTED_EDGE('',*,*,#1711,.T.);
#17472 = ORIENTED_EDGE('',*,*,#1555,.F.);
#17473 = ADVANCED_FACE('',(#17474),#1752,.T.);
#17474 = FACE_BOUND('',#17475,.T.);
#17475 = EDGE_LOOP('',(#17476,#17477,#17478,#17479));
#17476 = ORIENTED_EDGE('',*,*,#2319,.T.);
#17477 = ORIENTED_EDGE('',*,*,#1735,.T.);
#17478 = ORIENTED_EDGE('',*,*,#17451,.F.);
#17479 = ORIENTED_EDGE('',*,*,#2106,.T.);
#17480 = ADVANCED_FACE('',(#17481),#558,.T.);
#17481 = FACE_BOUND('',#17482,.T.);
#17482 = EDGE_LOOP('',(#17483,#17504,#17505,#17506));
#17483 = ORIENTED_EDGE('',*,*,#17484,.T.);
#17484 = EDGE_CURVE('',#816,#542,#17485,.T.);
#17485 = SURFACE_CURVE('',#17486,(#17490,#17497),.PCURVE_S1.);
#17486 = LINE('',#17487,#17488);
#17487 = CARTESIAN_POINT('',(-10.6,20.436623122129,8.985112498773));
#17488 = VECTOR('',#17489,1.);
#17489 = DIRECTION('',(-1.,0.,0.));
#17490 = PCURVE('',#558,#17491);
#17491 = DEFINITIONAL_REPRESENTATION('',(#17492),#17496);
#17492 = LINE('',#17493,#17494);
#17493 = CARTESIAN_POINT('',(0.288125797151,0.));
#17494 = VECTOR('',#17495,1.);
#17495 = DIRECTION('',(0.,1.));
#17496 = ( GEOMETRIC_REPRESENTATION_CONTEXT(2) 
PARAMETRIC_REPRESENTATION_CONTEXT() REPRESENTATION_CONTEXT('2D SPACE',''
  ) );
#17497 = PCURVE('',#257,#17498);
#17498 = DEFINITIONAL_REPRESENTATION('',(#17499),#17503);
#17499 = LINE('',#17500,#17501);
#17500 = CARTESIAN_POINT('',(0.288125841855,0.));
#17501 = VECTOR('',#17502,1.);
#17502 = DIRECTION('',(0.,1.));
#17503 = ( GEOMETRIC_REPRESENTATION_CONTEXT(2) 
PARAMETRIC_REPRESENTATION_CONTEXT() REPRESENTATION_CONTEXT('2D SPACE',''
  ) );
#17504 = ORIENTED_EDGE('',*,*,#541,.T.);
#17505 = ORIENTED_EDGE('',*,*,#17331,.F.);
#17506 = ORIENTED_EDGE('',*,*,#868,.T.);
#17507 = ADVANCED_FACE('',(#17508),#330,.T.);
#17508 = FACE_BOUND('',#17509,.T.);
#17509 = EDGE_LOOP('',(#17510,#17531,#17532,#17533));
#17510 = ORIENTED_EDGE('',*,*,#17511,.F.);
#17511 = EDGE_CURVE('',#818,#219,#17512,.T.);
#17512 = SURFACE_CURVE('',#17513,(#17517,#17524),.PCURVE_S1.);
#17513 = LINE('',#17514,#17515);
#17514 = CARTESIAN_POINT('',(-10.6,21.115584141352,8.295417919296));
#17515 = VECTOR('',#17516,1.);
#17516 = DIRECTION('',(-1.,0.,0.));
#17517 = PCURVE('',#330,#17518);
#17518 = DEFINITIONAL_REPRESENTATION('',(#17519),#17523);
#17519 = LINE('',#17520,#17521);
#17520 = CARTESIAN_POINT('',(1.29835493286,0.));
#17521 = VECTOR('',#17522,1.);
#17522 = DIRECTION('',(0.,1.));
#17523 = ( GEOMETRIC_REPRESENTATION_CONTEXT(2) 
PARAMETRIC_REPRESENTATION_CONTEXT() REPRESENTATION_CONTEXT('2D SPACE',''
  ) );
#17524 = PCURVE('',#257,#17525);
#17525 = DEFINITIONAL_REPRESENTATION('',(#17526),#17530);
#17526 = LINE('',#17527,#17528);
#17527 = CARTESIAN_POINT('',(1.298354986172,0.));
#17528 = VECTOR('',#17529,1.);
#17529 = DIRECTION('',(0.,1.));
#17530 = ( GEOMETRIC_REPRESENTATION_CONTEXT(2) 
PARAMETRIC_REPRESENTATION_CONTEXT() REPRESENTATION_CONTEXT('2D SPACE',''
  ) );
#17531 = ORIENTED_EDGE('',*,*,#1154,.T.);
#17532 = ORIENTED_EDGE('',*,*,#17006,.T.);
#17533 = ORIENTED_EDGE('',*,*,#291,.F.);
#17534 = ADVANCED_FACE('',(#17535),#257,.T.);
#17535 = FACE_BOUND('',#17536,.T.);
#17536 = EDGE_LOOP('',(#17537,#17538,#17539,#17540,#17541));
#17537 = ORIENTED_EDGE('',*,*,#570,.T.);
#17538 = ORIENTED_EDGE('',*,*,#17484,.F.);
#17539 = ORIENTED_EDGE('',*,*,#815,.T.);
#17540 = ORIENTED_EDGE('',*,*,#17511,.T.);
#17541 = ORIENTED_EDGE('',*,*,#218,.F.);
#17542 = ADVANCED_FACE('',(#17543),#403,.T.);
#17543 = FACE_BOUND('',#17544,.T.);
#17544 = EDGE_LOOP('',(#17545,#17546,#17547,#17568));
#17545 = ORIENTED_EDGE('',*,*,#16940,.F.);
#17546 = ORIENTED_EDGE('',*,*,#1080,.T.);
#17547 = ORIENTED_EDGE('',*,*,#17548,.T.);
#17548 = EDGE_CURVE('',#1035,#365,#17549,.T.);
#17549 = SURFACE_CURVE('',#17550,(#17554,#17561),.PCURVE_S1.);
#17550 = LINE('',#17551,#17552);
#17551 = CARTESIAN_POINT('',(-10.6,21.11558412342,5.604582016522));
#17552 = VECTOR('',#17553,1.);
#17553 = DIRECTION('',(-1.,0.,0.));
#17554 = PCURVE('',#403,#17555);
#17555 = DEFINITIONAL_REPRESENTATION('',(#17556),#17560);
#17556 = LINE('',#17557,#17558);
#17557 = CARTESIAN_POINT('',(1.843237734058,0.));
#17558 = VECTOR('',#17559,1.);
#17559 = DIRECTION('',(0.,1.));
#17560 = ( GEOMETRIC_REPRESENTATION_CONTEXT(2) 
PARAMETRIC_REPRESENTATION_CONTEXT() REPRESENTATION_CONTEXT('2D SPACE',''
  ) );
#17561 = PCURVE('',#474,#17562);
#17562 = DEFINITIONAL_REPRESENTATION('',(#17563),#17567);
#17563 = LINE('',#17564,#17565);
#17564 = CARTESIAN_POINT('',(1.843237734058,0.));
#17565 = VECTOR('',#17566,1.);
#17566 = DIRECTION('',(0.,1.));
#17567 = ( GEOMETRIC_REPRESENTATION_CONTEXT(2) 
PARAMETRIC_REPRESENTATION_CONTEXT() REPRESENTATION_CONTEXT('2D SPACE',''
  ) );
#17568 = ORIENTED_EDGE('',*,*,#364,.T.);
#17569 = ADVANCED_FACE('',(#17570),#474,.T.);
#17570 = FACE_BOUND('',#17571,.T.);
#17571 = EDGE_LOOP('',(#17572,#17573,#17574,#17595,#17596));
#17572 = ORIENTED_EDGE('',*,*,#17548,.F.);
#17573 = ORIENTED_EDGE('',*,*,#1034,.T.);
#17574 = ORIENTED_EDGE('',*,*,#17575,.T.);
#17575 = EDGE_CURVE('',#989,#594,#17576,.T.);
#17576 = SURFACE_CURVE('',#17577,(#17581,#17588),.PCURVE_S1.);
#17577 = LINE('',#17578,#17579);
#17578 = CARTESIAN_POINT('',(-10.6,20.436623123888,4.914887501749));
#17579 = VECTOR('',#17580,1.);
#17580 = DIRECTION('',(-1.,0.,0.));
#17581 = PCURVE('',#474,#17582);
#17582 = DEFINITIONAL_REPRESENTATION('',(#17583),#17587);
#17583 = LINE('',#17584,#17585);
#17584 = CARTESIAN_POINT('',(2.8534668099,0.));
#17585 = VECTOR('',#17586,1.);
#17586 = DIRECTION('',(0.,1.));
#17587 = ( GEOMETRIC_REPRESENTATION_CONTEXT(2) 
PARAMETRIC_REPRESENTATION_CONTEXT() REPRESENTATION_CONTEXT('2D SPACE',''
  ) );
#17588 = PCURVE('',#634,#17589);
#17589 = DEFINITIONAL_REPRESENTATION('',(#17590),#17594);
#17590 = LINE('',#17591,#17592);
#17591 = CARTESIAN_POINT('',(2.85346685598,0.));
#17592 = VECTOR('',#17593,1.);
#17593 = DIRECTION('',(0.,1.));
#17594 = ( GEOMETRIC_REPRESENTATION_CONTEXT(2) 
PARAMETRIC_REPRESENTATION_CONTEXT() REPRESENTATION_CONTEXT('2D SPACE',''
  ) );
#17595 = ORIENTED_EDGE('',*,*,#593,.T.);
#17596 = ORIENTED_EDGE('',*,*,#437,.F.);
#17597 = ADVANCED_FACE('',(#17598),#634,.T.);
#17598 = FACE_BOUND('',#17599,.T.);
#17599 = EDGE_LOOP('',(#17600,#17601,#17602,#17603));
#17600 = ORIENTED_EDGE('',*,*,#1201,.T.);
#17601 = ORIENTED_EDGE('',*,*,#617,.T.);
#17602 = ORIENTED_EDGE('',*,*,#17575,.F.);
#17603 = ORIENTED_EDGE('',*,*,#988,.T.);
#17604 = ADVANCED_FACE('',(#17605),#9327,.F.);
#17605 = FACE_BOUND('',#17606,.T.);
#17606 = EDGE_LOOP('',(#17607,#17608,#17631,#17659));
#17607 = ORIENTED_EDGE('',*,*,#9309,.T.);
#17608 = ORIENTED_EDGE('',*,*,#17609,.F.);
#17609 = EDGE_CURVE('',#17610,#9312,#17612,.T.);
#17610 = VERTEX_POINT('',#17611);
#17611 = CARTESIAN_POINT('',(-6.602471196649,13.94341014227,10.5));
#17612 = SURFACE_CURVE('',#17613,(#17617,#17624),.PCURVE_S1.);
#17613 = LINE('',#17614,#17615);
#17614 = CARTESIAN_POINT('',(-6.602471196649,13.94341014227,10.5));
#17615 = VECTOR('',#17616,1.);
#17616 = DIRECTION('',(0.,0.,-1.));
#17617 = PCURVE('',#9327,#17618);
#17618 = DEFINITIONAL_REPRESENTATION('',(#17619),#17623);
#17619 = LINE('',#17620,#17621);
#17620 = CARTESIAN_POINT('',(-0.377491721764,0.));
#17621 = VECTOR('',#17622,1.);
#17622 = DIRECTION('',(0.,-1.));
#17623 = ( GEOMETRIC_REPRESENTATION_CONTEXT(2) 
PARAMETRIC_REPRESENTATION_CONTEXT() REPRESENTATION_CONTEXT('2D SPACE',''
  ) );
#17624 = PCURVE('',#9468,#17625);
#17625 = DEFINITIONAL_REPRESENTATION('',(#17626),#17630);
#17626 = LINE('',#17627,#17628);
#17627 = CARTESIAN_POINT('',(1.442354464599,0.));
#17628 = VECTOR('',#17629,1.);
#17629 = DIRECTION('',(0.,1.));
#17630 = ( GEOMETRIC_REPRESENTATION_CONTEXT(2) 
PARAMETRIC_REPRESENTATION_CONTEXT() REPRESENTATION_CONTEXT('2D SPACE',''
  ) );
#17631 = ORIENTED_EDGE('',*,*,#17632,.F.);
#17632 = EDGE_CURVE('',#17633,#17610,#17635,.T.);
#17633 = VERTEX_POINT('',#17634);
#17634 = CARTESIAN_POINT('',(-6.228088995811,13.991762677838,10.5));
#17635 = SURFACE_CURVE('',#17636,(#17640,#17647),.PCURVE_S1.);
#17636 = LINE('',#17637,#17638);
#17637 = CARTESIAN_POINT('',(-6.228088995811,13.991762677838,10.5));
#17638 = VECTOR('',#17639,1.);
#17639 = DIRECTION('',(-0.991762677838,-0.128088995811,0.));
#17640 = PCURVE('',#9327,#17641);
#17641 = DEFINITIONAL_REPRESENTATION('',(#17642),#17646);
#17642 = LINE('',#17643,#17644);
#17643 = CARTESIAN_POINT('',(0.,0.));
#17644 = VECTOR('',#17645,1.);
#17645 = DIRECTION('',(-1.,0.));
#17646 = ( GEOMETRIC_REPRESENTATION_CONTEXT(2) 
PARAMETRIC_REPRESENTATION_CONTEXT() REPRESENTATION_CONTEXT('2D SPACE',''
  ) );
#17647 = PCURVE('',#17648,#17653);
#17648 = PLANE('',#17649);
#17649 = AXIS2_PLACEMENT_3D('',#17650,#17651,#17652);
#17650 = CARTESIAN_POINT('',(-6.228088995811,13.991762677838,10.5));
#17651 = DIRECTION('',(-9.057259753319E-02,0.701282114827,0.707106781187
    ));
#17652 = DIRECTION('',(9.057259753319E-02,-0.701282114827,0.707106781187
    ));
#17653 = DEFINITIONAL_REPRESENTATION('',(#17654),#17658);
#17654 = LINE('',#17655,#17656);
#17655 = CARTESIAN_POINT('',(0.,0.));
#17656 = VECTOR('',#17657,1.);
#17657 = DIRECTION('',(-1.665334536938E-16,-1.));
#17658 = ( GEOMETRIC_REPRESENTATION_CONTEXT(2) 
PARAMETRIC_REPRESENTATION_CONTEXT() REPRESENTATION_CONTEXT('2D SPACE',''
  ) );
#17659 = ORIENTED_EDGE('',*,*,#17660,.T.);
#17660 = EDGE_CURVE('',#17633,#9310,#17661,.T.);
#17661 = SURFACE_CURVE('',#17662,(#17666,#17673),.PCURVE_S1.);
#17662 = LINE('',#17663,#17664);
#17663 = CARTESIAN_POINT('',(-6.228088995811,13.991762677838,10.5));
#17664 = VECTOR('',#17665,1.);
#17665 = DIRECTION('',(0.,0.,-1.));
#17666 = PCURVE('',#9327,#17667);
#17667 = DEFINITIONAL_REPRESENTATION('',(#17668),#17672);
#17668 = LINE('',#17669,#17670);
#17669 = CARTESIAN_POINT('',(0.,0.));
#17670 = VECTOR('',#17671,1.);
#17671 = DIRECTION('',(0.,-1.));
#17672 = ( GEOMETRIC_REPRESENTATION_CONTEXT(2) 
PARAMETRIC_REPRESENTATION_CONTEXT() REPRESENTATION_CONTEXT('2D SPACE',''
  ) );
#17673 = PCURVE('',#9356,#17674);
#17674 = DEFINITIONAL_REPRESENTATION('',(#17675),#17679);
#17675 = LINE('',#17676,#17677);
#17676 = CARTESIAN_POINT('',(1.442354464599,0.));
#17677 = VECTOR('',#17678,1.);
#17678 = DIRECTION('',(0.,1.));
#17679 = ( GEOMETRIC_REPRESENTATION_CONTEXT(2) 
PARAMETRIC_REPRESENTATION_CONTEXT() REPRESENTATION_CONTEXT('2D SPACE',''
  ) );
#17680 = ADVANCED_FACE('',(#17681),#9468,.T.);
#17681 = FACE_BOUND('',#17682,.T.);
#17682 = EDGE_LOOP('',(#17683,#17684,#17707,#17734));
#17683 = ORIENTED_EDGE('',*,*,#9453,.T.);
#17684 = ORIENTED_EDGE('',*,*,#17685,.F.);
#17685 = EDGE_CURVE('',#17686,#9426,#17688,.T.);
#17686 = VERTEX_POINT('',#17687);
#17687 = CARTESIAN_POINT('',(-7.115769973223,12.639287419308,10.5));
#17688 = SURFACE_CURVE('',#17689,(#17693,#17700),.PCURVE_S1.);
#17689 = LINE('',#17690,#17691);
#17690 = CARTESIAN_POINT('',(-7.115769973223,12.639287419308,10.5));
#17691 = VECTOR('',#17692,1.);
#17692 = DIRECTION('',(0.,0.,-1.));
#17693 = PCURVE('',#9468,#17694);
#17694 = DEFINITIONAL_REPRESENTATION('',(#17695),#17699);
#17695 = LINE('',#17696,#17697);
#17696 = CARTESIAN_POINT('',(-0.692405701089,0.));
#17697 = VECTOR('',#17698,1.);
#17698 = DIRECTION('',(0.,1.));
#17699 = ( GEOMETRIC_REPRESENTATION_CONTEXT(2) 
PARAMETRIC_REPRESENTATION_CONTEXT() REPRESENTATION_CONTEXT('2D SPACE',''
  ) );
#17700 = PCURVE('',#9441,#17701);
#17701 = DEFINITIONAL_REPRESENTATION('',(#17702),#17706);
#17702 = LINE('',#17703,#17704);
#17703 = CARTESIAN_POINT('',(-7.630563977431E-14,0.));
#17704 = VECTOR('',#17705,1.);
#17705 = DIRECTION('',(0.,-1.));
#17706 = ( GEOMETRIC_REPRESENTATION_CONTEXT(2) 
PARAMETRIC_REPRESENTATION_CONTEXT() REPRESENTATION_CONTEXT('2D SPACE',''
  ) );
#17707 = ORIENTED_EDGE('',*,*,#17708,.F.);
#17708 = EDGE_CURVE('',#17610,#17686,#17709,.T.);
#17709 = SURFACE_CURVE('',#17710,(#17715,#17722),.PCURVE_S1.);
#17710 = CIRCLE('',#17711,0.8);
#17711 = AXIS2_PLACEMENT_3D('',#17712,#17713,#17714);
#17712 = CARTESIAN_POINT('',(-6.5,13.15,10.5));
#17713 = DIRECTION('',(0.,0.,1.));
#17714 = DIRECTION('',(1.,0.,-0.));
#17715 = PCURVE('',#9468,#17716);
#17716 = DEFINITIONAL_REPRESENTATION('',(#17717),#17721);
#17717 = LINE('',#17718,#17719);
#17718 = CARTESIAN_POINT('',(3.14159265359,0.));
#17719 = VECTOR('',#17720,1.);
#17720 = DIRECTION('',(-1.,0.));
#17721 = ( GEOMETRIC_REPRESENTATION_CONTEXT(2) 
PARAMETRIC_REPRESENTATION_CONTEXT() REPRESENTATION_CONTEXT('2D SPACE',''
  ) );
#17722 = PCURVE('',#17723,#17728);
#17723 = CONICAL_SURFACE('',#17724,0.8,0.785398163397);
#17724 = AXIS2_PLACEMENT_3D('',#17725,#17726,#17727);
#17725 = CARTESIAN_POINT('',(-6.5,13.15,10.5));
#17726 = DIRECTION('',(0.,0.,-1.));
#17727 = DIRECTION('',(1.,0.,0.));
#17728 = DEFINITIONAL_REPRESENTATION('',(#17729),#17733);
#17729 = LINE('',#17730,#17731);
#17730 = CARTESIAN_POINT('',(6.28318530718,3.64813660816E-16));
#17731 = VECTOR('',#17732,1.);
#17732 = DIRECTION('',(-1.,-1.820242221418E-16));
#17733 = ( GEOMETRIC_REPRESENTATION_CONTEXT(2) 
PARAMETRIC_REPRESENTATION_CONTEXT() REPRESENTATION_CONTEXT('2D SPACE',''
  ) );
#17734 = ORIENTED_EDGE('',*,*,#17609,.T.);
#17735 = ADVANCED_FACE('',(#17736),#9441,.F.);
#17736 = FACE_BOUND('',#17737,.T.);
#17737 = EDGE_LOOP('',(#17738,#17739,#17762,#17788));
#17738 = ORIENTED_EDGE('',*,*,#9425,.T.);
#17739 = ORIENTED_EDGE('',*,*,#17740,.F.);
#17740 = EDGE_CURVE('',#17741,#9397,#17743,.T.);
#17741 = VERTEX_POINT('',#17742);
#17742 = CARTESIAN_POINT('',(-6.207884986612,11.544643709654,10.5));
#17743 = SURFACE_CURVE('',#17744,(#17748,#17755),.PCURVE_S1.);
#17744 = LINE('',#17745,#17746);
#17745 = CARTESIAN_POINT('',(-6.207884986612,11.544643709654,10.5));
#17746 = VECTOR('',#17747,1.);
#17747 = DIRECTION('',(0.,0.,-1.));
#17748 = PCURVE('',#9441,#17749);
#17749 = DEFINITIONAL_REPRESENTATION('',(#17750),#17754);
#17750 = LINE('',#17751,#17752);
#17751 = CARTESIAN_POINT('',(-1.422146265333,0.));
#17752 = VECTOR('',#17753,1.);
#17753 = DIRECTION('',(0.,-1.));
#17754 = ( GEOMETRIC_REPRESENTATION_CONTEXT(2) 
PARAMETRIC_REPRESENTATION_CONTEXT() REPRESENTATION_CONTEXT('2D SPACE',''
  ) );
#17755 = PCURVE('',#9413,#17756);
#17756 = DEFINITIONAL_REPRESENTATION('',(#17757),#17761);
#17757 = LINE('',#17758,#17759);
#17758 = CARTESIAN_POINT('',(5.59077960609,0.));
#17759 = VECTOR('',#17760,1.);
#17760 = DIRECTION('',(0.,1.));
#17761 = ( GEOMETRIC_REPRESENTATION_CONTEXT(2) 
PARAMETRIC_REPRESENTATION_CONTEXT() REPRESENTATION_CONTEXT('2D SPACE',''
  ) );
#17762 = ORIENTED_EDGE('',*,*,#17763,.F.);
#17763 = EDGE_CURVE('',#17686,#17741,#17764,.T.);
#17764 = SURFACE_CURVE('',#17765,(#17769,#17776),.PCURVE_S1.);
#17765 = LINE('',#17766,#17767);
#17766 = CARTESIAN_POINT('',(-7.115769973223,12.639287419308,10.5));
#17767 = VECTOR('',#17768,1.);
#17768 = DIRECTION('',(0.638390725865,-0.769712466529,0.));
#17769 = PCURVE('',#9441,#17770);
#17770 = DEFINITIONAL_REPRESENTATION('',(#17771),#17775);
#17771 = LINE('',#17772,#17773);
#17772 = CARTESIAN_POINT('',(0.,0.));
#17773 = VECTOR('',#17774,1.);
#17774 = DIRECTION('',(-1.,0.));
#17775 = ( GEOMETRIC_REPRESENTATION_CONTEXT(2) 
PARAMETRIC_REPRESENTATION_CONTEXT() REPRESENTATION_CONTEXT('2D SPACE',''
  ) );
#17776 = PCURVE('',#17777,#17782);
#17777 = PLANE('',#17778);
#17778 = AXIS2_PLACEMENT_3D('',#17779,#17780,#17781);
#17779 = CARTESIAN_POINT('',(-7.115769973223,12.639287419308,10.5));
#17780 = DIRECTION('',(-0.544268904646,-0.451410411306,0.707106781187));
#17781 = DIRECTION('',(0.544268904646,0.451410411306,0.707106781187));
#17782 = DEFINITIONAL_REPRESENTATION('',(#17783),#17787);
#17783 = LINE('',#17784,#17785);
#17784 = CARTESIAN_POINT('',(0.,0.));
#17785 = VECTOR('',#17786,1.);
#17786 = DIRECTION('',(1.665334536938E-16,-1.));
#17787 = ( GEOMETRIC_REPRESENTATION_CONTEXT(2) 
PARAMETRIC_REPRESENTATION_CONTEXT() REPRESENTATION_CONTEXT('2D SPACE',''
  ) );
#17788 = ORIENTED_EDGE('',*,*,#17685,.T.);
#17789 = ADVANCED_FACE('',(#17790),#9413,.T.);
#17790 = FACE_BOUND('',#17791,.T.);
#17791 = EDGE_LOOP('',(#17792,#17793,#17816,#17843));
#17792 = ORIENTED_EDGE('',*,*,#9396,.T.);
#17793 = ORIENTED_EDGE('',*,*,#17794,.F.);
#17794 = EDGE_CURVE('',#17795,#9369,#17797,.T.);
#17795 = VERTEX_POINT('',#17796);
#17796 = CARTESIAN_POINT('',(-5.524334965051,11.662610839158,10.5));
#17797 = SURFACE_CURVE('',#17798,(#17802,#17809),.PCURVE_S1.);
#17798 = LINE('',#17799,#17800);
#17799 = CARTESIAN_POINT('',(-5.524334965051,11.662610839158,10.5));
#17800 = VECTOR('',#17801,1.);
#17801 = DIRECTION('',(0.,0.,-1.));
#17802 = PCURVE('',#9413,#17803);
#17803 = DEFINITIONAL_REPRESENTATION('',(#17804),#17808);
#17804 = LINE('',#17805,#17806);
#17805 = CARTESIAN_POINT('',(3.492204933413,0.));
#17806 = VECTOR('',#17807,1.);
#17807 = DIRECTION('',(0.,1.));
#17808 = ( GEOMETRIC_REPRESENTATION_CONTEXT(2) 
PARAMETRIC_REPRESENTATION_CONTEXT() REPRESENTATION_CONTEXT('2D SPACE',''
  ) );
#17809 = PCURVE('',#9384,#17810);
#17810 = DEFINITIONAL_REPRESENTATION('',(#17811),#17815);
#17811 = LINE('',#17812,#17813);
#17812 = CARTESIAN_POINT('',(0.,0.));
#17813 = VECTOR('',#17814,1.);
#17814 = DIRECTION('',(-0.,-1.));
#17815 = ( GEOMETRIC_REPRESENTATION_CONTEXT(2) 
PARAMETRIC_REPRESENTATION_CONTEXT() REPRESENTATION_CONTEXT('2D SPACE',''
  ) );
#17816 = ORIENTED_EDGE('',*,*,#17817,.F.);
#17817 = EDGE_CURVE('',#17741,#17795,#17818,.T.);
#17818 = SURFACE_CURVE('',#17819,(#17824,#17831),.PCURVE_S1.);
#17819 = CIRCLE('',#17820,0.4);
#17820 = AXIS2_PLACEMENT_3D('',#17821,#17822,#17823);
#17821 = CARTESIAN_POINT('',(-5.9,11.8,10.5));
#17822 = DIRECTION('',(0.,0.,1.));
#17823 = DIRECTION('',(1.,0.,-0.));
#17824 = PCURVE('',#9413,#17825);
#17825 = DEFINITIONAL_REPRESENTATION('',(#17826),#17830);
#17826 = LINE('',#17827,#17828);
#17827 = CARTESIAN_POINT('',(9.424777960769,0.));
#17828 = VECTOR('',#17829,1.);
#17829 = DIRECTION('',(-1.,0.));
#17830 = ( GEOMETRIC_REPRESENTATION_CONTEXT(2) 
PARAMETRIC_REPRESENTATION_CONTEXT() REPRESENTATION_CONTEXT('2D SPACE',''
  ) );
#17831 = PCURVE('',#17832,#17837);
#17832 = CONICAL_SURFACE('',#17833,0.4,0.785398163397);
#17833 = AXIS2_PLACEMENT_3D('',#17834,#17835,#17836);
#17834 = CARTESIAN_POINT('',(-5.9,11.8,10.5));
#17835 = DIRECTION('',(0.,0.,-1.));
#17836 = DIRECTION('',(1.,0.,0.));
#17837 = DEFINITIONAL_REPRESENTATION('',(#17838),#17842);
#17838 = LINE('',#17839,#17840);
#17839 = CARTESIAN_POINT('',(6.28318530718,4.019246190403E-16));
#17840 = VECTOR('',#17841,1.);
#17841 = DIRECTION('',(-1.,-3.967775268186E-17));
#17842 = ( GEOMETRIC_REPRESENTATION_CONTEXT(2) 
PARAMETRIC_REPRESENTATION_CONTEXT() REPRESENTATION_CONTEXT('2D SPACE',''
  ) );
#17843 = ORIENTED_EDGE('',*,*,#17740,.T.);
#17844 = ADVANCED_FACE('',(#17845),#9384,.F.);
#17845 = FACE_BOUND('',#17846,.T.);
#17846 = EDGE_LOOP('',(#17847,#17848,#17871,#17897));
#17847 = ORIENTED_EDGE('',*,*,#9368,.T.);
#17848 = ORIENTED_EDGE('',*,*,#17849,.F.);
#17849 = EDGE_CURVE('',#17850,#9340,#17852,.T.);
#17850 = VERTEX_POINT('',#17851);
#17851 = CARTESIAN_POINT('',(-5.160837412628,12.656527097895,10.5));
#17852 = SURFACE_CURVE('',#17853,(#17857,#17864),.PCURVE_S1.);
#17853 = LINE('',#17854,#17855);
#17854 = CARTESIAN_POINT('',(-5.160837412628,12.656527097895,10.5));
#17855 = VECTOR('',#17856,1.);
#17856 = DIRECTION('',(0.,0.,-1.));
#17857 = PCURVE('',#9384,#17858);
#17858 = DEFINITIONAL_REPRESENTATION('',(#17859),#17863);
#17859 = LINE('',#17860,#17861);
#17860 = CARTESIAN_POINT('',(-1.058300524426,0.));
#17861 = VECTOR('',#17862,1.);
#17862 = DIRECTION('',(-0.,-1.));
#17863 = ( GEOMETRIC_REPRESENTATION_CONTEXT(2) 
PARAMETRIC_REPRESENTATION_CONTEXT() REPRESENTATION_CONTEXT('2D SPACE',''
  ) );
#17864 = PCURVE('',#9356,#17865);
#17865 = DEFINITIONAL_REPRESENTATION('',(#17866),#17870);
#17866 = LINE('',#17867,#17868);
#17867 = CARTESIAN_POINT('',(3.492204933413,0.));
#17868 = VECTOR('',#17869,1.);
#17869 = DIRECTION('',(0.,1.));
#17870 = ( GEOMETRIC_REPRESENTATION_CONTEXT(2) 
PARAMETRIC_REPRESENTATION_CONTEXT() REPRESENTATION_CONTEXT('2D SPACE',''
  ) );
#17871 = ORIENTED_EDGE('',*,*,#17872,.F.);
#17872 = EDGE_CURVE('',#17795,#17850,#17873,.T.);
#17873 = SURFACE_CURVE('',#17874,(#17878,#17885),.PCURVE_S1.);
#17874 = LINE('',#17875,#17876);
#17875 = CARTESIAN_POINT('',(-5.524334965051,11.662610839158,10.5));
#17876 = VECTOR('',#17877,1.);
#17877 = DIRECTION('',(0.343472902105,0.939162587372,0.));
#17878 = PCURVE('',#9384,#17879);
#17879 = DEFINITIONAL_REPRESENTATION('',(#17880),#17884);
#17880 = LINE('',#17881,#17882);
#17881 = CARTESIAN_POINT('',(0.,0.));
#17882 = VECTOR('',#17883,1.);
#17883 = DIRECTION('',(-1.,0.));
#17884 = ( GEOMETRIC_REPRESENTATION_CONTEXT(2) 
PARAMETRIC_REPRESENTATION_CONTEXT() REPRESENTATION_CONTEXT('2D SPACE',''
  ) );
#17885 = PCURVE('',#17886,#17891);
#17886 = PLANE('',#17887);
#17887 = AXIS2_PLACEMENT_3D('',#17888,#17889,#17890);
#17888 = CARTESIAN_POINT('',(-5.524334965051,11.662610839158,10.5));
#17889 = DIRECTION('',(0.664088234168,-0.242872018232,0.707106781187));
#17890 = DIRECTION('',(-0.664088234168,0.242872018232,0.707106781187));
#17891 = DEFINITIONAL_REPRESENTATION('',(#17892),#17896);
#17892 = LINE('',#17893,#17894);
#17893 = CARTESIAN_POINT('',(0.,0.));
#17894 = VECTOR('',#17895,1.);
#17895 = DIRECTION('',(-2.775557561563E-16,-1.));
#17896 = ( GEOMETRIC_REPRESENTATION_CONTEXT(2) 
PARAMETRIC_REPRESENTATION_CONTEXT() REPRESENTATION_CONTEXT('2D SPACE',''
  ) );
#17897 = ORIENTED_EDGE('',*,*,#17794,.T.);
#17898 = ADVANCED_FACE('',(#17899),#9356,.T.);
#17899 = FACE_BOUND('',#17900,.T.);
#17900 = EDGE_LOOP('',(#17901,#17902,#17903,#17930));
#17901 = ORIENTED_EDGE('',*,*,#9339,.T.);
#17902 = ORIENTED_EDGE('',*,*,#17660,.F.);
#17903 = ORIENTED_EDGE('',*,*,#17904,.F.);
#17904 = EDGE_CURVE('',#17850,#17633,#17905,.T.);
#17905 = SURFACE_CURVE('',#17906,(#17911,#17918),.PCURVE_S1.);
#17906 = CIRCLE('',#17907,1.);
#17907 = AXIS2_PLACEMENT_3D('',#17908,#17909,#17910);
#17908 = CARTESIAN_POINT('',(-6.1,13.,10.5));
#17909 = DIRECTION('',(0.,0.,1.));
#17910 = DIRECTION('',(1.,0.,-0.));
#17911 = PCURVE('',#9356,#17912);
#17912 = DEFINITIONAL_REPRESENTATION('',(#17913),#17917);
#17913 = LINE('',#17914,#17915);
#17914 = CARTESIAN_POINT('',(9.424777960769,0.));
#17915 = VECTOR('',#17916,1.);
#17916 = DIRECTION('',(-1.,0.));
#17917 = ( GEOMETRIC_REPRESENTATION_CONTEXT(2) 
PARAMETRIC_REPRESENTATION_CONTEXT() REPRESENTATION_CONTEXT('2D SPACE',''
  ) );
#17918 = PCURVE('',#17919,#17924);
#17919 = CONICAL_SURFACE('',#17920,1.,0.785398163397);
#17920 = AXIS2_PLACEMENT_3D('',#17921,#17922,#17923);
#17921 = CARTESIAN_POINT('',(-6.1,13.,10.5));
#17922 = DIRECTION('',(0.,0.,-1.));
#17923 = DIRECTION('',(1.,0.,0.));
#17924 = DEFINITIONAL_REPRESENTATION('',(#17925),#17929);
#17925 = LINE('',#17926,#17927);
#17926 = CARTESIAN_POINT('',(12.566370614359,-5.875901583404E-18));
#17927 = VECTOR('',#17928,1.);
#17928 = DIRECTION('',(-1.,-2.708058566992E-17));
#17929 = ( GEOMETRIC_REPRESENTATION_CONTEXT(2) 
PARAMETRIC_REPRESENTATION_CONTEXT() REPRESENTATION_CONTEXT('2D SPACE',''
  ) );
#17930 = ORIENTED_EDGE('',*,*,#17849,.T.);
#17931 = ADVANCED_FACE('',(#17932),#62,.F.);
#17932 = FACE_BOUND('',#17933,.T.);
#17933 = EDGE_LOOP('',(#17934,#17957,#17978,#17979));
#17934 = ORIENTED_EDGE('',*,*,#17935,.F.);
#17935 = EDGE_CURVE('',#17936,#9122,#17938,.T.);
#17936 = VERTEX_POINT('',#17937);
#17937 = CARTESIAN_POINT('',(-2.8,8.8,10.864734603858));
#17938 = SURFACE_CURVE('',#17939,(#17943,#17950),.PCURVE_S1.);
#17939 = LINE('',#17940,#17941);
#17940 = CARTESIAN_POINT('',(-2.8,8.8,10.9));
#17941 = VECTOR('',#17942,1.);
#17942 = DIRECTION('',(0.,0.,-1.));
#17943 = PCURVE('',#62,#17944);
#17944 = DEFINITIONAL_REPRESENTATION('',(#17945),#17949);
#17945 = LINE('',#17946,#17947);
#17946 = CARTESIAN_POINT('',(0.,-1.644141192149));
#17947 = VECTOR('',#17948,1.);
#17948 = DIRECTION('',(1.,0.));
#17949 = ( GEOMETRIC_REPRESENTATION_CONTEXT(2) 
PARAMETRIC_REPRESENTATION_CONTEXT() REPRESENTATION_CONTEXT('2D SPACE',''
  ) );
#17950 = PCURVE('',#9138,#17951);
#17951 = DEFINITIONAL_REPRESENTATION('',(#17952),#17956);
#17952 = LINE('',#17953,#17954);
#17953 = CARTESIAN_POINT('',(6.28318530718,0.));
#17954 = VECTOR('',#17955,1.);
#17955 = DIRECTION('',(0.,1.));
#17956 = ( GEOMETRIC_REPRESENTATION_CONTEXT(2) 
PARAMETRIC_REPRESENTATION_CONTEXT() REPRESENTATION_CONTEXT('2D SPACE',''
  ) );
#17957 = ORIENTED_EDGE('',*,*,#17958,.T.);
#17958 = EDGE_CURVE('',#17936,#40,#17959,.T.);
#17959 = SURFACE_CURVE('',#17960,(#17964,#17971),.PCURVE_S1.);
#17960 = LINE('',#17961,#17962);
#17961 = CARTESIAN_POINT('',(-2.8,10.388533531049,10.584633282574));
#17962 = VECTOR('',#17963,1.);
#17963 = DIRECTION('',(0.,0.984807753012,-0.173648177667));
#17964 = PCURVE('',#62,#17965);
#17965 = DEFINITIONAL_REPRESENTATION('',(#17966),#17970);
#17966 = LINE('',#17967,#17968);
#17967 = CARTESIAN_POINT('',(0.315366717426,-5.56076610996E-02));
#17968 = VECTOR('',#17969,1.);
#17969 = DIRECTION('',(0.173648177667,0.984807753012));
#17970 = ( GEOMETRIC_REPRESENTATION_CONTEXT(2) 
PARAMETRIC_REPRESENTATION_CONTEXT() REPRESENTATION_CONTEXT('2D SPACE',''
  ) );
#17971 = PCURVE('',#113,#17972);
#17972 = DEFINITIONAL_REPRESENTATION('',(#17973),#17977);
#17973 = LINE('',#17974,#17975);
#17974 = CARTESIAN_POINT('',(1.816124543678,0.2));
#17975 = VECTOR('',#17976,1.);
#17976 = DIRECTION('',(1.,0.));
#17977 = ( GEOMETRIC_REPRESENTATION_CONTEXT(2) 
PARAMETRIC_REPRESENTATION_CONTEXT() REPRESENTATION_CONTEXT('2D SPACE',''
  ) );
#17978 = ORIENTED_EDGE('',*,*,#39,.T.);
#17979 = ORIENTED_EDGE('',*,*,#9150,.T.);
#17980 = ADVANCED_FACE('',(#17981),#9138,.T.);
#17981 = FACE_BOUND('',#17982,.T.);
#17982 = EDGE_LOOP('',(#17983,#18006,#18050,#18051));
#17983 = ORIENTED_EDGE('',*,*,#17984,.F.);
#17984 = EDGE_CURVE('',#17985,#9094,#17987,.T.);
#17985 = VERTEX_POINT('',#17986);
#17986 = CARTESIAN_POINT('',(-2.6,8.6,10.9));
#17987 = SURFACE_CURVE('',#17988,(#17992,#17999),.PCURVE_S1.);
#17988 = LINE('',#17989,#17990);
#17989 = CARTESIAN_POINT('',(-2.6,8.6,10.9));
#17990 = VECTOR('',#17991,1.);
#17991 = DIRECTION('',(0.,0.,-1.));
#17992 = PCURVE('',#9138,#17993);
#17993 = DEFINITIONAL_REPRESENTATION('',(#17994),#17998);
#17994 = LINE('',#17995,#17996);
#17995 = CARTESIAN_POINT('',(4.712388980385,0.));
#17996 = VECTOR('',#17997,1.);
#17997 = DIRECTION('',(0.,1.));
#17998 = ( GEOMETRIC_REPRESENTATION_CONTEXT(2) 
PARAMETRIC_REPRESENTATION_CONTEXT() REPRESENTATION_CONTEXT('2D SPACE',''
  ) );
#17999 = PCURVE('',#9109,#18000);
#18000 = DEFINITIONAL_REPRESENTATION('',(#18001),#18005);
#18001 = LINE('',#18002,#18003);
#18002 = CARTESIAN_POINT('',(0.,0.));
#18003 = VECTOR('',#18004,1.);
#18004 = DIRECTION('',(-1.,0.));
#18005 = ( GEOMETRIC_REPRESENTATION_CONTEXT(2) 
PARAMETRIC_REPRESENTATION_CONTEXT() REPRESENTATION_CONTEXT('2D SPACE',''
  ) );
#18006 = ORIENTED_EDGE('',*,*,#18007,.T.);
#18007 = EDGE_CURVE('',#17985,#17936,#18008,.T.);
#18008 = SURFACE_CURVE('',#18009,(#18014,#18043),.PCURVE_S1.);
#18009 = ELLIPSE('',#18010,0.203085322377,0.2);
#18010 = AXIS2_PLACEMENT_3D('',#18011,#18012,#18013);
#18011 = CARTESIAN_POINT('',(-2.6,8.8,10.864734603858));
#18012 = DIRECTION('',(0.,-0.173648177667,-0.984807753012));
#18013 = DIRECTION('',(0.,0.984807753012,-0.173648177667));
#18014 = PCURVE('',#9138,#18015);
#18015 = DEFINITIONAL_REPRESENTATION('',(#18016),#18042);
#18016 = B_SPLINE_CURVE_WITH_KNOTS('',3,(#18017,#18018,#18019,#18020,
    #18021,#18022,#18023,#18024,#18025,#18026,#18027,#18028,#18029,
    #18030,#18031,#18032,#18033,#18034,#18035,#18036,#18037,#18038,
    #18039,#18040,#18041),.UNSPECIFIED.,.F.,.F.,(4,1,1,1,1,1,1,1,1,1,1,1
    ,1,1,1,1,1,1,1,1,1,1,4),(3.14159265359,3.212992486626,3.284392319662
    ,3.355792152698,3.427191985734,3.49859181877,3.569991651807,
    3.641391484843,3.712791317879,3.784191150915,3.855590983951,
    3.926990816987,3.998390650023,4.06979048306,4.141190316096,
    4.212590149132,4.283989982168,4.355389815204,4.42678964824,
    4.498189481276,4.569589314312,4.640989147349,4.712388980385),
  .QUASI_UNIFORM_KNOTS.);
#18017 = CARTESIAN_POINT('',(4.712388980385,7.105427357601E-15));
#18018 = CARTESIAN_POINT('',(4.73618892473,-7.605177623461E-08));
#18019 = CARTESIAN_POINT('',(4.783788813421,5.998767141779E-05));
#18020 = CARTESIAN_POINT('',(4.855188646457,3.292703532997E-04));
#18021 = CARTESIAN_POINT('',(4.926588479493,7.76636220744E-04));
#18022 = CARTESIAN_POINT('',(4.997988312529,1.399733711403E-03));
#18023 = CARTESIAN_POINT('',(5.069388145565,2.195406925732E-03));
#18024 = CARTESIAN_POINT('',(5.140787978601,3.159596134066E-03));
#18025 = CARTESIAN_POINT('',(5.212187811638,4.287389432188E-03));
#18026 = CARTESIAN_POINT('',(5.283587644674,5.573039473399E-03));
#18027 = CARTESIAN_POINT('',(5.35498747771,7.009994979077E-03));
#18028 = CARTESIAN_POINT('',(5.426387310746,8.590933526735E-03));
#18029 = CARTESIAN_POINT('',(5.497787143782,1.030779902307E-02));
#18030 = CARTESIAN_POINT('',(5.569186976818,1.215184271308E-02));
#18031 = CARTESIAN_POINT('',(5.640586809854,1.41136677735E-02));
#18032 = CARTESIAN_POINT('',(5.711986642891,1.618327719276E-02));
#18033 = CARTESIAN_POINT('',(5.783386475927,1.835012471801E-02));
#18034 = CARTESIAN_POINT('',(5.854786308963,2.060316858226E-02));
#18035 = CARTESIAN_POINT('',(5.926186141999,2.293092782284E-02));
#18036 = CARTESIAN_POINT('',(5.997585975035,2.532154059123E-02));
#18037 = CARTESIAN_POINT('',(6.068985808071,2.776282532429E-02));
#18038 = CARTESIAN_POINT('',(6.140385641107,3.024234010946E-02));
#18039 = CARTESIAN_POINT('',(6.211785474143,3.274745619677E-02));
#18040 = CARTESIAN_POINT('',(6.259385362834,3.442607514424E-02));
#18041 = CARTESIAN_POINT('',(6.28318530718,3.52653961417E-02));
#18042 = ( GEOMETRIC_REPRESENTATION_CONTEXT(2) 
PARAMETRIC_REPRESENTATION_CONTEXT() REPRESENTATION_CONTEXT('2D SPACE',''
  ) );
#18043 = PCURVE('',#113,#18044);
#18044 = DEFINITIONAL_REPRESENTATION('',(#18045),#18049);
#18045 = ELLIPSE('',#18046,0.203085322377,0.2);
#18046 = AXIS2_PLACEMENT_2D('',#18047,#18048);
#18047 = CARTESIAN_POINT('',(0.203085322377,0.4));
#18048 = DIRECTION('',(1.,0.));
#18049 = ( GEOMETRIC_REPRESENTATION_CONTEXT(2) 
PARAMETRIC_REPRESENTATION_CONTEXT() REPRESENTATION_CONTEXT('2D SPACE',''
  ) );
#18050 = ORIENTED_EDGE('',*,*,#17935,.T.);
#18051 = ORIENTED_EDGE('',*,*,#9121,.T.);
#18052 = ADVANCED_FACE('',(#18053),#9109,.F.);
#18053 = FACE_BOUND('',#18054,.T.);
#18054 = EDGE_LOOP('',(#18055,#18056,#18079,#18100));
#18055 = ORIENTED_EDGE('',*,*,#9093,.T.);
#18056 = ORIENTED_EDGE('',*,*,#18057,.F.);
#18057 = EDGE_CURVE('',#18058,#9063,#18060,.T.);
#18058 = VERTEX_POINT('',#18059);
#18059 = CARTESIAN_POINT('',(-1.108017130405,8.6,10.9));
#18060 = SURFACE_CURVE('',#18061,(#18065,#18072),.PCURVE_S1.);
#18061 = LINE('',#18062,#18063);
#18062 = CARTESIAN_POINT('',(-1.108017130405,8.6,10.9));
#18063 = VECTOR('',#18064,1.);
#18064 = DIRECTION('',(0.,0.,-1.));
#18065 = PCURVE('',#9109,#18066);
#18066 = DEFINITIONAL_REPRESENTATION('',(#18067),#18071);
#18067 = LINE('',#18068,#18069);
#18068 = CARTESIAN_POINT('',(0.,1.491982869595));
#18069 = VECTOR('',#18070,1.);
#18070 = DIRECTION('',(-1.,0.));
#18071 = ( GEOMETRIC_REPRESENTATION_CONTEXT(2) 
PARAMETRIC_REPRESENTATION_CONTEXT() REPRESENTATION_CONTEXT('2D SPACE',''
  ) );
#18072 = PCURVE('',#9081,#18073);
#18073 = DEFINITIONAL_REPRESENTATION('',(#18074),#18078);
#18074 = LINE('',#18075,#18076);
#18075 = CARTESIAN_POINT('',(4.712388980385,0.));
#18076 = VECTOR('',#18077,1.);
#18077 = DIRECTION('',(0.,1.));
#18078 = ( GEOMETRIC_REPRESENTATION_CONTEXT(2) 
PARAMETRIC_REPRESENTATION_CONTEXT() REPRESENTATION_CONTEXT('2D SPACE',''
  ) );
#18079 = ORIENTED_EDGE('',*,*,#18080,.F.);
#18080 = EDGE_CURVE('',#17985,#18058,#18081,.T.);
#18081 = SURFACE_CURVE('',#18082,(#18086,#18093),.PCURVE_S1.);
#18082 = LINE('',#18083,#18084);
#18083 = CARTESIAN_POINT('',(-2.6,8.6,10.9));
#18084 = VECTOR('',#18085,1.);
#18085 = DIRECTION('',(1.,0.,0.));
#18086 = PCURVE('',#9109,#18087);
#18087 = DEFINITIONAL_REPRESENTATION('',(#18088),#18092);
#18088 = LINE('',#18089,#18090);
#18089 = CARTESIAN_POINT('',(0.,0.));
#18090 = VECTOR('',#18091,1.);
#18091 = DIRECTION('',(0.,1.));
#18092 = ( GEOMETRIC_REPRESENTATION_CONTEXT(2) 
PARAMETRIC_REPRESENTATION_CONTEXT() REPRESENTATION_CONTEXT('2D SPACE',''
  ) );
#18093 = PCURVE('',#113,#18094);
#18094 = DEFINITIONAL_REPRESENTATION('',(#18095),#18099);
#18095 = LINE('',#18096,#18097);
#18096 = CARTESIAN_POINT('',(0.,0.4));
#18097 = VECTOR('',#18098,1.);
#18098 = DIRECTION('',(0.,1.));
#18099 = ( GEOMETRIC_REPRESENTATION_CONTEXT(2) 
PARAMETRIC_REPRESENTATION_CONTEXT() REPRESENTATION_CONTEXT('2D SPACE',''
  ) );
#18100 = ORIENTED_EDGE('',*,*,#17984,.T.);
#18101 = ADVANCED_FACE('',(#18102),#9081,.T.);
#18102 = FACE_BOUND('',#18103,.T.);
#18103 = EDGE_LOOP('',(#18104,#18127,#18171,#18172));
#18104 = ORIENTED_EDGE('',*,*,#18105,.F.);
#18105 = EDGE_CURVE('',#18106,#9065,#18108,.T.);
#18106 = VERTEX_POINT('',#18107);
#18107 = CARTESIAN_POINT('',(-0.914831965148,8.748236190979,
    10.873861960013));
#18108 = SURFACE_CURVE('',#18109,(#18113,#18120),.PCURVE_S1.);
#18109 = LINE('',#18110,#18111);
#18110 = CARTESIAN_POINT('',(-0.914831965148,8.748236190979,10.9));
#18111 = VECTOR('',#18112,1.);
#18112 = DIRECTION('',(0.,0.,-1.));
#18113 = PCURVE('',#9081,#18114);
#18114 = DEFINITIONAL_REPRESENTATION('',(#18115),#18119);
#18115 = LINE('',#18116,#18117);
#18116 = CARTESIAN_POINT('',(3.403392041389,0.));
#18117 = VECTOR('',#18118,1.);
#18118 = DIRECTION('',(0.,1.));
#18119 = ( GEOMETRIC_REPRESENTATION_CONTEXT(2) 
PARAMETRIC_REPRESENTATION_CONTEXT() REPRESENTATION_CONTEXT('2D SPACE',''
  ) );
#18120 = PCURVE('',#9295,#18121);
#18121 = DEFINITIONAL_REPRESENTATION('',(#18122),#18126);
#18122 = LINE('',#18123,#18124);
#18123 = CARTESIAN_POINT('',(0.,0.));
#18124 = VECTOR('',#18125,1.);
#18125 = DIRECTION('',(-0.,-1.));
#18126 = ( GEOMETRIC_REPRESENTATION_CONTEXT(2) 
PARAMETRIC_REPRESENTATION_CONTEXT() REPRESENTATION_CONTEXT('2D SPACE',''
  ) );
#18127 = ORIENTED_EDGE('',*,*,#18128,.T.);
#18128 = EDGE_CURVE('',#18106,#18058,#18129,.T.);
#18129 = SURFACE_CURVE('',#18130,(#18135,#18164),.PCURVE_S1.);
#18130 = ELLIPSE('',#18131,0.203085322377,0.2);
#18131 = AXIS2_PLACEMENT_3D('',#18132,#18133,#18134);
#18132 = CARTESIAN_POINT('',(-1.108017130405,8.8,10.864734603858));
#18133 = DIRECTION('',(0.,-0.173648177667,-0.984807753012));
#18134 = DIRECTION('',(0.,0.984807753012,-0.173648177667));
#18135 = PCURVE('',#9081,#18136);
#18136 = DEFINITIONAL_REPRESENTATION('',(#18137),#18163);
#18137 = B_SPLINE_CURVE_WITH_KNOTS('',3,(#18138,#18139,#18140,#18141,
    #18142,#18143,#18144,#18145,#18146,#18147,#18148,#18149,#18150,
    #18151,#18152,#18153,#18154,#18155,#18156,#18157,#18158,#18159,
    #18160,#18161,#18162),.UNSPECIFIED.,.F.,.F.,(4,1,1,1,1,1,1,1,1,1,1,1
    ,1,1,1,1,1,1,1,1,1,1,4),(1.832595714594,1.892095575458,
    1.951595436321,2.011095297184,2.070595158048,2.130095018911,
    2.189594879775,2.249094740638,2.308594601502,2.368094462365,
    2.427594323228,2.487094184092,2.546594044955,2.606093905819,
    2.665593766682,2.725093627546,2.784593488409,2.844093349273,
    2.903593210136,2.963093070999,3.022592931863,3.082092792726,
    3.14159265359),.QUASI_UNIFORM_KNOTS.);
#18138 = CARTESIAN_POINT('',(3.403392041389,2.613803998714E-02));
#18139 = CARTESIAN_POINT('',(3.423225328343,2.546243167978E-02));
#18140 = CARTESIAN_POINT('',(3.462891902252,2.412203111086E-02));
#18141 = CARTESIAN_POINT('',(3.522391763116,2.215083509075E-02));
#18142 = CARTESIAN_POINT('',(3.581891623979,2.022606299718E-02));
#18143 = CARTESIAN_POINT('',(3.641391484843,1.835451553251E-02));
#18144 = CARTESIAN_POINT('',(3.700891345706,1.654281951986E-02));
#18145 = CARTESIAN_POINT('',(3.76039120657,1.479738607342E-02));
#18146 = CARTESIAN_POINT('',(3.819891067433,1.312439283215E-02));
#18147 = CARTESIAN_POINT('',(3.879390928297,1.152976077664E-02));
#18148 = CARTESIAN_POINT('',(3.93889078916,1.001913362711E-02));
#18149 = CARTESIAN_POINT('',(3.998390650023,8.59785777449E-03));
#18150 = CARTESIAN_POINT('',(4.057890510887,7.270963384026E-03));
#18151 = CARTESIAN_POINT('',(4.11739037175,6.043146585374E-03));
#18152 = CARTESIAN_POINT('',(4.176890232614,4.918752855397E-03));
#18153 = CARTESIAN_POINT('',(4.236390093477,3.901761632704E-03));
#18154 = CARTESIAN_POINT('',(4.295889954341,2.995772254421E-03));
#18155 = CARTESIAN_POINT('',(4.355389815204,2.203991140347E-03));
#18156 = CARTESIAN_POINT('',(4.414889676067,1.529220732587E-03));
#18157 = CARTESIAN_POINT('',(4.474389536931,9.738485032357E-04));
#18158 = CARTESIAN_POINT('',(4.533889397794,5.398425126187E-04));
#18159 = CARTESIAN_POINT('',(4.593389258658,2.287294861422E-04));
#18160 = CARTESIAN_POINT('',(4.652889119521,4.164523419282E-05));
#18161 = CARTESIAN_POINT('',(4.69255569343,-3.672392237192E-08));
#18162 = CARTESIAN_POINT('',(4.712388980385,7.105427357601E-15));
#18163 = ( GEOMETRIC_REPRESENTATION_CONTEXT(2) 
PARAMETRIC_REPRESENTATION_CONTEXT() REPRESENTATION_CONTEXT('2D SPACE',''
  ) );
#18164 = PCURVE('',#113,#18165);
#18165 = DEFINITIONAL_REPRESENTATION('',(#18166),#18170);
#18166 = ELLIPSE('',#18167,0.203085322377,0.2);
#18167 = AXIS2_PLACEMENT_2D('',#18168,#18169);
#18168 = CARTESIAN_POINT('',(0.203085322377,1.891982869595));
#18169 = DIRECTION('',(1.,0.));
#18170 = ( GEOMETRIC_REPRESENTATION_CONTEXT(2) 
PARAMETRIC_REPRESENTATION_CONTEXT() REPRESENTATION_CONTEXT('2D SPACE',''
  ) );
#18171 = ORIENTED_EDGE('',*,*,#18057,.T.);
#18172 = ORIENTED_EDGE('',*,*,#9062,.T.);
#18173 = ADVANCED_FACE('',(#18174),#9295,.F.);
#18174 = FACE_BOUND('',#18175,.T.);
#18175 = EDGE_LOOP('',(#18176,#18199,#18220,#18221));
#18176 = ORIENTED_EDGE('',*,*,#18177,.F.);
#18177 = EDGE_CURVE('',#18178,#9253,#18180,.T.);
#18178 = VERTEX_POINT('',#18179);
#18179 = CARTESIAN_POINT('',(-0.754368113924,9.347095436524,
    10.768266917377));
#18180 = SURFACE_CURVE('',#18181,(#18185,#18192),.PCURVE_S1.);
#18181 = LINE('',#18182,#18183);
#18182 = CARTESIAN_POINT('',(-0.754368113924,9.347095436524,10.9));
#18183 = VECTOR('',#18184,1.);
#18184 = DIRECTION('',(0.,0.,-1.));
#18185 = PCURVE('',#9295,#18186);
#18186 = DEFINITIONAL_REPRESENTATION('',(#18187),#18191);
#18187 = LINE('',#18188,#18189);
#18188 = CARTESIAN_POINT('',(-0.619984712331,0.));
#18189 = VECTOR('',#18190,1.);
#18190 = DIRECTION('',(-0.,-1.));
#18191 = ( GEOMETRIC_REPRESENTATION_CONTEXT(2) 
PARAMETRIC_REPRESENTATION_CONTEXT() REPRESENTATION_CONTEXT('2D SPACE',''
  ) );
#18192 = PCURVE('',#9269,#18193);
#18193 = DEFINITIONAL_REPRESENTATION('',(#18194),#18198);
#18194 = LINE('',#18195,#18196);
#18195 = CARTESIAN_POINT('',(3.403392041389,0.));
#18196 = VECTOR('',#18197,1.);
#18197 = DIRECTION('',(0.,1.));
#18198 = ( GEOMETRIC_REPRESENTATION_CONTEXT(2) 
PARAMETRIC_REPRESENTATION_CONTEXT() REPRESENTATION_CONTEXT('2D SPACE',''
  ) );
#18199 = ORIENTED_EDGE('',*,*,#18200,.T.);
#18200 = EDGE_CURVE('',#18178,#18106,#18201,.T.);
#18201 = SURFACE_CURVE('',#18202,(#18206,#18213),.PCURVE_S1.);
#18202 = LINE('',#18203,#18204);
#18203 = CARTESIAN_POINT('',(-0.915951693926,8.744057306286,
    10.874598810134));
#18204 = VECTOR('',#18205,1.);
#18205 = DIRECTION('',(-0.255144817821,-0.952213423396,0.167900917937));
#18206 = PCURVE('',#9295,#18207);
#18207 = DEFINITIONAL_REPRESENTATION('',(#18208),#18212);
#18208 = LINE('',#18209,#18210);
#18209 = CARTESIAN_POINT('',(4.326299783861E-03,-2.54011898664E-02));
#18210 = VECTOR('',#18211,1.);
#18211 = DIRECTION('',(0.985803875908,0.167900917937));
#18212 = ( GEOMETRIC_REPRESENTATION_CONTEXT(2) 
PARAMETRIC_REPRESENTATION_CONTEXT() REPRESENTATION_CONTEXT('2D SPACE',''
  ) );
#18213 = PCURVE('',#113,#18214);
#18214 = DEFINITIONAL_REPRESENTATION('',(#18215),#18219);
#18215 = LINE('',#18216,#18217);
#18216 = CARTESIAN_POINT('',(0.146279622439,2.084048306074));
#18217 = VECTOR('',#18218,1.);
#18218 = DIRECTION('',(-0.966902850311,-0.255144817821));
#18219 = ( GEOMETRIC_REPRESENTATION_CONTEXT(2) 
PARAMETRIC_REPRESENTATION_CONTEXT() REPRESENTATION_CONTEXT('2D SPACE',''
  ) );
#18220 = ORIENTED_EDGE('',*,*,#18105,.T.);
#18221 = ORIENTED_EDGE('',*,*,#9281,.T.);
#18222 = ADVANCED_FACE('',(#18223),#9269,.T.);
#18223 = FACE_BOUND('',#18224,.T.);
#18224 = EDGE_LOOP('',(#18225,#18248,#18292,#18293));
#18225 = ORIENTED_EDGE('',*,*,#18226,.F.);
#18226 = EDGE_CURVE('',#18227,#9225,#18229,.T.);
#18227 = VERTEX_POINT('',#18228);
#18228 = CARTESIAN_POINT('',(-0.872072930905,9.670486763342,
    10.711244301132));
#18229 = SURFACE_CURVE('',#18230,(#18234,#18241),.PCURVE_S1.);
#18230 = LINE('',#18231,#18232);
#18231 = CARTESIAN_POINT('',(-0.872072930905,9.670486763342,10.9));
#18232 = VECTOR('',#18233,1.);
#18233 = DIRECTION('',(0.,0.,-1.));
#18234 = PCURVE('',#9269,#18235);
#18235 = DEFINITIONAL_REPRESENTATION('',(#18236),#18240);
#18236 = LINE('',#18237,#18238);
#18237 = CARTESIAN_POINT('',(2.181661564993,0.));
#18238 = VECTOR('',#18239,1.);
#18239 = DIRECTION('',(0.,1.));
#18240 = ( GEOMETRIC_REPRESENTATION_CONTEXT(2) 
PARAMETRIC_REPRESENTATION_CONTEXT() REPRESENTATION_CONTEXT('2D SPACE',''
  ) );
#18241 = PCURVE('',#9240,#18242);
#18242 = DEFINITIONAL_REPRESENTATION('',(#18243),#18247);
#18243 = LINE('',#18244,#18245);
#18244 = CARTESIAN_POINT('',(0.,0.));
#18245 = VECTOR('',#18246,1.);
#18246 = DIRECTION('',(0.,-1.));
#18247 = ( GEOMETRIC_REPRESENTATION_CONTEXT(2) 
PARAMETRIC_REPRESENTATION_CONTEXT() REPRESENTATION_CONTEXT('2D SPACE',''
  ) );
#18248 = ORIENTED_EDGE('',*,*,#18249,.T.);
#18249 = EDGE_CURVE('',#18227,#18178,#18250,.T.);
#18250 = SURFACE_CURVE('',#18251,(#18256,#18285),.PCURVE_S1.);
#18251 = ELLIPSE('',#18252,0.304627983566,0.3);
#18252 = AXIS2_PLACEMENT_3D('',#18253,#18254,#18255);
#18253 = CARTESIAN_POINT('',(-1.044145861811,9.424741150055,
    10.754575883145));
#18254 = DIRECTION('',(0.,-0.173648177667,-0.984807753012));
#18255 = DIRECTION('',(0.,0.984807753012,-0.173648177667));
#18256 = PCURVE('',#9269,#18257);
#18257 = DEFINITIONAL_REPRESENTATION('',(#18258),#18284);
#18258 = B_SPLINE_CURVE_WITH_KNOTS('',3,(#18259,#18260,#18261,#18262,
    #18263,#18264,#18265,#18266,#18267,#18268,#18269,#18270,#18271,
    #18272,#18273,#18274,#18275,#18276,#18277,#18278,#18279,#18280,
    #18281,#18282,#18283),.UNSPECIFIED.,.F.,.F.,(4,1,1,1,1,1,1,1,1,1,1,1
    ,1,1,1,1,1,1,1,1,1,1,4),(0.610865238198,0.666398441671,
    0.721931645143,0.777464848616,0.832998052088,0.888531255561,
    0.944064459033,0.999597662506,1.055130865978,1.110664069451,
    1.166197272923,1.221730476396,1.277263679869,1.332796883341,
    1.388330086814,1.443863290286,1.499396493759,1.554929697231,
    1.610462900704,1.665996104176,1.721529307649,1.777062511121,
    1.832595714594),.QUASI_UNIFORM_KNOTS.);
#18259 = CARTESIAN_POINT('',(2.181661564993,0.188755698868));
#18260 = CARTESIAN_POINT('',(2.200172632817,0.188194085355));
#18261 = CARTESIAN_POINT('',(2.237194768465,0.187026189916));
#18262 = CARTESIAN_POINT('',(2.292727971938,0.185146172364));
#18263 = CARTESIAN_POINT('',(2.348261175411,0.183143661657));
#18264 = CARTESIAN_POINT('',(2.403794378883,0.181024862673));
#18265 = CARTESIAN_POINT('',(2.459327582356,0.178796299709));
#18266 = CARTESIAN_POINT('',(2.514860785828,0.17646484596));
#18267 = CARTESIAN_POINT('',(2.570393989301,0.174037689041));
#18268 = CARTESIAN_POINT('',(2.625927192773,0.171522312387));
#18269 = CARTESIAN_POINT('',(2.681460396246,0.168926471223));
#18270 = CARTESIAN_POINT('',(2.736993599718,0.166258168914));
#18271 = CARTESIAN_POINT('',(2.792526803191,0.163525632216));
#18272 = CARTESIAN_POINT('',(2.848060006663,0.160737285937));
#18273 = CARTESIAN_POINT('',(2.903593210136,0.157901726949));
#18274 = CARTESIAN_POINT('',(2.959126413609,0.155027697689));
#18275 = CARTESIAN_POINT('',(3.014659617081,0.152124059207));
#18276 = CARTESIAN_POINT('',(3.070192820554,0.149199763828));
#18277 = CARTESIAN_POINT('',(3.125726024026,0.146263827616));
#18278 = CARTESIAN_POINT('',(3.181259227499,0.143325302338));
#18279 = CARTESIAN_POINT('',(3.236792430971,0.140393248441));
#18280 = CARTESIAN_POINT('',(3.292325634444,0.137476703823));
#18281 = CARTESIAN_POINT('',(3.347858837916,0.134584668249));
#18282 = CARTESIAN_POINT('',(3.384880973565,0.132678909268));
#18283 = CARTESIAN_POINT('',(3.403392041389,0.131733082623));
#18284 = ( GEOMETRIC_REPRESENTATION_CONTEXT(2) 
PARAMETRIC_REPRESENTATION_CONTEXT() REPRESENTATION_CONTEXT('2D SPACE',''
  ) );
#18285 = PCURVE('',#113,#18286);
#18286 = DEFINITIONAL_REPRESENTATION('',(#18287),#18291);
#18287 = ELLIPSE('',#18288,0.304627983566,0.3);
#18288 = AXIS2_PLACEMENT_2D('',#18289,#18290);
#18289 = CARTESIAN_POINT('',(0.837464111683,1.955854138189));
#18290 = DIRECTION('',(1.,0.));
#18291 = ( GEOMETRIC_REPRESENTATION_CONTEXT(2) 
PARAMETRIC_REPRESENTATION_CONTEXT() REPRESENTATION_CONTEXT('2D SPACE',''
  ) );
#18292 = ORIENTED_EDGE('',*,*,#18177,.T.);
#18293 = ORIENTED_EDGE('',*,*,#9252,.T.);
#18294 = ADVANCED_FACE('',(#18295),#9240,.F.);
#18295 = FACE_BOUND('',#18296,.T.);
#18296 = EDGE_LOOP('',(#18297,#18320,#18341,#18342));
#18297 = ORIENTED_EDGE('',*,*,#18298,.F.);
#18298 = EDGE_CURVE('',#18299,#9196,#18301,.T.);
#18299 = VERTEX_POINT('',#18300);
#18300 = CARTESIAN_POINT('',(-2.327927069095,10.689886805436,
    10.531496569575));
#18301 = SURFACE_CURVE('',#18302,(#18306,#18313),.PCURVE_S1.);
#18302 = LINE('',#18303,#18304);
#18303 = CARTESIAN_POINT('',(-2.327927069095,10.689886805436,10.9));
#18304 = VECTOR('',#18305,1.);
#18305 = DIRECTION('',(0.,0.,-1.));
#18306 = PCURVE('',#9240,#18307);
#18307 = DEFINITIONAL_REPRESENTATION('',(#18308),#18312);
#18308 = LINE('',#18309,#18310);
#18309 = CARTESIAN_POINT('',(-1.777269736845,0.));
#18310 = VECTOR('',#18311,1.);
#18311 = DIRECTION('',(0.,-1.));
#18312 = ( GEOMETRIC_REPRESENTATION_CONTEXT(2) 
PARAMETRIC_REPRESENTATION_CONTEXT() REPRESENTATION_CONTEXT('2D SPACE',''
  ) );
#18313 = PCURVE('',#9212,#18314);
#18314 = DEFINITIONAL_REPRESENTATION('',(#18315),#18319);
#18315 = LINE('',#18316,#18317);
#18316 = CARTESIAN_POINT('',(2.181661564993,0.));
#18317 = VECTOR('',#18318,1.);
#18318 = DIRECTION('',(0.,1.));
#18319 = ( GEOMETRIC_REPRESENTATION_CONTEXT(2) 
PARAMETRIC_REPRESENTATION_CONTEXT() REPRESENTATION_CONTEXT('2D SPACE',''
  ) );
#18320 = ORIENTED_EDGE('',*,*,#18321,.T.);
#18321 = EDGE_CURVE('',#18299,#18227,#18322,.T.);
#18322 = SURFACE_CURVE('',#18323,(#18327,#18334),.PCURVE_S1.);
#18323 = LINE('',#18324,#18325);
#18324 = CARTESIAN_POINT('',(-0.856593500889,9.659647949757,
    10.713155476405));
#18325 = VECTOR('',#18326,1.);
#18326 = DIRECTION('',(0.814994484644,-0.570665281747,0.100623686126));
#18327 = PCURVE('',#9240,#18328);
#18328 = DEFINITIONAL_REPRESENTATION('',(#18329),#18333);
#18329 = LINE('',#18330,#18331);
#18330 = CARTESIAN_POINT('',(1.889689481211E-02,-0.186844523595));
#18331 = VECTOR('',#18332,1.);
#18332 = DIRECTION('',(0.994924556834,0.100623686126));
#18333 = ( GEOMETRIC_REPRESENTATION_CONTEXT(2) 
PARAMETRIC_REPRESENTATION_CONTEXT() REPRESENTATION_CONTEXT('2D SPACE',''
  ) );
#18334 = PCURVE('',#113,#18335);
#18335 = DEFINITIONAL_REPRESENTATION('',(#18336),#18340);
#18336 = LINE('',#18337,#18338);
#18337 = CARTESIAN_POINT('',(1.075994727414,2.143406499111));
#18338 = VECTOR('',#18339,1.);
#18339 = DIRECTION('',(-0.579468713565,0.814994484644));
#18340 = ( GEOMETRIC_REPRESENTATION_CONTEXT(2) 
PARAMETRIC_REPRESENTATION_CONTEXT() REPRESENTATION_CONTEXT('2D SPACE',''
  ) );
#18341 = ORIENTED_EDGE('',*,*,#18226,.T.);
#18342 = ORIENTED_EDGE('',*,*,#9224,.T.);
#18343 = ADVANCED_FACE('',(#18344),#9212,.T.);
#18344 = FACE_BOUND('',#18345,.T.);
#18345 = EDGE_LOOP('',(#18346,#18369,#18413,#18414));
#18346 = ORIENTED_EDGE('',*,*,#18347,.F.);
#18347 = EDGE_CURVE('',#18348,#9173,#18350,.T.);
#18348 = VERTEX_POINT('',#18349);
#18349 = CARTESIAN_POINT('',(-2.343359422738,10.7,10.529713340512));
#18350 = SURFACE_CURVE('',#18351,(#18355,#18362),.PCURVE_S1.);
#18351 = LINE('',#18352,#18353);
#18352 = CARTESIAN_POINT('',(-2.343359422738,10.7,10.9));
#18353 = VECTOR('',#18354,1.);
#18354 = DIRECTION('',(0.,0.,-1.));
#18355 = PCURVE('',#9212,#18356);
#18356 = DEFINITIONAL_REPRESENTATION('',(#18357),#18361);
#18357 = LINE('',#18358,#18359);
#18358 = CARTESIAN_POINT('',(2.120149000058,0.));
#18359 = VECTOR('',#18360,1.);
#18360 = DIRECTION('',(0.,1.));
#18361 = ( GEOMETRIC_REPRESENTATION_CONTEXT(2) 
PARAMETRIC_REPRESENTATION_CONTEXT() REPRESENTATION_CONTEXT('2D SPACE',''
  ) );
#18362 = PCURVE('',#141,#18363);
#18363 = DEFINITIONAL_REPRESENTATION('',(#18364),#18368);
#18364 = LINE('',#18365,#18366);
#18365 = CARTESIAN_POINT('',(-0.370286659488,0.656640577262));
#18366 = VECTOR('',#18367,1.);
#18367 = DIRECTION('',(1.,0.));
#18368 = ( GEOMETRIC_REPRESENTATION_CONTEXT(2) 
PARAMETRIC_REPRESENTATION_CONTEXT() REPRESENTATION_CONTEXT('2D SPACE',''
  ) );
#18369 = ORIENTED_EDGE('',*,*,#18370,.T.);
#18370 = EDGE_CURVE('',#18348,#18299,#18371,.T.);
#18371 = SURFACE_CURVE('',#18372,(#18377,#18406),.PCURVE_S1.);
#18372 = ELLIPSE('',#18373,0.304627983566,0.3);
#18373 = AXIS2_PLACEMENT_3D('',#18374,#18375,#18376);
#18374 = CARTESIAN_POINT('',(-2.5,10.444141192149,10.574828151588));
#18375 = DIRECTION('',(0.,-0.173648177667,-0.984807753012));
#18376 = DIRECTION('',(0.,0.984807753012,-0.173648177667));
#18377 = PCURVE('',#9212,#18378);
#18378 = DEFINITIONAL_REPRESENTATION('',(#18379),#18405);
#18379 = B_SPLINE_CURVE_WITH_KNOTS('',3,(#18380,#18381,#18382,#18383,
    #18384,#18385,#18386,#18387,#18388,#18389,#18390,#18391,#18392,
    #18393,#18394,#18395,#18396,#18397,#18398,#18399,#18400,#18401,
    #18402,#18403,#18404),.UNSPECIFIED.,.F.,.F.,(4,1,1,1,1,1,1,1,1,1,1,1
    ,1,1,1,1,1,1,1,1,1,1,4),(0.549352673263,0.552148698942,
    0.554944724621,0.5577407503,0.560536775979,0.563332801658,
    0.566128827336,0.568924853015,0.571720878694,0.574516904373,
    0.577312930052,0.580108955731,0.58290498141,0.585701007088,
    0.588497032767,0.591293058446,0.594089084125,0.596885109804,
    0.599681135483,0.602477161161,0.60527318684,0.608069212519,
    0.610865238198),.QUASI_UNIFORM_KNOTS.);
#18380 = CARTESIAN_POINT('',(2.120149000058,0.370286659488));
#18381 = CARTESIAN_POINT('',(2.121081008618,0.370260917449));
#18382 = CARTESIAN_POINT('',(2.122945025737,0.370209315805));
#18383 = CARTESIAN_POINT('',(2.125741051416,0.370131561247));
#18384 = CARTESIAN_POINT('',(2.128537077095,0.370053455205));
#18385 = CARTESIAN_POINT('',(2.131333102774,0.36997499829));
#18386 = CARTESIAN_POINT('',(2.134129128453,0.369896191114));
#18387 = CARTESIAN_POINT('',(2.136925154131,0.369817034295));
#18388 = CARTESIAN_POINT('',(2.13972117981,0.369737528451));
#18389 = CARTESIAN_POINT('',(2.142517205489,0.369657674203));
#18390 = CARTESIAN_POINT('',(2.145313231168,0.369577472176));
#18391 = CARTESIAN_POINT('',(2.148109256847,0.369496922996));
#18392 = CARTESIAN_POINT('',(2.150905282526,0.369416027294));
#18393 = CARTESIAN_POINT('',(2.153701308204,0.369334785702));
#18394 = CARTESIAN_POINT('',(2.156497333883,0.369253198855));
#18395 = CARTESIAN_POINT('',(2.159293359562,0.369171267391));
#18396 = CARTESIAN_POINT('',(2.162089385241,0.36908899195));
#18397 = CARTESIAN_POINT('',(2.16488541092,0.369006373176));
#18398 = CARTESIAN_POINT('',(2.167681436599,0.368923411714));
#18399 = CARTESIAN_POINT('',(2.170477462278,0.368840108213));
#18400 = CARTESIAN_POINT('',(2.173273487956,0.368756463324));
#18401 = CARTESIAN_POINT('',(2.176069513635,0.368672477702));
#18402 = CARTESIAN_POINT('',(2.178865539314,0.368588152002));
#18403 = CARTESIAN_POINT('',(2.180729556433,0.36853170859));
#18404 = CARTESIAN_POINT('',(2.181661564993,0.368503430425));
#18405 = ( GEOMETRIC_REPRESENTATION_CONTEXT(2) 
PARAMETRIC_REPRESENTATION_CONTEXT() REPRESENTATION_CONTEXT('2D SPACE',''
  ) );
#18406 = PCURVE('',#113,#18407);
#18407 = DEFINITIONAL_REPRESENTATION('',(#18408),#18412);
#18408 = ELLIPSE('',#18409,0.304627983566,0.3);
#18409 = AXIS2_PLACEMENT_2D('',#18410,#18411);
#18410 = CARTESIAN_POINT('',(1.872590042583,0.5));
#18411 = DIRECTION('',(1.,0.));
#18412 = ( GEOMETRIC_REPRESENTATION_CONTEXT(2) 
PARAMETRIC_REPRESENTATION_CONTEXT() REPRESENTATION_CONTEXT('2D SPACE',''
  ) );
#18413 = ORIENTED_EDGE('',*,*,#18298,.T.);
#18414 = ORIENTED_EDGE('',*,*,#9195,.T.);
#18415 = ADVANCED_FACE('',(#18416),#141,.F.);
#18416 = FACE_BOUND('',#18417,.T.);
#18417 = EDGE_LOOP('',(#18418,#18439,#18440,#18441));
#18418 = ORIENTED_EDGE('',*,*,#18419,.T.);
#18419 = EDGE_CURVE('',#75,#18348,#18420,.T.);
#18420 = SURFACE_CURVE('',#18421,(#18425,#18432),.PCURVE_S1.);
#18421 = LINE('',#18422,#18423);
#18422 = CARTESIAN_POINT('',(-3.,10.7,10.529713340512));
#18423 = VECTOR('',#18424,1.);
#18424 = DIRECTION('',(1.,0.,0.));
#18425 = PCURVE('',#141,#18426);
#18426 = DEFINITIONAL_REPRESENTATION('',(#18427),#18431);
#18427 = LINE('',#18428,#18429);
#18428 = CARTESIAN_POINT('',(0.,0.));
#18429 = VECTOR('',#18430,1.);
#18430 = DIRECTION('',(0.,1.));
#18431 = ( GEOMETRIC_REPRESENTATION_CONTEXT(2) 
PARAMETRIC_REPRESENTATION_CONTEXT() REPRESENTATION_CONTEXT('2D SPACE',''
  ) );
#18432 = PCURVE('',#113,#18433);
#18433 = DEFINITIONAL_REPRESENTATION('',(#18434),#18438);
#18434 = LINE('',#18435,#18436);
#18435 = CARTESIAN_POINT('',(2.13239588496,0.));
#18436 = VECTOR('',#18437,1.);
#18437 = DIRECTION('',(0.,1.));
#18438 = ( GEOMETRIC_REPRESENTATION_CONTEXT(2) 
PARAMETRIC_REPRESENTATION_CONTEXT() REPRESENTATION_CONTEXT('2D SPACE',''
  ) );
#18439 = ORIENTED_EDGE('',*,*,#18347,.T.);
#18440 = ORIENTED_EDGE('',*,*,#9172,.F.);
#18441 = ORIENTED_EDGE('',*,*,#125,.F.);
#18442 = ADVANCED_FACE('',(#18443),#113,.F.);
#18443 = FACE_BOUND('',#18444,.T.);
#18444 = EDGE_LOOP('',(#18445,#18446,#18447,#18448,#18449,#18450,#18451,
    #18452,#18453,#18454));
#18445 = ORIENTED_EDGE('',*,*,#18200,.F.);
#18446 = ORIENTED_EDGE('',*,*,#18249,.F.);
#18447 = ORIENTED_EDGE('',*,*,#18321,.F.);
#18448 = ORIENTED_EDGE('',*,*,#18370,.F.);
#18449 = ORIENTED_EDGE('',*,*,#18419,.F.);
#18450 = ORIENTED_EDGE('',*,*,#74,.F.);
#18451 = ORIENTED_EDGE('',*,*,#17958,.F.);
#18452 = ORIENTED_EDGE('',*,*,#18007,.F.);
#18453 = ORIENTED_EDGE('',*,*,#18080,.T.);
#18454 = ORIENTED_EDGE('',*,*,#18128,.F.);
#18455 = ADVANCED_FACE('',(#18456),#17648,.T.);
#18456 = FACE_BOUND('',#18457,.T.);
#18457 = EDGE_LOOP('',(#18458,#18459,#18482,#18510));
#18458 = ORIENTED_EDGE('',*,*,#17632,.T.);
#18459 = ORIENTED_EDGE('',*,*,#18460,.F.);
#18460 = EDGE_CURVE('',#18461,#17610,#18463,.T.);
#18461 = VERTEX_POINT('',#18462);
#18462 = CARTESIAN_POINT('',(-6.564044497905,13.645881338919,10.8));
#18463 = SURFACE_CURVE('',#18464,(#18468,#18475),.PCURVE_S1.);
#18464 = LINE('',#18465,#18466);
#18465 = CARTESIAN_POINT('',(-6.602471196649,13.94341014227,10.5));
#18466 = VECTOR('',#18467,1.);
#18467 = DIRECTION('',(-9.057259753318E-02,0.701282114827,
    -0.707106781187));
#18468 = PCURVE('',#17648,#18469);
#18469 = DEFINITIONAL_REPRESENTATION('',(#18470),#18474);
#18470 = LINE('',#18471,#18472);
#18471 = CARTESIAN_POINT('',(1.46765656288E-14,-0.377491721764));
#18472 = VECTOR('',#18473,1.);
#18473 = DIRECTION('',(-1.,4.056378749823E-15));
#18474 = ( GEOMETRIC_REPRESENTATION_CONTEXT(2) 
PARAMETRIC_REPRESENTATION_CONTEXT() REPRESENTATION_CONTEXT('2D SPACE',''
  ) );
#18475 = PCURVE('',#17723,#18476);
#18476 = DEFINITIONAL_REPRESENTATION('',(#18477),#18481);
#18477 = LINE('',#18478,#18479);
#18478 = CARTESIAN_POINT('',(4.583947118189,-5.848594408597E-15));
#18479 = VECTOR('',#18480,1.);
#18480 = DIRECTION('',(8.881784197001E-15,1.));
#18481 = ( GEOMETRIC_REPRESENTATION_CONTEXT(2) 
PARAMETRIC_REPRESENTATION_CONTEXT() REPRESENTATION_CONTEXT('2D SPACE',''
  ) );
#18482 = ORIENTED_EDGE('',*,*,#18483,.T.);
#18483 = EDGE_CURVE('',#18461,#18484,#18486,.T.);
#18484 = VERTEX_POINT('',#18485);
#18485 = CARTESIAN_POINT('',(-6.189662297068,13.694233874486,10.8));
#18486 = SURFACE_CURVE('',#18487,(#18491,#18498),.PCURVE_S1.);
#18487 = LINE('',#18488,#18489);
#18488 = CARTESIAN_POINT('',(-6.189662297068,13.694233874486,10.8));
#18489 = VECTOR('',#18490,1.);
#18490 = DIRECTION('',(0.991762677838,0.128088995811,0.));
#18491 = PCURVE('',#17648,#18492);
#18492 = DEFINITIONAL_REPRESENTATION('',(#18493),#18497);
#18493 = LINE('',#18494,#18495);
#18494 = CARTESIAN_POINT('',(0.424264068712,-1.411371020055E-15));
#18495 = VECTOR('',#18496,1.);
#18496 = DIRECTION('',(1.665334536938E-16,1.));
#18497 = ( GEOMETRIC_REPRESENTATION_CONTEXT(2) 
PARAMETRIC_REPRESENTATION_CONTEXT() REPRESENTATION_CONTEXT('2D SPACE',''
  ) );
#18498 = PCURVE('',#18499,#18504);
#18499 = PLANE('',#18500);
#18500 = AXIS2_PLACEMENT_3D('',#18501,#18502,#18503);
#18501 = CARTESIAN_POINT('',(-6.5,13.15,10.8));
#18502 = DIRECTION('',(0.,0.,1.));
#18503 = DIRECTION('',(1.,0.,-0.));
#18504 = DEFINITIONAL_REPRESENTATION('',(#18505),#18509);
#18505 = LINE('',#18506,#18507);
#18506 = CARTESIAN_POINT('',(0.310337702932,0.544233874486));
#18507 = VECTOR('',#18508,1.);
#18508 = DIRECTION('',(0.991762677838,0.128088995811));
#18509 = ( GEOMETRIC_REPRESENTATION_CONTEXT(2) 
PARAMETRIC_REPRESENTATION_CONTEXT() REPRESENTATION_CONTEXT('2D SPACE',''
  ) );
#18510 = ORIENTED_EDGE('',*,*,#18511,.T.);
#18511 = EDGE_CURVE('',#18484,#17633,#18512,.T.);
#18512 = SURFACE_CURVE('',#18513,(#18517,#18524),.PCURVE_S1.);
#18513 = LINE('',#18514,#18515);
#18514 = CARTESIAN_POINT('',(-6.228088995811,13.991762677838,10.5));
#18515 = VECTOR('',#18516,1.);
#18516 = DIRECTION('',(-9.057259753319E-02,0.701282114827,
    -0.707106781187));
#18517 = PCURVE('',#17648,#18518);
#18518 = DEFINITIONAL_REPRESENTATION('',(#18519),#18523);
#18519 = LINE('',#18520,#18521);
#18520 = CARTESIAN_POINT('',(0.,0.));
#18521 = VECTOR('',#18522,1.);
#18522 = DIRECTION('',(-1.,4.064709941041E-18));
#18523 = ( GEOMETRIC_REPRESENTATION_CONTEXT(2) 
PARAMETRIC_REPRESENTATION_CONTEXT() REPRESENTATION_CONTEXT('2D SPACE',''
  ) );
#18524 = PCURVE('',#17919,#18525);
#18525 = DEFINITIONAL_REPRESENTATION('',(#18526),#18530);
#18526 = LINE('',#18527,#18528);
#18527 = CARTESIAN_POINT('',(4.583947118189,4.239249638446E-15));
#18528 = VECTOR('',#18529,1.);
#18529 = DIRECTION('',(-2.960594732334E-15,1.));
#18530 = ( GEOMETRIC_REPRESENTATION_CONTEXT(2) 
PARAMETRIC_REPRESENTATION_CONTEXT() REPRESENTATION_CONTEXT('2D SPACE',''
  ) );
#18531 = ADVANCED_FACE('',(#18532),#17723,.T.);
#18532 = FACE_BOUND('',#18533,.T.);
#18533 = EDGE_LOOP('',(#18534,#18535,#18558,#18580));
#18534 = ORIENTED_EDGE('',*,*,#17708,.T.);
#18535 = ORIENTED_EDGE('',*,*,#18536,.F.);
#18536 = EDGE_CURVE('',#18537,#17686,#18539,.T.);
#18537 = VERTEX_POINT('',#18538);
#18538 = CARTESIAN_POINT('',(-6.884856233264,12.830804637068,10.8));
#18539 = SURFACE_CURVE('',#18540,(#18544,#18551),.PCURVE_S1.);
#18540 = LINE('',#18541,#18542);
#18541 = CARTESIAN_POINT('',(-7.115769973223,12.639287419308,10.5));
#18542 = VECTOR('',#18543,1.);
#18543 = DIRECTION('',(-0.544268904646,-0.451410411306,-0.707106781187)
  );
#18544 = PCURVE('',#17723,#18545);
#18545 = DEFINITIONAL_REPRESENTATION('',(#18546),#18550);
#18546 = LINE('',#18547,#18548);
#18547 = CARTESIAN_POINT('',(2.4491869525,1.7899054029E-14));
#18548 = VECTOR('',#18549,1.);
#18549 = DIRECTION('',(1.006602208993E-13,1.));
#18550 = ( GEOMETRIC_REPRESENTATION_CONTEXT(2) 
PARAMETRIC_REPRESENTATION_CONTEXT() REPRESENTATION_CONTEXT('2D SPACE',''
  ) );
#18551 = PCURVE('',#17777,#18552);
#18552 = DEFINITIONAL_REPRESENTATION('',(#18553),#18557);
#18553 = LINE('',#18554,#18555);
#18554 = CARTESIAN_POINT('',(-4.515787904512E-14,-7.740391644245E-14));
#18555 = VECTOR('',#18556,1.);
#18556 = DIRECTION('',(-1.,-1.665334536938E-16));
#18557 = ( GEOMETRIC_REPRESENTATION_CONTEXT(2) 
PARAMETRIC_REPRESENTATION_CONTEXT() REPRESENTATION_CONTEXT('2D SPACE',''
  ) );
#18558 = ORIENTED_EDGE('',*,*,#18559,.F.);
#18559 = EDGE_CURVE('',#18461,#18537,#18560,.T.);
#18560 = SURFACE_CURVE('',#18561,(#18566,#18573),.PCURVE_S1.);
#18561 = CIRCLE('',#18562,0.5);
#18562 = AXIS2_PLACEMENT_3D('',#18563,#18564,#18565);
#18563 = CARTESIAN_POINT('',(-6.5,13.15,10.8));
#18564 = DIRECTION('',(0.,0.,1.));
#18565 = DIRECTION('',(1.,0.,-0.));
#18566 = PCURVE('',#17723,#18567);
#18567 = DEFINITIONAL_REPRESENTATION('',(#18568),#18572);
#18568 = LINE('',#18569,#18570);
#18569 = CARTESIAN_POINT('',(6.28318530718,-0.3));
#18570 = VECTOR('',#18571,1.);
#18571 = DIRECTION('',(-1.,1.654850080501E-16));
#18572 = ( GEOMETRIC_REPRESENTATION_CONTEXT(2) 
PARAMETRIC_REPRESENTATION_CONTEXT() REPRESENTATION_CONTEXT('2D SPACE',''
  ) );
#18573 = PCURVE('',#18499,#18574);
#18574 = DEFINITIONAL_REPRESENTATION('',(#18575),#18579);
#18575 = CIRCLE('',#18576,0.5);
#18576 = AXIS2_PLACEMENT_2D('',#18577,#18578);
#18577 = CARTESIAN_POINT('',(0.,0.));
#18578 = DIRECTION('',(1.,0.));
#18579 = ( GEOMETRIC_REPRESENTATION_CONTEXT(2) 
PARAMETRIC_REPRESENTATION_CONTEXT() REPRESENTATION_CONTEXT('2D SPACE',''
  ) );
#18580 = ORIENTED_EDGE('',*,*,#18460,.T.);
#18581 = ADVANCED_FACE('',(#18582),#17777,.T.);
#18582 = FACE_BOUND('',#18583,.T.);
#18583 = EDGE_LOOP('',(#18584,#18585,#18608,#18629));
#18584 = ORIENTED_EDGE('',*,*,#17763,.T.);
#18585 = ORIENTED_EDGE('',*,*,#18586,.F.);
#18586 = EDGE_CURVE('',#18587,#17741,#18589,.T.);
#18587 = VERTEX_POINT('',#18588);
#18588 = CARTESIAN_POINT('',(-5.976971246653,11.736160927414,10.8));
#18589 = SURFACE_CURVE('',#18590,(#18594,#18601),.PCURVE_S1.);
#18590 = LINE('',#18591,#18592);
#18591 = CARTESIAN_POINT('',(-6.207884986612,11.544643709654,10.5));
#18592 = VECTOR('',#18593,1.);
#18593 = DIRECTION('',(-0.544268904646,-0.451410411306,-0.707106781187)
  );
#18594 = PCURVE('',#17777,#18595);
#18595 = DEFINITIONAL_REPRESENTATION('',(#18596),#18600);
#18596 = LINE('',#18597,#18598);
#18597 = CARTESIAN_POINT('',(-3.281577348599E-14,-1.422146265333));
#18598 = VECTOR('',#18599,1.);
#18599 = DIRECTION('',(-1.,2.775557561563E-15));
#18600 = ( GEOMETRIC_REPRESENTATION_CONTEXT(2) 
PARAMETRIC_REPRESENTATION_CONTEXT() REPRESENTATION_CONTEXT('2D SPACE',''
  ) );
#18601 = PCURVE('',#17832,#18602);
#18602 = DEFINITIONAL_REPRESENTATION('',(#18603),#18607);
#18603 = LINE('',#18604,#18605);
#18604 = CARTESIAN_POINT('',(2.4491869525,9.656068620905E-15));
#18605 = VECTOR('',#18606,1.);
#18606 = DIRECTION('',(5.654735938758E-13,1.));
#18607 = ( GEOMETRIC_REPRESENTATION_CONTEXT(2) 
PARAMETRIC_REPRESENTATION_CONTEXT() REPRESENTATION_CONTEXT('2D SPACE',''
  ) );
#18608 = ORIENTED_EDGE('',*,*,#18609,.T.);
#18609 = EDGE_CURVE('',#18587,#18537,#18610,.T.);
#18610 = SURFACE_CURVE('',#18611,(#18615,#18622),.PCURVE_S1.);
#18611 = LINE('',#18612,#18613);
#18612 = CARTESIAN_POINT('',(-6.884856233264,12.830804637068,10.8));
#18613 = VECTOR('',#18614,1.);
#18614 = DIRECTION('',(-0.638390725865,0.769712466529,0.));
#18615 = PCURVE('',#17777,#18616);
#18616 = DEFINITIONAL_REPRESENTATION('',(#18617),#18621);
#18617 = LINE('',#18618,#18619);
#18618 = CARTESIAN_POINT('',(0.424264068712,-2.109423746788E-15));
#18619 = VECTOR('',#18620,1.);
#18620 = DIRECTION('',(-1.665334536938E-16,1.));
#18621 = ( GEOMETRIC_REPRESENTATION_CONTEXT(2) 
PARAMETRIC_REPRESENTATION_CONTEXT() REPRESENTATION_CONTEXT('2D SPACE',''
  ) );
#18622 = PCURVE('',#18499,#18623);
#18623 = DEFINITIONAL_REPRESENTATION('',(#18624),#18628);
#18624 = LINE('',#18625,#18626);
#18625 = CARTESIAN_POINT('',(-0.384856233264,-0.319195362932));
#18626 = VECTOR('',#18627,1.);
#18627 = DIRECTION('',(-0.638390725865,0.769712466529));
#18628 = ( GEOMETRIC_REPRESENTATION_CONTEXT(2) 
PARAMETRIC_REPRESENTATION_CONTEXT() REPRESENTATION_CONTEXT('2D SPACE',''
  ) );
#18629 = ORIENTED_EDGE('',*,*,#18536,.T.);
#18630 = ADVANCED_FACE('',(#18631),#17832,.T.);
#18631 = FACE_BOUND('',#18632,.T.);
#18632 = EDGE_LOOP('',(#18633,#18634,#18657,#18679));
#18633 = ORIENTED_EDGE('',*,*,#17817,.T.);
#18634 = ORIENTED_EDGE('',*,*,#18635,.F.);
#18635 = EDGE_CURVE('',#18636,#17795,#18638,.T.);
#18636 = VERTEX_POINT('',#18637);
#18637 = CARTESIAN_POINT('',(-5.806083741263,11.765652709789,10.8));
#18638 = SURFACE_CURVE('',#18639,(#18643,#18650),.PCURVE_S1.);
#18639 = LINE('',#18640,#18641);
#18640 = CARTESIAN_POINT('',(-5.524334965051,11.662610839158,10.5));
#18641 = VECTOR('',#18642,1.);
#18642 = DIRECTION('',(0.664088234168,-0.242872018232,-0.707106781187));
#18643 = PCURVE('',#17832,#18644);
#18644 = DEFINITIONAL_REPRESENTATION('',(#18645),#18649);
#18645 = LINE('',#18646,#18647);
#18646 = CARTESIAN_POINT('',(0.350612279824,-7.771957670485E-15));
#18647 = VECTOR('',#18648,1.);
#18648 = DIRECTION('',(1.05378668754E-12,1.));
#18649 = ( GEOMETRIC_REPRESENTATION_CONTEXT(2) 
PARAMETRIC_REPRESENTATION_CONTEXT() REPRESENTATION_CONTEXT('2D SPACE',''
  ) );
#18650 = PCURVE('',#17886,#18651);
#18651 = DEFINITIONAL_REPRESENTATION('',(#18652),#18656);
#18652 = LINE('',#18653,#18654);
#18653 = CARTESIAN_POINT('',(0.,0.));
#18654 = VECTOR('',#18655,1.);
#18655 = DIRECTION('',(-1.,-1.962615573355E-17));
#18656 = ( GEOMETRIC_REPRESENTATION_CONTEXT(2) 
PARAMETRIC_REPRESENTATION_CONTEXT() REPRESENTATION_CONTEXT('2D SPACE',''
  ) );
#18657 = ORIENTED_EDGE('',*,*,#18658,.F.);
#18658 = EDGE_CURVE('',#18587,#18636,#18659,.T.);
#18659 = SURFACE_CURVE('',#18660,(#18665,#18672),.PCURVE_S1.);
#18660 = CIRCLE('',#18661,1.E-01);
#18661 = AXIS2_PLACEMENT_3D('',#18662,#18663,#18664);
#18662 = CARTESIAN_POINT('',(-5.9,11.8,10.8));
#18663 = DIRECTION('',(0.,0.,1.));
#18664 = DIRECTION('',(1.,0.,-0.));
#18665 = PCURVE('',#17832,#18666);
#18666 = DEFINITIONAL_REPRESENTATION('',(#18667),#18671);
#18667 = LINE('',#18668,#18669);
#18668 = CARTESIAN_POINT('',(6.28318530718,-0.3));
#18669 = VECTOR('',#18670,1.);
#18670 = DIRECTION('',(-1.,-1.309299039234E-16));
#18671 = ( GEOMETRIC_REPRESENTATION_CONTEXT(2) 
PARAMETRIC_REPRESENTATION_CONTEXT() REPRESENTATION_CONTEXT('2D SPACE',''
  ) );
#18672 = PCURVE('',#18499,#18673);
#18673 = DEFINITIONAL_REPRESENTATION('',(#18674),#18678);
#18674 = CIRCLE('',#18675,1.E-01);
#18675 = AXIS2_PLACEMENT_2D('',#18676,#18677);
#18676 = CARTESIAN_POINT('',(0.6,-1.35));
#18677 = DIRECTION('',(1.,0.));
#18678 = ( GEOMETRIC_REPRESENTATION_CONTEXT(2) 
PARAMETRIC_REPRESENTATION_CONTEXT() REPRESENTATION_CONTEXT('2D SPACE',''
  ) );
#18679 = ORIENTED_EDGE('',*,*,#18586,.T.);
#18680 = ADVANCED_FACE('',(#18681),#17886,.T.);
#18681 = FACE_BOUND('',#18682,.T.);
#18682 = EDGE_LOOP('',(#18683,#18684,#18707,#18728));
#18683 = ORIENTED_EDGE('',*,*,#17872,.T.);
#18684 = ORIENTED_EDGE('',*,*,#18685,.F.);
#18685 = EDGE_CURVE('',#18686,#17850,#18688,.T.);
#18686 = VERTEX_POINT('',#18687);
#18687 = CARTESIAN_POINT('',(-5.442586188839,12.759568968527,10.8));
#18688 = SURFACE_CURVE('',#18689,(#18693,#18700),.PCURVE_S1.);
#18689 = LINE('',#18690,#18691);
#18690 = CARTESIAN_POINT('',(-5.160837412628,12.656527097895,10.5));
#18691 = VECTOR('',#18692,1.);
#18692 = DIRECTION('',(0.664088234168,-0.242872018232,-0.707106781187));
#18693 = PCURVE('',#17886,#18694);
#18694 = DEFINITIONAL_REPRESENTATION('',(#18695),#18699);
#18695 = LINE('',#18696,#18697);
#18696 = CARTESIAN_POINT('',(-7.598491335798E-15,-1.058300524426));
#18697 = VECTOR('',#18698,1.);
#18698 = DIRECTION('',(-1.,-1.962615573355E-17));
#18699 = ( GEOMETRIC_REPRESENTATION_CONTEXT(2) 
PARAMETRIC_REPRESENTATION_CONTEXT() REPRESENTATION_CONTEXT('2D SPACE',''
  ) );
#18700 = PCURVE('',#17919,#18701);
#18701 = DEFINITIONAL_REPRESENTATION('',(#18702),#18706);
#18702 = LINE('',#18703,#18704);
#18703 = CARTESIAN_POINT('',(6.633797587003,-2.629904868295E-15));
#18704 = VECTOR('',#18705,1.);
#18705 = DIRECTION('',(1.868875424786E-14,1.));
#18706 = ( GEOMETRIC_REPRESENTATION_CONTEXT(2) 
PARAMETRIC_REPRESENTATION_CONTEXT() REPRESENTATION_CONTEXT('2D SPACE',''
  ) );
#18707 = ORIENTED_EDGE('',*,*,#18708,.T.);
#18708 = EDGE_CURVE('',#18686,#18636,#18709,.T.);
#18709 = SURFACE_CURVE('',#18710,(#18714,#18721),.PCURVE_S1.);
#18710 = LINE('',#18711,#18712);
#18711 = CARTESIAN_POINT('',(-5.806083741263,11.765652709789,10.8));
#18712 = VECTOR('',#18713,1.);
#18713 = DIRECTION('',(-0.343472902105,-0.939162587372,0.));
#18714 = PCURVE('',#17886,#18715);
#18715 = DEFINITIONAL_REPRESENTATION('',(#18716),#18720);
#18716 = LINE('',#18717,#18718);
#18717 = CARTESIAN_POINT('',(0.424264068712,7.970846205296E-14));
#18718 = VECTOR('',#18719,1.);
#18719 = DIRECTION('',(2.775557561563E-16,1.));
#18720 = ( GEOMETRIC_REPRESENTATION_CONTEXT(2) 
PARAMETRIC_REPRESENTATION_CONTEXT() REPRESENTATION_CONTEXT('2D SPACE',''
  ) );
#18721 = PCURVE('',#18499,#18722);
#18722 = DEFINITIONAL_REPRESENTATION('',(#18723),#18727);
#18723 = LINE('',#18724,#18725);
#18724 = CARTESIAN_POINT('',(0.693916258737,-1.384347290211));
#18725 = VECTOR('',#18726,1.);
#18726 = DIRECTION('',(-0.343472902105,-0.939162587372));
#18727 = ( GEOMETRIC_REPRESENTATION_CONTEXT(2) 
PARAMETRIC_REPRESENTATION_CONTEXT() REPRESENTATION_CONTEXT('2D SPACE',''
  ) );
#18728 = ORIENTED_EDGE('',*,*,#18635,.T.);
#18729 = ADVANCED_FACE('',(#18730),#17919,.T.);
#18730 = FACE_BOUND('',#18731,.T.);
#18731 = EDGE_LOOP('',(#18732,#18733,#18734,#18756));
#18732 = ORIENTED_EDGE('',*,*,#17904,.T.);
#18733 = ORIENTED_EDGE('',*,*,#18511,.F.);
#18734 = ORIENTED_EDGE('',*,*,#18735,.F.);
#18735 = EDGE_CURVE('',#18686,#18484,#18736,.T.);
#18736 = SURFACE_CURVE('',#18737,(#18742,#18749),.PCURVE_S1.);
#18737 = CIRCLE('',#18738,0.7);
#18738 = AXIS2_PLACEMENT_3D('',#18739,#18740,#18741);
#18739 = CARTESIAN_POINT('',(-6.1,13.,10.8));
#18740 = DIRECTION('',(0.,0.,1.));
#18741 = DIRECTION('',(1.,0.,-0.));
#18742 = PCURVE('',#17919,#18743);
#18743 = DEFINITIONAL_REPRESENTATION('',(#18744),#18748);
#18744 = LINE('',#18745,#18746);
#18745 = CARTESIAN_POINT('',(12.566370614359,-0.3));
#18746 = VECTOR('',#18747,1.);
#18747 = DIRECTION('',(-1.,3.829773153141E-17));
#18748 = ( GEOMETRIC_REPRESENTATION_CONTEXT(2) 
PARAMETRIC_REPRESENTATION_CONTEXT() REPRESENTATION_CONTEXT('2D SPACE',''
  ) );
#18749 = PCURVE('',#18499,#18750);
#18750 = DEFINITIONAL_REPRESENTATION('',(#18751),#18755);
#18751 = CIRCLE('',#18752,0.7);
#18752 = AXIS2_PLACEMENT_2D('',#18753,#18754);
#18753 = CARTESIAN_POINT('',(0.4,-0.15));
#18754 = DIRECTION('',(1.,0.));
#18755 = ( GEOMETRIC_REPRESENTATION_CONTEXT(2) 
PARAMETRIC_REPRESENTATION_CONTEXT() REPRESENTATION_CONTEXT('2D SPACE',''
  ) );
#18756 = ORIENTED_EDGE('',*,*,#18685,.T.);
#18757 = ADVANCED_FACE('',(#18758),#18499,.T.);
#18758 = FACE_BOUND('',#18759,.T.);
#18759 = EDGE_LOOP('',(#18760,#18761,#18762,#18763,#18764,#18765));
#18760 = ORIENTED_EDGE('',*,*,#18483,.F.);
#18761 = ORIENTED_EDGE('',*,*,#18559,.T.);
#18762 = ORIENTED_EDGE('',*,*,#18609,.F.);
#18763 = ORIENTED_EDGE('',*,*,#18658,.T.);
#18764 = ORIENTED_EDGE('',*,*,#18708,.F.);
#18765 = ORIENTED_EDGE('',*,*,#18735,.T.);
#18766 = ( GEOMETRIC_REPRESENTATION_CONTEXT(3) 
GLOBAL_UNCERTAINTY_ASSIGNED_CONTEXT((#18770)) 
GLOBAL_UNIT_ASSIGNED_CONTEXT((#18767,#18768,#18769)) 
REPRESENTATION_CONTEXT('Context #1',
  '3D Context with UNIT and UNCERTAINTY') );
#18767 = ( LENGTH_UNIT() NAMED_UNIT(*) SI_UNIT(.MILLI.,.METRE.) );
#18768 = ( NAMED_UNIT(*) PLANE_ANGLE_UNIT() SI_UNIT($,.RADIAN.) );
#18769 = ( NAMED_UNIT(*) SI_UNIT($,.STERADIAN.) SOLID_ANGLE_UNIT() );
#18770 = UNCERTAINTY_MEASURE_WITH_UNIT(LENGTH_MEASURE(5.E-05),#18767,
  'distance_accuracy_value','confusion accuracy');
#18771 = CONTEXT_DEPENDENT_SHAPE_REPRESENTATION(#18772,#18774);
#18772 = ( REPRESENTATION_RELATIONSHIP('','',#32,#10) 
REPRESENTATION_RELATIONSHIP_WITH_TRANSFORMATION(#18773) 
SHAPE_REPRESENTATION_RELATIONSHIP() );
#18773 = ITEM_DEFINED_TRANSFORMATION('','',#11,#15);
#18774 = PRODUCT_DEFINITION_SHAPE('Placement','Placement of an item',
  #18775);
#18775 = NEXT_ASSEMBLY_USAGE_OCCURRENCE('9','2604-3102','',#5,#27,$);
#18776 = PRODUCT_RELATED_PRODUCT_CATEGORY('part',$,(#29));
#18777 = SHAPE_DEFINITION_REPRESENTATION(#18774,#18778);
#18778 = SHAPE_REPRESENTATION('',(#15),#18766);
#18779 = SHAPE_DEFINITION_REPRESENTATION(#18774,#18780);
#18780 = SHAPE_REPRESENTATION('',(#15),#18766);
#18781 = MECHANICAL_DESIGN_GEOMETRIC_PRESENTATION_REPRESENTATION('',(
    #18782,#18792),#18766);
#18782 = STYLED_ITEM('color',(#18783),#33);
#18783 = PRESENTATION_STYLE_ASSIGNMENT((#18784,#18790));
#18784 = SURFACE_STYLE_USAGE(.BOTH.,#18785);
#18785 = SURFACE_SIDE_STYLE('',(#18786));
#18786 = SURFACE_STYLE_FILL_AREA(#18787);
#18787 = FILL_AREA_STYLE('',(#18788));
#18788 = FILL_AREA_STYLE_COLOUR('',#18789);
#18789 = COLOUR_RGB('',0.56000001326,0.569999999601,0.569999999601);
#18790 = CURVE_STYLE('',#18791,POSITIVE_LENGTH_MEASURE(0.1),#18789);
#18791 = DRAUGHTING_PRE_DEFINED_CURVE_FONT('continuous');
#18792 = OVER_RIDING_STYLED_ITEM('overriding color',(#18793),#33,#18782
  );
#18793 = PRESENTATION_STYLE_BY_CONTEXT((#18794,#18799),#18780);
#18794 = SURFACE_STYLE_USAGE(.BOTH.,#18795);
#18795 = SURFACE_SIDE_STYLE('',(#18796));
#18796 = SURFACE_STYLE_FILL_AREA(#18797);
#18797 = FILL_AREA_STYLE('',(#18798));
#18798 = FILL_AREA_STYLE_COLOUR('',#18789);
#18799 = CURVE_STYLE('',#18800,POSITIVE_LENGTH_MEASURE(0.1),#18789);
#18800 = DRAUGHTING_PRE_DEFINED_CURVE_FONT('continuous');
ENDSEC;
END-ISO-10303-21;
