ISO-10303-21;
HEADER;
FILE_DESCRIPTION(('KiCad electronic assembly'),'2;1');
FILE_NAME('psu_carrier.step','2026-10-06T21:28:56',('Pcbnew'),('Kicad'),
  'Open CASCADE STEP processor 7.6','KiCad to STEP converter','Unknown'
  );
FILE_SCHEMA(('AUTOMOTIVE_DESIGN { 1 0 10303 214 1 1 1 1 }'));
ENDSEC;
DATA;
#1 = APPLICATION_PROTOCOL_DEFINITION('international standard',
  'automotive_design',2000,#2);
#2 = APPLICATION_CONTEXT(
  'core data for automotive mechanical design processes');
#3 = SHAPE_DEFINITION_REPRESENTATION(#4,#10);
#4 = PRODUCT_DEFINITION_SHAPE('','',#5);
#5 = PRODUCT_DEFINITION('design','',#6,#9);
#6 = PRODUCT_DEFINITION_FORMATION('','',#7);
#7 = PRODUCT('psu_carrier 1','psu_carrier 1','',(#8));
#8 = PRODUCT_CONTEXT('',#2,'mechanical');
#9 = PRODUCT_DEFINITION_CONTEXT('part definition',#2,'design');
#10 = SHAPE_REPRESENTATION('',(#11,#15,#19,#23,#27,#31,#35,#39),#43);
#11 = AXIS2_PLACEMENT_3D('',#12,#13,#14);
#12 = CARTESIAN_POINT('',(0.,0.,0.));
#13 = DIRECTION('',(0.,0.,1.));
#14 = DIRECTION('',(1.,0.,-0.));
#15 = AXIS2_PLACEMENT_3D('',#16,#17,#18);
#16 = CARTESIAN_POINT('',(5.08,15.,1.595));
#17 = DIRECTION('',(0.,0.,1.));
#18 = DIRECTION('',(-1.,1.224646799147E-16,0.));
#19 = AXIS2_PLACEMENT_3D('',#20,#21,#22);
#20 = CARTESIAN_POINT('',(13.5,4.5,1.595));
#21 = DIRECTION('',(0.,0.,1.));
#22 = DIRECTION('',(-1.,1.224646799147E-16,0.));
#23 = AXIS2_PLACEMENT_3D('',#24,#25,#26);
#24 = CARTESIAN_POINT('',(14.,17.,1.595));
#25 = DIRECTION('',(-0.,0.,1.));
#26 = DIRECTION('',(1.110223024625E-16,-1.,0.));
#27 = AXIS2_PLACEMENT_3D('',#28,#29,#30);
#28 = CARTESIAN_POINT('',(-12.,17.,1.595));
#29 = DIRECTION('',(0.,0.,1.));
#30 = DIRECTION('',(-1.,1.224646799147E-16,0.));
#31 = AXIS2_PLACEMENT_3D('',#32,#33,#34);
#32 = CARTESIAN_POINT('',(-12.,9.,1.595));
#33 = DIRECTION('',(0.,0.,1.));
#34 = DIRECTION('',(-1.,1.224646799147E-16,0.));
#35 = AXIS2_PLACEMENT_3D('',#36,#37,#38);
#36 = CARTESIAN_POINT('',(15.24,-0.61,1.595));
#37 = DIRECTION('',(-0.,0.,1.));
#38 = DIRECTION('',(1.110223024625E-16,-1.,0.));
#39 = AXIS2_PLACEMENT_3D('',#40,#41,#42);
#40 = CARTESIAN_POINT('',(0.,0.,0.));
#41 = DIRECTION('',(0.,0.,1.));
#42 = DIRECTION('',(1.,0.,-0.));
#43 = ( GEOMETRIC_REPRESENTATION_CONTEXT(3) 
GLOBAL_UNCERTAINTY_ASSIGNED_CONTEXT((#47)) GLOBAL_UNIT_ASSIGNED_CONTEXT(
(#44,#45,#46)) REPRESENTATION_CONTEXT('Context #1',
  '3D Context with UNIT and UNCERTAINTY') );
#44 = ( LENGTH_UNIT() NAMED_UNIT(*) SI_UNIT(.MILLI.,.METRE.) );
#45 = ( NAMED_UNIT(*) PLANE_ANGLE_UNIT() SI_UNIT($,.RADIAN.) );
#46 = ( NAMED_UNIT(*) SI_UNIT($,.STERADIAN.) SOLID_ANGLE_UNIT() );
#47 = UNCERTAINTY_MEASURE_WITH_UNIT(LENGTH_MEASURE(5.E-07),#44,
  'distance_accuracy_value','confusion accuracy');
#48 = PRODUCT_RELATED_PRODUCT_CATEGORY('part',$,(#7));
#49 = SHAPE_DEFINITION_REPRESENTATION(#50,#56);
#50 = PRODUCT_DEFINITION_SHAPE('','',#51);
#51 = PRODUCT_DEFINITION('design','',#52,#55);
#52 = PRODUCT_DEFINITION_FORMATION('','',#53);
#53 = PRODUCT(
  'TerminalBlock_Phoenix_MKDS-1,5-2-5.08_1x02_P5.08mm_Horizontal',
  'TerminalBlock_Phoenix_MKDS-1,5-2-5.08_1x02_P5.08mm_Horizontal','',(
    #54));
#54 = PRODUCT_CONTEXT('',#2,'mechanical');
#55 = PRODUCT_DEFINITION_CONTEXT('part definition',#2,'design');
#56 = ADVANCED_BREP_SHAPE_REPRESENTATION('',(#11,#57),#2678);
#57 = MANIFOLD_SOLID_BREP('',#58);
#58 = CLOSED_SHELL('',(#59,#231,#309,#401,#425,#496,#520,#544,#561,#585,
    #602,#619,#650,#674,#698,#715,#746,#770,#794,#811,#833,#872,#884,
    #896,#908,#937,#960,#983,#1000,#1029,#1052,#1075,#1092,#1104,#1116,
    #1128,#1239,#1350,#1381,#1405,#1429,#1453,#1484,#1508,#1532,#1556,
    #1572,#1605,#1630,#1662,#1693,#1703,#1721,#1737,#1770,#1795,#1827,
    #1858,#1868,#1886,#1941,#1996,#2021,#2132,#2142,#2167,#2278,#2288,
    #2298,#2329,#2353,#2377,#2394,#2404,#2435,#2459,#2483,#2500,#2516,
    #2533,#2550,#2567,#2577,#2593,#2610,#2627,#2644,#2654,#2666));
#59 = ADVANCED_FACE('',(#60,#158,#192),#226,.F.);
#60 = FACE_BOUND('',#61,.F.);
#61 = EDGE_LOOP('',(#62,#72,#80,#88,#96,#104,#112,#120,#128,#136,#144,
    #152));
#62 = ORIENTED_EDGE('',*,*,#63,.F.);
#63 = EDGE_CURVE('',#64,#66,#68,.T.);
#64 = VERTEX_POINT('',#65);
#65 = CARTESIAN_POINT('',(-2.54,-4.6,0.));
#66 = VERTEX_POINT('',#67);
#67 = CARTESIAN_POINT('',(-2.54,-3.83,0.));
#68 = LINE('',#69,#70);
#69 = CARTESIAN_POINT('',(-2.54,-4.6,0.));
#70 = VECTOR('',#71,1.);
#71 = DIRECTION('',(0.,1.,0.));
#72 = ORIENTED_EDGE('',*,*,#73,.T.);
#73 = EDGE_CURVE('',#64,#74,#76,.T.);
#74 = VERTEX_POINT('',#75);
#75 = CARTESIAN_POINT('',(7.62,-4.6,0.));
#76 = LINE('',#77,#78);
#77 = CARTESIAN_POINT('',(-2.54,-4.6,0.));
#78 = VECTOR('',#79,1.);
#79 = DIRECTION('',(1.,0.,0.));
#80 = ORIENTED_EDGE('',*,*,#81,.T.);
#81 = EDGE_CURVE('',#74,#82,#84,.T.);
#82 = VERTEX_POINT('',#83);
#83 = CARTESIAN_POINT('',(7.62,-3.83,0.));
#84 = LINE('',#85,#86);
#85 = CARTESIAN_POINT('',(7.62,-4.6,0.));
#86 = VECTOR('',#87,1.);
#87 = DIRECTION('',(0.,1.,0.));
#88 = ORIENTED_EDGE('',*,*,#89,.F.);
#89 = EDGE_CURVE('',#90,#82,#92,.T.);
#90 = VERTEX_POINT('',#91);
#91 = CARTESIAN_POINT('',(6.88,-4.06,0.));
#92 = LINE('',#93,#94);
#93 = CARTESIAN_POINT('',(6.88,-4.06,0.));
#94 = VECTOR('',#95,1.);
#95 = DIRECTION('',(0.954938084056,0.296805080179,0.));
#96 = ORIENTED_EDGE('',*,*,#97,.F.);
#97 = EDGE_CURVE('',#98,#90,#100,.T.);
#98 = VERTEX_POINT('',#99);
#99 = CARTESIAN_POINT('',(6.88,-3.14,0.));
#100 = LINE('',#101,#102);
#101 = CARTESIAN_POINT('',(6.88,-3.14,0.));
#102 = VECTOR('',#103,1.);
#103 = DIRECTION('',(0.,-1.,0.));
#104 = ORIENTED_EDGE('',*,*,#105,.F.);
#105 = EDGE_CURVE('',#106,#98,#108,.T.);
#106 = VERTEX_POINT('',#107);
#107 = CARTESIAN_POINT('',(7.62,-3.37,0.));
#108 = LINE('',#109,#110);
#109 = CARTESIAN_POINT('',(7.62,-3.37,0.));
#110 = VECTOR('',#111,1.);
#111 = DIRECTION('',(-0.954938084056,0.296805080179,0.));
#112 = ORIENTED_EDGE('',*,*,#113,.T.);
#113 = EDGE_CURVE('',#106,#114,#116,.T.);
#114 = VERTEX_POINT('',#115);
#115 = CARTESIAN_POINT('',(7.62,5.2,0.));
#116 = LINE('',#117,#118);
#117 = CARTESIAN_POINT('',(7.62,-4.6,0.));
#118 = VECTOR('',#119,1.);
#119 = DIRECTION('',(0.,1.,0.));
#120 = ORIENTED_EDGE('',*,*,#121,.F.);
#121 = EDGE_CURVE('',#122,#114,#124,.T.);
#122 = VERTEX_POINT('',#123);
#123 = CARTESIAN_POINT('',(-2.54,5.2,0.));
#124 = LINE('',#125,#126);
#125 = CARTESIAN_POINT('',(-2.54,5.2,0.));
#126 = VECTOR('',#127,1.);
#127 = DIRECTION('',(1.,0.,0.));
#128 = ORIENTED_EDGE('',*,*,#129,.F.);
#129 = EDGE_CURVE('',#130,#122,#132,.T.);
#130 = VERTEX_POINT('',#131);
#131 = CARTESIAN_POINT('',(-2.54,-3.37,0.));
#132 = LINE('',#133,#134);
#133 = CARTESIAN_POINT('',(-2.54,-4.6,0.));
#134 = VECTOR('',#135,1.);
#135 = DIRECTION('',(0.,1.,0.));
#136 = ORIENTED_EDGE('',*,*,#137,.T.);
#137 = EDGE_CURVE('',#130,#138,#140,.T.);
#138 = VERTEX_POINT('',#139);
#139 = CARTESIAN_POINT('',(-3.28,-3.14,0.));
#140 = LINE('',#141,#142);
#141 = CARTESIAN_POINT('',(-2.54,-3.37,0.));
#142 = VECTOR('',#143,1.);
#143 = DIRECTION('',(-0.954938084056,0.296805080179,0.));
#144 = ORIENTED_EDGE('',*,*,#145,.T.);
#145 = EDGE_CURVE('',#138,#146,#148,.T.);
#146 = VERTEX_POINT('',#147);
#147 = CARTESIAN_POINT('',(-3.28,-4.06,0.));
#148 = LINE('',#149,#150);
#149 = CARTESIAN_POINT('',(-3.28,-3.14,0.));
#150 = VECTOR('',#151,1.);
#151 = DIRECTION('',(0.,-1.,0.));
#152 = ORIENTED_EDGE('',*,*,#153,.T.);
#153 = EDGE_CURVE('',#146,#66,#154,.T.);
#154 = LINE('',#155,#156);
#155 = CARTESIAN_POINT('',(-3.28,-4.06,0.));
#156 = VECTOR('',#157,1.);
#157 = DIRECTION('',(0.954938084056,0.296805080179,0.));
#158 = FACE_BOUND('',#159,.F.);
#159 = EDGE_LOOP('',(#160,#170,#178,#186));
#160 = ORIENTED_EDGE('',*,*,#161,.F.);
#161 = EDGE_CURVE('',#162,#164,#166,.T.);
#162 = VERTEX_POINT('',#163);
#163 = CARTESIAN_POINT('',(4.63,-0.45,0.));
#164 = VERTEX_POINT('',#165);
#165 = CARTESIAN_POINT('',(5.53,-0.45,0.));
#166 = LINE('',#167,#168);
#167 = CARTESIAN_POINT('',(1.045,-0.45,0.));
#168 = VECTOR('',#169,1.);
#169 = DIRECTION('',(1.,0.,-0.));
#170 = ORIENTED_EDGE('',*,*,#171,.F.);
#171 = EDGE_CURVE('',#172,#162,#174,.T.);
#172 = VERTEX_POINT('',#173);
#173 = CARTESIAN_POINT('',(4.63,0.45,0.));
#174 = LINE('',#175,#176);
#175 = CARTESIAN_POINT('',(4.63,-2.075,0.));
#176 = VECTOR('',#177,1.);
#177 = DIRECTION('',(0.,-1.,0.));
#178 = ORIENTED_EDGE('',*,*,#179,.F.);
#179 = EDGE_CURVE('',#180,#172,#182,.T.);
#180 = VERTEX_POINT('',#181);
#181 = CARTESIAN_POINT('',(5.53,0.45,0.));
#182 = LINE('',#183,#184);
#183 = CARTESIAN_POINT('',(1.495,0.45,0.));
#184 = VECTOR('',#185,1.);
#185 = DIRECTION('',(-1.,0.,0.));
#186 = ORIENTED_EDGE('',*,*,#187,.F.);
#187 = EDGE_CURVE('',#164,#180,#188,.T.);
#188 = LINE('',#189,#190);
#189 = CARTESIAN_POINT('',(5.53,-2.525,0.));
#190 = VECTOR('',#191,1.);
#191 = DIRECTION('',(0.,1.,0.));
#192 = FACE_BOUND('',#193,.F.);
#193 = EDGE_LOOP('',(#194,#204,#212,#220));
#194 = ORIENTED_EDGE('',*,*,#195,.F.);
#195 = EDGE_CURVE('',#196,#198,#200,.T.);
#196 = VERTEX_POINT('',#197);
#197 = CARTESIAN_POINT('',(-0.45,-0.45,0.));
#198 = VERTEX_POINT('',#199);
#199 = CARTESIAN_POINT('',(0.45,-0.45,0.));
#200 = LINE('',#201,#202);
#201 = CARTESIAN_POINT('',(-1.495,-0.45,0.));
#202 = VECTOR('',#203,1.);
#203 = DIRECTION('',(1.,0.,-0.));
#204 = ORIENTED_EDGE('',*,*,#205,.F.);
#205 = EDGE_CURVE('',#206,#196,#208,.T.);
#206 = VERTEX_POINT('',#207);
#207 = CARTESIAN_POINT('',(-0.45,0.45,0.));
#208 = LINE('',#209,#210);
#209 = CARTESIAN_POINT('',(-0.45,-2.075,0.));
#210 = VECTOR('',#211,1.);
#211 = DIRECTION('',(0.,-1.,0.));
#212 = ORIENTED_EDGE('',*,*,#213,.F.);
#213 = EDGE_CURVE('',#214,#206,#216,.T.);
#214 = VERTEX_POINT('',#215);
#215 = CARTESIAN_POINT('',(0.45,0.45,0.));
#216 = LINE('',#217,#218);
#217 = CARTESIAN_POINT('',(-1.045,0.45,0.));
#218 = VECTOR('',#219,1.);
#219 = DIRECTION('',(-1.,0.,0.));
#220 = ORIENTED_EDGE('',*,*,#221,.F.);
#221 = EDGE_CURVE('',#198,#214,#222,.T.);
#222 = LINE('',#223,#224);
#223 = CARTESIAN_POINT('',(0.45,-2.525,0.));
#224 = VECTOR('',#225,1.);
#225 = DIRECTION('',(0.,1.,0.));
#226 = PLANE('',#227);
#227 = AXIS2_PLACEMENT_3D('',#228,#229,#230);
#228 = CARTESIAN_POINT('',(-2.54,-4.6,0.));
#229 = DIRECTION('',(0.,0.,1.));
#230 = DIRECTION('',(0.,1.,0.));
#231 = ADVANCED_FACE('',(#232),#304,.F.);
#232 = FACE_BOUND('',#233,.F.);
#233 = EDGE_LOOP('',(#234,#244,#252,#258,#259,#267,#275,#281,#282,#290,
    #298));
#234 = ORIENTED_EDGE('',*,*,#235,.T.);
#235 = EDGE_CURVE('',#236,#238,#240,.T.);
#236 = VERTEX_POINT('',#237);
#237 = CARTESIAN_POINT('',(-2.54,-2.6,13.8));
#238 = VERTEX_POINT('',#239);
#239 = CARTESIAN_POINT('',(-2.54,-4.1,7.4));
#240 = LINE('',#241,#242);
#241 = CARTESIAN_POINT('',(-2.54,-2.6,13.8));
#242 = VECTOR('',#243,1.);
#243 = DIRECTION('',(0.,-0.228191322789,-0.973616310568));
#244 = ORIENTED_EDGE('',*,*,#245,.T.);
#245 = EDGE_CURVE('',#238,#246,#248,.T.);
#246 = VERTEX_POINT('',#247);
#247 = CARTESIAN_POINT('',(-2.54,-4.6,7.4));
#248 = LINE('',#249,#250);
#249 = CARTESIAN_POINT('',(-2.54,-4.1,7.4));
#250 = VECTOR('',#251,1.);
#251 = DIRECTION('',(0.,-1.,0.));
#252 = ORIENTED_EDGE('',*,*,#253,.T.);
#253 = EDGE_CURVE('',#246,#64,#254,.T.);
#254 = LINE('',#255,#256);
#255 = CARTESIAN_POINT('',(-2.54,-4.6,13.8));
#256 = VECTOR('',#257,1.);
#257 = DIRECTION('',(0.,0.,-1.));
#258 = ORIENTED_EDGE('',*,*,#63,.T.);
#259 = ORIENTED_EDGE('',*,*,#260,.T.);
#260 = EDGE_CURVE('',#66,#261,#263,.T.);
#261 = VERTEX_POINT('',#262);
#262 = CARTESIAN_POINT('',(-2.54,-3.83,7.));
#263 = LINE('',#264,#265);
#264 = CARTESIAN_POINT('',(-2.54,-3.83,0.));
#265 = VECTOR('',#266,1.);
#266 = DIRECTION('',(0.,0.,1.));
#267 = ORIENTED_EDGE('',*,*,#268,.T.);
#268 = EDGE_CURVE('',#261,#269,#271,.T.);
#269 = VERTEX_POINT('',#270);
#270 = CARTESIAN_POINT('',(-2.54,-3.37,7.));
#271 = LINE('',#272,#273);
#272 = CARTESIAN_POINT('',(-2.54,-3.83,7.));
#273 = VECTOR('',#274,1.);
#274 = DIRECTION('',(0.,1.,0.));
#275 = ORIENTED_EDGE('',*,*,#276,.F.);
#276 = EDGE_CURVE('',#130,#269,#277,.T.);
#277 = LINE('',#278,#279);
#278 = CARTESIAN_POINT('',(-2.54,-3.37,0.));
#279 = VECTOR('',#280,1.);
#280 = DIRECTION('',(0.,0.,1.));
#281 = ORIENTED_EDGE('',*,*,#129,.T.);
#282 = ORIENTED_EDGE('',*,*,#283,.T.);
#283 = EDGE_CURVE('',#122,#284,#286,.T.);
#284 = VERTEX_POINT('',#285);
#285 = CARTESIAN_POINT('',(-2.54,5.2,4.57));
#286 = LINE('',#287,#288);
#287 = CARTESIAN_POINT('',(-2.54,5.2,0.));
#288 = VECTOR('',#289,1.);
#289 = DIRECTION('',(0.,0.,1.));
#290 = ORIENTED_EDGE('',*,*,#291,.F.);
#291 = EDGE_CURVE('',#292,#284,#294,.T.);
#292 = VERTEX_POINT('',#293);
#293 = CARTESIAN_POINT('',(-2.54,2.2,13.8));
#294 = LINE('',#295,#296);
#295 = CARTESIAN_POINT('',(-2.54,2.2,13.8));
#296 = VECTOR('',#297,1.);
#297 = DIRECTION('',(0.,0.309109370483,-0.951026496518));
#298 = ORIENTED_EDGE('',*,*,#299,.T.);
#299 = EDGE_CURVE('',#292,#236,#300,.T.);
#300 = LINE('',#301,#302);
#301 = CARTESIAN_POINT('',(-2.54,5.2,13.8));
#302 = VECTOR('',#303,1.);
#303 = DIRECTION('',(0.,-1.,0.));
#304 = PLANE('',#305);
#305 = AXIS2_PLACEMENT_3D('',#306,#307,#308);
#306 = CARTESIAN_POINT('',(-2.54,0.3,6.9));
#307 = DIRECTION('',(1.,0.,0.));
#308 = DIRECTION('',(-0.,0.,1.));
#309 = ADVANCED_FACE('',(#310,#328,#362),#396,.F.);
#310 = FACE_BOUND('',#311,.F.);
#311 = EDGE_LOOP('',(#312,#313,#321,#327));
#312 = ORIENTED_EDGE('',*,*,#253,.F.);
#313 = ORIENTED_EDGE('',*,*,#314,.T.);
#314 = EDGE_CURVE('',#246,#315,#317,.T.);
#315 = VERTEX_POINT('',#316);
#316 = CARTESIAN_POINT('',(7.62,-4.6,7.4));
#317 = LINE('',#318,#319);
#318 = CARTESIAN_POINT('',(-2.54,-4.6,7.4));
#319 = VECTOR('',#320,1.);
#320 = DIRECTION('',(1.,0.,0.));
#321 = ORIENTED_EDGE('',*,*,#322,.T.);
#322 = EDGE_CURVE('',#315,#74,#323,.T.);
#323 = LINE('',#324,#325);
#324 = CARTESIAN_POINT('',(7.62,-4.6,13.8));
#325 = VECTOR('',#326,1.);
#326 = DIRECTION('',(0.,0.,-1.));
#327 = ORIENTED_EDGE('',*,*,#73,.F.);
#328 = FACE_BOUND('',#329,.F.);
#329 = EDGE_LOOP('',(#330,#340,#348,#356));
#330 = ORIENTED_EDGE('',*,*,#331,.F.);
#331 = EDGE_CURVE('',#332,#334,#336,.T.);
#332 = VERTEX_POINT('',#333);
#333 = CARTESIAN_POINT('',(6.88,-4.6,1.6));
#334 = VERTEX_POINT('',#335);
#335 = CARTESIAN_POINT('',(3.28,-4.6,1.6));
#336 = LINE('',#337,#338);
#337 = CARTESIAN_POINT('',(6.88,-4.6,1.6));
#338 = VECTOR('',#339,1.);
#339 = DIRECTION('',(-1.,0.,-1.233581138472E-16));
#340 = ORIENTED_EDGE('',*,*,#341,.F.);
#341 = EDGE_CURVE('',#342,#332,#344,.T.);
#342 = VERTEX_POINT('',#343);
#343 = CARTESIAN_POINT('',(6.88,-4.6,6.8));
#344 = LINE('',#345,#346);
#345 = CARTESIAN_POINT('',(6.88,-4.6,6.8));
#346 = VECTOR('',#347,1.);
#347 = DIRECTION('',(0.,0.,-1.));
#348 = ORIENTED_EDGE('',*,*,#349,.F.);
#349 = EDGE_CURVE('',#350,#342,#352,.T.);
#350 = VERTEX_POINT('',#351);
#351 = CARTESIAN_POINT('',(3.28,-4.6,6.8));
#352 = LINE('',#353,#354);
#353 = CARTESIAN_POINT('',(3.28,-4.6,6.8));
#354 = VECTOR('',#355,1.);
#355 = DIRECTION('',(1.,0.,2.467162276945E-16));
#356 = ORIENTED_EDGE('',*,*,#357,.F.);
#357 = EDGE_CURVE('',#334,#350,#358,.T.);
#358 = LINE('',#359,#360);
#359 = CARTESIAN_POINT('',(3.28,-4.6,1.6));
#360 = VECTOR('',#361,1.);
#361 = DIRECTION('',(0.,0.,1.));
#362 = FACE_BOUND('',#363,.F.);
#363 = EDGE_LOOP('',(#364,#374,#382,#390));
#364 = ORIENTED_EDGE('',*,*,#365,.F.);
#365 = EDGE_CURVE('',#366,#368,#370,.T.);
#366 = VERTEX_POINT('',#367);
#367 = CARTESIAN_POINT('',(1.8,-4.6,1.6));
#368 = VERTEX_POINT('',#369);
#369 = CARTESIAN_POINT('',(-1.8,-4.6,1.6));
#370 = LINE('',#371,#372);
#371 = CARTESIAN_POINT('',(1.8,-4.6,1.6));
#372 = VECTOR('',#373,1.);
#373 = DIRECTION('',(-1.,0.,-1.233581138472E-16));
#374 = ORIENTED_EDGE('',*,*,#375,.F.);
#375 = EDGE_CURVE('',#376,#366,#378,.T.);
#376 = VERTEX_POINT('',#377);
#377 = CARTESIAN_POINT('',(1.8,-4.6,6.8));
#378 = LINE('',#379,#380);
#379 = CARTESIAN_POINT('',(1.8,-4.6,6.8));
#380 = VECTOR('',#381,1.);
#381 = DIRECTION('',(0.,0.,-1.));
#382 = ORIENTED_EDGE('',*,*,#383,.F.);
#383 = EDGE_CURVE('',#384,#376,#386,.T.);
#384 = VERTEX_POINT('',#385);
#385 = CARTESIAN_POINT('',(-1.8,-4.6,6.8));
#386 = LINE('',#387,#388);
#387 = CARTESIAN_POINT('',(-1.8,-4.6,6.8));
#388 = VECTOR('',#389,1.);
#389 = DIRECTION('',(1.,0.,2.467162276945E-16));
#390 = ORIENTED_EDGE('',*,*,#391,.F.);
#391 = EDGE_CURVE('',#368,#384,#392,.T.);
#392 = LINE('',#393,#394);
#393 = CARTESIAN_POINT('',(-1.8,-4.6,1.6));
#394 = VECTOR('',#395,1.);
#395 = DIRECTION('',(0.,0.,1.));
#396 = PLANE('',#397);
#397 = AXIS2_PLACEMENT_3D('',#398,#399,#400);
#398 = CARTESIAN_POINT('',(-2.54,-4.6,13.8));
#399 = DIRECTION('',(-0.,1.,0.));
#400 = DIRECTION('',(0.,0.,-1.));
#401 = ADVANCED_FACE('',(#402),#420,.F.);
#402 = FACE_BOUND('',#403,.F.);
#403 = EDGE_LOOP('',(#404,#412,#418,#419));
#404 = ORIENTED_EDGE('',*,*,#405,.T.);
#405 = EDGE_CURVE('',#146,#406,#408,.T.);
#406 = VERTEX_POINT('',#407);
#407 = CARTESIAN_POINT('',(-3.28,-4.06,7.));
#408 = LINE('',#409,#410);
#409 = CARTESIAN_POINT('',(-3.28,-4.06,0.));
#410 = VECTOR('',#411,1.);
#411 = DIRECTION('',(0.,0.,1.));
#412 = ORIENTED_EDGE('',*,*,#413,.T.);
#413 = EDGE_CURVE('',#406,#261,#414,.T.);
#414 = LINE('',#415,#416);
#415 = CARTESIAN_POINT('',(-3.28,-4.06,7.));
#416 = VECTOR('',#417,1.);
#417 = DIRECTION('',(0.954938084056,0.296805080179,0.));
#418 = ORIENTED_EDGE('',*,*,#260,.F.);
#419 = ORIENTED_EDGE('',*,*,#153,.F.);
#420 = PLANE('',#421);
#421 = AXIS2_PLACEMENT_3D('',#422,#423,#424);
#422 = CARTESIAN_POINT('',(-3.28,-4.06,0.));
#423 = DIRECTION('',(-0.296805080179,0.954938084056,0.));
#424 = DIRECTION('',(0.954938084056,0.296805080179,0.));
#425 = ADVANCED_FACE('',(#426),#491,.T.);
#426 = FACE_BOUND('',#427,.T.);
#427 = EDGE_LOOP('',(#428,#438,#444,#445,#446,#454,#462,#468,#469,#477,
    #485));
#428 = ORIENTED_EDGE('',*,*,#429,.T.);
#429 = EDGE_CURVE('',#430,#432,#434,.T.);
#430 = VERTEX_POINT('',#431);
#431 = CARTESIAN_POINT('',(7.62,-2.6,13.8));
#432 = VERTEX_POINT('',#433);
#433 = CARTESIAN_POINT('',(7.62,-4.1,7.4));
#434 = LINE('',#435,#436);
#435 = CARTESIAN_POINT('',(7.62,-2.6,13.8));
#436 = VECTOR('',#437,1.);
#437 = DIRECTION('',(0.,-0.228191322789,-0.973616310568));
#438 = ORIENTED_EDGE('',*,*,#439,.T.);
#439 = EDGE_CURVE('',#432,#315,#440,.T.);
#440 = LINE('',#441,#442);
#441 = CARTESIAN_POINT('',(7.62,-4.1,7.4));
#442 = VECTOR('',#443,1.);
#443 = DIRECTION('',(0.,-1.,0.));
#444 = ORIENTED_EDGE('',*,*,#322,.T.);
#445 = ORIENTED_EDGE('',*,*,#81,.T.);
#446 = ORIENTED_EDGE('',*,*,#447,.T.);
#447 = EDGE_CURVE('',#82,#448,#450,.T.);
#448 = VERTEX_POINT('',#449);
#449 = CARTESIAN_POINT('',(7.62,-3.83,7.));
#450 = LINE('',#451,#452);
#451 = CARTESIAN_POINT('',(7.62,-3.83,0.));
#452 = VECTOR('',#453,1.);
#453 = DIRECTION('',(0.,0.,1.));
#454 = ORIENTED_EDGE('',*,*,#455,.T.);
#455 = EDGE_CURVE('',#448,#456,#458,.T.);
#456 = VERTEX_POINT('',#457);
#457 = CARTESIAN_POINT('',(7.62,-3.37,7.));
#458 = LINE('',#459,#460);
#459 = CARTESIAN_POINT('',(7.62,-3.83,7.));
#460 = VECTOR('',#461,1.);
#461 = DIRECTION('',(0.,1.,0.));
#462 = ORIENTED_EDGE('',*,*,#463,.F.);
#463 = EDGE_CURVE('',#106,#456,#464,.T.);
#464 = LINE('',#465,#466);
#465 = CARTESIAN_POINT('',(7.62,-3.37,0.));
#466 = VECTOR('',#467,1.);
#467 = DIRECTION('',(0.,0.,1.));
#468 = ORIENTED_EDGE('',*,*,#113,.T.);
#469 = ORIENTED_EDGE('',*,*,#470,.T.);
#470 = EDGE_CURVE('',#114,#471,#473,.T.);
#471 = VERTEX_POINT('',#472);
#472 = CARTESIAN_POINT('',(7.62,5.2,4.57));
#473 = LINE('',#474,#475);
#474 = CARTESIAN_POINT('',(7.62,5.2,0.));
#475 = VECTOR('',#476,1.);
#476 = DIRECTION('',(0.,0.,1.));
#477 = ORIENTED_EDGE('',*,*,#478,.F.);
#478 = EDGE_CURVE('',#479,#471,#481,.T.);
#479 = VERTEX_POINT('',#480);
#480 = CARTESIAN_POINT('',(7.62,2.2,13.8));
#481 = LINE('',#482,#483);
#482 = CARTESIAN_POINT('',(7.62,2.2,13.8));
#483 = VECTOR('',#484,1.);
#484 = DIRECTION('',(0.,0.309109370483,-0.951026496518));
#485 = ORIENTED_EDGE('',*,*,#486,.T.);
#486 = EDGE_CURVE('',#479,#430,#487,.T.);
#487 = LINE('',#488,#489);
#488 = CARTESIAN_POINT('',(7.62,5.2,13.8));
#489 = VECTOR('',#490,1.);
#490 = DIRECTION('',(0.,-1.,0.));
#491 = PLANE('',#492);
#492 = AXIS2_PLACEMENT_3D('',#493,#494,#495);
#493 = CARTESIAN_POINT('',(7.62,0.3,6.9));
#494 = DIRECTION('',(1.,0.,0.));
#495 = DIRECTION('',(-0.,0.,1.));
#496 = ADVANCED_FACE('',(#497),#515,.F.);
#497 = FACE_BOUND('',#498,.F.);
#498 = EDGE_LOOP('',(#499,#507,#513,#514));
#499 = ORIENTED_EDGE('',*,*,#500,.T.);
#500 = EDGE_CURVE('',#138,#501,#503,.T.);
#501 = VERTEX_POINT('',#502);
#502 = CARTESIAN_POINT('',(-3.28,-3.14,7.));
#503 = LINE('',#504,#505);
#504 = CARTESIAN_POINT('',(-3.28,-3.14,0.));
#505 = VECTOR('',#506,1.);
#506 = DIRECTION('',(0.,0.,1.));
#507 = ORIENTED_EDGE('',*,*,#508,.T.);
#508 = EDGE_CURVE('',#501,#406,#509,.T.);
#509 = LINE('',#510,#511);
#510 = CARTESIAN_POINT('',(-3.28,-3.14,7.));
#511 = VECTOR('',#512,1.);
#512 = DIRECTION('',(0.,-1.,0.));
#513 = ORIENTED_EDGE('',*,*,#405,.F.);
#514 = ORIENTED_EDGE('',*,*,#145,.F.);
#515 = PLANE('',#516);
#516 = AXIS2_PLACEMENT_3D('',#517,#518,#519);
#517 = CARTESIAN_POINT('',(-3.28,-3.14,0.));
#518 = DIRECTION('',(1.,0.,-0.));
#519 = DIRECTION('',(0.,-1.,0.));
#520 = ADVANCED_FACE('',(#521),#539,.T.);
#521 = FACE_BOUND('',#522,.T.);
#522 = EDGE_LOOP('',(#523,#531,#537,#538));
#523 = ORIENTED_EDGE('',*,*,#524,.T.);
#524 = EDGE_CURVE('',#90,#525,#527,.T.);
#525 = VERTEX_POINT('',#526);
#526 = CARTESIAN_POINT('',(6.88,-4.06,7.));
#527 = LINE('',#528,#529);
#528 = CARTESIAN_POINT('',(6.88,-4.06,0.));
#529 = VECTOR('',#530,1.);
#530 = DIRECTION('',(0.,0.,1.));
#531 = ORIENTED_EDGE('',*,*,#532,.T.);
#532 = EDGE_CURVE('',#525,#448,#533,.T.);
#533 = LINE('',#534,#535);
#534 = CARTESIAN_POINT('',(6.88,-4.06,7.));
#535 = VECTOR('',#536,1.);
#536 = DIRECTION('',(0.954938084056,0.296805080179,0.));
#537 = ORIENTED_EDGE('',*,*,#447,.F.);
#538 = ORIENTED_EDGE('',*,*,#89,.F.);
#539 = PLANE('',#540);
#540 = AXIS2_PLACEMENT_3D('',#541,#542,#543);
#541 = CARTESIAN_POINT('',(6.88,-4.06,0.));
#542 = DIRECTION('',(-0.296805080179,0.954938084056,0.));
#543 = DIRECTION('',(0.954938084056,0.296805080179,0.));
#544 = ADVANCED_FACE('',(#545),#556,.F.);
#545 = FACE_BOUND('',#546,.F.);
#546 = EDGE_LOOP('',(#547,#548,#554,#555));
#547 = ORIENTED_EDGE('',*,*,#276,.T.);
#548 = ORIENTED_EDGE('',*,*,#549,.T.);
#549 = EDGE_CURVE('',#269,#501,#550,.T.);
#550 = LINE('',#551,#552);
#551 = CARTESIAN_POINT('',(-2.54,-3.37,7.));
#552 = VECTOR('',#553,1.);
#553 = DIRECTION('',(-0.954938084056,0.296805080179,0.));
#554 = ORIENTED_EDGE('',*,*,#500,.F.);
#555 = ORIENTED_EDGE('',*,*,#137,.F.);
#556 = PLANE('',#557);
#557 = AXIS2_PLACEMENT_3D('',#558,#559,#560);
#558 = CARTESIAN_POINT('',(-2.54,-3.37,0.));
#559 = DIRECTION('',(-0.296805080179,-0.954938084056,0.));
#560 = DIRECTION('',(-0.954938084056,0.296805080179,0.));
#561 = ADVANCED_FACE('',(#562),#580,.T.);
#562 = FACE_BOUND('',#563,.T.);
#563 = EDGE_LOOP('',(#564,#572,#578,#579));
#564 = ORIENTED_EDGE('',*,*,#565,.T.);
#565 = EDGE_CURVE('',#98,#566,#568,.T.);
#566 = VERTEX_POINT('',#567);
#567 = CARTESIAN_POINT('',(6.88,-3.14,7.));
#568 = LINE('',#569,#570);
#569 = CARTESIAN_POINT('',(6.88,-3.14,0.));
#570 = VECTOR('',#571,1.);
#571 = DIRECTION('',(0.,0.,1.));
#572 = ORIENTED_EDGE('',*,*,#573,.T.);
#573 = EDGE_CURVE('',#566,#525,#574,.T.);
#574 = LINE('',#575,#576);
#575 = CARTESIAN_POINT('',(6.88,-3.14,7.));
#576 = VECTOR('',#577,1.);
#577 = DIRECTION('',(0.,-1.,0.));
#578 = ORIENTED_EDGE('',*,*,#524,.F.);
#579 = ORIENTED_EDGE('',*,*,#97,.F.);
#580 = PLANE('',#581);
#581 = AXIS2_PLACEMENT_3D('',#582,#583,#584);
#582 = CARTESIAN_POINT('',(6.88,-3.14,0.));
#583 = DIRECTION('',(1.,0.,-0.));
#584 = DIRECTION('',(0.,-1.,0.));
#585 = ADVANCED_FACE('',(#586),#597,.T.);
#586 = FACE_BOUND('',#587,.T.);
#587 = EDGE_LOOP('',(#588,#589,#595,#596));
#588 = ORIENTED_EDGE('',*,*,#463,.T.);
#589 = ORIENTED_EDGE('',*,*,#590,.T.);
#590 = EDGE_CURVE('',#456,#566,#591,.T.);
#591 = LINE('',#592,#593);
#592 = CARTESIAN_POINT('',(7.62,-3.37,7.));
#593 = VECTOR('',#594,1.);
#594 = DIRECTION('',(-0.954938084056,0.296805080179,0.));
#595 = ORIENTED_EDGE('',*,*,#565,.F.);
#596 = ORIENTED_EDGE('',*,*,#105,.F.);
#597 = PLANE('',#598);
#598 = AXIS2_PLACEMENT_3D('',#599,#600,#601);
#599 = CARTESIAN_POINT('',(7.62,-3.37,0.));
#600 = DIRECTION('',(-0.296805080179,-0.954938084056,0.));
#601 = DIRECTION('',(-0.954938084056,0.296805080179,0.));
#602 = ADVANCED_FACE('',(#603),#614,.F.);
#603 = FACE_BOUND('',#604,.F.);
#604 = EDGE_LOOP('',(#605,#606,#607,#608));
#605 = ORIENTED_EDGE('',*,*,#283,.F.);
#606 = ORIENTED_EDGE('',*,*,#121,.T.);
#607 = ORIENTED_EDGE('',*,*,#470,.T.);
#608 = ORIENTED_EDGE('',*,*,#609,.F.);
#609 = EDGE_CURVE('',#284,#471,#610,.T.);
#610 = LINE('',#611,#612);
#611 = CARTESIAN_POINT('',(-2.54,5.2,4.57));
#612 = VECTOR('',#613,1.);
#613 = DIRECTION('',(1.,0.,0.));
#614 = PLANE('',#615);
#615 = AXIS2_PLACEMENT_3D('',#616,#617,#618);
#616 = CARTESIAN_POINT('',(-2.54,5.2,0.));
#617 = DIRECTION('',(0.,-1.,0.));
#618 = DIRECTION('',(0.,0.,1.));
#619 = ADVANCED_FACE('',(#620),#645,.T.);
#620 = FACE_BOUND('',#621,.T.);
#621 = EDGE_LOOP('',(#622,#623,#631,#639));
#622 = ORIENTED_EDGE('',*,*,#161,.F.);
#623 = ORIENTED_EDGE('',*,*,#624,.T.);
#624 = EDGE_CURVE('',#162,#625,#627,.T.);
#625 = VERTEX_POINT('',#626);
#626 = CARTESIAN_POINT('',(4.63,-0.45,-3.5));
#627 = LINE('',#628,#629);
#628 = CARTESIAN_POINT('',(4.63,-0.45,2.4));
#629 = VECTOR('',#630,1.);
#630 = DIRECTION('',(-0.,-0.,-1.));
#631 = ORIENTED_EDGE('',*,*,#632,.T.);
#632 = EDGE_CURVE('',#625,#633,#635,.T.);
#633 = VERTEX_POINT('',#634);
#634 = CARTESIAN_POINT('',(5.53,-0.45,-3.5));
#635 = LINE('',#636,#637);
#636 = CARTESIAN_POINT('',(4.63,-0.45,-3.5));
#637 = VECTOR('',#638,1.);
#638 = DIRECTION('',(1.,0.,0.));
#639 = ORIENTED_EDGE('',*,*,#640,.F.);
#640 = EDGE_CURVE('',#164,#633,#641,.T.);
#641 = LINE('',#642,#643);
#642 = CARTESIAN_POINT('',(5.53,-0.45,2.4));
#643 = VECTOR('',#644,1.);
#644 = DIRECTION('',(-0.,-0.,-1.));
#645 = PLANE('',#646);
#646 = AXIS2_PLACEMENT_3D('',#647,#648,#649);
#647 = CARTESIAN_POINT('',(4.63,-0.45,2.4));
#648 = DIRECTION('',(0.,-1.,0.));
#649 = DIRECTION('',(1.,0.,0.));
#650 = ADVANCED_FACE('',(#651),#669,.T.);
#651 = FACE_BOUND('',#652,.T.);
#652 = EDGE_LOOP('',(#653,#654,#655,#663));
#653 = ORIENTED_EDGE('',*,*,#187,.F.);
#654 = ORIENTED_EDGE('',*,*,#640,.T.);
#655 = ORIENTED_EDGE('',*,*,#656,.T.);
#656 = EDGE_CURVE('',#633,#657,#659,.T.);
#657 = VERTEX_POINT('',#658);
#658 = CARTESIAN_POINT('',(5.53,0.45,-3.5));
#659 = LINE('',#660,#661);
#660 = CARTESIAN_POINT('',(5.53,-0.45,-3.5));
#661 = VECTOR('',#662,1.);
#662 = DIRECTION('',(0.,1.,0.));
#663 = ORIENTED_EDGE('',*,*,#664,.F.);
#664 = EDGE_CURVE('',#180,#657,#665,.T.);
#665 = LINE('',#666,#667);
#666 = CARTESIAN_POINT('',(5.53,0.45,2.4));
#667 = VECTOR('',#668,1.);
#668 = DIRECTION('',(-0.,-0.,-1.));
#669 = PLANE('',#670);
#670 = AXIS2_PLACEMENT_3D('',#671,#672,#673);
#671 = CARTESIAN_POINT('',(5.53,-0.45,2.4));
#672 = DIRECTION('',(1.,0.,0.));
#673 = DIRECTION('',(-0.,1.,0.));
#674 = ADVANCED_FACE('',(#675),#693,.T.);
#675 = FACE_BOUND('',#676,.T.);
#676 = EDGE_LOOP('',(#677,#678,#679,#687));
#677 = ORIENTED_EDGE('',*,*,#179,.F.);
#678 = ORIENTED_EDGE('',*,*,#664,.T.);
#679 = ORIENTED_EDGE('',*,*,#680,.T.);
#680 = EDGE_CURVE('',#657,#681,#683,.T.);
#681 = VERTEX_POINT('',#682);
#682 = CARTESIAN_POINT('',(4.63,0.45,-3.5));
#683 = LINE('',#684,#685);
#684 = CARTESIAN_POINT('',(5.53,0.45,-3.5));
#685 = VECTOR('',#686,1.);
#686 = DIRECTION('',(-1.,0.,0.));
#687 = ORIENTED_EDGE('',*,*,#688,.F.);
#688 = EDGE_CURVE('',#172,#681,#689,.T.);
#689 = LINE('',#690,#691);
#690 = CARTESIAN_POINT('',(4.63,0.45,2.4));
#691 = VECTOR('',#692,1.);
#692 = DIRECTION('',(-0.,-0.,-1.));
#693 = PLANE('',#694);
#694 = AXIS2_PLACEMENT_3D('',#695,#696,#697);
#695 = CARTESIAN_POINT('',(5.53,0.45,2.4));
#696 = DIRECTION('',(0.,1.,-0.));
#697 = DIRECTION('',(-1.,0.,0.));
#698 = ADVANCED_FACE('',(#699),#710,.T.);
#699 = FACE_BOUND('',#700,.T.);
#700 = EDGE_LOOP('',(#701,#702,#703,#709));
#701 = ORIENTED_EDGE('',*,*,#171,.F.);
#702 = ORIENTED_EDGE('',*,*,#688,.T.);
#703 = ORIENTED_EDGE('',*,*,#704,.T.);
#704 = EDGE_CURVE('',#681,#625,#705,.T.);
#705 = LINE('',#706,#707);
#706 = CARTESIAN_POINT('',(4.63,0.45,-3.5));
#707 = VECTOR('',#708,1.);
#708 = DIRECTION('',(0.,-1.,0.));
#709 = ORIENTED_EDGE('',*,*,#624,.F.);
#710 = PLANE('',#711);
#711 = AXIS2_PLACEMENT_3D('',#712,#713,#714);
#712 = CARTESIAN_POINT('',(4.63,0.45,2.4));
#713 = DIRECTION('',(-1.,0.,0.));
#714 = DIRECTION('',(0.,-1.,0.));
#715 = ADVANCED_FACE('',(#716),#741,.T.);
#716 = FACE_BOUND('',#717,.T.);
#717 = EDGE_LOOP('',(#718,#719,#727,#735));
#718 = ORIENTED_EDGE('',*,*,#195,.F.);
#719 = ORIENTED_EDGE('',*,*,#720,.T.);
#720 = EDGE_CURVE('',#196,#721,#723,.T.);
#721 = VERTEX_POINT('',#722);
#722 = CARTESIAN_POINT('',(-0.45,-0.45,-3.5));
#723 = LINE('',#724,#725);
#724 = CARTESIAN_POINT('',(-0.45,-0.45,2.4));
#725 = VECTOR('',#726,1.);
#726 = DIRECTION('',(-0.,-0.,-1.));
#727 = ORIENTED_EDGE('',*,*,#728,.T.);
#728 = EDGE_CURVE('',#721,#729,#731,.T.);
#729 = VERTEX_POINT('',#730);
#730 = CARTESIAN_POINT('',(0.45,-0.45,-3.5));
#731 = LINE('',#732,#733);
#732 = CARTESIAN_POINT('',(-0.45,-0.45,-3.5));
#733 = VECTOR('',#734,1.);
#734 = DIRECTION('',(1.,0.,0.));
#735 = ORIENTED_EDGE('',*,*,#736,.F.);
#736 = EDGE_CURVE('',#198,#729,#737,.T.);
#737 = LINE('',#738,#739);
#738 = CARTESIAN_POINT('',(0.45,-0.45,2.4));
#739 = VECTOR('',#740,1.);
#740 = DIRECTION('',(-0.,-0.,-1.));
#741 = PLANE('',#742);
#742 = AXIS2_PLACEMENT_3D('',#743,#744,#745);
#743 = CARTESIAN_POINT('',(-0.45,-0.45,2.4));
#744 = DIRECTION('',(0.,-1.,0.));
#745 = DIRECTION('',(1.,0.,0.));
#746 = ADVANCED_FACE('',(#747),#765,.T.);
#747 = FACE_BOUND('',#748,.T.);
#748 = EDGE_LOOP('',(#749,#750,#751,#759));
#749 = ORIENTED_EDGE('',*,*,#221,.F.);
#750 = ORIENTED_EDGE('',*,*,#736,.T.);
#751 = ORIENTED_EDGE('',*,*,#752,.T.);
#752 = EDGE_CURVE('',#729,#753,#755,.T.);
#753 = VERTEX_POINT('',#754);
#754 = CARTESIAN_POINT('',(0.45,0.45,-3.5));
#755 = LINE('',#756,#757);
#756 = CARTESIAN_POINT('',(0.45,-0.45,-3.5));
#757 = VECTOR('',#758,1.);
#758 = DIRECTION('',(0.,1.,0.));
#759 = ORIENTED_EDGE('',*,*,#760,.F.);
#760 = EDGE_CURVE('',#214,#753,#761,.T.);
#761 = LINE('',#762,#763);
#762 = CARTESIAN_POINT('',(0.45,0.45,2.4));
#763 = VECTOR('',#764,1.);
#764 = DIRECTION('',(-0.,-0.,-1.));
#765 = PLANE('',#766);
#766 = AXIS2_PLACEMENT_3D('',#767,#768,#769);
#767 = CARTESIAN_POINT('',(0.45,-0.45,2.4));
#768 = DIRECTION('',(1.,0.,0.));
#769 = DIRECTION('',(-0.,1.,0.));
#770 = ADVANCED_FACE('',(#771),#789,.T.);
#771 = FACE_BOUND('',#772,.T.);
#772 = EDGE_LOOP('',(#773,#774,#775,#783));
#773 = ORIENTED_EDGE('',*,*,#213,.F.);
#774 = ORIENTED_EDGE('',*,*,#760,.T.);
#775 = ORIENTED_EDGE('',*,*,#776,.T.);
#776 = EDGE_CURVE('',#753,#777,#779,.T.);
#777 = VERTEX_POINT('',#778);
#778 = CARTESIAN_POINT('',(-0.45,0.45,-3.5));
#779 = LINE('',#780,#781);
#780 = CARTESIAN_POINT('',(0.45,0.45,-3.5));
#781 = VECTOR('',#782,1.);
#782 = DIRECTION('',(-1.,0.,0.));
#783 = ORIENTED_EDGE('',*,*,#784,.F.);
#784 = EDGE_CURVE('',#206,#777,#785,.T.);
#785 = LINE('',#786,#787);
#786 = CARTESIAN_POINT('',(-0.45,0.45,2.4));
#787 = VECTOR('',#788,1.);
#788 = DIRECTION('',(-0.,-0.,-1.));
#789 = PLANE('',#790);
#790 = AXIS2_PLACEMENT_3D('',#791,#792,#793);
#791 = CARTESIAN_POINT('',(0.45,0.45,2.4));
#792 = DIRECTION('',(0.,1.,-0.));
#793 = DIRECTION('',(-1.,0.,0.));
#794 = ADVANCED_FACE('',(#795),#806,.T.);
#795 = FACE_BOUND('',#796,.T.);
#796 = EDGE_LOOP('',(#797,#798,#799,#805));
#797 = ORIENTED_EDGE('',*,*,#205,.F.);
#798 = ORIENTED_EDGE('',*,*,#784,.T.);
#799 = ORIENTED_EDGE('',*,*,#800,.T.);
#800 = EDGE_CURVE('',#777,#721,#801,.T.);
#801 = LINE('',#802,#803);
#802 = CARTESIAN_POINT('',(-0.45,0.45,-3.5));
#803 = VECTOR('',#804,1.);
#804 = DIRECTION('',(0.,-1.,0.));
#805 = ORIENTED_EDGE('',*,*,#720,.F.);
#806 = PLANE('',#807);
#807 = AXIS2_PLACEMENT_3D('',#808,#809,#810);
#808 = CARTESIAN_POINT('',(-0.45,0.45,2.4));
#809 = DIRECTION('',(-1.,0.,0.));
#810 = DIRECTION('',(0.,-1.,0.));
#811 = ADVANCED_FACE('',(#812),#828,.F.);
#812 = FACE_BOUND('',#813,.F.);
#813 = EDGE_LOOP('',(#814,#820,#821,#827));
#814 = ORIENTED_EDGE('',*,*,#815,.T.);
#815 = EDGE_CURVE('',#236,#430,#816,.T.);
#816 = LINE('',#817,#818);
#817 = CARTESIAN_POINT('',(-2.54,-2.6,13.8));
#818 = VECTOR('',#819,1.);
#819 = DIRECTION('',(1.,0.,0.));
#820 = ORIENTED_EDGE('',*,*,#429,.T.);
#821 = ORIENTED_EDGE('',*,*,#822,.F.);
#822 = EDGE_CURVE('',#238,#432,#823,.T.);
#823 = LINE('',#824,#825);
#824 = CARTESIAN_POINT('',(-2.54,-4.1,7.4));
#825 = VECTOR('',#826,1.);
#826 = DIRECTION('',(1.,0.,0.));
#827 = ORIENTED_EDGE('',*,*,#235,.F.);
#828 = PLANE('',#829);
#829 = AXIS2_PLACEMENT_3D('',#830,#831,#832);
#830 = CARTESIAN_POINT('',(-2.54,-2.6,13.8));
#831 = DIRECTION('',(0.,0.973616310568,-0.228191322789));
#832 = DIRECTION('',(0.,-0.228191322789,-0.973616310568));
#833 = ADVANCED_FACE('',(#834,#845,#856),#867,.F.);
#834 = FACE_BOUND('',#835,.F.);
#835 = EDGE_LOOP('',(#836,#837,#843,#844));
#836 = ORIENTED_EDGE('',*,*,#299,.F.);
#837 = ORIENTED_EDGE('',*,*,#838,.T.);
#838 = EDGE_CURVE('',#292,#479,#839,.T.);
#839 = LINE('',#840,#841);
#840 = CARTESIAN_POINT('',(-2.54,2.2,13.8));
#841 = VECTOR('',#842,1.);
#842 = DIRECTION('',(1.,0.,0.));
#843 = ORIENTED_EDGE('',*,*,#486,.T.);
#844 = ORIENTED_EDGE('',*,*,#815,.F.);
#845 = FACE_BOUND('',#846,.F.);
#846 = EDGE_LOOP('',(#847));
#847 = ORIENTED_EDGE('',*,*,#848,.T.);
#848 = EDGE_CURVE('',#849,#849,#851,.T.);
#849 = VERTEX_POINT('',#850);
#850 = CARTESIAN_POINT('',(7.08,-0.2,13.8));
#851 = CIRCLE('',#852,2.);
#852 = AXIS2_PLACEMENT_3D('',#853,#854,#855);
#853 = CARTESIAN_POINT('',(5.08,-0.2,13.8));
#854 = DIRECTION('',(0.,0.,1.));
#855 = DIRECTION('',(1.,0.,-0.));
#856 = FACE_BOUND('',#857,.F.);
#857 = EDGE_LOOP('',(#858));
#858 = ORIENTED_EDGE('',*,*,#859,.T.);
#859 = EDGE_CURVE('',#860,#860,#862,.T.);
#860 = VERTEX_POINT('',#861);
#861 = CARTESIAN_POINT('',(2.,-0.2,13.8));
#862 = CIRCLE('',#863,2.);
#863 = AXIS2_PLACEMENT_3D('',#864,#865,#866);
#864 = CARTESIAN_POINT('',(0.,-0.2,13.8));
#865 = DIRECTION('',(0.,0.,1.));
#866 = DIRECTION('',(1.,0.,-0.));
#867 = PLANE('',#868);
#868 = AXIS2_PLACEMENT_3D('',#869,#870,#871);
#869 = CARTESIAN_POINT('',(-2.54,5.2,13.8));
#870 = DIRECTION('',(0.,0.,-1.));
#871 = DIRECTION('',(0.,-1.,0.));
#872 = ADVANCED_FACE('',(#873),#879,.T.);
#873 = FACE_BOUND('',#874,.T.);
#874 = EDGE_LOOP('',(#875,#876,#877,#878));
#875 = ORIENTED_EDGE('',*,*,#838,.T.);
#876 = ORIENTED_EDGE('',*,*,#478,.T.);
#877 = ORIENTED_EDGE('',*,*,#609,.F.);
#878 = ORIENTED_EDGE('',*,*,#291,.F.);
#879 = PLANE('',#880);
#880 = AXIS2_PLACEMENT_3D('',#881,#882,#883);
#881 = CARTESIAN_POINT('',(-2.54,2.2,13.8));
#882 = DIRECTION('',(-0.,0.951026496518,0.309109370483));
#883 = DIRECTION('',(0.,0.309109370483,-0.951026496518));
#884 = ADVANCED_FACE('',(#885),#891,.T.);
#885 = FACE_BOUND('',#886,.T.);
#886 = EDGE_LOOP('',(#887,#888,#889,#890));
#887 = ORIENTED_EDGE('',*,*,#549,.T.);
#888 = ORIENTED_EDGE('',*,*,#508,.T.);
#889 = ORIENTED_EDGE('',*,*,#413,.T.);
#890 = ORIENTED_EDGE('',*,*,#268,.T.);
#891 = PLANE('',#892);
#892 = AXIS2_PLACEMENT_3D('',#893,#894,#895);
#893 = CARTESIAN_POINT('',(-2.968091935206,-3.6,7.));
#894 = DIRECTION('',(0.,0.,1.));
#895 = DIRECTION('',(1.,0.,-0.));
#896 = ADVANCED_FACE('',(#897),#903,.F.);
#897 = FACE_BOUND('',#898,.F.);
#898 = EDGE_LOOP('',(#899,#900,#901,#902));
#899 = ORIENTED_EDGE('',*,*,#822,.T.);
#900 = ORIENTED_EDGE('',*,*,#439,.T.);
#901 = ORIENTED_EDGE('',*,*,#314,.F.);
#902 = ORIENTED_EDGE('',*,*,#245,.F.);
#903 = PLANE('',#904);
#904 = AXIS2_PLACEMENT_3D('',#905,#906,#907);
#905 = CARTESIAN_POINT('',(-2.54,-4.1,7.4));
#906 = DIRECTION('',(0.,0.,-1.));
#907 = DIRECTION('',(0.,-1.,0.));
#908 = ADVANCED_FACE('',(#909),#932,.F.);
#909 = FACE_BOUND('',#910,.F.);
#910 = EDGE_LOOP('',(#911,#921,#926,#927));
#911 = ORIENTED_EDGE('',*,*,#912,.T.);
#912 = EDGE_CURVE('',#913,#915,#917,.T.);
#913 = VERTEX_POINT('',#914);
#914 = CARTESIAN_POINT('',(3.68,-3.8,2.4));
#915 = VERTEX_POINT('',#916);
#916 = CARTESIAN_POINT('',(6.48,-3.8,2.4));
#917 = LINE('',#918,#919);
#918 = CARTESIAN_POINT('',(3.68,-3.8,2.4));
#919 = VECTOR('',#920,1.);
#920 = DIRECTION('',(1.,0.,0.));
#921 = ORIENTED_EDGE('',*,*,#922,.T.);
#922 = EDGE_CURVE('',#915,#332,#923,.T.);
#923 = B_SPLINE_CURVE_WITH_KNOTS('',1,(#924,#925),.UNSPECIFIED.,.F.,.F.,
  (2,2),(0.,1.),.PIECEWISE_BEZIER_KNOTS.);
#924 = CARTESIAN_POINT('',(6.48,-3.8,2.4));
#925 = CARTESIAN_POINT('',(6.88,-4.6,1.6));
#926 = ORIENTED_EDGE('',*,*,#331,.T.);
#927 = ORIENTED_EDGE('',*,*,#928,.F.);
#928 = EDGE_CURVE('',#913,#334,#929,.T.);
#929 = B_SPLINE_CURVE_WITH_KNOTS('',1,(#930,#931),.UNSPECIFIED.,.F.,.F.,
  (2,2),(0.,1.),.PIECEWISE_BEZIER_KNOTS.);
#930 = CARTESIAN_POINT('',(3.68,-3.8,2.4));
#931 = CARTESIAN_POINT('',(3.28,-4.6,1.6));
#932 = B_SPLINE_SURFACE_WITH_KNOTS('',1,1,(
    (#933,#934)
    ,(#935,#936
    )),.UNSPECIFIED.,.F.,.F.,.F.,(2,2),(2,2),(-3.6,0.),(0.,1.),
  .PIECEWISE_BEZIER_KNOTS.);
#933 = CARTESIAN_POINT('',(3.68,-3.8,2.4));
#934 = CARTESIAN_POINT('',(3.28,-4.6,1.6));
#935 = CARTESIAN_POINT('',(6.48,-3.8,2.4));
#936 = CARTESIAN_POINT('',(6.88,-4.6,1.6));
#937 = ADVANCED_FACE('',(#938),#955,.F.);
#938 = FACE_BOUND('',#939,.F.);
#939 = EDGE_LOOP('',(#940,#948,#953,#954));
#940 = ORIENTED_EDGE('',*,*,#941,.T.);
#941 = EDGE_CURVE('',#915,#942,#944,.T.);
#942 = VERTEX_POINT('',#943);
#943 = CARTESIAN_POINT('',(6.48,-3.8,5.1));
#944 = LINE('',#945,#946);
#945 = CARTESIAN_POINT('',(6.48,-3.8,2.4));
#946 = VECTOR('',#947,1.);
#947 = DIRECTION('',(0.,0.,1.));
#948 = ORIENTED_EDGE('',*,*,#949,.T.);
#949 = EDGE_CURVE('',#942,#342,#950,.T.);
#950 = B_SPLINE_CURVE_WITH_KNOTS('',1,(#951,#952),.UNSPECIFIED.,.F.,.F.,
  (2,2),(0.,1.),.PIECEWISE_BEZIER_KNOTS.);
#951 = CARTESIAN_POINT('',(6.48,-3.8,5.1));
#952 = CARTESIAN_POINT('',(6.88,-4.6,6.8));
#953 = ORIENTED_EDGE('',*,*,#341,.T.);
#954 = ORIENTED_EDGE('',*,*,#922,.F.);
#955 = B_SPLINE_SURFACE_WITH_KNOTS('',1,1,(
    (#956,#957)
    ,(#958,#959
    )),.UNSPECIFIED.,.F.,.F.,.F.,(2,2),(2,2),(-5.2,0.),(0.,1.),
  .PIECEWISE_BEZIER_KNOTS.);
#956 = CARTESIAN_POINT('',(6.48,-3.8,2.4));
#957 = CARTESIAN_POINT('',(6.88,-4.6,1.6));
#958 = CARTESIAN_POINT('',(6.48,-3.8,5.1));
#959 = CARTESIAN_POINT('',(6.88,-4.6,6.8));
#960 = ADVANCED_FACE('',(#961),#978,.F.);
#961 = FACE_BOUND('',#962,.F.);
#962 = EDGE_LOOP('',(#963,#971,#972,#973));
#963 = ORIENTED_EDGE('',*,*,#964,.T.);
#964 = EDGE_CURVE('',#965,#913,#967,.T.);
#965 = VERTEX_POINT('',#966);
#966 = CARTESIAN_POINT('',(3.68,-3.8,5.1));
#967 = LINE('',#968,#969);
#968 = CARTESIAN_POINT('',(3.68,-3.8,5.1));
#969 = VECTOR('',#970,1.);
#970 = DIRECTION('',(0.,0.,-1.));
#971 = ORIENTED_EDGE('',*,*,#928,.T.);
#972 = ORIENTED_EDGE('',*,*,#357,.T.);
#973 = ORIENTED_EDGE('',*,*,#974,.F.);
#974 = EDGE_CURVE('',#965,#350,#975,.T.);
#975 = B_SPLINE_CURVE_WITH_KNOTS('',1,(#976,#977),.UNSPECIFIED.,.F.,.F.,
  (2,2),(0.,1.),.PIECEWISE_BEZIER_KNOTS.);
#976 = CARTESIAN_POINT('',(3.68,-3.8,5.1));
#977 = CARTESIAN_POINT('',(3.28,-4.6,6.8));
#978 = B_SPLINE_SURFACE_WITH_KNOTS('',1,1,(
    (#979,#980)
    ,(#981,#982
    )),.UNSPECIFIED.,.F.,.F.,.F.,(2,2),(2,2),(-5.2,0.),(0.,1.),
  .PIECEWISE_BEZIER_KNOTS.);
#979 = CARTESIAN_POINT('',(3.68,-3.8,5.1));
#980 = CARTESIAN_POINT('',(3.28,-4.6,6.8));
#981 = CARTESIAN_POINT('',(3.68,-3.8,2.4));
#982 = CARTESIAN_POINT('',(3.28,-4.6,1.6));
#983 = ADVANCED_FACE('',(#984),#995,.F.);
#984 = FACE_BOUND('',#985,.F.);
#985 = EDGE_LOOP('',(#986,#992,#993,#994));
#986 = ORIENTED_EDGE('',*,*,#987,.T.);
#987 = EDGE_CURVE('',#942,#965,#988,.T.);
#988 = LINE('',#989,#990);
#989 = CARTESIAN_POINT('',(6.48,-3.8,5.1));
#990 = VECTOR('',#991,1.);
#991 = DIRECTION('',(-1.,0.,0.));
#992 = ORIENTED_EDGE('',*,*,#974,.T.);
#993 = ORIENTED_EDGE('',*,*,#349,.T.);
#994 = ORIENTED_EDGE('',*,*,#949,.F.);
#995 = B_SPLINE_SURFACE_WITH_KNOTS('',1,1,(
    (#996,#997)
    ,(#998,#999
    )),.UNSPECIFIED.,.F.,.F.,.F.,(2,2),(2,2),(-3.6,0.),(0.,1.),
  .PIECEWISE_BEZIER_KNOTS.);
#996 = CARTESIAN_POINT('',(6.48,-3.8,5.1));
#997 = CARTESIAN_POINT('',(6.88,-4.6,6.8));
#998 = CARTESIAN_POINT('',(3.68,-3.8,5.1));
#999 = CARTESIAN_POINT('',(3.28,-4.6,6.8));
#1000 = ADVANCED_FACE('',(#1001),#1024,.F.);
#1001 = FACE_BOUND('',#1002,.F.);
#1002 = EDGE_LOOP('',(#1003,#1013,#1018,#1019));
#1003 = ORIENTED_EDGE('',*,*,#1004,.T.);
#1004 = EDGE_CURVE('',#1005,#1007,#1009,.T.);
#1005 = VERTEX_POINT('',#1006);
#1006 = CARTESIAN_POINT('',(-1.4,-3.8,2.4));
#1007 = VERTEX_POINT('',#1008);
#1008 = CARTESIAN_POINT('',(1.4,-3.8,2.4));
#1009 = LINE('',#1010,#1011);
#1010 = CARTESIAN_POINT('',(-1.4,-3.8,2.4));
#1011 = VECTOR('',#1012,1.);
#1012 = DIRECTION('',(1.,0.,0.));
#1013 = ORIENTED_EDGE('',*,*,#1014,.T.);
#1014 = EDGE_CURVE('',#1007,#366,#1015,.T.);
#1015 = B_SPLINE_CURVE_WITH_KNOTS('',1,(#1016,#1017),.UNSPECIFIED.,.F.,
  .F.,(2,2),(0.,1.),.PIECEWISE_BEZIER_KNOTS.);
#1016 = CARTESIAN_POINT('',(1.4,-3.8,2.4));
#1017 = CARTESIAN_POINT('',(1.8,-4.6,1.6));
#1018 = ORIENTED_EDGE('',*,*,#365,.T.);
#1019 = ORIENTED_EDGE('',*,*,#1020,.F.);
#1020 = EDGE_CURVE('',#1005,#368,#1021,.T.);
#1021 = B_SPLINE_CURVE_WITH_KNOTS('',1,(#1022,#1023),.UNSPECIFIED.,.F.,
  .F.,(2,2),(0.,1.),.PIECEWISE_BEZIER_KNOTS.);
#1022 = CARTESIAN_POINT('',(-1.4,-3.8,2.4));
#1023 = CARTESIAN_POINT('',(-1.8,-4.6,1.6));
#1024 = B_SPLINE_SURFACE_WITH_KNOTS('',1,1,(
    (#1025,#1026)
    ,(#1027,#1028
    )),.UNSPECIFIED.,.F.,.F.,.F.,(2,2),(2,2),(-3.6,0.),(0.,1.),
  .PIECEWISE_BEZIER_KNOTS.);
#1025 = CARTESIAN_POINT('',(-1.4,-3.8,2.4));
#1026 = CARTESIAN_POINT('',(-1.8,-4.6,1.6));
#1027 = CARTESIAN_POINT('',(1.4,-3.8,2.4));
#1028 = CARTESIAN_POINT('',(1.8,-4.6,1.6));
#1029 = ADVANCED_FACE('',(#1030),#1047,.F.);
#1030 = FACE_BOUND('',#1031,.F.);
#1031 = EDGE_LOOP('',(#1032,#1040,#1045,#1046));
#1032 = ORIENTED_EDGE('',*,*,#1033,.T.);
#1033 = EDGE_CURVE('',#1007,#1034,#1036,.T.);
#1034 = VERTEX_POINT('',#1035);
#1035 = CARTESIAN_POINT('',(1.4,-3.8,5.1));
#1036 = LINE('',#1037,#1038);
#1037 = CARTESIAN_POINT('',(1.4,-3.8,2.4));
#1038 = VECTOR('',#1039,1.);
#1039 = DIRECTION('',(0.,0.,1.));
#1040 = ORIENTED_EDGE('',*,*,#1041,.T.);
#1041 = EDGE_CURVE('',#1034,#376,#1042,.T.);
#1042 = B_SPLINE_CURVE_WITH_KNOTS('',1,(#1043,#1044),.UNSPECIFIED.,.F.,
  .F.,(2,2),(0.,1.),.PIECEWISE_BEZIER_KNOTS.);
#1043 = CARTESIAN_POINT('',(1.4,-3.8,5.1));
#1044 = CARTESIAN_POINT('',(1.8,-4.6,6.8));
#1045 = ORIENTED_EDGE('',*,*,#375,.T.);
#1046 = ORIENTED_EDGE('',*,*,#1014,.F.);
#1047 = B_SPLINE_SURFACE_WITH_KNOTS('',1,1,(
    (#1048,#1049)
    ,(#1050,#1051
    )),.UNSPECIFIED.,.F.,.F.,.F.,(2,2),(2,2),(-5.2,0.),(0.,1.),
  .PIECEWISE_BEZIER_KNOTS.);
#1048 = CARTESIAN_POINT('',(1.4,-3.8,2.4));
#1049 = CARTESIAN_POINT('',(1.8,-4.6,1.6));
#1050 = CARTESIAN_POINT('',(1.4,-3.8,5.1));
#1051 = CARTESIAN_POINT('',(1.8,-4.6,6.8));
#1052 = ADVANCED_FACE('',(#1053),#1070,.F.);
#1053 = FACE_BOUND('',#1054,.F.);
#1054 = EDGE_LOOP('',(#1055,#1063,#1064,#1065));
#1055 = ORIENTED_EDGE('',*,*,#1056,.T.);
#1056 = EDGE_CURVE('',#1057,#1005,#1059,.T.);
#1057 = VERTEX_POINT('',#1058);
#1058 = CARTESIAN_POINT('',(-1.4,-3.8,5.1));
#1059 = LINE('',#1060,#1061);
#1060 = CARTESIAN_POINT('',(-1.4,-3.8,5.1));
#1061 = VECTOR('',#1062,1.);
#1062 = DIRECTION('',(0.,0.,-1.));
#1063 = ORIENTED_EDGE('',*,*,#1020,.T.);
#1064 = ORIENTED_EDGE('',*,*,#391,.T.);
#1065 = ORIENTED_EDGE('',*,*,#1066,.F.);
#1066 = EDGE_CURVE('',#1057,#384,#1067,.T.);
#1067 = B_SPLINE_CURVE_WITH_KNOTS('',1,(#1068,#1069),.UNSPECIFIED.,.F.,
  .F.,(2,2),(0.,1.),.PIECEWISE_BEZIER_KNOTS.);
#1068 = CARTESIAN_POINT('',(-1.4,-3.8,5.1));
#1069 = CARTESIAN_POINT('',(-1.8,-4.6,6.8));
#1070 = B_SPLINE_SURFACE_WITH_KNOTS('',1,1,(
    (#1071,#1072)
    ,(#1073,#1074
    )),.UNSPECIFIED.,.F.,.F.,.F.,(2,2),(2,2),(-5.2,0.),(0.,1.),
  .PIECEWISE_BEZIER_KNOTS.);
#1071 = CARTESIAN_POINT('',(-1.4,-3.8,5.1));
#1072 = CARTESIAN_POINT('',(-1.8,-4.6,6.8));
#1073 = CARTESIAN_POINT('',(-1.4,-3.8,2.4));
#1074 = CARTESIAN_POINT('',(-1.8,-4.6,1.6));
#1075 = ADVANCED_FACE('',(#1076),#1087,.F.);
#1076 = FACE_BOUND('',#1077,.F.);
#1077 = EDGE_LOOP('',(#1078,#1084,#1085,#1086));
#1078 = ORIENTED_EDGE('',*,*,#1079,.T.);
#1079 = EDGE_CURVE('',#1034,#1057,#1080,.T.);
#1080 = LINE('',#1081,#1082);
#1081 = CARTESIAN_POINT('',(1.4,-3.8,5.1));
#1082 = VECTOR('',#1083,1.);
#1083 = DIRECTION('',(-1.,0.,0.));
#1084 = ORIENTED_EDGE('',*,*,#1066,.T.);
#1085 = ORIENTED_EDGE('',*,*,#383,.T.);
#1086 = ORIENTED_EDGE('',*,*,#1041,.F.);
#1087 = B_SPLINE_SURFACE_WITH_KNOTS('',1,1,(
    (#1088,#1089)
    ,(#1090,#1091
    )),.UNSPECIFIED.,.F.,.F.,.F.,(2,2),(2,2),(-3.6,0.),(0.,1.),
  .PIECEWISE_BEZIER_KNOTS.);
#1088 = CARTESIAN_POINT('',(1.4,-3.8,5.1));
#1089 = CARTESIAN_POINT('',(1.8,-4.6,6.8));
#1090 = CARTESIAN_POINT('',(-1.4,-3.8,5.1));
#1091 = CARTESIAN_POINT('',(-1.8,-4.6,6.8));
#1092 = ADVANCED_FACE('',(#1093),#1099,.F.);
#1093 = FACE_BOUND('',#1094,.F.);
#1094 = EDGE_LOOP('',(#1095,#1096,#1097,#1098));
#1095 = ORIENTED_EDGE('',*,*,#590,.T.);
#1096 = ORIENTED_EDGE('',*,*,#573,.T.);
#1097 = ORIENTED_EDGE('',*,*,#532,.T.);
#1098 = ORIENTED_EDGE('',*,*,#455,.T.);
#1099 = PLANE('',#1100);
#1100 = AXIS2_PLACEMENT_3D('',#1101,#1102,#1103);
#1101 = CARTESIAN_POINT('',(7.191908064794,-3.6,7.));
#1102 = DIRECTION('',(0.,0.,1.));
#1103 = DIRECTION('',(1.,0.,-0.));
#1104 = ADVANCED_FACE('',(#1105),#1111,.F.);
#1105 = FACE_BOUND('',#1106,.F.);
#1106 = EDGE_LOOP('',(#1107,#1108,#1109,#1110));
#1107 = ORIENTED_EDGE('',*,*,#632,.T.);
#1108 = ORIENTED_EDGE('',*,*,#656,.T.);
#1109 = ORIENTED_EDGE('',*,*,#680,.T.);
#1110 = ORIENTED_EDGE('',*,*,#704,.T.);
#1111 = PLANE('',#1112);
#1112 = AXIS2_PLACEMENT_3D('',#1113,#1114,#1115);
#1113 = CARTESIAN_POINT('',(5.08,0.,-3.5));
#1114 = DIRECTION('',(0.,0.,1.));
#1115 = DIRECTION('',(1.,0.,-0.));
#1116 = ADVANCED_FACE('',(#1117),#1123,.F.);
#1117 = FACE_BOUND('',#1118,.F.);
#1118 = EDGE_LOOP('',(#1119,#1120,#1121,#1122));
#1119 = ORIENTED_EDGE('',*,*,#728,.T.);
#1120 = ORIENTED_EDGE('',*,*,#752,.T.);
#1121 = ORIENTED_EDGE('',*,*,#776,.T.);
#1122 = ORIENTED_EDGE('',*,*,#800,.T.);
#1123 = PLANE('',#1124);
#1124 = AXIS2_PLACEMENT_3D('',#1125,#1126,#1127);
#1125 = CARTESIAN_POINT('',(0.,0.,-3.5));
#1126 = DIRECTION('',(0.,0.,1.));
#1127 = DIRECTION('',(1.,0.,-0.));
#1128 = ADVANCED_FACE('',(#1129),#1234,.F.);
#1129 = FACE_BOUND('',#1130,.F.);
#1130 = EDGE_LOOP('',(#1131,#1139,#1140,#1141,#1150,#1158,#1167,#1175,
    #1184,#1192,#1201,#1210,#1219,#1227));
#1131 = ORIENTED_EDGE('',*,*,#1132,.F.);
#1132 = EDGE_CURVE('',#849,#1133,#1135,.T.);
#1133 = VERTEX_POINT('',#1134);
#1134 = CARTESIAN_POINT('',(7.08,-0.2,2.4));
#1135 = LINE('',#1136,#1137);
#1136 = CARTESIAN_POINT('',(7.08,-0.2,13.8));
#1137 = VECTOR('',#1138,1.);
#1138 = DIRECTION('',(-0.,-0.,-1.));
#1139 = ORIENTED_EDGE('',*,*,#848,.F.);
#1140 = ORIENTED_EDGE('',*,*,#1132,.T.);
#1141 = ORIENTED_EDGE('',*,*,#1142,.T.);
#1142 = EDGE_CURVE('',#1133,#1143,#1145,.T.);
#1143 = VERTEX_POINT('',#1144);
#1144 = CARTESIAN_POINT('',(6.48,1.228285685709,2.4));
#1145 = CIRCLE('',#1146,2.);
#1146 = AXIS2_PLACEMENT_3D('',#1147,#1148,#1149);
#1147 = CARTESIAN_POINT('',(5.08,-0.2,2.4));
#1148 = DIRECTION('',(0.,0.,1.));
#1149 = DIRECTION('',(1.,0.,-0.));
#1150 = ORIENTED_EDGE('',*,*,#1151,.T.);
#1151 = EDGE_CURVE('',#1143,#1152,#1154,.T.);
#1152 = VERTEX_POINT('',#1153);
#1153 = CARTESIAN_POINT('',(6.48,1.228285685709,5.1));
#1154 = LINE('',#1155,#1156);
#1155 = CARTESIAN_POINT('',(6.48,1.228285685709,13.8));
#1156 = VECTOR('',#1157,1.);
#1157 = DIRECTION('',(0.,0.,1.));
#1158 = ORIENTED_EDGE('',*,*,#1159,.T.);
#1159 = EDGE_CURVE('',#1152,#1160,#1162,.T.);
#1160 = VERTEX_POINT('',#1161);
#1161 = CARTESIAN_POINT('',(3.68,1.228285685708,5.1));
#1162 = CIRCLE('',#1163,2.);
#1163 = AXIS2_PLACEMENT_3D('',#1164,#1165,#1166);
#1164 = CARTESIAN_POINT('',(5.08,-0.2,5.1));
#1165 = DIRECTION('',(0.,0.,1.));
#1166 = DIRECTION('',(1.,0.,-0.));
#1167 = ORIENTED_EDGE('',*,*,#1168,.F.);
#1168 = EDGE_CURVE('',#1169,#1160,#1171,.T.);
#1169 = VERTEX_POINT('',#1170);
#1170 = CARTESIAN_POINT('',(3.68,1.228285685709,2.4));
#1171 = LINE('',#1172,#1173);
#1172 = CARTESIAN_POINT('',(3.68,1.228285685709,13.8));
#1173 = VECTOR('',#1174,1.);
#1174 = DIRECTION('',(0.,0.,1.));
#1175 = ORIENTED_EDGE('',*,*,#1176,.T.);
#1176 = EDGE_CURVE('',#1169,#1177,#1179,.T.);
#1177 = VERTEX_POINT('',#1178);
#1178 = CARTESIAN_POINT('',(3.68,-1.628285685709,2.4));
#1179 = CIRCLE('',#1180,2.);
#1180 = AXIS2_PLACEMENT_3D('',#1181,#1182,#1183);
#1181 = CARTESIAN_POINT('',(5.08,-0.2,2.4));
#1182 = DIRECTION('',(0.,0.,1.));
#1183 = DIRECTION('',(1.,0.,-0.));
#1184 = ORIENTED_EDGE('',*,*,#1185,.T.);
#1185 = EDGE_CURVE('',#1177,#1186,#1188,.T.);
#1186 = VERTEX_POINT('',#1187);
#1187 = CARTESIAN_POINT('',(3.68,-1.628285685708,5.1));
#1188 = LINE('',#1189,#1190);
#1189 = CARTESIAN_POINT('',(3.68,-1.628285685709,13.8));
#1190 = VECTOR('',#1191,1.);
#1191 = DIRECTION('',(0.,0.,1.));
#1192 = ORIENTED_EDGE('',*,*,#1193,.T.);
#1193 = EDGE_CURVE('',#1186,#1194,#1196,.T.);
#1194 = VERTEX_POINT('',#1195);
#1195 = CARTESIAN_POINT('',(4.208220211292,-2.,5.1));
#1196 = CIRCLE('',#1197,2.);
#1197 = AXIS2_PLACEMENT_3D('',#1198,#1199,#1200);
#1198 = CARTESIAN_POINT('',(5.08,-0.2,5.1));
#1199 = DIRECTION('',(0.,0.,1.));
#1200 = DIRECTION('',(1.,0.,-0.));
#1201 = ORIENTED_EDGE('',*,*,#1202,.T.);
#1202 = EDGE_CURVE('',#1194,#1203,#1205,.T.);
#1203 = VERTEX_POINT('',#1204);
#1204 = CARTESIAN_POINT('',(5.951779788708,-2.,5.1));
#1205 = CIRCLE('',#1206,2.);
#1206 = AXIS2_PLACEMENT_3D('',#1207,#1208,#1209);
#1207 = CARTESIAN_POINT('',(5.08,-0.2,5.1));
#1208 = DIRECTION('',(0.,0.,1.));
#1209 = DIRECTION('',(1.,0.,-0.));
#1210 = ORIENTED_EDGE('',*,*,#1211,.T.);
#1211 = EDGE_CURVE('',#1203,#1212,#1214,.T.);
#1212 = VERTEX_POINT('',#1213);
#1213 = CARTESIAN_POINT('',(6.48,-1.628285685709,5.1));
#1214 = CIRCLE('',#1215,2.);
#1215 = AXIS2_PLACEMENT_3D('',#1216,#1217,#1218);
#1216 = CARTESIAN_POINT('',(5.08,-0.2,5.1));
#1217 = DIRECTION('',(0.,0.,1.));
#1218 = DIRECTION('',(1.,0.,-0.));
#1219 = ORIENTED_EDGE('',*,*,#1220,.F.);
#1220 = EDGE_CURVE('',#1221,#1212,#1223,.T.);
#1221 = VERTEX_POINT('',#1222);
#1222 = CARTESIAN_POINT('',(6.48,-1.628285685709,2.4));
#1223 = LINE('',#1224,#1225);
#1224 = CARTESIAN_POINT('',(6.48,-1.628285685709,13.8));
#1225 = VECTOR('',#1226,1.);
#1226 = DIRECTION('',(0.,0.,1.));
#1227 = ORIENTED_EDGE('',*,*,#1228,.T.);
#1228 = EDGE_CURVE('',#1221,#1133,#1229,.T.);
#1229 = CIRCLE('',#1230,2.);
#1230 = AXIS2_PLACEMENT_3D('',#1231,#1232,#1233);
#1231 = CARTESIAN_POINT('',(5.08,-0.2,2.4));
#1232 = DIRECTION('',(0.,0.,1.));
#1233 = DIRECTION('',(1.,0.,-0.));
#1234 = CYLINDRICAL_SURFACE('',#1235,2.);
#1235 = AXIS2_PLACEMENT_3D('',#1236,#1237,#1238);
#1236 = CARTESIAN_POINT('',(5.08,-0.2,13.8));
#1237 = DIRECTION('',(0.,0.,1.));
#1238 = DIRECTION('',(1.,0.,-0.));
#1239 = ADVANCED_FACE('',(#1240),#1345,.F.);
#1240 = FACE_BOUND('',#1241,.F.);
#1241 = EDGE_LOOP('',(#1242,#1250,#1251,#1252,#1261,#1269,#1278,#1286,
    #1295,#1303,#1312,#1321,#1330,#1338));
#1242 = ORIENTED_EDGE('',*,*,#1243,.F.);
#1243 = EDGE_CURVE('',#860,#1244,#1246,.T.);
#1244 = VERTEX_POINT('',#1245);
#1245 = CARTESIAN_POINT('',(2.,-0.2,2.4));
#1246 = LINE('',#1247,#1248);
#1247 = CARTESIAN_POINT('',(2.,-0.2,13.8));
#1248 = VECTOR('',#1249,1.);
#1249 = DIRECTION('',(-0.,-0.,-1.));
#1250 = ORIENTED_EDGE('',*,*,#859,.F.);
#1251 = ORIENTED_EDGE('',*,*,#1243,.T.);
#1252 = ORIENTED_EDGE('',*,*,#1253,.T.);
#1253 = EDGE_CURVE('',#1244,#1254,#1256,.T.);
#1254 = VERTEX_POINT('',#1255);
#1255 = CARTESIAN_POINT('',(1.4,1.228285685709,2.4));
#1256 = CIRCLE('',#1257,2.);
#1257 = AXIS2_PLACEMENT_3D('',#1258,#1259,#1260);
#1258 = CARTESIAN_POINT('',(0.,-0.2,2.4));
#1259 = DIRECTION('',(0.,0.,1.));
#1260 = DIRECTION('',(1.,0.,-0.));
#1261 = ORIENTED_EDGE('',*,*,#1262,.T.);
#1262 = EDGE_CURVE('',#1254,#1263,#1265,.T.);
#1263 = VERTEX_POINT('',#1264);
#1264 = CARTESIAN_POINT('',(1.4,1.228285685709,5.1));
#1265 = LINE('',#1266,#1267);
#1266 = CARTESIAN_POINT('',(1.4,1.228285685709,13.8));
#1267 = VECTOR('',#1268,1.);
#1268 = DIRECTION('',(0.,0.,1.));
#1269 = ORIENTED_EDGE('',*,*,#1270,.T.);
#1270 = EDGE_CURVE('',#1263,#1271,#1273,.T.);
#1271 = VERTEX_POINT('',#1272);
#1272 = CARTESIAN_POINT('',(-1.4,1.228285685709,5.1));
#1273 = CIRCLE('',#1274,2.);
#1274 = AXIS2_PLACEMENT_3D('',#1275,#1276,#1277);
#1275 = CARTESIAN_POINT('',(0.,-0.2,5.1));
#1276 = DIRECTION('',(0.,0.,1.));
#1277 = DIRECTION('',(1.,0.,-0.));
#1278 = ORIENTED_EDGE('',*,*,#1279,.F.);
#1279 = EDGE_CURVE('',#1280,#1271,#1282,.T.);
#1280 = VERTEX_POINT('',#1281);
#1281 = CARTESIAN_POINT('',(-1.4,1.228285685709,2.4));
#1282 = LINE('',#1283,#1284);
#1283 = CARTESIAN_POINT('',(-1.4,1.228285685709,13.8));
#1284 = VECTOR('',#1285,1.);
#1285 = DIRECTION('',(0.,0.,1.));
#1286 = ORIENTED_EDGE('',*,*,#1287,.T.);
#1287 = EDGE_CURVE('',#1280,#1288,#1290,.T.);
#1288 = VERTEX_POINT('',#1289);
#1289 = CARTESIAN_POINT('',(-1.4,-1.628285685709,2.4));
#1290 = CIRCLE('',#1291,2.);
#1291 = AXIS2_PLACEMENT_3D('',#1292,#1293,#1294);
#1292 = CARTESIAN_POINT('',(0.,-0.2,2.4));
#1293 = DIRECTION('',(0.,0.,1.));
#1294 = DIRECTION('',(1.,0.,-0.));
#1295 = ORIENTED_EDGE('',*,*,#1296,.T.);
#1296 = EDGE_CURVE('',#1288,#1297,#1299,.T.);
#1297 = VERTEX_POINT('',#1298);
#1298 = CARTESIAN_POINT('',(-1.4,-1.628285685709,5.1));
#1299 = LINE('',#1300,#1301);
#1300 = CARTESIAN_POINT('',(-1.4,-1.628285685709,13.8));
#1301 = VECTOR('',#1302,1.);
#1302 = DIRECTION('',(0.,0.,1.));
#1303 = ORIENTED_EDGE('',*,*,#1304,.T.);
#1304 = EDGE_CURVE('',#1297,#1305,#1307,.T.);
#1305 = VERTEX_POINT('',#1306);
#1306 = CARTESIAN_POINT('',(-0.871779788708,-2.,5.1));
#1307 = CIRCLE('',#1308,2.);
#1308 = AXIS2_PLACEMENT_3D('',#1309,#1310,#1311);
#1309 = CARTESIAN_POINT('',(0.,-0.2,5.1));
#1310 = DIRECTION('',(0.,0.,1.));
#1311 = DIRECTION('',(1.,0.,-0.));
#1312 = ORIENTED_EDGE('',*,*,#1313,.T.);
#1313 = EDGE_CURVE('',#1305,#1314,#1316,.T.);
#1314 = VERTEX_POINT('',#1315);
#1315 = CARTESIAN_POINT('',(0.871779788708,-2.,5.1));
#1316 = CIRCLE('',#1317,2.);
#1317 = AXIS2_PLACEMENT_3D('',#1318,#1319,#1320);
#1318 = CARTESIAN_POINT('',(0.,-0.2,5.1));
#1319 = DIRECTION('',(0.,0.,1.));
#1320 = DIRECTION('',(1.,0.,-0.));
#1321 = ORIENTED_EDGE('',*,*,#1322,.T.);
#1322 = EDGE_CURVE('',#1314,#1323,#1325,.T.);
#1323 = VERTEX_POINT('',#1324);
#1324 = CARTESIAN_POINT('',(1.4,-1.628285685709,5.1));
#1325 = CIRCLE('',#1326,2.);
#1326 = AXIS2_PLACEMENT_3D('',#1327,#1328,#1329);
#1327 = CARTESIAN_POINT('',(0.,-0.2,5.1));
#1328 = DIRECTION('',(0.,0.,1.));
#1329 = DIRECTION('',(1.,0.,-0.));
#1330 = ORIENTED_EDGE('',*,*,#1331,.F.);
#1331 = EDGE_CURVE('',#1332,#1323,#1334,.T.);
#1332 = VERTEX_POINT('',#1333);
#1333 = CARTESIAN_POINT('',(1.4,-1.628285685709,2.4));
#1334 = LINE('',#1335,#1336);
#1335 = CARTESIAN_POINT('',(1.4,-1.628285685709,13.8));
#1336 = VECTOR('',#1337,1.);
#1337 = DIRECTION('',(0.,0.,1.));
#1338 = ORIENTED_EDGE('',*,*,#1339,.T.);
#1339 = EDGE_CURVE('',#1332,#1244,#1340,.T.);
#1340 = CIRCLE('',#1341,2.);
#1341 = AXIS2_PLACEMENT_3D('',#1342,#1343,#1344);
#1342 = CARTESIAN_POINT('',(0.,-0.2,2.4));
#1343 = DIRECTION('',(0.,0.,1.));
#1344 = DIRECTION('',(1.,0.,-0.));
#1345 = CYLINDRICAL_SURFACE('',#1346,2.);
#1346 = AXIS2_PLACEMENT_3D('',#1347,#1348,#1349);
#1347 = CARTESIAN_POINT('',(0.,-0.2,13.8));
#1348 = DIRECTION('',(0.,0.,1.));
#1349 = DIRECTION('',(1.,0.,-0.));
#1350 = ADVANCED_FACE('',(#1351),#1376,.F.);
#1351 = FACE_BOUND('',#1352,.F.);
#1352 = EDGE_LOOP('',(#1353,#1361,#1362,#1370));
#1353 = ORIENTED_EDGE('',*,*,#1354,.F.);
#1354 = EDGE_CURVE('',#915,#1355,#1357,.T.);
#1355 = VERTEX_POINT('',#1356);
#1356 = CARTESIAN_POINT('',(6.48,-2.,2.4));
#1357 = LINE('',#1358,#1359);
#1358 = CARTESIAN_POINT('',(6.48,-104.6,2.4));
#1359 = VECTOR('',#1360,1.);
#1360 = DIRECTION('',(-0.,1.,-0.));
#1361 = ORIENTED_EDGE('',*,*,#912,.F.);
#1362 = ORIENTED_EDGE('',*,*,#1363,.T.);
#1363 = EDGE_CURVE('',#913,#1364,#1366,.T.);
#1364 = VERTEX_POINT('',#1365);
#1365 = CARTESIAN_POINT('',(3.68,-2.,2.4));
#1366 = LINE('',#1367,#1368);
#1367 = CARTESIAN_POINT('',(3.68,-104.6,2.4));
#1368 = VECTOR('',#1369,1.);
#1369 = DIRECTION('',(-0.,1.,-0.));
#1370 = ORIENTED_EDGE('',*,*,#1371,.T.);
#1371 = EDGE_CURVE('',#1364,#1355,#1372,.T.);
#1372 = LINE('',#1373,#1374);
#1373 = CARTESIAN_POINT('',(3.68,-2.,2.4));
#1374 = VECTOR('',#1375,1.);
#1375 = DIRECTION('',(1.,0.,0.));
#1376 = PLANE('',#1377);
#1377 = AXIS2_PLACEMENT_3D('',#1378,#1379,#1380);
#1378 = CARTESIAN_POINT('',(3.68,-104.6,2.4));
#1379 = DIRECTION('',(0.,0.,-1.));
#1380 = DIRECTION('',(1.,0.,0.));
#1381 = ADVANCED_FACE('',(#1382),#1400,.F.);
#1382 = FACE_BOUND('',#1383,.F.);
#1383 = EDGE_LOOP('',(#1384,#1392,#1393,#1394));
#1384 = ORIENTED_EDGE('',*,*,#1385,.F.);
#1385 = EDGE_CURVE('',#942,#1386,#1388,.T.);
#1386 = VERTEX_POINT('',#1387);
#1387 = CARTESIAN_POINT('',(6.48,-2.,5.1));
#1388 = LINE('',#1389,#1390);
#1389 = CARTESIAN_POINT('',(6.48,-104.6,5.1));
#1390 = VECTOR('',#1391,1.);
#1391 = DIRECTION('',(-0.,1.,-0.));
#1392 = ORIENTED_EDGE('',*,*,#941,.F.);
#1393 = ORIENTED_EDGE('',*,*,#1354,.T.);
#1394 = ORIENTED_EDGE('',*,*,#1395,.T.);
#1395 = EDGE_CURVE('',#1355,#1386,#1396,.T.);
#1396 = LINE('',#1397,#1398);
#1397 = CARTESIAN_POINT('',(6.48,-2.,2.4));
#1398 = VECTOR('',#1399,1.);
#1399 = DIRECTION('',(0.,0.,1.));
#1400 = PLANE('',#1401);
#1401 = AXIS2_PLACEMENT_3D('',#1402,#1403,#1404);
#1402 = CARTESIAN_POINT('',(6.48,-104.6,2.4));
#1403 = DIRECTION('',(1.,0.,-0.));
#1404 = DIRECTION('',(0.,0.,1.));
#1405 = ADVANCED_FACE('',(#1406),#1424,.F.);
#1406 = FACE_BOUND('',#1407,.F.);
#1407 = EDGE_LOOP('',(#1408,#1409,#1410,#1418));
#1408 = ORIENTED_EDGE('',*,*,#1363,.F.);
#1409 = ORIENTED_EDGE('',*,*,#964,.F.);
#1410 = ORIENTED_EDGE('',*,*,#1411,.T.);
#1411 = EDGE_CURVE('',#965,#1412,#1414,.T.);
#1412 = VERTEX_POINT('',#1413);
#1413 = CARTESIAN_POINT('',(3.68,-2.,5.1));
#1414 = LINE('',#1415,#1416);
#1415 = CARTESIAN_POINT('',(3.68,-104.6,5.1));
#1416 = VECTOR('',#1417,1.);
#1417 = DIRECTION('',(-0.,1.,-0.));
#1418 = ORIENTED_EDGE('',*,*,#1419,.F.);
#1419 = EDGE_CURVE('',#1364,#1412,#1420,.T.);
#1420 = LINE('',#1421,#1422);
#1421 = CARTESIAN_POINT('',(3.68,-2.,2.4));
#1422 = VECTOR('',#1423,1.);
#1423 = DIRECTION('',(0.,0.,1.));
#1424 = PLANE('',#1425);
#1425 = AXIS2_PLACEMENT_3D('',#1426,#1427,#1428);
#1426 = CARTESIAN_POINT('',(3.68,-104.6,5.1));
#1427 = DIRECTION('',(-1.,-0.,-0.));
#1428 = DIRECTION('',(0.,0.,-1.));
#1429 = ADVANCED_FACE('',(#1430),#1448,.F.);
#1430 = FACE_BOUND('',#1431,.F.);
#1431 = EDGE_LOOP('',(#1432,#1433,#1434,#1435,#1441,#1442));
#1432 = ORIENTED_EDGE('',*,*,#1411,.F.);
#1433 = ORIENTED_EDGE('',*,*,#987,.F.);
#1434 = ORIENTED_EDGE('',*,*,#1385,.T.);
#1435 = ORIENTED_EDGE('',*,*,#1436,.F.);
#1436 = EDGE_CURVE('',#1203,#1386,#1437,.T.);
#1437 = LINE('',#1438,#1439);
#1438 = CARTESIAN_POINT('',(3.68,-2.,5.1));
#1439 = VECTOR('',#1440,1.);
#1440 = DIRECTION('',(1.,0.,0.));
#1441 = ORIENTED_EDGE('',*,*,#1202,.F.);
#1442 = ORIENTED_EDGE('',*,*,#1443,.F.);
#1443 = EDGE_CURVE('',#1412,#1194,#1444,.T.);
#1444 = LINE('',#1445,#1446);
#1445 = CARTESIAN_POINT('',(3.68,-2.,5.1));
#1446 = VECTOR('',#1447,1.);
#1447 = DIRECTION('',(1.,0.,0.));
#1448 = PLANE('',#1449);
#1449 = AXIS2_PLACEMENT_3D('',#1450,#1451,#1452);
#1450 = CARTESIAN_POINT('',(6.48,-104.6,5.1));
#1451 = DIRECTION('',(0.,0.,1.));
#1452 = DIRECTION('',(-1.,0.,0.));
#1453 = ADVANCED_FACE('',(#1454),#1479,.F.);
#1454 = FACE_BOUND('',#1455,.F.);
#1455 = EDGE_LOOP('',(#1456,#1464,#1465,#1473));
#1456 = ORIENTED_EDGE('',*,*,#1457,.F.);
#1457 = EDGE_CURVE('',#1007,#1458,#1460,.T.);
#1458 = VERTEX_POINT('',#1459);
#1459 = CARTESIAN_POINT('',(1.4,-2.,2.4));
#1460 = LINE('',#1461,#1462);
#1461 = CARTESIAN_POINT('',(1.4,-104.6,2.4));
#1462 = VECTOR('',#1463,1.);
#1463 = DIRECTION('',(-0.,1.,-0.));
#1464 = ORIENTED_EDGE('',*,*,#1004,.F.);
#1465 = ORIENTED_EDGE('',*,*,#1466,.T.);
#1466 = EDGE_CURVE('',#1005,#1467,#1469,.T.);
#1467 = VERTEX_POINT('',#1468);
#1468 = CARTESIAN_POINT('',(-1.4,-2.,2.4));
#1469 = LINE('',#1470,#1471);
#1470 = CARTESIAN_POINT('',(-1.4,-104.6,2.4));
#1471 = VECTOR('',#1472,1.);
#1472 = DIRECTION('',(-0.,1.,-0.));
#1473 = ORIENTED_EDGE('',*,*,#1474,.T.);
#1474 = EDGE_CURVE('',#1467,#1458,#1475,.T.);
#1475 = LINE('',#1476,#1477);
#1476 = CARTESIAN_POINT('',(-1.4,-2.,2.4));
#1477 = VECTOR('',#1478,1.);
#1478 = DIRECTION('',(1.,0.,0.));
#1479 = PLANE('',#1480);
#1480 = AXIS2_PLACEMENT_3D('',#1481,#1482,#1483);
#1481 = CARTESIAN_POINT('',(-1.4,-104.6,2.4));
#1482 = DIRECTION('',(0.,0.,-1.));
#1483 = DIRECTION('',(1.,0.,0.));
#1484 = ADVANCED_FACE('',(#1485),#1503,.F.);
#1485 = FACE_BOUND('',#1486,.F.);
#1486 = EDGE_LOOP('',(#1487,#1495,#1496,#1497));
#1487 = ORIENTED_EDGE('',*,*,#1488,.F.);
#1488 = EDGE_CURVE('',#1034,#1489,#1491,.T.);
#1489 = VERTEX_POINT('',#1490);
#1490 = CARTESIAN_POINT('',(1.4,-2.,5.1));
#1491 = LINE('',#1492,#1493);
#1492 = CARTESIAN_POINT('',(1.4,-104.6,5.1));
#1493 = VECTOR('',#1494,1.);
#1494 = DIRECTION('',(-0.,1.,-0.));
#1495 = ORIENTED_EDGE('',*,*,#1033,.F.);
#1496 = ORIENTED_EDGE('',*,*,#1457,.T.);
#1497 = ORIENTED_EDGE('',*,*,#1498,.T.);
#1498 = EDGE_CURVE('',#1458,#1489,#1499,.T.);
#1499 = LINE('',#1500,#1501);
#1500 = CARTESIAN_POINT('',(1.4,-2.,2.4));
#1501 = VECTOR('',#1502,1.);
#1502 = DIRECTION('',(0.,0.,1.));
#1503 = PLANE('',#1504);
#1504 = AXIS2_PLACEMENT_3D('',#1505,#1506,#1507);
#1505 = CARTESIAN_POINT('',(1.4,-104.6,2.4));
#1506 = DIRECTION('',(1.,0.,-0.));
#1507 = DIRECTION('',(0.,0.,1.));
#1508 = ADVANCED_FACE('',(#1509),#1527,.F.);
#1509 = FACE_BOUND('',#1510,.F.);
#1510 = EDGE_LOOP('',(#1511,#1512,#1513,#1521));
#1511 = ORIENTED_EDGE('',*,*,#1466,.F.);
#1512 = ORIENTED_EDGE('',*,*,#1056,.F.);
#1513 = ORIENTED_EDGE('',*,*,#1514,.T.);
#1514 = EDGE_CURVE('',#1057,#1515,#1517,.T.);
#1515 = VERTEX_POINT('',#1516);
#1516 = CARTESIAN_POINT('',(-1.4,-2.,5.1));
#1517 = LINE('',#1518,#1519);
#1518 = CARTESIAN_POINT('',(-1.4,-104.6,5.1));
#1519 = VECTOR('',#1520,1.);
#1520 = DIRECTION('',(-0.,1.,-0.));
#1521 = ORIENTED_EDGE('',*,*,#1522,.F.);
#1522 = EDGE_CURVE('',#1467,#1515,#1523,.T.);
#1523 = LINE('',#1524,#1525);
#1524 = CARTESIAN_POINT('',(-1.4,-2.,2.4));
#1525 = VECTOR('',#1526,1.);
#1526 = DIRECTION('',(0.,0.,1.));
#1527 = PLANE('',#1528);
#1528 = AXIS2_PLACEMENT_3D('',#1529,#1530,#1531);
#1529 = CARTESIAN_POINT('',(-1.4,-104.6,5.1));
#1530 = DIRECTION('',(-1.,-0.,-0.));
#1531 = DIRECTION('',(0.,0.,-1.));
#1532 = ADVANCED_FACE('',(#1533),#1551,.F.);
#1533 = FACE_BOUND('',#1534,.F.);
#1534 = EDGE_LOOP('',(#1535,#1536,#1537,#1538,#1544,#1545));
#1535 = ORIENTED_EDGE('',*,*,#1514,.F.);
#1536 = ORIENTED_EDGE('',*,*,#1079,.F.);
#1537 = ORIENTED_EDGE('',*,*,#1488,.T.);
#1538 = ORIENTED_EDGE('',*,*,#1539,.F.);
#1539 = EDGE_CURVE('',#1314,#1489,#1540,.T.);
#1540 = LINE('',#1541,#1542);
#1541 = CARTESIAN_POINT('',(-1.4,-2.,5.1));
#1542 = VECTOR('',#1543,1.);
#1543 = DIRECTION('',(1.,0.,0.));
#1544 = ORIENTED_EDGE('',*,*,#1313,.F.);
#1545 = ORIENTED_EDGE('',*,*,#1546,.F.);
#1546 = EDGE_CURVE('',#1515,#1305,#1547,.T.);
#1547 = LINE('',#1548,#1549);
#1548 = CARTESIAN_POINT('',(-1.4,-2.,5.1));
#1549 = VECTOR('',#1550,1.);
#1550 = DIRECTION('',(1.,0.,0.));
#1551 = PLANE('',#1552);
#1552 = AXIS2_PLACEMENT_3D('',#1553,#1554,#1555);
#1553 = CARTESIAN_POINT('',(1.4,-104.6,5.1));
#1554 = DIRECTION('',(0.,0.,1.));
#1555 = DIRECTION('',(-1.,0.,0.));
#1556 = ADVANCED_FACE('',(#1557),#1567,.F.);
#1557 = FACE_BOUND('',#1558,.F.);
#1558 = EDGE_LOOP('',(#1559,#1560,#1566));
#1559 = ORIENTED_EDGE('',*,*,#1228,.F.);
#1560 = ORIENTED_EDGE('',*,*,#1561,.T.);
#1561 = EDGE_CURVE('',#1221,#1143,#1562,.T.);
#1562 = LINE('',#1563,#1564);
#1563 = CARTESIAN_POINT('',(6.48,-2.,2.4));
#1564 = VECTOR('',#1565,1.);
#1565 = DIRECTION('',(0.,1.,0.));
#1566 = ORIENTED_EDGE('',*,*,#1142,.F.);
#1567 = PLANE('',#1568);
#1568 = AXIS2_PLACEMENT_3D('',#1569,#1570,#1571);
#1569 = CARTESIAN_POINT('',(3.68,-104.6,2.4));
#1570 = DIRECTION('',(0.,0.,-1.));
#1571 = DIRECTION('',(1.,0.,0.));
#1572 = ADVANCED_FACE('',(#1573),#1600,.F.);
#1573 = FACE_BOUND('',#1574,.F.);
#1574 = EDGE_LOOP('',(#1575,#1576,#1577,#1585,#1593,#1599));
#1575 = ORIENTED_EDGE('',*,*,#1561,.F.);
#1576 = ORIENTED_EDGE('',*,*,#1220,.T.);
#1577 = ORIENTED_EDGE('',*,*,#1578,.T.);
#1578 = EDGE_CURVE('',#1212,#1579,#1581,.T.);
#1579 = VERTEX_POINT('',#1580);
#1580 = CARTESIAN_POINT('',(6.48,-1.484523257867,5.1));
#1581 = LINE('',#1582,#1583);
#1582 = CARTESIAN_POINT('',(6.48,-2.,5.1));
#1583 = VECTOR('',#1584,1.);
#1584 = DIRECTION('',(0.,1.,0.));
#1585 = ORIENTED_EDGE('',*,*,#1586,.T.);
#1586 = EDGE_CURVE('',#1579,#1587,#1589,.T.);
#1587 = VERTEX_POINT('',#1588);
#1588 = CARTESIAN_POINT('',(6.48,1.084523257867,5.1));
#1589 = LINE('',#1590,#1591);
#1590 = CARTESIAN_POINT('',(6.48,-2.,5.1));
#1591 = VECTOR('',#1592,1.);
#1592 = DIRECTION('',(0.,1.,0.));
#1593 = ORIENTED_EDGE('',*,*,#1594,.T.);
#1594 = EDGE_CURVE('',#1587,#1152,#1595,.T.);
#1595 = LINE('',#1596,#1597);
#1596 = CARTESIAN_POINT('',(6.48,-2.,5.1));
#1597 = VECTOR('',#1598,1.);
#1598 = DIRECTION('',(0.,1.,0.));
#1599 = ORIENTED_EDGE('',*,*,#1151,.F.);
#1600 = PLANE('',#1601);
#1601 = AXIS2_PLACEMENT_3D('',#1602,#1603,#1604);
#1602 = CARTESIAN_POINT('',(6.48,-2.,2.4));
#1603 = DIRECTION('',(-1.,0.,0.));
#1604 = DIRECTION('',(0.,1.,0.));
#1605 = ADVANCED_FACE('',(#1606),#1625,.T.);
#1606 = FACE_BOUND('',#1607,.T.);
#1607 = EDGE_LOOP('',(#1608,#1617,#1623,#1624));
#1608 = ORIENTED_EDGE('',*,*,#1609,.F.);
#1609 = EDGE_CURVE('',#1610,#1579,#1612,.T.);
#1610 = VERTEX_POINT('',#1611);
#1611 = CARTESIAN_POINT('',(5.68827625303,-2.,5.1));
#1612 = CIRCLE('',#1613,1.9);
#1613 = AXIS2_PLACEMENT_3D('',#1614,#1615,#1616);
#1614 = CARTESIAN_POINT('',(5.08,-0.2,5.1));
#1615 = DIRECTION('',(0.,0.,1.));
#1616 = DIRECTION('',(1.,0.,-0.));
#1617 = ORIENTED_EDGE('',*,*,#1618,.T.);
#1618 = EDGE_CURVE('',#1610,#1203,#1619,.T.);
#1619 = LINE('',#1620,#1621);
#1620 = CARTESIAN_POINT('',(3.68,-2.,5.1));
#1621 = VECTOR('',#1622,1.);
#1622 = DIRECTION('',(1.,0.,0.));
#1623 = ORIENTED_EDGE('',*,*,#1211,.T.);
#1624 = ORIENTED_EDGE('',*,*,#1578,.T.);
#1625 = PLANE('',#1626);
#1626 = AXIS2_PLACEMENT_3D('',#1627,#1628,#1629);
#1627 = CARTESIAN_POINT('',(5.08,0.,5.1));
#1628 = DIRECTION('',(0.,0.,1.));
#1629 = DIRECTION('',(1.,0.,-0.));
#1630 = ADVANCED_FACE('',(#1631),#1657,.T.);
#1631 = FACE_BOUND('',#1632,.T.);
#1632 = EDGE_LOOP('',(#1633,#1644,#1650,#1651));
#1633 = ORIENTED_EDGE('',*,*,#1634,.F.);
#1634 = EDGE_CURVE('',#1635,#1637,#1639,.T.);
#1635 = VERTEX_POINT('',#1636);
#1636 = CARTESIAN_POINT('',(3.68,-1.484523257866,5.1));
#1637 = VERTEX_POINT('',#1638);
#1638 = CARTESIAN_POINT('',(4.47172374697,-2.,5.1));
#1639 = CIRCLE('',#1640,1.9);
#1640 = AXIS2_PLACEMENT_3D('',#1641,#1642,#1643);
#1641 = CARTESIAN_POINT('',(5.08,-0.2,5.1));
#1642 = DIRECTION('',(0.,0.,1.));
#1643 = DIRECTION('',(1.,0.,-0.));
#1644 = ORIENTED_EDGE('',*,*,#1645,.T.);
#1645 = EDGE_CURVE('',#1635,#1186,#1646,.T.);
#1646 = LINE('',#1647,#1648);
#1647 = CARTESIAN_POINT('',(3.68,2.,5.1));
#1648 = VECTOR('',#1649,1.);
#1649 = DIRECTION('',(0.,-1.,0.));
#1650 = ORIENTED_EDGE('',*,*,#1193,.T.);
#1651 = ORIENTED_EDGE('',*,*,#1652,.T.);
#1652 = EDGE_CURVE('',#1194,#1637,#1653,.T.);
#1653 = LINE('',#1654,#1655);
#1654 = CARTESIAN_POINT('',(3.68,-2.,5.1));
#1655 = VECTOR('',#1656,1.);
#1656 = DIRECTION('',(1.,0.,0.));
#1657 = PLANE('',#1658);
#1658 = AXIS2_PLACEMENT_3D('',#1659,#1660,#1661);
#1659 = CARTESIAN_POINT('',(5.08,0.,5.1));
#1660 = DIRECTION('',(0.,0.,1.));
#1661 = DIRECTION('',(1.,0.,-0.));
#1662 = ADVANCED_FACE('',(#1663),#1688,.F.);
#1663 = FACE_BOUND('',#1664,.F.);
#1664 = EDGE_LOOP('',(#1665,#1666,#1674,#1680,#1681,#1682));
#1665 = ORIENTED_EDGE('',*,*,#1168,.T.);
#1666 = ORIENTED_EDGE('',*,*,#1667,.T.);
#1667 = EDGE_CURVE('',#1160,#1668,#1670,.T.);
#1668 = VERTEX_POINT('',#1669);
#1669 = CARTESIAN_POINT('',(3.68,1.084523257866,5.1));
#1670 = LINE('',#1671,#1672);
#1671 = CARTESIAN_POINT('',(3.68,2.,5.1));
#1672 = VECTOR('',#1673,1.);
#1673 = DIRECTION('',(0.,-1.,0.));
#1674 = ORIENTED_EDGE('',*,*,#1675,.T.);
#1675 = EDGE_CURVE('',#1668,#1635,#1676,.T.);
#1676 = LINE('',#1677,#1678);
#1677 = CARTESIAN_POINT('',(3.68,2.,5.1));
#1678 = VECTOR('',#1679,1.);
#1679 = DIRECTION('',(0.,-1.,0.));
#1680 = ORIENTED_EDGE('',*,*,#1645,.T.);
#1681 = ORIENTED_EDGE('',*,*,#1185,.F.);
#1682 = ORIENTED_EDGE('',*,*,#1683,.F.);
#1683 = EDGE_CURVE('',#1169,#1177,#1684,.T.);
#1684 = LINE('',#1685,#1686);
#1685 = CARTESIAN_POINT('',(3.68,2.,2.4));
#1686 = VECTOR('',#1687,1.);
#1687 = DIRECTION('',(0.,-1.,0.));
#1688 = PLANE('',#1689);
#1689 = AXIS2_PLACEMENT_3D('',#1690,#1691,#1692);
#1690 = CARTESIAN_POINT('',(3.68,2.,2.4));
#1691 = DIRECTION('',(1.,0.,-0.));
#1692 = DIRECTION('',(0.,-1.,0.));
#1693 = ADVANCED_FACE('',(#1694),#1698,.F.);
#1694 = FACE_BOUND('',#1695,.F.);
#1695 = EDGE_LOOP('',(#1696,#1697));
#1696 = ORIENTED_EDGE('',*,*,#1683,.T.);
#1697 = ORIENTED_EDGE('',*,*,#1176,.F.);
#1698 = PLANE('',#1699);
#1699 = AXIS2_PLACEMENT_3D('',#1700,#1701,#1702);
#1700 = CARTESIAN_POINT('',(3.68,-104.6,2.4));
#1701 = DIRECTION('',(0.,0.,-1.));
#1702 = DIRECTION('',(1.,0.,0.));
#1703 = ADVANCED_FACE('',(#1704),#1716,.T.);
#1704 = FACE_BOUND('',#1705,.T.);
#1705 = EDGE_LOOP('',(#1706,#1707,#1708,#1715));
#1706 = ORIENTED_EDGE('',*,*,#1159,.T.);
#1707 = ORIENTED_EDGE('',*,*,#1667,.T.);
#1708 = ORIENTED_EDGE('',*,*,#1709,.F.);
#1709 = EDGE_CURVE('',#1587,#1668,#1710,.T.);
#1710 = CIRCLE('',#1711,1.9);
#1711 = AXIS2_PLACEMENT_3D('',#1712,#1713,#1714);
#1712 = CARTESIAN_POINT('',(5.08,-0.2,5.1));
#1713 = DIRECTION('',(0.,0.,1.));
#1714 = DIRECTION('',(1.,0.,-0.));
#1715 = ORIENTED_EDGE('',*,*,#1594,.T.);
#1716 = PLANE('',#1717);
#1717 = AXIS2_PLACEMENT_3D('',#1718,#1719,#1720);
#1718 = CARTESIAN_POINT('',(5.08,0.,5.1));
#1719 = DIRECTION('',(0.,0.,1.));
#1720 = DIRECTION('',(1.,0.,-0.));
#1721 = ADVANCED_FACE('',(#1722),#1732,.F.);
#1722 = FACE_BOUND('',#1723,.F.);
#1723 = EDGE_LOOP('',(#1724,#1725,#1731));
#1724 = ORIENTED_EDGE('',*,*,#1339,.F.);
#1725 = ORIENTED_EDGE('',*,*,#1726,.T.);
#1726 = EDGE_CURVE('',#1332,#1254,#1727,.T.);
#1727 = LINE('',#1728,#1729);
#1728 = CARTESIAN_POINT('',(1.4,-2.,2.4));
#1729 = VECTOR('',#1730,1.);
#1730 = DIRECTION('',(0.,1.,0.));
#1731 = ORIENTED_EDGE('',*,*,#1253,.F.);
#1732 = PLANE('',#1733);
#1733 = AXIS2_PLACEMENT_3D('',#1734,#1735,#1736);
#1734 = CARTESIAN_POINT('',(-1.4,-104.6,2.4));
#1735 = DIRECTION('',(0.,0.,-1.));
#1736 = DIRECTION('',(1.,0.,0.));
#1737 = ADVANCED_FACE('',(#1738),#1765,.F.);
#1738 = FACE_BOUND('',#1739,.F.);
#1739 = EDGE_LOOP('',(#1740,#1741,#1742,#1750,#1758,#1764));
#1740 = ORIENTED_EDGE('',*,*,#1726,.F.);
#1741 = ORIENTED_EDGE('',*,*,#1331,.T.);
#1742 = ORIENTED_EDGE('',*,*,#1743,.T.);
#1743 = EDGE_CURVE('',#1323,#1744,#1746,.T.);
#1744 = VERTEX_POINT('',#1745);
#1745 = CARTESIAN_POINT('',(1.4,-1.484523257867,5.1));
#1746 = LINE('',#1747,#1748);
#1747 = CARTESIAN_POINT('',(1.4,-2.,5.1));
#1748 = VECTOR('',#1749,1.);
#1749 = DIRECTION('',(0.,1.,0.));
#1750 = ORIENTED_EDGE('',*,*,#1751,.T.);
#1751 = EDGE_CURVE('',#1744,#1752,#1754,.T.);
#1752 = VERTEX_POINT('',#1753);
#1753 = CARTESIAN_POINT('',(1.4,1.084523257867,5.1));
#1754 = LINE('',#1755,#1756);
#1755 = CARTESIAN_POINT('',(1.4,-2.,5.1));
#1756 = VECTOR('',#1757,1.);
#1757 = DIRECTION('',(0.,1.,0.));
#1758 = ORIENTED_EDGE('',*,*,#1759,.T.);
#1759 = EDGE_CURVE('',#1752,#1263,#1760,.T.);
#1760 = LINE('',#1761,#1762);
#1761 = CARTESIAN_POINT('',(1.4,-2.,5.1));
#1762 = VECTOR('',#1763,1.);
#1763 = DIRECTION('',(0.,1.,0.));
#1764 = ORIENTED_EDGE('',*,*,#1262,.F.);
#1765 = PLANE('',#1766);
#1766 = AXIS2_PLACEMENT_3D('',#1767,#1768,#1769);
#1767 = CARTESIAN_POINT('',(1.4,-2.,2.4));
#1768 = DIRECTION('',(-1.,0.,0.));
#1769 = DIRECTION('',(0.,1.,0.));
#1770 = ADVANCED_FACE('',(#1771),#1790,.T.);
#1771 = FACE_BOUND('',#1772,.T.);
#1772 = EDGE_LOOP('',(#1773,#1782,#1788,#1789));
#1773 = ORIENTED_EDGE('',*,*,#1774,.F.);
#1774 = EDGE_CURVE('',#1775,#1744,#1777,.T.);
#1775 = VERTEX_POINT('',#1776);
#1776 = CARTESIAN_POINT('',(0.60827625303,-2.,5.1));
#1777 = CIRCLE('',#1778,1.9);
#1778 = AXIS2_PLACEMENT_3D('',#1779,#1780,#1781);
#1779 = CARTESIAN_POINT('',(0.,-0.2,5.1));
#1780 = DIRECTION('',(0.,0.,1.));
#1781 = DIRECTION('',(1.,0.,-0.));
#1782 = ORIENTED_EDGE('',*,*,#1783,.T.);
#1783 = EDGE_CURVE('',#1775,#1314,#1784,.T.);
#1784 = LINE('',#1785,#1786);
#1785 = CARTESIAN_POINT('',(-1.4,-2.,5.1));
#1786 = VECTOR('',#1787,1.);
#1787 = DIRECTION('',(1.,0.,0.));
#1788 = ORIENTED_EDGE('',*,*,#1322,.T.);
#1789 = ORIENTED_EDGE('',*,*,#1743,.T.);
#1790 = PLANE('',#1791);
#1791 = AXIS2_PLACEMENT_3D('',#1792,#1793,#1794);
#1792 = CARTESIAN_POINT('',(0.,0.,5.1));
#1793 = DIRECTION('',(0.,0.,1.));
#1794 = DIRECTION('',(1.,0.,-0.));
#1795 = ADVANCED_FACE('',(#1796),#1822,.T.);
#1796 = FACE_BOUND('',#1797,.T.);
#1797 = EDGE_LOOP('',(#1798,#1809,#1815,#1816));
#1798 = ORIENTED_EDGE('',*,*,#1799,.F.);
#1799 = EDGE_CURVE('',#1800,#1802,#1804,.T.);
#1800 = VERTEX_POINT('',#1801);
#1801 = CARTESIAN_POINT('',(-1.4,-1.484523257866,5.1));
#1802 = VERTEX_POINT('',#1803);
#1803 = CARTESIAN_POINT('',(-0.60827625303,-2.,5.1));
#1804 = CIRCLE('',#1805,1.9);
#1805 = AXIS2_PLACEMENT_3D('',#1806,#1807,#1808);
#1806 = CARTESIAN_POINT('',(0.,-0.2,5.1));
#1807 = DIRECTION('',(0.,0.,1.));
#1808 = DIRECTION('',(1.,0.,-0.));
#1809 = ORIENTED_EDGE('',*,*,#1810,.T.);
#1810 = EDGE_CURVE('',#1800,#1297,#1811,.T.);
#1811 = LINE('',#1812,#1813);
#1812 = CARTESIAN_POINT('',(-1.4,2.,5.1));
#1813 = VECTOR('',#1814,1.);
#1814 = DIRECTION('',(0.,-1.,0.));
#1815 = ORIENTED_EDGE('',*,*,#1304,.T.);
#1816 = ORIENTED_EDGE('',*,*,#1817,.T.);
#1817 = EDGE_CURVE('',#1305,#1802,#1818,.T.);
#1818 = LINE('',#1819,#1820);
#1819 = CARTESIAN_POINT('',(-1.4,-2.,5.1));
#1820 = VECTOR('',#1821,1.);
#1821 = DIRECTION('',(1.,0.,0.));
#1822 = PLANE('',#1823);
#1823 = AXIS2_PLACEMENT_3D('',#1824,#1825,#1826);
#1824 = CARTESIAN_POINT('',(0.,0.,5.1));
#1825 = DIRECTION('',(0.,0.,1.));
#1826 = DIRECTION('',(1.,0.,-0.));
#1827 = ADVANCED_FACE('',(#1828),#1853,.F.);
#1828 = FACE_BOUND('',#1829,.F.);
#1829 = EDGE_LOOP('',(#1830,#1831,#1839,#1845,#1846,#1847));
#1830 = ORIENTED_EDGE('',*,*,#1279,.T.);
#1831 = ORIENTED_EDGE('',*,*,#1832,.T.);
#1832 = EDGE_CURVE('',#1271,#1833,#1835,.T.);
#1833 = VERTEX_POINT('',#1834);
#1834 = CARTESIAN_POINT('',(-1.4,1.084523257866,5.1));
#1835 = LINE('',#1836,#1837);
#1836 = CARTESIAN_POINT('',(-1.4,2.,5.1));
#1837 = VECTOR('',#1838,1.);
#1838 = DIRECTION('',(0.,-1.,0.));
#1839 = ORIENTED_EDGE('',*,*,#1840,.T.);
#1840 = EDGE_CURVE('',#1833,#1800,#1841,.T.);
#1841 = LINE('',#1842,#1843);
#1842 = CARTESIAN_POINT('',(-1.4,2.,5.1));
#1843 = VECTOR('',#1844,1.);
#1844 = DIRECTION('',(0.,-1.,0.));
#1845 = ORIENTED_EDGE('',*,*,#1810,.T.);
#1846 = ORIENTED_EDGE('',*,*,#1296,.F.);
#1847 = ORIENTED_EDGE('',*,*,#1848,.F.);
#1848 = EDGE_CURVE('',#1280,#1288,#1849,.T.);
#1849 = LINE('',#1850,#1851);
#1850 = CARTESIAN_POINT('',(-1.4,2.,2.4));
#1851 = VECTOR('',#1852,1.);
#1852 = DIRECTION('',(0.,-1.,0.));
#1853 = PLANE('',#1854);
#1854 = AXIS2_PLACEMENT_3D('',#1855,#1856,#1857);
#1855 = CARTESIAN_POINT('',(-1.4,2.,2.4));
#1856 = DIRECTION('',(1.,0.,-0.));
#1857 = DIRECTION('',(0.,-1.,0.));
#1858 = ADVANCED_FACE('',(#1859),#1863,.F.);
#1859 = FACE_BOUND('',#1860,.F.);
#1860 = EDGE_LOOP('',(#1861,#1862));
#1861 = ORIENTED_EDGE('',*,*,#1848,.T.);
#1862 = ORIENTED_EDGE('',*,*,#1287,.F.);
#1863 = PLANE('',#1864);
#1864 = AXIS2_PLACEMENT_3D('',#1865,#1866,#1867);
#1865 = CARTESIAN_POINT('',(-1.4,-104.6,2.4));
#1866 = DIRECTION('',(0.,0.,-1.));
#1867 = DIRECTION('',(1.,0.,0.));
#1868 = ADVANCED_FACE('',(#1869),#1881,.T.);
#1869 = FACE_BOUND('',#1870,.T.);
#1870 = EDGE_LOOP('',(#1871,#1872,#1873,#1880));
#1871 = ORIENTED_EDGE('',*,*,#1270,.T.);
#1872 = ORIENTED_EDGE('',*,*,#1832,.T.);
#1873 = ORIENTED_EDGE('',*,*,#1874,.F.);
#1874 = EDGE_CURVE('',#1752,#1833,#1875,.T.);
#1875 = CIRCLE('',#1876,1.9);
#1876 = AXIS2_PLACEMENT_3D('',#1877,#1878,#1879);
#1877 = CARTESIAN_POINT('',(0.,-0.2,5.1));
#1878 = DIRECTION('',(0.,0.,1.));
#1879 = DIRECTION('',(1.,0.,-0.));
#1880 = ORIENTED_EDGE('',*,*,#1759,.T.);
#1881 = PLANE('',#1882);
#1882 = AXIS2_PLACEMENT_3D('',#1883,#1884,#1885);
#1883 = CARTESIAN_POINT('',(0.,0.,5.1));
#1884 = DIRECTION('',(0.,0.,1.));
#1885 = DIRECTION('',(1.,0.,-0.));
#1886 = ADVANCED_FACE('',(#1887,#1902),#1936,.F.);
#1887 = FACE_BOUND('',#1888,.F.);
#1888 = EDGE_LOOP('',(#1889,#1890,#1891,#1892,#1898,#1899,#1900,#1901));
#1889 = ORIENTED_EDGE('',*,*,#1419,.T.);
#1890 = ORIENTED_EDGE('',*,*,#1443,.T.);
#1891 = ORIENTED_EDGE('',*,*,#1652,.T.);
#1892 = ORIENTED_EDGE('',*,*,#1893,.T.);
#1893 = EDGE_CURVE('',#1637,#1610,#1894,.T.);
#1894 = LINE('',#1895,#1896);
#1895 = CARTESIAN_POINT('',(3.68,-2.,5.1));
#1896 = VECTOR('',#1897,1.);
#1897 = DIRECTION('',(1.,0.,0.));
#1898 = ORIENTED_EDGE('',*,*,#1618,.T.);
#1899 = ORIENTED_EDGE('',*,*,#1436,.T.);
#1900 = ORIENTED_EDGE('',*,*,#1395,.F.);
#1901 = ORIENTED_EDGE('',*,*,#1371,.F.);
#1902 = FACE_BOUND('',#1903,.F.);
#1903 = EDGE_LOOP('',(#1904,#1914,#1922,#1930));
#1904 = ORIENTED_EDGE('',*,*,#1905,.T.);
#1905 = EDGE_CURVE('',#1906,#1908,#1910,.T.);
#1906 = VERTEX_POINT('',#1907);
#1907 = CARTESIAN_POINT('',(3.83,-2.,5.));
#1908 = VERTEX_POINT('',#1909);
#1909 = CARTESIAN_POINT('',(3.83,-2.,2.5));
#1910 = LINE('',#1911,#1912);
#1911 = CARTESIAN_POINT('',(3.83,-2.,5.));
#1912 = VECTOR('',#1913,1.);
#1913 = DIRECTION('',(0.,0.,-1.));
#1914 = ORIENTED_EDGE('',*,*,#1915,.T.);
#1915 = EDGE_CURVE('',#1908,#1916,#1918,.T.);
#1916 = VERTEX_POINT('',#1917);
#1917 = CARTESIAN_POINT('',(6.33,-2.,2.5));
#1918 = LINE('',#1919,#1920);
#1919 = CARTESIAN_POINT('',(3.83,-2.,2.5));
#1920 = VECTOR('',#1921,1.);
#1921 = DIRECTION('',(1.,0.,0.));
#1922 = ORIENTED_EDGE('',*,*,#1923,.T.);
#1923 = EDGE_CURVE('',#1916,#1924,#1926,.T.);
#1924 = VERTEX_POINT('',#1925);
#1925 = CARTESIAN_POINT('',(6.33,-2.,5.));
#1926 = LINE('',#1927,#1928);
#1927 = CARTESIAN_POINT('',(6.33,-2.,2.5));
#1928 = VECTOR('',#1929,1.);
#1929 = DIRECTION('',(0.,0.,1.));
#1930 = ORIENTED_EDGE('',*,*,#1931,.T.);
#1931 = EDGE_CURVE('',#1924,#1906,#1932,.T.);
#1932 = LINE('',#1933,#1934);
#1933 = CARTESIAN_POINT('',(6.33,-2.,5.));
#1934 = VECTOR('',#1935,1.);
#1935 = DIRECTION('',(-1.,0.,0.));
#1936 = PLANE('',#1937);
#1937 = AXIS2_PLACEMENT_3D('',#1938,#1939,#1940);
#1938 = CARTESIAN_POINT('',(3.68,-2.,2.4));
#1939 = DIRECTION('',(0.,1.,0.));
#1940 = DIRECTION('',(1.,0.,0.));
#1941 = ADVANCED_FACE('',(#1942,#1957),#1991,.F.);
#1942 = FACE_BOUND('',#1943,.F.);
#1943 = EDGE_LOOP('',(#1944,#1945,#1946,#1947,#1953,#1954,#1955,#1956));
#1944 = ORIENTED_EDGE('',*,*,#1522,.T.);
#1945 = ORIENTED_EDGE('',*,*,#1546,.T.);
#1946 = ORIENTED_EDGE('',*,*,#1817,.T.);
#1947 = ORIENTED_EDGE('',*,*,#1948,.T.);
#1948 = EDGE_CURVE('',#1802,#1775,#1949,.T.);
#1949 = LINE('',#1950,#1951);
#1950 = CARTESIAN_POINT('',(-1.4,-2.,5.1));
#1951 = VECTOR('',#1952,1.);
#1952 = DIRECTION('',(1.,0.,0.));
#1953 = ORIENTED_EDGE('',*,*,#1783,.T.);
#1954 = ORIENTED_EDGE('',*,*,#1539,.T.);
#1955 = ORIENTED_EDGE('',*,*,#1498,.F.);
#1956 = ORIENTED_EDGE('',*,*,#1474,.F.);
#1957 = FACE_BOUND('',#1958,.F.);
#1958 = EDGE_LOOP('',(#1959,#1969,#1977,#1985));
#1959 = ORIENTED_EDGE('',*,*,#1960,.T.);
#1960 = EDGE_CURVE('',#1961,#1963,#1965,.T.);
#1961 = VERTEX_POINT('',#1962);
#1962 = CARTESIAN_POINT('',(-1.25,-2.,5.));
#1963 = VERTEX_POINT('',#1964);
#1964 = CARTESIAN_POINT('',(-1.25,-2.,2.5));
#1965 = LINE('',#1966,#1967);
#1966 = CARTESIAN_POINT('',(-1.25,-2.,5.));
#1967 = VECTOR('',#1968,1.);
#1968 = DIRECTION('',(0.,0.,-1.));
#1969 = ORIENTED_EDGE('',*,*,#1970,.T.);
#1970 = EDGE_CURVE('',#1963,#1971,#1973,.T.);
#1971 = VERTEX_POINT('',#1972);
#1972 = CARTESIAN_POINT('',(1.25,-2.,2.5));
#1973 = LINE('',#1974,#1975);
#1974 = CARTESIAN_POINT('',(-1.25,-2.,2.5));
#1975 = VECTOR('',#1976,1.);
#1976 = DIRECTION('',(1.,0.,0.));
#1977 = ORIENTED_EDGE('',*,*,#1978,.T.);
#1978 = EDGE_CURVE('',#1971,#1979,#1981,.T.);
#1979 = VERTEX_POINT('',#1980);
#1980 = CARTESIAN_POINT('',(1.25,-2.,5.));
#1981 = LINE('',#1982,#1983);
#1982 = CARTESIAN_POINT('',(1.25,-2.,2.5));
#1983 = VECTOR('',#1984,1.);
#1984 = DIRECTION('',(0.,0.,1.));
#1985 = ORIENTED_EDGE('',*,*,#1986,.T.);
#1986 = EDGE_CURVE('',#1979,#1961,#1987,.T.);
#1987 = LINE('',#1988,#1989);
#1988 = CARTESIAN_POINT('',(1.25,-2.,5.));
#1989 = VECTOR('',#1990,1.);
#1990 = DIRECTION('',(-1.,0.,0.));
#1991 = PLANE('',#1992);
#1992 = AXIS2_PLACEMENT_3D('',#1993,#1994,#1995);
#1993 = CARTESIAN_POINT('',(-1.4,-2.,2.4));
#1994 = DIRECTION('',(0.,1.,0.));
#1995 = DIRECTION('',(1.,0.,0.));
#1996 = ADVANCED_FACE('',(#1997),#2016,.F.);
#1997 = FACE_BOUND('',#1998,.F.);
#1998 = EDGE_LOOP('',(#1999,#2008,#2015));
#1999 = ORIENTED_EDGE('',*,*,#2000,.T.);
#2000 = EDGE_CURVE('',#1579,#2001,#2003,.T.);
#2001 = VERTEX_POINT('',#2002);
#2002 = CARTESIAN_POINT('',(6.98,-0.2,5.1));
#2003 = CIRCLE('',#2004,1.9);
#2004 = AXIS2_PLACEMENT_3D('',#2005,#2006,#2007);
#2005 = CARTESIAN_POINT('',(5.08,-0.2,5.1));
#2006 = DIRECTION('',(0.,0.,1.));
#2007 = DIRECTION('',(1.,0.,-0.));
#2008 = ORIENTED_EDGE('',*,*,#2009,.T.);
#2009 = EDGE_CURVE('',#2001,#1587,#2010,.T.);
#2010 = CIRCLE('',#2011,1.9);
#2011 = AXIS2_PLACEMENT_3D('',#2012,#2013,#2014);
#2012 = CARTESIAN_POINT('',(5.08,-0.2,5.1));
#2013 = DIRECTION('',(0.,0.,1.));
#2014 = DIRECTION('',(1.,0.,-0.));
#2015 = ORIENTED_EDGE('',*,*,#1586,.F.);
#2016 = PLANE('',#2017);
#2017 = AXIS2_PLACEMENT_3D('',#2018,#2019,#2020);
#2018 = CARTESIAN_POINT('',(5.08,-0.2,5.1));
#2019 = DIRECTION('',(0.,0.,1.));
#2020 = DIRECTION('',(1.,0.,-0.));
#2021 = ADVANCED_FACE('',(#2022),#2127,.T.);
#2022 = FACE_BOUND('',#2023,.T.);
#2023 = EDGE_LOOP('',(#2024,#2035,#2043,#2052,#2060,#2069,#2077,#2086,
    #2094,#2101,#2107,#2108,#2109,#2116,#2117,#2124,#2125,#2126));
#2024 = ORIENTED_EDGE('',*,*,#2025,.F.);
#2025 = EDGE_CURVE('',#2026,#2028,#2030,.T.);
#2026 = VERTEX_POINT('',#2027);
#2027 = CARTESIAN_POINT('',(5.43,-2.067484939698,13.6));
#2028 = VERTEX_POINT('',#2029);
#2029 = CARTESIAN_POINT('',(6.98,-0.2,13.6));
#2030 = CIRCLE('',#2031,1.9);
#2031 = AXIS2_PLACEMENT_3D('',#2032,#2033,#2034);
#2032 = CARTESIAN_POINT('',(5.08,-0.2,13.6));
#2033 = DIRECTION('',(0.,0.,1.));
#2034 = DIRECTION('',(1.,0.,-0.));
#2035 = ORIENTED_EDGE('',*,*,#2036,.T.);
#2036 = EDGE_CURVE('',#2026,#2037,#2039,.T.);
#2037 = VERTEX_POINT('',#2038);
#2038 = CARTESIAN_POINT('',(5.43,-2.067484939698,12.9));
#2039 = LINE('',#2040,#2041);
#2040 = CARTESIAN_POINT('',(5.43,-2.067484939698,5.1));
#2041 = VECTOR('',#2042,1.);
#2042 = DIRECTION('',(-0.,-0.,-1.));
#2043 = ORIENTED_EDGE('',*,*,#2044,.T.);
#2044 = EDGE_CURVE('',#2037,#2045,#2047,.T.);
#2045 = VERTEX_POINT('',#2046);
#2046 = CARTESIAN_POINT('',(4.73,-2.067484939698,12.9));
#2047 = CIRCLE('',#2048,1.9);
#2048 = AXIS2_PLACEMENT_3D('',#2049,#2050,#2051);
#2049 = CARTESIAN_POINT('',(5.08,-0.2,12.9));
#2050 = DIRECTION('',(0.,0.,-1.));
#2051 = DIRECTION('',(1.,0.,0.));
#2052 = ORIENTED_EDGE('',*,*,#2053,.F.);
#2053 = EDGE_CURVE('',#2054,#2045,#2056,.T.);
#2054 = VERTEX_POINT('',#2055);
#2055 = CARTESIAN_POINT('',(4.73,-2.067484939698,13.6));
#2056 = LINE('',#2057,#2058);
#2057 = CARTESIAN_POINT('',(4.73,-2.067484939698,5.1));
#2058 = VECTOR('',#2059,1.);
#2059 = DIRECTION('',(-0.,-0.,-1.));
#2060 = ORIENTED_EDGE('',*,*,#2061,.F.);
#2061 = EDGE_CURVE('',#2062,#2054,#2064,.T.);
#2062 = VERTEX_POINT('',#2063);
#2063 = CARTESIAN_POINT('',(4.73,1.667484939698,13.6));
#2064 = CIRCLE('',#2065,1.9);
#2065 = AXIS2_PLACEMENT_3D('',#2066,#2067,#2068);
#2066 = CARTESIAN_POINT('',(5.08,-0.2,13.6));
#2067 = DIRECTION('',(0.,0.,1.));
#2068 = DIRECTION('',(1.,0.,-0.));
#2069 = ORIENTED_EDGE('',*,*,#2070,.T.);
#2070 = EDGE_CURVE('',#2062,#2071,#2073,.T.);
#2071 = VERTEX_POINT('',#2072);
#2072 = CARTESIAN_POINT('',(4.73,1.667484939698,12.9));
#2073 = LINE('',#2074,#2075);
#2074 = CARTESIAN_POINT('',(4.73,1.667484939698,5.1));
#2075 = VECTOR('',#2076,1.);
#2076 = DIRECTION('',(-0.,-0.,-1.));
#2077 = ORIENTED_EDGE('',*,*,#2078,.T.);
#2078 = EDGE_CURVE('',#2071,#2079,#2081,.T.);
#2079 = VERTEX_POINT('',#2080);
#2080 = CARTESIAN_POINT('',(5.43,1.667484939698,12.9));
#2081 = CIRCLE('',#2082,1.9);
#2082 = AXIS2_PLACEMENT_3D('',#2083,#2084,#2085);
#2083 = CARTESIAN_POINT('',(5.08,-0.2,12.9));
#2084 = DIRECTION('',(0.,0.,-1.));
#2085 = DIRECTION('',(1.,0.,0.));
#2086 = ORIENTED_EDGE('',*,*,#2087,.F.);
#2087 = EDGE_CURVE('',#2088,#2079,#2090,.T.);
#2088 = VERTEX_POINT('',#2089);
#2089 = CARTESIAN_POINT('',(5.43,1.667484939698,13.6));
#2090 = LINE('',#2091,#2092);
#2091 = CARTESIAN_POINT('',(5.43,1.667484939698,5.1));
#2092 = VECTOR('',#2093,1.);
#2093 = DIRECTION('',(-0.,-0.,-1.));
#2094 = ORIENTED_EDGE('',*,*,#2095,.F.);
#2095 = EDGE_CURVE('',#2028,#2088,#2096,.T.);
#2096 = CIRCLE('',#2097,1.9);
#2097 = AXIS2_PLACEMENT_3D('',#2098,#2099,#2100);
#2098 = CARTESIAN_POINT('',(5.08,-0.2,13.6));
#2099 = DIRECTION('',(0.,0.,1.));
#2100 = DIRECTION('',(1.,0.,-0.));
#2101 = ORIENTED_EDGE('',*,*,#2102,.F.);
#2102 = EDGE_CURVE('',#2001,#2028,#2103,.T.);
#2103 = LINE('',#2104,#2105);
#2104 = CARTESIAN_POINT('',(6.98,-0.2,5.1));
#2105 = VECTOR('',#2106,1.);
#2106 = DIRECTION('',(0.,0.,1.));
#2107 = ORIENTED_EDGE('',*,*,#2009,.T.);
#2108 = ORIENTED_EDGE('',*,*,#1709,.T.);
#2109 = ORIENTED_EDGE('',*,*,#2110,.T.);
#2110 = EDGE_CURVE('',#1668,#1635,#2111,.T.);
#2111 = CIRCLE('',#2112,1.9);
#2112 = AXIS2_PLACEMENT_3D('',#2113,#2114,#2115);
#2113 = CARTESIAN_POINT('',(5.08,-0.2,5.1));
#2114 = DIRECTION('',(0.,0.,1.));
#2115 = DIRECTION('',(1.,0.,-0.));
#2116 = ORIENTED_EDGE('',*,*,#1634,.T.);
#2117 = ORIENTED_EDGE('',*,*,#2118,.T.);
#2118 = EDGE_CURVE('',#1637,#1610,#2119,.T.);
#2119 = CIRCLE('',#2120,1.9);
#2120 = AXIS2_PLACEMENT_3D('',#2121,#2122,#2123);
#2121 = CARTESIAN_POINT('',(5.08,-0.2,5.1));
#2122 = DIRECTION('',(0.,0.,1.));
#2123 = DIRECTION('',(1.,0.,-0.));
#2124 = ORIENTED_EDGE('',*,*,#1609,.T.);
#2125 = ORIENTED_EDGE('',*,*,#2000,.T.);
#2126 = ORIENTED_EDGE('',*,*,#2102,.T.);
#2127 = CYLINDRICAL_SURFACE('',#2128,1.9);
#2128 = AXIS2_PLACEMENT_3D('',#2129,#2130,#2131);
#2129 = CARTESIAN_POINT('',(5.08,-0.2,5.1));
#2130 = DIRECTION('',(-0.,-0.,-1.));
#2131 = DIRECTION('',(1.,0.,0.));
#2132 = ADVANCED_FACE('',(#2133),#2137,.F.);
#2133 = FACE_BOUND('',#2134,.F.);
#2134 = EDGE_LOOP('',(#2135,#2136));
#2135 = ORIENTED_EDGE('',*,*,#1675,.F.);
#2136 = ORIENTED_EDGE('',*,*,#2110,.T.);
#2137 = PLANE('',#2138);
#2138 = AXIS2_PLACEMENT_3D('',#2139,#2140,#2141);
#2139 = CARTESIAN_POINT('',(5.08,-0.2,5.1));
#2140 = DIRECTION('',(0.,0.,1.));
#2141 = DIRECTION('',(1.,0.,-0.));
#2142 = ADVANCED_FACE('',(#2143),#2162,.F.);
#2143 = FACE_BOUND('',#2144,.F.);
#2144 = EDGE_LOOP('',(#2145,#2154,#2161));
#2145 = ORIENTED_EDGE('',*,*,#2146,.T.);
#2146 = EDGE_CURVE('',#1744,#2147,#2149,.T.);
#2147 = VERTEX_POINT('',#2148);
#2148 = CARTESIAN_POINT('',(1.9,-0.2,5.1));
#2149 = CIRCLE('',#2150,1.9);
#2150 = AXIS2_PLACEMENT_3D('',#2151,#2152,#2153);
#2151 = CARTESIAN_POINT('',(0.,-0.2,5.1));
#2152 = DIRECTION('',(0.,0.,1.));
#2153 = DIRECTION('',(1.,0.,-0.));
#2154 = ORIENTED_EDGE('',*,*,#2155,.T.);
#2155 = EDGE_CURVE('',#2147,#1752,#2156,.T.);
#2156 = CIRCLE('',#2157,1.9);
#2157 = AXIS2_PLACEMENT_3D('',#2158,#2159,#2160);
#2158 = CARTESIAN_POINT('',(0.,-0.2,5.1));
#2159 = DIRECTION('',(0.,0.,1.));
#2160 = DIRECTION('',(1.,0.,-0.));
#2161 = ORIENTED_EDGE('',*,*,#1751,.F.);
#2162 = PLANE('',#2163);
#2163 = AXIS2_PLACEMENT_3D('',#2164,#2165,#2166);
#2164 = CARTESIAN_POINT('',(-1.799263332289E-16,-0.2,5.1));
#2165 = DIRECTION('',(0.,0.,1.));
#2166 = DIRECTION('',(1.,0.,-0.));
#2167 = ADVANCED_FACE('',(#2168),#2273,.T.);
#2168 = FACE_BOUND('',#2169,.T.);
#2169 = EDGE_LOOP('',(#2170,#2181,#2189,#2198,#2206,#2215,#2223,#2232,
    #2240,#2247,#2253,#2254,#2255,#2262,#2263,#2270,#2271,#2272));
#2170 = ORIENTED_EDGE('',*,*,#2171,.F.);
#2171 = EDGE_CURVE('',#2172,#2174,#2176,.T.);
#2172 = VERTEX_POINT('',#2173);
#2173 = CARTESIAN_POINT('',(0.35,-2.067484939698,13.6));
#2174 = VERTEX_POINT('',#2175);
#2175 = CARTESIAN_POINT('',(1.9,-0.2,13.6));
#2176 = CIRCLE('',#2177,1.9);
#2177 = AXIS2_PLACEMENT_3D('',#2178,#2179,#2180);
#2178 = CARTESIAN_POINT('',(0.,-0.2,13.6));
#2179 = DIRECTION('',(0.,0.,1.));
#2180 = DIRECTION('',(1.,0.,-0.));
#2181 = ORIENTED_EDGE('',*,*,#2182,.T.);
#2182 = EDGE_CURVE('',#2172,#2183,#2185,.T.);
#2183 = VERTEX_POINT('',#2184);
#2184 = CARTESIAN_POINT('',(0.35,-2.067484939698,12.9));
#2185 = LINE('',#2186,#2187);
#2186 = CARTESIAN_POINT('',(0.35,-2.067484939698,5.1));
#2187 = VECTOR('',#2188,1.);
#2188 = DIRECTION('',(-0.,-0.,-1.));
#2189 = ORIENTED_EDGE('',*,*,#2190,.T.);
#2190 = EDGE_CURVE('',#2183,#2191,#2193,.T.);
#2191 = VERTEX_POINT('',#2192);
#2192 = CARTESIAN_POINT('',(-0.35,-2.067484939698,12.9));
#2193 = CIRCLE('',#2194,1.9);
#2194 = AXIS2_PLACEMENT_3D('',#2195,#2196,#2197);
#2195 = CARTESIAN_POINT('',(0.,-0.2,12.9));
#2196 = DIRECTION('',(0.,0.,-1.));
#2197 = DIRECTION('',(1.,0.,0.));
#2198 = ORIENTED_EDGE('',*,*,#2199,.F.);
#2199 = EDGE_CURVE('',#2200,#2191,#2202,.T.);
#2200 = VERTEX_POINT('',#2201);
#2201 = CARTESIAN_POINT('',(-0.35,-2.067484939698,13.6));
#2202 = LINE('',#2203,#2204);
#2203 = CARTESIAN_POINT('',(-0.35,-2.067484939698,5.1));
#2204 = VECTOR('',#2205,1.);
#2205 = DIRECTION('',(-0.,-0.,-1.));
#2206 = ORIENTED_EDGE('',*,*,#2207,.F.);
#2207 = EDGE_CURVE('',#2208,#2200,#2210,.T.);
#2208 = VERTEX_POINT('',#2209);
#2209 = CARTESIAN_POINT('',(-0.35,1.667484939698,13.6));
#2210 = CIRCLE('',#2211,1.9);
#2211 = AXIS2_PLACEMENT_3D('',#2212,#2213,#2214);
#2212 = CARTESIAN_POINT('',(0.,-0.2,13.6));
#2213 = DIRECTION('',(0.,0.,1.));
#2214 = DIRECTION('',(1.,0.,-0.));
#2215 = ORIENTED_EDGE('',*,*,#2216,.T.);
#2216 = EDGE_CURVE('',#2208,#2217,#2219,.T.);
#2217 = VERTEX_POINT('',#2218);
#2218 = CARTESIAN_POINT('',(-0.35,1.667484939698,12.9));
#2219 = LINE('',#2220,#2221);
#2220 = CARTESIAN_POINT('',(-0.35,1.667484939698,5.1));
#2221 = VECTOR('',#2222,1.);
#2222 = DIRECTION('',(-0.,-0.,-1.));
#2223 = ORIENTED_EDGE('',*,*,#2224,.T.);
#2224 = EDGE_CURVE('',#2217,#2225,#2227,.T.);
#2225 = VERTEX_POINT('',#2226);
#2226 = CARTESIAN_POINT('',(0.35,1.667484939698,12.9));
#2227 = CIRCLE('',#2228,1.9);
#2228 = AXIS2_PLACEMENT_3D('',#2229,#2230,#2231);
#2229 = CARTESIAN_POINT('',(0.,-0.2,12.9));
#2230 = DIRECTION('',(0.,0.,-1.));
#2231 = DIRECTION('',(1.,0.,0.));
#2232 = ORIENTED_EDGE('',*,*,#2233,.F.);
#2233 = EDGE_CURVE('',#2234,#2225,#2236,.T.);
#2234 = VERTEX_POINT('',#2235);
#2235 = CARTESIAN_POINT('',(0.35,1.667484939698,13.6));
#2236 = LINE('',#2237,#2238);
#2237 = CARTESIAN_POINT('',(0.35,1.667484939698,5.1));
#2238 = VECTOR('',#2239,1.);
#2239 = DIRECTION('',(-0.,-0.,-1.));
#2240 = ORIENTED_EDGE('',*,*,#2241,.F.);
#2241 = EDGE_CURVE('',#2174,#2234,#2242,.T.);
#2242 = CIRCLE('',#2243,1.9);
#2243 = AXIS2_PLACEMENT_3D('',#2244,#2245,#2246);
#2244 = CARTESIAN_POINT('',(0.,-0.2,13.6));
#2245 = DIRECTION('',(0.,0.,1.));
#2246 = DIRECTION('',(1.,0.,-0.));
#2247 = ORIENTED_EDGE('',*,*,#2248,.F.);
#2248 = EDGE_CURVE('',#2147,#2174,#2249,.T.);
#2249 = LINE('',#2250,#2251);
#2250 = CARTESIAN_POINT('',(1.9,-0.2,5.1));
#2251 = VECTOR('',#2252,1.);
#2252 = DIRECTION('',(0.,0.,1.));
#2253 = ORIENTED_EDGE('',*,*,#2155,.T.);
#2254 = ORIENTED_EDGE('',*,*,#1874,.T.);
#2255 = ORIENTED_EDGE('',*,*,#2256,.T.);
#2256 = EDGE_CURVE('',#1833,#1800,#2257,.T.);
#2257 = CIRCLE('',#2258,1.9);
#2258 = AXIS2_PLACEMENT_3D('',#2259,#2260,#2261);
#2259 = CARTESIAN_POINT('',(0.,-0.2,5.1));
#2260 = DIRECTION('',(0.,0.,1.));
#2261 = DIRECTION('',(1.,0.,-0.));
#2262 = ORIENTED_EDGE('',*,*,#1799,.T.);
#2263 = ORIENTED_EDGE('',*,*,#2264,.T.);
#2264 = EDGE_CURVE('',#1802,#1775,#2265,.T.);
#2265 = CIRCLE('',#2266,1.9);
#2266 = AXIS2_PLACEMENT_3D('',#2267,#2268,#2269);
#2267 = CARTESIAN_POINT('',(0.,-0.2,5.1));
#2268 = DIRECTION('',(0.,0.,1.));
#2269 = DIRECTION('',(1.,0.,-0.));
#2270 = ORIENTED_EDGE('',*,*,#1774,.T.);
#2271 = ORIENTED_EDGE('',*,*,#2146,.T.);
#2272 = ORIENTED_EDGE('',*,*,#2248,.T.);
#2273 = CYLINDRICAL_SURFACE('',#2274,1.9);
#2274 = AXIS2_PLACEMENT_3D('',#2275,#2276,#2277);
#2275 = CARTESIAN_POINT('',(0.,-0.2,5.1));
#2276 = DIRECTION('',(-0.,-0.,-1.));
#2277 = DIRECTION('',(1.,0.,0.));
#2278 = ADVANCED_FACE('',(#2279),#2283,.F.);
#2279 = FACE_BOUND('',#2280,.F.);
#2280 = EDGE_LOOP('',(#2281,#2282));
#2281 = ORIENTED_EDGE('',*,*,#1840,.F.);
#2282 = ORIENTED_EDGE('',*,*,#2256,.T.);
#2283 = PLANE('',#2284);
#2284 = AXIS2_PLACEMENT_3D('',#2285,#2286,#2287);
#2285 = CARTESIAN_POINT('',(-1.799263332289E-16,-0.2,5.1));
#2286 = DIRECTION('',(0.,0.,1.));
#2287 = DIRECTION('',(1.,0.,-0.));
#2288 = ADVANCED_FACE('',(#2289),#2293,.F.);
#2289 = FACE_BOUND('',#2290,.F.);
#2290 = EDGE_LOOP('',(#2291,#2292));
#2291 = ORIENTED_EDGE('',*,*,#2118,.T.);
#2292 = ORIENTED_EDGE('',*,*,#1893,.F.);
#2293 = PLANE('',#2294);
#2294 = AXIS2_PLACEMENT_3D('',#2295,#2296,#2297);
#2295 = CARTESIAN_POINT('',(5.08,-0.2,5.1));
#2296 = DIRECTION('',(0.,0.,1.));
#2297 = DIRECTION('',(1.,0.,-0.));
#2298 = ADVANCED_FACE('',(#2299),#2324,.T.);
#2299 = FACE_BOUND('',#2300,.T.);
#2300 = EDGE_LOOP('',(#2301,#2309,#2310,#2318));
#2301 = ORIENTED_EDGE('',*,*,#2302,.T.);
#2302 = EDGE_CURVE('',#2303,#1906,#2305,.T.);
#2303 = VERTEX_POINT('',#2304);
#2304 = CARTESIAN_POINT('',(3.83,2.,5.));
#2305 = LINE('',#2306,#2307);
#2306 = CARTESIAN_POINT('',(3.83,2.,5.));
#2307 = VECTOR('',#2308,1.);
#2308 = DIRECTION('',(0.,-1.,0.));
#2309 = ORIENTED_EDGE('',*,*,#1905,.T.);
#2310 = ORIENTED_EDGE('',*,*,#2311,.F.);
#2311 = EDGE_CURVE('',#2312,#1908,#2314,.T.);
#2312 = VERTEX_POINT('',#2313);
#2313 = CARTESIAN_POINT('',(3.83,2.,2.5));
#2314 = LINE('',#2315,#2316);
#2315 = CARTESIAN_POINT('',(3.83,2.,2.5));
#2316 = VECTOR('',#2317,1.);
#2317 = DIRECTION('',(0.,-1.,0.));
#2318 = ORIENTED_EDGE('',*,*,#2319,.F.);
#2319 = EDGE_CURVE('',#2303,#2312,#2320,.T.);
#2320 = LINE('',#2321,#2322);
#2321 = CARTESIAN_POINT('',(3.83,2.,5.));
#2322 = VECTOR('',#2323,1.);
#2323 = DIRECTION('',(0.,0.,-1.));
#2324 = PLANE('',#2325);
#2325 = AXIS2_PLACEMENT_3D('',#2326,#2327,#2328);
#2326 = CARTESIAN_POINT('',(3.83,2.,5.));
#2327 = DIRECTION('',(1.,0.,0.));
#2328 = DIRECTION('',(0.,0.,-1.));
#2329 = ADVANCED_FACE('',(#2330),#2348,.T.);
#2330 = FACE_BOUND('',#2331,.T.);
#2331 = EDGE_LOOP('',(#2332,#2340,#2341,#2342));
#2332 = ORIENTED_EDGE('',*,*,#2333,.T.);
#2333 = EDGE_CURVE('',#2334,#1924,#2336,.T.);
#2334 = VERTEX_POINT('',#2335);
#2335 = CARTESIAN_POINT('',(6.33,2.,5.));
#2336 = LINE('',#2337,#2338);
#2337 = CARTESIAN_POINT('',(6.33,2.,5.));
#2338 = VECTOR('',#2339,1.);
#2339 = DIRECTION('',(0.,-1.,0.));
#2340 = ORIENTED_EDGE('',*,*,#1931,.T.);
#2341 = ORIENTED_EDGE('',*,*,#2302,.F.);
#2342 = ORIENTED_EDGE('',*,*,#2343,.F.);
#2343 = EDGE_CURVE('',#2334,#2303,#2344,.T.);
#2344 = LINE('',#2345,#2346);
#2345 = CARTESIAN_POINT('',(6.33,2.,5.));
#2346 = VECTOR('',#2347,1.);
#2347 = DIRECTION('',(-1.,0.,0.));
#2348 = PLANE('',#2349);
#2349 = AXIS2_PLACEMENT_3D('',#2350,#2351,#2352);
#2350 = CARTESIAN_POINT('',(6.33,2.,5.));
#2351 = DIRECTION('',(-0.,-0.,-1.));
#2352 = DIRECTION('',(-1.,0.,0.));
#2353 = ADVANCED_FACE('',(#2354),#2372,.T.);
#2354 = FACE_BOUND('',#2355,.T.);
#2355 = EDGE_LOOP('',(#2356,#2364,#2365,#2366));
#2356 = ORIENTED_EDGE('',*,*,#2357,.T.);
#2357 = EDGE_CURVE('',#2358,#1916,#2360,.T.);
#2358 = VERTEX_POINT('',#2359);
#2359 = CARTESIAN_POINT('',(6.33,2.,2.5));
#2360 = LINE('',#2361,#2362);
#2361 = CARTESIAN_POINT('',(6.33,2.,2.5));
#2362 = VECTOR('',#2363,1.);
#2363 = DIRECTION('',(0.,-1.,0.));
#2364 = ORIENTED_EDGE('',*,*,#1923,.T.);
#2365 = ORIENTED_EDGE('',*,*,#2333,.F.);
#2366 = ORIENTED_EDGE('',*,*,#2367,.F.);
#2367 = EDGE_CURVE('',#2358,#2334,#2368,.T.);
#2368 = LINE('',#2369,#2370);
#2369 = CARTESIAN_POINT('',(6.33,2.,2.5));
#2370 = VECTOR('',#2371,1.);
#2371 = DIRECTION('',(0.,0.,1.));
#2372 = PLANE('',#2373);
#2373 = AXIS2_PLACEMENT_3D('',#2374,#2375,#2376);
#2374 = CARTESIAN_POINT('',(6.33,2.,2.5));
#2375 = DIRECTION('',(-1.,0.,0.));
#2376 = DIRECTION('',(0.,0.,1.));
#2377 = ADVANCED_FACE('',(#2378),#2389,.T.);
#2378 = FACE_BOUND('',#2379,.T.);
#2379 = EDGE_LOOP('',(#2380,#2381,#2382,#2383));
#2380 = ORIENTED_EDGE('',*,*,#2311,.T.);
#2381 = ORIENTED_EDGE('',*,*,#1915,.T.);
#2382 = ORIENTED_EDGE('',*,*,#2357,.F.);
#2383 = ORIENTED_EDGE('',*,*,#2384,.F.);
#2384 = EDGE_CURVE('',#2312,#2358,#2385,.T.);
#2385 = LINE('',#2386,#2387);
#2386 = CARTESIAN_POINT('',(3.83,2.,2.5));
#2387 = VECTOR('',#2388,1.);
#2388 = DIRECTION('',(1.,0.,0.));
#2389 = PLANE('',#2390);
#2390 = AXIS2_PLACEMENT_3D('',#2391,#2392,#2393);
#2391 = CARTESIAN_POINT('',(3.83,2.,2.5));
#2392 = DIRECTION('',(-0.,0.,1.));
#2393 = DIRECTION('',(1.,0.,0.));
#2394 = ADVANCED_FACE('',(#2395),#2399,.F.);
#2395 = FACE_BOUND('',#2396,.F.);
#2396 = EDGE_LOOP('',(#2397,#2398));
#2397 = ORIENTED_EDGE('',*,*,#2264,.T.);
#2398 = ORIENTED_EDGE('',*,*,#1948,.F.);
#2399 = PLANE('',#2400);
#2400 = AXIS2_PLACEMENT_3D('',#2401,#2402,#2403);
#2401 = CARTESIAN_POINT('',(-1.799263332289E-16,-0.2,5.1));
#2402 = DIRECTION('',(0.,0.,1.));
#2403 = DIRECTION('',(1.,0.,-0.));
#2404 = ADVANCED_FACE('',(#2405),#2430,.T.);
#2405 = FACE_BOUND('',#2406,.T.);
#2406 = EDGE_LOOP('',(#2407,#2415,#2416,#2424));
#2407 = ORIENTED_EDGE('',*,*,#2408,.T.);
#2408 = EDGE_CURVE('',#2409,#1961,#2411,.T.);
#2409 = VERTEX_POINT('',#2410);
#2410 = CARTESIAN_POINT('',(-1.25,2.,5.));
#2411 = LINE('',#2412,#2413);
#2412 = CARTESIAN_POINT('',(-1.25,2.,5.));
#2413 = VECTOR('',#2414,1.);
#2414 = DIRECTION('',(0.,-1.,0.));
#2415 = ORIENTED_EDGE('',*,*,#1960,.T.);
#2416 = ORIENTED_EDGE('',*,*,#2417,.F.);
#2417 = EDGE_CURVE('',#2418,#1963,#2420,.T.);
#2418 = VERTEX_POINT('',#2419);
#2419 = CARTESIAN_POINT('',(-1.25,2.,2.5));
#2420 = LINE('',#2421,#2422);
#2421 = CARTESIAN_POINT('',(-1.25,2.,2.5));
#2422 = VECTOR('',#2423,1.);
#2423 = DIRECTION('',(0.,-1.,0.));
#2424 = ORIENTED_EDGE('',*,*,#2425,.F.);
#2425 = EDGE_CURVE('',#2409,#2418,#2426,.T.);
#2426 = LINE('',#2427,#2428);
#2427 = CARTESIAN_POINT('',(-1.25,2.,5.));
#2428 = VECTOR('',#2429,1.);
#2429 = DIRECTION('',(0.,0.,-1.));
#2430 = PLANE('',#2431);
#2431 = AXIS2_PLACEMENT_3D('',#2432,#2433,#2434);
#2432 = CARTESIAN_POINT('',(-1.25,2.,5.));
#2433 = DIRECTION('',(1.,0.,0.));
#2434 = DIRECTION('',(0.,0.,-1.));
#2435 = ADVANCED_FACE('',(#2436),#2454,.T.);
#2436 = FACE_BOUND('',#2437,.T.);
#2437 = EDGE_LOOP('',(#2438,#2446,#2447,#2448));
#2438 = ORIENTED_EDGE('',*,*,#2439,.T.);
#2439 = EDGE_CURVE('',#2440,#1979,#2442,.T.);
#2440 = VERTEX_POINT('',#2441);
#2441 = CARTESIAN_POINT('',(1.25,2.,5.));
#2442 = LINE('',#2443,#2444);
#2443 = CARTESIAN_POINT('',(1.25,2.,5.));
#2444 = VECTOR('',#2445,1.);
#2445 = DIRECTION('',(0.,-1.,0.));
#2446 = ORIENTED_EDGE('',*,*,#1986,.T.);
#2447 = ORIENTED_EDGE('',*,*,#2408,.F.);
#2448 = ORIENTED_EDGE('',*,*,#2449,.F.);
#2449 = EDGE_CURVE('',#2440,#2409,#2450,.T.);
#2450 = LINE('',#2451,#2452);
#2451 = CARTESIAN_POINT('',(1.25,2.,5.));
#2452 = VECTOR('',#2453,1.);
#2453 = DIRECTION('',(-1.,0.,0.));
#2454 = PLANE('',#2455);
#2455 = AXIS2_PLACEMENT_3D('',#2456,#2457,#2458);
#2456 = CARTESIAN_POINT('',(1.25,2.,5.));
#2457 = DIRECTION('',(-0.,-0.,-1.));
#2458 = DIRECTION('',(-1.,0.,0.));
#2459 = ADVANCED_FACE('',(#2460),#2478,.T.);
#2460 = FACE_BOUND('',#2461,.T.);
#2461 = EDGE_LOOP('',(#2462,#2470,#2471,#2472));
#2462 = ORIENTED_EDGE('',*,*,#2463,.T.);
#2463 = EDGE_CURVE('',#2464,#1971,#2466,.T.);
#2464 = VERTEX_POINT('',#2465);
#2465 = CARTESIAN_POINT('',(1.25,2.,2.5));
#2466 = LINE('',#2467,#2468);
#2467 = CARTESIAN_POINT('',(1.25,2.,2.5));
#2468 = VECTOR('',#2469,1.);
#2469 = DIRECTION('',(0.,-1.,0.));
#2470 = ORIENTED_EDGE('',*,*,#1978,.T.);
#2471 = ORIENTED_EDGE('',*,*,#2439,.F.);
#2472 = ORIENTED_EDGE('',*,*,#2473,.F.);
#2473 = EDGE_CURVE('',#2464,#2440,#2474,.T.);
#2474 = LINE('',#2475,#2476);
#2475 = CARTESIAN_POINT('',(1.25,2.,2.5));
#2476 = VECTOR('',#2477,1.);
#2477 = DIRECTION('',(0.,0.,1.));
#2478 = PLANE('',#2479);
#2479 = AXIS2_PLACEMENT_3D('',#2480,#2481,#2482);
#2480 = CARTESIAN_POINT('',(1.25,2.,2.5));
#2481 = DIRECTION('',(-1.,0.,0.));
#2482 = DIRECTION('',(0.,0.,1.));
#2483 = ADVANCED_FACE('',(#2484),#2495,.T.);
#2484 = FACE_BOUND('',#2485,.T.);
#2485 = EDGE_LOOP('',(#2486,#2487,#2488,#2489));
#2486 = ORIENTED_EDGE('',*,*,#2417,.T.);
#2487 = ORIENTED_EDGE('',*,*,#1970,.T.);
#2488 = ORIENTED_EDGE('',*,*,#2463,.F.);
#2489 = ORIENTED_EDGE('',*,*,#2490,.F.);
#2490 = EDGE_CURVE('',#2418,#2464,#2491,.T.);
#2491 = LINE('',#2492,#2493);
#2492 = CARTESIAN_POINT('',(-1.25,2.,2.5));
#2493 = VECTOR('',#2494,1.);
#2494 = DIRECTION('',(1.,0.,0.));
#2495 = PLANE('',#2496);
#2496 = AXIS2_PLACEMENT_3D('',#2497,#2498,#2499);
#2497 = CARTESIAN_POINT('',(-1.25,2.,2.5));
#2498 = DIRECTION('',(-0.,0.,1.));
#2499 = DIRECTION('',(1.,0.,0.));
#2500 = ADVANCED_FACE('',(#2501),#2511,.T.);
#2501 = FACE_BOUND('',#2502,.T.);
#2502 = EDGE_LOOP('',(#2503,#2504,#2505));
#2503 = ORIENTED_EDGE('',*,*,#2025,.T.);
#2504 = ORIENTED_EDGE('',*,*,#2095,.T.);
#2505 = ORIENTED_EDGE('',*,*,#2506,.F.);
#2506 = EDGE_CURVE('',#2026,#2088,#2507,.T.);
#2507 = LINE('',#2508,#2509);
#2508 = CARTESIAN_POINT('',(5.43,-2.2,13.6));
#2509 = VECTOR('',#2510,1.);
#2510 = DIRECTION('',(0.,1.,0.));
#2511 = PLANE('',#2512);
#2512 = AXIS2_PLACEMENT_3D('',#2513,#2514,#2515);
#2513 = CARTESIAN_POINT('',(5.08,-0.2,13.6));
#2514 = DIRECTION('',(0.,0.,1.));
#2515 = DIRECTION('',(1.,0.,-0.));
#2516 = ADVANCED_FACE('',(#2517),#2528,.F.);
#2517 = FACE_BOUND('',#2518,.F.);
#2518 = EDGE_LOOP('',(#2519,#2520,#2521,#2527));
#2519 = ORIENTED_EDGE('',*,*,#2506,.F.);
#2520 = ORIENTED_EDGE('',*,*,#2036,.T.);
#2521 = ORIENTED_EDGE('',*,*,#2522,.T.);
#2522 = EDGE_CURVE('',#2037,#2079,#2523,.T.);
#2523 = LINE('',#2524,#2525);
#2524 = CARTESIAN_POINT('',(5.43,-2.2,12.9));
#2525 = VECTOR('',#2526,1.);
#2526 = DIRECTION('',(0.,1.,0.));
#2527 = ORIENTED_EDGE('',*,*,#2087,.F.);
#2528 = PLANE('',#2529);
#2529 = AXIS2_PLACEMENT_3D('',#2530,#2531,#2532);
#2530 = CARTESIAN_POINT('',(5.43,-2.2,13.6));
#2531 = DIRECTION('',(1.,0.,0.));
#2532 = DIRECTION('',(-0.,1.,0.));
#2533 = ADVANCED_FACE('',(#2534),#2545,.T.);
#2534 = FACE_BOUND('',#2535,.T.);
#2535 = EDGE_LOOP('',(#2536,#2542,#2543,#2544));
#2536 = ORIENTED_EDGE('',*,*,#2537,.T.);
#2537 = EDGE_CURVE('',#2071,#2045,#2538,.T.);
#2538 = LINE('',#2539,#2540);
#2539 = CARTESIAN_POINT('',(4.73,1.8,12.9));
#2540 = VECTOR('',#2541,1.);
#2541 = DIRECTION('',(0.,-1.,0.));
#2542 = ORIENTED_EDGE('',*,*,#2044,.F.);
#2543 = ORIENTED_EDGE('',*,*,#2522,.T.);
#2544 = ORIENTED_EDGE('',*,*,#2078,.F.);
#2545 = PLANE('',#2546);
#2546 = AXIS2_PLACEMENT_3D('',#2547,#2548,#2549);
#2547 = CARTESIAN_POINT('',(5.08,-0.2,12.9));
#2548 = DIRECTION('',(0.,0.,1.));
#2549 = DIRECTION('',(1.,0.,-0.));
#2550 = ADVANCED_FACE('',(#2551),#2562,.F.);
#2551 = FACE_BOUND('',#2552,.F.);
#2552 = EDGE_LOOP('',(#2553,#2559,#2560,#2561));
#2553 = ORIENTED_EDGE('',*,*,#2554,.F.);
#2554 = EDGE_CURVE('',#2062,#2054,#2555,.T.);
#2555 = LINE('',#2556,#2557);
#2556 = CARTESIAN_POINT('',(4.73,1.8,13.6));
#2557 = VECTOR('',#2558,1.);
#2558 = DIRECTION('',(0.,-1.,0.));
#2559 = ORIENTED_EDGE('',*,*,#2070,.T.);
#2560 = ORIENTED_EDGE('',*,*,#2537,.T.);
#2561 = ORIENTED_EDGE('',*,*,#2053,.F.);
#2562 = PLANE('',#2563);
#2563 = AXIS2_PLACEMENT_3D('',#2564,#2565,#2566);
#2564 = CARTESIAN_POINT('',(4.73,1.8,13.6));
#2565 = DIRECTION('',(-1.,0.,0.));
#2566 = DIRECTION('',(0.,-1.,0.));
#2567 = ADVANCED_FACE('',(#2568),#2572,.T.);
#2568 = FACE_BOUND('',#2569,.T.);
#2569 = EDGE_LOOP('',(#2570,#2571));
#2570 = ORIENTED_EDGE('',*,*,#2554,.F.);
#2571 = ORIENTED_EDGE('',*,*,#2061,.T.);
#2572 = PLANE('',#2573);
#2573 = AXIS2_PLACEMENT_3D('',#2574,#2575,#2576);
#2574 = CARTESIAN_POINT('',(5.08,-0.2,13.6));
#2575 = DIRECTION('',(0.,0.,1.));
#2576 = DIRECTION('',(1.,0.,-0.));
#2577 = ADVANCED_FACE('',(#2578),#2588,.T.);
#2578 = FACE_BOUND('',#2579,.T.);
#2579 = EDGE_LOOP('',(#2580,#2581,#2582));
#2580 = ORIENTED_EDGE('',*,*,#2171,.T.);
#2581 = ORIENTED_EDGE('',*,*,#2241,.T.);
#2582 = ORIENTED_EDGE('',*,*,#2583,.F.);
#2583 = EDGE_CURVE('',#2172,#2234,#2584,.T.);
#2584 = LINE('',#2585,#2586);
#2585 = CARTESIAN_POINT('',(0.35,-2.2,13.6));
#2586 = VECTOR('',#2587,1.);
#2587 = DIRECTION('',(0.,1.,0.));
#2588 = PLANE('',#2589);
#2589 = AXIS2_PLACEMENT_3D('',#2590,#2591,#2592);
#2590 = CARTESIAN_POINT('',(-1.799263332289E-16,-0.2,13.6));
#2591 = DIRECTION('',(0.,0.,1.));
#2592 = DIRECTION('',(1.,0.,-0.));
#2593 = ADVANCED_FACE('',(#2594),#2605,.F.);
#2594 = FACE_BOUND('',#2595,.F.);
#2595 = EDGE_LOOP('',(#2596,#2597,#2598,#2604));
#2596 = ORIENTED_EDGE('',*,*,#2583,.F.);
#2597 = ORIENTED_EDGE('',*,*,#2182,.T.);
#2598 = ORIENTED_EDGE('',*,*,#2599,.T.);
#2599 = EDGE_CURVE('',#2183,#2225,#2600,.T.);
#2600 = LINE('',#2601,#2602);
#2601 = CARTESIAN_POINT('',(0.35,-2.2,12.9));
#2602 = VECTOR('',#2603,1.);
#2603 = DIRECTION('',(0.,1.,0.));
#2604 = ORIENTED_EDGE('',*,*,#2233,.F.);
#2605 = PLANE('',#2606);
#2606 = AXIS2_PLACEMENT_3D('',#2607,#2608,#2609);
#2607 = CARTESIAN_POINT('',(0.35,-2.2,13.6));
#2608 = DIRECTION('',(1.,0.,0.));
#2609 = DIRECTION('',(-0.,1.,0.));
#2610 = ADVANCED_FACE('',(#2611),#2622,.T.);
#2611 = FACE_BOUND('',#2612,.T.);
#2612 = EDGE_LOOP('',(#2613,#2619,#2620,#2621));
#2613 = ORIENTED_EDGE('',*,*,#2614,.T.);
#2614 = EDGE_CURVE('',#2217,#2191,#2615,.T.);
#2615 = LINE('',#2616,#2617);
#2616 = CARTESIAN_POINT('',(-0.35,1.8,12.9));
#2617 = VECTOR('',#2618,1.);
#2618 = DIRECTION('',(0.,-1.,0.));
#2619 = ORIENTED_EDGE('',*,*,#2190,.F.);
#2620 = ORIENTED_EDGE('',*,*,#2599,.T.);
#2621 = ORIENTED_EDGE('',*,*,#2224,.F.);
#2622 = PLANE('',#2623);
#2623 = AXIS2_PLACEMENT_3D('',#2624,#2625,#2626);
#2624 = CARTESIAN_POINT('',(0.,-0.2,12.9));
#2625 = DIRECTION('',(0.,0.,1.));
#2626 = DIRECTION('',(1.,0.,-0.));
#2627 = ADVANCED_FACE('',(#2628),#2639,.F.);
#2628 = FACE_BOUND('',#2629,.F.);
#2629 = EDGE_LOOP('',(#2630,#2636,#2637,#2638));
#2630 = ORIENTED_EDGE('',*,*,#2631,.F.);
#2631 = EDGE_CURVE('',#2208,#2200,#2632,.T.);
#2632 = LINE('',#2633,#2634);
#2633 = CARTESIAN_POINT('',(-0.35,1.8,13.6));
#2634 = VECTOR('',#2635,1.);
#2635 = DIRECTION('',(0.,-1.,0.));
#2636 = ORIENTED_EDGE('',*,*,#2216,.T.);
#2637 = ORIENTED_EDGE('',*,*,#2614,.T.);
#2638 = ORIENTED_EDGE('',*,*,#2199,.F.);
#2639 = PLANE('',#2640);
#2640 = AXIS2_PLACEMENT_3D('',#2641,#2642,#2643);
#2641 = CARTESIAN_POINT('',(-0.35,1.8,13.6));
#2642 = DIRECTION('',(-1.,0.,0.));
#2643 = DIRECTION('',(0.,-1.,0.));
#2644 = ADVANCED_FACE('',(#2645),#2649,.T.);
#2645 = FACE_BOUND('',#2646,.T.);
#2646 = EDGE_LOOP('',(#2647,#2648));
#2647 = ORIENTED_EDGE('',*,*,#2631,.F.);
#2648 = ORIENTED_EDGE('',*,*,#2207,.T.);
#2649 = PLANE('',#2650);
#2650 = AXIS2_PLACEMENT_3D('',#2651,#2652,#2653);
#2651 = CARTESIAN_POINT('',(-1.799263332289E-16,-0.2,13.6));
#2652 = DIRECTION('',(0.,0.,1.));
#2653 = DIRECTION('',(1.,0.,-0.));
#2654 = ADVANCED_FACE('',(#2655),#2661,.T.);
#2655 = FACE_BOUND('',#2656,.T.);
#2656 = EDGE_LOOP('',(#2657,#2658,#2659,#2660));
#2657 = ORIENTED_EDGE('',*,*,#2343,.T.);
#2658 = ORIENTED_EDGE('',*,*,#2319,.T.);
#2659 = ORIENTED_EDGE('',*,*,#2384,.T.);
#2660 = ORIENTED_EDGE('',*,*,#2367,.T.);
#2661 = PLANE('',#2662);
#2662 = AXIS2_PLACEMENT_3D('',#2663,#2664,#2665);
#2663 = CARTESIAN_POINT('',(5.08,2.,3.75));
#2664 = DIRECTION('',(-0.,-1.,-0.));
#2665 = DIRECTION('',(0.,0.,-1.));
#2666 = ADVANCED_FACE('',(#2667),#2673,.T.);
#2667 = FACE_BOUND('',#2668,.T.);
#2668 = EDGE_LOOP('',(#2669,#2670,#2671,#2672));
#2669 = ORIENTED_EDGE('',*,*,#2449,.T.);
#2670 = ORIENTED_EDGE('',*,*,#2425,.T.);
#2671 = ORIENTED_EDGE('',*,*,#2490,.T.);
#2672 = ORIENTED_EDGE('',*,*,#2473,.T.);
#2673 = PLANE('',#2674);
#2674 = AXIS2_PLACEMENT_3D('',#2675,#2676,#2677);
#2675 = CARTESIAN_POINT('',(4.440892098501E-16,2.,3.75));
#2676 = DIRECTION('',(-0.,-1.,-0.));
#2677 = DIRECTION('',(0.,0.,-1.));
#2678 = ( GEOMETRIC_REPRESENTATION_CONTEXT(3) 
GLOBAL_UNCERTAINTY_ASSIGNED_CONTEXT((#2682)) 
GLOBAL_UNIT_ASSIGNED_CONTEXT((#2679,#2680,#2681)) REPRESENTATION_CONTEXT
('Context #1','3D Context with UNIT and UNCERTAINTY') );
#2679 = ( LENGTH_UNIT() NAMED_UNIT(*) SI_UNIT(.MILLI.,.METRE.) );
#2680 = ( NAMED_UNIT(*) PLANE_ANGLE_UNIT() SI_UNIT($,.RADIAN.) );
#2681 = ( NAMED_UNIT(*) SI_UNIT($,.STERADIAN.) SOLID_ANGLE_UNIT() );
#2682 = UNCERTAINTY_MEASURE_WITH_UNIT(LENGTH_MEASURE(1.E-07),#2679,
  'distance_accuracy_value','confusion accuracy');
#2683 = CONTEXT_DEPENDENT_SHAPE_REPRESENTATION(#2684,#2686);
#2684 = ( REPRESENTATION_RELATIONSHIP('','',#56,#10) 
REPRESENTATION_RELATIONSHIP_WITH_TRANSFORMATION(#2685) 
SHAPE_REPRESENTATION_RELATIONSHIP() );
#2685 = ITEM_DEFINED_TRANSFORMATION('','',#11,#15);
#2686 = PRODUCT_DEFINITION_SHAPE('Placement','Placement of an item',
  #2687);
#2687 = NEXT_ASSEMBLY_USAGE_OCCURRENCE('1','J1','',#5,#51,$);
#2688 = PRODUCT_RELATED_PRODUCT_CATEGORY('part',$,(#53));
#2689 = SHAPE_DEFINITION_REPRESENTATION(#2690,#2696);
#2690 = PRODUCT_DEFINITION_SHAPE('','',#2691);
#2691 = PRODUCT_DEFINITION('design','',#2692,#2695);
#2692 = PRODUCT_DEFINITION_FORMATION('','',#2693);
#2693 = PRODUCT('RV_Disc_D7mm_W4.5mm_P5mm','RV_Disc_D7mm_W4.5mm_P5mm',''
  ,(#2694));
#2694 = PRODUCT_CONTEXT('',#2,'mechanical');
#2695 = PRODUCT_DEFINITION_CONTEXT('part definition',#2,'design');
#2696 = ADVANCED_BREP_SHAPE_REPRESENTATION('',(#11,#2697),#3116);
#2697 = MANIFOLD_SOLID_BREP('',#2698);
#2698 = CLOSED_SHELL('',(#2699,#2732,#2849,#2976,#2985,#3011,#3020,#3046
    ,#3072,#3098,#3107));
#2699 = ADVANCED_FACE('',(#2700),#2727,.T.);
#2700 = FACE_BOUND('',#2701,.T.);
#2701 = EDGE_LOOP('',(#2702,#2711,#2719,#2726));
#2702 = ORIENTED_EDGE('',*,*,#2703,.T.);
#2703 = EDGE_CURVE('',#2704,#2704,#2706,.T.);
#2704 = VERTEX_POINT('',#2705);
#2705 = CARTESIAN_POINT('',(6.,-0.99512195122,3.53));
#2706 = CIRCLE('',#2707,3.5);
#2707 = AXIS2_PLACEMENT_3D('',#2708,#2709,#2710);
#2708 = CARTESIAN_POINT('',(2.5,-0.99512195122,3.53));
#2709 = DIRECTION('',(0.,-1.,0.));
#2710 = DIRECTION('',(1.,0.,0.));
#2711 = ORIENTED_EDGE('',*,*,#2712,.T.);
#2712 = EDGE_CURVE('',#2704,#2713,#2715,.T.);
#2713 = VERTEX_POINT('',#2714);
#2714 = CARTESIAN_POINT('',(6.,-1.10487804878,3.53));
#2715 = LINE('',#2716,#2717);
#2716 = CARTESIAN_POINT('',(6.,1.2,3.53));
#2717 = VECTOR('',#2718,1.);
#2718 = DIRECTION('',(0.,-1.,0.));
#2719 = ORIENTED_EDGE('',*,*,#2720,.F.);
#2720 = EDGE_CURVE('',#2713,#2713,#2721,.T.);
#2721 = CIRCLE('',#2722,3.5);
#2722 = AXIS2_PLACEMENT_3D('',#2723,#2724,#2725);
#2723 = CARTESIAN_POINT('',(2.5,-1.10487804878,3.53));
#2724 = DIRECTION('',(0.,-1.,0.));
#2725 = DIRECTION('',(1.,0.,0.));
#2726 = ORIENTED_EDGE('',*,*,#2712,.F.);
#2727 = CYLINDRICAL_SURFACE('',#2728,3.5);
#2728 = AXIS2_PLACEMENT_3D('',#2729,#2730,#2731);
#2729 = CARTESIAN_POINT('',(2.5,1.2,3.53));
#2730 = DIRECTION('',(0.,1.,0.));
#2731 = DIRECTION('',(1.,0.,0.));
#2732 = ADVANCED_FACE('',(#2733,#2753),#2832,.T.);
#2733 = FACE_BOUND('',#2734,.T.);
#2734 = EDGE_LOOP('',(#2735,#2744,#2751,#2752));
#2735 = ORIENTED_EDGE('',*,*,#2736,.T.);
#2736 = EDGE_CURVE('',#2704,#2737,#2739,.T.);
#2737 = VERTEX_POINT('',#2738);
#2738 = CARTESIAN_POINT('',(3.80487804878,1.2,3.53));
#2739 = CIRCLE('',#2740,2.19512195122);
#2740 = AXIS2_PLACEMENT_3D('',#2741,#2742,#2743);
#2741 = CARTESIAN_POINT('',(3.80487804878,-0.99512195122,3.53));
#2742 = DIRECTION('',(0.,0.,1.));
#2743 = DIRECTION('',(1.,0.,-0.));
#2744 = ORIENTED_EDGE('',*,*,#2745,.T.);
#2745 = EDGE_CURVE('',#2737,#2737,#2746,.T.);
#2746 = CIRCLE('',#2747,1.30487804878);
#2747 = AXIS2_PLACEMENT_3D('',#2748,#2749,#2750);
#2748 = CARTESIAN_POINT('',(2.5,1.2,3.53));
#2749 = DIRECTION('',(0.,-1.,0.));
#2750 = DIRECTION('',(1.,0.,0.));
#2751 = ORIENTED_EDGE('',*,*,#2736,.F.);
#2752 = ORIENTED_EDGE('',*,*,#2703,.F.);
#2753 = FACE_BOUND('',#2754,.T.);
#2754 = EDGE_LOOP('',(#2755,#2799));
#2755 = ORIENTED_EDGE('',*,*,#2756,.F.);
#2756 = EDGE_CURVE('',#2757,#2759,#2761,.T.);
#2757 = VERTEX_POINT('',#2758);
#2758 = CARTESIAN_POINT('',(-0.268619020893,-2.727309323772E-02,
    1.780394556208));
#2759 = VERTEX_POINT('',#2760);
#2760 = CARTESIAN_POINT('',(0.27,0.,1.150009607208));
#2761 = B_SPLINE_CURVE_WITH_KNOTS('',8,(#2762,#2763,#2764,#2765,#2766,
    #2767,#2768,#2769,#2770,#2771,#2772,#2773,#2774,#2775,#2776,#2777,
    #2778,#2779,#2780,#2781,#2782,#2783,#2784,#2785,#2786,#2787,#2788,
    #2789,#2790,#2791,#2792,#2793,#2794,#2795,#2796,#2797,#2798),
  .UNSPECIFIED.,.F.,.F.,(9,7,7,7,7,9),(0.,9.304784912796E-02,
    0.223410845783,0.328416719325,0.564080577079,1.),.UNSPECIFIED.);
#2762 = CARTESIAN_POINT('',(-0.268619020893,-2.727309323772E-02,
    1.780394556208));
#2763 = CARTESIAN_POINT('',(-0.269635803468,-1.725856582165E-02,
    1.791212402576));
#2764 = CARTESIAN_POINT('',(-0.270234315789,-7.117521723353E-03,
    1.801681156096));
#2765 = CARTESIAN_POINT('',(-0.270400921143,3.138482290036E-03,
    1.811764933888));
#2766 = CARTESIAN_POINT('',(-0.270120723384,1.349537989768E-02,
    1.821422232081));
#2767 = CARTESIAN_POINT('',(-0.269378178103,2.393633708278E-02,
    1.830606509125));
#2768 = CARTESIAN_POINT('',(-0.268157703799,3.444149399029E-02,
    1.839266769109));
#2769 = CARTESIAN_POINT('',(-0.266444293048,4.498770678471E-02,
    1.847348145079));
#2770 = CARTESIAN_POINT('',(-0.26111359576,7.034400185475E-02,
    1.865222235692));
#2771 = CARTESIAN_POINT('',(-0.25700779393,8.517044723609E-02,
    1.874403239116));
#2772 = CARTESIAN_POINT('',(-0.251869936981,9.994888174642E-02,
    1.882173009845));
#2773 = CARTESIAN_POINT('',(-0.245671797342,0.114575760192,
    1.888350123385));
#2774 = CARTESIAN_POINT('',(-0.238406811086,0.128923899053,
    1.892757486813));
#2775 = CARTESIAN_POINT('',(-0.230101533105,0.142848747587,
    1.895249802607));
#2776 = CARTESIAN_POINT('',(-0.220825437433,0.156199767085,
    1.895745223039));
#2777 = CARTESIAN_POINT('',(-0.202542385977,0.179015996171,
    1.893065827936));
#2778 = CARTESIAN_POINT('',(-0.193830102417,0.188736764683,
    1.890585468371));
#2779 = CARTESIAN_POINT('',(-0.184622797734,0.197926604824,
    1.886825712111));
#2780 = CARTESIAN_POINT('',(-0.174989079016,0.206532896971,
    1.881830251262));
#2781 = CARTESIAN_POINT('',(-0.164999509934,0.214521546203,
    1.875670234855));
#2782 = CARTESIAN_POINT('',(-0.154721895679,0.221874632954,
    1.868434032376));
#2783 = CARTESIAN_POINT('',(-0.144217917638,0.228587188977,
    1.860217400289));
#2784 = CARTESIAN_POINT('',(-0.109579259774,0.248299214933,
    1.830683477559));
#2785 = CARTESIAN_POINT('',(-8.479818432261E-02,0.258699484234,
    1.805830566322));
#2786 = CARTESIAN_POINT('',(-5.968529939513E-02,0.266004936163,
    1.777546877459));
#2787 = CARTESIAN_POINT('',(-3.46043848626E-02,0.270423578897,
    1.746741921806));
#2788 = CARTESIAN_POINT('',(-9.81780678737E-03,0.272166193527,
    1.714142669405));
#2789 = CARTESIAN_POINT('',(1.449151445325E-02,0.271418434264,
    1.680292021786));
#2790 = CARTESIAN_POINT('',(3.819717644165E-02,0.268326240681,
    1.645587917523));
#2791 = CARTESIAN_POINT('',(0.103761466279,0.253066758283,1.545039652233
    ));
#2792 = CARTESIAN_POINT('',(0.143643393604,0.23548728185,1.478230841802)
  );
#2793 = CARTESIAN_POINT('',(0.180172538747,0.210965910107,1.411867364112
    ));
#2794 = CARTESIAN_POINT('',(0.212503058888,0.179749331696,1.347408187196
    ));
#2795 = CARTESIAN_POINT('',(0.23937903318,0.142130814524,1.286660362442)
  );
#2796 = CARTESIAN_POINT('',(0.259204630864,9.864417520429E-02,
    1.231724031768));
#2797 = CARTESIAN_POINT('',(0.27,5.05014582301E-02,1.185207545423));
#2798 = CARTESIAN_POINT('',(0.27,-3.469446951954E-17,1.150009607208));
#2799 = ORIENTED_EDGE('',*,*,#2800,.F.);
#2800 = EDGE_CURVE('',#2759,#2757,#2801,.T.);
#2801 = B_SPLINE_CURVE_WITH_KNOTS('',8,(#2802,#2803,#2804,#2805,#2806,
    #2807,#2808,#2809,#2810,#2811,#2812,#2813,#2814,#2815,#2816,#2817,
    #2818,#2819,#2820,#2821,#2822,#2823,#2824,#2825,#2826,#2827,#2828,
    #2829,#2830,#2831),.UNSPECIFIED.,.F.,.F.,(9,7,7,7,9),(0.,
    0.152708409329,0.324568542312,0.757543348438,1.),.UNSPECIFIED.);
#2802 = CARTESIAN_POINT('',(0.27,-5.551115123126E-17,1.150009607208));
#2803 = CARTESIAN_POINT('',(0.27,-1.626823665604E-02,1.138671154642));
#2804 = CARTESIAN_POINT('',(0.268879711155,-3.275723188675E-02,
    1.128524013203));
#2805 = CARTESIAN_POINT('',(0.266586173996,-4.937323896963E-02,
    1.11966979185));
#2806 = CARTESIAN_POINT('',(0.263074881751,-6.600432414104E-02,
    1.112210494183));
#2807 = CARTESIAN_POINT('',(0.258317999285,-8.252049241616E-02,
    1.106240516351));
#2808 = CARTESIAN_POINT('',(0.25231176882,-9.877716048839E-02,
    1.101837873485));
#2809 = CARTESIAN_POINT('',(0.245083102427,-0.114621976708,
    1.099054654665));
#2810 = CARTESIAN_POINT('',(0.227255682665,-0.147104698287,
    1.096614789778));
#2811 = CARTESIAN_POINT('',(0.216342498684,-0.163602893143,
    1.097393253467));
#2812 = CARTESIAN_POINT('',(0.204047439104,-0.179174886243,
    1.100270197455));
#2813 = CARTESIAN_POINT('',(0.190509557669,-0.193630460761,
    1.105206924837));
#2814 = CARTESIAN_POINT('',(0.175899085259,-0.206821956793,
    1.112113101567));
#2815 = CARTESIAN_POINT('',(0.160402813784,-0.218647087063,
    1.120861174316));
#2816 = CARTESIAN_POINT('',(0.144211110839,-0.229046481067,1.13130004647
    ));
#2817 = CARTESIAN_POINT('',(8.542206699122E-02,-0.260542768324,
    1.173419435847));
#2818 = CARTESIAN_POINT('',(4.024664316212E-02,-0.273799568927,
    1.213158543078));
#2819 = CARTESIAN_POINT('',(-5.518998503305E-03,-0.277760715529,
    1.260098304884));
#2820 = CARTESIAN_POINT('',(-4.982424197015E-02,-0.273239105504,
    1.311998078583));
#2821 = CARTESIAN_POINT('',(-9.130105928916E-02,-0.261329587634,
    1.367112457458));
#2822 = CARTESIAN_POINT('',(-0.129055283034,-0.243091122115,
    1.424048693942));
#2823 = CARTESIAN_POINT('',(-0.162510127794,-0.219374015278,
    1.481793528148));
#2824 = CARTESIAN_POINT('',(-0.207069784176,-0.174741651254,
    1.571588507917));
#2825 = CARTESIAN_POINT('',(-0.221502158334,-0.157215161769,
    1.60370501944));
#2826 = CARTESIAN_POINT('',(-0.234265276145,-0.138308440563,
    1.635506165888));
#2827 = CARTESIAN_POINT('',(-0.245246172862,-0.11813984535,
    1.666770482828));
#2828 = CARTESIAN_POINT('',(-0.254322059539,-9.682513415977E-02,
    1.697242308084));
#2829 = CARTESIAN_POINT('',(-0.261355068306,-7.448378412117E-02,
    1.726613288738));
#2830 = CARTESIAN_POINT('',(-0.266184849532,-5.124781153509E-02,
    1.754496697181));
#2831 = CARTESIAN_POINT('',(-0.268619020893,-2.727309323772E-02,
    1.780394556208));
#2832 = SURFACE_OF_REVOLUTION('',#2833,#2846);
#2833 = B_SPLINE_CURVE_WITH_KNOTS('',6,(#2834,#2835,#2836,#2837,#2838,
    #2839,#2840,#2841,#2842,#2843,#2844,#2845),.UNSPECIFIED.,.F.,.F.,(7,
    5,7),(0.,0.785398163397,1.570796326795),.UNSPECIFIED.);
#2834 = CARTESIAN_POINT('',(6.,-0.99512195122,3.53));
#2835 = CARTESIAN_POINT('',(6.,-0.707781159733,3.53));
#2836 = CARTESIAN_POINT('',(5.954864791065,-0.420440848184,3.53));
#2837 = CARTESIAN_POINT('',(5.864593197344,-0.141960002059,3.53));
#2838 = CARTESIAN_POINT('',(5.731509158687,0.118787348735,3.53));
#2839 = CARTESIAN_POINT('',(5.560244288191,0.353883043847,3.53));
#2840 = CARTESIAN_POINT('',(5.153883043847,0.760244288191,3.53));
#2841 = CARTESIAN_POINT('',(4.918787348735,0.931509158688,3.53));
#2842 = CARTESIAN_POINT('',(4.658039997941,1.064593197344,3.53));
#2843 = CARTESIAN_POINT('',(4.379559151816,1.154864791065,3.53));
#2844 = CARTESIAN_POINT('',(4.092218840267,1.2,3.53));
#2845 = CARTESIAN_POINT('',(3.80487804878,1.2,3.53));
#2846 = AXIS1_PLACEMENT('',#2847,#2848);
#2847 = CARTESIAN_POINT('',(2.5,-0.99512195122,3.53));
#2848 = DIRECTION('',(0.,1.,0.));
#2849 = ADVANCED_FACE('',(#2850,#2870),#2959,.T.);
#2850 = FACE_BOUND('',#2851,.T.);
#2851 = EDGE_LOOP('',(#2852,#2853,#2862,#2869));
#2852 = ORIENTED_EDGE('',*,*,#2720,.T.);
#2853 = ORIENTED_EDGE('',*,*,#2854,.T.);
#2854 = EDGE_CURVE('',#2713,#2855,#2857,.T.);
#2855 = VERTEX_POINT('',#2856);
#2856 = CARTESIAN_POINT('',(3.80487804878,-3.3,3.53));
#2857 = CIRCLE('',#2858,2.19512195122);
#2858 = AXIS2_PLACEMENT_3D('',#2859,#2860,#2861);
#2859 = CARTESIAN_POINT('',(3.80487804878,-1.10487804878,3.53));
#2860 = DIRECTION('',(0.,0.,-1.));
#2861 = DIRECTION('',(1.,0.,0.));
#2862 = ORIENTED_EDGE('',*,*,#2863,.F.);
#2863 = EDGE_CURVE('',#2855,#2855,#2864,.T.);
#2864 = CIRCLE('',#2865,1.30487804878);
#2865 = AXIS2_PLACEMENT_3D('',#2866,#2867,#2868);
#2866 = CARTESIAN_POINT('',(2.5,-3.3,3.53));
#2867 = DIRECTION('',(0.,-1.,0.));
#2868 = DIRECTION('',(1.,0.,0.));
#2869 = ORIENTED_EDGE('',*,*,#2854,.F.);
#2870 = FACE_BOUND('',#2871,.T.);
#2871 = EDGE_LOOP('',(#2872,#2891));
#2872 = ORIENTED_EDGE('',*,*,#2873,.T.);
#2873 = EDGE_CURVE('',#2874,#2876,#2878,.T.);
#2874 = VERTEX_POINT('',#2875);
#2875 = CARTESIAN_POINT('',(5.27,-2.1,1.808269977674));
#2876 = VERTEX_POINT('',#2877);
#2877 = CARTESIAN_POINT('',(4.992015881135,-1.830118074251,
    1.251362317805));
#2878 = B_SPLINE_CURVE_WITH_KNOTS('',6,(#2879,#2880,#2881,#2882,#2883,
    #2884,#2885,#2886,#2887,#2888,#2889,#2890),.UNSPECIFIED.,.F.,.F.,(7,
    5,7),(0.,0.488572287703,1.),.UNSPECIFIED.);
#2879 = CARTESIAN_POINT('',(5.27,-2.1,1.808269977674));
#2880 = CARTESIAN_POINT('',(5.27,-2.062838249447,1.77246696095));
#2881 = CARTESIAN_POINT('',(5.26386248446,-2.027073973141,1.730799195833
    ));
#2882 = CARTESIAN_POINT('',(5.252450882142,-1.99346301581,1.685653384722
    ));
#2883 = CARTESIAN_POINT('',(5.236373417142,-1.962486217562,
    1.638424282627));
#2884 = CARTESIAN_POINT('',(5.216120982206,-1.934591483685,1.5900921088)
  );
#2885 = CARTESIAN_POINT('',(5.166961647062,-1.88481653567,1.490499054374
    ));
#2886 = CARTESIAN_POINT('',(5.137732851839,-1.863318026684,
    1.439285343202));
#2887 = CARTESIAN_POINT('',(5.104932665023,-1.846349257335,
    1.388730536053));
#2888 = CARTESIAN_POINT('',(5.069104576126,-1.83461987678,1.33974161675)
  );
#2889 = CARTESIAN_POINT('',(5.031054251158,-1.828963172952,
    1.293457268015));
#2890 = CARTESIAN_POINT('',(4.992015881135,-1.830118074251,
    1.251362317805));
#2891 = ORIENTED_EDGE('',*,*,#2892,.T.);
#2892 = EDGE_CURVE('',#2876,#2874,#2893,.T.);
#2893 = B_SPLINE_CURVE_WITH_KNOTS('',8,(#2894,#2895,#2896,#2897,#2898,
    #2899,#2900,#2901,#2902,#2903,#2904,#2905,#2906,#2907,#2908,#2909,
    #2910,#2911,#2912,#2913,#2914,#2915,#2916,#2917,#2918,#2919,#2920,
    #2921,#2922,#2923,#2924,#2925,#2926,#2927,#2928,#2929,#2930,#2931,
    #2932,#2933,#2934,#2935,#2936,#2937,#2938,#2939,#2940,#2941,#2942,
    #2943,#2944,#2945,#2946,#2947,#2948,#2949,#2950,#2951,#2952,#2953,
    #2954,#2955,#2956,#2957,#2958),.UNSPECIFIED.,.F.,.F.,(9,7,7,7,7,7,7,
    7,7,9),(0.,0.128372906759,0.208309679845,0.320196100373,
    0.382090587147,0.56698289234,0.790628953504,0.863015026337,
    0.946020342835,1.),.UNSPECIFIED.);
#2894 = CARTESIAN_POINT('',(4.992015881135,-1.830118074251,
    1.251362317805));
#2895 = CARTESIAN_POINT('',(4.97206020773,-1.830708437863,1.229844178654
    ));
#2896 = CARTESIAN_POINT('',(4.951869825147,-1.832993701911,
    1.209380773228));
#2897 = CARTESIAN_POINT('',(4.931587081636,-1.837053367493,
    1.190140574741));
#2898 = CARTESIAN_POINT('',(4.911386276115,-1.84296195056,1.172321020163
    ));
#2899 = CARTESIAN_POINT('',(4.891478344101,-1.850772668827,
    1.156144706714));
#2900 = CARTESIAN_POINT('',(4.872107058747,-1.860501225401,
    1.141847972676));
#2901 = CARTESIAN_POINT('',(4.853536746976,-1.872109689108,
    1.129661862525));
#2902 = CARTESIAN_POINT('',(4.825131157591,-1.893822576773,
    1.113635530442));
#2903 = CARTESIAN_POINT('',(4.814644038565,-1.902841559188,
    1.108381289869));
#2904 = CARTESIAN_POINT('',(4.804637813468,-1.912518928458,
    1.104072973004));
#2905 = CARTESIAN_POINT('',(4.795177799044,-1.922814756042,1.10075319606
    ));
#2906 = CARTESIAN_POINT('',(4.786324658606,-1.933678426757,
    1.098454903107));
#2907 = CARTESIAN_POINT('',(4.778132081693,-1.945049390367,
    1.097199296055));
#2908 = CARTESIAN_POINT('',(4.77064446373,-1.95685791316,1.096993764632)
  );
#2909 = CARTESIAN_POINT('',(4.754446872634,-1.986057097572,
    1.099000026681));
#2910 = CARTESIAN_POINT('',(4.746441223205,-2.003798483882,1.10221120932
    ));
#2911 = CARTESIAN_POINT('',(4.739968008174,-2.022041257019,
    1.107443337195));
#2912 = CARTESIAN_POINT('',(4.735060265638,-2.040572728519,
    1.114619421625));
#2913 = CARTESIAN_POINT('',(4.731704309469,-2.059193781035,
    1.123623785767));
#2914 = CARTESIAN_POINT('',(4.729851438391,-2.077730027504,
    1.134318531382));
#2915 = CARTESIAN_POINT('',(4.729430745697,-2.096036601342,
    1.146558198964));
#2916 = CARTESIAN_POINT('',(4.730878760026,-2.123931863034,1.16775058377
    ));
#2917 = CARTESIAN_POINT('',(4.731808538641,-2.133761702169,
    1.175728880518));
#2918 = CARTESIAN_POINT('',(4.73313894445,-2.143466708453,1.184114114961
    ));
#2919 = CARTESIAN_POINT('',(4.734855803619,-2.153029677115,
    1.192883117429));
#2920 = CARTESIAN_POINT('',(4.736944501756,-2.162435445671,
    1.202013186801));
#2921 = CARTESIAN_POINT('',(4.739390296204,-2.171670754368,
    1.211482332202));
#2922 = CARTESIAN_POINT('',(4.742178628337,-2.18072410662,1.221269514723
    ));
#2923 = CARTESIAN_POINT('',(4.754606018384,-2.216056927128,
    1.261482097839));
#2924 = CARTESIAN_POINT('',(4.766843264085,-2.240803530642,
    1.294255480006));
#2925 = CARTESIAN_POINT('',(4.781630390082,-2.263577961763,
    1.329155869816));
#2926 = CARTESIAN_POINT('',(4.798622310663,-2.284215019363,
    1.365717560374));
#2927 = CARTESIAN_POINT('',(4.817515165522,-2.302603242882,
    1.403524199909));
#2928 = CARTESIAN_POINT('',(4.83804931144,-2.318658525521,1.442196470903
    ));
#2929 = CARTESIAN_POINT('',(4.860005777417,-2.332299877158,
    1.481371552127));
#2930 = CARTESIAN_POINT('',(4.91124733936,-2.356887132172,1.568215114243
    ));
#2931 = CARTESIAN_POINT('',(4.940992941792,-2.366615258534,
    1.615754226326));
#2932 = CARTESIAN_POINT('',(4.972176962735,-2.372532683461,1.66279496575
    ));
#2933 = CARTESIAN_POINT('',(5.00455812703,-2.374399955237,1.708667754378
    ));
#2934 = CARTESIAN_POINT('',(5.037792240637,-2.371841887723,
    1.752354188788));
#2935 = CARTESIAN_POINT('',(5.071388796081,-2.364420389579,
    1.792453603246));
#2936 = CARTESIAN_POINT('',(5.104624495136,-2.351612104386,
    1.826955983547));
#2937 = CARTESIAN_POINT('',(5.14667410256,-2.326999224967,1.862119949243
    ));
#2938 = CARTESIAN_POINT('',(5.156784713337,-2.320385000727,
    1.869872070257));
#2939 = CARTESIAN_POINT('',(5.166674171038,-2.313172839252,
    1.876692961814));
#2940 = CARTESIAN_POINT('',(5.176285877673,-2.305368857417,
    1.882496865062));
#2941 = CARTESIAN_POINT('',(5.185558232181,-2.296990784112,
    1.887205426857));
#2942 = CARTESIAN_POINT('',(5.194427560108,-2.288070626004,
    1.890756065324));
#2943 = CARTESIAN_POINT('',(5.202832129933,-2.278656582726,
    1.893110558879));
#2944 = CARTESIAN_POINT('',(5.219759152655,-2.257527936336,
    1.895586350991));
#2945 = CARTESIAN_POINT('',(5.228123299015,-2.245671886785,
    1.895330213997));
#2946 = CARTESIAN_POINT('',(5.23572383303,-2.233345720272,1.893483099621
    ));
#2947 = CARTESIAN_POINT('',(5.24250693821,-2.220656112604,1.890095222394
    ));
#2948 = CARTESIAN_POINT('',(5.248446759814,-2.207707258059,1.88526004234
    ));
#2949 = CARTESIAN_POINT('',(5.253540159384,-2.194593955342,
    1.879096312698));
#2950 = CARTESIAN_POINT('',(5.257800307625,-2.181397279412,
    1.871731492527));
#2951 = CARTESIAN_POINT('',(5.263491929552,-2.159589281788,
    1.857794629073));
#2952 = CARTESIAN_POINT('',(5.265391929499,-2.150987044985,
    1.851845202528));
#2953 = CARTESIAN_POINT('',(5.266955435565,-2.142392823298,
    1.845470729215));
#2954 = CARTESIAN_POINT('',(5.268189809258,-2.13382145746,1.838702785081
    ));
#2955 = CARTESIAN_POINT('',(5.269103102449,-2.125285997192,
    1.831571572429));
#2956 = CARTESIAN_POINT('',(5.269703706266,-2.116797763974,
    1.824105454962));
#2957 = CARTESIAN_POINT('',(5.27,-2.10836641381,1.816330492829));
#2958 = CARTESIAN_POINT('',(5.27,-2.1,1.808269977674));
#2959 = SURFACE_OF_REVOLUTION('',#2960,#2973);
#2960 = B_SPLINE_CURVE_WITH_KNOTS('',6,(#2961,#2962,#2963,#2964,#2965,
    #2966,#2967,#2968,#2969,#2970,#2971,#2972),.UNSPECIFIED.,.F.,.F.,(7,
    5,7),(0.,0.785398163397,1.570796326795),.UNSPECIFIED.);
#2961 = CARTESIAN_POINT('',(6.,-1.10487804878,3.53));
#2962 = CARTESIAN_POINT('',(6.,-1.392218840267,3.53));
#2963 = CARTESIAN_POINT('',(5.954864791065,-1.679559151816,3.53));
#2964 = CARTESIAN_POINT('',(5.864593197344,-1.958039997941,3.53));
#2965 = CARTESIAN_POINT('',(5.731509158687,-2.218787348735,3.53));
#2966 = CARTESIAN_POINT('',(5.560244288191,-2.453883043847,3.53));
#2967 = CARTESIAN_POINT('',(5.153883043847,-2.860244288191,3.53));
#2968 = CARTESIAN_POINT('',(4.918787348735,-3.031509158688,3.53));
#2969 = CARTESIAN_POINT('',(4.658039997941,-3.164593197344,3.53));
#2970 = CARTESIAN_POINT('',(4.379559151816,-3.254864791065,3.53));
#2971 = CARTESIAN_POINT('',(4.092218840267,-3.3,3.53));
#2972 = CARTESIAN_POINT('',(3.80487804878,-3.3,3.53));
#2973 = AXIS1_PLACEMENT('',#2974,#2975);
#2974 = CARTESIAN_POINT('',(2.5,-1.10487804878,3.53));
#2975 = DIRECTION('',(0.,-1.,0.));
#2976 = ADVANCED_FACE('',(#2977),#2980,.F.);
#2977 = FACE_BOUND('',#2978,.F.);
#2978 = EDGE_LOOP('',(#2979));
#2979 = ORIENTED_EDGE('',*,*,#2745,.T.);
#2980 = PLANE('',#2981);
#2981 = AXIS2_PLACEMENT_3D('',#2982,#2983,#2984);
#2982 = CARTESIAN_POINT('',(2.5,1.2,3.53));
#2983 = DIRECTION('',(-0.,-1.,-0.));
#2984 = DIRECTION('',(0.,0.,-1.));
#2985 = ADVANCED_FACE('',(#2986),#3006,.T.);
#2986 = FACE_BOUND('',#2987,.T.);
#2987 = EDGE_LOOP('',(#2988,#2989,#2997,#3004,#3005));
#2988 = ORIENTED_EDGE('',*,*,#2756,.T.);
#2989 = ORIENTED_EDGE('',*,*,#2990,.T.);
#2990 = EDGE_CURVE('',#2759,#2991,#2993,.T.);
#2991 = VERTEX_POINT('',#2992);
#2992 = CARTESIAN_POINT('',(0.27,-8.589033614938E-33,-2.892));
#2993 = LINE('',#2994,#2995);
#2994 = CARTESIAN_POINT('',(0.27,0.,3.53));
#2995 = VECTOR('',#2996,1.);
#2996 = DIRECTION('',(-0.,-0.,-1.));
#2997 = ORIENTED_EDGE('',*,*,#2998,.T.);
#2998 = EDGE_CURVE('',#2991,#2991,#2999,.T.);
#2999 = CIRCLE('',#3000,0.27);
#3000 = AXIS2_PLACEMENT_3D('',#3001,#3002,#3003);
#3001 = CARTESIAN_POINT('',(-7.243018313321E-31,5.152639112584E-31,
    -2.892));
#3002 = DIRECTION('',(1.127201796441E-31,-7.952808902721E-32,1.));
#3003 = DIRECTION('',(1.,-1.940196092123E-30,-1.127201796441E-31));
#3004 = ORIENTED_EDGE('',*,*,#2990,.F.);
#3005 = ORIENTED_EDGE('',*,*,#2800,.T.);
#3006 = CYLINDRICAL_SURFACE('',#3007,0.27);
#3007 = AXIS2_PLACEMENT_3D('',#3008,#3009,#3010);
#3008 = CARTESIAN_POINT('',(0.,0.,3.53));
#3009 = DIRECTION('',(0.,0.,1.));
#3010 = DIRECTION('',(1.,0.,-0.));
#3011 = ADVANCED_FACE('',(#3012),#3015,.T.);
#3012 = FACE_BOUND('',#3013,.T.);
#3013 = EDGE_LOOP('',(#3014));
#3014 = ORIENTED_EDGE('',*,*,#2863,.T.);
#3015 = PLANE('',#3016);
#3016 = AXIS2_PLACEMENT_3D('',#3017,#3018,#3019);
#3017 = CARTESIAN_POINT('',(2.5,-3.3,3.53));
#3018 = DIRECTION('',(-0.,-1.,-0.));
#3019 = DIRECTION('',(0.,0.,-1.));
#3020 = ADVANCED_FACE('',(#3021),#3041,.T.);
#3021 = FACE_BOUND('',#3022,.T.);
#3022 = EDGE_LOOP('',(#3023,#3024,#3032,#3039,#3040));
#3023 = ORIENTED_EDGE('',*,*,#2873,.F.);
#3024 = ORIENTED_EDGE('',*,*,#3025,.T.);
#3025 = EDGE_CURVE('',#2874,#3026,#3028,.T.);
#3026 = VERTEX_POINT('',#3027);
#3027 = CARTESIAN_POINT('',(5.27,-2.1,-2.892));
#3028 = LINE('',#3029,#3030);
#3029 = CARTESIAN_POINT('',(5.27,-2.1,3.53));
#3030 = VECTOR('',#3031,1.);
#3031 = DIRECTION('',(-0.,-0.,-1.));
#3032 = ORIENTED_EDGE('',*,*,#3033,.T.);
#3033 = EDGE_CURVE('',#3026,#3026,#3034,.T.);
#3034 = CIRCLE('',#3035,0.27);
#3035 = AXIS2_PLACEMENT_3D('',#3036,#3037,#3038);
#3036 = CARTESIAN_POINT('',(5.,-2.1,-2.892));
#3037 = DIRECTION('',(0.,0.,1.));
#3038 = DIRECTION('',(1.,0.,-0.));
#3039 = ORIENTED_EDGE('',*,*,#3025,.F.);
#3040 = ORIENTED_EDGE('',*,*,#2892,.F.);
#3041 = CYLINDRICAL_SURFACE('',#3042,0.27);
#3042 = AXIS2_PLACEMENT_3D('',#3043,#3044,#3045);
#3043 = CARTESIAN_POINT('',(5.,-2.1,3.53));
#3044 = DIRECTION('',(0.,0.,1.));
#3045 = DIRECTION('',(1.,0.,-0.));
#3046 = ADVANCED_FACE('',(#3047),#3067,.T.);
#3047 = FACE_BOUND('',#3048,.T.);
#3048 = EDGE_LOOP('',(#3049,#3058,#3065,#3066));
#3049 = ORIENTED_EDGE('',*,*,#3050,.T.);
#3050 = EDGE_CURVE('',#3051,#3051,#3053,.T.);
#3051 = VERTEX_POINT('',#3052);
#3052 = CARTESIAN_POINT('',(0.162,2.095411779493E-31,-3.));
#3053 = CIRCLE('',#3054,0.162);
#3054 = AXIS2_PLACEMENT_3D('',#3055,#3056,#3057);
#3055 = CARTESIAN_POINT('',(-7.364756107337E-31,5.238529448733E-31,-3.)
  );
#3056 = DIRECTION('',(1.127201796441E-31,-7.952808902721E-32,1.));
#3057 = DIRECTION('',(1.,-1.940196092123E-30,-1.127201796441E-31));
#3058 = ORIENTED_EDGE('',*,*,#3059,.F.);
#3059 = EDGE_CURVE('',#2991,#3051,#3060,.T.);
#3060 = CIRCLE('',#3061,0.108);
#3061 = AXIS2_PLACEMENT_3D('',#3062,#3063,#3064);
#3062 = CARTESIAN_POINT('',(0.162,2.009521443344E-31,-2.892));
#3063 = DIRECTION('',(1.940196092123E-30,1.,7.952808902721E-32));
#3064 = DIRECTION('',(1.,-1.940196092123E-30,-1.127201796441E-31));
#3065 = ORIENTED_EDGE('',*,*,#2998,.F.);
#3066 = ORIENTED_EDGE('',*,*,#3059,.T.);
#3067 = TOROIDAL_SURFACE('',#3068,0.162,0.108);
#3068 = AXIS2_PLACEMENT_3D('',#3069,#3070,#3071);
#3069 = CARTESIAN_POINT('',(-7.243018313321E-31,5.152639112584E-31,
    -2.892));
#3070 = DIRECTION('',(-1.127201796441E-31,7.952808902721E-32,-1.));
#3071 = DIRECTION('',(1.,-1.940196092123E-30,-1.127201796441E-31));
#3072 = ADVANCED_FACE('',(#3073),#3093,.T.);
#3073 = FACE_BOUND('',#3074,.T.);
#3074 = EDGE_LOOP('',(#3075,#3084,#3091,#3092));
#3075 = ORIENTED_EDGE('',*,*,#3076,.T.);
#3076 = EDGE_CURVE('',#3077,#3077,#3079,.T.);
#3077 = VERTEX_POINT('',#3078);
#3078 = CARTESIAN_POINT('',(5.162,-2.1,-3.));
#3079 = CIRCLE('',#3080,0.162);
#3080 = AXIS2_PLACEMENT_3D('',#3081,#3082,#3083);
#3081 = CARTESIAN_POINT('',(5.,-2.1,-3.));
#3082 = DIRECTION('',(0.,0.,1.));
#3083 = DIRECTION('',(1.,0.,-0.));
#3084 = ORIENTED_EDGE('',*,*,#3085,.F.);
#3085 = EDGE_CURVE('',#3026,#3077,#3086,.T.);
#3086 = CIRCLE('',#3087,0.108);
#3087 = AXIS2_PLACEMENT_3D('',#3088,#3089,#3090);
#3088 = CARTESIAN_POINT('',(5.162,-2.1,-2.892));
#3089 = DIRECTION('',(-0.,1.,0.));
#3090 = DIRECTION('',(1.,0.,0.));
#3091 = ORIENTED_EDGE('',*,*,#3033,.F.);
#3092 = ORIENTED_EDGE('',*,*,#3085,.T.);
#3093 = TOROIDAL_SURFACE('',#3094,0.162,0.108);
#3094 = AXIS2_PLACEMENT_3D('',#3095,#3096,#3097);
#3095 = CARTESIAN_POINT('',(5.,-2.1,-2.892));
#3096 = DIRECTION('',(-0.,-0.,-1.));
#3097 = DIRECTION('',(1.,0.,0.));
#3098 = ADVANCED_FACE('',(#3099),#3102,.F.);
#3099 = FACE_BOUND('',#3100,.F.);
#3100 = EDGE_LOOP('',(#3101));
#3101 = ORIENTED_EDGE('',*,*,#3050,.T.);
#3102 = PLANE('',#3103);
#3103 = AXIS2_PLACEMENT_3D('',#3104,#3105,#3106);
#3104 = CARTESIAN_POINT('',(-1.978356673234E-17,2.854531227236E-17,-3.)
  );
#3105 = DIRECTION('',(1.127201796441E-31,-7.952808902721E-32,1.));
#3106 = DIRECTION('',(1.,0.,-1.127201796441E-31));
#3107 = ADVANCED_FACE('',(#3108),#3111,.F.);
#3108 = FACE_BOUND('',#3109,.F.);
#3109 = EDGE_LOOP('',(#3110));
#3110 = ORIENTED_EDGE('',*,*,#3076,.T.);
#3111 = PLANE('',#3112);
#3112 = AXIS2_PLACEMENT_3D('',#3113,#3114,#3115);
#3113 = CARTESIAN_POINT('',(5.,-2.1,-3.));
#3114 = DIRECTION('',(0.,0.,1.));
#3115 = DIRECTION('',(1.,0.,-0.));
#3116 = ( GEOMETRIC_REPRESENTATION_CONTEXT(3) 
GLOBAL_UNCERTAINTY_ASSIGNED_CONTEXT((#3120)) 
GLOBAL_UNIT_ASSIGNED_CONTEXT((#3117,#3118,#3119)) REPRESENTATION_CONTEXT
('Context #1','3D Context with UNIT and UNCERTAINTY') );
#3117 = ( LENGTH_UNIT() NAMED_UNIT(*) SI_UNIT(.MILLI.,.METRE.) );
#3118 = ( NAMED_UNIT(*) PLANE_ANGLE_UNIT() SI_UNIT($,.RADIAN.) );
#3119 = ( NAMED_UNIT(*) SI_UNIT($,.STERADIAN.) SOLID_ANGLE_UNIT() );
#3120 = UNCERTAINTY_MEASURE_WITH_UNIT(LENGTH_MEASURE(1.E-07),#3117,
  'distance_accuracy_value','confusion accuracy');
#3121 = CONTEXT_DEPENDENT_SHAPE_REPRESENTATION(#3122,#3124);
#3122 = ( REPRESENTATION_RELATIONSHIP('','',#2696,#10) 
REPRESENTATION_RELATIONSHIP_WITH_TRANSFORMATION(#3123) 
SHAPE_REPRESENTATION_RELATIONSHIP() );
#3123 = ITEM_DEFINED_TRANSFORMATION('','',#11,#19);
#3124 = PRODUCT_DEFINITION_SHAPE('Placement','Placement of an item',
  #3125);
#3125 = NEXT_ASSEMBLY_USAGE_OCCURRENCE('2','RV1','',#5,#2691,$);
#3126 = PRODUCT_RELATED_PRODUCT_CATEGORY('part',$,(#2693));
#3127 = SHAPE_DEFINITION_REPRESENTATION(#3128,#3134);
#3128 = PRODUCT_DEFINITION_SHAPE('','',#3129);
#3129 = PRODUCT_DEFINITION('design','',#3130,#3133);
#3130 = PRODUCT_DEFINITION_FORMATION('','',#3131);
#3131 = PRODUCT('Fuse_TR5_D8.5mm_H8mm','Fuse_TR5_D8.5mm_H8mm','',(#3132)
  );
#3132 = PRODUCT_CONTEXT('',#2,'mechanical');
#3133 = PRODUCT_DEFINITION_CONTEXT('part definition',#2,'design');
#3134 = ADVANCED_BREP_SHAPE_REPRESENTATION('',(#11,#3135),#3278);
#3135 = MANIFOLD_SOLID_BREP('',#3136);
#3136 = CLOSED_SHELL('',(#3137,#3170,#3179,#3210,#3235,#3260,#3269));
#3137 = ADVANCED_FACE('',(#3138),#3165,.T.);
#3138 = FACE_BOUND('',#3139,.T.);
#3139 = EDGE_LOOP('',(#3140,#3149,#3157,#3164));
#3140 = ORIENTED_EDGE('',*,*,#3141,.F.);
#3141 = EDGE_CURVE('',#3142,#3142,#3144,.T.);
#3142 = VERTEX_POINT('',#3143);
#3143 = CARTESIAN_POINT('',(6.79,-1.040949779275E-15,8.));
#3144 = CIRCLE('',#3145,4.25);
#3145 = AXIS2_PLACEMENT_3D('',#3146,#3147,#3148);
#3146 = CARTESIAN_POINT('',(2.54,0.,8.));
#3147 = DIRECTION('',(0.,0.,1.));
#3148 = DIRECTION('',(1.,0.,-0.));
#3149 = ORIENTED_EDGE('',*,*,#3150,.F.);
#3150 = EDGE_CURVE('',#3151,#3142,#3153,.T.);
#3151 = VERTEX_POINT('',#3152);
#3152 = CARTESIAN_POINT('',(6.79,-1.040949779275E-15,0.5));
#3153 = LINE('',#3154,#3155);
#3154 = CARTESIAN_POINT('',(6.79,-1.040949779275E-15,0.5));
#3155 = VECTOR('',#3156,1.);
#3156 = DIRECTION('',(0.,0.,1.));
#3157 = ORIENTED_EDGE('',*,*,#3158,.T.);
#3158 = EDGE_CURVE('',#3151,#3151,#3159,.T.);
#3159 = CIRCLE('',#3160,4.25);
#3160 = AXIS2_PLACEMENT_3D('',#3161,#3162,#3163);
#3161 = CARTESIAN_POINT('',(2.54,0.,0.5));
#3162 = DIRECTION('',(0.,0.,1.));
#3163 = DIRECTION('',(1.,0.,-0.));
#3164 = ORIENTED_EDGE('',*,*,#3150,.T.);
#3165 = CYLINDRICAL_SURFACE('',#3166,4.25);
#3166 = AXIS2_PLACEMENT_3D('',#3167,#3168,#3169);
#3167 = CARTESIAN_POINT('',(2.54,0.,0.5));
#3168 = DIRECTION('',(0.,0.,1.));
#3169 = DIRECTION('',(1.,0.,-0.));
#3170 = ADVANCED_FACE('',(#3171),#3174,.T.);
#3171 = FACE_BOUND('',#3172,.T.);
#3172 = EDGE_LOOP('',(#3173));
#3173 = ORIENTED_EDGE('',*,*,#3141,.T.);
#3174 = PLANE('',#3175);
#3175 = AXIS2_PLACEMENT_3D('',#3176,#3177,#3178);
#3176 = CARTESIAN_POINT('',(2.54,0.,8.));
#3177 = DIRECTION('',(0.,0.,1.));
#3178 = DIRECTION('',(1.,0.,-0.));
#3179 = ADVANCED_FACE('',(#3180,#3183,#3194),#3205,.F.);
#3180 = FACE_BOUND('',#3181,.F.);
#3181 = EDGE_LOOP('',(#3182));
#3182 = ORIENTED_EDGE('',*,*,#3158,.T.);
#3183 = FACE_BOUND('',#3184,.F.);
#3184 = EDGE_LOOP('',(#3185));
#3185 = ORIENTED_EDGE('',*,*,#3186,.F.);
#3186 = EDGE_CURVE('',#3187,#3187,#3189,.T.);
#3187 = VERTEX_POINT('',#3188);
#3188 = CARTESIAN_POINT('',(0.3,-7.347880794884E-17,0.5));
#3189 = CIRCLE('',#3190,0.3);
#3190 = AXIS2_PLACEMENT_3D('',#3191,#3192,#3193);
#3191 = CARTESIAN_POINT('',(0.,0.,0.5));
#3192 = DIRECTION('',(0.,0.,1.));
#3193 = DIRECTION('',(1.,0.,-0.));
#3194 = FACE_BOUND('',#3195,.F.);
#3195 = EDGE_LOOP('',(#3196));
#3196 = ORIENTED_EDGE('',*,*,#3197,.F.);
#3197 = EDGE_CURVE('',#3198,#3198,#3200,.T.);
#3198 = VERTEX_POINT('',#3199);
#3199 = CARTESIAN_POINT('',(5.38,-7.347880794884E-17,0.5));
#3200 = CIRCLE('',#3201,0.3);
#3201 = AXIS2_PLACEMENT_3D('',#3202,#3203,#3204);
#3202 = CARTESIAN_POINT('',(5.08,0.,0.5));
#3203 = DIRECTION('',(0.,0.,1.));
#3204 = DIRECTION('',(1.,0.,-0.));
#3205 = PLANE('',#3206);
#3206 = AXIS2_PLACEMENT_3D('',#3207,#3208,#3209);
#3207 = CARTESIAN_POINT('',(2.54,0.,0.5));
#3208 = DIRECTION('',(0.,0.,1.));
#3209 = DIRECTION('',(1.,0.,-0.));
#3210 = ADVANCED_FACE('',(#3211),#3230,.T.);
#3211 = FACE_BOUND('',#3212,.T.);
#3212 = EDGE_LOOP('',(#3213,#3214,#3222,#3229));
#3213 = ORIENTED_EDGE('',*,*,#3186,.F.);
#3214 = ORIENTED_EDGE('',*,*,#3215,.F.);
#3215 = EDGE_CURVE('',#3216,#3187,#3218,.T.);
#3216 = VERTEX_POINT('',#3217);
#3217 = CARTESIAN_POINT('',(0.3,-7.347880794884E-17,-3.));
#3218 = LINE('',#3219,#3220);
#3219 = CARTESIAN_POINT('',(0.3,-7.347880794884E-17,-3.));
#3220 = VECTOR('',#3221,1.);
#3221 = DIRECTION('',(0.,0.,1.));
#3222 = ORIENTED_EDGE('',*,*,#3223,.T.);
#3223 = EDGE_CURVE('',#3216,#3216,#3224,.T.);
#3224 = CIRCLE('',#3225,0.3);
#3225 = AXIS2_PLACEMENT_3D('',#3226,#3227,#3228);
#3226 = CARTESIAN_POINT('',(0.,0.,-3.));
#3227 = DIRECTION('',(0.,0.,1.));
#3228 = DIRECTION('',(1.,0.,-0.));
#3229 = ORIENTED_EDGE('',*,*,#3215,.T.);
#3230 = CYLINDRICAL_SURFACE('',#3231,0.3);
#3231 = AXIS2_PLACEMENT_3D('',#3232,#3233,#3234);
#3232 = CARTESIAN_POINT('',(0.,0.,-3.));
#3233 = DIRECTION('',(0.,0.,1.));
#3234 = DIRECTION('',(1.,0.,-0.));
#3235 = ADVANCED_FACE('',(#3236),#3255,.T.);
#3236 = FACE_BOUND('',#3237,.T.);
#3237 = EDGE_LOOP('',(#3238,#3239,#3247,#3254));
#3238 = ORIENTED_EDGE('',*,*,#3197,.F.);
#3239 = ORIENTED_EDGE('',*,*,#3240,.F.);
#3240 = EDGE_CURVE('',#3241,#3198,#3243,.T.);
#3241 = VERTEX_POINT('',#3242);
#3242 = CARTESIAN_POINT('',(5.38,-7.347880794884E-17,-3.));
#3243 = LINE('',#3244,#3245);
#3244 = CARTESIAN_POINT('',(5.38,-7.347880794884E-17,-3.));
#3245 = VECTOR('',#3246,1.);
#3246 = DIRECTION('',(0.,0.,1.));
#3247 = ORIENTED_EDGE('',*,*,#3248,.T.);
#3248 = EDGE_CURVE('',#3241,#3241,#3249,.T.);
#3249 = CIRCLE('',#3250,0.3);
#3250 = AXIS2_PLACEMENT_3D('',#3251,#3252,#3253);
#3251 = CARTESIAN_POINT('',(5.08,0.,-3.));
#3252 = DIRECTION('',(0.,0.,1.));
#3253 = DIRECTION('',(1.,0.,-0.));
#3254 = ORIENTED_EDGE('',*,*,#3240,.T.);
#3255 = CYLINDRICAL_SURFACE('',#3256,0.3);
#3256 = AXIS2_PLACEMENT_3D('',#3257,#3258,#3259);
#3257 = CARTESIAN_POINT('',(5.08,0.,-3.));
#3258 = DIRECTION('',(0.,0.,1.));
#3259 = DIRECTION('',(1.,0.,-0.));
#3260 = ADVANCED_FACE('',(#3261),#3264,.F.);
#3261 = FACE_BOUND('',#3262,.T.);
#3262 = EDGE_LOOP('',(#3263));
#3263 = ORIENTED_EDGE('',*,*,#3223,.F.);
#3264 = PLANE('',#3265);
#3265 = AXIS2_PLACEMENT_3D('',#3266,#3267,#3268);
#3266 = CARTESIAN_POINT('',(0.,0.,-3.));
#3267 = DIRECTION('',(0.,0.,1.));
#3268 = DIRECTION('',(1.,0.,-0.));
#3269 = ADVANCED_FACE('',(#3270),#3273,.F.);
#3270 = FACE_BOUND('',#3271,.T.);
#3271 = EDGE_LOOP('',(#3272));
#3272 = ORIENTED_EDGE('',*,*,#3248,.F.);
#3273 = PLANE('',#3274);
#3274 = AXIS2_PLACEMENT_3D('',#3275,#3276,#3277);
#3275 = CARTESIAN_POINT('',(5.08,0.,-3.));
#3276 = DIRECTION('',(0.,0.,1.));
#3277 = DIRECTION('',(1.,0.,-0.));
#3278 = ( GEOMETRIC_REPRESENTATION_CONTEXT(3) 
GLOBAL_UNCERTAINTY_ASSIGNED_CONTEXT((#3282)) 
GLOBAL_UNIT_ASSIGNED_CONTEXT((#3279,#3280,#3281)) REPRESENTATION_CONTEXT
('Context #1','3D Context with UNIT and UNCERTAINTY') );
#3279 = ( LENGTH_UNIT() NAMED_UNIT(*) SI_UNIT(.MILLI.,.METRE.) );
#3280 = ( NAMED_UNIT(*) PLANE_ANGLE_UNIT() SI_UNIT($,.RADIAN.) );
#3281 = ( NAMED_UNIT(*) SI_UNIT($,.STERADIAN.) SOLID_ANGLE_UNIT() );
#3282 = UNCERTAINTY_MEASURE_WITH_UNIT(LENGTH_MEASURE(1.E-07),#3279,
  'distance_accuracy_value','confusion accuracy');
#3283 = CONTEXT_DEPENDENT_SHAPE_REPRESENTATION(#3284,#3286);
#3284 = ( REPRESENTATION_RELATIONSHIP('','',#3134,#10) 
REPRESENTATION_RELATIONSHIP_WITH_TRANSFORMATION(#3285) 
SHAPE_REPRESENTATION_RELATIONSHIP() );
#3285 = ITEM_DEFINED_TRANSFORMATION('','',#11,#23);
#3286 = PRODUCT_DEFINITION_SHAPE('Placement','Placement of an item',
  #3287);
#3287 = NEXT_ASSEMBLY_USAGE_OCCURRENCE('3','F1','',#5,#3129,$);
#3288 = PRODUCT_RELATED_PRODUCT_CATEGORY('part',$,(#3131));
#3289 = SHAPE_DEFINITION_REPRESENTATION(#3290,#3296);
#3290 = PRODUCT_DEFINITION_SHAPE('','',#3291);
#3291 = PRODUCT_DEFINITION('design','',#3292,#3295);
#3292 = PRODUCT_DEFINITION_FORMATION('','',#3293);
#3293 = PRODUCT('JST_XH_B2B-XH-A_1x02_P2.50mm_Vertical',
  'JST_XH_B2B-XH-A_1x02_P2.50mm_Vertical','',(#3294));
#3294 = PRODUCT_CONTEXT('',#2,'mechanical');
#3295 = PRODUCT_DEFINITION_CONTEXT('part definition',#2,'design');
#3296 = ADVANCED_BREP_SHAPE_REPRESENTATION('',(#11,#3297),#6012);
#3297 = MANIFOLD_SOLID_BREP('',#3298);
#3298 = CLOSED_SHELL('',(#3299,#3371,#3410,#3434,#3499,#3523,#3611,#3635
    ,#3700,#3725,#3774,#3791,#3815,#3832,#3970,#3994,#4164,#4188,#4221,
    #4245,#4276,#4293,#4326,#4350,#4381,#4393,#4426,#4443,#4460,#4472,
    #4552,#4569,#4586,#4603,#4620,#4637,#4654,#4671,#4688,#4705,#4722,
    #4734,#4751,#4768,#4814,#4860,#4891,#4915,#4939,#4956,#4987,#5011,
    #5035,#5052,#5115,#5139,#5195,#5212,#5275,#5299,#5355,#5372,#5403,
    #5427,#5451,#5468,#5499,#5523,#5547,#5564,#5611,#5642,#5654,#5671,
    #5697,#5730,#5777,#5808,#5820,#5837,#5863,#5896,#5908,#5920,#5937,
    #5954,#5966,#5983,#6000));
#3299 = ADVANCED_FACE('',(#3300),#3366,.T.);
#3300 = FACE_BOUND('',#3301,.T.);
#3301 = EDGE_LOOP('',(#3302,#3312,#3320,#3328,#3336,#3344,#3352,#3360));
#3302 = ORIENTED_EDGE('',*,*,#3303,.T.);
#3303 = EDGE_CURVE('',#3304,#3306,#3308,.T.);
#3304 = VERTEX_POINT('',#3305);
#3305 = CARTESIAN_POINT('',(-1.8,0.5,7.));
#3306 = VERTEX_POINT('',#3307);
#3307 = CARTESIAN_POINT('',(-2.45,0.5,7.));
#3308 = LINE('',#3309,#3310);
#3309 = CARTESIAN_POINT('',(4.95,0.5,7.));
#3310 = VECTOR('',#3311,1.);
#3311 = DIRECTION('',(-1.,1.224646799147E-16,0.));
#3312 = ORIENTED_EDGE('',*,*,#3313,.T.);
#3313 = EDGE_CURVE('',#3306,#3314,#3316,.T.);
#3314 = VERTEX_POINT('',#3315);
#3315 = CARTESIAN_POINT('',(-2.45,-3.4,7.));
#3316 = LINE('',#3317,#3318);
#3317 = CARTESIAN_POINT('',(-2.45,2.35,7.));
#3318 = VECTOR('',#3319,1.);
#3319 = DIRECTION('',(-1.224646799147E-16,-1.,0.));
#3320 = ORIENTED_EDGE('',*,*,#3321,.T.);
#3321 = EDGE_CURVE('',#3314,#3322,#3324,.T.);
#3322 = VERTEX_POINT('',#3323);
#3323 = CARTESIAN_POINT('',(4.95,-3.4,7.));
#3324 = LINE('',#3325,#3326);
#3325 = CARTESIAN_POINT('',(-2.45,-3.4,7.));
#3326 = VECTOR('',#3327,1.);
#3327 = DIRECTION('',(1.,-1.224646799147E-16,0.));
#3328 = ORIENTED_EDGE('',*,*,#3329,.T.);
#3329 = EDGE_CURVE('',#3322,#3330,#3332,.T.);
#3330 = VERTEX_POINT('',#3331);
#3331 = CARTESIAN_POINT('',(4.95,0.5,7.));
#3332 = LINE('',#3333,#3334);
#3333 = CARTESIAN_POINT('',(4.95,-3.4,7.));
#3334 = VECTOR('',#3335,1.);
#3335 = DIRECTION('',(1.224646799147E-16,1.,0.));
#3336 = ORIENTED_EDGE('',*,*,#3337,.T.);
#3337 = EDGE_CURVE('',#3330,#3338,#3340,.T.);
#3338 = VERTEX_POINT('',#3339);
#3339 = CARTESIAN_POINT('',(4.3,0.5,7.));
#3340 = LINE('',#3341,#3342);
#3341 = CARTESIAN_POINT('',(4.95,0.5,7.));
#3342 = VECTOR('',#3343,1.);
#3343 = DIRECTION('',(-1.,1.224646799147E-16,0.));
#3344 = ORIENTED_EDGE('',*,*,#3345,.F.);
#3345 = EDGE_CURVE('',#3346,#3338,#3348,.T.);
#3346 = VERTEX_POINT('',#3347);
#3347 = CARTESIAN_POINT('',(4.3,-2.85,7.));
#3348 = LINE('',#3349,#3350);
#3349 = CARTESIAN_POINT('',(4.3,-2.65,7.));
#3350 = VECTOR('',#3351,1.);
#3351 = DIRECTION('',(1.224646799147E-16,1.,0.));
#3352 = ORIENTED_EDGE('',*,*,#3353,.F.);
#3353 = EDGE_CURVE('',#3354,#3346,#3356,.T.);
#3354 = VERTEX_POINT('',#3355);
#3355 = CARTESIAN_POINT('',(-1.8,-2.85,7.));
#3356 = LINE('',#3357,#3358);
#3357 = CARTESIAN_POINT('',(-1.6,-2.85,7.));
#3358 = VECTOR('',#3359,1.);
#3359 = DIRECTION('',(1.,-1.224646799147E-16,0.));
#3360 = ORIENTED_EDGE('',*,*,#3361,.F.);
#3361 = EDGE_CURVE('',#3304,#3354,#3362,.T.);
#3362 = LINE('',#3363,#3364);
#3363 = CARTESIAN_POINT('',(-1.8,0.5,7.));
#3364 = VECTOR('',#3365,1.);
#3365 = DIRECTION('',(-1.224646799147E-16,-1.,0.));
#3366 = PLANE('',#3367);
#3367 = AXIS2_PLACEMENT_3D('',#3368,#3369,#3370);
#3368 = CARTESIAN_POINT('',(1.25,-0.525,7.));
#3369 = DIRECTION('',(0.,0.,1.));
#3370 = DIRECTION('',(-1.,1.224646799147E-16,0.));
#3371 = ADVANCED_FACE('',(#3372),#3405,.T.);
#3372 = FACE_BOUND('',#3373,.T.);
#3373 = EDGE_LOOP('',(#3374,#3384,#3392,#3398,#3399));
#3374 = ORIENTED_EDGE('',*,*,#3375,.T.);
#3375 = EDGE_CURVE('',#3376,#3378,#3380,.T.);
#3376 = VERTEX_POINT('',#3377);
#3377 = CARTESIAN_POINT('',(-1.6,0.5,6.8));
#3378 = VERTEX_POINT('',#3379);
#3379 = CARTESIAN_POINT('',(-1.6,0.5,3.65));
#3380 = LINE('',#3381,#3382);
#3381 = CARTESIAN_POINT('',(-1.6,0.5,5.325));
#3382 = VECTOR('',#3383,1.);
#3383 = DIRECTION('',(-0.,0.,-1.));
#3384 = ORIENTED_EDGE('',*,*,#3385,.T.);
#3385 = EDGE_CURVE('',#3378,#3386,#3388,.T.);
#3386 = VERTEX_POINT('',#3387);
#3387 = CARTESIAN_POINT('',(-2.45,0.5,3.65));
#3388 = LINE('',#3389,#3390);
#3389 = CARTESIAN_POINT('',(4.95,0.5,3.65));
#3390 = VECTOR('',#3391,1.);
#3391 = DIRECTION('',(-1.,1.224646799147E-16,0.));
#3392 = ORIENTED_EDGE('',*,*,#3393,.T.);
#3393 = EDGE_CURVE('',#3386,#3306,#3394,.T.);
#3394 = LINE('',#3395,#3396);
#3395 = CARTESIAN_POINT('',(-2.45,0.5,1.825));
#3396 = VECTOR('',#3397,1.);
#3397 = DIRECTION('',(0.,0.,1.));
#3398 = ORIENTED_EDGE('',*,*,#3303,.F.);
#3399 = ORIENTED_EDGE('',*,*,#3400,.T.);
#3400 = EDGE_CURVE('',#3304,#3376,#3401,.T.);
#3401 = LINE('',#3402,#3403);
#3402 = CARTESIAN_POINT('',(0.775,0.5,4.425));
#3403 = VECTOR('',#3404,1.);
#3404 = DIRECTION('',(0.707106781187,-8.659560562349E-17,-0.707106781187
    ));
#3405 = PLANE('',#3406);
#3406 = AXIS2_PLACEMENT_3D('',#3407,#3408,#3409);
#3407 = CARTESIAN_POINT('',(4.95,0.5,3.65));
#3408 = DIRECTION('',(1.224646799147E-16,1.,0.));
#3409 = DIRECTION('',(0.,-0.,1.));
#3410 = ADVANCED_FACE('',(#3411),#3429,.F.);
#3411 = FACE_BOUND('',#3412,.T.);
#3412 = EDGE_LOOP('',(#3413,#3414,#3415,#3423));
#3413 = ORIENTED_EDGE('',*,*,#3400,.F.);
#3414 = ORIENTED_EDGE('',*,*,#3361,.T.);
#3415 = ORIENTED_EDGE('',*,*,#3416,.T.);
#3416 = EDGE_CURVE('',#3354,#3417,#3419,.T.);
#3417 = VERTEX_POINT('',#3418);
#3418 = CARTESIAN_POINT('',(-1.6,-2.65,6.8));
#3419 = LINE('',#3420,#3421);
#3420 = CARTESIAN_POINT('',(-1.141666666667,-2.191666666667,
    6.341666666667));
#3421 = VECTOR('',#3422,1.);
#3422 = DIRECTION('',(0.57735026919,0.57735026919,-0.57735026919));
#3423 = ORIENTED_EDGE('',*,*,#3424,.F.);
#3424 = EDGE_CURVE('',#3376,#3417,#3425,.T.);
#3425 = LINE('',#3426,#3427);
#3426 = CARTESIAN_POINT('',(-1.6,0.5,6.8));
#3427 = VECTOR('',#3428,1.);
#3428 = DIRECTION('',(-1.224646799147E-16,-1.,0.));
#3429 = PLANE('',#3430);
#3430 = AXIS2_PLACEMENT_3D('',#3431,#3432,#3433);
#3431 = CARTESIAN_POINT('',(-1.7,0.5,6.9));
#3432 = DIRECTION('',(-0.707106781187,8.659560562349E-17,-0.707106781187
    ));
#3433 = DIRECTION('',(1.224646799147E-16,1.,-2.105272540809E-29));
#3434 = ADVANCED_FACE('',(#3435),#3494,.F.);
#3435 = FACE_BOUND('',#3436,.F.);
#3436 = EDGE_LOOP('',(#3437,#3447,#3455,#3463,#3471,#3480,#3486,#3487,
    #3488));
#3437 = ORIENTED_EDGE('',*,*,#3438,.F.);
#3438 = EDGE_CURVE('',#3439,#3441,#3443,.T.);
#3439 = VERTEX_POINT('',#3440);
#3440 = CARTESIAN_POINT('',(-2.45,2.35,0.));
#3441 = VERTEX_POINT('',#3442);
#3442 = CARTESIAN_POINT('',(-2.45,-3.4,0.));
#3443 = LINE('',#3444,#3445);
#3444 = CARTESIAN_POINT('',(-2.45,2.35,0.));
#3445 = VECTOR('',#3446,1.);
#3446 = DIRECTION('',(-1.224646799147E-16,-1.,0.));
#3447 = ORIENTED_EDGE('',*,*,#3448,.T.);
#3448 = EDGE_CURVE('',#3439,#3449,#3451,.T.);
#3449 = VERTEX_POINT('',#3450);
#3450 = CARTESIAN_POINT('',(-2.45,2.35,7.));
#3451 = LINE('',#3452,#3453);
#3452 = CARTESIAN_POINT('',(-2.45,2.35,0.));
#3453 = VECTOR('',#3454,1.);
#3454 = DIRECTION('',(0.,0.,1.));
#3455 = ORIENTED_EDGE('',*,*,#3456,.T.);
#3456 = EDGE_CURVE('',#3449,#3457,#3459,.T.);
#3457 = VERTEX_POINT('',#3458);
#3458 = CARTESIAN_POINT('',(-2.45,1.5,7.));
#3459 = LINE('',#3460,#3461);
#3460 = CARTESIAN_POINT('',(-2.45,2.35,7.));
#3461 = VECTOR('',#3462,1.);
#3462 = DIRECTION('',(-1.224646799147E-16,-1.,0.));
#3463 = ORIENTED_EDGE('',*,*,#3464,.T.);
#3464 = EDGE_CURVE('',#3457,#3465,#3467,.T.);
#3465 = VERTEX_POINT('',#3466);
#3466 = CARTESIAN_POINT('',(-2.45,1.5,4.15));
#3467 = LINE('',#3468,#3469);
#3468 = CARTESIAN_POINT('',(-2.45,1.5,3.5));
#3469 = VECTOR('',#3470,1.);
#3470 = DIRECTION('',(-0.,0.,-1.));
#3471 = ORIENTED_EDGE('',*,*,#3472,.F.);
#3472 = EDGE_CURVE('',#3473,#3465,#3475,.T.);
#3473 = VERTEX_POINT('',#3474);
#3474 = CARTESIAN_POINT('',(-2.45,1.,3.65));
#3475 = CIRCLE('',#3476,0.5);
#3476 = AXIS2_PLACEMENT_3D('',#3477,#3478,#3479);
#3477 = CARTESIAN_POINT('',(-2.45,1.,4.15));
#3478 = DIRECTION('',(1.,-1.224646799147E-16,0.));
#3479 = DIRECTION('',(1.224646799147E-16,1.,0.));
#3480 = ORIENTED_EDGE('',*,*,#3481,.T.);
#3481 = EDGE_CURVE('',#3473,#3386,#3482,.T.);
#3482 = LINE('',#3483,#3484);
#3483 = CARTESIAN_POINT('',(-2.45,1.675,3.65));
#3484 = VECTOR('',#3485,1.);
#3485 = DIRECTION('',(-1.224646799147E-16,-1.,0.));
#3486 = ORIENTED_EDGE('',*,*,#3393,.T.);
#3487 = ORIENTED_EDGE('',*,*,#3313,.T.);
#3488 = ORIENTED_EDGE('',*,*,#3489,.F.);
#3489 = EDGE_CURVE('',#3441,#3314,#3490,.T.);
#3490 = LINE('',#3491,#3492);
#3491 = CARTESIAN_POINT('',(-2.45,-3.4,0.));
#3492 = VECTOR('',#3493,1.);
#3493 = DIRECTION('',(0.,0.,1.));
#3494 = PLANE('',#3495);
#3495 = AXIS2_PLACEMENT_3D('',#3496,#3497,#3498);
#3496 = CARTESIAN_POINT('',(-2.45,2.35,0.));
#3497 = DIRECTION('',(1.,-1.224646799147E-16,0.));
#3498 = DIRECTION('',(-1.224646799147E-16,-1.,0.));
#3499 = ADVANCED_FACE('',(#3500),#3518,.F.);
#3500 = FACE_BOUND('',#3501,.T.);
#3501 = EDGE_LOOP('',(#3502,#3503,#3504,#3512));
#3502 = ORIENTED_EDGE('',*,*,#3416,.F.);
#3503 = ORIENTED_EDGE('',*,*,#3353,.T.);
#3504 = ORIENTED_EDGE('',*,*,#3505,.T.);
#3505 = EDGE_CURVE('',#3346,#3506,#3508,.T.);
#3506 = VERTEX_POINT('',#3507);
#3507 = CARTESIAN_POINT('',(4.1,-2.65,6.8));
#3508 = LINE('',#3509,#3510);
#3509 = CARTESIAN_POINT('',(3.216666666667,-1.766666666667,
    5.916666666667));
#3510 = VECTOR('',#3511,1.);
#3511 = DIRECTION('',(-0.57735026919,0.57735026919,-0.57735026919));
#3512 = ORIENTED_EDGE('',*,*,#3513,.F.);
#3513 = EDGE_CURVE('',#3417,#3506,#3514,.T.);
#3514 = LINE('',#3515,#3516);
#3515 = CARTESIAN_POINT('',(-1.6,-2.65,6.8));
#3516 = VECTOR('',#3517,1.);
#3517 = DIRECTION('',(1.,-1.224646799147E-16,0.));
#3518 = PLANE('',#3519);
#3519 = AXIS2_PLACEMENT_3D('',#3520,#3521,#3522);
#3520 = CARTESIAN_POINT('',(-1.6,-2.75,6.9));
#3521 = DIRECTION('',(-8.659560562349E-17,-0.707106781187,
    -0.707106781187));
#3522 = DIRECTION('',(-1.,1.224646799147E-16,-2.105272540809E-29));
#3523 = ADVANCED_FACE('',(#3524),#3606,.F.);
#3524 = FACE_BOUND('',#3525,.F.);
#3525 = EDGE_LOOP('',(#3526,#3534,#3535,#3536,#3544,#3552,#3560,#3568,
    #3576,#3584,#3592,#3600));
#3526 = ORIENTED_EDGE('',*,*,#3527,.F.);
#3527 = EDGE_CURVE('',#3441,#3528,#3530,.T.);
#3528 = VERTEX_POINT('',#3529);
#3529 = CARTESIAN_POINT('',(-0.75,-3.4,0.));
#3530 = LINE('',#3531,#3532);
#3531 = CARTESIAN_POINT('',(-2.45,-3.4,0.));
#3532 = VECTOR('',#3533,1.);
#3533 = DIRECTION('',(1.,-1.224646799147E-16,0.));
#3534 = ORIENTED_EDGE('',*,*,#3489,.T.);
#3535 = ORIENTED_EDGE('',*,*,#3321,.T.);
#3536 = ORIENTED_EDGE('',*,*,#3537,.F.);
#3537 = EDGE_CURVE('',#3538,#3322,#3540,.T.);
#3538 = VERTEX_POINT('',#3539);
#3539 = CARTESIAN_POINT('',(4.95,-3.4,0.));
#3540 = LINE('',#3541,#3542);
#3541 = CARTESIAN_POINT('',(4.95,-3.4,0.));
#3542 = VECTOR('',#3543,1.);
#3543 = DIRECTION('',(0.,0.,1.));
#3544 = ORIENTED_EDGE('',*,*,#3545,.F.);
#3545 = EDGE_CURVE('',#3546,#3538,#3548,.T.);
#3546 = VERTEX_POINT('',#3547);
#3547 = CARTESIAN_POINT('',(3.25,-3.4,0.));
#3548 = LINE('',#3549,#3550);
#3549 = CARTESIAN_POINT('',(-2.45,-3.4,0.));
#3550 = VECTOR('',#3551,1.);
#3551 = DIRECTION('',(1.,-1.224646799147E-16,0.));
#3552 = ORIENTED_EDGE('',*,*,#3553,.F.);
#3553 = EDGE_CURVE('',#3554,#3546,#3556,.T.);
#3554 = VERTEX_POINT('',#3555);
#3555 = CARTESIAN_POINT('',(3.25,-3.4,1.));
#3556 = LINE('',#3557,#3558);
#3557 = CARTESIAN_POINT('',(3.25,-3.4,1.));
#3558 = VECTOR('',#3559,1.);
#3559 = DIRECTION('',(-0.,0.,-1.));
#3560 = ORIENTED_EDGE('',*,*,#3561,.T.);
#3561 = EDGE_CURVE('',#3554,#3562,#3564,.T.);
#3562 = VERTEX_POINT('',#3563);
#3563 = CARTESIAN_POINT('',(1.75,-3.4,1.));
#3564 = LINE('',#3565,#3566);
#3565 = CARTESIAN_POINT('',(3.25,-3.4,1.));
#3566 = VECTOR('',#3567,1.);
#3567 = DIRECTION('',(-1.,1.224646799147E-16,0.));
#3568 = ORIENTED_EDGE('',*,*,#3569,.T.);
#3569 = EDGE_CURVE('',#3562,#3570,#3572,.T.);
#3570 = VERTEX_POINT('',#3571);
#3571 = CARTESIAN_POINT('',(1.75,-3.4,0.));
#3572 = LINE('',#3573,#3574);
#3573 = CARTESIAN_POINT('',(1.75,-3.4,1.));
#3574 = VECTOR('',#3575,1.);
#3575 = DIRECTION('',(-0.,0.,-1.));
#3576 = ORIENTED_EDGE('',*,*,#3577,.F.);
#3577 = EDGE_CURVE('',#3578,#3570,#3580,.T.);
#3578 = VERTEX_POINT('',#3579);
#3579 = CARTESIAN_POINT('',(0.75,-3.4,0.));
#3580 = LINE('',#3581,#3582);
#3581 = CARTESIAN_POINT('',(-2.45,-3.4,0.));
#3582 = VECTOR('',#3583,1.);
#3583 = DIRECTION('',(1.,-1.224646799147E-16,0.));
#3584 = ORIENTED_EDGE('',*,*,#3585,.F.);
#3585 = EDGE_CURVE('',#3586,#3578,#3588,.T.);
#3586 = VERTEX_POINT('',#3587);
#3587 = CARTESIAN_POINT('',(0.75,-3.4,1.));
#3588 = LINE('',#3589,#3590);
#3589 = CARTESIAN_POINT('',(0.75,-3.4,1.));
#3590 = VECTOR('',#3591,1.);
#3591 = DIRECTION('',(-0.,0.,-1.));
#3592 = ORIENTED_EDGE('',*,*,#3593,.T.);
#3593 = EDGE_CURVE('',#3586,#3594,#3596,.T.);
#3594 = VERTEX_POINT('',#3595);
#3595 = CARTESIAN_POINT('',(-0.75,-3.4,1.));
#3596 = LINE('',#3597,#3598);
#3597 = CARTESIAN_POINT('',(0.75,-3.4,1.));
#3598 = VECTOR('',#3599,1.);
#3599 = DIRECTION('',(-1.,1.224646799147E-16,0.));
#3600 = ORIENTED_EDGE('',*,*,#3601,.T.);
#3601 = EDGE_CURVE('',#3594,#3528,#3602,.T.);
#3602 = LINE('',#3603,#3604);
#3603 = CARTESIAN_POINT('',(-0.75,-3.4,1.));
#3604 = VECTOR('',#3605,1.);
#3605 = DIRECTION('',(-0.,0.,-1.));
#3606 = PLANE('',#3607);
#3607 = AXIS2_PLACEMENT_3D('',#3608,#3609,#3610);
#3608 = CARTESIAN_POINT('',(-2.45,-3.4,0.));
#3609 = DIRECTION('',(1.224646799147E-16,1.,0.));
#3610 = DIRECTION('',(1.,-1.224646799147E-16,0.));
#3611 = ADVANCED_FACE('',(#3612),#3630,.F.);
#3612 = FACE_BOUND('',#3613,.T.);
#3613 = EDGE_LOOP('',(#3614,#3615,#3616,#3624));
#3614 = ORIENTED_EDGE('',*,*,#3505,.F.);
#3615 = ORIENTED_EDGE('',*,*,#3345,.T.);
#3616 = ORIENTED_EDGE('',*,*,#3617,.T.);
#3617 = EDGE_CURVE('',#3338,#3618,#3620,.T.);
#3618 = VERTEX_POINT('',#3619);
#3619 = CARTESIAN_POINT('',(4.1,0.5,6.8));
#3620 = LINE('',#3621,#3622);
#3621 = CARTESIAN_POINT('',(3.575,0.5,6.275));
#3622 = VECTOR('',#3623,1.);
#3623 = DIRECTION('',(-0.707106781187,8.659560562349E-17,-0.707106781187
    ));
#3624 = ORIENTED_EDGE('',*,*,#3625,.F.);
#3625 = EDGE_CURVE('',#3506,#3618,#3626,.T.);
#3626 = LINE('',#3627,#3628);
#3627 = CARTESIAN_POINT('',(4.1,-2.65,6.8));
#3628 = VECTOR('',#3629,1.);
#3629 = DIRECTION('',(1.224646799147E-16,1.,0.));
#3630 = PLANE('',#3631);
#3631 = AXIS2_PLACEMENT_3D('',#3632,#3633,#3634);
#3632 = CARTESIAN_POINT('',(4.2,-2.65,6.9));
#3633 = DIRECTION('',(0.707106781187,-8.659560562349E-17,-0.707106781187
    ));
#3634 = DIRECTION('',(-1.224646799147E-16,-1.,-2.105272540809E-29));
#3635 = ADVANCED_FACE('',(#3636),#3695,.F.);
#3636 = FACE_BOUND('',#3637,.F.);
#3637 = EDGE_LOOP('',(#3638,#3646,#3647,#3648,#3656,#3664,#3673,#3681,
    #3689));
#3638 = ORIENTED_EDGE('',*,*,#3639,.F.);
#3639 = EDGE_CURVE('',#3538,#3640,#3642,.T.);
#3640 = VERTEX_POINT('',#3641);
#3641 = CARTESIAN_POINT('',(4.95,2.35,0.));
#3642 = LINE('',#3643,#3644);
#3643 = CARTESIAN_POINT('',(4.95,-3.4,0.));
#3644 = VECTOR('',#3645,1.);
#3645 = DIRECTION('',(1.224646799147E-16,1.,0.));
#3646 = ORIENTED_EDGE('',*,*,#3537,.T.);
#3647 = ORIENTED_EDGE('',*,*,#3329,.T.);
#3648 = ORIENTED_EDGE('',*,*,#3649,.F.);
#3649 = EDGE_CURVE('',#3650,#3330,#3652,.T.);
#3650 = VERTEX_POINT('',#3651);
#3651 = CARTESIAN_POINT('',(4.95,0.5,3.65));
#3652 = LINE('',#3653,#3654);
#3653 = CARTESIAN_POINT('',(4.95,0.5,3.65));
#3654 = VECTOR('',#3655,1.);
#3655 = DIRECTION('',(0.,0.,1.));
#3656 = ORIENTED_EDGE('',*,*,#3657,.F.);
#3657 = EDGE_CURVE('',#3658,#3650,#3660,.T.);
#3658 = VERTEX_POINT('',#3659);
#3659 = CARTESIAN_POINT('',(4.95,1.,3.65));
#3660 = LINE('',#3661,#3662);
#3661 = CARTESIAN_POINT('',(4.95,1.,3.65));
#3662 = VECTOR('',#3663,1.);
#3663 = DIRECTION('',(-1.224646799147E-16,-1.,0.));
#3664 = ORIENTED_EDGE('',*,*,#3665,.F.);
#3665 = EDGE_CURVE('',#3666,#3658,#3668,.T.);
#3666 = VERTEX_POINT('',#3667);
#3667 = CARTESIAN_POINT('',(4.95,1.5,4.15));
#3668 = CIRCLE('',#3669,0.5);
#3669 = AXIS2_PLACEMENT_3D('',#3670,#3671,#3672);
#3670 = CARTESIAN_POINT('',(4.95,1.,4.15));
#3671 = DIRECTION('',(-1.,1.224646799147E-16,0.));
#3672 = DIRECTION('',(1.224646799147E-16,1.,0.));
#3673 = ORIENTED_EDGE('',*,*,#3674,.F.);
#3674 = EDGE_CURVE('',#3675,#3666,#3677,.T.);
#3675 = VERTEX_POINT('',#3676);
#3676 = CARTESIAN_POINT('',(4.95,1.5,7.));
#3677 = LINE('',#3678,#3679);
#3678 = CARTESIAN_POINT('',(4.95,1.5,7.));
#3679 = VECTOR('',#3680,1.);
#3680 = DIRECTION('',(-0.,0.,-1.));
#3681 = ORIENTED_EDGE('',*,*,#3682,.T.);
#3682 = EDGE_CURVE('',#3675,#3683,#3685,.T.);
#3683 = VERTEX_POINT('',#3684);
#3684 = CARTESIAN_POINT('',(4.95,2.35,7.));
#3685 = LINE('',#3686,#3687);
#3686 = CARTESIAN_POINT('',(4.95,-3.4,7.));
#3687 = VECTOR('',#3688,1.);
#3688 = DIRECTION('',(1.224646799147E-16,1.,0.));
#3689 = ORIENTED_EDGE('',*,*,#3690,.F.);
#3690 = EDGE_CURVE('',#3640,#3683,#3691,.T.);
#3691 = LINE('',#3692,#3693);
#3692 = CARTESIAN_POINT('',(4.95,2.35,0.));
#3693 = VECTOR('',#3694,1.);
#3694 = DIRECTION('',(0.,0.,1.));
#3695 = PLANE('',#3696);
#3696 = AXIS2_PLACEMENT_3D('',#3697,#3698,#3699);
#3697 = CARTESIAN_POINT('',(4.95,-3.4,0.));
#3698 = DIRECTION('',(-1.,1.224646799147E-16,0.));
#3699 = DIRECTION('',(1.224646799147E-16,1.,0.));
#3700 = ADVANCED_FACE('',(#3701),#3720,.T.);
#3701 = FACE_BOUND('',#3702,.T.);
#3702 = EDGE_LOOP('',(#3703,#3704,#3705,#3713,#3719));
#3703 = ORIENTED_EDGE('',*,*,#3337,.F.);
#3704 = ORIENTED_EDGE('',*,*,#3649,.F.);
#3705 = ORIENTED_EDGE('',*,*,#3706,.T.);
#3706 = EDGE_CURVE('',#3650,#3707,#3709,.T.);
#3707 = VERTEX_POINT('',#3708);
#3708 = CARTESIAN_POINT('',(4.1,0.5,3.65));
#3709 = LINE('',#3710,#3711);
#3710 = CARTESIAN_POINT('',(4.95,0.5,3.65));
#3711 = VECTOR('',#3712,1.);
#3712 = DIRECTION('',(-1.,1.224646799147E-16,0.));
#3713 = ORIENTED_EDGE('',*,*,#3714,.T.);
#3714 = EDGE_CURVE('',#3707,#3618,#3715,.T.);
#3715 = LINE('',#3716,#3717);
#3716 = CARTESIAN_POINT('',(4.1,0.5,5.325));
#3717 = VECTOR('',#3718,1.);
#3718 = DIRECTION('',(0.,0.,1.));
#3719 = ORIENTED_EDGE('',*,*,#3617,.F.);
#3720 = PLANE('',#3721);
#3721 = AXIS2_PLACEMENT_3D('',#3722,#3723,#3724);
#3722 = CARTESIAN_POINT('',(4.95,0.5,3.65));
#3723 = DIRECTION('',(1.224646799147E-16,1.,0.));
#3724 = DIRECTION('',(0.,-0.,1.));
#3725 = ADVANCED_FACE('',(#3726),#3769,.F.);
#3726 = FACE_BOUND('',#3727,.F.);
#3727 = EDGE_LOOP('',(#3728,#3729,#3737,#3746,#3754,#3762,#3768));
#3728 = ORIENTED_EDGE('',*,*,#3375,.T.);
#3729 = ORIENTED_EDGE('',*,*,#3730,.T.);
#3730 = EDGE_CURVE('',#3378,#3731,#3733,.T.);
#3731 = VERTEX_POINT('',#3732);
#3732 = CARTESIAN_POINT('',(-1.6,1.,3.65));
#3733 = LINE('',#3734,#3735);
#3734 = CARTESIAN_POINT('',(-1.6,1.25,3.65));
#3735 = VECTOR('',#3736,1.);
#3736 = DIRECTION('',(1.224646799147E-16,1.,0.));
#3737 = ORIENTED_EDGE('',*,*,#3738,.T.);
#3738 = EDGE_CURVE('',#3731,#3739,#3741,.T.);
#3739 = VERTEX_POINT('',#3740);
#3740 = CARTESIAN_POINT('',(-1.6,1.5,4.15));
#3741 = CIRCLE('',#3742,0.5);
#3742 = AXIS2_PLACEMENT_3D('',#3743,#3744,#3745);
#3743 = CARTESIAN_POINT('',(-1.6,1.,4.15));
#3744 = DIRECTION('',(1.,-1.224646799147E-16,0.));
#3745 = DIRECTION('',(1.224646799147E-16,1.,0.));
#3746 = ORIENTED_EDGE('',*,*,#3747,.T.);
#3747 = EDGE_CURVE('',#3739,#3748,#3750,.T.);
#3748 = VERTEX_POINT('',#3749);
#3749 = CARTESIAN_POINT('',(-1.6,1.5,1.85));
#3750 = LINE('',#3751,#3752);
#3751 = CARTESIAN_POINT('',(-1.6,1.5,7.));
#3752 = VECTOR('',#3753,1.);
#3753 = DIRECTION('',(0.,0.,-1.));
#3754 = ORIENTED_EDGE('',*,*,#3755,.T.);
#3755 = EDGE_CURVE('',#3748,#3756,#3758,.T.);
#3756 = VERTEX_POINT('',#3757);
#3757 = CARTESIAN_POINT('',(-1.6,-2.65,1.85));
#3758 = LINE('',#3759,#3760);
#3759 = CARTESIAN_POINT('',(-1.6,1.5,1.85));
#3760 = VECTOR('',#3761,1.);
#3761 = DIRECTION('',(-1.224646799147E-16,-1.,0.));
#3762 = ORIENTED_EDGE('',*,*,#3763,.F.);
#3763 = EDGE_CURVE('',#3417,#3756,#3764,.T.);
#3764 = LINE('',#3765,#3766);
#3765 = CARTESIAN_POINT('',(-1.6,-2.65,7.));
#3766 = VECTOR('',#3767,1.);
#3767 = DIRECTION('',(0.,0.,-1.));
#3768 = ORIENTED_EDGE('',*,*,#3424,.F.);
#3769 = PLANE('',#3770);
#3770 = AXIS2_PLACEMENT_3D('',#3771,#3772,#3773);
#3771 = CARTESIAN_POINT('',(-1.6,1.5,7.));
#3772 = DIRECTION('',(-1.,1.224646799147E-16,0.));
#3773 = DIRECTION('',(-1.224646799147E-16,-1.,0.));
#3774 = ADVANCED_FACE('',(#3775),#3786,.T.);
#3775 = FACE_BOUND('',#3776,.T.);
#3776 = EDGE_LOOP('',(#3777,#3778,#3784,#3785));
#3777 = ORIENTED_EDGE('',*,*,#3730,.T.);
#3778 = ORIENTED_EDGE('',*,*,#3779,.T.);
#3779 = EDGE_CURVE('',#3731,#3473,#3780,.T.);
#3780 = LINE('',#3781,#3782);
#3781 = CARTESIAN_POINT('',(4.95,1.,3.65));
#3782 = VECTOR('',#3783,1.);
#3783 = DIRECTION('',(-1.,1.224646799147E-16,0.));
#3784 = ORIENTED_EDGE('',*,*,#3481,.T.);
#3785 = ORIENTED_EDGE('',*,*,#3385,.F.);
#3786 = PLANE('',#3787);
#3787 = AXIS2_PLACEMENT_3D('',#3788,#3789,#3790);
#3788 = CARTESIAN_POINT('',(4.95,1.,3.65));
#3789 = DIRECTION('',(0.,0.,1.));
#3790 = DIRECTION('',(-1.224646799147E-16,-1.,0.));
#3791 = ADVANCED_FACE('',(#3792),#3810,.F.);
#3792 = FACE_BOUND('',#3793,.F.);
#3793 = EDGE_LOOP('',(#3794,#3795,#3803,#3809));
#3794 = ORIENTED_EDGE('',*,*,#3527,.T.);
#3795 = ORIENTED_EDGE('',*,*,#3796,.T.);
#3796 = EDGE_CURVE('',#3528,#3797,#3799,.T.);
#3797 = VERTEX_POINT('',#3798);
#3798 = CARTESIAN_POINT('',(-0.75,2.35,0.));
#3799 = LINE('',#3800,#3801);
#3800 = CARTESIAN_POINT('',(-0.75,-3.4,0.));
#3801 = VECTOR('',#3802,1.);
#3802 = DIRECTION('',(1.224646799147E-16,1.,0.));
#3803 = ORIENTED_EDGE('',*,*,#3804,.T.);
#3804 = EDGE_CURVE('',#3797,#3439,#3805,.T.);
#3805 = LINE('',#3806,#3807);
#3806 = CARTESIAN_POINT('',(4.95,2.35,0.));
#3807 = VECTOR('',#3808,1.);
#3808 = DIRECTION('',(-1.,1.224646799147E-16,0.));
#3809 = ORIENTED_EDGE('',*,*,#3438,.T.);
#3810 = PLANE('',#3811);
#3811 = AXIS2_PLACEMENT_3D('',#3812,#3813,#3814);
#3812 = CARTESIAN_POINT('',(1.25,-0.525,0.));
#3813 = DIRECTION('',(0.,0.,1.));
#3814 = DIRECTION('',(-1.,1.224646799147E-16,0.));
#3815 = ADVANCED_FACE('',(#3816),#3827,.F.);
#3816 = FACE_BOUND('',#3817,.F.);
#3817 = EDGE_LOOP('',(#3818,#3819,#3820,#3826));
#3818 = ORIENTED_EDGE('',*,*,#3779,.T.);
#3819 = ORIENTED_EDGE('',*,*,#3472,.T.);
#3820 = ORIENTED_EDGE('',*,*,#3821,.F.);
#3821 = EDGE_CURVE('',#3739,#3465,#3822,.T.);
#3822 = LINE('',#3823,#3824);
#3823 = CARTESIAN_POINT('',(4.95,1.5,4.15));
#3824 = VECTOR('',#3825,1.);
#3825 = DIRECTION('',(-1.,1.224646799147E-16,0.));
#3826 = ORIENTED_EDGE('',*,*,#3738,.F.);
#3827 = CYLINDRICAL_SURFACE('',#3828,0.5);
#3828 = AXIS2_PLACEMENT_3D('',#3829,#3830,#3831);
#3829 = CARTESIAN_POINT('',(4.95,1.,4.15));
#3830 = DIRECTION('',(1.,-1.224646799147E-16,-0.));
#3831 = DIRECTION('',(1.224646799147E-16,1.,0.));
#3832 = ADVANCED_FACE('',(#3833),#3965,.T.);
#3833 = FACE_BOUND('',#3834,.T.);
#3834 = EDGE_LOOP('',(#3835,#3836,#3844,#3852,#3860,#3868,#3876,#3885,
    #3893,#3902,#3910,#3918,#3926,#3934,#3940,#3941,#3942,#3943,#3951,
    #3959));
#3835 = ORIENTED_EDGE('',*,*,#3674,.F.);
#3836 = ORIENTED_EDGE('',*,*,#3837,.T.);
#3837 = EDGE_CURVE('',#3675,#3838,#3840,.T.);
#3838 = VERTEX_POINT('',#3839);
#3839 = CARTESIAN_POINT('',(3.,1.5,7.));
#3840 = LINE('',#3841,#3842);
#3841 = CARTESIAN_POINT('',(4.95,1.5,7.));
#3842 = VECTOR('',#3843,1.);
#3843 = DIRECTION('',(-1.,1.224646799147E-16,0.));
#3844 = ORIENTED_EDGE('',*,*,#3845,.T.);
#3845 = EDGE_CURVE('',#3838,#3846,#3848,.T.);
#3846 = VERTEX_POINT('',#3847);
#3847 = CARTESIAN_POINT('',(3.,1.5,6.1));
#3848 = LINE('',#3849,#3850);
#3849 = CARTESIAN_POINT('',(3.,1.5,5.340388446215));
#3850 = VECTOR('',#3851,1.);
#3851 = DIRECTION('',(-2.467162276945E-16,8.387236609414E-17,-1.));
#3852 = ORIENTED_EDGE('',*,*,#3853,.T.);
#3853 = EDGE_CURVE('',#3846,#3854,#3856,.T.);
#3854 = VERTEX_POINT('',#3855);
#3855 = CARTESIAN_POINT('',(2.75,1.5,5.85));
#3856 = LINE('',#3857,#3858);
#3857 = CARTESIAN_POINT('',(2.057694223108,1.5,5.157694223108));
#3858 = VECTOR('',#3859,1.);
#3859 = DIRECTION('',(-0.707106781187,1.459023244428E-16,-0.707106781187
    ));
#3860 = ORIENTED_EDGE('',*,*,#3861,.T.);
#3861 = EDGE_CURVE('',#3854,#3862,#3864,.T.);
#3862 = VERTEX_POINT('',#3863);
#3863 = CARTESIAN_POINT('',(3.,1.5,5.6));
#3864 = LINE('',#3865,#3866);
#3865 = CARTESIAN_POINT('',(2.817305776892,1.5,5.782694223108));
#3866 = VECTOR('',#3867,1.);
#3867 = DIRECTION('',(0.707106781187,-2.72888868042E-17,-0.707106781187)
  );
#3868 = ORIENTED_EDGE('',*,*,#3869,.T.);
#3869 = EDGE_CURVE('',#3862,#3870,#3872,.T.);
#3870 = VERTEX_POINT('',#3871);
#3871 = CARTESIAN_POINT('',(3.,1.5,3.85));
#3872 = LINE('',#3873,#3874);
#3873 = CARTESIAN_POINT('',(3.,1.5,3.840388446215));
#3874 = VECTOR('',#3875,1.);
#3875 = DIRECTION('',(1.027140246741E-32,8.387236609414E-17,-1.));
#3876 = ORIENTED_EDGE('',*,*,#3877,.F.);
#3877 = EDGE_CURVE('',#3878,#3870,#3880,.T.);
#3878 = VERTEX_POINT('',#3879);
#3879 = CARTESIAN_POINT('',(2.25,1.5,3.1));
#3880 = CIRCLE('',#3881,0.75);
#3881 = AXIS2_PLACEMENT_3D('',#3882,#3883,#3884);
#3882 = CARTESIAN_POINT('',(2.25,1.5,3.85));
#3883 = DIRECTION('',(-1.224646799147E-16,-1.,0.));
#3884 = DIRECTION('',(-0.,0.,-1.));
#3885 = ORIENTED_EDGE('',*,*,#3886,.F.);
#3886 = EDGE_CURVE('',#3887,#3878,#3889,.T.);
#3887 = VERTEX_POINT('',#3888);
#3888 = CARTESIAN_POINT('',(0.25,1.5,3.1));
#3889 = LINE('',#3890,#3891);
#3890 = CARTESIAN_POINT('',(1.25,1.5,3.1));
#3891 = VECTOR('',#3892,1.);
#3892 = DIRECTION('',(1.,-1.224646799147E-16,6.189508478766E-63));
#3893 = ORIENTED_EDGE('',*,*,#3894,.F.);
#3894 = EDGE_CURVE('',#3895,#3887,#3897,.T.);
#3895 = VERTEX_POINT('',#3896);
#3896 = CARTESIAN_POINT('',(-0.5,1.5,3.85));
#3897 = CIRCLE('',#3898,0.75);
#3898 = AXIS2_PLACEMENT_3D('',#3899,#3900,#3901);
#3899 = CARTESIAN_POINT('',(0.25,1.5,3.85));
#3900 = DIRECTION('',(-1.224646799147E-16,-1.,0.));
#3901 = DIRECTION('',(-0.,0.,-1.));
#3902 = ORIENTED_EDGE('',*,*,#3903,.F.);
#3903 = EDGE_CURVE('',#3904,#3895,#3906,.T.);
#3904 = VERTEX_POINT('',#3905);
#3905 = CARTESIAN_POINT('',(-0.5,1.5,5.6));
#3906 = LINE('',#3907,#3908);
#3907 = CARTESIAN_POINT('',(-0.5,1.5,3.840388446215));
#3908 = VECTOR('',#3909,1.);
#3909 = DIRECTION('',(1.027140246741E-32,8.387236609414E-17,-1.));
#3910 = ORIENTED_EDGE('',*,*,#3911,.F.);
#3911 = EDGE_CURVE('',#3912,#3904,#3914,.T.);
#3912 = VERTEX_POINT('',#3913);
#3913 = CARTESIAN_POINT('',(-0.25,1.5,5.85));
#3914 = LINE('',#3915,#3916);
#3915 = CARTESIAN_POINT('',(-0.317305776892,1.5,5.782694223108));
#3916 = VECTOR('',#3917,1.);
#3917 = DIRECTION('',(-0.707106781187,1.459023244428E-16,-0.707106781187
    ));
#3918 = ORIENTED_EDGE('',*,*,#3919,.F.);
#3919 = EDGE_CURVE('',#3920,#3912,#3922,.T.);
#3920 = VERTEX_POINT('',#3921);
#3921 = CARTESIAN_POINT('',(-0.5,1.5,6.1));
#3922 = LINE('',#3923,#3924);
#3923 = CARTESIAN_POINT('',(0.442305776892,1.5,5.157694223108));
#3924 = VECTOR('',#3925,1.);
#3925 = DIRECTION('',(0.707106781187,-2.72888868042E-17,-0.707106781187)
  );
#3926 = ORIENTED_EDGE('',*,*,#3927,.F.);
#3927 = EDGE_CURVE('',#3928,#3920,#3930,.T.);
#3928 = VERTEX_POINT('',#3929);
#3929 = CARTESIAN_POINT('',(-0.5,1.5,7.));
#3930 = LINE('',#3931,#3932);
#3931 = CARTESIAN_POINT('',(-0.5,1.5,5.340388446215));
#3932 = VECTOR('',#3933,1.);
#3933 = DIRECTION('',(1.027140246741E-32,8.387236609414E-17,-1.));
#3934 = ORIENTED_EDGE('',*,*,#3935,.T.);
#3935 = EDGE_CURVE('',#3928,#3457,#3936,.T.);
#3936 = LINE('',#3937,#3938);
#3937 = CARTESIAN_POINT('',(4.95,1.5,7.));
#3938 = VECTOR('',#3939,1.);
#3939 = DIRECTION('',(-1.,1.224646799147E-16,0.));
#3940 = ORIENTED_EDGE('',*,*,#3464,.T.);
#3941 = ORIENTED_EDGE('',*,*,#3821,.F.);
#3942 = ORIENTED_EDGE('',*,*,#3747,.T.);
#3943 = ORIENTED_EDGE('',*,*,#3944,.F.);
#3944 = EDGE_CURVE('',#3945,#3748,#3947,.T.);
#3945 = VERTEX_POINT('',#3946);
#3946 = CARTESIAN_POINT('',(4.1,1.5,1.85));
#3947 = LINE('',#3948,#3949);
#3948 = CARTESIAN_POINT('',(4.1,1.5,1.85));
#3949 = VECTOR('',#3950,1.);
#3950 = DIRECTION('',(-1.,1.224646799147E-16,0.));
#3951 = ORIENTED_EDGE('',*,*,#3952,.F.);
#3952 = EDGE_CURVE('',#3953,#3945,#3955,.T.);
#3953 = VERTEX_POINT('',#3954);
#3954 = CARTESIAN_POINT('',(4.1,1.5,4.15));
#3955 = LINE('',#3956,#3957);
#3956 = CARTESIAN_POINT('',(4.1,1.5,7.));
#3957 = VECTOR('',#3958,1.);
#3958 = DIRECTION('',(0.,0.,-1.));
#3959 = ORIENTED_EDGE('',*,*,#3960,.F.);
#3960 = EDGE_CURVE('',#3666,#3953,#3961,.T.);
#3961 = LINE('',#3962,#3963);
#3962 = CARTESIAN_POINT('',(4.95,1.5,4.15));
#3963 = VECTOR('',#3964,1.);
#3964 = DIRECTION('',(-1.,1.224646799147E-16,0.));
#3965 = PLANE('',#3966);
#3966 = AXIS2_PLACEMENT_3D('',#3967,#3968,#3969);
#3967 = CARTESIAN_POINT('',(1.25,1.5,4.58077689243));
#3968 = DIRECTION('',(-1.224646799147E-16,-1.,-8.387236609414E-17));
#3969 = DIRECTION('',(-1.027140246741E-32,-8.387236609414E-17,1.));
#3970 = ADVANCED_FACE('',(#3971),#3989,.T.);
#3971 = FACE_BOUND('',#3972,.T.);
#3972 = EDGE_LOOP('',(#3973,#3974,#3982,#3988));
#3973 = ORIENTED_EDGE('',*,*,#3935,.F.);
#3974 = ORIENTED_EDGE('',*,*,#3975,.F.);
#3975 = EDGE_CURVE('',#3976,#3928,#3978,.T.);
#3976 = VERTEX_POINT('',#3977);
#3977 = CARTESIAN_POINT('',(-0.5,2.35,7.));
#3978 = LINE('',#3979,#3980);
#3979 = CARTESIAN_POINT('',(-0.5,2.35,7.));
#3980 = VECTOR('',#3981,1.);
#3981 = DIRECTION('',(-1.224646799147E-16,-1.,0.));
#3982 = ORIENTED_EDGE('',*,*,#3983,.T.);
#3983 = EDGE_CURVE('',#3976,#3449,#3984,.T.);
#3984 = LINE('',#3985,#3986);
#3985 = CARTESIAN_POINT('',(4.95,2.35,7.));
#3986 = VECTOR('',#3987,1.);
#3987 = DIRECTION('',(-1.,1.224646799147E-16,0.));
#3988 = ORIENTED_EDGE('',*,*,#3456,.T.);
#3989 = PLANE('',#3990);
#3990 = AXIS2_PLACEMENT_3D('',#3991,#3992,#3993);
#3991 = CARTESIAN_POINT('',(1.25,-0.525,7.));
#3992 = DIRECTION('',(0.,0.,1.));
#3993 = DIRECTION('',(-1.,1.224646799147E-16,0.));
#3994 = ADVANCED_FACE('',(#3995),#4159,.F.);
#3995 = FACE_BOUND('',#3996,.F.);
#3996 = EDGE_LOOP('',(#3997,#4005,#4006,#4014,#4022,#4030,#4038,#4046,
    #4055,#4063,#4072,#4080,#4088,#4096,#4102,#4103,#4104,#4105,#4113,
    #4121,#4129,#4137,#4145,#4153));
#3997 = ORIENTED_EDGE('',*,*,#3998,.F.);
#3998 = EDGE_CURVE('',#3640,#3999,#4001,.T.);
#3999 = VERTEX_POINT('',#4000);
#4000 = CARTESIAN_POINT('',(3.25,2.35,0.));
#4001 = LINE('',#4002,#4003);
#4002 = CARTESIAN_POINT('',(4.95,2.35,0.));
#4003 = VECTOR('',#4004,1.);
#4004 = DIRECTION('',(-1.,1.224646799147E-16,0.));
#4005 = ORIENTED_EDGE('',*,*,#3690,.T.);
#4006 = ORIENTED_EDGE('',*,*,#4007,.T.);
#4007 = EDGE_CURVE('',#3683,#4008,#4010,.T.);
#4008 = VERTEX_POINT('',#4009);
#4009 = CARTESIAN_POINT('',(3.,2.35,7.));
#4010 = LINE('',#4011,#4012);
#4011 = CARTESIAN_POINT('',(4.95,2.35,7.));
#4012 = VECTOR('',#4013,1.);
#4013 = DIRECTION('',(-1.,1.224646799147E-16,0.));
#4014 = ORIENTED_EDGE('',*,*,#4015,.F.);
#4015 = EDGE_CURVE('',#4016,#4008,#4018,.T.);
#4016 = VERTEX_POINT('',#4017);
#4017 = CARTESIAN_POINT('',(3.,2.35,6.1));
#4018 = LINE('',#4019,#4020);
#4019 = CARTESIAN_POINT('',(3.,2.35,6.1));
#4020 = VECTOR('',#4021,1.);
#4021 = DIRECTION('',(2.467162276945E-16,-3.021402385438E-32,1.));
#4022 = ORIENTED_EDGE('',*,*,#4023,.F.);
#4023 = EDGE_CURVE('',#4024,#4016,#4026,.T.);
#4024 = VERTEX_POINT('',#4025);
#4025 = CARTESIAN_POINT('',(2.75,2.35,5.85));
#4026 = LINE('',#4027,#4028);
#4027 = CARTESIAN_POINT('',(2.75,2.35,5.85));
#4028 = VECTOR('',#4029,1.);
#4029 = DIRECTION('',(0.707106781187,-8.659560562349E-17,0.707106781187)
  );
#4030 = ORIENTED_EDGE('',*,*,#4031,.F.);
#4031 = EDGE_CURVE('',#4032,#4024,#4034,.T.);
#4032 = VERTEX_POINT('',#4033);
#4033 = CARTESIAN_POINT('',(3.,2.35,5.6));
#4034 = LINE('',#4035,#4036);
#4035 = CARTESIAN_POINT('',(3.,2.35,5.6));
#4036 = VECTOR('',#4037,1.);
#4037 = DIRECTION('',(-0.707106781187,8.659560562349E-17,0.707106781187)
  );
#4038 = ORIENTED_EDGE('',*,*,#4039,.F.);
#4039 = EDGE_CURVE('',#4040,#4032,#4042,.T.);
#4040 = VERTEX_POINT('',#4041);
#4041 = CARTESIAN_POINT('',(3.,2.35,3.85));
#4042 = LINE('',#4043,#4044);
#4043 = CARTESIAN_POINT('',(3.,2.35,3.1));
#4044 = VECTOR('',#4045,1.);
#4045 = DIRECTION('',(0.,0.,1.));
#4046 = ORIENTED_EDGE('',*,*,#4047,.F.);
#4047 = EDGE_CURVE('',#4048,#4040,#4050,.T.);
#4048 = VERTEX_POINT('',#4049);
#4049 = CARTESIAN_POINT('',(2.25,2.35,3.1));
#4050 = CIRCLE('',#4051,0.75);
#4051 = AXIS2_PLACEMENT_3D('',#4052,#4053,#4054);
#4052 = CARTESIAN_POINT('',(2.25,2.35,3.85));
#4053 = DIRECTION('',(-1.224646799147E-16,-1.,0.));
#4054 = DIRECTION('',(0.,0.,1.));
#4055 = ORIENTED_EDGE('',*,*,#4056,.F.);
#4056 = EDGE_CURVE('',#4057,#4048,#4059,.T.);
#4057 = VERTEX_POINT('',#4058);
#4058 = CARTESIAN_POINT('',(0.25,2.35,3.1));
#4059 = LINE('',#4060,#4061);
#4060 = CARTESIAN_POINT('',(1.25,2.35,3.1));
#4061 = VECTOR('',#4062,1.);
#4062 = DIRECTION('',(1.,-1.224646799147E-16,0.));
#4063 = ORIENTED_EDGE('',*,*,#4064,.T.);
#4064 = EDGE_CURVE('',#4057,#4065,#4067,.T.);
#4065 = VERTEX_POINT('',#4066);
#4066 = CARTESIAN_POINT('',(-0.5,2.35,3.85));
#4067 = CIRCLE('',#4068,0.75);
#4068 = AXIS2_PLACEMENT_3D('',#4069,#4070,#4071);
#4069 = CARTESIAN_POINT('',(0.25,2.35,3.85));
#4070 = DIRECTION('',(1.224646799147E-16,1.,-0.));
#4071 = DIRECTION('',(0.,0.,1.));
#4072 = ORIENTED_EDGE('',*,*,#4073,.T.);
#4073 = EDGE_CURVE('',#4065,#4074,#4076,.T.);
#4074 = VERTEX_POINT('',#4075);
#4075 = CARTESIAN_POINT('',(-0.5,2.35,5.6));
#4076 = LINE('',#4077,#4078);
#4077 = CARTESIAN_POINT('',(-0.5,2.35,3.1));
#4078 = VECTOR('',#4079,1.);
#4079 = DIRECTION('',(0.,0.,1.));
#4080 = ORIENTED_EDGE('',*,*,#4081,.T.);
#4081 = EDGE_CURVE('',#4074,#4082,#4084,.T.);
#4082 = VERTEX_POINT('',#4083);
#4083 = CARTESIAN_POINT('',(-0.25,2.35,5.85));
#4084 = LINE('',#4085,#4086);
#4085 = CARTESIAN_POINT('',(-0.5,2.35,5.6));
#4086 = VECTOR('',#4087,1.);
#4087 = DIRECTION('',(0.707106781187,-8.659560562349E-17,0.707106781187)
  );
#4088 = ORIENTED_EDGE('',*,*,#4089,.T.);
#4089 = EDGE_CURVE('',#4082,#4090,#4092,.T.);
#4090 = VERTEX_POINT('',#4091);
#4091 = CARTESIAN_POINT('',(-0.5,2.35,6.1));
#4092 = LINE('',#4093,#4094);
#4093 = CARTESIAN_POINT('',(-0.25,2.35,5.85));
#4094 = VECTOR('',#4095,1.);
#4095 = DIRECTION('',(-0.707106781187,8.659560562349E-17,0.707106781187)
  );
#4096 = ORIENTED_EDGE('',*,*,#4097,.T.);
#4097 = EDGE_CURVE('',#4090,#3976,#4098,.T.);
#4098 = LINE('',#4099,#4100);
#4099 = CARTESIAN_POINT('',(-0.5,2.35,6.1));
#4100 = VECTOR('',#4101,1.);
#4101 = DIRECTION('',(0.,0.,1.));
#4102 = ORIENTED_EDGE('',*,*,#3983,.T.);
#4103 = ORIENTED_EDGE('',*,*,#3448,.F.);
#4104 = ORIENTED_EDGE('',*,*,#3804,.F.);
#4105 = ORIENTED_EDGE('',*,*,#4106,.T.);
#4106 = EDGE_CURVE('',#3797,#4107,#4109,.T.);
#4107 = VERTEX_POINT('',#4108);
#4108 = CARTESIAN_POINT('',(-0.75,2.35,1.));
#4109 = LINE('',#4110,#4111);
#4110 = CARTESIAN_POINT('',(-0.75,2.35,0.));
#4111 = VECTOR('',#4112,1.);
#4112 = DIRECTION('',(0.,0.,1.));
#4113 = ORIENTED_EDGE('',*,*,#4114,.F.);
#4114 = EDGE_CURVE('',#4115,#4107,#4117,.T.);
#4115 = VERTEX_POINT('',#4116);
#4116 = CARTESIAN_POINT('',(0.75,2.35,1.));
#4117 = LINE('',#4118,#4119);
#4118 = CARTESIAN_POINT('',(0.75,2.35,1.));
#4119 = VECTOR('',#4120,1.);
#4120 = DIRECTION('',(-1.,1.224646799147E-16,0.));
#4121 = ORIENTED_EDGE('',*,*,#4122,.F.);
#4122 = EDGE_CURVE('',#4123,#4115,#4125,.T.);
#4123 = VERTEX_POINT('',#4124);
#4124 = CARTESIAN_POINT('',(0.75,2.35,0.));
#4125 = LINE('',#4126,#4127);
#4126 = CARTESIAN_POINT('',(0.75,2.35,0.));
#4127 = VECTOR('',#4128,1.);
#4128 = DIRECTION('',(0.,0.,1.));
#4129 = ORIENTED_EDGE('',*,*,#4130,.F.);
#4130 = EDGE_CURVE('',#4131,#4123,#4133,.T.);
#4131 = VERTEX_POINT('',#4132);
#4132 = CARTESIAN_POINT('',(1.75,2.35,0.));
#4133 = LINE('',#4134,#4135);
#4134 = CARTESIAN_POINT('',(4.95,2.35,0.));
#4135 = VECTOR('',#4136,1.);
#4136 = DIRECTION('',(-1.,1.224646799147E-16,0.));
#4137 = ORIENTED_EDGE('',*,*,#4138,.T.);
#4138 = EDGE_CURVE('',#4131,#4139,#4141,.T.);
#4139 = VERTEX_POINT('',#4140);
#4140 = CARTESIAN_POINT('',(1.75,2.35,1.));
#4141 = LINE('',#4142,#4143);
#4142 = CARTESIAN_POINT('',(1.75,2.35,0.));
#4143 = VECTOR('',#4144,1.);
#4144 = DIRECTION('',(0.,0.,1.));
#4145 = ORIENTED_EDGE('',*,*,#4146,.F.);
#4146 = EDGE_CURVE('',#4147,#4139,#4149,.T.);
#4147 = VERTEX_POINT('',#4148);
#4148 = CARTESIAN_POINT('',(3.25,2.35,1.));
#4149 = LINE('',#4150,#4151);
#4150 = CARTESIAN_POINT('',(3.25,2.35,1.));
#4151 = VECTOR('',#4152,1.);
#4152 = DIRECTION('',(-1.,1.224646799147E-16,0.));
#4153 = ORIENTED_EDGE('',*,*,#4154,.F.);
#4154 = EDGE_CURVE('',#3999,#4147,#4155,.T.);
#4155 = LINE('',#4156,#4157);
#4156 = CARTESIAN_POINT('',(3.25,2.35,0.));
#4157 = VECTOR('',#4158,1.);
#4158 = DIRECTION('',(0.,0.,1.));
#4159 = PLANE('',#4160);
#4160 = AXIS2_PLACEMENT_3D('',#4161,#4162,#4163);
#4161 = CARTESIAN_POINT('',(4.95,2.35,0.));
#4162 = DIRECTION('',(-1.224646799147E-16,-1.,0.));
#4163 = DIRECTION('',(-1.,1.224646799147E-16,0.));
#4164 = ADVANCED_FACE('',(#4165),#4183,.F.);
#4165 = FACE_BOUND('',#4166,.F.);
#4166 = EDGE_LOOP('',(#4167,#4168,#4176,#4182));
#4167 = ORIENTED_EDGE('',*,*,#3763,.T.);
#4168 = ORIENTED_EDGE('',*,*,#4169,.T.);
#4169 = EDGE_CURVE('',#3756,#4170,#4172,.T.);
#4170 = VERTEX_POINT('',#4171);
#4171 = CARTESIAN_POINT('',(4.1,-2.65,1.85));
#4172 = LINE('',#4173,#4174);
#4173 = CARTESIAN_POINT('',(-1.6,-2.65,1.85));
#4174 = VECTOR('',#4175,1.);
#4175 = DIRECTION('',(1.,-1.224646799147E-16,0.));
#4176 = ORIENTED_EDGE('',*,*,#4177,.F.);
#4177 = EDGE_CURVE('',#3506,#4170,#4178,.T.);
#4178 = LINE('',#4179,#4180);
#4179 = CARTESIAN_POINT('',(4.1,-2.65,7.));
#4180 = VECTOR('',#4181,1.);
#4181 = DIRECTION('',(0.,0.,-1.));
#4182 = ORIENTED_EDGE('',*,*,#3513,.F.);
#4183 = PLANE('',#4184);
#4184 = AXIS2_PLACEMENT_3D('',#4185,#4186,#4187);
#4185 = CARTESIAN_POINT('',(-1.6,-2.65,7.));
#4186 = DIRECTION('',(-1.224646799147E-16,-1.,0.));
#4187 = DIRECTION('',(1.,-1.224646799147E-16,0.));
#4188 = ADVANCED_FACE('',(#4189),#4216,.T.);
#4189 = FACE_BOUND('',#4190,.T.);
#4190 = EDGE_LOOP('',(#4191,#4192,#4200,#4208,#4214,#4215));
#4191 = ORIENTED_EDGE('',*,*,#4106,.T.);
#4192 = ORIENTED_EDGE('',*,*,#4193,.T.);
#4193 = EDGE_CURVE('',#4107,#4194,#4196,.T.);
#4194 = VERTEX_POINT('',#4195);
#4195 = CARTESIAN_POINT('',(-0.75,0.5,0.3));
#4196 = LINE('',#4197,#4198);
#4197 = CARTESIAN_POINT('',(-0.75,2.35,1.));
#4198 = VECTOR('',#4199,1.);
#4199 = DIRECTION('',(-1.14539532148E-16,-0.935286257456,-0.353892097416
    ));
#4200 = ORIENTED_EDGE('',*,*,#4201,.T.);
#4201 = EDGE_CURVE('',#4194,#4202,#4204,.T.);
#4202 = VERTEX_POINT('',#4203);
#4203 = CARTESIAN_POINT('',(-0.75,-0.5,0.3));
#4204 = LINE('',#4205,#4206);
#4205 = CARTESIAN_POINT('',(-0.75,0.5,0.3));
#4206 = VECTOR('',#4207,1.);
#4207 = DIRECTION('',(-1.224646799147E-16,-1.,0.));
#4208 = ORIENTED_EDGE('',*,*,#4209,.T.);
#4209 = EDGE_CURVE('',#4202,#3594,#4210,.T.);
#4210 = LINE('',#4211,#4212);
#4211 = CARTESIAN_POINT('',(-0.75,-0.5,0.3));
#4212 = VECTOR('',#4213,1.);
#4213 = DIRECTION('',(-1.190457365237E-16,-0.972082208573,0.234640533104
    ));
#4214 = ORIENTED_EDGE('',*,*,#3601,.T.);
#4215 = ORIENTED_EDGE('',*,*,#3796,.T.);
#4216 = PLANE('',#4217);
#4217 = AXIS2_PLACEMENT_3D('',#4218,#4219,#4220);
#4218 = CARTESIAN_POINT('',(-0.75,-0.515451356496,0.330008245993));
#4219 = DIRECTION('',(1.,-1.224646799147E-16,-1.256256073143E-32));
#4220 = DIRECTION('',(-1.256256073143E-32,1.538469978883E-48,-1.));
#4221 = ADVANCED_FACE('',(#4222),#4240,.F.);
#4222 = FACE_BOUND('',#4223,.F.);
#4223 = EDGE_LOOP('',(#4224,#4232,#4233,#4234));
#4224 = ORIENTED_EDGE('',*,*,#4225,.T.);
#4225 = EDGE_CURVE('',#4226,#4202,#4228,.T.);
#4226 = VERTEX_POINT('',#4227);
#4227 = CARTESIAN_POINT('',(0.75,-0.5,0.3));
#4228 = LINE('',#4229,#4230);
#4229 = CARTESIAN_POINT('',(0.75,-0.5,0.3));
#4230 = VECTOR('',#4231,1.);
#4231 = DIRECTION('',(-1.,1.224646799147E-16,0.));
#4232 = ORIENTED_EDGE('',*,*,#4209,.T.);
#4233 = ORIENTED_EDGE('',*,*,#3593,.F.);
#4234 = ORIENTED_EDGE('',*,*,#4235,.F.);
#4235 = EDGE_CURVE('',#4226,#3586,#4236,.T.);
#4236 = LINE('',#4237,#4238);
#4237 = CARTESIAN_POINT('',(0.75,-0.5,0.3));
#4238 = VECTOR('',#4239,1.);
#4239 = DIRECTION('',(-1.190457365237E-16,-0.972082208573,0.234640533104
    ));
#4240 = PLANE('',#4241);
#4241 = AXIS2_PLACEMENT_3D('',#4242,#4243,#4244);
#4242 = CARTESIAN_POINT('',(0.75,-0.5,0.3));
#4243 = DIRECTION('',(2.87351777816E-17,0.234640533104,0.972082208573));
#4244 = DIRECTION('',(-1.190457365237E-16,-0.972082208573,0.234640533104
    ));
#4245 = ADVANCED_FACE('',(#4246),#4271,.F.);
#4246 = FACE_BOUND('',#4247,.F.);
#4247 = EDGE_LOOP('',(#4248,#4249,#4257,#4263,#4264,#4265));
#4248 = ORIENTED_EDGE('',*,*,#4122,.T.);
#4249 = ORIENTED_EDGE('',*,*,#4250,.T.);
#4250 = EDGE_CURVE('',#4115,#4251,#4253,.T.);
#4251 = VERTEX_POINT('',#4252);
#4252 = CARTESIAN_POINT('',(0.75,0.5,0.3));
#4253 = LINE('',#4254,#4255);
#4254 = CARTESIAN_POINT('',(0.75,2.35,1.));
#4255 = VECTOR('',#4256,1.);
#4256 = DIRECTION('',(-1.14539532148E-16,-0.935286257456,-0.353892097416
    ));
#4257 = ORIENTED_EDGE('',*,*,#4258,.T.);
#4258 = EDGE_CURVE('',#4251,#4226,#4259,.T.);
#4259 = LINE('',#4260,#4261);
#4260 = CARTESIAN_POINT('',(0.75,0.5,0.3));
#4261 = VECTOR('',#4262,1.);
#4262 = DIRECTION('',(-1.224646799147E-16,-1.,0.));
#4263 = ORIENTED_EDGE('',*,*,#4235,.T.);
#4264 = ORIENTED_EDGE('',*,*,#3585,.T.);
#4265 = ORIENTED_EDGE('',*,*,#4266,.T.);
#4266 = EDGE_CURVE('',#3578,#4123,#4267,.T.);
#4267 = LINE('',#4268,#4269);
#4268 = CARTESIAN_POINT('',(0.75,-3.4,0.));
#4269 = VECTOR('',#4270,1.);
#4270 = DIRECTION('',(1.224646799147E-16,1.,0.));
#4271 = PLANE('',#4272);
#4272 = AXIS2_PLACEMENT_3D('',#4273,#4274,#4275);
#4273 = CARTESIAN_POINT('',(0.75,-0.515451356496,0.330008245993));
#4274 = DIRECTION('',(1.,-1.224646799147E-16,-1.256256073143E-32));
#4275 = DIRECTION('',(-1.256256073143E-32,1.538469978883E-48,-1.));
#4276 = ADVANCED_FACE('',(#4277),#4288,.F.);
#4277 = FACE_BOUND('',#4278,.F.);
#4278 = EDGE_LOOP('',(#4279,#4280,#4286,#4287));
#4279 = ORIENTED_EDGE('',*,*,#3577,.T.);
#4280 = ORIENTED_EDGE('',*,*,#4281,.T.);
#4281 = EDGE_CURVE('',#3570,#4131,#4282,.T.);
#4282 = LINE('',#4283,#4284);
#4283 = CARTESIAN_POINT('',(1.75,-3.4,0.));
#4284 = VECTOR('',#4285,1.);
#4285 = DIRECTION('',(1.224646799147E-16,1.,0.));
#4286 = ORIENTED_EDGE('',*,*,#4130,.T.);
#4287 = ORIENTED_EDGE('',*,*,#4266,.F.);
#4288 = PLANE('',#4289);
#4289 = AXIS2_PLACEMENT_3D('',#4290,#4291,#4292);
#4290 = CARTESIAN_POINT('',(1.25,-0.525,0.));
#4291 = DIRECTION('',(0.,0.,1.));
#4292 = DIRECTION('',(-1.,1.224646799147E-16,0.));
#4293 = ADVANCED_FACE('',(#4294),#4321,.T.);
#4294 = FACE_BOUND('',#4295,.T.);
#4295 = EDGE_LOOP('',(#4296,#4297,#4305,#4313,#4319,#4320));
#4296 = ORIENTED_EDGE('',*,*,#4138,.T.);
#4297 = ORIENTED_EDGE('',*,*,#4298,.T.);
#4298 = EDGE_CURVE('',#4139,#4299,#4301,.T.);
#4299 = VERTEX_POINT('',#4300);
#4300 = CARTESIAN_POINT('',(1.75,0.5,0.3));
#4301 = LINE('',#4302,#4303);
#4302 = CARTESIAN_POINT('',(1.75,2.35,1.));
#4303 = VECTOR('',#4304,1.);
#4304 = DIRECTION('',(-1.14539532148E-16,-0.935286257456,-0.353892097416
    ));
#4305 = ORIENTED_EDGE('',*,*,#4306,.T.);
#4306 = EDGE_CURVE('',#4299,#4307,#4309,.T.);
#4307 = VERTEX_POINT('',#4308);
#4308 = CARTESIAN_POINT('',(1.75,-0.5,0.3));
#4309 = LINE('',#4310,#4311);
#4310 = CARTESIAN_POINT('',(1.75,0.5,0.3));
#4311 = VECTOR('',#4312,1.);
#4312 = DIRECTION('',(-1.224646799147E-16,-1.,0.));
#4313 = ORIENTED_EDGE('',*,*,#4314,.T.);
#4314 = EDGE_CURVE('',#4307,#3562,#4315,.T.);
#4315 = LINE('',#4316,#4317);
#4316 = CARTESIAN_POINT('',(1.75,-0.5,0.3));
#4317 = VECTOR('',#4318,1.);
#4318 = DIRECTION('',(-1.190457365237E-16,-0.972082208573,0.234640533104
    ));
#4319 = ORIENTED_EDGE('',*,*,#3569,.T.);
#4320 = ORIENTED_EDGE('',*,*,#4281,.T.);
#4321 = PLANE('',#4322);
#4322 = AXIS2_PLACEMENT_3D('',#4323,#4324,#4325);
#4323 = CARTESIAN_POINT('',(1.75,-0.515451356496,0.330008245993));
#4324 = DIRECTION('',(1.,-1.224646799147E-16,-1.256256073143E-32));
#4325 = DIRECTION('',(-1.256256073143E-32,1.538469978883E-48,-1.));
#4326 = ADVANCED_FACE('',(#4327),#4345,.F.);
#4327 = FACE_BOUND('',#4328,.F.);
#4328 = EDGE_LOOP('',(#4329,#4337,#4338,#4339));
#4329 = ORIENTED_EDGE('',*,*,#4330,.T.);
#4330 = EDGE_CURVE('',#4331,#4307,#4333,.T.);
#4331 = VERTEX_POINT('',#4332);
#4332 = CARTESIAN_POINT('',(3.25,-0.5,0.3));
#4333 = LINE('',#4334,#4335);
#4334 = CARTESIAN_POINT('',(3.25,-0.5,0.3));
#4335 = VECTOR('',#4336,1.);
#4336 = DIRECTION('',(-1.,1.224646799147E-16,0.));
#4337 = ORIENTED_EDGE('',*,*,#4314,.T.);
#4338 = ORIENTED_EDGE('',*,*,#3561,.F.);
#4339 = ORIENTED_EDGE('',*,*,#4340,.F.);
#4340 = EDGE_CURVE('',#4331,#3554,#4341,.T.);
#4341 = LINE('',#4342,#4343);
#4342 = CARTESIAN_POINT('',(3.25,-0.5,0.3));
#4343 = VECTOR('',#4344,1.);
#4344 = DIRECTION('',(-1.190457365237E-16,-0.972082208573,0.234640533104
    ));
#4345 = PLANE('',#4346);
#4346 = AXIS2_PLACEMENT_3D('',#4347,#4348,#4349);
#4347 = CARTESIAN_POINT('',(3.25,-0.5,0.3));
#4348 = DIRECTION('',(2.87351777816E-17,0.234640533104,0.972082208573));
#4349 = DIRECTION('',(-1.190457365237E-16,-0.972082208573,0.234640533104
    ));
#4350 = ADVANCED_FACE('',(#4351),#4376,.F.);
#4351 = FACE_BOUND('',#4352,.F.);
#4352 = EDGE_LOOP('',(#4353,#4354,#4362,#4368,#4369,#4370));
#4353 = ORIENTED_EDGE('',*,*,#4154,.T.);
#4354 = ORIENTED_EDGE('',*,*,#4355,.T.);
#4355 = EDGE_CURVE('',#4147,#4356,#4358,.T.);
#4356 = VERTEX_POINT('',#4357);
#4357 = CARTESIAN_POINT('',(3.25,0.5,0.3));
#4358 = LINE('',#4359,#4360);
#4359 = CARTESIAN_POINT('',(3.25,2.35,1.));
#4360 = VECTOR('',#4361,1.);
#4361 = DIRECTION('',(-1.14539532148E-16,-0.935286257456,-0.353892097416
    ));
#4362 = ORIENTED_EDGE('',*,*,#4363,.T.);
#4363 = EDGE_CURVE('',#4356,#4331,#4364,.T.);
#4364 = LINE('',#4365,#4366);
#4365 = CARTESIAN_POINT('',(3.25,0.5,0.3));
#4366 = VECTOR('',#4367,1.);
#4367 = DIRECTION('',(-1.224646799147E-16,-1.,0.));
#4368 = ORIENTED_EDGE('',*,*,#4340,.T.);
#4369 = ORIENTED_EDGE('',*,*,#3553,.T.);
#4370 = ORIENTED_EDGE('',*,*,#4371,.T.);
#4371 = EDGE_CURVE('',#3546,#3999,#4372,.T.);
#4372 = LINE('',#4373,#4374);
#4373 = CARTESIAN_POINT('',(3.25,-3.4,0.));
#4374 = VECTOR('',#4375,1.);
#4375 = DIRECTION('',(1.224646799147E-16,1.,0.));
#4376 = PLANE('',#4377);
#4377 = AXIS2_PLACEMENT_3D('',#4378,#4379,#4380);
#4378 = CARTESIAN_POINT('',(3.25,-0.515451356496,0.330008245993));
#4379 = DIRECTION('',(1.,-1.224646799147E-16,-1.256256073143E-32));
#4380 = DIRECTION('',(-1.256256073143E-32,1.538469978883E-48,-1.));
#4381 = ADVANCED_FACE('',(#4382),#4388,.F.);
#4382 = FACE_BOUND('',#4383,.F.);
#4383 = EDGE_LOOP('',(#4384,#4385,#4386,#4387));
#4384 = ORIENTED_EDGE('',*,*,#3639,.T.);
#4385 = ORIENTED_EDGE('',*,*,#3998,.T.);
#4386 = ORIENTED_EDGE('',*,*,#4371,.F.);
#4387 = ORIENTED_EDGE('',*,*,#3545,.T.);
#4388 = PLANE('',#4389);
#4389 = AXIS2_PLACEMENT_3D('',#4390,#4391,#4392);
#4390 = CARTESIAN_POINT('',(1.25,-0.525,0.));
#4391 = DIRECTION('',(0.,0.,1.));
#4392 = DIRECTION('',(-1.,1.224646799147E-16,0.));
#4393 = ADVANCED_FACE('',(#4394),#4421,.F.);
#4394 = FACE_BOUND('',#4395,.F.);
#4395 = EDGE_LOOP('',(#4396,#4397,#4398,#4399,#4405,#4406,#4415));
#4396 = ORIENTED_EDGE('',*,*,#3714,.T.);
#4397 = ORIENTED_EDGE('',*,*,#3625,.F.);
#4398 = ORIENTED_EDGE('',*,*,#4177,.T.);
#4399 = ORIENTED_EDGE('',*,*,#4400,.T.);
#4400 = EDGE_CURVE('',#4170,#3945,#4401,.T.);
#4401 = LINE('',#4402,#4403);
#4402 = CARTESIAN_POINT('',(4.1,-2.65,1.85));
#4403 = VECTOR('',#4404,1.);
#4404 = DIRECTION('',(1.224646799147E-16,1.,0.));
#4405 = ORIENTED_EDGE('',*,*,#3952,.F.);
#4406 = ORIENTED_EDGE('',*,*,#4407,.F.);
#4407 = EDGE_CURVE('',#4408,#3953,#4410,.T.);
#4408 = VERTEX_POINT('',#4409);
#4409 = CARTESIAN_POINT('',(4.1,1.,3.65));
#4410 = CIRCLE('',#4411,0.5);
#4411 = AXIS2_PLACEMENT_3D('',#4412,#4413,#4414);
#4412 = CARTESIAN_POINT('',(4.1,1.,4.15));
#4413 = DIRECTION('',(1.,-1.224646799147E-16,0.));
#4414 = DIRECTION('',(1.224646799147E-16,1.,0.));
#4415 = ORIENTED_EDGE('',*,*,#4416,.T.);
#4416 = EDGE_CURVE('',#4408,#3707,#4417,.T.);
#4417 = LINE('',#4418,#4419);
#4418 = CARTESIAN_POINT('',(4.1,-0.825,3.65));
#4419 = VECTOR('',#4420,1.);
#4420 = DIRECTION('',(-1.224646799147E-16,-1.,0.));
#4421 = PLANE('',#4422);
#4422 = AXIS2_PLACEMENT_3D('',#4423,#4424,#4425);
#4423 = CARTESIAN_POINT('',(4.1,-2.65,7.));
#4424 = DIRECTION('',(1.,-1.224646799147E-16,0.));
#4425 = DIRECTION('',(1.224646799147E-16,1.,0.));
#4426 = ADVANCED_FACE('',(#4427),#4438,.T.);
#4427 = FACE_BOUND('',#4428,.T.);
#4428 = EDGE_LOOP('',(#4429,#4430,#4431,#4432));
#4429 = ORIENTED_EDGE('',*,*,#3837,.F.);
#4430 = ORIENTED_EDGE('',*,*,#3682,.T.);
#4431 = ORIENTED_EDGE('',*,*,#4007,.T.);
#4432 = ORIENTED_EDGE('',*,*,#4433,.T.);
#4433 = EDGE_CURVE('',#4008,#3838,#4434,.T.);
#4434 = LINE('',#4435,#4436);
#4435 = CARTESIAN_POINT('',(3.,2.35,7.));
#4436 = VECTOR('',#4437,1.);
#4437 = DIRECTION('',(-1.224646799147E-16,-1.,0.));
#4438 = PLANE('',#4439);
#4439 = AXIS2_PLACEMENT_3D('',#4440,#4441,#4442);
#4440 = CARTESIAN_POINT('',(1.25,-0.525,7.));
#4441 = DIRECTION('',(0.,0.,1.));
#4442 = DIRECTION('',(-1.,1.224646799147E-16,0.));
#4443 = ADVANCED_FACE('',(#4444),#4455,.F.);
#4444 = FACE_BOUND('',#4445,.F.);
#4445 = EDGE_LOOP('',(#4446,#4452,#4453,#4454));
#4446 = ORIENTED_EDGE('',*,*,#4447,.T.);
#4447 = EDGE_CURVE('',#3658,#4408,#4448,.T.);
#4448 = LINE('',#4449,#4450);
#4449 = CARTESIAN_POINT('',(4.95,1.,3.65));
#4450 = VECTOR('',#4451,1.);
#4451 = DIRECTION('',(-1.,1.224646799147E-16,0.));
#4452 = ORIENTED_EDGE('',*,*,#4407,.T.);
#4453 = ORIENTED_EDGE('',*,*,#3960,.F.);
#4454 = ORIENTED_EDGE('',*,*,#3665,.T.);
#4455 = CYLINDRICAL_SURFACE('',#4456,0.5);
#4456 = AXIS2_PLACEMENT_3D('',#4457,#4458,#4459);
#4457 = CARTESIAN_POINT('',(4.95,1.,4.15));
#4458 = DIRECTION('',(1.,-1.224646799147E-16,-0.));
#4459 = DIRECTION('',(1.224646799147E-16,1.,0.));
#4460 = ADVANCED_FACE('',(#4461),#4467,.T.);
#4461 = FACE_BOUND('',#4462,.T.);
#4462 = EDGE_LOOP('',(#4463,#4464,#4465,#4466));
#4463 = ORIENTED_EDGE('',*,*,#3657,.F.);
#4464 = ORIENTED_EDGE('',*,*,#4447,.T.);
#4465 = ORIENTED_EDGE('',*,*,#4416,.T.);
#4466 = ORIENTED_EDGE('',*,*,#3706,.F.);
#4467 = PLANE('',#4468);
#4468 = AXIS2_PLACEMENT_3D('',#4469,#4470,#4471);
#4469 = CARTESIAN_POINT('',(4.95,1.,3.65));
#4470 = DIRECTION('',(0.,0.,1.));
#4471 = DIRECTION('',(-1.224646799147E-16,-1.,0.));
#4472 = ADVANCED_FACE('',(#4473,#4479,#4513),#4547,.T.);
#4473 = FACE_BOUND('',#4474,.T.);
#4474 = EDGE_LOOP('',(#4475,#4476,#4477,#4478));
#4475 = ORIENTED_EDGE('',*,*,#3944,.T.);
#4476 = ORIENTED_EDGE('',*,*,#3755,.T.);
#4477 = ORIENTED_EDGE('',*,*,#4169,.T.);
#4478 = ORIENTED_EDGE('',*,*,#4400,.T.);
#4479 = FACE_BOUND('',#4480,.T.);
#4480 = EDGE_LOOP('',(#4481,#4491,#4499,#4507));
#4481 = ORIENTED_EDGE('',*,*,#4482,.F.);
#4482 = EDGE_CURVE('',#4483,#4485,#4487,.T.);
#4483 = VERTEX_POINT('',#4484);
#4484 = CARTESIAN_POINT('',(-0.32,0.32,1.85));
#4485 = VERTEX_POINT('',#4486);
#4486 = CARTESIAN_POINT('',(-0.32,-0.32,1.85));
#4487 = LINE('',#4488,#4489);
#4488 = CARTESIAN_POINT('',(-0.32,-0.26920299558,1.85));
#4489 = VECTOR('',#4490,1.);
#4490 = DIRECTION('',(-1.224646799147E-16,-1.,0.));
#4491 = ORIENTED_EDGE('',*,*,#4492,.T.);
#4492 = EDGE_CURVE('',#4483,#4493,#4495,.T.);
#4493 = VERTEX_POINT('',#4494);
#4494 = CARTESIAN_POINT('',(0.32,0.32,1.85));
#4495 = LINE('',#4496,#4497);
#4496 = CARTESIAN_POINT('',(0.785,0.32,1.85));
#4497 = VECTOR('',#4498,1.);
#4498 = DIRECTION('',(1.,-1.224646799147E-16,0.));
#4499 = ORIENTED_EDGE('',*,*,#4500,.T.);
#4500 = EDGE_CURVE('',#4493,#4501,#4503,.T.);
#4501 = VERTEX_POINT('',#4502);
#4502 = CARTESIAN_POINT('',(0.32,-0.32,1.85));
#4503 = LINE('',#4504,#4505);
#4504 = CARTESIAN_POINT('',(0.32,-0.26920299558,1.85));
#4505 = VECTOR('',#4506,1.);
#4506 = DIRECTION('',(-1.224646799147E-16,-1.,0.));
#4507 = ORIENTED_EDGE('',*,*,#4508,.T.);
#4508 = EDGE_CURVE('',#4501,#4485,#4509,.T.);
#4509 = LINE('',#4510,#4511);
#4510 = CARTESIAN_POINT('',(0.785,-0.32,1.85));
#4511 = VECTOR('',#4512,1.);
#4512 = DIRECTION('',(-1.,1.224646799147E-16,0.));
#4513 = FACE_BOUND('',#4514,.T.);
#4514 = EDGE_LOOP('',(#4515,#4525,#4533,#4541));
#4515 = ORIENTED_EDGE('',*,*,#4516,.F.);
#4516 = EDGE_CURVE('',#4517,#4519,#4521,.T.);
#4517 = VERTEX_POINT('',#4518);
#4518 = CARTESIAN_POINT('',(2.18,0.32,1.85));
#4519 = VERTEX_POINT('',#4520);
#4520 = CARTESIAN_POINT('',(2.18,-0.32,1.85));
#4521 = LINE('',#4522,#4523);
#4522 = CARTESIAN_POINT('',(2.18,-0.26920299558,1.85));
#4523 = VECTOR('',#4524,1.);
#4524 = DIRECTION('',(-1.224646799147E-16,-1.,0.));
#4525 = ORIENTED_EDGE('',*,*,#4526,.T.);
#4526 = EDGE_CURVE('',#4517,#4527,#4529,.T.);
#4527 = VERTEX_POINT('',#4528);
#4528 = CARTESIAN_POINT('',(2.82,0.32,1.85));
#4529 = LINE('',#4530,#4531);
#4530 = CARTESIAN_POINT('',(2.035,0.32,1.85));
#4531 = VECTOR('',#4532,1.);
#4532 = DIRECTION('',(1.,-1.224646799147E-16,0.));
#4533 = ORIENTED_EDGE('',*,*,#4534,.T.);
#4534 = EDGE_CURVE('',#4527,#4535,#4537,.T.);
#4535 = VERTEX_POINT('',#4536);
#4536 = CARTESIAN_POINT('',(2.82,-0.32,1.85));
#4537 = LINE('',#4538,#4539);
#4538 = CARTESIAN_POINT('',(2.82,-0.26920299558,1.85));
#4539 = VECTOR('',#4540,1.);
#4540 = DIRECTION('',(-1.224646799147E-16,-1.,0.));
#4541 = ORIENTED_EDGE('',*,*,#4542,.T.);
#4542 = EDGE_CURVE('',#4535,#4519,#4543,.T.);
#4543 = LINE('',#4544,#4545);
#4544 = CARTESIAN_POINT('',(2.035,-0.32,1.85));
#4545 = VECTOR('',#4546,1.);
#4546 = DIRECTION('',(-1.,1.224646799147E-16,0.));
#4547 = PLANE('',#4548);
#4548 = AXIS2_PLACEMENT_3D('',#4549,#4550,#4551);
#4549 = CARTESIAN_POINT('',(1.25,-0.575,1.85));
#4550 = DIRECTION('',(0.,0.,1.));
#4551 = DIRECTION('',(-1.,1.224646799147E-16,0.));
#4552 = ADVANCED_FACE('',(#4553),#4564,.F.);
#4553 = FACE_BOUND('',#4554,.F.);
#4554 = EDGE_LOOP('',(#4555,#4556,#4562,#4563));
#4555 = ORIENTED_EDGE('',*,*,#4097,.F.);
#4556 = ORIENTED_EDGE('',*,*,#4557,.T.);
#4557 = EDGE_CURVE('',#4090,#3920,#4558,.T.);
#4558 = LINE('',#4559,#4560);
#4559 = CARTESIAN_POINT('',(-0.5,2.35,6.1));
#4560 = VECTOR('',#4561,1.);
#4561 = DIRECTION('',(-1.224646799147E-16,-1.,0.));
#4562 = ORIENTED_EDGE('',*,*,#3927,.F.);
#4563 = ORIENTED_EDGE('',*,*,#3975,.F.);
#4564 = PLANE('',#4565);
#4565 = AXIS2_PLACEMENT_3D('',#4566,#4567,#4568);
#4566 = CARTESIAN_POINT('',(-0.5,2.35,6.1));
#4567 = DIRECTION('',(-1.,1.224646799147E-16,0.));
#4568 = DIRECTION('',(0.,0.,1.));
#4569 = ADVANCED_FACE('',(#4570),#4581,.F.);
#4570 = FACE_BOUND('',#4571,.F.);
#4571 = EDGE_LOOP('',(#4572,#4573,#4579,#4580));
#4572 = ORIENTED_EDGE('',*,*,#4089,.F.);
#4573 = ORIENTED_EDGE('',*,*,#4574,.T.);
#4574 = EDGE_CURVE('',#4082,#3912,#4575,.T.);
#4575 = LINE('',#4576,#4577);
#4576 = CARTESIAN_POINT('',(-0.25,2.35,5.85));
#4577 = VECTOR('',#4578,1.);
#4578 = DIRECTION('',(-1.224646799147E-16,-1.,0.));
#4579 = ORIENTED_EDGE('',*,*,#3919,.F.);
#4580 = ORIENTED_EDGE('',*,*,#4557,.F.);
#4581 = PLANE('',#4582);
#4582 = AXIS2_PLACEMENT_3D('',#4583,#4584,#4585);
#4583 = CARTESIAN_POINT('',(-0.25,2.35,5.85));
#4584 = DIRECTION('',(-0.707106781187,8.659560562349E-17,-0.707106781187
    ));
#4585 = DIRECTION('',(-0.707106781187,8.659560562349E-17,0.707106781187)
  );
#4586 = ADVANCED_FACE('',(#4587),#4598,.F.);
#4587 = FACE_BOUND('',#4588,.F.);
#4588 = EDGE_LOOP('',(#4589,#4590,#4596,#4597));
#4589 = ORIENTED_EDGE('',*,*,#4081,.F.);
#4590 = ORIENTED_EDGE('',*,*,#4591,.T.);
#4591 = EDGE_CURVE('',#4074,#3904,#4592,.T.);
#4592 = LINE('',#4593,#4594);
#4593 = CARTESIAN_POINT('',(-0.5,2.35,5.6));
#4594 = VECTOR('',#4595,1.);
#4595 = DIRECTION('',(-1.224646799147E-16,-1.,0.));
#4596 = ORIENTED_EDGE('',*,*,#3911,.F.);
#4597 = ORIENTED_EDGE('',*,*,#4574,.F.);
#4598 = PLANE('',#4599);
#4599 = AXIS2_PLACEMENT_3D('',#4600,#4601,#4602);
#4600 = CARTESIAN_POINT('',(-0.5,2.35,5.6));
#4601 = DIRECTION('',(-0.707106781187,8.659560562349E-17,0.707106781187)
  );
#4602 = DIRECTION('',(0.707106781187,-8.659560562349E-17,0.707106781187)
  );
#4603 = ADVANCED_FACE('',(#4604),#4615,.F.);
#4604 = FACE_BOUND('',#4605,.F.);
#4605 = EDGE_LOOP('',(#4606,#4607,#4613,#4614));
#4606 = ORIENTED_EDGE('',*,*,#4073,.F.);
#4607 = ORIENTED_EDGE('',*,*,#4608,.T.);
#4608 = EDGE_CURVE('',#4065,#3895,#4609,.T.);
#4609 = LINE('',#4610,#4611);
#4610 = CARTESIAN_POINT('',(-0.5,2.35,3.85));
#4611 = VECTOR('',#4612,1.);
#4612 = DIRECTION('',(-1.224646799147E-16,-1.,0.));
#4613 = ORIENTED_EDGE('',*,*,#3903,.F.);
#4614 = ORIENTED_EDGE('',*,*,#4591,.F.);
#4615 = PLANE('',#4616);
#4616 = AXIS2_PLACEMENT_3D('',#4617,#4618,#4619);
#4617 = CARTESIAN_POINT('',(-0.5,2.35,3.1));
#4618 = DIRECTION('',(-1.,1.224646799147E-16,0.));
#4619 = DIRECTION('',(0.,0.,1.));
#4620 = ADVANCED_FACE('',(#4621),#4632,.F.);
#4621 = FACE_BOUND('',#4622,.F.);
#4622 = EDGE_LOOP('',(#4623,#4624,#4625,#4626));
#4623 = ORIENTED_EDGE('',*,*,#3894,.F.);
#4624 = ORIENTED_EDGE('',*,*,#4608,.F.);
#4625 = ORIENTED_EDGE('',*,*,#4064,.F.);
#4626 = ORIENTED_EDGE('',*,*,#4627,.T.);
#4627 = EDGE_CURVE('',#4057,#3887,#4628,.T.);
#4628 = LINE('',#4629,#4630);
#4629 = CARTESIAN_POINT('',(0.25,2.35,3.1));
#4630 = VECTOR('',#4631,1.);
#4631 = DIRECTION('',(-1.224646799147E-16,-1.,0.));
#4632 = CYLINDRICAL_SURFACE('',#4633,0.75);
#4633 = AXIS2_PLACEMENT_3D('',#4634,#4635,#4636);
#4634 = CARTESIAN_POINT('',(0.25,2.35,3.85));
#4635 = DIRECTION('',(-1.224646799147E-16,-1.,0.));
#4636 = DIRECTION('',(-0.,0.,-1.));
#4637 = ADVANCED_FACE('',(#4638),#4649,.F.);
#4638 = FACE_BOUND('',#4639,.F.);
#4639 = EDGE_LOOP('',(#4640,#4641,#4642,#4648));
#4640 = ORIENTED_EDGE('',*,*,#4627,.F.);
#4641 = ORIENTED_EDGE('',*,*,#4056,.T.);
#4642 = ORIENTED_EDGE('',*,*,#4643,.T.);
#4643 = EDGE_CURVE('',#4048,#3878,#4644,.T.);
#4644 = LINE('',#4645,#4646);
#4645 = CARTESIAN_POINT('',(2.25,2.35,3.1));
#4646 = VECTOR('',#4647,1.);
#4647 = DIRECTION('',(-1.224646799147E-16,-1.,0.));
#4648 = ORIENTED_EDGE('',*,*,#3886,.F.);
#4649 = PLANE('',#4650);
#4650 = AXIS2_PLACEMENT_3D('',#4651,#4652,#4653);
#4651 = CARTESIAN_POINT('',(1.25,1.85,3.1));
#4652 = DIRECTION('',(1.288101310069E-46,1.051814540295E-30,-1.));
#4653 = DIRECTION('',(1.224646799147E-16,1.,1.051814540295E-30));
#4654 = ADVANCED_FACE('',(#4655),#4666,.F.);
#4655 = FACE_BOUND('',#4656,.F.);
#4656 = EDGE_LOOP('',(#4657,#4658,#4659,#4665));
#4657 = ORIENTED_EDGE('',*,*,#4643,.F.);
#4658 = ORIENTED_EDGE('',*,*,#4047,.T.);
#4659 = ORIENTED_EDGE('',*,*,#4660,.T.);
#4660 = EDGE_CURVE('',#4040,#3870,#4661,.T.);
#4661 = LINE('',#4662,#4663);
#4662 = CARTESIAN_POINT('',(3.,2.35,3.85));
#4663 = VECTOR('',#4664,1.);
#4664 = DIRECTION('',(-1.224646799147E-16,-1.,0.));
#4665 = ORIENTED_EDGE('',*,*,#3877,.F.);
#4666 = CYLINDRICAL_SURFACE('',#4667,0.75);
#4667 = AXIS2_PLACEMENT_3D('',#4668,#4669,#4670);
#4668 = CARTESIAN_POINT('',(2.25,2.35,3.85));
#4669 = DIRECTION('',(-1.224646799147E-16,-1.,0.));
#4670 = DIRECTION('',(0.,-0.,-1.));
#4671 = ADVANCED_FACE('',(#4672),#4683,.T.);
#4672 = FACE_BOUND('',#4673,.T.);
#4673 = EDGE_LOOP('',(#4674,#4675,#4676,#4677));
#4674 = ORIENTED_EDGE('',*,*,#4039,.F.);
#4675 = ORIENTED_EDGE('',*,*,#4660,.T.);
#4676 = ORIENTED_EDGE('',*,*,#3869,.F.);
#4677 = ORIENTED_EDGE('',*,*,#4678,.F.);
#4678 = EDGE_CURVE('',#4032,#3862,#4679,.T.);
#4679 = LINE('',#4680,#4681);
#4680 = CARTESIAN_POINT('',(3.,2.35,5.6));
#4681 = VECTOR('',#4682,1.);
#4682 = DIRECTION('',(-1.224646799147E-16,-1.,0.));
#4683 = PLANE('',#4684);
#4684 = AXIS2_PLACEMENT_3D('',#4685,#4686,#4687);
#4685 = CARTESIAN_POINT('',(3.,2.35,3.1));
#4686 = DIRECTION('',(-1.,1.224646799147E-16,0.));
#4687 = DIRECTION('',(0.,0.,1.));
#4688 = ADVANCED_FACE('',(#4689),#4700,.T.);
#4689 = FACE_BOUND('',#4690,.T.);
#4690 = EDGE_LOOP('',(#4691,#4692,#4693,#4694));
#4691 = ORIENTED_EDGE('',*,*,#4031,.F.);
#4692 = ORIENTED_EDGE('',*,*,#4678,.T.);
#4693 = ORIENTED_EDGE('',*,*,#3861,.F.);
#4694 = ORIENTED_EDGE('',*,*,#4695,.F.);
#4695 = EDGE_CURVE('',#4024,#3854,#4696,.T.);
#4696 = LINE('',#4697,#4698);
#4697 = CARTESIAN_POINT('',(2.75,2.35,5.85));
#4698 = VECTOR('',#4699,1.);
#4699 = DIRECTION('',(-1.224646799147E-16,-1.,0.));
#4700 = PLANE('',#4701);
#4701 = AXIS2_PLACEMENT_3D('',#4702,#4703,#4704);
#4702 = CARTESIAN_POINT('',(3.,2.35,5.6));
#4703 = DIRECTION('',(-0.707106781187,8.659560562349E-17,-0.707106781187
    ));
#4704 = DIRECTION('',(-0.707106781187,8.659560562349E-17,0.707106781187)
  );
#4705 = ADVANCED_FACE('',(#4706),#4717,.T.);
#4706 = FACE_BOUND('',#4707,.T.);
#4707 = EDGE_LOOP('',(#4708,#4709,#4710,#4711));
#4708 = ORIENTED_EDGE('',*,*,#4023,.F.);
#4709 = ORIENTED_EDGE('',*,*,#4695,.T.);
#4710 = ORIENTED_EDGE('',*,*,#3853,.F.);
#4711 = ORIENTED_EDGE('',*,*,#4712,.F.);
#4712 = EDGE_CURVE('',#4016,#3846,#4713,.T.);
#4713 = LINE('',#4714,#4715);
#4714 = CARTESIAN_POINT('',(3.,2.35,6.1));
#4715 = VECTOR('',#4716,1.);
#4716 = DIRECTION('',(-1.224646799147E-16,-1.,0.));
#4717 = PLANE('',#4718);
#4718 = AXIS2_PLACEMENT_3D('',#4719,#4720,#4721);
#4719 = CARTESIAN_POINT('',(2.75,2.35,5.85));
#4720 = DIRECTION('',(-0.707106781187,8.659560562349E-17,0.707106781187)
  );
#4721 = DIRECTION('',(0.707106781187,-8.659560562349E-17,0.707106781187)
  );
#4722 = ADVANCED_FACE('',(#4723),#4729,.T.);
#4723 = FACE_BOUND('',#4724,.T.);
#4724 = EDGE_LOOP('',(#4725,#4726,#4727,#4728));
#4725 = ORIENTED_EDGE('',*,*,#4015,.F.);
#4726 = ORIENTED_EDGE('',*,*,#4712,.T.);
#4727 = ORIENTED_EDGE('',*,*,#3845,.F.);
#4728 = ORIENTED_EDGE('',*,*,#4433,.F.);
#4729 = PLANE('',#4730);
#4730 = AXIS2_PLACEMENT_3D('',#4731,#4732,#4733);
#4731 = CARTESIAN_POINT('',(3.,2.35,6.1));
#4732 = DIRECTION('',(-1.,1.224646799147E-16,2.467162276945E-16));
#4733 = DIRECTION('',(2.467162276945E-16,-3.021402385438E-32,1.));
#4734 = ADVANCED_FACE('',(#4735),#4746,.F.);
#4735 = FACE_BOUND('',#4736,.F.);
#4736 = EDGE_LOOP('',(#4737,#4738,#4739,#4745));
#4737 = ORIENTED_EDGE('',*,*,#4146,.T.);
#4738 = ORIENTED_EDGE('',*,*,#4298,.T.);
#4739 = ORIENTED_EDGE('',*,*,#4740,.F.);
#4740 = EDGE_CURVE('',#4356,#4299,#4741,.T.);
#4741 = LINE('',#4742,#4743);
#4742 = CARTESIAN_POINT('',(3.25,0.5,0.3));
#4743 = VECTOR('',#4744,1.);
#4744 = DIRECTION('',(-1.,1.224646799147E-16,0.));
#4745 = ORIENTED_EDGE('',*,*,#4355,.F.);
#4746 = PLANE('',#4747);
#4747 = AXIS2_PLACEMENT_3D('',#4748,#4749,#4750);
#4748 = CARTESIAN_POINT('',(3.25,2.35,1.));
#4749 = DIRECTION('',(-4.33392824344E-17,-0.353892097416,0.935286257456)
  );
#4750 = DIRECTION('',(-1.14539532148E-16,-0.935286257456,-0.353892097416
    ));
#4751 = ADVANCED_FACE('',(#4752),#4763,.F.);
#4752 = FACE_BOUND('',#4753,.F.);
#4753 = EDGE_LOOP('',(#4754,#4755,#4756,#4762));
#4754 = ORIENTED_EDGE('',*,*,#4114,.T.);
#4755 = ORIENTED_EDGE('',*,*,#4193,.T.);
#4756 = ORIENTED_EDGE('',*,*,#4757,.F.);
#4757 = EDGE_CURVE('',#4251,#4194,#4758,.T.);
#4758 = LINE('',#4759,#4760);
#4759 = CARTESIAN_POINT('',(0.75,0.5,0.3));
#4760 = VECTOR('',#4761,1.);
#4761 = DIRECTION('',(-1.,1.224646799147E-16,0.));
#4762 = ORIENTED_EDGE('',*,*,#4250,.F.);
#4763 = PLANE('',#4764);
#4764 = AXIS2_PLACEMENT_3D('',#4765,#4766,#4767);
#4765 = CARTESIAN_POINT('',(0.75,2.35,1.));
#4766 = DIRECTION('',(-4.33392824344E-17,-0.353892097416,0.935286257456)
  );
#4767 = DIRECTION('',(-1.14539532148E-16,-0.935286257456,-0.353892097416
    ));
#4768 = ADVANCED_FACE('',(#4769,#4775),#4809,.F.);
#4769 = FACE_BOUND('',#4770,.F.);
#4770 = EDGE_LOOP('',(#4771,#4772,#4773,#4774));
#4771 = ORIENTED_EDGE('',*,*,#4757,.T.);
#4772 = ORIENTED_EDGE('',*,*,#4201,.T.);
#4773 = ORIENTED_EDGE('',*,*,#4225,.F.);
#4774 = ORIENTED_EDGE('',*,*,#4258,.F.);
#4775 = FACE_BOUND('',#4776,.F.);
#4776 = EDGE_LOOP('',(#4777,#4787,#4795,#4803));
#4777 = ORIENTED_EDGE('',*,*,#4778,.F.);
#4778 = EDGE_CURVE('',#4779,#4781,#4783,.T.);
#4779 = VERTEX_POINT('',#4780);
#4780 = CARTESIAN_POINT('',(-0.32,0.32,0.3));
#4781 = VERTEX_POINT('',#4782);
#4782 = CARTESIAN_POINT('',(-0.32,-0.32,0.3));
#4783 = LINE('',#4784,#4785);
#4784 = CARTESIAN_POINT('',(-0.32,0.26829700442,0.3));
#4785 = VECTOR('',#4786,1.);
#4786 = DIRECTION('',(-1.224646799147E-16,-1.,0.));
#4787 = ORIENTED_EDGE('',*,*,#4788,.T.);
#4788 = EDGE_CURVE('',#4779,#4789,#4791,.T.);
#4789 = VERTEX_POINT('',#4790);
#4790 = CARTESIAN_POINT('',(0.32,0.32,0.3));
#4791 = LINE('',#4792,#4793);
#4792 = CARTESIAN_POINT('',(0.535,0.32,0.3));
#4793 = VECTOR('',#4794,1.);
#4794 = DIRECTION('',(1.,-1.224646799147E-16,0.));
#4795 = ORIENTED_EDGE('',*,*,#4796,.T.);
#4796 = EDGE_CURVE('',#4789,#4797,#4799,.T.);
#4797 = VERTEX_POINT('',#4798);
#4798 = CARTESIAN_POINT('',(0.32,-0.32,0.3));
#4799 = LINE('',#4800,#4801);
#4800 = CARTESIAN_POINT('',(0.32,0.26829700442,0.3));
#4801 = VECTOR('',#4802,1.);
#4802 = DIRECTION('',(-1.224646799147E-16,-1.,0.));
#4803 = ORIENTED_EDGE('',*,*,#4804,.T.);
#4804 = EDGE_CURVE('',#4797,#4781,#4805,.T.);
#4805 = LINE('',#4806,#4807);
#4806 = CARTESIAN_POINT('',(0.535,-0.32,0.3));
#4807 = VECTOR('',#4808,1.);
#4808 = DIRECTION('',(-1.,1.224646799147E-16,0.));
#4809 = PLANE('',#4810);
#4810 = AXIS2_PLACEMENT_3D('',#4811,#4812,#4813);
#4811 = CARTESIAN_POINT('',(0.75,0.5,0.3));
#4812 = DIRECTION('',(0.,0.,1.));
#4813 = DIRECTION('',(-1.224646799147E-16,-1.,0.));
#4814 = ADVANCED_FACE('',(#4815,#4821),#4855,.F.);
#4815 = FACE_BOUND('',#4816,.F.);
#4816 = EDGE_LOOP('',(#4817,#4818,#4819,#4820));
#4817 = ORIENTED_EDGE('',*,*,#4740,.T.);
#4818 = ORIENTED_EDGE('',*,*,#4306,.T.);
#4819 = ORIENTED_EDGE('',*,*,#4330,.F.);
#4820 = ORIENTED_EDGE('',*,*,#4363,.F.);
#4821 = FACE_BOUND('',#4822,.F.);
#4822 = EDGE_LOOP('',(#4823,#4833,#4841,#4849));
#4823 = ORIENTED_EDGE('',*,*,#4824,.F.);
#4824 = EDGE_CURVE('',#4825,#4827,#4829,.T.);
#4825 = VERTEX_POINT('',#4826);
#4826 = CARTESIAN_POINT('',(2.18,0.32,0.3));
#4827 = VERTEX_POINT('',#4828);
#4828 = CARTESIAN_POINT('',(2.18,-0.32,0.3));
#4829 = LINE('',#4830,#4831);
#4830 = CARTESIAN_POINT('',(2.18,0.26829700442,0.3));
#4831 = VECTOR('',#4832,1.);
#4832 = DIRECTION('',(-1.224646799147E-16,-1.,0.));
#4833 = ORIENTED_EDGE('',*,*,#4834,.T.);
#4834 = EDGE_CURVE('',#4825,#4835,#4837,.T.);
#4835 = VERTEX_POINT('',#4836);
#4836 = CARTESIAN_POINT('',(2.82,0.32,0.3));
#4837 = LINE('',#4838,#4839);
#4838 = CARTESIAN_POINT('',(3.035,0.32,0.3));
#4839 = VECTOR('',#4840,1.);
#4840 = DIRECTION('',(1.,-1.224646799147E-16,0.));
#4841 = ORIENTED_EDGE('',*,*,#4842,.T.);
#4842 = EDGE_CURVE('',#4835,#4843,#4845,.T.);
#4843 = VERTEX_POINT('',#4844);
#4844 = CARTESIAN_POINT('',(2.82,-0.32,0.3));
#4845 = LINE('',#4846,#4847);
#4846 = CARTESIAN_POINT('',(2.82,0.26829700442,0.3));
#4847 = VECTOR('',#4848,1.);
#4848 = DIRECTION('',(-1.224646799147E-16,-1.,0.));
#4849 = ORIENTED_EDGE('',*,*,#4850,.T.);
#4850 = EDGE_CURVE('',#4843,#4827,#4851,.T.);
#4851 = LINE('',#4852,#4853);
#4852 = CARTESIAN_POINT('',(3.035,-0.32,0.3));
#4853 = VECTOR('',#4854,1.);
#4854 = DIRECTION('',(-1.,1.224646799147E-16,0.));
#4855 = PLANE('',#4856);
#4856 = AXIS2_PLACEMENT_3D('',#4857,#4858,#4859);
#4857 = CARTESIAN_POINT('',(3.25,0.5,0.3));
#4858 = DIRECTION('',(0.,0.,1.));
#4859 = DIRECTION('',(-1.224646799147E-16,-1.,0.));
#4860 = ADVANCED_FACE('',(#4861),#4886,.T.);
#4861 = FACE_BOUND('',#4862,.T.);
#4862 = EDGE_LOOP('',(#4863,#4864,#4872,#4880));
#4863 = ORIENTED_EDGE('',*,*,#4482,.T.);
#4864 = ORIENTED_EDGE('',*,*,#4865,.T.);
#4865 = EDGE_CURVE('',#4485,#4866,#4868,.T.);
#4866 = VERTEX_POINT('',#4867);
#4867 = CARTESIAN_POINT('',(-0.32,-0.32,6.3));
#4868 = LINE('',#4869,#4870);
#4869 = CARTESIAN_POINT('',(-0.32,-0.32,-0.9));
#4870 = VECTOR('',#4871,1.);
#4871 = DIRECTION('',(0.,0.,1.));
#4872 = ORIENTED_EDGE('',*,*,#4873,.T.);
#4873 = EDGE_CURVE('',#4866,#4874,#4876,.T.);
#4874 = VERTEX_POINT('',#4875);
#4875 = CARTESIAN_POINT('',(-0.32,0.32,6.3));
#4876 = LINE('',#4877,#4878);
#4877 = CARTESIAN_POINT('',(-0.32,-0.32,6.3));
#4878 = VECTOR('',#4879,1.);
#4879 = DIRECTION('',(1.224646799147E-16,1.,0.));
#4880 = ORIENTED_EDGE('',*,*,#4881,.T.);
#4881 = EDGE_CURVE('',#4874,#4483,#4882,.T.);
#4882 = LINE('',#4883,#4884);
#4883 = CARTESIAN_POINT('',(-0.32,0.32,6.5));
#4884 = VECTOR('',#4885,1.);
#4885 = DIRECTION('',(-0.,0.,-1.));
#4886 = PLANE('',#4887);
#4887 = AXIS2_PLACEMENT_3D('',#4888,#4889,#4890);
#4888 = CARTESIAN_POINT('',(-0.32,3.65940088399E-02,1.522832428212));
#4889 = DIRECTION('',(-1.,1.224646799147E-16,0.));
#4890 = DIRECTION('',(0.,0.,1.));
#4891 = ADVANCED_FACE('',(#4892),#4910,.F.);
#4892 = FACE_BOUND('',#4893,.F.);
#4893 = EDGE_LOOP('',(#4894,#4902,#4903,#4904));
#4894 = ORIENTED_EDGE('',*,*,#4895,.F.);
#4895 = EDGE_CURVE('',#4501,#4896,#4898,.T.);
#4896 = VERTEX_POINT('',#4897);
#4897 = CARTESIAN_POINT('',(0.32,-0.32,6.3));
#4898 = LINE('',#4899,#4900);
#4899 = CARTESIAN_POINT('',(0.32,-0.32,-0.9));
#4900 = VECTOR('',#4901,1.);
#4901 = DIRECTION('',(0.,0.,1.));
#4902 = ORIENTED_EDGE('',*,*,#4508,.T.);
#4903 = ORIENTED_EDGE('',*,*,#4865,.T.);
#4904 = ORIENTED_EDGE('',*,*,#4905,.F.);
#4905 = EDGE_CURVE('',#4896,#4866,#4906,.T.);
#4906 = LINE('',#4907,#4908);
#4907 = CARTESIAN_POINT('',(0.32,-0.32,6.3));
#4908 = VECTOR('',#4909,1.);
#4909 = DIRECTION('',(-1.,1.224646799147E-16,0.));
#4910 = PLANE('',#4911);
#4911 = AXIS2_PLACEMENT_3D('',#4912,#4913,#4914);
#4912 = CARTESIAN_POINT('',(0.32,-0.32,-0.9));
#4913 = DIRECTION('',(1.224646799147E-16,1.,0.));
#4914 = DIRECTION('',(0.,-0.,1.));
#4915 = ADVANCED_FACE('',(#4916),#4934,.F.);
#4916 = FACE_BOUND('',#4917,.F.);
#4917 = EDGE_LOOP('',(#4918,#4919,#4920,#4928));
#4918 = ORIENTED_EDGE('',*,*,#4500,.T.);
#4919 = ORIENTED_EDGE('',*,*,#4895,.T.);
#4920 = ORIENTED_EDGE('',*,*,#4921,.T.);
#4921 = EDGE_CURVE('',#4896,#4922,#4924,.T.);
#4922 = VERTEX_POINT('',#4923);
#4923 = CARTESIAN_POINT('',(0.32,0.32,6.3));
#4924 = LINE('',#4925,#4926);
#4925 = CARTESIAN_POINT('',(0.32,-0.32,6.3));
#4926 = VECTOR('',#4927,1.);
#4927 = DIRECTION('',(1.224646799147E-16,1.,0.));
#4928 = ORIENTED_EDGE('',*,*,#4929,.T.);
#4929 = EDGE_CURVE('',#4922,#4493,#4930,.T.);
#4930 = LINE('',#4931,#4932);
#4931 = CARTESIAN_POINT('',(0.32,0.32,6.5));
#4932 = VECTOR('',#4933,1.);
#4933 = DIRECTION('',(-0.,0.,-1.));
#4934 = PLANE('',#4935);
#4935 = AXIS2_PLACEMENT_3D('',#4936,#4937,#4938);
#4936 = CARTESIAN_POINT('',(0.32,3.65940088399E-02,1.522832428212));
#4937 = DIRECTION('',(-1.,1.224646799147E-16,0.));
#4938 = DIRECTION('',(0.,0.,1.));
#4939 = ADVANCED_FACE('',(#4940),#4951,.F.);
#4940 = FACE_BOUND('',#4941,.F.);
#4941 = EDGE_LOOP('',(#4942,#4943,#4949,#4950));
#4942 = ORIENTED_EDGE('',*,*,#4929,.F.);
#4943 = ORIENTED_EDGE('',*,*,#4944,.T.);
#4944 = EDGE_CURVE('',#4922,#4874,#4945,.T.);
#4945 = LINE('',#4946,#4947);
#4946 = CARTESIAN_POINT('',(0.32,0.32,6.3));
#4947 = VECTOR('',#4948,1.);
#4948 = DIRECTION('',(-1.,1.224646799147E-16,0.));
#4949 = ORIENTED_EDGE('',*,*,#4881,.T.);
#4950 = ORIENTED_EDGE('',*,*,#4492,.T.);
#4951 = PLANE('',#4952);
#4952 = AXIS2_PLACEMENT_3D('',#4953,#4954,#4955);
#4953 = CARTESIAN_POINT('',(0.32,0.32,6.5));
#4954 = DIRECTION('',(-1.224646799147E-16,-1.,0.));
#4955 = DIRECTION('',(-0.,0.,-1.));
#4956 = ADVANCED_FACE('',(#4957),#4982,.T.);
#4957 = FACE_BOUND('',#4958,.T.);
#4958 = EDGE_LOOP('',(#4959,#4960,#4968,#4976));
#4959 = ORIENTED_EDGE('',*,*,#4516,.T.);
#4960 = ORIENTED_EDGE('',*,*,#4961,.T.);
#4961 = EDGE_CURVE('',#4519,#4962,#4964,.T.);
#4962 = VERTEX_POINT('',#4963);
#4963 = CARTESIAN_POINT('',(2.18,-0.32,6.3));
#4964 = LINE('',#4965,#4966);
#4965 = CARTESIAN_POINT('',(2.18,-0.32,-0.9));
#4966 = VECTOR('',#4967,1.);
#4967 = DIRECTION('',(0.,0.,1.));
#4968 = ORIENTED_EDGE('',*,*,#4969,.T.);
#4969 = EDGE_CURVE('',#4962,#4970,#4972,.T.);
#4970 = VERTEX_POINT('',#4971);
#4971 = CARTESIAN_POINT('',(2.18,0.32,6.3));
#4972 = LINE('',#4973,#4974);
#4973 = CARTESIAN_POINT('',(2.18,-0.32,6.3));
#4974 = VECTOR('',#4975,1.);
#4975 = DIRECTION('',(1.224646799147E-16,1.,0.));
#4976 = ORIENTED_EDGE('',*,*,#4977,.T.);
#4977 = EDGE_CURVE('',#4970,#4517,#4978,.T.);
#4978 = LINE('',#4979,#4980);
#4979 = CARTESIAN_POINT('',(2.18,0.32,6.5));
#4980 = VECTOR('',#4981,1.);
#4981 = DIRECTION('',(-0.,0.,-1.));
#4982 = PLANE('',#4983);
#4983 = AXIS2_PLACEMENT_3D('',#4984,#4985,#4986);
#4984 = CARTESIAN_POINT('',(2.18,3.65940088399E-02,1.522832428212));
#4985 = DIRECTION('',(-1.,1.224646799147E-16,0.));
#4986 = DIRECTION('',(0.,0.,1.));
#4987 = ADVANCED_FACE('',(#4988),#5006,.F.);
#4988 = FACE_BOUND('',#4989,.F.);
#4989 = EDGE_LOOP('',(#4990,#4998,#4999,#5000));
#4990 = ORIENTED_EDGE('',*,*,#4991,.F.);
#4991 = EDGE_CURVE('',#4535,#4992,#4994,.T.);
#4992 = VERTEX_POINT('',#4993);
#4993 = CARTESIAN_POINT('',(2.82,-0.32,6.3));
#4994 = LINE('',#4995,#4996);
#4995 = CARTESIAN_POINT('',(2.82,-0.32,-0.9));
#4996 = VECTOR('',#4997,1.);
#4997 = DIRECTION('',(0.,0.,1.));
#4998 = ORIENTED_EDGE('',*,*,#4542,.T.);
#4999 = ORIENTED_EDGE('',*,*,#4961,.T.);
#5000 = ORIENTED_EDGE('',*,*,#5001,.F.);
#5001 = EDGE_CURVE('',#4992,#4962,#5002,.T.);
#5002 = LINE('',#5003,#5004);
#5003 = CARTESIAN_POINT('',(2.82,-0.32,6.3));
#5004 = VECTOR('',#5005,1.);
#5005 = DIRECTION('',(-1.,1.224646799147E-16,0.));
#5006 = PLANE('',#5007);
#5007 = AXIS2_PLACEMENT_3D('',#5008,#5009,#5010);
#5008 = CARTESIAN_POINT('',(2.82,-0.32,-0.9));
#5009 = DIRECTION('',(1.224646799147E-16,1.,0.));
#5010 = DIRECTION('',(0.,-0.,1.));
#5011 = ADVANCED_FACE('',(#5012),#5030,.F.);
#5012 = FACE_BOUND('',#5013,.F.);
#5013 = EDGE_LOOP('',(#5014,#5015,#5016,#5024));
#5014 = ORIENTED_EDGE('',*,*,#4534,.T.);
#5015 = ORIENTED_EDGE('',*,*,#4991,.T.);
#5016 = ORIENTED_EDGE('',*,*,#5017,.T.);
#5017 = EDGE_CURVE('',#4992,#5018,#5020,.T.);
#5018 = VERTEX_POINT('',#5019);
#5019 = CARTESIAN_POINT('',(2.82,0.32,6.3));
#5020 = LINE('',#5021,#5022);
#5021 = CARTESIAN_POINT('',(2.82,-0.32,6.3));
#5022 = VECTOR('',#5023,1.);
#5023 = DIRECTION('',(1.224646799147E-16,1.,0.));
#5024 = ORIENTED_EDGE('',*,*,#5025,.T.);
#5025 = EDGE_CURVE('',#5018,#4527,#5026,.T.);
#5026 = LINE('',#5027,#5028);
#5027 = CARTESIAN_POINT('',(2.82,0.32,6.5));
#5028 = VECTOR('',#5029,1.);
#5029 = DIRECTION('',(-0.,0.,-1.));
#5030 = PLANE('',#5031);
#5031 = AXIS2_PLACEMENT_3D('',#5032,#5033,#5034);
#5032 = CARTESIAN_POINT('',(2.82,3.65940088399E-02,1.522832428212));
#5033 = DIRECTION('',(-1.,1.224646799147E-16,0.));
#5034 = DIRECTION('',(0.,0.,1.));
#5035 = ADVANCED_FACE('',(#5036),#5047,.F.);
#5036 = FACE_BOUND('',#5037,.F.);
#5037 = EDGE_LOOP('',(#5038,#5039,#5045,#5046));
#5038 = ORIENTED_EDGE('',*,*,#5025,.F.);
#5039 = ORIENTED_EDGE('',*,*,#5040,.T.);
#5040 = EDGE_CURVE('',#5018,#4970,#5041,.T.);
#5041 = LINE('',#5042,#5043);
#5042 = CARTESIAN_POINT('',(2.82,0.32,6.3));
#5043 = VECTOR('',#5044,1.);
#5044 = DIRECTION('',(-1.,1.224646799147E-16,0.));
#5045 = ORIENTED_EDGE('',*,*,#4977,.T.);
#5046 = ORIENTED_EDGE('',*,*,#4526,.T.);
#5047 = PLANE('',#5048);
#5048 = AXIS2_PLACEMENT_3D('',#5049,#5050,#5051);
#5049 = CARTESIAN_POINT('',(2.82,0.32,6.5));
#5050 = DIRECTION('',(-1.224646799147E-16,-1.,0.));
#5051 = DIRECTION('',(-0.,0.,-1.));
#5052 = ADVANCED_FACE('',(#5053),#5110,.T.);
#5053 = FACE_BOUND('',#5054,.T.);
#5054 = EDGE_LOOP('',(#5055,#5065,#5073,#5081,#5087,#5088,#5096,#5104));
#5055 = ORIENTED_EDGE('',*,*,#5056,.T.);
#5056 = EDGE_CURVE('',#5057,#5059,#5061,.T.);
#5057 = VERTEX_POINT('',#5058);
#5058 = CARTESIAN_POINT('',(-0.32,0.351578947368,-3.2));
#5059 = VERTEX_POINT('',#5060);
#5060 = CARTESIAN_POINT('',(-0.32,-0.288421052632,-3.2));
#5061 = LINE('',#5062,#5063);
#5062 = CARTESIAN_POINT('',(-0.32,0.32,-3.2));
#5063 = VECTOR('',#5064,1.);
#5064 = DIRECTION('',(-1.224646799147E-16,-1.,0.));
#5065 = ORIENTED_EDGE('',*,*,#5066,.T.);
#5066 = EDGE_CURVE('',#5059,#5067,#5069,.T.);
#5067 = VERTEX_POINT('',#5068);
#5068 = CARTESIAN_POINT('',(-0.32,-2.E-02,-1.5));
#5069 = LINE('',#5070,#5071);
#5070 = CARTESIAN_POINT('',(-0.32,-0.32,-3.4));
#5071 = VECTOR('',#5072,1.);
#5072 = DIRECTION('',(1.909990663905E-17,0.155962573473,0.987762965329)
  );
#5073 = ORIENTED_EDGE('',*,*,#5074,.T.);
#5074 = EDGE_CURVE('',#5067,#5075,#5077,.T.);
#5075 = VERTEX_POINT('',#5076);
#5076 = CARTESIAN_POINT('',(-0.32,-0.32,-0.9));
#5077 = LINE('',#5078,#5079);
#5078 = CARTESIAN_POINT('',(-0.32,-2.E-02,-1.5));
#5079 = VECTOR('',#5080,1.);
#5080 = DIRECTION('',(-5.476786982641E-17,-0.4472135955,0.894427191));
#5081 = ORIENTED_EDGE('',*,*,#5082,.T.);
#5082 = EDGE_CURVE('',#5075,#4781,#5083,.T.);
#5083 = LINE('',#5084,#5085);
#5084 = CARTESIAN_POINT('',(-0.32,-0.32,-0.9));
#5085 = VECTOR('',#5086,1.);
#5086 = DIRECTION('',(0.,0.,1.));
#5087 = ORIENTED_EDGE('',*,*,#4778,.F.);
#5088 = ORIENTED_EDGE('',*,*,#5089,.T.);
#5089 = EDGE_CURVE('',#4779,#5090,#5092,.T.);
#5090 = VERTEX_POINT('',#5091);
#5091 = CARTESIAN_POINT('',(-0.32,0.32,-0.9));
#5092 = LINE('',#5093,#5094);
#5093 = CARTESIAN_POINT('',(-0.32,0.32,6.5));
#5094 = VECTOR('',#5095,1.);
#5095 = DIRECTION('',(-0.,0.,-1.));
#5096 = ORIENTED_EDGE('',*,*,#5097,.T.);
#5097 = EDGE_CURVE('',#5090,#5098,#5100,.T.);
#5098 = VERTEX_POINT('',#5099);
#5099 = CARTESIAN_POINT('',(-0.32,0.62,-1.5));
#5100 = LINE('',#5101,#5102);
#5101 = CARTESIAN_POINT('',(-0.32,0.32,-0.9));
#5102 = VECTOR('',#5103,1.);
#5103 = DIRECTION('',(5.476786982641E-17,0.4472135955,-0.894427191));
#5104 = ORIENTED_EDGE('',*,*,#5105,.T.);
#5105 = EDGE_CURVE('',#5098,#5057,#5106,.T.);
#5106 = LINE('',#5107,#5108);
#5107 = CARTESIAN_POINT('',(-0.32,0.62,-1.5));
#5108 = VECTOR('',#5109,1.);
#5109 = DIRECTION('',(-1.909990663905E-17,-0.155962573473,
    -0.987762965329));
#5110 = PLANE('',#5111);
#5111 = AXIS2_PLACEMENT_3D('',#5112,#5113,#5114);
#5112 = CARTESIAN_POINT('',(-0.32,3.65940088399E-02,1.522832428212));
#5113 = DIRECTION('',(-1.,1.224646799147E-16,0.));
#5114 = DIRECTION('',(0.,0.,1.));
#5115 = ADVANCED_FACE('',(#5116),#5134,.F.);
#5116 = FACE_BOUND('',#5117,.F.);
#5117 = EDGE_LOOP('',(#5118,#5126,#5132,#5133));
#5118 = ORIENTED_EDGE('',*,*,#5119,.F.);
#5119 = EDGE_CURVE('',#5120,#4797,#5122,.T.);
#5120 = VERTEX_POINT('',#5121);
#5121 = CARTESIAN_POINT('',(0.32,-0.32,-0.9));
#5122 = LINE('',#5123,#5124);
#5123 = CARTESIAN_POINT('',(0.32,-0.32,-0.9));
#5124 = VECTOR('',#5125,1.);
#5125 = DIRECTION('',(0.,0.,1.));
#5126 = ORIENTED_EDGE('',*,*,#5127,.T.);
#5127 = EDGE_CURVE('',#5120,#5075,#5128,.T.);
#5128 = LINE('',#5129,#5130);
#5129 = CARTESIAN_POINT('',(0.32,-0.32,-0.9));
#5130 = VECTOR('',#5131,1.);
#5131 = DIRECTION('',(-1.,1.224646799147E-16,0.));
#5132 = ORIENTED_EDGE('',*,*,#5082,.T.);
#5133 = ORIENTED_EDGE('',*,*,#4804,.F.);
#5134 = PLANE('',#5135);
#5135 = AXIS2_PLACEMENT_3D('',#5136,#5137,#5138);
#5136 = CARTESIAN_POINT('',(0.32,-0.32,-0.9));
#5137 = DIRECTION('',(1.224646799147E-16,1.,0.));
#5138 = DIRECTION('',(0.,-0.,1.));
#5139 = ADVANCED_FACE('',(#5140),#5190,.F.);
#5140 = FACE_BOUND('',#5141,.F.);
#5141 = EDGE_LOOP('',(#5142,#5152,#5160,#5166,#5167,#5168,#5176,#5184));
#5142 = ORIENTED_EDGE('',*,*,#5143,.T.);
#5143 = EDGE_CURVE('',#5144,#5146,#5148,.T.);
#5144 = VERTEX_POINT('',#5145);
#5145 = CARTESIAN_POINT('',(0.32,0.351578947368,-3.2));
#5146 = VERTEX_POINT('',#5147);
#5147 = CARTESIAN_POINT('',(0.32,-0.288421052632,-3.2));
#5148 = LINE('',#5149,#5150);
#5149 = CARTESIAN_POINT('',(0.32,0.32,-3.2));
#5150 = VECTOR('',#5151,1.);
#5151 = DIRECTION('',(-1.224646799147E-16,-1.,0.));
#5152 = ORIENTED_EDGE('',*,*,#5153,.T.);
#5153 = EDGE_CURVE('',#5146,#5154,#5156,.T.);
#5154 = VERTEX_POINT('',#5155);
#5155 = CARTESIAN_POINT('',(0.32,-2.E-02,-1.5));
#5156 = LINE('',#5157,#5158);
#5157 = CARTESIAN_POINT('',(0.32,-0.32,-3.4));
#5158 = VECTOR('',#5159,1.);
#5159 = DIRECTION('',(1.909990663905E-17,0.155962573473,0.987762965329)
  );
#5160 = ORIENTED_EDGE('',*,*,#5161,.T.);
#5161 = EDGE_CURVE('',#5154,#5120,#5162,.T.);
#5162 = LINE('',#5163,#5164);
#5163 = CARTESIAN_POINT('',(0.32,-2.E-02,-1.5));
#5164 = VECTOR('',#5165,1.);
#5165 = DIRECTION('',(-5.476786982641E-17,-0.4472135955,0.894427191));
#5166 = ORIENTED_EDGE('',*,*,#5119,.T.);
#5167 = ORIENTED_EDGE('',*,*,#4796,.F.);
#5168 = ORIENTED_EDGE('',*,*,#5169,.T.);
#5169 = EDGE_CURVE('',#4789,#5170,#5172,.T.);
#5170 = VERTEX_POINT('',#5171);
#5171 = CARTESIAN_POINT('',(0.32,0.32,-0.9));
#5172 = LINE('',#5173,#5174);
#5173 = CARTESIAN_POINT('',(0.32,0.32,6.5));
#5174 = VECTOR('',#5175,1.);
#5175 = DIRECTION('',(-0.,0.,-1.));
#5176 = ORIENTED_EDGE('',*,*,#5177,.T.);
#5177 = EDGE_CURVE('',#5170,#5178,#5180,.T.);
#5178 = VERTEX_POINT('',#5179);
#5179 = CARTESIAN_POINT('',(0.32,0.62,-1.5));
#5180 = LINE('',#5181,#5182);
#5181 = CARTESIAN_POINT('',(0.32,0.32,-0.9));
#5182 = VECTOR('',#5183,1.);
#5183 = DIRECTION('',(5.476786982641E-17,0.4472135955,-0.894427191));
#5184 = ORIENTED_EDGE('',*,*,#5185,.T.);
#5185 = EDGE_CURVE('',#5178,#5144,#5186,.T.);
#5186 = LINE('',#5187,#5188);
#5187 = CARTESIAN_POINT('',(0.32,0.62,-1.5));
#5188 = VECTOR('',#5189,1.);
#5189 = DIRECTION('',(-1.909990663905E-17,-0.155962573473,
    -0.987762965329));
#5190 = PLANE('',#5191);
#5191 = AXIS2_PLACEMENT_3D('',#5192,#5193,#5194);
#5192 = CARTESIAN_POINT('',(0.32,3.65940088399E-02,1.522832428212));
#5193 = DIRECTION('',(-1.,1.224646799147E-16,0.));
#5194 = DIRECTION('',(0.,0.,1.));
#5195 = ADVANCED_FACE('',(#5196),#5207,.F.);
#5196 = FACE_BOUND('',#5197,.F.);
#5197 = EDGE_LOOP('',(#5198,#5199,#5200,#5201));
#5198 = ORIENTED_EDGE('',*,*,#5169,.F.);
#5199 = ORIENTED_EDGE('',*,*,#4788,.F.);
#5200 = ORIENTED_EDGE('',*,*,#5089,.T.);
#5201 = ORIENTED_EDGE('',*,*,#5202,.F.);
#5202 = EDGE_CURVE('',#5170,#5090,#5203,.T.);
#5203 = LINE('',#5204,#5205);
#5204 = CARTESIAN_POINT('',(0.32,0.32,-0.9));
#5205 = VECTOR('',#5206,1.);
#5206 = DIRECTION('',(-1.,1.224646799147E-16,0.));
#5207 = PLANE('',#5208);
#5208 = AXIS2_PLACEMENT_3D('',#5209,#5210,#5211);
#5209 = CARTESIAN_POINT('',(0.32,0.32,6.5));
#5210 = DIRECTION('',(-1.224646799147E-16,-1.,0.));
#5211 = DIRECTION('',(-0.,0.,-1.));
#5212 = ADVANCED_FACE('',(#5213),#5270,.T.);
#5213 = FACE_BOUND('',#5214,.T.);
#5214 = EDGE_LOOP('',(#5215,#5225,#5233,#5241,#5247,#5248,#5256,#5264));
#5215 = ORIENTED_EDGE('',*,*,#5216,.T.);
#5216 = EDGE_CURVE('',#5217,#5219,#5221,.T.);
#5217 = VERTEX_POINT('',#5218);
#5218 = CARTESIAN_POINT('',(2.18,0.351578947368,-3.2));
#5219 = VERTEX_POINT('',#5220);
#5220 = CARTESIAN_POINT('',(2.18,-0.288421052632,-3.2));
#5221 = LINE('',#5222,#5223);
#5222 = CARTESIAN_POINT('',(2.18,0.32,-3.2));
#5223 = VECTOR('',#5224,1.);
#5224 = DIRECTION('',(-1.224646799147E-16,-1.,0.));
#5225 = ORIENTED_EDGE('',*,*,#5226,.T.);
#5226 = EDGE_CURVE('',#5219,#5227,#5229,.T.);
#5227 = VERTEX_POINT('',#5228);
#5228 = CARTESIAN_POINT('',(2.18,-2.E-02,-1.5));
#5229 = LINE('',#5230,#5231);
#5230 = CARTESIAN_POINT('',(2.18,-0.32,-3.4));
#5231 = VECTOR('',#5232,1.);
#5232 = DIRECTION('',(1.909990663905E-17,0.155962573473,0.987762965329)
  );
#5233 = ORIENTED_EDGE('',*,*,#5234,.T.);
#5234 = EDGE_CURVE('',#5227,#5235,#5237,.T.);
#5235 = VERTEX_POINT('',#5236);
#5236 = CARTESIAN_POINT('',(2.18,-0.32,-0.9));
#5237 = LINE('',#5238,#5239);
#5238 = CARTESIAN_POINT('',(2.18,-2.E-02,-1.5));
#5239 = VECTOR('',#5240,1.);
#5240 = DIRECTION('',(-5.476786982641E-17,-0.4472135955,0.894427191));
#5241 = ORIENTED_EDGE('',*,*,#5242,.T.);
#5242 = EDGE_CURVE('',#5235,#4827,#5243,.T.);
#5243 = LINE('',#5244,#5245);
#5244 = CARTESIAN_POINT('',(2.18,-0.32,-0.9));
#5245 = VECTOR('',#5246,1.);
#5246 = DIRECTION('',(0.,0.,1.));
#5247 = ORIENTED_EDGE('',*,*,#4824,.F.);
#5248 = ORIENTED_EDGE('',*,*,#5249,.T.);
#5249 = EDGE_CURVE('',#4825,#5250,#5252,.T.);
#5250 = VERTEX_POINT('',#5251);
#5251 = CARTESIAN_POINT('',(2.18,0.32,-0.9));
#5252 = LINE('',#5253,#5254);
#5253 = CARTESIAN_POINT('',(2.18,0.32,6.5));
#5254 = VECTOR('',#5255,1.);
#5255 = DIRECTION('',(-0.,0.,-1.));
#5256 = ORIENTED_EDGE('',*,*,#5257,.T.);
#5257 = EDGE_CURVE('',#5250,#5258,#5260,.T.);
#5258 = VERTEX_POINT('',#5259);
#5259 = CARTESIAN_POINT('',(2.18,0.62,-1.5));
#5260 = LINE('',#5261,#5262);
#5261 = CARTESIAN_POINT('',(2.18,0.32,-0.9));
#5262 = VECTOR('',#5263,1.);
#5263 = DIRECTION('',(5.476786982641E-17,0.4472135955,-0.894427191));
#5264 = ORIENTED_EDGE('',*,*,#5265,.T.);
#5265 = EDGE_CURVE('',#5258,#5217,#5266,.T.);
#5266 = LINE('',#5267,#5268);
#5267 = CARTESIAN_POINT('',(2.18,0.62,-1.5));
#5268 = VECTOR('',#5269,1.);
#5269 = DIRECTION('',(-1.909990663905E-17,-0.155962573473,
    -0.987762965329));
#5270 = PLANE('',#5271);
#5271 = AXIS2_PLACEMENT_3D('',#5272,#5273,#5274);
#5272 = CARTESIAN_POINT('',(2.18,3.65940088399E-02,1.522832428212));
#5273 = DIRECTION('',(-1.,1.224646799147E-16,0.));
#5274 = DIRECTION('',(0.,0.,1.));
#5275 = ADVANCED_FACE('',(#5276),#5294,.F.);
#5276 = FACE_BOUND('',#5277,.F.);
#5277 = EDGE_LOOP('',(#5278,#5286,#5292,#5293));
#5278 = ORIENTED_EDGE('',*,*,#5279,.F.);
#5279 = EDGE_CURVE('',#5280,#4843,#5282,.T.);
#5280 = VERTEX_POINT('',#5281);
#5281 = CARTESIAN_POINT('',(2.82,-0.32,-0.9));
#5282 = LINE('',#5283,#5284);
#5283 = CARTESIAN_POINT('',(2.82,-0.32,-0.9));
#5284 = VECTOR('',#5285,1.);
#5285 = DIRECTION('',(0.,0.,1.));
#5286 = ORIENTED_EDGE('',*,*,#5287,.T.);
#5287 = EDGE_CURVE('',#5280,#5235,#5288,.T.);
#5288 = LINE('',#5289,#5290);
#5289 = CARTESIAN_POINT('',(2.82,-0.32,-0.9));
#5290 = VECTOR('',#5291,1.);
#5291 = DIRECTION('',(-1.,1.224646799147E-16,0.));
#5292 = ORIENTED_EDGE('',*,*,#5242,.T.);
#5293 = ORIENTED_EDGE('',*,*,#4850,.F.);
#5294 = PLANE('',#5295);
#5295 = AXIS2_PLACEMENT_3D('',#5296,#5297,#5298);
#5296 = CARTESIAN_POINT('',(2.82,-0.32,-0.9));
#5297 = DIRECTION('',(1.224646799147E-16,1.,0.));
#5298 = DIRECTION('',(0.,-0.,1.));
#5299 = ADVANCED_FACE('',(#5300),#5350,.F.);
#5300 = FACE_BOUND('',#5301,.F.);
#5301 = EDGE_LOOP('',(#5302,#5312,#5320,#5326,#5327,#5328,#5336,#5344));
#5302 = ORIENTED_EDGE('',*,*,#5303,.T.);
#5303 = EDGE_CURVE('',#5304,#5306,#5308,.T.);
#5304 = VERTEX_POINT('',#5305);
#5305 = CARTESIAN_POINT('',(2.82,0.351578947368,-3.2));
#5306 = VERTEX_POINT('',#5307);
#5307 = CARTESIAN_POINT('',(2.82,-0.288421052632,-3.2));
#5308 = LINE('',#5309,#5310);
#5309 = CARTESIAN_POINT('',(2.82,0.32,-3.2));
#5310 = VECTOR('',#5311,1.);
#5311 = DIRECTION('',(-1.224646799147E-16,-1.,0.));
#5312 = ORIENTED_EDGE('',*,*,#5313,.T.);
#5313 = EDGE_CURVE('',#5306,#5314,#5316,.T.);
#5314 = VERTEX_POINT('',#5315);
#5315 = CARTESIAN_POINT('',(2.82,-2.E-02,-1.5));
#5316 = LINE('',#5317,#5318);
#5317 = CARTESIAN_POINT('',(2.82,-0.32,-3.4));
#5318 = VECTOR('',#5319,1.);
#5319 = DIRECTION('',(1.909990663905E-17,0.155962573473,0.987762965329)
  );
#5320 = ORIENTED_EDGE('',*,*,#5321,.T.);
#5321 = EDGE_CURVE('',#5314,#5280,#5322,.T.);
#5322 = LINE('',#5323,#5324);
#5323 = CARTESIAN_POINT('',(2.82,-2.E-02,-1.5));
#5324 = VECTOR('',#5325,1.);
#5325 = DIRECTION('',(-5.476786982641E-17,-0.4472135955,0.894427191));
#5326 = ORIENTED_EDGE('',*,*,#5279,.T.);
#5327 = ORIENTED_EDGE('',*,*,#4842,.F.);
#5328 = ORIENTED_EDGE('',*,*,#5329,.T.);
#5329 = EDGE_CURVE('',#4835,#5330,#5332,.T.);
#5330 = VERTEX_POINT('',#5331);
#5331 = CARTESIAN_POINT('',(2.82,0.32,-0.9));
#5332 = LINE('',#5333,#5334);
#5333 = CARTESIAN_POINT('',(2.82,0.32,6.5));
#5334 = VECTOR('',#5335,1.);
#5335 = DIRECTION('',(-0.,0.,-1.));
#5336 = ORIENTED_EDGE('',*,*,#5337,.T.);
#5337 = EDGE_CURVE('',#5330,#5338,#5340,.T.);
#5338 = VERTEX_POINT('',#5339);
#5339 = CARTESIAN_POINT('',(2.82,0.62,-1.5));
#5340 = LINE('',#5341,#5342);
#5341 = CARTESIAN_POINT('',(2.82,0.32,-0.9));
#5342 = VECTOR('',#5343,1.);
#5343 = DIRECTION('',(5.476786982641E-17,0.4472135955,-0.894427191));
#5344 = ORIENTED_EDGE('',*,*,#5345,.T.);
#5345 = EDGE_CURVE('',#5338,#5304,#5346,.T.);
#5346 = LINE('',#5347,#5348);
#5347 = CARTESIAN_POINT('',(2.82,0.62,-1.5));
#5348 = VECTOR('',#5349,1.);
#5349 = DIRECTION('',(-1.909990663905E-17,-0.155962573473,
    -0.987762965329));
#5350 = PLANE('',#5351);
#5351 = AXIS2_PLACEMENT_3D('',#5352,#5353,#5354);
#5352 = CARTESIAN_POINT('',(2.82,3.65940088399E-02,1.522832428212));
#5353 = DIRECTION('',(-1.,1.224646799147E-16,0.));
#5354 = DIRECTION('',(0.,0.,1.));
#5355 = ADVANCED_FACE('',(#5356),#5367,.F.);
#5356 = FACE_BOUND('',#5357,.F.);
#5357 = EDGE_LOOP('',(#5358,#5359,#5360,#5361));
#5358 = ORIENTED_EDGE('',*,*,#5329,.F.);
#5359 = ORIENTED_EDGE('',*,*,#4834,.F.);
#5360 = ORIENTED_EDGE('',*,*,#5249,.T.);
#5361 = ORIENTED_EDGE('',*,*,#5362,.F.);
#5362 = EDGE_CURVE('',#5330,#5250,#5363,.T.);
#5363 = LINE('',#5364,#5365);
#5364 = CARTESIAN_POINT('',(2.82,0.32,-0.9));
#5365 = VECTOR('',#5366,1.);
#5366 = DIRECTION('',(-1.,1.224646799147E-16,0.));
#5367 = PLANE('',#5368);
#5368 = AXIS2_PLACEMENT_3D('',#5369,#5370,#5371);
#5369 = CARTESIAN_POINT('',(2.82,0.32,6.5));
#5370 = DIRECTION('',(-1.224646799147E-16,-1.,0.));
#5371 = DIRECTION('',(-0.,0.,-1.));
#5372 = ADVANCED_FACE('',(#5373),#5398,.F.);
#5373 = FACE_BOUND('',#5374,.T.);
#5374 = EDGE_LOOP('',(#5375,#5383,#5391,#5397));
#5375 = ORIENTED_EDGE('',*,*,#5376,.F.);
#5376 = EDGE_CURVE('',#5377,#4866,#5379,.T.);
#5377 = VERTEX_POINT('',#5378);
#5378 = CARTESIAN_POINT('',(-0.12,-0.12,6.5));
#5379 = LINE('',#5380,#5381);
#5380 = CARTESIAN_POINT('',(-0.146666666667,-0.146666666667,
    6.473333333333));
#5381 = VECTOR('',#5382,1.);
#5382 = DIRECTION('',(-0.57735026919,-0.57735026919,-0.57735026919));
#5383 = ORIENTED_EDGE('',*,*,#5384,.T.);
#5384 = EDGE_CURVE('',#5377,#5385,#5387,.T.);
#5385 = VERTEX_POINT('',#5386);
#5386 = CARTESIAN_POINT('',(-0.12,0.12,6.5));
#5387 = LINE('',#5388,#5389);
#5388 = CARTESIAN_POINT('',(-0.12,-0.32,6.5));
#5389 = VECTOR('',#5390,1.);
#5390 = DIRECTION('',(1.224646799147E-16,1.,0.));
#5391 = ORIENTED_EDGE('',*,*,#5392,.T.);
#5392 = EDGE_CURVE('',#5385,#4874,#5393,.T.);
#5393 = LINE('',#5394,#5395);
#5394 = CARTESIAN_POINT('',(-4.E-02,4.E-02,6.58));
#5395 = VECTOR('',#5396,1.);
#5396 = DIRECTION('',(-0.57735026919,0.57735026919,-0.57735026919));
#5397 = ORIENTED_EDGE('',*,*,#4873,.F.);
#5398 = PLANE('',#5399);
#5399 = AXIS2_PLACEMENT_3D('',#5400,#5401,#5402);
#5400 = CARTESIAN_POINT('',(-0.22,-0.32,6.4));
#5401 = DIRECTION('',(0.707106781187,-8.486018839685E-17,-0.707106781187
    ));
#5402 = DIRECTION('',(-1.212375546256E-16,-1.,-1.227125289196E-18));
#5403 = ADVANCED_FACE('',(#5404),#5422,.T.);
#5404 = FACE_BOUND('',#5405,.F.);
#5405 = EDGE_LOOP('',(#5406,#5414,#5415,#5416));
#5406 = ORIENTED_EDGE('',*,*,#5407,.T.);
#5407 = EDGE_CURVE('',#5408,#4896,#5410,.T.);
#5408 = VERTEX_POINT('',#5409);
#5409 = CARTESIAN_POINT('',(0.12,-0.12,6.5));
#5410 = LINE('',#5411,#5412);
#5411 = CARTESIAN_POINT('',(0.253333333333,-0.253333333333,
    6.366666666667));
#5412 = VECTOR('',#5413,1.);
#5413 = DIRECTION('',(0.57735026919,-0.57735026919,-0.57735026919));
#5414 = ORIENTED_EDGE('',*,*,#4905,.T.);
#5415 = ORIENTED_EDGE('',*,*,#5376,.F.);
#5416 = ORIENTED_EDGE('',*,*,#5417,.F.);
#5417 = EDGE_CURVE('',#5408,#5377,#5418,.T.);
#5418 = LINE('',#5419,#5420);
#5419 = CARTESIAN_POINT('',(0.32,-0.12,6.5));
#5420 = VECTOR('',#5421,1.);
#5421 = DIRECTION('',(-1.,1.224646799147E-16,0.));
#5422 = PLANE('',#5423);
#5423 = AXIS2_PLACEMENT_3D('',#5424,#5425,#5426);
#5424 = CARTESIAN_POINT('',(0.32,-0.22,6.4));
#5425 = DIRECTION('',(-8.833102285013E-17,-0.707106781187,0.707106781187
    ));
#5426 = DIRECTION('',(1.,-1.236918052038E-16,1.227125289097E-18));
#5427 = ADVANCED_FACE('',(#5428),#5446,.T.);
#5428 = FACE_BOUND('',#5429,.F.);
#5429 = EDGE_LOOP('',(#5430,#5431,#5439,#5445));
#5430 = ORIENTED_EDGE('',*,*,#5407,.F.);
#5431 = ORIENTED_EDGE('',*,*,#5432,.T.);
#5432 = EDGE_CURVE('',#5408,#5433,#5435,.T.);
#5433 = VERTEX_POINT('',#5434);
#5434 = CARTESIAN_POINT('',(0.12,0.12,6.5));
#5435 = LINE('',#5436,#5437);
#5436 = CARTESIAN_POINT('',(0.12,-0.32,6.5));
#5437 = VECTOR('',#5438,1.);
#5438 = DIRECTION('',(1.224646799147E-16,1.,0.));
#5439 = ORIENTED_EDGE('',*,*,#5440,.T.);
#5440 = EDGE_CURVE('',#5433,#4922,#5441,.T.);
#5441 = LINE('',#5442,#5443);
#5442 = CARTESIAN_POINT('',(0.146666666667,0.146666666667,6.473333333333
    ));
#5443 = VECTOR('',#5444,1.);
#5444 = DIRECTION('',(0.57735026919,0.57735026919,-0.57735026919));
#5445 = ORIENTED_EDGE('',*,*,#4921,.F.);
#5446 = PLANE('',#5447);
#5447 = AXIS2_PLACEMENT_3D('',#5448,#5449,#5450);
#5448 = CARTESIAN_POINT('',(0.22,-0.32,6.4));
#5449 = DIRECTION('',(0.707106781187,-8.833102285013E-17,0.707106781187)
  );
#5450 = DIRECTION('',(-1.236918052038E-16,-1.,-1.227125289097E-18));
#5451 = ADVANCED_FACE('',(#5452),#5463,.T.);
#5452 = FACE_BOUND('',#5453,.F.);
#5453 = EDGE_LOOP('',(#5454,#5455,#5461,#5462));
#5454 = ORIENTED_EDGE('',*,*,#5440,.F.);
#5455 = ORIENTED_EDGE('',*,*,#5456,.T.);
#5456 = EDGE_CURVE('',#5433,#5385,#5457,.T.);
#5457 = LINE('',#5458,#5459);
#5458 = CARTESIAN_POINT('',(0.32,0.12,6.5));
#5459 = VECTOR('',#5460,1.);
#5460 = DIRECTION('',(-1.,1.224646799147E-16,0.));
#5461 = ORIENTED_EDGE('',*,*,#5392,.T.);
#5462 = ORIENTED_EDGE('',*,*,#4944,.F.);
#5463 = PLANE('',#5464);
#5464 = AXIS2_PLACEMENT_3D('',#5465,#5466,#5467);
#5465 = CARTESIAN_POINT('',(0.32,0.22,6.4));
#5466 = DIRECTION('',(8.833102285013E-17,0.707106781187,0.707106781187)
  );
#5467 = DIRECTION('',(1.,-1.236918052038E-16,-1.227125289097E-18));
#5468 = ADVANCED_FACE('',(#5469),#5494,.F.);
#5469 = FACE_BOUND('',#5470,.T.);
#5470 = EDGE_LOOP('',(#5471,#5479,#5487,#5493));
#5471 = ORIENTED_EDGE('',*,*,#5472,.F.);
#5472 = EDGE_CURVE('',#5473,#4962,#5475,.T.);
#5473 = VERTEX_POINT('',#5474);
#5474 = CARTESIAN_POINT('',(2.38,-0.12,6.5));
#5475 = LINE('',#5476,#5477);
#5476 = CARTESIAN_POINT('',(2.353333333333,-0.146666666667,
    6.473333333333));
#5477 = VECTOR('',#5478,1.);
#5478 = DIRECTION('',(-0.57735026919,-0.57735026919,-0.57735026919));
#5479 = ORIENTED_EDGE('',*,*,#5480,.T.);
#5480 = EDGE_CURVE('',#5473,#5481,#5483,.T.);
#5481 = VERTEX_POINT('',#5482);
#5482 = CARTESIAN_POINT('',(2.38,0.12,6.5));
#5483 = LINE('',#5484,#5485);
#5484 = CARTESIAN_POINT('',(2.38,-0.32,6.5));
#5485 = VECTOR('',#5486,1.);
#5486 = DIRECTION('',(1.224646799147E-16,1.,0.));
#5487 = ORIENTED_EDGE('',*,*,#5488,.T.);
#5488 = EDGE_CURVE('',#5481,#4970,#5489,.T.);
#5489 = LINE('',#5490,#5491);
#5490 = CARTESIAN_POINT('',(2.46,4.E-02,6.58));
#5491 = VECTOR('',#5492,1.);
#5492 = DIRECTION('',(-0.57735026919,0.57735026919,-0.57735026919));
#5493 = ORIENTED_EDGE('',*,*,#4969,.F.);
#5494 = PLANE('',#5495);
#5495 = AXIS2_PLACEMENT_3D('',#5496,#5497,#5498);
#5496 = CARTESIAN_POINT('',(2.28,-0.32,6.4));
#5497 = DIRECTION('',(0.707106781187,-8.486018839685E-17,-0.707106781187
    ));
#5498 = DIRECTION('',(-1.212375546256E-16,-1.,-1.227125289196E-18));
#5499 = ADVANCED_FACE('',(#5500),#5518,.T.);
#5500 = FACE_BOUND('',#5501,.F.);
#5501 = EDGE_LOOP('',(#5502,#5510,#5511,#5512));
#5502 = ORIENTED_EDGE('',*,*,#5503,.T.);
#5503 = EDGE_CURVE('',#5504,#4992,#5506,.T.);
#5504 = VERTEX_POINT('',#5505);
#5505 = CARTESIAN_POINT('',(2.62,-0.12,6.5));
#5506 = LINE('',#5507,#5508);
#5507 = CARTESIAN_POINT('',(2.753333333333,-0.253333333333,
    6.366666666667));
#5508 = VECTOR('',#5509,1.);
#5509 = DIRECTION('',(0.57735026919,-0.57735026919,-0.57735026919));
#5510 = ORIENTED_EDGE('',*,*,#5001,.T.);
#5511 = ORIENTED_EDGE('',*,*,#5472,.F.);
#5512 = ORIENTED_EDGE('',*,*,#5513,.F.);
#5513 = EDGE_CURVE('',#5504,#5473,#5514,.T.);
#5514 = LINE('',#5515,#5516);
#5515 = CARTESIAN_POINT('',(2.82,-0.12,6.5));
#5516 = VECTOR('',#5517,1.);
#5517 = DIRECTION('',(-1.,1.224646799147E-16,0.));
#5518 = PLANE('',#5519);
#5519 = AXIS2_PLACEMENT_3D('',#5520,#5521,#5522);
#5520 = CARTESIAN_POINT('',(2.82,-0.22,6.4));
#5521 = DIRECTION('',(-8.833102285013E-17,-0.707106781187,0.707106781187
    ));
#5522 = DIRECTION('',(1.,-1.236918052038E-16,1.227125289097E-18));
#5523 = ADVANCED_FACE('',(#5524),#5542,.T.);
#5524 = FACE_BOUND('',#5525,.F.);
#5525 = EDGE_LOOP('',(#5526,#5527,#5535,#5541));
#5526 = ORIENTED_EDGE('',*,*,#5503,.F.);
#5527 = ORIENTED_EDGE('',*,*,#5528,.T.);
#5528 = EDGE_CURVE('',#5504,#5529,#5531,.T.);
#5529 = VERTEX_POINT('',#5530);
#5530 = CARTESIAN_POINT('',(2.62,0.12,6.5));
#5531 = LINE('',#5532,#5533);
#5532 = CARTESIAN_POINT('',(2.62,-0.32,6.5));
#5533 = VECTOR('',#5534,1.);
#5534 = DIRECTION('',(1.224646799147E-16,1.,0.));
#5535 = ORIENTED_EDGE('',*,*,#5536,.T.);
#5536 = EDGE_CURVE('',#5529,#5018,#5537,.T.);
#5537 = LINE('',#5538,#5539);
#5538 = CARTESIAN_POINT('',(2.646666666667,0.146666666667,6.473333333333
    ));
#5539 = VECTOR('',#5540,1.);
#5540 = DIRECTION('',(0.57735026919,0.57735026919,-0.57735026919));
#5541 = ORIENTED_EDGE('',*,*,#5017,.F.);
#5542 = PLANE('',#5543);
#5543 = AXIS2_PLACEMENT_3D('',#5544,#5545,#5546);
#5544 = CARTESIAN_POINT('',(2.72,-0.32,6.4));
#5545 = DIRECTION('',(0.707106781187,-8.833102285013E-17,0.707106781187)
  );
#5546 = DIRECTION('',(-1.236918052038E-16,-1.,-1.227125289097E-18));
#5547 = ADVANCED_FACE('',(#5548),#5559,.T.);
#5548 = FACE_BOUND('',#5549,.F.);
#5549 = EDGE_LOOP('',(#5550,#5551,#5557,#5558));
#5550 = ORIENTED_EDGE('',*,*,#5536,.F.);
#5551 = ORIENTED_EDGE('',*,*,#5552,.T.);
#5552 = EDGE_CURVE('',#5529,#5481,#5553,.T.);
#5553 = LINE('',#5554,#5555);
#5554 = CARTESIAN_POINT('',(2.82,0.12,6.5));
#5555 = VECTOR('',#5556,1.);
#5556 = DIRECTION('',(-1.,1.224646799147E-16,0.));
#5557 = ORIENTED_EDGE('',*,*,#5488,.T.);
#5558 = ORIENTED_EDGE('',*,*,#5040,.F.);
#5559 = PLANE('',#5560);
#5560 = AXIS2_PLACEMENT_3D('',#5561,#5562,#5563);
#5561 = CARTESIAN_POINT('',(2.82,0.22,6.4));
#5562 = DIRECTION('',(8.833102285013E-17,0.707106781187,0.707106781187)
  );
#5563 = DIRECTION('',(1.,-1.236918052038E-16,-1.227125289097E-18));
#5564 = ADVANCED_FACE('',(#5565),#5606,.F.);
#5565 = FACE_BOUND('',#5566,.T.);
#5566 = EDGE_LOOP('',(#5567,#5577,#5583,#5584,#5592,#5600));
#5567 = ORIENTED_EDGE('',*,*,#5568,.T.);
#5568 = EDGE_CURVE('',#5569,#5571,#5573,.T.);
#5569 = VERTEX_POINT('',#5570);
#5570 = CARTESIAN_POINT('',(-0.12,-0.12,-3.4));
#5571 = VERTEX_POINT('',#5572);
#5572 = CARTESIAN_POINT('',(-0.317552593066,-0.288807485305,
    -3.202447406934));
#5573 = LINE('',#5574,#5575);
#5574 = CARTESIAN_POINT('',(-3.848855660758E-02,-5.034896900541E-02,
    -3.481511443392));
#5575 = VECTOR('',#5576,1.);
#5576 = DIRECTION('',(-0.605209817607,-0.517148096144,0.605209817607));
#5577 = ORIENTED_EDGE('',*,*,#5578,.T.);
#5578 = EDGE_CURVE('',#5571,#5059,#5579,.T.);
#5579 = LINE('',#5580,#5581);
#5580 = CARTESIAN_POINT('',(-8.569083447332E-02,-0.325417236662,
    -3.434309165527));
#5581 = VECTOR('',#5582,1.);
#5582 = DIRECTION('',(-0.702740385383,0.110959008218,0.702740385383));
#5583 = ORIENTED_EDGE('',*,*,#5056,.F.);
#5584 = ORIENTED_EDGE('',*,*,#5585,.F.);
#5585 = EDGE_CURVE('',#5586,#5057,#5588,.T.);
#5586 = VERTEX_POINT('',#5587);
#5587 = CARTESIAN_POINT('',(-0.317552593066,0.351192514695,
    -3.202447406934));
#5588 = LINE('',#5589,#5590);
#5589 = CARTESIAN_POINT('',(-0.541586867305,0.386566347469,
    -2.978413132695));
#5590 = VECTOR('',#5591,1.);
#5591 = DIRECTION('',(-0.702740385383,0.110959008218,0.702740385383));
#5592 = ORIENTED_EDGE('',*,*,#5593,.F.);
#5593 = EDGE_CURVE('',#5594,#5586,#5596,.T.);
#5594 = VERTEX_POINT('',#5595);
#5595 = CARTESIAN_POINT('',(-0.12,0.12,-3.4));
#5596 = LINE('',#5597,#5598);
#5597 = CARTESIAN_POINT('',(-0.153849098111,0.159613036666,
    -3.366150901889));
#5598 = VECTOR('',#5599,1.);
#5599 = DIRECTION('',(-0.544770019249,0.63753529491,0.544770019249));
#5600 = ORIENTED_EDGE('',*,*,#5601,.T.);
#5601 = EDGE_CURVE('',#5594,#5569,#5602,.T.);
#5602 = LINE('',#5603,#5604);
#5603 = CARTESIAN_POINT('',(-0.12,0.32,-3.4));
#5604 = VECTOR('',#5605,1.);
#5605 = DIRECTION('',(-1.224646799147E-16,-1.,0.));
#5606 = PLANE('',#5607);
#5607 = AXIS2_PLACEMENT_3D('',#5608,#5609,#5610);
#5608 = CARTESIAN_POINT('',(-0.22,0.32,-3.3));
#5609 = DIRECTION('',(0.707106781187,-8.833102285013E-17,0.707106781187)
  );
#5610 = DIRECTION('',(1.236918052038E-16,1.,1.227125289097E-18));
#5611 = ADVANCED_FACE('',(#5612),#5637,.F.);
#5612 = FACE_BOUND('',#5613,.F.);
#5613 = EDGE_LOOP('',(#5614,#5615,#5621,#5622,#5623,#5631));
#5614 = ORIENTED_EDGE('',*,*,#5185,.F.);
#5615 = ORIENTED_EDGE('',*,*,#5616,.T.);
#5616 = EDGE_CURVE('',#5178,#5098,#5617,.T.);
#5617 = LINE('',#5618,#5619);
#5618 = CARTESIAN_POINT('',(0.32,0.62,-1.5));
#5619 = VECTOR('',#5620,1.);
#5620 = DIRECTION('',(-1.,1.224646799147E-16,0.));
#5621 = ORIENTED_EDGE('',*,*,#5105,.T.);
#5622 = ORIENTED_EDGE('',*,*,#5585,.F.);
#5623 = ORIENTED_EDGE('',*,*,#5624,.F.);
#5624 = EDGE_CURVE('',#5625,#5586,#5627,.T.);
#5625 = VERTEX_POINT('',#5626);
#5626 = CARTESIAN_POINT('',(0.317552593066,0.351192514695,
    -3.202447406934));
#5627 = LINE('',#5628,#5629);
#5628 = CARTESIAN_POINT('',(0.32,0.351192514695,-3.202447406934));
#5629 = VECTOR('',#5630,1.);
#5630 = DIRECTION('',(-1.,1.224646799147E-16,0.));
#5631 = ORIENTED_EDGE('',*,*,#5632,.T.);
#5632 = EDGE_CURVE('',#5625,#5144,#5633,.T.);
#5633 = LINE('',#5634,#5635);
#5634 = CARTESIAN_POINT('',(0.699616963064,0.411518467852,
    -2.820383036936));
#5635 = VECTOR('',#5636,1.);
#5636 = DIRECTION('',(0.702740385383,0.110959008218,0.702740385383));
#5637 = PLANE('',#5638);
#5638 = AXIS2_PLACEMENT_3D('',#5639,#5640,#5641);
#5639 = CARTESIAN_POINT('',(0.32,0.62,-1.5));
#5640 = DIRECTION('',(-1.209660753807E-16,-0.987762965329,0.155962573473
    ));
#5641 = DIRECTION('',(-1.909990663905E-17,-0.155962573473,
    -0.987762965329));
#5642 = ADVANCED_FACE('',(#5643),#5649,.F.);
#5643 = FACE_BOUND('',#5644,.F.);
#5644 = EDGE_LOOP('',(#5645,#5646,#5647,#5648));
#5645 = ORIENTED_EDGE('',*,*,#5202,.T.);
#5646 = ORIENTED_EDGE('',*,*,#5097,.T.);
#5647 = ORIENTED_EDGE('',*,*,#5616,.F.);
#5648 = ORIENTED_EDGE('',*,*,#5177,.F.);
#5649 = PLANE('',#5650);
#5650 = AXIS2_PLACEMENT_3D('',#5651,#5652,#5653);
#5651 = CARTESIAN_POINT('',(0.32,0.32,-0.9));
#5652 = DIRECTION('',(-1.095357396528E-16,-0.894427191,-0.4472135955));
#5653 = DIRECTION('',(5.476786982641E-17,0.4472135955,-0.894427191));
#5654 = ADVANCED_FACE('',(#5655),#5666,.F.);
#5655 = FACE_BOUND('',#5656,.F.);
#5656 = EDGE_LOOP('',(#5657,#5663,#5664,#5665));
#5657 = ORIENTED_EDGE('',*,*,#5658,.T.);
#5658 = EDGE_CURVE('',#5154,#5067,#5659,.T.);
#5659 = LINE('',#5660,#5661);
#5660 = CARTESIAN_POINT('',(0.32,-2.E-02,-1.5));
#5661 = VECTOR('',#5662,1.);
#5662 = DIRECTION('',(-1.,1.224646799147E-16,0.));
#5663 = ORIENTED_EDGE('',*,*,#5074,.T.);
#5664 = ORIENTED_EDGE('',*,*,#5127,.F.);
#5665 = ORIENTED_EDGE('',*,*,#5161,.F.);
#5666 = PLANE('',#5667);
#5667 = AXIS2_PLACEMENT_3D('',#5668,#5669,#5670);
#5668 = CARTESIAN_POINT('',(0.32,-2.E-02,-1.5));
#5669 = DIRECTION('',(1.095357396528E-16,0.894427191,0.4472135955));
#5670 = DIRECTION('',(-5.476786982641E-17,-0.4472135955,0.894427191));
#5671 = ADVANCED_FACE('',(#5672),#5692,.F.);
#5672 = FACE_BOUND('',#5673,.F.);
#5673 = EDGE_LOOP('',(#5674,#5675,#5683,#5689,#5690,#5691));
#5674 = ORIENTED_EDGE('',*,*,#5153,.F.);
#5675 = ORIENTED_EDGE('',*,*,#5676,.F.);
#5676 = EDGE_CURVE('',#5677,#5146,#5679,.T.);
#5677 = VERTEX_POINT('',#5678);
#5678 = CARTESIAN_POINT('',(0.317552593066,-0.288807485305,
    -3.202447406934));
#5679 = LINE('',#5680,#5681);
#5680 = CARTESIAN_POINT('',(0.243720930233,-0.300465116279,
    -3.276279069767));
#5681 = VECTOR('',#5682,1.);
#5682 = DIRECTION('',(0.702740385383,0.110959008218,0.702740385383));
#5683 = ORIENTED_EDGE('',*,*,#5684,.T.);
#5684 = EDGE_CURVE('',#5677,#5571,#5685,.T.);
#5685 = LINE('',#5686,#5687);
#5686 = CARTESIAN_POINT('',(0.32,-0.288807485305,-3.202447406934));
#5687 = VECTOR('',#5688,1.);
#5688 = DIRECTION('',(-1.,1.224646799147E-16,0.));
#5689 = ORIENTED_EDGE('',*,*,#5578,.T.);
#5690 = ORIENTED_EDGE('',*,*,#5066,.T.);
#5691 = ORIENTED_EDGE('',*,*,#5658,.F.);
#5692 = PLANE('',#5693);
#5693 = AXIS2_PLACEMENT_3D('',#5694,#5695,#5696);
#5694 = CARTESIAN_POINT('',(0.32,-0.32,-3.4));
#5695 = DIRECTION('',(1.209660753807E-16,0.987762965329,-0.155962573473)
  );
#5696 = DIRECTION('',(1.909990663905E-17,0.155962573473,0.987762965329)
  );
#5697 = ADVANCED_FACE('',(#5698),#5725,.T.);
#5698 = FACE_BOUND('',#5699,.F.);
#5699 = EDGE_LOOP('',(#5700,#5708,#5709,#5710,#5711,#5719));
#5700 = ORIENTED_EDGE('',*,*,#5701,.T.);
#5701 = EDGE_CURVE('',#5702,#5677,#5704,.T.);
#5702 = VERTEX_POINT('',#5703);
#5703 = CARTESIAN_POINT('',(0.12,-0.12,-3.4));
#5704 = LINE('',#5705,#5706);
#5705 = CARTESIAN_POINT('',(0.155697812072,-0.150503562587,
    -3.364302187928));
#5706 = VECTOR('',#5707,1.);
#5707 = DIRECTION('',(0.605209817607,-0.517148096144,0.605209817607));
#5708 = ORIENTED_EDGE('',*,*,#5676,.T.);
#5709 = ORIENTED_EDGE('',*,*,#5143,.F.);
#5710 = ORIENTED_EDGE('',*,*,#5632,.F.);
#5711 = ORIENTED_EDGE('',*,*,#5712,.F.);
#5712 = EDGE_CURVE('',#5713,#5625,#5715,.T.);
#5713 = VERTEX_POINT('',#5714);
#5714 = CARTESIAN_POINT('',(0.12,0.12,-3.4));
#5715 = LINE('',#5716,#5717);
#5716 = CARTESIAN_POINT('',(0.24881689775,0.270752273427,-3.27118310225)
  );
#5717 = VECTOR('',#5718,1.);
#5718 = DIRECTION('',(0.544770019249,0.63753529491,0.544770019249));
#5719 = ORIENTED_EDGE('',*,*,#5720,.T.);
#5720 = EDGE_CURVE('',#5713,#5702,#5721,.T.);
#5721 = LINE('',#5722,#5723);
#5722 = CARTESIAN_POINT('',(0.12,0.32,-3.4));
#5723 = VECTOR('',#5724,1.);
#5724 = DIRECTION('',(-1.224646799147E-16,-1.,0.));
#5725 = PLANE('',#5726);
#5726 = AXIS2_PLACEMENT_3D('',#5727,#5728,#5729);
#5727 = CARTESIAN_POINT('',(0.22,0.32,-3.3));
#5728 = DIRECTION('',(0.707106781187,-8.486018839685E-17,-0.707106781187
    ));
#5729 = DIRECTION('',(1.212375546256E-16,1.,1.227125289196E-18));
#5730 = ADVANCED_FACE('',(#5731),#5772,.F.);
#5731 = FACE_BOUND('',#5732,.T.);
#5732 = EDGE_LOOP('',(#5733,#5743,#5749,#5750,#5758,#5766));
#5733 = ORIENTED_EDGE('',*,*,#5734,.T.);
#5734 = EDGE_CURVE('',#5735,#5737,#5739,.T.);
#5735 = VERTEX_POINT('',#5736);
#5736 = CARTESIAN_POINT('',(2.38,-0.12,-3.4));
#5737 = VERTEX_POINT('',#5738);
#5738 = CARTESIAN_POINT('',(2.182447406934,-0.288807485305,
    -3.202447406934));
#5739 = LINE('',#5740,#5741);
#5740 = CARTESIAN_POINT('',(2.461511443392,-5.034896900541E-02,
    -3.481511443392));
#5741 = VECTOR('',#5742,1.);
#5742 = DIRECTION('',(-0.605209817607,-0.517148096144,0.605209817607));
#5743 = ORIENTED_EDGE('',*,*,#5744,.T.);
#5744 = EDGE_CURVE('',#5737,#5219,#5745,.T.);
#5745 = LINE('',#5746,#5747);
#5746 = CARTESIAN_POINT('',(2.414309165527,-0.325417236662,
    -3.434309165527));
#5747 = VECTOR('',#5748,1.);
#5748 = DIRECTION('',(-0.702740385383,0.110959008218,0.702740385383));
#5749 = ORIENTED_EDGE('',*,*,#5216,.F.);
#5750 = ORIENTED_EDGE('',*,*,#5751,.F.);
#5751 = EDGE_CURVE('',#5752,#5217,#5754,.T.);
#5752 = VERTEX_POINT('',#5753);
#5753 = CARTESIAN_POINT('',(2.182447406934,0.351192514695,
    -3.202447406934));
#5754 = LINE('',#5755,#5756);
#5755 = CARTESIAN_POINT('',(1.958413132695,0.386566347469,
    -2.978413132695));
#5756 = VECTOR('',#5757,1.);
#5757 = DIRECTION('',(-0.702740385383,0.110959008218,0.702740385383));
#5758 = ORIENTED_EDGE('',*,*,#5759,.F.);
#5759 = EDGE_CURVE('',#5760,#5752,#5762,.T.);
#5760 = VERTEX_POINT('',#5761);
#5761 = CARTESIAN_POINT('',(2.38,0.12,-3.4));
#5762 = LINE('',#5763,#5764);
#5763 = CARTESIAN_POINT('',(2.346150901889,0.159613036666,
    -3.366150901889));
#5764 = VECTOR('',#5765,1.);
#5765 = DIRECTION('',(-0.544770019249,0.63753529491,0.544770019249));
#5766 = ORIENTED_EDGE('',*,*,#5767,.T.);
#5767 = EDGE_CURVE('',#5760,#5735,#5768,.T.);
#5768 = LINE('',#5769,#5770);
#5769 = CARTESIAN_POINT('',(2.38,0.32,-3.4));
#5770 = VECTOR('',#5771,1.);
#5771 = DIRECTION('',(-1.224646799147E-16,-1.,0.));
#5772 = PLANE('',#5773);
#5773 = AXIS2_PLACEMENT_3D('',#5774,#5775,#5776);
#5774 = CARTESIAN_POINT('',(2.28,0.32,-3.3));
#5775 = DIRECTION('',(0.707106781187,-8.833102285013E-17,0.707106781187)
  );
#5776 = DIRECTION('',(1.236918052038E-16,1.,1.227125289097E-18));
#5777 = ADVANCED_FACE('',(#5778),#5803,.F.);
#5778 = FACE_BOUND('',#5779,.F.);
#5779 = EDGE_LOOP('',(#5780,#5781,#5787,#5788,#5789,#5797));
#5780 = ORIENTED_EDGE('',*,*,#5345,.F.);
#5781 = ORIENTED_EDGE('',*,*,#5782,.T.);
#5782 = EDGE_CURVE('',#5338,#5258,#5783,.T.);
#5783 = LINE('',#5784,#5785);
#5784 = CARTESIAN_POINT('',(2.82,0.62,-1.5));
#5785 = VECTOR('',#5786,1.);
#5786 = DIRECTION('',(-1.,1.224646799147E-16,0.));
#5787 = ORIENTED_EDGE('',*,*,#5265,.T.);
#5788 = ORIENTED_EDGE('',*,*,#5751,.F.);
#5789 = ORIENTED_EDGE('',*,*,#5790,.F.);
#5790 = EDGE_CURVE('',#5791,#5752,#5793,.T.);
#5791 = VERTEX_POINT('',#5792);
#5792 = CARTESIAN_POINT('',(2.817552593066,0.351192514695,
    -3.202447406934));
#5793 = LINE('',#5794,#5795);
#5794 = CARTESIAN_POINT('',(2.82,0.351192514695,-3.202447406934));
#5795 = VECTOR('',#5796,1.);
#5796 = DIRECTION('',(-1.,1.224646799147E-16,0.));
#5797 = ORIENTED_EDGE('',*,*,#5798,.T.);
#5798 = EDGE_CURVE('',#5791,#5304,#5799,.T.);
#5799 = LINE('',#5800,#5801);
#5800 = CARTESIAN_POINT('',(3.199616963064,0.411518467852,
    -2.820383036936));
#5801 = VECTOR('',#5802,1.);
#5802 = DIRECTION('',(0.702740385383,0.110959008218,0.702740385383));
#5803 = PLANE('',#5804);
#5804 = AXIS2_PLACEMENT_3D('',#5805,#5806,#5807);
#5805 = CARTESIAN_POINT('',(2.82,0.62,-1.5));
#5806 = DIRECTION('',(-1.209660753807E-16,-0.987762965329,0.155962573473
    ));
#5807 = DIRECTION('',(-1.909990663905E-17,-0.155962573473,
    -0.987762965329));
#5808 = ADVANCED_FACE('',(#5809),#5815,.F.);
#5809 = FACE_BOUND('',#5810,.F.);
#5810 = EDGE_LOOP('',(#5811,#5812,#5813,#5814));
#5811 = ORIENTED_EDGE('',*,*,#5362,.T.);
#5812 = ORIENTED_EDGE('',*,*,#5257,.T.);
#5813 = ORIENTED_EDGE('',*,*,#5782,.F.);
#5814 = ORIENTED_EDGE('',*,*,#5337,.F.);
#5815 = PLANE('',#5816);
#5816 = AXIS2_PLACEMENT_3D('',#5817,#5818,#5819);
#5817 = CARTESIAN_POINT('',(2.82,0.32,-0.9));
#5818 = DIRECTION('',(-1.095357396528E-16,-0.894427191,-0.4472135955));
#5819 = DIRECTION('',(5.476786982641E-17,0.4472135955,-0.894427191));
#5820 = ADVANCED_FACE('',(#5821),#5832,.F.);
#5821 = FACE_BOUND('',#5822,.F.);
#5822 = EDGE_LOOP('',(#5823,#5829,#5830,#5831));
#5823 = ORIENTED_EDGE('',*,*,#5824,.T.);
#5824 = EDGE_CURVE('',#5314,#5227,#5825,.T.);
#5825 = LINE('',#5826,#5827);
#5826 = CARTESIAN_POINT('',(2.82,-2.E-02,-1.5));
#5827 = VECTOR('',#5828,1.);
#5828 = DIRECTION('',(-1.,1.224646799147E-16,0.));
#5829 = ORIENTED_EDGE('',*,*,#5234,.T.);
#5830 = ORIENTED_EDGE('',*,*,#5287,.F.);
#5831 = ORIENTED_EDGE('',*,*,#5321,.F.);
#5832 = PLANE('',#5833);
#5833 = AXIS2_PLACEMENT_3D('',#5834,#5835,#5836);
#5834 = CARTESIAN_POINT('',(2.82,-2.E-02,-1.5));
#5835 = DIRECTION('',(1.095357396528E-16,0.894427191,0.4472135955));
#5836 = DIRECTION('',(-5.476786982641E-17,-0.4472135955,0.894427191));
#5837 = ADVANCED_FACE('',(#5838),#5858,.F.);
#5838 = FACE_BOUND('',#5839,.F.);
#5839 = EDGE_LOOP('',(#5840,#5841,#5849,#5855,#5856,#5857));
#5840 = ORIENTED_EDGE('',*,*,#5313,.F.);
#5841 = ORIENTED_EDGE('',*,*,#5842,.F.);
#5842 = EDGE_CURVE('',#5843,#5306,#5845,.T.);
#5843 = VERTEX_POINT('',#5844);
#5844 = CARTESIAN_POINT('',(2.817552593066,-0.288807485305,
    -3.202447406934));
#5845 = LINE('',#5846,#5847);
#5846 = CARTESIAN_POINT('',(2.743720930233,-0.300465116279,
    -3.276279069767));
#5847 = VECTOR('',#5848,1.);
#5848 = DIRECTION('',(0.702740385383,0.110959008218,0.702740385383));
#5849 = ORIENTED_EDGE('',*,*,#5850,.T.);
#5850 = EDGE_CURVE('',#5843,#5737,#5851,.T.);
#5851 = LINE('',#5852,#5853);
#5852 = CARTESIAN_POINT('',(2.82,-0.288807485305,-3.202447406934));
#5853 = VECTOR('',#5854,1.);
#5854 = DIRECTION('',(-1.,1.224646799147E-16,0.));
#5855 = ORIENTED_EDGE('',*,*,#5744,.T.);
#5856 = ORIENTED_EDGE('',*,*,#5226,.T.);
#5857 = ORIENTED_EDGE('',*,*,#5824,.F.);
#5858 = PLANE('',#5859);
#5859 = AXIS2_PLACEMENT_3D('',#5860,#5861,#5862);
#5860 = CARTESIAN_POINT('',(2.82,-0.32,-3.4));
#5861 = DIRECTION('',(1.209660753807E-16,0.987762965329,-0.155962573473)
  );
#5862 = DIRECTION('',(1.909990663905E-17,0.155962573473,0.987762965329)
  );
#5863 = ADVANCED_FACE('',(#5864),#5891,.T.);
#5864 = FACE_BOUND('',#5865,.F.);
#5865 = EDGE_LOOP('',(#5866,#5874,#5875,#5876,#5877,#5885));
#5866 = ORIENTED_EDGE('',*,*,#5867,.T.);
#5867 = EDGE_CURVE('',#5868,#5843,#5870,.T.);
#5868 = VERTEX_POINT('',#5869);
#5869 = CARTESIAN_POINT('',(2.62,-0.12,-3.4));
#5870 = LINE('',#5871,#5872);
#5871 = CARTESIAN_POINT('',(2.655697812072,-0.150503562587,
    -3.364302187928));
#5872 = VECTOR('',#5873,1.);
#5873 = DIRECTION('',(0.605209817607,-0.517148096144,0.605209817607));
#5874 = ORIENTED_EDGE('',*,*,#5842,.T.);
#5875 = ORIENTED_EDGE('',*,*,#5303,.F.);
#5876 = ORIENTED_EDGE('',*,*,#5798,.F.);
#5877 = ORIENTED_EDGE('',*,*,#5878,.F.);
#5878 = EDGE_CURVE('',#5879,#5791,#5881,.T.);
#5879 = VERTEX_POINT('',#5880);
#5880 = CARTESIAN_POINT('',(2.62,0.12,-3.4));
#5881 = LINE('',#5882,#5883);
#5882 = CARTESIAN_POINT('',(2.74881689775,0.270752273427,-3.27118310225)
  );
#5883 = VECTOR('',#5884,1.);
#5884 = DIRECTION('',(0.544770019249,0.63753529491,0.544770019249));
#5885 = ORIENTED_EDGE('',*,*,#5886,.T.);
#5886 = EDGE_CURVE('',#5879,#5868,#5887,.T.);
#5887 = LINE('',#5888,#5889);
#5888 = CARTESIAN_POINT('',(2.62,0.32,-3.4));
#5889 = VECTOR('',#5890,1.);
#5890 = DIRECTION('',(-1.224646799147E-16,-1.,0.));
#5891 = PLANE('',#5892);
#5892 = AXIS2_PLACEMENT_3D('',#5893,#5894,#5895);
#5893 = CARTESIAN_POINT('',(2.72,0.32,-3.3));
#5894 = DIRECTION('',(0.707106781187,-8.486018839685E-17,-0.707106781187
    ));
#5895 = DIRECTION('',(1.212375546256E-16,1.,1.227125289196E-18));
#5896 = ADVANCED_FACE('',(#5897),#5903,.F.);
#5897 = FACE_BOUND('',#5898,.F.);
#5898 = EDGE_LOOP('',(#5899,#5900,#5901,#5902));
#5899 = ORIENTED_EDGE('',*,*,#5384,.T.);
#5900 = ORIENTED_EDGE('',*,*,#5456,.F.);
#5901 = ORIENTED_EDGE('',*,*,#5432,.F.);
#5902 = ORIENTED_EDGE('',*,*,#5417,.T.);
#5903 = PLANE('',#5904);
#5904 = AXIS2_PLACEMENT_3D('',#5905,#5906,#5907);
#5905 = CARTESIAN_POINT('',(0.32,-0.32,6.5));
#5906 = DIRECTION('',(-0.,0.,-1.));
#5907 = DIRECTION('',(1.224646799147E-16,1.,0.));
#5908 = ADVANCED_FACE('',(#5909),#5915,.F.);
#5909 = FACE_BOUND('',#5910,.F.);
#5910 = EDGE_LOOP('',(#5911,#5912,#5913,#5914));
#5911 = ORIENTED_EDGE('',*,*,#5480,.T.);
#5912 = ORIENTED_EDGE('',*,*,#5552,.F.);
#5913 = ORIENTED_EDGE('',*,*,#5528,.F.);
#5914 = ORIENTED_EDGE('',*,*,#5513,.T.);
#5915 = PLANE('',#5916);
#5916 = AXIS2_PLACEMENT_3D('',#5917,#5918,#5919);
#5917 = CARTESIAN_POINT('',(2.82,-0.32,6.5));
#5918 = DIRECTION('',(-0.,0.,-1.));
#5919 = DIRECTION('',(1.224646799147E-16,1.,0.));
#5920 = ADVANCED_FACE('',(#5921),#5932,.T.);
#5921 = FACE_BOUND('',#5922,.F.);
#5922 = EDGE_LOOP('',(#5923,#5924,#5930,#5931));
#5923 = ORIENTED_EDGE('',*,*,#5701,.F.);
#5924 = ORIENTED_EDGE('',*,*,#5925,.T.);
#5925 = EDGE_CURVE('',#5702,#5569,#5926,.T.);
#5926 = LINE('',#5927,#5928);
#5927 = CARTESIAN_POINT('',(0.32,-0.12,-3.4));
#5928 = VECTOR('',#5929,1.);
#5929 = DIRECTION('',(-1.,1.224646799147E-16,0.));
#5930 = ORIENTED_EDGE('',*,*,#5568,.T.);
#5931 = ORIENTED_EDGE('',*,*,#5684,.F.);
#5932 = PLANE('',#5933);
#5933 = AXIS2_PLACEMENT_3D('',#5934,#5935,#5936);
#5934 = CARTESIAN_POINT('',(0.32,-0.204403742653,-3.301223703467));
#5935 = DIRECTION('',(-9.310387150808E-17,-0.760250805153,-0.64962967394
    ));
#5936 = DIRECTION('',(1.,-1.224646799148E-16,-5.515863360725E-29));
#5937 = ADVANCED_FACE('',(#5938),#5949,.F.);
#5938 = FACE_BOUND('',#5939,.F.);
#5939 = EDGE_LOOP('',(#5940,#5941,#5942,#5948));
#5940 = ORIENTED_EDGE('',*,*,#5925,.F.);
#5941 = ORIENTED_EDGE('',*,*,#5720,.F.);
#5942 = ORIENTED_EDGE('',*,*,#5943,.T.);
#5943 = EDGE_CURVE('',#5713,#5594,#5944,.T.);
#5944 = LINE('',#5945,#5946);
#5945 = CARTESIAN_POINT('',(0.32,0.12,-3.4));
#5946 = VECTOR('',#5947,1.);
#5947 = DIRECTION('',(-1.,1.224646799147E-16,0.));
#5948 = ORIENTED_EDGE('',*,*,#5601,.T.);
#5949 = PLANE('',#5950);
#5950 = AXIS2_PLACEMENT_3D('',#5951,#5952,#5953);
#5951 = CARTESIAN_POINT('',(0.32,0.32,-3.4));
#5952 = DIRECTION('',(0.,0.,1.));
#5953 = DIRECTION('',(-1.224646799147E-16,-1.,0.));
#5954 = ADVANCED_FACE('',(#5955),#5961,.T.);
#5955 = FACE_BOUND('',#5956,.T.);
#5956 = EDGE_LOOP('',(#5957,#5958,#5959,#5960));
#5957 = ORIENTED_EDGE('',*,*,#5712,.F.);
#5958 = ORIENTED_EDGE('',*,*,#5943,.T.);
#5959 = ORIENTED_EDGE('',*,*,#5593,.T.);
#5960 = ORIENTED_EDGE('',*,*,#5624,.F.);
#5961 = PLANE('',#5962);
#5962 = AXIS2_PLACEMENT_3D('',#5963,#5964,#5965);
#5963 = CARTESIAN_POINT('',(0.32,0.235596257347,-3.301223703467));
#5964 = DIRECTION('',(8.302774088379E-17,0.64962967394,-0.760250805153)
  );
#5965 = DIRECTION('',(-1.,1.247195775152E-16,-2.638869166629E-18));
#5966 = ADVANCED_FACE('',(#5967),#5978,.T.);
#5967 = FACE_BOUND('',#5968,.F.);
#5968 = EDGE_LOOP('',(#5969,#5970,#5976,#5977));
#5969 = ORIENTED_EDGE('',*,*,#5867,.F.);
#5970 = ORIENTED_EDGE('',*,*,#5971,.T.);
#5971 = EDGE_CURVE('',#5868,#5735,#5972,.T.);
#5972 = LINE('',#5973,#5974);
#5973 = CARTESIAN_POINT('',(2.82,-0.12,-3.4));
#5974 = VECTOR('',#5975,1.);
#5975 = DIRECTION('',(-1.,1.224646799147E-16,0.));
#5976 = ORIENTED_EDGE('',*,*,#5734,.T.);
#5977 = ORIENTED_EDGE('',*,*,#5850,.F.);
#5978 = PLANE('',#5979);
#5979 = AXIS2_PLACEMENT_3D('',#5980,#5981,#5982);
#5980 = CARTESIAN_POINT('',(2.82,-0.204403742653,-3.301223703467));
#5981 = DIRECTION('',(-9.310387150808E-17,-0.760250805153,-0.64962967394
    ));
#5982 = DIRECTION('',(1.,-1.224646799148E-16,-5.515863360725E-29));
#5983 = ADVANCED_FACE('',(#5984),#5995,.F.);
#5984 = FACE_BOUND('',#5985,.F.);
#5985 = EDGE_LOOP('',(#5986,#5987,#5988,#5994));
#5986 = ORIENTED_EDGE('',*,*,#5971,.F.);
#5987 = ORIENTED_EDGE('',*,*,#5886,.F.);
#5988 = ORIENTED_EDGE('',*,*,#5989,.T.);
#5989 = EDGE_CURVE('',#5879,#5760,#5990,.T.);
#5990 = LINE('',#5991,#5992);
#5991 = CARTESIAN_POINT('',(2.82,0.12,-3.4));
#5992 = VECTOR('',#5993,1.);
#5993 = DIRECTION('',(-1.,1.224646799147E-16,0.));
#5994 = ORIENTED_EDGE('',*,*,#5767,.T.);
#5995 = PLANE('',#5996);
#5996 = AXIS2_PLACEMENT_3D('',#5997,#5998,#5999);
#5997 = CARTESIAN_POINT('',(2.82,0.32,-3.4));
#5998 = DIRECTION('',(0.,0.,1.));
#5999 = DIRECTION('',(-1.224646799147E-16,-1.,0.));
#6000 = ADVANCED_FACE('',(#6001),#6007,.T.);
#6001 = FACE_BOUND('',#6002,.T.);
#6002 = EDGE_LOOP('',(#6003,#6004,#6005,#6006));
#6003 = ORIENTED_EDGE('',*,*,#5878,.F.);
#6004 = ORIENTED_EDGE('',*,*,#5989,.T.);
#6005 = ORIENTED_EDGE('',*,*,#5759,.T.);
#6006 = ORIENTED_EDGE('',*,*,#5790,.F.);
#6007 = PLANE('',#6008);
#6008 = AXIS2_PLACEMENT_3D('',#6009,#6010,#6011);
#6009 = CARTESIAN_POINT('',(2.82,0.235596257347,-3.301223703467));
#6010 = DIRECTION('',(8.302774088379E-17,0.64962967394,-0.760250805153)
  );
#6011 = DIRECTION('',(-1.,1.247195775152E-16,-2.638869166629E-18));
#6012 = ( GEOMETRIC_REPRESENTATION_CONTEXT(3) 
GLOBAL_UNCERTAINTY_ASSIGNED_CONTEXT((#6016)) 
GLOBAL_UNIT_ASSIGNED_CONTEXT((#6013,#6014,#6015)) REPRESENTATION_CONTEXT
('Context #1','3D Context with UNIT and UNCERTAINTY') );
#6013 = ( LENGTH_UNIT() NAMED_UNIT(*) SI_UNIT(.MILLI.,.METRE.) );
#6014 = ( NAMED_UNIT(*) PLANE_ANGLE_UNIT() SI_UNIT($,.RADIAN.) );
#6015 = ( NAMED_UNIT(*) SI_UNIT($,.STERADIAN.) SOLID_ANGLE_UNIT() );
#6016 = UNCERTAINTY_MEASURE_WITH_UNIT(LENGTH_MEASURE(1.E-07),#6013,
  'distance_accuracy_value','confusion accuracy');
#6017 = CONTEXT_DEPENDENT_SHAPE_REPRESENTATION(#6018,#6020);
#6018 = ( REPRESENTATION_RELATIONSHIP('','',#3296,#10) 
REPRESENTATION_RELATIONSHIP_WITH_TRANSFORMATION(#6019) 
SHAPE_REPRESENTATION_RELATIONSHIP() );
#6019 = ITEM_DEFINED_TRANSFORMATION('','',#11,#27);
#6020 = PRODUCT_DEFINITION_SHAPE('Placement','Placement of an item',
  #6021);
#6021 = NEXT_ASSEMBLY_USAGE_OCCURRENCE('4','J2','',#5,#3291,$);
#6022 = PRODUCT_RELATED_PRODUCT_CATEGORY('part',$,(#3293));
#6023 = SHAPE_DEFINITION_REPRESENTATION(#6024,#6030);
#6024 = PRODUCT_DEFINITION_SHAPE('','',#6025);
#6025 = PRODUCT_DEFINITION('design','',#6026,#6029);
#6026 = PRODUCT_DEFINITION_FORMATION('','',#6027);
#6027 = PRODUCT('CP_Radial_D5.0mm_P2.00mm','CP_Radial_D5.0mm_P2.00mm',''
  ,(#6028));
#6028 = PRODUCT_CONTEXT('',#2,'mechanical');
#6029 = PRODUCT_DEFINITION_CONTEXT('part definition',#2,'design');
#6030 = ADVANCED_BREP_SHAPE_REPRESENTATION('',(#11,#6031),#8071);
#6031 = BREP_WITH_VOIDS('',#6032,(#7949));
#6032 = CLOSED_SHELL('',(#6033,#6050,#6075,#6124,#6157,#6175,#6200,#6232
    ,#6250,#6259,#6297,#6319,#6379,#6407,#6573,#6639,#6705,#6823,#6989,
    #7069,#7103,#7183,#7215,#7281,#7358,#7392,#7407,#7425,#7457,#7475,
    #7618,#7670,#7694,#7718,#7742,#7804,#7821,#7845,#7861,#7885,#7897,
    #7913,#7925,#7937));
#6033 = ADVANCED_FACE('',(#6034),#6045,.F.);
#6034 = FACE_BOUND('',#6035,.F.);
#6035 = EDGE_LOOP('',(#6036));
#6036 = ORIENTED_EDGE('',*,*,#6037,.T.);
#6037 = EDGE_CURVE('',#6038,#6038,#6040,.T.);
#6038 = VERTEX_POINT('',#6039);
#6039 = CARTESIAN_POINT('',(1.75,-9.184850993605E-17,-1.9));
#6040 = CIRCLE('',#6041,0.25);
#6041 = AXIS2_PLACEMENT_3D('',#6042,#6043,#6044);
#6042 = CARTESIAN_POINT('',(2.,-1.224646799147E-16,-1.9));
#6043 = DIRECTION('',(0.,0.,1.));
#6044 = DIRECTION('',(-1.,1.224646799147E-16,0.));
#6045 = PLANE('',#6046);
#6046 = AXIS2_PLACEMENT_3D('',#6047,#6048,#6049);
#6047 = CARTESIAN_POINT('',(2.,-1.443086680282E-16,-1.9));
#6048 = DIRECTION('',(-1.889979252092E-31,4.08046586736E-33,1.));
#6049 = DIRECTION('',(-1.,1.224646799147E-16,-1.889979252092E-31));
#6050 = ADVANCED_FACE('',(#6051),#6070,.T.);
#6051 = FACE_BOUND('',#6052,.T.);
#6052 = EDGE_LOOP('',(#6053,#6062,#6068,#6069));
#6053 = ORIENTED_EDGE('',*,*,#6054,.F.);
#6054 = EDGE_CURVE('',#6055,#6055,#6057,.T.);
#6055 = VERTEX_POINT('',#6056);
#6056 = CARTESIAN_POINT('',(1.75,-9.184850993605E-17,0.2));
#6057 = CIRCLE('',#6058,0.25);
#6058 = AXIS2_PLACEMENT_3D('',#6059,#6060,#6061);
#6059 = CARTESIAN_POINT('',(2.,-1.224646799147E-16,0.2));
#6060 = DIRECTION('',(0.,0.,1.));
#6061 = DIRECTION('',(-1.,1.224646799147E-16,0.));
#6062 = ORIENTED_EDGE('',*,*,#6063,.T.);
#6063 = EDGE_CURVE('',#6055,#6038,#6064,.T.);
#6064 = LINE('',#6065,#6066);
#6065 = CARTESIAN_POINT('',(1.75,-9.184850993605E-17,0.3));
#6066 = VECTOR('',#6067,1.);
#6067 = DIRECTION('',(0.,0.,-1.));
#6068 = ORIENTED_EDGE('',*,*,#6037,.T.);
#6069 = ORIENTED_EDGE('',*,*,#6063,.F.);
#6070 = CYLINDRICAL_SURFACE('',#6071,0.25);
#6071 = AXIS2_PLACEMENT_3D('',#6072,#6073,#6074);
#6072 = CARTESIAN_POINT('',(2.,-1.224646799147E-16,0.3));
#6073 = DIRECTION('',(0.,0.,1.));
#6074 = DIRECTION('',(-1.,1.224646799147E-16,0.));
#6075 = ADVANCED_FACE('',(#6076,#6105,#6108),#6119,.F.);
#6076 = FACE_BOUND('',#6077,.F.);
#6077 = EDGE_LOOP('',(#6078,#6089,#6098));
#6078 = ORIENTED_EDGE('',*,*,#6079,.T.);
#6079 = EDGE_CURVE('',#6080,#6082,#6084,.T.);
#6080 = VERTEX_POINT('',#6081);
#6081 = CARTESIAN_POINT('',(-0.75,2.143131898508E-16,0.2));
#6082 = VERTEX_POINT('',#6083);
#6083 = CARTESIAN_POINT('',(2.616789181895,-0.669696006639,0.2));
#6084 = CIRCLE('',#6085,1.75);
#6085 = AXIS2_PLACEMENT_3D('',#6086,#6087,#6088);
#6086 = CARTESIAN_POINT('',(1.,0.,0.2));
#6087 = DIRECTION('',(0.,0.,1.));
#6088 = DIRECTION('',(-1.,1.224646799147E-16,0.));
#6089 = ORIENTED_EDGE('',*,*,#6090,.T.);
#6090 = EDGE_CURVE('',#6082,#6091,#6093,.T.);
#6091 = VERTEX_POINT('',#6092);
#6092 = CARTESIAN_POINT('',(2.616789181895,0.669696006639,0.2));
#6093 = CIRCLE('',#6094,1.75);
#6094 = AXIS2_PLACEMENT_3D('',#6095,#6096,#6097);
#6095 = CARTESIAN_POINT('',(1.,0.,0.2));
#6096 = DIRECTION('',(0.,0.,1.));
#6097 = DIRECTION('',(-1.,1.224646799147E-16,0.));
#6098 = ORIENTED_EDGE('',*,*,#6099,.T.);
#6099 = EDGE_CURVE('',#6091,#6080,#6100,.T.);
#6100 = CIRCLE('',#6101,1.75);
#6101 = AXIS2_PLACEMENT_3D('',#6102,#6103,#6104);
#6102 = CARTESIAN_POINT('',(1.,0.,0.2));
#6103 = DIRECTION('',(0.,0.,1.));
#6104 = DIRECTION('',(-1.,1.224646799147E-16,0.));
#6105 = FACE_BOUND('',#6106,.F.);
#6106 = EDGE_LOOP('',(#6107));
#6107 = ORIENTED_EDGE('',*,*,#6054,.F.);
#6108 = FACE_BOUND('',#6109,.F.);
#6109 = EDGE_LOOP('',(#6110));
#6110 = ORIENTED_EDGE('',*,*,#6111,.F.);
#6111 = EDGE_CURVE('',#6112,#6112,#6114,.T.);
#6112 = VERTEX_POINT('',#6113);
#6113 = CARTESIAN_POINT('',(-0.25,1.530808498934E-16,0.2));
#6114 = CIRCLE('',#6115,0.25);
#6115 = AXIS2_PLACEMENT_3D('',#6116,#6117,#6118);
#6116 = CARTESIAN_POINT('',(0.,1.224646799147E-16,0.2));
#6117 = DIRECTION('',(0.,0.,1.));
#6118 = DIRECTION('',(-1.,1.224646799147E-16,0.));
#6119 = PLANE('',#6120);
#6120 = AXIS2_PLACEMENT_3D('',#6121,#6122,#6123);
#6121 = CARTESIAN_POINT('',(1.,-1.239108604125E-16,0.2));
#6122 = DIRECTION('',(0.,0.,1.));
#6123 = DIRECTION('',(-1.,1.224646799147E-16,0.));
#6124 = ADVANCED_FACE('',(#6125),#6152,.F.);
#6125 = FACE_BOUND('',#6126,.F.);
#6126 = EDGE_LOOP('',(#6127,#6135,#6136,#6137,#6145));
#6127 = ORIENTED_EDGE('',*,*,#6128,.F.);
#6128 = EDGE_CURVE('',#6082,#6129,#6131,.T.);
#6129 = VERTEX_POINT('',#6130);
#6130 = CARTESIAN_POINT('',(2.616789181895,-0.669696006639,0.));
#6131 = LINE('',#6132,#6133);
#6132 = CARTESIAN_POINT('',(2.616789181895,-0.669696006639,0.3));
#6133 = VECTOR('',#6134,1.);
#6134 = DIRECTION('',(0.,0.,-1.));
#6135 = ORIENTED_EDGE('',*,*,#6079,.F.);
#6136 = ORIENTED_EDGE('',*,*,#6099,.F.);
#6137 = ORIENTED_EDGE('',*,*,#6138,.T.);
#6138 = EDGE_CURVE('',#6091,#6139,#6141,.T.);
#6139 = VERTEX_POINT('',#6140);
#6140 = CARTESIAN_POINT('',(2.616789181895,0.669696006639,0.));
#6141 = LINE('',#6142,#6143);
#6142 = CARTESIAN_POINT('',(2.616789181895,0.669696006639,0.3));
#6143 = VECTOR('',#6144,1.);
#6144 = DIRECTION('',(0.,0.,-1.));
#6145 = ORIENTED_EDGE('',*,*,#6146,.F.);
#6146 = EDGE_CURVE('',#6129,#6139,#6147,.T.);
#6147 = CIRCLE('',#6148,1.75);
#6148 = AXIS2_PLACEMENT_3D('',#6149,#6150,#6151);
#6149 = CARTESIAN_POINT('',(1.,0.,0.));
#6150 = DIRECTION('',(0.,-0.,-1.));
#6151 = DIRECTION('',(0.923879532511,-0.382683432365,0.));
#6152 = CYLINDRICAL_SURFACE('',#6153,1.75);
#6153 = AXIS2_PLACEMENT_3D('',#6154,#6155,#6156);
#6154 = CARTESIAN_POINT('',(1.,0.,0.3));
#6155 = DIRECTION('',(0.,0.,-1.));
#6156 = DIRECTION('',(0.923879532511,-0.382683432365,0.));
#6157 = ADVANCED_FACE('',(#6158),#6170,.F.);
#6158 = FACE_BOUND('',#6159,.F.);
#6159 = EDGE_LOOP('',(#6160,#6161,#6162,#6163));
#6160 = ORIENTED_EDGE('',*,*,#6138,.F.);
#6161 = ORIENTED_EDGE('',*,*,#6090,.F.);
#6162 = ORIENTED_EDGE('',*,*,#6128,.T.);
#6163 = ORIENTED_EDGE('',*,*,#6164,.F.);
#6164 = EDGE_CURVE('',#6139,#6129,#6165,.T.);
#6165 = CIRCLE('',#6166,1.75);
#6166 = AXIS2_PLACEMENT_3D('',#6167,#6168,#6169);
#6167 = CARTESIAN_POINT('',(1.,0.,0.));
#6168 = DIRECTION('',(0.,0.,-1.));
#6169 = DIRECTION('',(0.923879532511,0.382683432365,0.));
#6170 = CYLINDRICAL_SURFACE('',#6171,1.75);
#6171 = AXIS2_PLACEMENT_3D('',#6172,#6173,#6174);
#6172 = CARTESIAN_POINT('',(1.,0.,0.3));
#6173 = DIRECTION('',(0.,0.,-1.));
#6174 = DIRECTION('',(0.923879532511,0.382683432365,0.));
#6175 = ADVANCED_FACE('',(#6176),#6195,.T.);
#6176 = FACE_BOUND('',#6177,.T.);
#6177 = EDGE_LOOP('',(#6178,#6179,#6187,#6194));
#6178 = ORIENTED_EDGE('',*,*,#6111,.F.);
#6179 = ORIENTED_EDGE('',*,*,#6180,.T.);
#6180 = EDGE_CURVE('',#6112,#6181,#6183,.T.);
#6181 = VERTEX_POINT('',#6182);
#6182 = CARTESIAN_POINT('',(-0.25,1.530808498934E-16,-2.));
#6183 = LINE('',#6184,#6185);
#6184 = CARTESIAN_POINT('',(-0.25,1.530808498934E-16,0.3));
#6185 = VECTOR('',#6186,1.);
#6186 = DIRECTION('',(0.,0.,-1.));
#6187 = ORIENTED_EDGE('',*,*,#6188,.T.);
#6188 = EDGE_CURVE('',#6181,#6181,#6189,.T.);
#6189 = CIRCLE('',#6190,0.25);
#6190 = AXIS2_PLACEMENT_3D('',#6191,#6192,#6193);
#6191 = CARTESIAN_POINT('',(0.,1.224646799147E-16,-2.));
#6192 = DIRECTION('',(0.,0.,1.));
#6193 = DIRECTION('',(-1.,1.224646799147E-16,0.));
#6194 = ORIENTED_EDGE('',*,*,#6180,.F.);
#6195 = CYLINDRICAL_SURFACE('',#6196,0.25);
#6196 = AXIS2_PLACEMENT_3D('',#6197,#6198,#6199);
#6197 = CARTESIAN_POINT('',(0.,1.224646799147E-16,0.3));
#6198 = DIRECTION('',(0.,0.,1.));
#6199 = DIRECTION('',(-1.,1.224646799147E-16,0.));
#6200 = ADVANCED_FACE('',(#6201),#6227,.T.);
#6201 = FACE_BOUND('',#6202,.F.);
#6202 = EDGE_LOOP('',(#6203,#6204,#6212,#6221));
#6203 = ORIENTED_EDGE('',*,*,#6146,.T.);
#6204 = ORIENTED_EDGE('',*,*,#6205,.T.);
#6205 = EDGE_CURVE('',#6139,#6206,#6208,.T.);
#6206 = VERTEX_POINT('',#6207);
#6207 = CARTESIAN_POINT('',(3.124922924776,0.88017189444,
    1.387778780781E-17));
#6208 = LINE('',#6209,#6210);
#6209 = CARTESIAN_POINT('',(2.616789181895,0.669696006639,0.));
#6210 = VECTOR('',#6211,1.);
#6211 = DIRECTION('',(0.923879532511,0.382683432365,0.));
#6212 = ORIENTED_EDGE('',*,*,#6213,.F.);
#6213 = EDGE_CURVE('',#6214,#6206,#6216,.T.);
#6214 = VERTEX_POINT('',#6215);
#6215 = CARTESIAN_POINT('',(3.124922924776,-0.88017189444,
    1.387778780781E-17));
#6216 = CIRCLE('',#6217,2.3);
#6217 = AXIS2_PLACEMENT_3D('',#6218,#6219,#6220);
#6218 = CARTESIAN_POINT('',(1.,0.,1.387778780781E-17));
#6219 = DIRECTION('',(0.,-0.,-1.));
#6220 = DIRECTION('',(0.923879532511,-0.382683432365,0.));
#6221 = ORIENTED_EDGE('',*,*,#6222,.F.);
#6222 = EDGE_CURVE('',#6129,#6214,#6223,.T.);
#6223 = LINE('',#6224,#6225);
#6224 = CARTESIAN_POINT('',(2.616789181895,-0.669696006639,0.));
#6225 = VECTOR('',#6226,1.);
#6226 = DIRECTION('',(0.923879532511,-0.382683432365,0.));
#6227 = PLANE('',#6228);
#6228 = AXIS2_PLACEMENT_3D('',#6229,#6230,#6231);
#6229 = CARTESIAN_POINT('',(1.,0.,0.));
#6230 = DIRECTION('',(0.,0.,-1.));
#6231 = DIRECTION('',(0.923879532511,-0.382683432365,0.));
#6232 = ADVANCED_FACE('',(#6233),#6245,.T.);
#6233 = FACE_BOUND('',#6234,.F.);
#6234 = EDGE_LOOP('',(#6235,#6236,#6237,#6244));
#6235 = ORIENTED_EDGE('',*,*,#6164,.T.);
#6236 = ORIENTED_EDGE('',*,*,#6222,.T.);
#6237 = ORIENTED_EDGE('',*,*,#6238,.F.);
#6238 = EDGE_CURVE('',#6206,#6214,#6239,.T.);
#6239 = CIRCLE('',#6240,2.3);
#6240 = AXIS2_PLACEMENT_3D('',#6241,#6242,#6243);
#6241 = CARTESIAN_POINT('',(1.,0.,1.387778780781E-17));
#6242 = DIRECTION('',(0.,0.,-1.));
#6243 = DIRECTION('',(0.923879532511,0.382683432365,0.));
#6244 = ORIENTED_EDGE('',*,*,#6205,.F.);
#6245 = PLANE('',#6246);
#6246 = AXIS2_PLACEMENT_3D('',#6247,#6248,#6249);
#6247 = CARTESIAN_POINT('',(1.,0.,0.));
#6248 = DIRECTION('',(0.,0.,-1.));
#6249 = DIRECTION('',(0.923879532511,0.382683432365,0.));
#6250 = ADVANCED_FACE('',(#6251),#6254,.F.);
#6251 = FACE_BOUND('',#6252,.F.);
#6252 = EDGE_LOOP('',(#6253));
#6253 = ORIENTED_EDGE('',*,*,#6188,.T.);
#6254 = PLANE('',#6255);
#6255 = AXIS2_PLACEMENT_3D('',#6256,#6257,#6258);
#6256 = CARTESIAN_POINT('',(-2.22044604925E-16,1.006206918012E-16,-2.));
#6257 = DIRECTION('',(2.218671295934E-31,4.08046586736E-33,1.));
#6258 = DIRECTION('',(-1.,1.224646799147E-16,2.218671295934E-31));
#6259 = ADVANCED_FACE('',(#6260),#6288,.F.);
#6260 = FACE_BOUND('',#6261,.F.);
#6261 = EDGE_LOOP('',(#6262,#6263,#6272,#6281));
#6262 = ORIENTED_EDGE('',*,*,#6213,.T.);
#6263 = ORIENTED_EDGE('',*,*,#6264,.T.);
#6264 = EDGE_CURVE('',#6206,#6265,#6267,.T.);
#6265 = VERTEX_POINT('',#6266);
#6266 = CARTESIAN_POINT('',(3.309698831278,0.956708580913,0.2));
#6267 = CIRCLE('',#6268,0.2);
#6268 = AXIS2_PLACEMENT_3D('',#6269,#6270,#6271);
#6269 = CARTESIAN_POINT('',(3.124922924776,0.88017189444,0.2));
#6270 = DIRECTION('',(0.382683432365,-0.923879532511,0.));
#6271 = DIRECTION('',(0.,0.,-1.));
#6272 = ORIENTED_EDGE('',*,*,#6273,.F.);
#6273 = EDGE_CURVE('',#6274,#6265,#6276,.T.);
#6274 = VERTEX_POINT('',#6275);
#6275 = CARTESIAN_POINT('',(3.309698831278,-0.956708580913,0.2));
#6276 = CIRCLE('',#6277,2.5);
#6277 = AXIS2_PLACEMENT_3D('',#6278,#6279,#6280);
#6278 = CARTESIAN_POINT('',(1.,0.,0.2));
#6279 = DIRECTION('',(0.,-0.,-1.));
#6280 = DIRECTION('',(0.923879532511,-0.382683432365,0.));
#6281 = ORIENTED_EDGE('',*,*,#6282,.F.);
#6282 = EDGE_CURVE('',#6214,#6274,#6283,.T.);
#6283 = CIRCLE('',#6284,0.2);
#6284 = AXIS2_PLACEMENT_3D('',#6285,#6286,#6287);
#6285 = CARTESIAN_POINT('',(3.124922924776,-0.88017189444,0.2));
#6286 = DIRECTION('',(-0.382683432365,-0.923879532511,-0.));
#6287 = DIRECTION('',(0.,0.,-1.));
#6288 = SURFACE_OF_REVOLUTION('',#6289,#6294);
#6289 = CIRCLE('',#6290,0.2);
#6290 = AXIS2_PLACEMENT_3D('',#6291,#6292,#6293);
#6291 = CARTESIAN_POINT('',(3.124922924776,-0.88017189444,0.2));
#6292 = DIRECTION('',(-0.382683432365,-0.923879532511,-0.));
#6293 = DIRECTION('',(0.,0.,-1.));
#6294 = AXIS1_PLACEMENT('',#6295,#6296);
#6295 = CARTESIAN_POINT('',(1.,0.,0.));
#6296 = DIRECTION('',(0.,0.,-1.));
#6297 = ADVANCED_FACE('',(#6298),#6310,.F.);
#6298 = FACE_BOUND('',#6299,.F.);
#6299 = EDGE_LOOP('',(#6300,#6301,#6302,#6309));
#6300 = ORIENTED_EDGE('',*,*,#6238,.T.);
#6301 = ORIENTED_EDGE('',*,*,#6282,.T.);
#6302 = ORIENTED_EDGE('',*,*,#6303,.F.);
#6303 = EDGE_CURVE('',#6265,#6274,#6304,.T.);
#6304 = CIRCLE('',#6305,2.5);
#6305 = AXIS2_PLACEMENT_3D('',#6306,#6307,#6308);
#6306 = CARTESIAN_POINT('',(1.,0.,0.2));
#6307 = DIRECTION('',(0.,0.,-1.));
#6308 = DIRECTION('',(0.923879532511,0.382683432365,0.));
#6309 = ORIENTED_EDGE('',*,*,#6264,.F.);
#6310 = SURFACE_OF_REVOLUTION('',#6311,#6316);
#6311 = CIRCLE('',#6312,0.2);
#6312 = AXIS2_PLACEMENT_3D('',#6313,#6314,#6315);
#6313 = CARTESIAN_POINT('',(3.124922924776,0.88017189444,0.2));
#6314 = DIRECTION('',(0.382683432365,-0.923879532511,0.));
#6315 = DIRECTION('',(0.,0.,-1.));
#6316 = AXIS1_PLACEMENT('',#6317,#6318);
#6317 = CARTESIAN_POINT('',(1.,0.,0.));
#6318 = DIRECTION('',(0.,0.,-1.));
#6319 = ADVANCED_FACE('',(#6320),#6374,.T.);
#6320 = FACE_BOUND('',#6321,.T.);
#6321 = EDGE_LOOP('',(#6322,#6361,#6367,#6368));
#6322 = ORIENTED_EDGE('',*,*,#6323,.T.);
#6323 = EDGE_CURVE('',#6324,#6326,#6328,.T.);
#6324 = VERTEX_POINT('',#6325);
#6325 = CARTESIAN_POINT('',(3.309698831278,-0.956708580913,
    1.064979142851));
#6326 = VERTEX_POINT('',#6327);
#6327 = CARTESIAN_POINT('',(3.309698831278,0.956708580913,1.064979142851
    ));
#6328 = B_SPLINE_CURVE_WITH_KNOTS('',11,(#6329,#6330,#6331,#6332,#6333,
    #6334,#6335,#6336,#6337,#6338,#6339,#6340,#6341,#6342,#6343,#6344,
    #6345,#6346,#6347,#6348,#6349,#6350,#6351,#6352,#6353,#6354,#6355,
    #6356,#6357,#6358,#6359,#6360),.UNSPECIFIED.,.F.,.F.,(12,10,10,12),(
    -0.585615641583,2.874910026413E-15,13.744467859455,14.330083501039),
  .UNSPECIFIED.);
#6329 = CARTESIAN_POINT('',(3.533804235046,-0.415670275735,
    1.064979142851));
#6330 = CARTESIAN_POINT('',(3.513289829604,-0.465196431576,
    1.064979142851));
#6331 = CARTESIAN_POINT('',(3.492803661547,-0.514654416342,
    1.064979142851));
#6332 = CARTESIAN_POINT('',(3.472345730872,-0.564044230035,
    1.064979142851));
#6333 = CARTESIAN_POINT('',(3.451916037581,-0.613365872653,
    1.064979142851));
#6334 = CARTESIAN_POINT('',(3.431514581673,-0.662619344198,
    1.064979142851));
#6335 = CARTESIAN_POINT('',(3.411141363149,-0.711804644669,
    1.064979142851));
#6336 = CARTESIAN_POINT('',(3.390796382008,-0.760921774065,
    1.064979142851));
#6337 = CARTESIAN_POINT('',(3.370479638251,-0.809970732388,
    1.064979142851));
#6338 = CARTESIAN_POINT('',(3.350191131876,-0.858951519637,
    1.064979142851));
#6339 = CARTESIAN_POINT('',(3.329930862886,-0.907864135812,
    1.064979142851));
#6340 = CARTESIAN_POINT('',(2.834850674205,-2.103093441787,
    1.064979142851));
#6341 = CARTESIAN_POINT('',(1.727586252494,-3.009448724487,
    1.064979062911));
#6342 = CARTESIAN_POINT('',(0.105855011951,-3.257464103804,
    1.064979307428));
#6343 = CARTESIAN_POINT('',(-1.475741298782,-2.506760000403,
    1.064978963603));
#6344 = CARTESIAN_POINT('',(-2.588653308495,-1.059860959896,
    1.064979218435));
#6345 = CARTESIAN_POINT('',(-2.588653308509,1.059860959896,
    1.064979218442));
#6346 = CARTESIAN_POINT('',(-1.475741298772,2.506760000402,
    1.064978963597));
#6347 = CARTESIAN_POINT('',(0.105855011945,3.257464103804,1.064979307432
    ));
#6348 = CARTESIAN_POINT('',(1.727586252497,3.009448724487,1.064979062909
    ));
#6349 = CARTESIAN_POINT('',(2.834850674204,2.103093441788,1.064979142851
    ));
#6350 = CARTESIAN_POINT('',(3.329930862886,0.907864135812,1.064979142851
    ));
#6351 = CARTESIAN_POINT('',(3.350191131876,0.858951519637,1.064979142851
    ));
#6352 = CARTESIAN_POINT('',(3.370479638251,0.809970732388,1.064979142851
    ));
#6353 = CARTESIAN_POINT('',(3.390796382008,0.760921774065,1.064979142851
    ));
#6354 = CARTESIAN_POINT('',(3.411141363149,0.711804644669,1.064979142851
    ));
#6355 = CARTESIAN_POINT('',(3.431514581673,0.662619344198,1.064979142851
    ));
#6356 = CARTESIAN_POINT('',(3.451916037581,0.613365872653,1.064979142851
    ));
#6357 = CARTESIAN_POINT('',(3.472345730872,0.564044230035,1.064979142851
    ));
#6358 = CARTESIAN_POINT('',(3.492803661547,0.514654416342,1.064979142851
    ));
#6359 = CARTESIAN_POINT('',(3.513289829605,0.465196431576,1.064979142851
    ));
#6360 = CARTESIAN_POINT('',(3.533804235046,0.415670275736,1.064979142851
    ));
#6361 = ORIENTED_EDGE('',*,*,#6362,.F.);
#6362 = EDGE_CURVE('',#6265,#6326,#6363,.T.);
#6363 = LINE('',#6364,#6365);
#6364 = CARTESIAN_POINT('',(3.309698831278,0.956708580913,0.2));
#6365 = VECTOR('',#6366,1.);
#6366 = DIRECTION('',(0.,0.,1.));
#6367 = ORIENTED_EDGE('',*,*,#6273,.F.);
#6368 = ORIENTED_EDGE('',*,*,#6369,.T.);
#6369 = EDGE_CURVE('',#6274,#6324,#6370,.T.);
#6370 = LINE('',#6371,#6372);
#6371 = CARTESIAN_POINT('',(3.309698831278,-0.956708580913,0.2));
#6372 = VECTOR('',#6373,1.);
#6373 = DIRECTION('',(0.,0.,1.));
#6374 = CYLINDRICAL_SURFACE('',#6375,2.5);
#6375 = AXIS2_PLACEMENT_3D('',#6376,#6377,#6378);
#6376 = CARTESIAN_POINT('',(1.,0.,0.2));
#6377 = DIRECTION('',(0.,0.,1.));
#6378 = DIRECTION('',(0.923879532511,-0.382683432365,0.));
#6379 = ADVANCED_FACE('',(#6380),#6402,.T.);
#6380 = FACE_BOUND('',#6381,.T.);
#6381 = EDGE_LOOP('',(#6382,#6399,#6400,#6401));
#6382 = ORIENTED_EDGE('',*,*,#6383,.T.);
#6383 = EDGE_CURVE('',#6326,#6324,#6384,.T.);
#6384 = B_SPLINE_CURVE_WITH_KNOTS('',5,(#6385,#6386,#6387,#6388,#6389,
    #6390,#6391,#6392,#6393,#6394,#6395,#6396,#6397,#6398),
  .UNSPECIFIED.,.F.,.F.,(6,4,4,6),(-0.119413470026,-1.353371911114E-07,
    1.96349554383,2.08290869425),.UNSPECIFIED.);
#6385 = CARTESIAN_POINT('',(3.264001325546,1.067032118743,1.064979142851
    ));
#6386 = CARTESIAN_POINT('',(3.273140829292,1.0449674049,1.064979142851)
  );
#6387 = CARTESIAN_POINT('',(3.282280331654,1.0229026944,1.064979142851)
  );
#6388 = CARTESIAN_POINT('',(3.291419832631,1.000837987243,1.064979142851
    ));
#6389 = CARTESIAN_POINT('',(3.300559332224,0.978773283428,1.064979142851
    ));
#6390 = CARTESIAN_POINT('',(3.45997823841,0.593901998977,1.064979142851)
  );
#6391 = CARTESIAN_POINT('',(3.539038746156,0.201591257513,1.064979142851
    ));
#6392 = CARTESIAN_POINT('',(3.539039291386,-0.201589955698,
    1.064979142851));
#6393 = CARTESIAN_POINT('',(3.45997851584,-0.593901329202,1.064979142851
    ));
#6394 = CARTESIAN_POINT('',(3.300559329455,-0.978773290113,
    1.064979142851));
#6395 = CARTESIAN_POINT('',(3.291419828478,-1.00083799727,1.064979142851
    ));
#6396 = CARTESIAN_POINT('',(3.2822803275,-1.022902704428,1.064979142851)
  );
#6397 = CARTESIAN_POINT('',(3.273140826523,-1.044967411585,
    1.064979142851));
#6398 = CARTESIAN_POINT('',(3.264001325546,-1.067032118743,
    1.064979142851));
#6399 = ORIENTED_EDGE('',*,*,#6369,.F.);
#6400 = ORIENTED_EDGE('',*,*,#6303,.F.);
#6401 = ORIENTED_EDGE('',*,*,#6362,.T.);
#6402 = CYLINDRICAL_SURFACE('',#6403,2.5);
#6403 = AXIS2_PLACEMENT_3D('',#6404,#6405,#6406);
#6404 = CARTESIAN_POINT('',(1.,0.,0.2));
#6405 = DIRECTION('',(0.,0.,1.));
#6406 = DIRECTION('',(0.923879532511,0.382683432365,-0.));
#6407 = ADVANCED_FACE('',(#6408),#6476,.T.);
#6408 = FACE_BOUND('',#6409,.T.);
#6409 = EDGE_LOOP('',(#6410,#6425,#6462,#6475));
#6410 = ORIENTED_EDGE('',*,*,#6411,.T.);
#6411 = EDGE_CURVE('',#6324,#6412,#6414,.T.);
#6412 = VERTEX_POINT('',#6413);
#6413 = CARTESIAN_POINT('',(3.235446538439,-0.925952274181,
    1.269338405373));
#6414 = B_SPLINE_CURVE_WITH_KNOTS('',5,(#6415,#6416,#6417,#6418,#6419,
    #6420,#6421,#6422,#6423,#6424),.UNSPECIFIED.,.F.,.F.,(6,4,6),(0.,0.5
    ,1.),.UNSPECIFIED.);
#6415 = CARTESIAN_POINT('',(3.309698831278,-0.956708580913,
    1.064979142851));
#6416 = CARTESIAN_POINT('',(3.30969883117,-0.956708580868,1.086946886076
    ));
#6417 = CARTESIAN_POINT('',(3.307841659805,-0.955939315301,
    1.109289585017));
#6418 = CARTESIAN_POINT('',(3.303997166347,-0.95434687397,1.131655175667
    ));
#6419 = CARTESIAN_POINT('',(3.298159251937,-0.951928730645,
    1.153610443506));
#6420 = CARTESIAN_POINT('',(3.282778034968,-0.945557621971,
    1.195943064308));
#6421 = CARTESIAN_POINT('',(3.273234543788,-0.941604578492,1.2163209364)
  );
#6422 = CARTESIAN_POINT('',(3.261973435419,-0.936940074678,
    1.235529410754));
#6423 = CARTESIAN_POINT('',(3.249271815997,-0.93167889165,1.253255827993
    ));
#6424 = CARTESIAN_POINT('',(3.235446538439,-0.925952274181,
    1.269338405373));
#6425 = ORIENTED_EDGE('',*,*,#6426,.T.);
#6426 = EDGE_CURVE('',#6412,#6427,#6429,.T.);
#6427 = VERTEX_POINT('',#6428);
#6428 = CARTESIAN_POINT('',(3.235446538439,0.925952274181,1.269338405373
    ));
#6429 = B_SPLINE_CURVE_WITH_KNOTS('',11,(#6430,#6431,#6432,#6433,#6434,
    #6435,#6436,#6437,#6438,#6439,#6440,#6441,#6442,#6443,#6444,#6445,
    #6446,#6447,#6448,#6449,#6450,#6451,#6452,#6453,#6454,#6455,#6456,
    #6457,#6458,#6459,#6460,#6461),.UNSPECIFIED.,.F.,.F.,(12,10,10,12),(
    -0.585615641583,2.874910026413E-15,13.744467859455,14.330083501039),
  .UNSPECIFIED.);
#6430 = CARTESIAN_POINT('',(3.459551942206,-0.384913969004,
    1.269338405373));
#6431 = CARTESIAN_POINT('',(3.438387116582,-0.43601037807,1.269338405373
    ));
#6432 = CARTESIAN_POINT('',(3.417380612378,-0.486724565418,
    1.269338405373));
#6433 = CARTESIAN_POINT('',(3.396532429594,-0.537056531046,
    1.269338405373));
#6434 = CARTESIAN_POINT('',(3.37584256823,-0.587006274955,1.269338405373
    ));
#6435 = CARTESIAN_POINT('',(3.355311028286,-0.636573797145,
    1.269338405373));
#6436 = CARTESIAN_POINT('',(3.334937809761,-0.685759097616,
    1.269338405373));
#6437 = CARTESIAN_POINT('',(3.314722912657,-0.734562176367,
    1.269338405373));
#6438 = CARTESIAN_POINT('',(3.294666336973,-0.782983033399,
    1.269338405373));
#6439 = CARTESIAN_POINT('',(3.274768082708,-0.831021668713,
    1.269338405373));
#6440 = CARTESIAN_POINT('',(3.255028149863,-0.878678082306,
    1.269338405373));
#6441 = CARTESIAN_POINT('',(2.775863819411,-2.03548310749,1.269338405373
    ));
#6442 = CARTESIAN_POINT('',(1.704091980563,-2.912929929979,
    1.269338420699));
#6443 = CARTESIAN_POINT('',(0.134360577618,-3.152280979089,1.26933837382
    ));
#6444 = CARTESIAN_POINT('',(-1.395396108631,-2.426388868524,
    1.26933843974));
#6445 = CARTESIAN_POINT('',(-2.473728053044,-1.02623416819,
    1.269338390878));
#6446 = CARTESIAN_POINT('',(-2.473728053057,1.026234168191,
    1.269338390886));
#6447 = CARTESIAN_POINT('',(-1.395396108622,2.426388868523,
    1.269338439734));
#6448 = CARTESIAN_POINT('',(0.134360577613,3.152280979089,1.269338373823
    ));
#6449 = CARTESIAN_POINT('',(1.704091980565,2.912929929979,1.269338420697
    ));
#6450 = CARTESIAN_POINT('',(2.775863819411,2.03548310749,1.269338405373)
  );
#6451 = CARTESIAN_POINT('',(3.255028149863,0.878678082306,1.269338405373
    ));
#6452 = CARTESIAN_POINT('',(3.274768082708,0.831021668713,1.269338405373
    ));
#6453 = CARTESIAN_POINT('',(3.294666336973,0.782983033399,1.269338405373
    ));
#6454 = CARTESIAN_POINT('',(3.314722912657,0.734562176367,1.269338405373
    ));
#6455 = CARTESIAN_POINT('',(3.334937809762,0.685759097616,1.269338405373
    ));
#6456 = CARTESIAN_POINT('',(3.355311028286,0.636573797145,1.269338405373
    ));
#6457 = CARTESIAN_POINT('',(3.37584256823,0.587006274955,1.269338405373)
  );
#6458 = CARTESIAN_POINT('',(3.396532429594,0.537056531046,1.269338405373
    ));
#6459 = CARTESIAN_POINT('',(3.417380612378,0.486724565418,1.269338405373
    ));
#6460 = CARTESIAN_POINT('',(3.438387116583,0.436010378071,1.269338405373
    ));
#6461 = CARTESIAN_POINT('',(3.459551942206,0.384913969004,1.269338405373
    ));
#6462 = ORIENTED_EDGE('',*,*,#6463,.F.);
#6463 = EDGE_CURVE('',#6326,#6427,#6464,.T.);
#6464 = B_SPLINE_CURVE_WITH_KNOTS('',5,(#6465,#6466,#6467,#6468,#6469,
    #6470,#6471,#6472,#6473,#6474),.UNSPECIFIED.,.F.,.F.,(6,4,6),(0.,0.5
    ,1.),.UNSPECIFIED.);
#6465 = CARTESIAN_POINT('',(3.309698831278,0.956708580913,1.064979142851
    ));
#6466 = CARTESIAN_POINT('',(3.30969883117,0.956708580868,1.086946886076)
  );
#6467 = CARTESIAN_POINT('',(3.307841659805,0.955939315301,1.109289585017
    ));
#6468 = CARTESIAN_POINT('',(3.303997166347,0.95434687397,1.131655175667)
  );
#6469 = CARTESIAN_POINT('',(3.298159251937,0.951928730645,1.153610443506
    ));
#6470 = CARTESIAN_POINT('',(3.282778034968,0.945557621971,1.195943064308
    ));
#6471 = CARTESIAN_POINT('',(3.273234543788,0.941604578492,1.2163209364)
  );
#6472 = CARTESIAN_POINT('',(3.261973435419,0.936940074678,1.235529410754
    ));
#6473 = CARTESIAN_POINT('',(3.249271815997,0.93167889165,1.253255827993)
  );
#6474 = CARTESIAN_POINT('',(3.235446538439,0.925952274181,1.269338405373
    ));
#6475 = ORIENTED_EDGE('',*,*,#6323,.F.);
#6476 = ( BOUNDED_SURFACE() B_SPLINE_SURFACE(2,11,(
    (#6477,#6478,#6479,#6480,#6481,#6482,#6483,#6484,#6485,#6486,#6487
      ,#6488,#6489,#6490,#6491,#6492,#6493,#6494,#6495,#6496,#6497,#6498
      ,#6499,#6500,#6501,#6502,#6503,#6504,#6505,#6506,#6507,#6508)
    ,(#6509,#6510,#6511,#6512,#6513,#6514,#6515,#6516,#6517,#6518,#6519
      ,#6520,#6521,#6522,#6523,#6524,#6525,#6526,#6527,#6528,#6529,#6530
      ,#6531,#6532,#6533,#6534,#6535,#6536,#6537,#6538,#6539,#6540)
    ,(#6541,#6542,#6543,#6544,#6545,#6546,#6547,#6548,#6549,#6550,#6551
      ,#6552,#6553,#6554,#6555,#6556,#6557,#6558,#6559,#6560,#6561,#6562
      ,#6563,#6564,#6565,#6566,#6567,#6568,#6569,#6570,#6571,#6572
)),.UNSPECIFIED.,.F.,.F.,.F.) B_SPLINE_SURFACE_WITH_KNOTS((3,3),(12,10,
    10,12),(0.,13.744467859455),(-0.585615641583,2.874910026413E-15,
    13.744467859455,14.330083501039),.UNSPECIFIED.) 
GEOMETRIC_REPRESENTATION_ITEM() RATIONAL_B_SPLINE_SURFACE((
    (1.,1.,1.,1.,1.,1.,1.,1.,1.,1.,1.,1.,1.,1.,1.,1.,1.,1.,1.,1.,1.,1.
      ,1.,1.,1.,1.,1.,1.,1.,1.,1.,1.)
    ,(0.93061798229,0.93061798229,0.93061798229,0.93061798229
      ,0.93061798229,0.93061798229,0.93061798229,0.93061798229
      ,0.93061798229,0.93061798229,0.93061798229,0.93061798229
      ,0.930617902914,0.930618145704,0.930617804307,0.93061805734
      ,0.930618057346,0.930617804303,0.930618145707,0.930617902913
      ,0.93061798229,0.93061798229,0.93061798229,0.93061798229
      ,0.93061798229,0.93061798229,0.93061798229,0.93061798229
      ,0.93061798229,0.93061798229,0.93061798229,0.93061798229)
    ,(1.,1.,1.,1.,1.,1.,1.,1.,1.,1.,1.,1.,1.,1.,1.,1.,1.,1.,1.,1.,1.,1.
,1.,1.,1.,1.,1.,1.,1.,1.,1.,1.))) REPRESENTATION_ITEM('') SURFACE() );
#6477 = CARTESIAN_POINT('',(3.533804235046,-0.415670275735,
    1.064979142851));
#6478 = CARTESIAN_POINT('',(3.513289829604,-0.465196431576,
    1.064979142851));
#6479 = CARTESIAN_POINT('',(3.492803661547,-0.514654416342,
    1.064979142851));
#6480 = CARTESIAN_POINT('',(3.472345730872,-0.564044230035,
    1.064979142851));
#6481 = CARTESIAN_POINT('',(3.451916037581,-0.613365872653,
    1.064979142851));
#6482 = CARTESIAN_POINT('',(3.431514581673,-0.662619344198,
    1.064979142851));
#6483 = CARTESIAN_POINT('',(3.411141363149,-0.711804644669,
    1.064979142851));
#6484 = CARTESIAN_POINT('',(3.390796382008,-0.760921774065,
    1.064979142851));
#6485 = CARTESIAN_POINT('',(3.370479638251,-0.809970732388,
    1.064979142851));
#6486 = CARTESIAN_POINT('',(3.350191131876,-0.858951519637,
    1.064979142851));
#6487 = CARTESIAN_POINT('',(3.329930862886,-0.907864135812,
    1.064979142851));
#6488 = CARTESIAN_POINT('',(2.834850674205,-2.103093441787,
    1.064979142851));
#6489 = CARTESIAN_POINT('',(1.727586252494,-3.009448724487,
    1.064979062911));
#6490 = CARTESIAN_POINT('',(0.105855011951,-3.257464103804,
    1.064979307428));
#6491 = CARTESIAN_POINT('',(-1.475741298782,-2.506760000403,
    1.064978963603));
#6492 = CARTESIAN_POINT('',(-2.588653308495,-1.059860959896,
    1.064979218435));
#6493 = CARTESIAN_POINT('',(-2.588653308509,1.059860959896,
    1.064979218442));
#6494 = CARTESIAN_POINT('',(-1.475741298772,2.506760000402,
    1.064978963597));
#6495 = CARTESIAN_POINT('',(0.105855011945,3.257464103804,1.064979307432
    ));
#6496 = CARTESIAN_POINT('',(1.727586252497,3.009448724487,1.064979062909
    ));
#6497 = CARTESIAN_POINT('',(2.834850674204,2.103093441788,1.064979142851
    ));
#6498 = CARTESIAN_POINT('',(3.329930862886,0.907864135812,1.064979142851
    ));
#6499 = CARTESIAN_POINT('',(3.350191131876,0.858951519637,1.064979142851
    ));
#6500 = CARTESIAN_POINT('',(3.370479638251,0.809970732388,1.064979142851
    ));
#6501 = CARTESIAN_POINT('',(3.390796382008,0.760921774065,1.064979142851
    ));
#6502 = CARTESIAN_POINT('',(3.411141363149,0.711804644669,1.064979142851
    ));
#6503 = CARTESIAN_POINT('',(3.431514581673,0.662619344198,1.064979142851
    ));
#6504 = CARTESIAN_POINT('',(3.451916037581,0.613365872653,1.064979142851
    ));
#6505 = CARTESIAN_POINT('',(3.472345730872,0.564044230035,1.064979142851
    ));
#6506 = CARTESIAN_POINT('',(3.492803661547,0.514654416342,1.064979142851
    ));
#6507 = CARTESIAN_POINT('',(3.513289829605,0.465196431576,1.064979142851
    ));
#6508 = CARTESIAN_POINT('',(3.533804235046,0.415670275736,1.064979142851
    ));
#6509 = CARTESIAN_POINT('',(3.533804235046,-0.415670275735,
    1.182962690499));
#6510 = CARTESIAN_POINT('',(3.513289829604,-0.465196431576,
    1.182962690499));
#6511 = CARTESIAN_POINT('',(3.492803661547,-0.514654416342,
    1.182962690499));
#6512 = CARTESIAN_POINT('',(3.472345730872,-0.564044230035,
    1.182962690499));
#6513 = CARTESIAN_POINT('',(3.451916037581,-0.613365872653,
    1.182962690499));
#6514 = CARTESIAN_POINT('',(3.431514581673,-0.662619344198,
    1.182962690499));
#6515 = CARTESIAN_POINT('',(3.411141363149,-0.711804644669,
    1.182962690499));
#6516 = CARTESIAN_POINT('',(3.390796382008,-0.760921774065,
    1.182962690499));
#6517 = CARTESIAN_POINT('',(3.37047963825,-0.809970732388,1.182962690499
    ));
#6518 = CARTESIAN_POINT('',(3.350191131876,-0.858951519637,
    1.182962690499));
#6519 = CARTESIAN_POINT('',(3.329930862886,-0.907864135812,
    1.182962690499));
#6520 = CARTESIAN_POINT('',(2.834850674205,-2.103093441788,
    1.182962690499));
#6521 = CARTESIAN_POINT('',(1.727586214542,-3.009448936943,
    1.182962685685));
#6522 = CARTESIAN_POINT('',(0.105855341319,-3.257463206685,1.18296270041
    ));
#6523 = CARTESIAN_POINT('',(-1.475741895234,-2.506761759151,
    1.182962679705));
#6524 = CARTESIAN_POINT('',(-2.588652975416,-1.059858637809,
    1.182962695051));
#6525 = CARTESIAN_POINT('',(-2.588652975407,1.059858637802,
    1.182962695051));
#6526 = CARTESIAN_POINT('',(-1.475741895235,2.506761759163,
    1.182962679705));
#6527 = CARTESIAN_POINT('',(0.105855341315,3.257463206676,1.18296270041)
  );
#6528 = CARTESIAN_POINT('',(1.727586214545,3.009448936947,1.182962685685
    ));
#6529 = CARTESIAN_POINT('',(2.834850674204,2.103093441787,1.182962690499
    ));
#6530 = CARTESIAN_POINT('',(3.329930862886,0.907864135812,1.182962690499
    ));
#6531 = CARTESIAN_POINT('',(3.350191131876,0.858951519637,1.182962690499
    ));
#6532 = CARTESIAN_POINT('',(3.370479638251,0.809970732388,1.182962690499
    ));
#6533 = CARTESIAN_POINT('',(3.390796382008,0.760921774065,1.182962690499
    ));
#6534 = CARTESIAN_POINT('',(3.411141363149,0.711804644669,1.182962690499
    ));
#6535 = CARTESIAN_POINT('',(3.431514581674,0.662619344198,1.182962690499
    ));
#6536 = CARTESIAN_POINT('',(3.451916037581,0.613365872653,1.182962690499
    ));
#6537 = CARTESIAN_POINT('',(3.472345730872,0.564044230035,1.182962690499
    ));
#6538 = CARTESIAN_POINT('',(3.492803661547,0.514654416342,1.182962690499
    ));
#6539 = CARTESIAN_POINT('',(3.513289829605,0.465196431576,1.182962690499
    ));
#6540 = CARTESIAN_POINT('',(3.533804235046,0.415670275736,1.182962690499
    ));
#6541 = CARTESIAN_POINT('',(3.459551942206,-0.384913969004,
    1.269338405373));
#6542 = CARTESIAN_POINT('',(3.438387116582,-0.43601037807,1.269338405373
    ));
#6543 = CARTESIAN_POINT('',(3.417380612378,-0.486724565418,
    1.269338405373));
#6544 = CARTESIAN_POINT('',(3.396532429594,-0.537056531046,
    1.269338405373));
#6545 = CARTESIAN_POINT('',(3.37584256823,-0.587006274955,1.269338405373
    ));
#6546 = CARTESIAN_POINT('',(3.355311028286,-0.636573797145,
    1.269338405373));
#6547 = CARTESIAN_POINT('',(3.334937809761,-0.685759097616,
    1.269338405373));
#6548 = CARTESIAN_POINT('',(3.314722912657,-0.734562176367,
    1.269338405373));
#6549 = CARTESIAN_POINT('',(3.294666336973,-0.782983033399,
    1.269338405373));
#6550 = CARTESIAN_POINT('',(3.274768082708,-0.831021668713,
    1.269338405373));
#6551 = CARTESIAN_POINT('',(3.255028149863,-0.878678082306,
    1.269338405373));
#6552 = CARTESIAN_POINT('',(2.775863819411,-2.03548310749,1.269338405373
    ));
#6553 = CARTESIAN_POINT('',(1.704091980563,-2.912929929979,
    1.269338420699));
#6554 = CARTESIAN_POINT('',(0.134360577618,-3.152280979089,1.26933837382
    ));
#6555 = CARTESIAN_POINT('',(-1.395396108631,-2.426388868524,
    1.26933843974));
#6556 = CARTESIAN_POINT('',(-2.473728053044,-1.02623416819,
    1.269338390878));
#6557 = CARTESIAN_POINT('',(-2.473728053057,1.026234168191,
    1.269338390886));
#6558 = CARTESIAN_POINT('',(-1.395396108622,2.426388868523,
    1.269338439734));
#6559 = CARTESIAN_POINT('',(0.134360577613,3.152280979089,1.269338373823
    ));
#6560 = CARTESIAN_POINT('',(1.704091980565,2.912929929979,1.269338420697
    ));
#6561 = CARTESIAN_POINT('',(2.775863819411,2.03548310749,1.269338405373)
  );
#6562 = CARTESIAN_POINT('',(3.255028149863,0.878678082306,1.269338405373
    ));
#6563 = CARTESIAN_POINT('',(3.274768082708,0.831021668713,1.269338405373
    ));
#6564 = CARTESIAN_POINT('',(3.294666336973,0.782983033399,1.269338405373
    ));
#6565 = CARTESIAN_POINT('',(3.314722912657,0.734562176367,1.269338405373
    ));
#6566 = CARTESIAN_POINT('',(3.334937809762,0.685759097616,1.269338405373
    ));
#6567 = CARTESIAN_POINT('',(3.355311028286,0.636573797145,1.269338405373
    ));
#6568 = CARTESIAN_POINT('',(3.37584256823,0.587006274955,1.269338405373)
  );
#6569 = CARTESIAN_POINT('',(3.396532429594,0.537056531046,1.269338405373
    ));
#6570 = CARTESIAN_POINT('',(3.417380612378,0.486724565418,1.269338405373
    ));
#6571 = CARTESIAN_POINT('',(3.438387116583,0.436010378071,1.269338405373
    ));
#6572 = CARTESIAN_POINT('',(3.459551942206,0.384913969004,1.269338405373
    ));
#6573 = ADVANCED_FACE('',(#6574),#6596,.T.);
#6574 = FACE_BOUND('',#6575,.T.);
#6575 = EDGE_LOOP('',(#6576,#6577,#6594,#6595));
#6576 = ORIENTED_EDGE('',*,*,#6463,.T.);
#6577 = ORIENTED_EDGE('',*,*,#6578,.T.);
#6578 = EDGE_CURVE('',#6427,#6412,#6579,.T.);
#6579 = B_SPLINE_CURVE_WITH_KNOTS('',5,(#6580,#6581,#6582,#6583,#6584,
    #6585,#6586,#6587,#6588,#6589,#6590,#6591,#6592,#6593),
  .UNSPECIFIED.,.F.,.F.,(6,4,4,6),(-0.119413470026,-1.353371911114E-07,
    1.96349554383,2.08290869425),.UNSPECIFIED.);
#6580 = CARTESIAN_POINT('',(3.189749034566,1.036275808073,1.269338405373
    ));
#6581 = CARTESIAN_POINT('',(3.199182355483,1.013501756721,1.269338405373
    ));
#6582 = CARTESIAN_POINT('',(3.20846876641,0.991082377458,1.269338405373)
  );
#6583 = CARTESIAN_POINT('',(3.217608267348,0.969017670284,1.269338405373
    ));
#6584 = CARTESIAN_POINT('',(3.226600858298,0.9473076352,1.269338405373)
  );
#6585 = CARTESIAN_POINT('',(3.380894753976,0.574809218729,1.269338405373
    ));
#6586 = CARTESIAN_POINT('',(3.457413628123,0.195110560338,1.269338405373
    ));
#6587 = CARTESIAN_POINT('',(3.457414134116,-0.1951093668,1.269338405373)
  );
#6588 = CARTESIAN_POINT('',(3.380895040325,-0.574808527422,
    1.269338405373));
#6589 = CARTESIAN_POINT('',(3.226600854533,-0.947307644289,
    1.269338405373));
#6590 = CARTESIAN_POINT('',(3.217608261701,-0.969017683918,
    1.269338405373));
#6591 = CARTESIAN_POINT('',(3.208468760763,-0.991082391091,
    1.269338405373));
#6592 = CARTESIAN_POINT('',(3.199182351718,-1.01350176581,1.269338405373
    ));
#6593 = CARTESIAN_POINT('',(3.189749034566,-1.036275808073,
    1.269338405373));
#6594 = ORIENTED_EDGE('',*,*,#6411,.F.);
#6595 = ORIENTED_EDGE('',*,*,#6383,.F.);
#6596 = ( BOUNDED_SURFACE() B_SPLINE_SURFACE(2,5,(
    (#6597,#6598,#6599,#6600,#6601,#6602,#6603,#6604,#6605,#6606,#6607
      ,#6608,#6609,#6610)
    ,(#6611,#6612,#6613,#6614,#6615,#6616,#6617,#6618,#6619,#6620,#6621
      ,#6622,#6623,#6624)
    ,(#6625,#6626,#6627,#6628,#6629,#6630,#6631,#6632,#6633,#6634,#6635
      ,#6636,#6637,#6638
)),.UNSPECIFIED.,.F.,.F.,.F.) B_SPLINE_SURFACE_WITH_KNOTS((3,3),(6,4,4,6
    ),(0.,1.963495679168),(-0.119413470026,-1.353371911114E-07,
    1.96349554383,2.08290869425),.UNSPECIFIED.) 
GEOMETRIC_REPRESENTATION_ITEM() RATIONAL_B_SPLINE_SURFACE((
    (1.,1.,1.,1.,1.,1.,1.,1.,1.,1.,1.,1.,1.,1.)
    ,(0.93061798229,0.93061798229,0.93061798229,0.93061798229
      ,0.93061798229,0.93061798229,0.93061798229,0.93061798229
      ,0.93061798229,0.93061798229,0.93061798229,0.93061798229
      ,0.93061798229,0.93061798229)
,(1.,1.,1.,1.,1.,1.,1.,1.,1.,1.,1.,1.,1.,1.
))) REPRESENTATION_ITEM('') SURFACE() );
#6597 = CARTESIAN_POINT('',(3.264001325546,1.067032118743,1.064979142851
    ));
#6598 = CARTESIAN_POINT('',(3.273140829292,1.0449674049,1.064979142851)
  );
#6599 = CARTESIAN_POINT('',(3.282280331654,1.0229026944,1.064979142851)
  );
#6600 = CARTESIAN_POINT('',(3.291419832631,1.000837987243,1.064979142851
    ));
#6601 = CARTESIAN_POINT('',(3.300559332224,0.978773283428,1.064979142851
    ));
#6602 = CARTESIAN_POINT('',(3.45997823841,0.593901998977,1.064979142851)
  );
#6603 = CARTESIAN_POINT('',(3.539038746156,0.201591257513,1.064979142851
    ));
#6604 = CARTESIAN_POINT('',(3.539039291386,-0.201589955698,
    1.064979142851));
#6605 = CARTESIAN_POINT('',(3.45997851584,-0.593901329202,1.064979142851
    ));
#6606 = CARTESIAN_POINT('',(3.300559329455,-0.978773290113,
    1.064979142851));
#6607 = CARTESIAN_POINT('',(3.291419828478,-1.00083799727,1.064979142851
    ));
#6608 = CARTESIAN_POINT('',(3.2822803275,-1.022902704428,1.064979142851)
  );
#6609 = CARTESIAN_POINT('',(3.273140826523,-1.044967411585,
    1.064979142851));
#6610 = CARTESIAN_POINT('',(3.264001325546,-1.067032118743,
    1.064979142851));
#6611 = CARTESIAN_POINT('',(3.264001325546,1.067032118743,1.182962690499
    ));
#6612 = CARTESIAN_POINT('',(3.273140829292,1.0449674049,1.182962690499)
  );
#6613 = CARTESIAN_POINT('',(3.282280331654,1.0229026944,1.182962690499)
  );
#6614 = CARTESIAN_POINT('',(3.291419832631,1.000837987243,1.182962690499
    ));
#6615 = CARTESIAN_POINT('',(3.300559332224,0.978773283428,1.182962690499
    ));
#6616 = CARTESIAN_POINT('',(3.45997823841,0.593901998977,1.182962690499)
  );
#6617 = CARTESIAN_POINT('',(3.539038746156,0.201591257513,1.182962690499
    ));
#6618 = CARTESIAN_POINT('',(3.539039291386,-0.201589955698,
    1.182962690499));
#6619 = CARTESIAN_POINT('',(3.45997851584,-0.593901329202,1.182962690499
    ));
#6620 = CARTESIAN_POINT('',(3.300559329455,-0.978773290113,
    1.182962690499));
#6621 = CARTESIAN_POINT('',(3.291419828478,-1.00083799727,1.182962690499
    ));
#6622 = CARTESIAN_POINT('',(3.2822803275,-1.022902704428,1.182962690499)
  );
#6623 = CARTESIAN_POINT('',(3.273140826523,-1.044967411585,
    1.182962690499));
#6624 = CARTESIAN_POINT('',(3.264001325546,-1.067032118743,
    1.182962690499));
#6625 = CARTESIAN_POINT('',(3.189749034566,1.036275808073,1.269338405373
    ));
#6626 = CARTESIAN_POINT('',(3.199182355483,1.013501756721,1.269338405373
    ));
#6627 = CARTESIAN_POINT('',(3.20846876641,0.991082377458,1.269338405373)
  );
#6628 = CARTESIAN_POINT('',(3.217608267348,0.969017670284,1.269338405373
    ));
#6629 = CARTESIAN_POINT('',(3.226600858298,0.9473076352,1.269338405373)
  );
#6630 = CARTESIAN_POINT('',(3.380894753976,0.574809218729,1.269338405373
    ));
#6631 = CARTESIAN_POINT('',(3.457413628123,0.195110560338,1.269338405373
    ));
#6632 = CARTESIAN_POINT('',(3.457414134116,-0.1951093668,1.269338405373)
  );
#6633 = CARTESIAN_POINT('',(3.380895040325,-0.574808527422,
    1.269338405373));
#6634 = CARTESIAN_POINT('',(3.226600854533,-0.947307644289,
    1.269338405373));
#6635 = CARTESIAN_POINT('',(3.217608261701,-0.969017683918,
    1.269338405373));
#6636 = CARTESIAN_POINT('',(3.208468760763,-0.991082391091,
    1.269338405373));
#6637 = CARTESIAN_POINT('',(3.199182351718,-1.01350176581,1.269338405373
    ));
#6638 = CARTESIAN_POINT('',(3.189749034566,-1.036275808073,
    1.269338405373));
#6639 = ADVANCED_FACE('',(#6640),#6696,.F.);
#6640 = FACE_BOUND('',#6641,.F.);
#6641 = EDGE_LOOP('',(#6642,#6651,#6652,#6661));
#6642 = ORIENTED_EDGE('',*,*,#6643,.F.);
#6643 = EDGE_CURVE('',#6412,#6644,#6646,.T.);
#6644 = VERTEX_POINT('',#6645);
#6645 = CARTESIAN_POINT('',(3.235446538439,-0.925952274181,
    1.930661594627));
#6646 = CIRCLE('',#6647,0.485412195974);
#6647 = AXIS2_PLACEMENT_3D('',#6648,#6649,#6650);
#6648 = CARTESIAN_POINT('',(3.563765702719,-1.061946524813,1.6));
#6649 = DIRECTION('',(0.382683432365,0.923879532511,2.775557561563E-17)
  );
#6650 = DIRECTION('',(-0.523404384043,0.216801194476,-0.824041924199));
#6651 = ORIENTED_EDGE('',*,*,#6426,.T.);
#6652 = ORIENTED_EDGE('',*,*,#6653,.T.);
#6653 = EDGE_CURVE('',#6427,#6654,#6656,.T.);
#6654 = VERTEX_POINT('',#6655);
#6655 = CARTESIAN_POINT('',(3.235446538439,0.925952274181,1.930661594627
    ));
#6656 = CIRCLE('',#6657,0.485412195974);
#6657 = AXIS2_PLACEMENT_3D('',#6658,#6659,#6660);
#6658 = CARTESIAN_POINT('',(3.563765702719,1.061946524813,1.6));
#6659 = DIRECTION('',(-0.382683432365,0.923879532511,-2.775557561563E-17
    ));
#6660 = DIRECTION('',(-0.523404384043,-0.216801194476,-0.824041924199));
#6661 = ORIENTED_EDGE('',*,*,#6662,.F.);
#6662 = EDGE_CURVE('',#6644,#6654,#6663,.T.);
#6663 = B_SPLINE_CURVE_WITH_KNOTS('',11,(#6664,#6665,#6666,#6667,#6668,
    #6669,#6670,#6671,#6672,#6673,#6674,#6675,#6676,#6677,#6678,#6679,
    #6680,#6681,#6682,#6683,#6684,#6685,#6686,#6687,#6688,#6689,#6690,
    #6691,#6692,#6693,#6694,#6695),.UNSPECIFIED.,.F.,.F.,(12,10,10,12),(
    -0.585615641583,2.901255980386E-15,13.744467859455,14.330083501039),
  .UNSPECIFIED.);
#6664 = CARTESIAN_POINT('',(3.459551942206,-0.384913969004,
    1.930661594627));
#6665 = CARTESIAN_POINT('',(3.438387116582,-0.43601037807,1.930661594627
    ));
#6666 = CARTESIAN_POINT('',(3.417380612378,-0.486724565418,
    1.930661594627));
#6667 = CARTESIAN_POINT('',(3.396532429594,-0.537056531046,
    1.930661594627));
#6668 = CARTESIAN_POINT('',(3.37584256823,-0.587006274955,1.930661594627
    ));
#6669 = CARTESIAN_POINT('',(3.355311028286,-0.636573797145,
    1.930661594627));
#6670 = CARTESIAN_POINT('',(3.334937809762,-0.685759097616,
    1.930661594627));
#6671 = CARTESIAN_POINT('',(3.314722912657,-0.734562176367,
    1.930661594627));
#6672 = CARTESIAN_POINT('',(3.294666336973,-0.782983033399,
    1.930661594627));
#6673 = CARTESIAN_POINT('',(3.274768082708,-0.831021668713,
    1.930661594627));
#6674 = CARTESIAN_POINT('',(3.255028149863,-0.878678082306,
    1.930661594627));
#6675 = CARTESIAN_POINT('',(2.775863819411,-2.03548310749,1.930661594627
    ));
#6676 = CARTESIAN_POINT('',(1.704091980563,-2.912929929979,
    1.930661579303));
#6677 = CARTESIAN_POINT('',(0.134360577617,-3.15228097909,1.930661626176
    ));
#6678 = CARTESIAN_POINT('',(-1.395396108631,-2.426388868523,
    1.930661560267));
#6679 = CARTESIAN_POINT('',(-2.473728053045,-1.026234168191,
    1.930661609113));
#6680 = CARTESIAN_POINT('',(-2.473728053056,1.026234168191,
    1.930661609123));
#6681 = CARTESIAN_POINT('',(-1.395396108622,2.426388868523,1.93066156026
    ));
#6682 = CARTESIAN_POINT('',(0.134360577613,3.15228097909,1.93066162618)
  );
#6683 = CARTESIAN_POINT('',(1.704091980565,2.912929929979,1.930661579301
    ));
#6684 = CARTESIAN_POINT('',(2.775863819411,2.03548310749,1.930661594627)
  );
#6685 = CARTESIAN_POINT('',(3.255028149863,0.878678082306,1.930661594627
    ));
#6686 = CARTESIAN_POINT('',(3.274768082708,0.831021668713,1.930661594627
    ));
#6687 = CARTESIAN_POINT('',(3.294666336973,0.782983033399,1.930661594627
    ));
#6688 = CARTESIAN_POINT('',(3.314722912657,0.734562176367,1.930661594627
    ));
#6689 = CARTESIAN_POINT('',(3.334937809762,0.685759097616,1.930661594627
    ));
#6690 = CARTESIAN_POINT('',(3.355311028286,0.636573797145,1.930661594627
    ));
#6691 = CARTESIAN_POINT('',(3.37584256823,0.587006274955,1.930661594627)
  );
#6692 = CARTESIAN_POINT('',(3.396532429594,0.537056531046,1.930661594627
    ));
#6693 = CARTESIAN_POINT('',(3.417380612378,0.486724565418,1.930661594627
    ));
#6694 = CARTESIAN_POINT('',(3.438387116582,0.436010378071,1.930661594627
    ));
#6695 = CARTESIAN_POINT('',(3.459551942206,0.384913969004,1.930661594627
    ));
#6696 = SURFACE_OF_REVOLUTION('',#6697,#6702);
#6697 = CIRCLE('',#6698,0.485412195974);
#6698 = AXIS2_PLACEMENT_3D('',#6699,#6700,#6701);
#6699 = CARTESIAN_POINT('',(3.563765702719,-1.061946524813,1.6));
#6700 = DIRECTION('',(0.382683432365,0.923879532511,0.));
#6701 = DIRECTION('',(-0.523404384043,0.216801194476,-0.824041924199));
#6702 = AXIS1_PLACEMENT('',#6703,#6704);
#6703 = CARTESIAN_POINT('',(1.,0.,0.));
#6704 = DIRECTION('',(0.,0.,-1.));
#6705 = ADVANCED_FACE('',(#6706),#6814,.F.);
#6706 = FACE_BOUND('',#6707,.F.);
#6707 = EDGE_LOOP('',(#6708,#6709,#6710,#6711,#6730,#6741,#6760,#6767,
    #6786,#6797));
#6708 = ORIENTED_EDGE('',*,*,#6653,.F.);
#6709 = ORIENTED_EDGE('',*,*,#6578,.T.);
#6710 = ORIENTED_EDGE('',*,*,#6643,.T.);
#6711 = ORIENTED_EDGE('',*,*,#6712,.F.);
#6712 = EDGE_CURVE('',#6713,#6644,#6715,.T.);
#6713 = VERTEX_POINT('',#6714);
#6714 = CARTESIAN_POINT('',(3.406679829997,-0.25,1.930661594627));
#6715 = B_SPLINE_CURVE_WITH_KNOTS('',5,(#6716,#6717,#6718,#6719,#6720,
    #6721,#6722,#6723,#6724,#6725,#6726,#6727,#6728,#6729),
  .UNSPECIFIED.,.F.,.F.,(6,4,4,6),(-0.119413470026,-1.353371911203E-07,
    1.96349554383,2.08290869425),.UNSPECIFIED.);
#6716 = CARTESIAN_POINT('',(3.189749034566,1.036275808073,1.930661594627
    ));
#6717 = CARTESIAN_POINT('',(3.199182355483,1.013501756721,1.930661594627
    ));
#6718 = CARTESIAN_POINT('',(3.20846876641,0.991082377458,1.930661594627)
  );
#6719 = CARTESIAN_POINT('',(3.217608267348,0.969017670284,1.930661594627
    ));
#6720 = CARTESIAN_POINT('',(3.226600858298,0.9473076352,1.930661594627)
  );
#6721 = CARTESIAN_POINT('',(3.380894753976,0.574809218729,1.930661594627
    ));
#6722 = CARTESIAN_POINT('',(3.457413628123,0.195110560338,1.930661594627
    ));
#6723 = CARTESIAN_POINT('',(3.457414134116,-0.1951093668,1.930661594627)
  );
#6724 = CARTESIAN_POINT('',(3.380895040325,-0.574808527422,
    1.930661594627));
#6725 = CARTESIAN_POINT('',(3.226600854533,-0.947307644289,
    1.930661594627));
#6726 = CARTESIAN_POINT('',(3.217608261701,-0.969017683918,
    1.930661594627));
#6727 = CARTESIAN_POINT('',(3.208468760763,-0.991082391091,
    1.930661594627));
#6728 = CARTESIAN_POINT('',(3.199182351718,-1.01350176581,1.930661594627
    ));
#6729 = CARTESIAN_POINT('',(3.189749034566,-1.036275808073,
    1.930661594627));
#6730 = ORIENTED_EDGE('',*,*,#6731,.F.);
#6731 = EDGE_CURVE('',#6732,#6713,#6734,.T.);
#6732 = VERTEX_POINT('',#6733);
#6733 = CARTESIAN_POINT('',(3.299471489861,-0.25,1.749));
#6734 = B_SPLINE_CURVE_WITH_KNOTS('',5,(#6735,#6736,#6737,#6738,#6739,
    #6740),.UNSPECIFIED.,.F.,.F.,(6,6),(0.,1.),
  .PIECEWISE_BEZIER_KNOTS.);
#6735 = CARTESIAN_POINT('',(3.299471489861,-0.25,1.749));
#6736 = CARTESIAN_POINT('',(3.312587202196,-0.25,1.789427365424));
#6737 = CARTESIAN_POINT('',(3.33014872115,-0.25,1.828424172249));
#6738 = CARTESIAN_POINT('',(3.351941636815,-0.25,1.865341021624));
#6739 = CARTESIAN_POINT('',(3.377608548406,-0.25,1.899584994083));
#6740 = CARTESIAN_POINT('',(3.40668024473,-0.25,1.930661807849));
#6741 = ORIENTED_EDGE('',*,*,#6742,.T.);
#6742 = EDGE_CURVE('',#6732,#6743,#6745,.T.);
#6743 = VERTEX_POINT('',#6744);
#6744 = CARTESIAN_POINT('',(3.299999782609,-1.E-03,1.5));
#6745 = B_SPLINE_CURVE_WITH_KNOTS('',7,(#6746,#6747,#6748,#6749,#6750,
    #6751,#6752,#6753,#6754,#6755,#6756,#6757,#6758,#6759),
  .UNSPECIFIED.,.F.,.F.,(8,6,8),(0.,0.656899903514,1.),.UNSPECIFIED.);
#6746 = CARTESIAN_POINT('',(3.299471489861,-0.25,1.749));
#6747 = CARTESIAN_POINT('',(3.288903887063,-0.25,1.716426818984));
#6748 = CARTESIAN_POINT('',(3.281699509879,-0.245028477564,
    1.683385522006));
#6749 = CARTESIAN_POINT('',(3.278045828963,-0.234830048078,
    1.650728113424));
#6750 = CARTESIAN_POINT('',(3.277713110475,-0.219290375561,
    1.619367410059));
#6751 = CARTESIAN_POINT('',(3.280087341319,-0.198436579318,
    1.590251266333));
#6752 = CARTESIAN_POINT('',(3.284149886785,-0.172302430004,
    1.564384728938));
#6753 = CARTESIAN_POINT('',(3.29090216963,-0.124770531607,1.532041582647
    ));
#6754 = CARTESIAN_POINT('',(3.293310489781,-0.107148532185,
    1.522255641965));
#6755 = CARTESIAN_POINT('',(3.295638205192,-8.813505246606E-02,
    1.513869244735));
#6756 = CARTESIAN_POINT('',(3.297696231285,-6.772624403228E-02,
    1.507131244826));
#6757 = CARTESIAN_POINT('',(3.2992147289,-4.608658790058E-02,
    1.502401965702));
#6758 = CARTESIAN_POINT('',(3.299989938095,-2.364237892977E-02,1.5));
#6759 = CARTESIAN_POINT('',(3.299999782609,-1.E-03,1.5));
#6760 = ORIENTED_EDGE('',*,*,#6761,.T.);
#6761 = EDGE_CURVE('',#6743,#6762,#6764,.T.);
#6762 = VERTEX_POINT('',#6763);
#6763 = CARTESIAN_POINT('',(3.299999782609,9.999999999998E-04,1.5));
#6764 = B_SPLINE_CURVE_WITH_KNOTS('',1,(#6765,#6766),.UNSPECIFIED.,.F.,
  .F.,(2,2),(0.,1.),.PIECEWISE_BEZIER_KNOTS.);
#6765 = CARTESIAN_POINT('',(3.299999782609,-1.E-03,1.5));
#6766 = CARTESIAN_POINT('',(3.299999782609,9.999999999998E-04,1.5));
#6767 = ORIENTED_EDGE('',*,*,#6768,.T.);
#6768 = EDGE_CURVE('',#6762,#6769,#6771,.T.);
#6769 = VERTEX_POINT('',#6770);
#6770 = CARTESIAN_POINT('',(3.299471489861,0.25,1.749));
#6771 = B_SPLINE_CURVE_WITH_KNOTS('',7,(#6772,#6773,#6774,#6775,#6776,
    #6777,#6778,#6779,#6780,#6781,#6782,#6783,#6784,#6785),
  .UNSPECIFIED.,.F.,.F.,(8,6,8),(0.,0.343710672019,1.),.UNSPECIFIED.);
#6772 = CARTESIAN_POINT('',(3.299999782609,9.999999999997E-04,1.5));
#6773 = CARTESIAN_POINT('',(3.299989920585,2.368265119001E-02,1.5));
#6774 = CARTESIAN_POINT('',(3.299211971008,4.616604948054E-02,
    1.502410516981));
#6775 = CARTESIAN_POINT('',(3.297688162784,6.784108201107E-02,
    1.507156358887));
#6776 = CARTESIAN_POINT('',(3.295623636424,8.827968087268E-02,
    1.513916973069));
#6777 = CARTESIAN_POINT('',(3.293289812594,0.10731720987,1.522330091337)
  );
#6778 = CARTESIAN_POINT('',(3.290876523628,0.124958092937,1.532145912779
    ));
#6779 = CARTESIAN_POINT('',(3.284127396232,0.172447200062,1.564528141918
    ));
#6780 = CARTESIAN_POINT('',(3.280076399241,0.198532790636,1.590385718193
    ));
#6781 = CARTESIAN_POINT('',(3.277714368661,0.21934776166,1.619483238628)
  );
#6782 = CARTESIAN_POINT('',(3.278055943653,0.234858301632,1.650818612401
    ));
#6783 = CARTESIAN_POINT('',(3.281712830825,0.245037663177,1.683446586849
    ));
#6784 = CARTESIAN_POINT('',(3.288913652378,0.25,1.716456919224));
#6785 = CARTESIAN_POINT('',(3.299471489861,0.25,1.749));
#6786 = ORIENTED_EDGE('',*,*,#6787,.T.);
#6787 = EDGE_CURVE('',#6769,#6788,#6790,.T.);
#6788 = VERTEX_POINT('',#6789);
#6789 = CARTESIAN_POINT('',(3.40667978278,0.25,1.930661594627));
#6790 = B_SPLINE_CURVE_WITH_KNOTS('',5,(#6791,#6792,#6793,#6794,#6795,
    #6796),.UNSPECIFIED.,.F.,.F.,(6,6),(0.,1.),
  .PIECEWISE_BEZIER_KNOTS.);
#6791 = CARTESIAN_POINT('',(3.299471489861,0.25,1.749));
#6792 = CARTESIAN_POINT('',(3.312587202196,0.25,1.789427365424));
#6793 = CARTESIAN_POINT('',(3.33014872115,0.25,1.828424172249));
#6794 = CARTESIAN_POINT('',(3.351941636815,0.25,1.865341021624));
#6795 = CARTESIAN_POINT('',(3.377608548406,0.25,1.899584994083));
#6796 = CARTESIAN_POINT('',(3.40668024473,0.25,1.930661807849));
#6797 = ORIENTED_EDGE('',*,*,#6798,.F.);
#6798 = EDGE_CURVE('',#6654,#6788,#6799,.T.);
#6799 = B_SPLINE_CURVE_WITH_KNOTS('',5,(#6800,#6801,#6802,#6803,#6804,
    #6805,#6806,#6807,#6808,#6809,#6810,#6811,#6812,#6813),
  .UNSPECIFIED.,.F.,.F.,(6,4,4,6),(-0.119413470026,-1.353371911203E-07,
    1.96349554383,2.08290869425),.UNSPECIFIED.);
#6800 = CARTESIAN_POINT('',(3.189749034566,1.036275808073,1.930661594627
    ));
#6801 = CARTESIAN_POINT('',(3.199182355483,1.013501756721,1.930661594627
    ));
#6802 = CARTESIAN_POINT('',(3.20846876641,0.991082377458,1.930661594627)
  );
#6803 = CARTESIAN_POINT('',(3.217608267348,0.969017670284,1.930661594627
    ));
#6804 = CARTESIAN_POINT('',(3.226600858298,0.9473076352,1.930661594627)
  );
#6805 = CARTESIAN_POINT('',(3.380894753976,0.574809218729,1.930661594627
    ));
#6806 = CARTESIAN_POINT('',(3.457413628123,0.195110560338,1.930661594627
    ));
#6807 = CARTESIAN_POINT('',(3.457414134116,-0.1951093668,1.930661594627)
  );
#6808 = CARTESIAN_POINT('',(3.380895040325,-0.574808527422,
    1.930661594627));
#6809 = CARTESIAN_POINT('',(3.226600854533,-0.947307644289,
    1.930661594627));
#6810 = CARTESIAN_POINT('',(3.217608261701,-0.969017683918,
    1.930661594627));
#6811 = CARTESIAN_POINT('',(3.208468760763,-0.991082391091,
    1.930661594627));
#6812 = CARTESIAN_POINT('',(3.199182351718,-1.01350176581,1.930661594627
    ));
#6813 = CARTESIAN_POINT('',(3.189749034566,-1.036275808073,
    1.930661594627));
#6814 = SURFACE_OF_REVOLUTION('',#6815,#6820);
#6815 = CIRCLE('',#6816,0.485412195974);
#6816 = AXIS2_PLACEMENT_3D('',#6817,#6818,#6819);
#6817 = CARTESIAN_POINT('',(3.563765702719,1.061946524813,1.6));
#6818 = DIRECTION('',(-0.382683432365,0.923879532511,0.));
#6819 = DIRECTION('',(-0.523404384043,-0.216801194476,-0.824041924199));
#6820 = AXIS1_PLACEMENT('',#6821,#6822);
#6821 = CARTESIAN_POINT('',(1.,0.,0.));
#6822 = DIRECTION('',(0.,0.,-1.));
#6823 = ADVANCED_FACE('',(#6824),#6892,.T.);
#6824 = FACE_BOUND('',#6825,.T.);
#6825 = EDGE_LOOP('',(#6826,#6841,#6878,#6891));
#6826 = ORIENTED_EDGE('',*,*,#6827,.T.);
#6827 = EDGE_CURVE('',#6644,#6828,#6830,.T.);
#6828 = VERTEX_POINT('',#6829);
#6829 = CARTESIAN_POINT('',(3.309698831278,-0.956708580913,
    2.135020857149));
#6830 = B_SPLINE_CURVE_WITH_KNOTS('',5,(#6831,#6832,#6833,#6834,#6835,
    #6836,#6837,#6838,#6839,#6840),.UNSPECIFIED.,.F.,.F.,(6,4,6),(0.,0.5
    ,1.),.UNSPECIFIED.);
#6831 = CARTESIAN_POINT('',(3.235446538439,-0.925952274181,
    1.930661594627));
#6832 = CARTESIAN_POINT('',(3.249271815997,-0.93167889165,1.946744172007
    ));
#6833 = CARTESIAN_POINT('',(3.261973435419,-0.936940074678,
    1.964470589246));
#6834 = CARTESIAN_POINT('',(3.273234543788,-0.941604578492,1.9836790636)
  );
#6835 = CARTESIAN_POINT('',(3.282778034968,-0.945557621971,
    2.004056935692));
#6836 = CARTESIAN_POINT('',(3.298159251937,-0.951928730645,
    2.046389556494));
#6837 = CARTESIAN_POINT('',(3.303997166347,-0.95434687397,2.068344824333
    ));
#6838 = CARTESIAN_POINT('',(3.307841659805,-0.955939315301,
    2.090710414983));
#6839 = CARTESIAN_POINT('',(3.30969883117,-0.956708580868,2.113053113924
    ));
#6840 = CARTESIAN_POINT('',(3.309698831278,-0.956708580913,
    2.135020857149));
#6841 = ORIENTED_EDGE('',*,*,#6842,.T.);
#6842 = EDGE_CURVE('',#6828,#6843,#6845,.T.);
#6843 = VERTEX_POINT('',#6844);
#6844 = CARTESIAN_POINT('',(3.309698831278,0.956708580913,2.135020857149
    ));
#6845 = B_SPLINE_CURVE_WITH_KNOTS('',11,(#6846,#6847,#6848,#6849,#6850,
    #6851,#6852,#6853,#6854,#6855,#6856,#6857,#6858,#6859,#6860,#6861,
    #6862,#6863,#6864,#6865,#6866,#6867,#6868,#6869,#6870,#6871,#6872,
    #6873,#6874,#6875,#6876,#6877),.UNSPECIFIED.,.F.,.F.,(12,10,10,12),(
    -0.585615641583,2.901255980386E-15,13.744467859455,14.330083501039),
  .UNSPECIFIED.);
#6846 = CARTESIAN_POINT('',(3.533804235046,-0.415670275735,
    2.135020857149));
#6847 = CARTESIAN_POINT('',(3.513289829604,-0.465196431576,
    2.135020857149));
#6848 = CARTESIAN_POINT('',(3.492803661547,-0.514654416342,
    2.135020857149));
#6849 = CARTESIAN_POINT('',(3.472345730872,-0.564044230035,
    2.135020857149));
#6850 = CARTESIAN_POINT('',(3.451916037581,-0.613365872653,
    2.135020857149));
#6851 = CARTESIAN_POINT('',(3.431514581673,-0.662619344198,
    2.135020857149));
#6852 = CARTESIAN_POINT('',(3.411141363149,-0.711804644669,
    2.135020857149));
#6853 = CARTESIAN_POINT('',(3.390796382008,-0.760921774065,
    2.135020857149));
#6854 = CARTESIAN_POINT('',(3.370479638251,-0.809970732388,
    2.135020857149));
#6855 = CARTESIAN_POINT('',(3.350191131876,-0.858951519637,
    2.135020857149));
#6856 = CARTESIAN_POINT('',(3.329930862886,-0.907864135812,
    2.135020857149));
#6857 = CARTESIAN_POINT('',(2.834850674205,-2.103093441788,
    2.135020857149));
#6858 = CARTESIAN_POINT('',(1.727586252495,-3.009448724487,
    2.135020937091));
#6859 = CARTESIAN_POINT('',(0.10585501195,-3.257464103805,2.135020692567
    ));
#6860 = CARTESIAN_POINT('',(-1.475741298782,-2.5067600004,2.135021036405
    ));
#6861 = CARTESIAN_POINT('',(-2.588653308495,-1.059860959899,
    2.135020781556));
#6862 = CARTESIAN_POINT('',(-2.588653308509,1.059860959899,
    2.135020781567));
#6863 = CARTESIAN_POINT('',(-1.475741298771,2.5067600004,2.135021036396)
  );
#6864 = CARTESIAN_POINT('',(0.105855011945,3.257464103806,2.135020692572
    ));
#6865 = CARTESIAN_POINT('',(1.727586252497,3.009448724487,2.135020937089
    ));
#6866 = CARTESIAN_POINT('',(2.834850674204,2.103093441788,2.135020857149
    ));
#6867 = CARTESIAN_POINT('',(3.329930862886,0.907864135812,2.135020857149
    ));
#6868 = CARTESIAN_POINT('',(3.350191131876,0.858951519637,2.135020857149
    ));
#6869 = CARTESIAN_POINT('',(3.370479638251,0.809970732388,2.135020857149
    ));
#6870 = CARTESIAN_POINT('',(3.390796382008,0.760921774065,2.135020857149
    ));
#6871 = CARTESIAN_POINT('',(3.411141363149,0.711804644669,2.135020857149
    ));
#6872 = CARTESIAN_POINT('',(3.431514581673,0.662619344198,2.135020857149
    ));
#6873 = CARTESIAN_POINT('',(3.451916037581,0.613365872653,2.135020857149
    ));
#6874 = CARTESIAN_POINT('',(3.472345730872,0.564044230035,2.135020857149
    ));
#6875 = CARTESIAN_POINT('',(3.492803661547,0.514654416342,2.135020857149
    ));
#6876 = CARTESIAN_POINT('',(3.513289829605,0.465196431576,2.135020857149
    ));
#6877 = CARTESIAN_POINT('',(3.533804235046,0.415670275736,2.135020857149
    ));
#6878 = ORIENTED_EDGE('',*,*,#6879,.F.);
#6879 = EDGE_CURVE('',#6654,#6843,#6880,.T.);
#6880 = B_SPLINE_CURVE_WITH_KNOTS('',5,(#6881,#6882,#6883,#6884,#6885,
    #6886,#6887,#6888,#6889,#6890),.UNSPECIFIED.,.F.,.F.,(6,4,6),(0.,0.5
    ,1.),.UNSPECIFIED.);
#6881 = CARTESIAN_POINT('',(3.235446538439,0.925952274181,1.930661594627
    ));
#6882 = CARTESIAN_POINT('',(3.249271815997,0.93167889165,1.946744172007)
  );
#6883 = CARTESIAN_POINT('',(3.261973435419,0.936940074678,1.964470589246
    ));
#6884 = CARTESIAN_POINT('',(3.273234543788,0.941604578492,1.9836790636)
  );
#6885 = CARTESIAN_POINT('',(3.282778034968,0.945557621971,2.004056935692
    ));
#6886 = CARTESIAN_POINT('',(3.298159251937,0.951928730645,2.046389556494
    ));
#6887 = CARTESIAN_POINT('',(3.303997166347,0.95434687397,2.068344824333)
  );
#6888 = CARTESIAN_POINT('',(3.307841659805,0.955939315301,2.090710414983
    ));
#6889 = CARTESIAN_POINT('',(3.30969883117,0.956708580868,2.113053113924)
  );
#6890 = CARTESIAN_POINT('',(3.309698831278,0.956708580913,2.135020857149
    ));
#6891 = ORIENTED_EDGE('',*,*,#6662,.F.);
#6892 = ( BOUNDED_SURFACE() B_SPLINE_SURFACE(2,11,(
    (#6893,#6894,#6895,#6896,#6897,#6898,#6899,#6900,#6901,#6902,#6903
      ,#6904,#6905,#6906,#6907,#6908,#6909,#6910,#6911,#6912,#6913,#6914
      ,#6915,#6916,#6917,#6918,#6919,#6920,#6921,#6922,#6923,#6924)
    ,(#6925,#6926,#6927,#6928,#6929,#6930,#6931,#6932,#6933,#6934,#6935
      ,#6936,#6937,#6938,#6939,#6940,#6941,#6942,#6943,#6944,#6945,#6946
      ,#6947,#6948,#6949,#6950,#6951,#6952,#6953,#6954,#6955,#6956)
    ,(#6957,#6958,#6959,#6960,#6961,#6962,#6963,#6964,#6965,#6966,#6967
      ,#6968,#6969,#6970,#6971,#6972,#6973,#6974,#6975,#6976,#6977,#6978
      ,#6979,#6980,#6981,#6982,#6983,#6984,#6985,#6986,#6987,#6988
)),.UNSPECIFIED.,.F.,.F.,.F.) B_SPLINE_SURFACE_WITH_KNOTS((3,3),(12,10,
    10,12),(0.,13.744467859455),(-0.585615641583,2.901255980386E-15,
    13.744467859455,14.330083501039),.UNSPECIFIED.) 
GEOMETRIC_REPRESENTATION_ITEM() RATIONAL_B_SPLINE_SURFACE((
    (1.,1.,1.,1.,1.,1.,1.,1.,1.,1.,1.,1.,1.,1.,1.,1.,1.,1.,1.,1.,1.,1.
      ,1.,1.,1.,1.,1.,1.,1.,1.,1.,1.)
    ,(0.93061798229,0.93061798229,0.93061798229,0.93061798229
      ,0.93061798229,0.93061798229,0.93061798229,0.93061798229
      ,0.93061798229,0.93061798229,0.93061798229,0.93061798229
      ,0.930617902914,0.930618145705,0.930617804307,0.93061805734
      ,0.930618057345,0.930617804303,0.930618145707,0.930617902913
      ,0.93061798229,0.93061798229,0.93061798229,0.93061798229
      ,0.93061798229,0.93061798229,0.93061798229,0.93061798229
      ,0.93061798229,0.93061798229,0.93061798229,0.93061798229)
    ,(1.,1.,1.,1.,1.,1.,1.,1.,1.,1.,1.,1.,1.,1.,1.,1.,1.,1.,1.,1.,1.,1.
,1.,1.,1.,1.,1.,1.,1.,1.,1.,1.))) REPRESENTATION_ITEM('') SURFACE() );
#6893 = CARTESIAN_POINT('',(3.459551942206,-0.384913969004,
    1.930661594627));
#6894 = CARTESIAN_POINT('',(3.438387116582,-0.43601037807,1.930661594627
    ));
#6895 = CARTESIAN_POINT('',(3.417380612378,-0.486724565418,
    1.930661594627));
#6896 = CARTESIAN_POINT('',(3.396532429594,-0.537056531046,
    1.930661594627));
#6897 = CARTESIAN_POINT('',(3.37584256823,-0.587006274955,1.930661594627
    ));
#6898 = CARTESIAN_POINT('',(3.355311028286,-0.636573797145,
    1.930661594627));
#6899 = CARTESIAN_POINT('',(3.334937809762,-0.685759097616,
    1.930661594627));
#6900 = CARTESIAN_POINT('',(3.314722912657,-0.734562176367,
    1.930661594627));
#6901 = CARTESIAN_POINT('',(3.294666336973,-0.782983033399,
    1.930661594627));
#6902 = CARTESIAN_POINT('',(3.274768082708,-0.831021668713,
    1.930661594627));
#6903 = CARTESIAN_POINT('',(3.255028149863,-0.878678082306,
    1.930661594627));
#6904 = CARTESIAN_POINT('',(2.775863819411,-2.03548310749,1.930661594627
    ));
#6905 = CARTESIAN_POINT('',(1.704091980563,-2.912929929979,
    1.930661579303));
#6906 = CARTESIAN_POINT('',(0.134360577617,-3.15228097909,1.930661626176
    ));
#6907 = CARTESIAN_POINT('',(-1.395396108631,-2.426388868523,
    1.930661560267));
#6908 = CARTESIAN_POINT('',(-2.473728053045,-1.026234168191,
    1.930661609113));
#6909 = CARTESIAN_POINT('',(-2.473728053056,1.026234168191,
    1.930661609123));
#6910 = CARTESIAN_POINT('',(-1.395396108622,2.426388868523,1.93066156026
    ));
#6911 = CARTESIAN_POINT('',(0.134360577613,3.15228097909,1.93066162618)
  );
#6912 = CARTESIAN_POINT('',(1.704091980565,2.912929929979,1.930661579301
    ));
#6913 = CARTESIAN_POINT('',(2.775863819411,2.03548310749,1.930661594627)
  );
#6914 = CARTESIAN_POINT('',(3.255028149863,0.878678082306,1.930661594627
    ));
#6915 = CARTESIAN_POINT('',(3.274768082708,0.831021668713,1.930661594627
    ));
#6916 = CARTESIAN_POINT('',(3.294666336973,0.782983033399,1.930661594627
    ));
#6917 = CARTESIAN_POINT('',(3.314722912657,0.734562176367,1.930661594627
    ));
#6918 = CARTESIAN_POINT('',(3.334937809762,0.685759097616,1.930661594627
    ));
#6919 = CARTESIAN_POINT('',(3.355311028286,0.636573797145,1.930661594627
    ));
#6920 = CARTESIAN_POINT('',(3.37584256823,0.587006274955,1.930661594627)
  );
#6921 = CARTESIAN_POINT('',(3.396532429594,0.537056531046,1.930661594627
    ));
#6922 = CARTESIAN_POINT('',(3.417380612378,0.486724565418,1.930661594627
    ));
#6923 = CARTESIAN_POINT('',(3.438387116582,0.436010378071,1.930661594627
    ));
#6924 = CARTESIAN_POINT('',(3.459551942206,0.384913969004,1.930661594627
    ));
#6925 = CARTESIAN_POINT('',(3.533804235046,-0.415670275735,
    2.017037309501));
#6926 = CARTESIAN_POINT('',(3.513289829604,-0.465196431576,
    2.017037309501));
#6927 = CARTESIAN_POINT('',(3.492803661547,-0.514654416342,
    2.017037309501));
#6928 = CARTESIAN_POINT('',(3.472345730872,-0.564044230035,
    2.017037309501));
#6929 = CARTESIAN_POINT('',(3.451916037581,-0.613365872653,
    2.017037309501));
#6930 = CARTESIAN_POINT('',(3.431514581673,-0.662619344198,
    2.017037309501));
#6931 = CARTESIAN_POINT('',(3.411141363149,-0.711804644669,
    2.017037309501));
#6932 = CARTESIAN_POINT('',(3.390796382008,-0.760921774065,
    2.017037309501));
#6933 = CARTESIAN_POINT('',(3.37047963825,-0.809970732388,2.017037309501
    ));
#6934 = CARTESIAN_POINT('',(3.350191131876,-0.858951519637,
    2.017037309501));
#6935 = CARTESIAN_POINT('',(3.329930862886,-0.907864135812,
    2.017037309501));
#6936 = CARTESIAN_POINT('',(2.834850674205,-2.103093441788,
    2.017037309501));
#6937 = CARTESIAN_POINT('',(1.727586214542,-3.009448936944,
    2.017037314315));
#6938 = CARTESIAN_POINT('',(0.105855341319,-3.257463206685,2.01703729959
    ));
#6939 = CARTESIAN_POINT('',(-1.475741895236,-2.506761759151,
    2.017037320295));
#6940 = CARTESIAN_POINT('',(-2.588652975413,-1.05985863781,
    2.017037304949));
#6941 = CARTESIAN_POINT('',(-2.58865297541,1.059858637805,2.017037304949
    ));
#6942 = CARTESIAN_POINT('',(-1.475741895234,2.506761759161,
    2.017037320295));
#6943 = CARTESIAN_POINT('',(0.105855341315,3.257463206678,2.01703729959)
  );
#6944 = CARTESIAN_POINT('',(1.727586214545,3.009448936946,2.017037314315
    ));
#6945 = CARTESIAN_POINT('',(2.834850674204,2.103093441787,2.017037309501
    ));
#6946 = CARTESIAN_POINT('',(3.329930862886,0.907864135812,2.017037309501
    ));
#6947 = CARTESIAN_POINT('',(3.350191131876,0.858951519637,2.017037309501
    ));
#6948 = CARTESIAN_POINT('',(3.370479638251,0.809970732388,2.017037309501
    ));
#6949 = CARTESIAN_POINT('',(3.390796382008,0.760921774065,2.017037309501
    ));
#6950 = CARTESIAN_POINT('',(3.411141363149,0.711804644669,2.017037309501
    ));
#6951 = CARTESIAN_POINT('',(3.431514581674,0.662619344198,2.017037309501
    ));
#6952 = CARTESIAN_POINT('',(3.451916037581,0.613365872653,2.017037309501
    ));
#6953 = CARTESIAN_POINT('',(3.472345730872,0.564044230035,2.017037309501
    ));
#6954 = CARTESIAN_POINT('',(3.492803661547,0.514654416342,2.017037309501
    ));
#6955 = CARTESIAN_POINT('',(3.513289829605,0.465196431576,2.017037309501
    ));
#6956 = CARTESIAN_POINT('',(3.533804235046,0.415670275736,2.017037309501
    ));
#6957 = CARTESIAN_POINT('',(3.533804235046,-0.415670275735,
    2.135020857149));
#6958 = CARTESIAN_POINT('',(3.513289829604,-0.465196431576,
    2.135020857149));
#6959 = CARTESIAN_POINT('',(3.492803661547,-0.514654416342,
    2.135020857149));
#6960 = CARTESIAN_POINT('',(3.472345730872,-0.564044230035,
    2.135020857149));
#6961 = CARTESIAN_POINT('',(3.451916037581,-0.613365872653,
    2.135020857149));
#6962 = CARTESIAN_POINT('',(3.431514581673,-0.662619344198,
    2.135020857149));
#6963 = CARTESIAN_POINT('',(3.411141363149,-0.711804644669,
    2.135020857149));
#6964 = CARTESIAN_POINT('',(3.390796382008,-0.760921774065,
    2.135020857149));
#6965 = CARTESIAN_POINT('',(3.370479638251,-0.809970732388,
    2.135020857149));
#6966 = CARTESIAN_POINT('',(3.350191131876,-0.858951519637,
    2.135020857149));
#6967 = CARTESIAN_POINT('',(3.329930862886,-0.907864135812,
    2.135020857149));
#6968 = CARTESIAN_POINT('',(2.834850674205,-2.103093441788,
    2.135020857149));
#6969 = CARTESIAN_POINT('',(1.727586252495,-3.009448724487,
    2.135020937091));
#6970 = CARTESIAN_POINT('',(0.10585501195,-3.257464103805,2.135020692567
    ));
#6971 = CARTESIAN_POINT('',(-1.475741298782,-2.5067600004,2.135021036405
    ));
#6972 = CARTESIAN_POINT('',(-2.588653308495,-1.059860959899,
    2.135020781556));
#6973 = CARTESIAN_POINT('',(-2.588653308509,1.059860959899,
    2.135020781567));
#6974 = CARTESIAN_POINT('',(-1.475741298771,2.5067600004,2.135021036396)
  );
#6975 = CARTESIAN_POINT('',(0.105855011945,3.257464103806,2.135020692572
    ));
#6976 = CARTESIAN_POINT('',(1.727586252497,3.009448724487,2.135020937089
    ));
#6977 = CARTESIAN_POINT('',(2.834850674204,2.103093441788,2.135020857149
    ));
#6978 = CARTESIAN_POINT('',(3.329930862886,0.907864135812,2.135020857149
    ));
#6979 = CARTESIAN_POINT('',(3.350191131876,0.858951519637,2.135020857149
    ));
#6980 = CARTESIAN_POINT('',(3.370479638251,0.809970732388,2.135020857149
    ));
#6981 = CARTESIAN_POINT('',(3.390796382008,0.760921774065,2.135020857149
    ));
#6982 = CARTESIAN_POINT('',(3.411141363149,0.711804644669,2.135020857149
    ));
#6983 = CARTESIAN_POINT('',(3.431514581673,0.662619344198,2.135020857149
    ));
#6984 = CARTESIAN_POINT('',(3.451916037581,0.613365872653,2.135020857149
    ));
#6985 = CARTESIAN_POINT('',(3.472345730872,0.564044230035,2.135020857149
    ));
#6986 = CARTESIAN_POINT('',(3.492803661547,0.514654416342,2.135020857149
    ));
#6987 = CARTESIAN_POINT('',(3.513289829605,0.465196431576,2.135020857149
    ));
#6988 = CARTESIAN_POINT('',(3.533804235046,0.415670275736,2.135020857149
    ));
#6989 = ADVANCED_FACE('',(#6990),#7026,.T.);
#6990 = FACE_BOUND('',#6991,.T.);
#6991 = EDGE_LOOP('',(#6992,#6993,#6994,#7013));
#6992 = ORIENTED_EDGE('',*,*,#6798,.F.);
#6993 = ORIENTED_EDGE('',*,*,#6879,.T.);
#6994 = ORIENTED_EDGE('',*,*,#6995,.T.);
#6995 = EDGE_CURVE('',#6843,#6996,#6998,.T.);
#6996 = VERTEX_POINT('',#6997);
#6997 = CARTESIAN_POINT('',(3.487468271461,0.25,2.135020857149));
#6998 = B_SPLINE_CURVE_WITH_KNOTS('',5,(#6999,#7000,#7001,#7002,#7003,
    #7004,#7005,#7006,#7007,#7008,#7009,#7010,#7011,#7012),
  .UNSPECIFIED.,.F.,.F.,(6,4,4,6),(-0.119413470026,-1.353371911203E-07,
    1.96349554383,2.08290869425),.UNSPECIFIED.);
#6999 = CARTESIAN_POINT('',(3.264001325546,1.067032118743,2.135020857149
    ));
#7000 = CARTESIAN_POINT('',(3.273140829292,1.0449674049,2.135020857149)
  );
#7001 = CARTESIAN_POINT('',(3.282280331654,1.0229026944,2.135020857149)
  );
#7002 = CARTESIAN_POINT('',(3.291419832631,1.000837987243,2.135020857149
    ));
#7003 = CARTESIAN_POINT('',(3.300559332224,0.978773283428,2.135020857149
    ));
#7004 = CARTESIAN_POINT('',(3.45997823841,0.593901998977,2.135020857149)
  );
#7005 = CARTESIAN_POINT('',(3.539038746156,0.201591257513,2.135020857149
    ));
#7006 = CARTESIAN_POINT('',(3.539039291386,-0.201589955698,
    2.135020857149));
#7007 = CARTESIAN_POINT('',(3.45997851584,-0.593901329202,2.135020857149
    ));
#7008 = CARTESIAN_POINT('',(3.300559329455,-0.978773290113,
    2.135020857149));
#7009 = CARTESIAN_POINT('',(3.291419828478,-1.00083799727,2.135020857149
    ));
#7010 = CARTESIAN_POINT('',(3.2822803275,-1.022902704428,2.135020857149)
  );
#7011 = CARTESIAN_POINT('',(3.273140826523,-1.044967411585,
    2.135020857149));
#7012 = CARTESIAN_POINT('',(3.264001325546,-1.067032118743,
    2.135020857149));
#7013 = ORIENTED_EDGE('',*,*,#7014,.T.);
#7014 = EDGE_CURVE('',#6996,#6788,#7015,.T.);
#7015 = B_SPLINE_CURVE_WITH_KNOTS('',5,(#7016,#7017,#7018,#7019,#7020,
    #7021,#7022,#7023,#7024,#7025),.UNSPECIFIED.,.F.,.F.,(6,4,6),(0.,
    0.48758179705,1.),.UNSPECIFIED.);
#7016 = CARTESIAN_POINT('',(3.487468271461,0.25,2.135020857149));
#7017 = CARTESIAN_POINT('',(3.487468270657,0.25,2.113553317448));
#7018 = CARTESIAN_POINT('',(3.485538793119,0.25,2.091758528998));
#7019 = CARTESIAN_POINT('',(3.481559474663,0.25,2.069958867169));
#7020 = CARTESIAN_POINT('',(3.475526468276,0.25,2.048540658581));
#7021 = CARTESIAN_POINT('',(3.459209148069,0.25,2.006097182303));
#7022 = CARTESIAN_POINT('',(3.448723867052,0.25,1.985147071589));
#7023 = CARTESIAN_POINT('',(3.436260723432,0.25,1.965395047985));
#7024 = CARTESIAN_POINT('',(3.422126648559,0.25,1.947173883242));
#7025 = CARTESIAN_POINT('',(3.40667978278,0.25,1.930661594627));
#7026 = ( BOUNDED_SURFACE() B_SPLINE_SURFACE(2,5,(
    (#7027,#7028,#7029,#7030,#7031,#7032,#7033,#7034,#7035,#7036,#7037
      ,#7038,#7039,#7040)
    ,(#7041,#7042,#7043,#7044,#7045,#7046,#7047,#7048,#7049,#7050,#7051
      ,#7052,#7053,#7054)
    ,(#7055,#7056,#7057,#7058,#7059,#7060,#7061,#7062,#7063,#7064,#7065
      ,#7066,#7067,#7068
)),.UNSPECIFIED.,.F.,.F.,.F.) B_SPLINE_SURFACE_WITH_KNOTS((3,3),(6,4,4,6
    ),(0.,1.963495679168),(-0.119413470026,-1.353371911203E-07,
    1.96349554383,2.08290869425),.UNSPECIFIED.) 
GEOMETRIC_REPRESENTATION_ITEM() RATIONAL_B_SPLINE_SURFACE((
    (1.,1.,1.,1.,1.,1.,1.,1.,1.,1.,1.,1.,1.,1.)
    ,(0.93061798229,0.93061798229,0.93061798229,0.93061798229
      ,0.93061798229,0.93061798229,0.93061798229,0.93061798229
      ,0.93061798229,0.93061798229,0.93061798229,0.93061798229
      ,0.93061798229,0.93061798229)
,(1.,1.,1.,1.,1.,1.,1.,1.,1.,1.,1.,1.,1.,1.
))) REPRESENTATION_ITEM('') SURFACE() );
#7027 = CARTESIAN_POINT('',(3.189749034566,1.036275808073,1.930661594627
    ));
#7028 = CARTESIAN_POINT('',(3.199182355483,1.013501756721,1.930661594627
    ));
#7029 = CARTESIAN_POINT('',(3.20846876641,0.991082377458,1.930661594627)
  );
#7030 = CARTESIAN_POINT('',(3.217608267348,0.969017670284,1.930661594627
    ));
#7031 = CARTESIAN_POINT('',(3.226600858298,0.9473076352,1.930661594627)
  );
#7032 = CARTESIAN_POINT('',(3.380894753976,0.574809218729,1.930661594627
    ));
#7033 = CARTESIAN_POINT('',(3.457413628123,0.195110560338,1.930661594627
    ));
#7034 = CARTESIAN_POINT('',(3.457414134116,-0.1951093668,1.930661594627)
  );
#7035 = CARTESIAN_POINT('',(3.380895040325,-0.574808527422,
    1.930661594627));
#7036 = CARTESIAN_POINT('',(3.226600854533,-0.947307644289,
    1.930661594627));
#7037 = CARTESIAN_POINT('',(3.217608261701,-0.969017683918,
    1.930661594627));
#7038 = CARTESIAN_POINT('',(3.208468760763,-0.991082391091,
    1.930661594627));
#7039 = CARTESIAN_POINT('',(3.199182351718,-1.01350176581,1.930661594627
    ));
#7040 = CARTESIAN_POINT('',(3.189749034566,-1.036275808073,
    1.930661594627));
#7041 = CARTESIAN_POINT('',(3.264001325546,1.067032118743,2.017037309501
    ));
#7042 = CARTESIAN_POINT('',(3.273140829292,1.0449674049,2.017037309501)
  );
#7043 = CARTESIAN_POINT('',(3.282280331654,1.0229026944,2.017037309501)
  );
#7044 = CARTESIAN_POINT('',(3.291419832631,1.000837987243,2.017037309501
    ));
#7045 = CARTESIAN_POINT('',(3.300559332224,0.978773283428,2.017037309501
    ));
#7046 = CARTESIAN_POINT('',(3.45997823841,0.593901998977,2.017037309501)
  );
#7047 = CARTESIAN_POINT('',(3.539038746156,0.201591257513,2.017037309501
    ));
#7048 = CARTESIAN_POINT('',(3.539039291386,-0.201589955698,
    2.017037309501));
#7049 = CARTESIAN_POINT('',(3.45997851584,-0.593901329202,2.017037309501
    ));
#7050 = CARTESIAN_POINT('',(3.300559329455,-0.978773290113,
    2.017037309501));
#7051 = CARTESIAN_POINT('',(3.291419828478,-1.00083799727,2.017037309501
    ));
#7052 = CARTESIAN_POINT('',(3.2822803275,-1.022902704428,2.017037309501)
  );
#7053 = CARTESIAN_POINT('',(3.273140826523,-1.044967411585,
    2.017037309501));
#7054 = CARTESIAN_POINT('',(3.264001325546,-1.067032118743,
    2.017037309501));
#7055 = CARTESIAN_POINT('',(3.264001325546,1.067032118743,2.135020857149
    ));
#7056 = CARTESIAN_POINT('',(3.273140829292,1.0449674049,2.135020857149)
  );
#7057 = CARTESIAN_POINT('',(3.282280331654,1.0229026944,2.135020857149)
  );
#7058 = CARTESIAN_POINT('',(3.291419832631,1.000837987243,2.135020857149
    ));
#7059 = CARTESIAN_POINT('',(3.300559332224,0.978773283428,2.135020857149
    ));
#7060 = CARTESIAN_POINT('',(3.45997823841,0.593901998977,2.135020857149)
  );
#7061 = CARTESIAN_POINT('',(3.539038746156,0.201591257513,2.135020857149
    ));
#7062 = CARTESIAN_POINT('',(3.539039291386,-0.201589955698,
    2.135020857149));
#7063 = CARTESIAN_POINT('',(3.45997851584,-0.593901329202,2.135020857149
    ));
#7064 = CARTESIAN_POINT('',(3.300559329455,-0.978773290113,
    2.135020857149));
#7065 = CARTESIAN_POINT('',(3.291419828478,-1.00083799727,2.135020857149
    ));
#7066 = CARTESIAN_POINT('',(3.2822803275,-1.022902704428,2.135020857149)
  );
#7067 = CARTESIAN_POINT('',(3.273140826523,-1.044967411585,
    2.135020857149));
#7068 = CARTESIAN_POINT('',(3.264001325546,-1.067032118743,
    2.135020857149));
#7069 = ADVANCED_FACE('',(#7070),#7094,.F.);
#7070 = FACE_BOUND('',#7071,.F.);
#7071 = EDGE_LOOP('',(#7072,#7089,#7090,#7091,#7092,#7093));
#7072 = ORIENTED_EDGE('',*,*,#7073,.F.);
#7073 = EDGE_CURVE('',#6788,#6713,#7074,.T.);
#7074 = B_SPLINE_CURVE_WITH_KNOTS('',5,(#7075,#7076,#7077,#7078,#7079,
    #7080,#7081,#7082,#7083,#7084,#7085,#7086,#7087,#7088),
  .UNSPECIFIED.,.F.,.F.,(6,4,4,6),(-0.119413470026,-1.353371911203E-07,
    1.96349554383,2.08290869425),.UNSPECIFIED.);
#7075 = CARTESIAN_POINT('',(3.189749034566,1.036275808073,1.930661594627
    ));
#7076 = CARTESIAN_POINT('',(3.199182355483,1.013501756721,1.930661594627
    ));
#7077 = CARTESIAN_POINT('',(3.20846876641,0.991082377458,1.930661594627)
  );
#7078 = CARTESIAN_POINT('',(3.217608267348,0.969017670284,1.930661594627
    ));
#7079 = CARTESIAN_POINT('',(3.226600858298,0.9473076352,1.930661594627)
  );
#7080 = CARTESIAN_POINT('',(3.380894753976,0.574809218729,1.930661594627
    ));
#7081 = CARTESIAN_POINT('',(3.457413628123,0.195110560338,1.930661594627
    ));
#7082 = CARTESIAN_POINT('',(3.457414134116,-0.1951093668,1.930661594627)
  );
#7083 = CARTESIAN_POINT('',(3.380895040325,-0.574808527422,
    1.930661594627));
#7084 = CARTESIAN_POINT('',(3.226600854533,-0.947307644289,
    1.930661594627));
#7085 = CARTESIAN_POINT('',(3.217608261701,-0.969017683918,
    1.930661594627));
#7086 = CARTESIAN_POINT('',(3.208468760763,-0.991082391091,
    1.930661594627));
#7087 = CARTESIAN_POINT('',(3.199182351718,-1.01350176581,1.930661594627
    ));
#7088 = CARTESIAN_POINT('',(3.189749034566,-1.036275808073,
    1.930661594627));
#7089 = ORIENTED_EDGE('',*,*,#6787,.F.);
#7090 = ORIENTED_EDGE('',*,*,#6768,.F.);
#7091 = ORIENTED_EDGE('',*,*,#6761,.F.);
#7092 = ORIENTED_EDGE('',*,*,#6742,.F.);
#7093 = ORIENTED_EDGE('',*,*,#6731,.T.);
#7094 = SURFACE_OF_REVOLUTION('',#7095,#7100);
#7095 = CIRCLE('',#7096,0.485412195974);
#7096 = AXIS2_PLACEMENT_3D('',#7097,#7098,#7099);
#7097 = CARTESIAN_POINT('',(3.563765702719,1.061946524813,1.6));
#7098 = DIRECTION('',(-0.382683432365,0.923879532511,0.));
#7099 = DIRECTION('',(-0.523404384043,-0.216801194476,-0.824041924199));
#7100 = AXIS1_PLACEMENT('',#7101,#7102);
#7101 = CARTESIAN_POINT('',(1.,0.,0.));
#7102 = DIRECTION('',(0.,0.,-1.));
#7103 = ADVANCED_FACE('',(#7104),#7140,.T.);
#7104 = FACE_BOUND('',#7105,.T.);
#7105 = EDGE_LOOP('',(#7106,#7107,#7122,#7139));
#7106 = ORIENTED_EDGE('',*,*,#6712,.F.);
#7107 = ORIENTED_EDGE('',*,*,#7108,.F.);
#7108 = EDGE_CURVE('',#7109,#6713,#7111,.T.);
#7109 = VERTEX_POINT('',#7110);
#7110 = CARTESIAN_POINT('',(3.487468315832,-0.25,2.135020857149));
#7111 = B_SPLINE_CURVE_WITH_KNOTS('',5,(#7112,#7113,#7114,#7115,#7116,
    #7117,#7118,#7119,#7120,#7121),.UNSPECIFIED.,.F.,.F.,(6,4,6),(0.,
    0.487581797268,1.),.UNSPECIFIED.);
#7112 = CARTESIAN_POINT('',(3.487468315832,-0.25,2.135020857149));
#7113 = CARTESIAN_POINT('',(3.487468315028,-0.25,2.113553317453));
#7114 = CARTESIAN_POINT('',(3.485538837558,-0.25,2.091758529008));
#7115 = CARTESIAN_POINT('',(3.48155951924,-0.25,2.069958867183));
#7116 = CARTESIAN_POINT('',(3.475526513064,-0.25,2.048540658594));
#7117 = CARTESIAN_POINT('',(3.45920919343,-0.25,2.006097182322));
#7118 = CARTESIAN_POINT('',(3.448723912786,-0.25,1.985147071614));
#7119 = CARTESIAN_POINT('',(3.436260769607,-0.25,1.965395048007));
#7120 = CARTESIAN_POINT('',(3.422126695234,-0.25,1.947173883255));
#7121 = CARTESIAN_POINT('',(3.406679829997,-0.25,1.930661594627));
#7122 = ORIENTED_EDGE('',*,*,#7123,.T.);
#7123 = EDGE_CURVE('',#7109,#6828,#7124,.T.);
#7124 = B_SPLINE_CURVE_WITH_KNOTS('',5,(#7125,#7126,#7127,#7128,#7129,
    #7130,#7131,#7132,#7133,#7134,#7135,#7136,#7137,#7138),
  .UNSPECIFIED.,.F.,.F.,(6,4,4,6),(-0.119413470026,-1.353371911203E-07,
    1.96349554383,2.08290869425),.UNSPECIFIED.);
#7125 = CARTESIAN_POINT('',(3.264001325546,1.067032118743,2.135020857149
    ));
#7126 = CARTESIAN_POINT('',(3.273140829292,1.0449674049,2.135020857149)
  );
#7127 = CARTESIAN_POINT('',(3.282280331654,1.0229026944,2.135020857149)
  );
#7128 = CARTESIAN_POINT('',(3.291419832631,1.000837987243,2.135020857149
    ));
#7129 = CARTESIAN_POINT('',(3.300559332224,0.978773283428,2.135020857149
    ));
#7130 = CARTESIAN_POINT('',(3.45997823841,0.593901998977,2.135020857149)
  );
#7131 = CARTESIAN_POINT('',(3.539038746156,0.201591257513,2.135020857149
    ));
#7132 = CARTESIAN_POINT('',(3.539039291386,-0.201589955698,
    2.135020857149));
#7133 = CARTESIAN_POINT('',(3.45997851584,-0.593901329202,2.135020857149
    ));
#7134 = CARTESIAN_POINT('',(3.300559329455,-0.978773290113,
    2.135020857149));
#7135 = CARTESIAN_POINT('',(3.291419828478,-1.00083799727,2.135020857149
    ));
#7136 = CARTESIAN_POINT('',(3.2822803275,-1.022902704428,2.135020857149)
  );
#7137 = CARTESIAN_POINT('',(3.273140826523,-1.044967411585,
    2.135020857149));
#7138 = CARTESIAN_POINT('',(3.264001325546,-1.067032118743,
    2.135020857149));
#7139 = ORIENTED_EDGE('',*,*,#6827,.F.);
#7140 = ( BOUNDED_SURFACE() B_SPLINE_SURFACE(2,5,(
    (#7141,#7142,#7143,#7144,#7145,#7146,#7147,#7148,#7149,#7150,#7151
      ,#7152,#7153,#7154)
    ,(#7155,#7156,#7157,#7158,#7159,#7160,#7161,#7162,#7163,#7164,#7165
      ,#7166,#7167,#7168)
    ,(#7169,#7170,#7171,#7172,#7173,#7174,#7175,#7176,#7177,#7178,#7179
      ,#7180,#7181,#7182
)),.UNSPECIFIED.,.F.,.F.,.F.) B_SPLINE_SURFACE_WITH_KNOTS((3,3),(6,4,4,6
    ),(0.,1.963495679168),(-0.119413470026,-1.353371911203E-07,
    1.96349554383,2.08290869425),.UNSPECIFIED.) 
GEOMETRIC_REPRESENTATION_ITEM() RATIONAL_B_SPLINE_SURFACE((
    (1.,1.,1.,1.,1.,1.,1.,1.,1.,1.,1.,1.,1.,1.)
    ,(0.93061798229,0.93061798229,0.93061798229,0.93061798229
      ,0.93061798229,0.93061798229,0.93061798229,0.93061798229
      ,0.93061798229,0.93061798229,0.93061798229,0.93061798229
      ,0.93061798229,0.93061798229)
,(1.,1.,1.,1.,1.,1.,1.,1.,1.,1.,1.,1.,1.,1.
))) REPRESENTATION_ITEM('') SURFACE() );
#7141 = CARTESIAN_POINT('',(3.189749034566,1.036275808073,1.930661594627
    ));
#7142 = CARTESIAN_POINT('',(3.199182355483,1.013501756721,1.930661594627
    ));
#7143 = CARTESIAN_POINT('',(3.20846876641,0.991082377458,1.930661594627)
  );
#7144 = CARTESIAN_POINT('',(3.217608267348,0.969017670284,1.930661594627
    ));
#7145 = CARTESIAN_POINT('',(3.226600858298,0.9473076352,1.930661594627)
  );
#7146 = CARTESIAN_POINT('',(3.380894753976,0.574809218729,1.930661594627
    ));
#7147 = CARTESIAN_POINT('',(3.457413628123,0.195110560338,1.930661594627
    ));
#7148 = CARTESIAN_POINT('',(3.457414134116,-0.1951093668,1.930661594627)
  );
#7149 = CARTESIAN_POINT('',(3.380895040325,-0.574808527422,
    1.930661594627));
#7150 = CARTESIAN_POINT('',(3.226600854533,-0.947307644289,
    1.930661594627));
#7151 = CARTESIAN_POINT('',(3.217608261701,-0.969017683918,
    1.930661594627));
#7152 = CARTESIAN_POINT('',(3.208468760763,-0.991082391091,
    1.930661594627));
#7153 = CARTESIAN_POINT('',(3.199182351718,-1.01350176581,1.930661594627
    ));
#7154 = CARTESIAN_POINT('',(3.189749034566,-1.036275808073,
    1.930661594627));
#7155 = CARTESIAN_POINT('',(3.264001325546,1.067032118743,2.017037309501
    ));
#7156 = CARTESIAN_POINT('',(3.273140829292,1.0449674049,2.017037309501)
  );
#7157 = CARTESIAN_POINT('',(3.282280331654,1.0229026944,2.017037309501)
  );
#7158 = CARTESIAN_POINT('',(3.291419832631,1.000837987243,2.017037309501
    ));
#7159 = CARTESIAN_POINT('',(3.300559332224,0.978773283428,2.017037309501
    ));
#7160 = CARTESIAN_POINT('',(3.45997823841,0.593901998977,2.017037309501)
  );
#7161 = CARTESIAN_POINT('',(3.539038746156,0.201591257513,2.017037309501
    ));
#7162 = CARTESIAN_POINT('',(3.539039291386,-0.201589955698,
    2.017037309501));
#7163 = CARTESIAN_POINT('',(3.45997851584,-0.593901329202,2.017037309501
    ));
#7164 = CARTESIAN_POINT('',(3.300559329455,-0.978773290113,
    2.017037309501));
#7165 = CARTESIAN_POINT('',(3.291419828478,-1.00083799727,2.017037309501
    ));
#7166 = CARTESIAN_POINT('',(3.2822803275,-1.022902704428,2.017037309501)
  );
#7167 = CARTESIAN_POINT('',(3.273140826523,-1.044967411585,
    2.017037309501));
#7168 = CARTESIAN_POINT('',(3.264001325546,-1.067032118743,
    2.017037309501));
#7169 = CARTESIAN_POINT('',(3.264001325546,1.067032118743,2.135020857149
    ));
#7170 = CARTESIAN_POINT('',(3.273140829292,1.0449674049,2.135020857149)
  );
#7171 = CARTESIAN_POINT('',(3.282280331654,1.0229026944,2.135020857149)
  );
#7172 = CARTESIAN_POINT('',(3.291419832631,1.000837987243,2.135020857149
    ));
#7173 = CARTESIAN_POINT('',(3.300559332224,0.978773283428,2.135020857149
    ));
#7174 = CARTESIAN_POINT('',(3.45997823841,0.593901998977,2.135020857149)
  );
#7175 = CARTESIAN_POINT('',(3.539038746156,0.201591257513,2.135020857149
    ));
#7176 = CARTESIAN_POINT('',(3.539039291386,-0.201589955698,
    2.135020857149));
#7177 = CARTESIAN_POINT('',(3.45997851584,-0.593901329202,2.135020857149
    ));
#7178 = CARTESIAN_POINT('',(3.300559329455,-0.978773290113,
    2.135020857149));
#7179 = CARTESIAN_POINT('',(3.291419828478,-1.00083799727,2.135020857149
    ));
#7180 = CARTESIAN_POINT('',(3.2822803275,-1.022902704428,2.135020857149)
  );
#7181 = CARTESIAN_POINT('',(3.273140826523,-1.044967411585,
    2.135020857149));
#7182 = CARTESIAN_POINT('',(3.264001325546,-1.067032118743,
    2.135020857149));
#7183 = ADVANCED_FACE('',(#7184),#7210,.T.);
#7184 = FACE_BOUND('',#7185,.T.);
#7185 = EDGE_LOOP('',(#7186,#7197,#7203,#7204));
#7186 = ORIENTED_EDGE('',*,*,#7187,.T.);
#7187 = EDGE_CURVE('',#7188,#7190,#7192,.T.);
#7188 = VERTEX_POINT('',#7189);
#7189 = CARTESIAN_POINT('',(3.309698831278,-0.956708580913,4.8));
#7190 = VERTEX_POINT('',#7191);
#7191 = CARTESIAN_POINT('',(3.309698831278,0.956708580913,4.8));
#7192 = CIRCLE('',#7193,2.5);
#7193 = AXIS2_PLACEMENT_3D('',#7194,#7195,#7196);
#7194 = CARTESIAN_POINT('',(1.,0.,4.8));
#7195 = DIRECTION('',(0.,-0.,-1.));
#7196 = DIRECTION('',(0.923879532511,-0.382683432365,0.));
#7197 = ORIENTED_EDGE('',*,*,#7198,.F.);
#7198 = EDGE_CURVE('',#6843,#7190,#7199,.T.);
#7199 = LINE('',#7200,#7201);
#7200 = CARTESIAN_POINT('',(3.309698831278,0.956708580913,2.));
#7201 = VECTOR('',#7202,1.);
#7202 = DIRECTION('',(0.,0.,1.));
#7203 = ORIENTED_EDGE('',*,*,#6842,.F.);
#7204 = ORIENTED_EDGE('',*,*,#7205,.T.);
#7205 = EDGE_CURVE('',#6828,#7188,#7206,.T.);
#7206 = LINE('',#7207,#7208);
#7207 = CARTESIAN_POINT('',(3.309698831278,-0.956708580913,2.));
#7208 = VECTOR('',#7209,1.);
#7209 = DIRECTION('',(0.,0.,1.));
#7210 = CYLINDRICAL_SURFACE('',#7211,2.5);
#7211 = AXIS2_PLACEMENT_3D('',#7212,#7213,#7214);
#7212 = CARTESIAN_POINT('',(1.,0.,2.));
#7213 = DIRECTION('',(0.,0.,1.));
#7214 = DIRECTION('',(0.923879532511,-0.382683432365,0.));
#7215 = ADVANCED_FACE('',(#7216),#7238,.T.);
#7216 = FACE_BOUND('',#7217,.T.);
#7217 = EDGE_LOOP('',(#7218,#7219,#7220,#7237));
#7218 = ORIENTED_EDGE('',*,*,#7073,.F.);
#7219 = ORIENTED_EDGE('',*,*,#7014,.F.);
#7220 = ORIENTED_EDGE('',*,*,#7221,.T.);
#7221 = EDGE_CURVE('',#6996,#7109,#7222,.T.);
#7222 = B_SPLINE_CURVE_WITH_KNOTS('',5,(#7223,#7224,#7225,#7226,#7227,
    #7228,#7229,#7230,#7231,#7232,#7233,#7234,#7235,#7236),
  .UNSPECIFIED.,.F.,.F.,(6,4,4,6),(-0.119413470026,-1.353371911203E-07,
    1.96349554383,2.08290869425),.UNSPECIFIED.);
#7223 = CARTESIAN_POINT('',(3.264001325546,1.067032118743,2.135020857149
    ));
#7224 = CARTESIAN_POINT('',(3.273140829292,1.0449674049,2.135020857149)
  );
#7225 = CARTESIAN_POINT('',(3.282280331654,1.0229026944,2.135020857149)
  );
#7226 = CARTESIAN_POINT('',(3.291419832631,1.000837987243,2.135020857149
    ));
#7227 = CARTESIAN_POINT('',(3.300559332224,0.978773283428,2.135020857149
    ));
#7228 = CARTESIAN_POINT('',(3.45997823841,0.593901998977,2.135020857149)
  );
#7229 = CARTESIAN_POINT('',(3.539038746156,0.201591257513,2.135020857149
    ));
#7230 = CARTESIAN_POINT('',(3.539039291386,-0.201589955698,
    2.135020857149));
#7231 = CARTESIAN_POINT('',(3.45997851584,-0.593901329202,2.135020857149
    ));
#7232 = CARTESIAN_POINT('',(3.300559329455,-0.978773290113,
    2.135020857149));
#7233 = CARTESIAN_POINT('',(3.291419828478,-1.00083799727,2.135020857149
    ));
#7234 = CARTESIAN_POINT('',(3.2822803275,-1.022902704428,2.135020857149)
  );
#7235 = CARTESIAN_POINT('',(3.273140826523,-1.044967411585,
    2.135020857149));
#7236 = CARTESIAN_POINT('',(3.264001325546,-1.067032118743,
    2.135020857149));
#7237 = ORIENTED_EDGE('',*,*,#7108,.T.);
#7238 = ( BOUNDED_SURFACE() B_SPLINE_SURFACE(2,5,(
    (#7239,#7240,#7241,#7242,#7243,#7244,#7245,#7246,#7247,#7248,#7249
      ,#7250,#7251,#7252)
    ,(#7253,#7254,#7255,#7256,#7257,#7258,#7259,#7260,#7261,#7262,#7263
      ,#7264,#7265,#7266)
    ,(#7267,#7268,#7269,#7270,#7271,#7272,#7273,#7274,#7275,#7276,#7277
      ,#7278,#7279,#7280
)),.UNSPECIFIED.,.F.,.F.,.F.) B_SPLINE_SURFACE_WITH_KNOTS((3,3),(6,4,4,6
    ),(0.,1.963495679168),(-0.119413470026,-1.353371911203E-07,
    1.96349554383,2.08290869425),.UNSPECIFIED.) 
GEOMETRIC_REPRESENTATION_ITEM() RATIONAL_B_SPLINE_SURFACE((
    (1.,1.,1.,1.,1.,1.,1.,1.,1.,1.,1.,1.,1.,1.)
    ,(0.93061798229,0.93061798229,0.93061798229,0.93061798229
      ,0.93061798229,0.93061798229,0.93061798229,0.93061798229
      ,0.93061798229,0.93061798229,0.93061798229,0.93061798229
      ,0.93061798229,0.93061798229)
,(1.,1.,1.,1.,1.,1.,1.,1.,1.,1.,1.,1.,1.,1.
))) REPRESENTATION_ITEM('') SURFACE() );
#7239 = CARTESIAN_POINT('',(3.189749034566,1.036275808073,1.930661594627
    ));
#7240 = CARTESIAN_POINT('',(3.199182355483,1.013501756721,1.930661594627
    ));
#7241 = CARTESIAN_POINT('',(3.20846876641,0.991082377458,1.930661594627)
  );
#7242 = CARTESIAN_POINT('',(3.217608267348,0.969017670284,1.930661594627
    ));
#7243 = CARTESIAN_POINT('',(3.226600858298,0.9473076352,1.930661594627)
  );
#7244 = CARTESIAN_POINT('',(3.380894753976,0.574809218729,1.930661594627
    ));
#7245 = CARTESIAN_POINT('',(3.457413628123,0.195110560338,1.930661594627
    ));
#7246 = CARTESIAN_POINT('',(3.457414134116,-0.1951093668,1.930661594627)
  );
#7247 = CARTESIAN_POINT('',(3.380895040325,-0.574808527422,
    1.930661594627));
#7248 = CARTESIAN_POINT('',(3.226600854533,-0.947307644289,
    1.930661594627));
#7249 = CARTESIAN_POINT('',(3.217608261701,-0.969017683918,
    1.930661594627));
#7250 = CARTESIAN_POINT('',(3.208468760763,-0.991082391091,
    1.930661594627));
#7251 = CARTESIAN_POINT('',(3.199182351718,-1.01350176581,1.930661594627
    ));
#7252 = CARTESIAN_POINT('',(3.189749034566,-1.036275808073,
    1.930661594627));
#7253 = CARTESIAN_POINT('',(3.264001325546,1.067032118743,2.017037309501
    ));
#7254 = CARTESIAN_POINT('',(3.273140829292,1.0449674049,2.017037309501)
  );
#7255 = CARTESIAN_POINT('',(3.282280331654,1.0229026944,2.017037309501)
  );
#7256 = CARTESIAN_POINT('',(3.291419832631,1.000837987243,2.017037309501
    ));
#7257 = CARTESIAN_POINT('',(3.300559332224,0.978773283428,2.017037309501
    ));
#7258 = CARTESIAN_POINT('',(3.45997823841,0.593901998977,2.017037309501)
  );
#7259 = CARTESIAN_POINT('',(3.539038746156,0.201591257513,2.017037309501
    ));
#7260 = CARTESIAN_POINT('',(3.539039291386,-0.201589955698,
    2.017037309501));
#7261 = CARTESIAN_POINT('',(3.45997851584,-0.593901329202,2.017037309501
    ));
#7262 = CARTESIAN_POINT('',(3.300559329455,-0.978773290113,
    2.017037309501));
#7263 = CARTESIAN_POINT('',(3.291419828478,-1.00083799727,2.017037309501
    ));
#7264 = CARTESIAN_POINT('',(3.2822803275,-1.022902704428,2.017037309501)
  );
#7265 = CARTESIAN_POINT('',(3.273140826523,-1.044967411585,
    2.017037309501));
#7266 = CARTESIAN_POINT('',(3.264001325546,-1.067032118743,
    2.017037309501));
#7267 = CARTESIAN_POINT('',(3.264001325546,1.067032118743,2.135020857149
    ));
#7268 = CARTESIAN_POINT('',(3.273140829292,1.0449674049,2.135020857149)
  );
#7269 = CARTESIAN_POINT('',(3.282280331654,1.0229026944,2.135020857149)
  );
#7270 = CARTESIAN_POINT('',(3.291419832631,1.000837987243,2.135020857149
    ));
#7271 = CARTESIAN_POINT('',(3.300559332224,0.978773283428,2.135020857149
    ));
#7272 = CARTESIAN_POINT('',(3.45997823841,0.593901998977,2.135020857149)
  );
#7273 = CARTESIAN_POINT('',(3.539038746156,0.201591257513,2.135020857149
    ));
#7274 = CARTESIAN_POINT('',(3.539039291386,-0.201589955698,
    2.135020857149));
#7275 = CARTESIAN_POINT('',(3.45997851584,-0.593901329202,2.135020857149
    ));
#7276 = CARTESIAN_POINT('',(3.300559329455,-0.978773290113,
    2.135020857149));
#7277 = CARTESIAN_POINT('',(3.291419828478,-1.00083799727,2.135020857149
    ));
#7278 = CARTESIAN_POINT('',(3.2822803275,-1.022902704428,2.135020857149)
  );
#7279 = CARTESIAN_POINT('',(3.273140826523,-1.044967411585,
    2.135020857149));
#7280 = CARTESIAN_POINT('',(3.264001325546,-1.067032118743,
    2.135020857149));
#7281 = ADVANCED_FACE('',(#7282),#7353,.T.);
#7282 = FACE_BOUND('',#7283,.T.);
#7283 = EDGE_LOOP('',(#7284,#7291,#7292,#7293,#7301,#7315,#7324,#7338,
    #7345,#7351,#7352));
#7284 = ORIENTED_EDGE('',*,*,#7285,.T.);
#7285 = EDGE_CURVE('',#7190,#7188,#7286,.T.);
#7286 = CIRCLE('',#7287,2.5);
#7287 = AXIS2_PLACEMENT_3D('',#7288,#7289,#7290);
#7288 = CARTESIAN_POINT('',(1.,0.,4.8));
#7289 = DIRECTION('',(0.,0.,-1.));
#7290 = DIRECTION('',(0.923879532511,0.382683432365,0.));
#7291 = ORIENTED_EDGE('',*,*,#7205,.F.);
#7292 = ORIENTED_EDGE('',*,*,#7123,.F.);
#7293 = ORIENTED_EDGE('',*,*,#7294,.T.);
#7294 = EDGE_CURVE('',#7109,#7295,#7297,.T.);
#7295 = VERTEX_POINT('',#7296);
#7296 = CARTESIAN_POINT('',(3.487468592767,-0.25,3.251));
#7297 = LINE('',#7298,#7299);
#7298 = CARTESIAN_POINT('',(3.487468592767,-0.25,2.));
#7299 = VECTOR('',#7300,1.);
#7300 = DIRECTION('',(0.,0.,1.));
#7301 = ORIENTED_EDGE('',*,*,#7302,.F.);
#7302 = EDGE_CURVE('',#7303,#7295,#7305,.T.);
#7303 = VERTEX_POINT('',#7304);
#7304 = CARTESIAN_POINT('',(3.4999998,-1.E-03,3.5));
#7305 = B_SPLINE_CURVE_WITH_KNOTS('',8,(#7306,#7307,#7308,#7309,#7310,
    #7311,#7312,#7313,#7314),.UNSPECIFIED.,.F.,.F.,(9,9),(0.,1.),
  .PIECEWISE_BEZIER_KNOTS.);
#7306 = CARTESIAN_POINT('',(3.4999998,-1.E-03,3.5));
#7307 = CARTESIAN_POINT('',(3.499978617055,-5.395735907235E-02,3.5));
#7308 = CARTESIAN_POINT('',(3.498676082177,-0.104950526163,
    3.487127296357));
#7309 = CARTESIAN_POINT('',(3.496260480392,-0.151000424553,3.46305838894
    ));
#7310 = CARTESIAN_POINT('',(3.493287896111,-0.189937008149,
    3.429686411631));
#7311 = CARTESIAN_POINT('',(3.49048081622,-0.220024282271,3.389249497325
    ));
#7312 = CARTESIAN_POINT('',(3.488453332589,-0.240202972637,
    3.344185621158));
#7313 = CARTESIAN_POINT('',(3.487468592767,-0.25,3.297202715395));
#7314 = CARTESIAN_POINT('',(3.487468592767,-0.25,3.251));
#7315 = ORIENTED_EDGE('',*,*,#7316,.T.);
#7316 = EDGE_CURVE('',#7303,#7317,#7319,.T.);
#7317 = VERTEX_POINT('',#7318);
#7318 = CARTESIAN_POINT('',(3.4999998,9.999999999997E-04,3.5));
#7319 = CIRCLE('',#7320,2.5);
#7320 = AXIS2_PLACEMENT_3D('',#7321,#7322,#7323);
#7321 = CARTESIAN_POINT('',(1.,0.,3.5));
#7322 = DIRECTION('',(0.,-0.,1.));
#7323 = DIRECTION('',(0.923879532511,0.382683432365,0.));
#7324 = ORIENTED_EDGE('',*,*,#7325,.F.);
#7325 = EDGE_CURVE('',#7326,#7317,#7328,.T.);
#7326 = VERTEX_POINT('',#7327);
#7327 = CARTESIAN_POINT('',(3.487468622767,0.249999701504,3.251385552896
    ));
#7328 = B_SPLINE_CURVE_WITH_KNOTS('',8,(#7329,#7330,#7331,#7332,#7333,
    #7334,#7335,#7336,#7337),.UNSPECIFIED.,.F.,.F.,(9,9),(0.,1.),
  .PIECEWISE_BEZIER_KNOTS.);
#7329 = CARTESIAN_POINT('',(3.487468622767,0.249999701504,3.251385552896
    ));
#7330 = CARTESIAN_POINT('',(3.487475806375,0.249928225413,3.297546599758
    ));
#7331 = CARTESIAN_POINT('',(3.488466071569,0.240076163387,3.344468713965
    ));
#7332 = CARTESIAN_POINT('',(3.490495528585,0.21986657353,3.389460295011)
  );
#7333 = CARTESIAN_POINT('',(3.493300225575,0.189774954381,3.429823601109
    ));
#7334 = CARTESIAN_POINT('',(3.496267732898,0.150859143254,3.463130702916
    ));
#7335 = CARTESIAN_POINT('',(3.49867859983,0.104848949188,3.487152152151)
  );
#7336 = CARTESIAN_POINT('',(3.499978637521,5.390619388061E-02,3.5));
#7337 = CARTESIAN_POINT('',(3.4999998,1.E-03,3.5));
#7338 = ORIENTED_EDGE('',*,*,#7339,.F.);
#7339 = EDGE_CURVE('',#7340,#7326,#7342,.T.);
#7340 = VERTEX_POINT('',#7341);
#7341 = CARTESIAN_POINT('',(3.487468592767,0.25,3.251));
#7342 = B_SPLINE_CURVE_WITH_KNOTS('',1,(#7343,#7344),.UNSPECIFIED.,.F.,
  .F.,(2,2),(0.,1.),.PIECEWISE_BEZIER_KNOTS.);
#7343 = CARTESIAN_POINT('',(3.487468592767,0.25,3.251));
#7344 = CARTESIAN_POINT('',(3.487468622767,0.249999701504,3.251385552896
    ));
#7345 = ORIENTED_EDGE('',*,*,#7346,.F.);
#7346 = EDGE_CURVE('',#6996,#7340,#7347,.T.);
#7347 = LINE('',#7348,#7349);
#7348 = CARTESIAN_POINT('',(3.487468592767,0.25,2.));
#7349 = VECTOR('',#7350,1.);
#7350 = DIRECTION('',(0.,0.,1.));
#7351 = ORIENTED_EDGE('',*,*,#6995,.F.);
#7352 = ORIENTED_EDGE('',*,*,#7198,.T.);
#7353 = CYLINDRICAL_SURFACE('',#7354,2.5);
#7354 = AXIS2_PLACEMENT_3D('',#7355,#7356,#7357);
#7355 = CARTESIAN_POINT('',(1.,0.,2.));
#7356 = DIRECTION('',(0.,0.,1.));
#7357 = DIRECTION('',(0.923879532511,0.382683432365,-0.));
#7358 = ADVANCED_FACE('',(#7359),#7387,.T.);
#7359 = FACE_BOUND('',#7360,.T.);
#7360 = EDGE_LOOP('',(#7361,#7370,#7379,#7386));
#7361 = ORIENTED_EDGE('',*,*,#7362,.T.);
#7362 = EDGE_CURVE('',#7188,#7363,#7365,.T.);
#7363 = VERTEX_POINT('',#7364);
#7364 = CARTESIAN_POINT('',(3.124922924776,-0.88017189444,5.));
#7365 = CIRCLE('',#7366,0.2);
#7366 = AXIS2_PLACEMENT_3D('',#7367,#7368,#7369);
#7367 = CARTESIAN_POINT('',(3.124922924776,-0.88017189444,4.8));
#7368 = DIRECTION('',(-0.382683432365,-0.923879532511,0.));
#7369 = DIRECTION('',(0.923879532511,-0.382683432365,-4.440892098502E-15
    ));
#7370 = ORIENTED_EDGE('',*,*,#7371,.T.);
#7371 = EDGE_CURVE('',#7363,#7372,#7374,.T.);
#7372 = VERTEX_POINT('',#7373);
#7373 = CARTESIAN_POINT('',(3.124922924776,0.88017189444,5.));
#7374 = CIRCLE('',#7375,2.3);
#7375 = AXIS2_PLACEMENT_3D('',#7376,#7377,#7378);
#7376 = CARTESIAN_POINT('',(1.,0.,5.));
#7377 = DIRECTION('',(0.,-0.,-1.));
#7378 = DIRECTION('',(0.923879532511,-0.382683432365,0.));
#7379 = ORIENTED_EDGE('',*,*,#7380,.F.);
#7380 = EDGE_CURVE('',#7190,#7372,#7381,.T.);
#7381 = CIRCLE('',#7382,0.2);
#7382 = AXIS2_PLACEMENT_3D('',#7383,#7384,#7385);
#7383 = CARTESIAN_POINT('',(3.124922924776,0.88017189444,4.8));
#7384 = DIRECTION('',(0.382683432365,-0.923879532511,0.));
#7385 = DIRECTION('',(0.923879532511,0.382683432365,-4.440892098502E-15)
  );
#7386 = ORIENTED_EDGE('',*,*,#7187,.F.);
#7387 = TOROIDAL_SURFACE('',#7388,2.3,0.2);
#7388 = AXIS2_PLACEMENT_3D('',#7389,#7390,#7391);
#7389 = CARTESIAN_POINT('',(1.,0.,4.8));
#7390 = DIRECTION('',(0.,0.,1.));
#7391 = DIRECTION('',(0.923879532511,-0.382683432365,0.));
#7392 = ADVANCED_FACE('',(#7393),#7402,.T.);
#7393 = FACE_BOUND('',#7394,.T.);
#7394 = EDGE_LOOP('',(#7395,#7396,#7397,#7398,#7399,#7400,#7401));
#7395 = ORIENTED_EDGE('',*,*,#7339,.T.);
#7396 = ORIENTED_EDGE('',*,*,#7325,.T.);
#7397 = ORIENTED_EDGE('',*,*,#7316,.F.);
#7398 = ORIENTED_EDGE('',*,*,#7302,.T.);
#7399 = ORIENTED_EDGE('',*,*,#7294,.F.);
#7400 = ORIENTED_EDGE('',*,*,#7221,.F.);
#7401 = ORIENTED_EDGE('',*,*,#7346,.T.);
#7402 = CYLINDRICAL_SURFACE('',#7403,2.5);
#7403 = AXIS2_PLACEMENT_3D('',#7404,#7405,#7406);
#7404 = CARTESIAN_POINT('',(1.,0.,2.));
#7405 = DIRECTION('',(0.,0.,1.));
#7406 = DIRECTION('',(0.923879532511,0.382683432365,-0.));
#7407 = ADVANCED_FACE('',(#7408),#7420,.T.);
#7408 = FACE_BOUND('',#7409,.T.);
#7409 = EDGE_LOOP('',(#7410,#7411,#7418,#7419));
#7410 = ORIENTED_EDGE('',*,*,#7380,.T.);
#7411 = ORIENTED_EDGE('',*,*,#7412,.T.);
#7412 = EDGE_CURVE('',#7372,#7363,#7413,.T.);
#7413 = CIRCLE('',#7414,2.3);
#7414 = AXIS2_PLACEMENT_3D('',#7415,#7416,#7417);
#7415 = CARTESIAN_POINT('',(1.,0.,5.));
#7416 = DIRECTION('',(0.,0.,-1.));
#7417 = DIRECTION('',(0.923879532511,0.382683432365,0.));
#7418 = ORIENTED_EDGE('',*,*,#7362,.F.);
#7419 = ORIENTED_EDGE('',*,*,#7285,.F.);
#7420 = TOROIDAL_SURFACE('',#7421,2.3,0.2);
#7421 = AXIS2_PLACEMENT_3D('',#7422,#7423,#7424);
#7422 = CARTESIAN_POINT('',(1.,0.,4.8));
#7423 = DIRECTION('',(0.,0.,1.));
#7424 = DIRECTION('',(0.923879532511,0.382683432365,-0.));
#7425 = ADVANCED_FACE('',(#7426),#7452,.F.);
#7426 = FACE_BOUND('',#7427,.F.);
#7427 = EDGE_LOOP('',(#7428,#7429,#7437,#7446));
#7428 = ORIENTED_EDGE('',*,*,#7371,.T.);
#7429 = ORIENTED_EDGE('',*,*,#7430,.T.);
#7430 = EDGE_CURVE('',#7372,#7431,#7433,.T.);
#7431 = VERTEX_POINT('',#7432);
#7432 = CARTESIAN_POINT('',(2.616789181895,0.669696006639,5.));
#7433 = LINE('',#7434,#7435);
#7434 = CARTESIAN_POINT('',(3.124922924776,0.88017189444,5.));
#7435 = VECTOR('',#7436,1.);
#7436 = DIRECTION('',(-0.923879532511,-0.382683432365,0.));
#7437 = ORIENTED_EDGE('',*,*,#7438,.F.);
#7438 = EDGE_CURVE('',#7439,#7431,#7441,.T.);
#7439 = VERTEX_POINT('',#7440);
#7440 = CARTESIAN_POINT('',(2.616789181895,-0.669696006639,5.));
#7441 = CIRCLE('',#7442,1.75);
#7442 = AXIS2_PLACEMENT_3D('',#7443,#7444,#7445);
#7443 = CARTESIAN_POINT('',(1.,0.,5.));
#7444 = DIRECTION('',(0.,-0.,-1.));
#7445 = DIRECTION('',(0.923879532511,-0.382683432365,0.));
#7446 = ORIENTED_EDGE('',*,*,#7447,.F.);
#7447 = EDGE_CURVE('',#7363,#7439,#7448,.T.);
#7448 = LINE('',#7449,#7450);
#7449 = CARTESIAN_POINT('',(3.124922924776,-0.88017189444,5.));
#7450 = VECTOR('',#7451,1.);
#7451 = DIRECTION('',(-0.923879532511,0.382683432365,0.));
#7452 = PLANE('',#7453);
#7453 = AXIS2_PLACEMENT_3D('',#7454,#7455,#7456);
#7454 = CARTESIAN_POINT('',(1.,0.,5.));
#7455 = DIRECTION('',(0.,0.,-1.));
#7456 = DIRECTION('',(0.923879532511,-0.382683432365,0.));
#7457 = ADVANCED_FACE('',(#7458),#7470,.F.);
#7458 = FACE_BOUND('',#7459,.F.);
#7459 = EDGE_LOOP('',(#7460,#7461,#7462,#7469));
#7460 = ORIENTED_EDGE('',*,*,#7412,.T.);
#7461 = ORIENTED_EDGE('',*,*,#7447,.T.);
#7462 = ORIENTED_EDGE('',*,*,#7463,.F.);
#7463 = EDGE_CURVE('',#7431,#7439,#7464,.T.);
#7464 = CIRCLE('',#7465,1.75);
#7465 = AXIS2_PLACEMENT_3D('',#7466,#7467,#7468);
#7466 = CARTESIAN_POINT('',(1.,0.,5.));
#7467 = DIRECTION('',(0.,0.,-1.));
#7468 = DIRECTION('',(0.923879532511,0.382683432365,0.));
#7469 = ORIENTED_EDGE('',*,*,#7430,.F.);
#7470 = PLANE('',#7471);
#7471 = AXIS2_PLACEMENT_3D('',#7472,#7473,#7474);
#7472 = CARTESIAN_POINT('',(1.,0.,5.));
#7473 = DIRECTION('',(0.,0.,-1.));
#7474 = DIRECTION('',(0.923879532511,0.382683432365,0.));
#7475 = ADVANCED_FACE('',(#7476),#7613,.F.);
#7476 = FACE_BOUND('',#7477,.F.);
#7477 = EDGE_LOOP('',(#7478,#7486,#7487,#7495,#7504,#7512,#7521,#7529,
    #7538,#7546,#7555,#7564,#7572,#7581,#7589,#7598,#7606));
#7478 = ORIENTED_EDGE('',*,*,#7479,.F.);
#7479 = EDGE_CURVE('',#7439,#7480,#7482,.T.);
#7480 = VERTEX_POINT('',#7481);
#7481 = CARTESIAN_POINT('',(2.616789181895,-0.669696006639,4.9));
#7482 = LINE('',#7483,#7484);
#7483 = CARTESIAN_POINT('',(2.616789181895,-0.669696006639,5.));
#7484 = VECTOR('',#7485,1.);
#7485 = DIRECTION('',(0.,0.,-1.));
#7486 = ORIENTED_EDGE('',*,*,#7438,.T.);
#7487 = ORIENTED_EDGE('',*,*,#7488,.T.);
#7488 = EDGE_CURVE('',#7431,#7489,#7491,.T.);
#7489 = VERTEX_POINT('',#7490);
#7490 = CARTESIAN_POINT('',(2.616789181895,0.669696006639,4.9));
#7491 = LINE('',#7492,#7493);
#7492 = CARTESIAN_POINT('',(2.616789181895,0.669696006639,5.));
#7493 = VECTOR('',#7494,1.);
#7494 = DIRECTION('',(0.,0.,-1.));
#7495 = ORIENTED_EDGE('',*,*,#7496,.T.);
#7496 = EDGE_CURVE('',#7489,#7497,#7499,.T.);
#7497 = VERTEX_POINT('',#7498);
#7498 = CARTESIAN_POINT('',(1.05,1.749285568454,4.9));
#7499 = CIRCLE('',#7500,1.75);
#7500 = AXIS2_PLACEMENT_3D('',#7501,#7502,#7503);
#7501 = CARTESIAN_POINT('',(1.,0.,4.9));
#7502 = DIRECTION('',(0.,0.,1.));
#7503 = DIRECTION('',(-1.,1.224646799147E-16,0.));
#7504 = ORIENTED_EDGE('',*,*,#7505,.T.);
#7505 = EDGE_CURVE('',#7497,#7506,#7508,.T.);
#7506 = VERTEX_POINT('',#7507);
#7507 = CARTESIAN_POINT('',(1.05,1.749285568454,4.8));
#7508 = LINE('',#7509,#7510);
#7509 = CARTESIAN_POINT('',(1.05,1.749285568454,4.7));
#7510 = VECTOR('',#7511,1.);
#7511 = DIRECTION('',(0.,0.,-1.));
#7512 = ORIENTED_EDGE('',*,*,#7513,.F.);
#7513 = EDGE_CURVE('',#7514,#7506,#7516,.T.);
#7514 = VERTEX_POINT('',#7515);
#7515 = CARTESIAN_POINT('',(0.95,1.749285568454,4.8));
#7516 = CIRCLE('',#7517,1.75);
#7517 = AXIS2_PLACEMENT_3D('',#7518,#7519,#7520);
#7518 = CARTESIAN_POINT('',(1.,0.,4.8));
#7519 = DIRECTION('',(0.,0.,-1.));
#7520 = DIRECTION('',(-1.,1.224646799147E-16,0.));
#7521 = ORIENTED_EDGE('',*,*,#7522,.F.);
#7522 = EDGE_CURVE('',#7523,#7514,#7525,.T.);
#7523 = VERTEX_POINT('',#7524);
#7524 = CARTESIAN_POINT('',(0.95,1.749285568454,4.9));
#7525 = LINE('',#7526,#7527);
#7526 = CARTESIAN_POINT('',(0.95,1.749285568454,4.7));
#7527 = VECTOR('',#7528,1.);
#7528 = DIRECTION('',(0.,0.,-1.));
#7529 = ORIENTED_EDGE('',*,*,#7530,.T.);
#7530 = EDGE_CURVE('',#7523,#7531,#7533,.T.);
#7531 = VERTEX_POINT('',#7532);
#7532 = CARTESIAN_POINT('',(-0.749285568454,5.000000000002E-02,4.9));
#7533 = CIRCLE('',#7534,1.75);
#7534 = AXIS2_PLACEMENT_3D('',#7535,#7536,#7537);
#7535 = CARTESIAN_POINT('',(1.,0.,4.9));
#7536 = DIRECTION('',(0.,0.,1.));
#7537 = DIRECTION('',(-1.,1.224646799147E-16,0.));
#7538 = ORIENTED_EDGE('',*,*,#7539,.T.);
#7539 = EDGE_CURVE('',#7531,#7540,#7542,.T.);
#7540 = VERTEX_POINT('',#7541);
#7541 = CARTESIAN_POINT('',(-0.749285568454,5.E-02,4.8));
#7542 = LINE('',#7543,#7544);
#7543 = CARTESIAN_POINT('',(-0.749285568454,5.E-02,4.7));
#7544 = VECTOR('',#7545,1.);
#7545 = DIRECTION('',(0.,0.,-1.));
#7546 = ORIENTED_EDGE('',*,*,#7547,.F.);
#7547 = EDGE_CURVE('',#7548,#7540,#7550,.T.);
#7548 = VERTEX_POINT('',#7549);
#7549 = CARTESIAN_POINT('',(-0.75,2.143131898508E-16,4.8));
#7550 = CIRCLE('',#7551,1.75);
#7551 = AXIS2_PLACEMENT_3D('',#7552,#7553,#7554);
#7552 = CARTESIAN_POINT('',(1.,0.,4.8));
#7553 = DIRECTION('',(0.,0.,-1.));
#7554 = DIRECTION('',(-1.,1.224646799147E-16,0.));
#7555 = ORIENTED_EDGE('',*,*,#7556,.F.);
#7556 = EDGE_CURVE('',#7557,#7548,#7559,.T.);
#7557 = VERTEX_POINT('',#7558);
#7558 = CARTESIAN_POINT('',(-0.749285568454,-5.E-02,4.8));
#7559 = CIRCLE('',#7560,1.75);
#7560 = AXIS2_PLACEMENT_3D('',#7561,#7562,#7563);
#7561 = CARTESIAN_POINT('',(1.,0.,4.8));
#7562 = DIRECTION('',(0.,0.,-1.));
#7563 = DIRECTION('',(-1.,1.224646799147E-16,0.));
#7564 = ORIENTED_EDGE('',*,*,#7565,.F.);
#7565 = EDGE_CURVE('',#7566,#7557,#7568,.T.);
#7566 = VERTEX_POINT('',#7567);
#7567 = CARTESIAN_POINT('',(-0.749285568454,-5.000000000002E-02,4.9));
#7568 = LINE('',#7569,#7570);
#7569 = CARTESIAN_POINT('',(-0.749285568454,-5.E-02,4.7));
#7570 = VECTOR('',#7571,1.);
#7571 = DIRECTION('',(0.,0.,-1.));
#7572 = ORIENTED_EDGE('',*,*,#7573,.T.);
#7573 = EDGE_CURVE('',#7566,#7574,#7576,.T.);
#7574 = VERTEX_POINT('',#7575);
#7575 = CARTESIAN_POINT('',(0.95,-1.749285568454,4.9));
#7576 = CIRCLE('',#7577,1.75);
#7577 = AXIS2_PLACEMENT_3D('',#7578,#7579,#7580);
#7578 = CARTESIAN_POINT('',(1.,0.,4.9));
#7579 = DIRECTION('',(0.,0.,1.));
#7580 = DIRECTION('',(-1.,1.224646799147E-16,0.));
#7581 = ORIENTED_EDGE('',*,*,#7582,.T.);
#7582 = EDGE_CURVE('',#7574,#7583,#7585,.T.);
#7583 = VERTEX_POINT('',#7584);
#7584 = CARTESIAN_POINT('',(0.95,-1.749285568454,4.8));
#7585 = LINE('',#7586,#7587);
#7586 = CARTESIAN_POINT('',(0.95,-1.749285568454,4.7));
#7587 = VECTOR('',#7588,1.);
#7588 = DIRECTION('',(0.,0.,-1.));
#7589 = ORIENTED_EDGE('',*,*,#7590,.F.);
#7590 = EDGE_CURVE('',#7591,#7583,#7593,.T.);
#7591 = VERTEX_POINT('',#7592);
#7592 = CARTESIAN_POINT('',(1.05,-1.749285568454,4.8));
#7593 = CIRCLE('',#7594,1.75);
#7594 = AXIS2_PLACEMENT_3D('',#7595,#7596,#7597);
#7595 = CARTESIAN_POINT('',(1.,0.,4.8));
#7596 = DIRECTION('',(0.,0.,-1.));
#7597 = DIRECTION('',(-1.,1.224646799147E-16,0.));
#7598 = ORIENTED_EDGE('',*,*,#7599,.F.);
#7599 = EDGE_CURVE('',#7600,#7591,#7602,.T.);
#7600 = VERTEX_POINT('',#7601);
#7601 = CARTESIAN_POINT('',(1.05,-1.749285568454,4.9));
#7602 = LINE('',#7603,#7604);
#7603 = CARTESIAN_POINT('',(1.05,-1.749285568454,4.7));
#7604 = VECTOR('',#7605,1.);
#7605 = DIRECTION('',(0.,0.,-1.));
#7606 = ORIENTED_EDGE('',*,*,#7607,.T.);
#7607 = EDGE_CURVE('',#7600,#7480,#7608,.T.);
#7608 = CIRCLE('',#7609,1.75);
#7609 = AXIS2_PLACEMENT_3D('',#7610,#7611,#7612);
#7610 = CARTESIAN_POINT('',(1.,0.,4.9));
#7611 = DIRECTION('',(0.,0.,1.));
#7612 = DIRECTION('',(-1.,1.224646799147E-16,0.));
#7613 = CYLINDRICAL_SURFACE('',#7614,1.75);
#7614 = AXIS2_PLACEMENT_3D('',#7615,#7616,#7617);
#7615 = CARTESIAN_POINT('',(1.,0.,5.));
#7616 = DIRECTION('',(0.,0.,-1.));
#7617 = DIRECTION('',(0.923879532511,-0.382683432365,0.));
#7618 = ADVANCED_FACE('',(#7619),#7665,.F.);
#7619 = FACE_BOUND('',#7620,.F.);
#7620 = EDGE_LOOP('',(#7621,#7622,#7623,#7624,#7633,#7641,#7650,#7658));
#7621 = ORIENTED_EDGE('',*,*,#7488,.F.);
#7622 = ORIENTED_EDGE('',*,*,#7463,.T.);
#7623 = ORIENTED_EDGE('',*,*,#7479,.T.);
#7624 = ORIENTED_EDGE('',*,*,#7625,.T.);
#7625 = EDGE_CURVE('',#7480,#7626,#7628,.T.);
#7626 = VERTEX_POINT('',#7627);
#7627 = CARTESIAN_POINT('',(2.749285568454,-4.999999999996E-02,4.9));
#7628 = CIRCLE('',#7629,1.75);
#7629 = AXIS2_PLACEMENT_3D('',#7630,#7631,#7632);
#7630 = CARTESIAN_POINT('',(1.,0.,4.9));
#7631 = DIRECTION('',(0.,0.,1.));
#7632 = DIRECTION('',(-1.,1.224646799147E-16,0.));
#7633 = ORIENTED_EDGE('',*,*,#7634,.T.);
#7634 = EDGE_CURVE('',#7626,#7635,#7637,.T.);
#7635 = VERTEX_POINT('',#7636);
#7636 = CARTESIAN_POINT('',(2.749285568454,-5.E-02,4.8));
#7637 = LINE('',#7638,#7639);
#7638 = CARTESIAN_POINT('',(2.749285568454,-5.E-02,4.7));
#7639 = VECTOR('',#7640,1.);
#7640 = DIRECTION('',(0.,0.,-1.));
#7641 = ORIENTED_EDGE('',*,*,#7642,.F.);
#7642 = EDGE_CURVE('',#7643,#7635,#7645,.T.);
#7643 = VERTEX_POINT('',#7644);
#7644 = CARTESIAN_POINT('',(2.749285568454,5.E-02,4.8));
#7645 = CIRCLE('',#7646,1.75);
#7646 = AXIS2_PLACEMENT_3D('',#7647,#7648,#7649);
#7647 = CARTESIAN_POINT('',(1.,0.,4.8));
#7648 = DIRECTION('',(0.,0.,-1.));
#7649 = DIRECTION('',(-1.,1.224646799147E-16,0.));
#7650 = ORIENTED_EDGE('',*,*,#7651,.F.);
#7651 = EDGE_CURVE('',#7652,#7643,#7654,.T.);
#7652 = VERTEX_POINT('',#7653);
#7653 = CARTESIAN_POINT('',(2.749285568454,4.999999999996E-02,4.9));
#7654 = LINE('',#7655,#7656);
#7655 = CARTESIAN_POINT('',(2.749285568454,5.E-02,4.7));
#7656 = VECTOR('',#7657,1.);
#7657 = DIRECTION('',(0.,0.,-1.));
#7658 = ORIENTED_EDGE('',*,*,#7659,.T.);
#7659 = EDGE_CURVE('',#7652,#7489,#7660,.T.);
#7660 = CIRCLE('',#7661,1.75);
#7661 = AXIS2_PLACEMENT_3D('',#7662,#7663,#7664);
#7662 = CARTESIAN_POINT('',(1.,0.,4.9));
#7663 = DIRECTION('',(0.,0.,1.));
#7664 = DIRECTION('',(-1.,1.224646799147E-16,0.));
#7665 = CYLINDRICAL_SURFACE('',#7666,1.75);
#7666 = AXIS2_PLACEMENT_3D('',#7667,#7668,#7669);
#7667 = CARTESIAN_POINT('',(1.,0.,5.));
#7668 = DIRECTION('',(0.,0.,-1.));
#7669 = DIRECTION('',(0.923879532511,0.382683432365,0.));
#7670 = ADVANCED_FACE('',(#7671),#7689,.T.);
#7671 = FACE_BOUND('',#7672,.T.);
#7672 = EDGE_LOOP('',(#7673,#7681,#7682,#7683));
#7673 = ORIENTED_EDGE('',*,*,#7674,.F.);
#7674 = EDGE_CURVE('',#7600,#7675,#7677,.T.);
#7675 = VERTEX_POINT('',#7676);
#7676 = CARTESIAN_POINT('',(1.05,-5.E-02,4.9));
#7677 = LINE('',#7678,#7679);
#7678 = CARTESIAN_POINT('',(1.05,-5.05,4.9));
#7679 = VECTOR('',#7680,1.);
#7680 = DIRECTION('',(1.224646799147E-16,1.,0.));
#7681 = ORIENTED_EDGE('',*,*,#7607,.T.);
#7682 = ORIENTED_EDGE('',*,*,#7625,.T.);
#7683 = ORIENTED_EDGE('',*,*,#7684,.F.);
#7684 = EDGE_CURVE('',#7675,#7626,#7685,.T.);
#7685 = LINE('',#7686,#7687);
#7686 = CARTESIAN_POINT('',(1.05,-5.E-02,4.9));
#7687 = VECTOR('',#7688,1.);
#7688 = DIRECTION('',(1.,-1.224646799147E-16,0.));
#7689 = PLANE('',#7690);
#7690 = AXIS2_PLACEMENT_3D('',#7691,#7692,#7693);
#7691 = CARTESIAN_POINT('',(1.,-1.239108604125E-16,4.9));
#7692 = DIRECTION('',(0.,0.,1.));
#7693 = DIRECTION('',(-1.,1.224646799147E-16,0.));
#7694 = ADVANCED_FACE('',(#7695),#7713,.F.);
#7695 = FACE_BOUND('',#7696,.F.);
#7696 = EDGE_LOOP('',(#7697,#7698,#7699,#7707));
#7697 = ORIENTED_EDGE('',*,*,#7674,.F.);
#7698 = ORIENTED_EDGE('',*,*,#7599,.T.);
#7699 = ORIENTED_EDGE('',*,*,#7700,.T.);
#7700 = EDGE_CURVE('',#7591,#7701,#7703,.T.);
#7701 = VERTEX_POINT('',#7702);
#7702 = CARTESIAN_POINT('',(1.05,-5.E-02,4.8));
#7703 = LINE('',#7704,#7705);
#7704 = CARTESIAN_POINT('',(1.05,-5.05,4.8));
#7705 = VECTOR('',#7706,1.);
#7706 = DIRECTION('',(1.224646799147E-16,1.,0.));
#7707 = ORIENTED_EDGE('',*,*,#7708,.F.);
#7708 = EDGE_CURVE('',#7675,#7701,#7709,.T.);
#7709 = LINE('',#7710,#7711);
#7710 = CARTESIAN_POINT('',(1.05,-5.E-02,4.9));
#7711 = VECTOR('',#7712,1.);
#7712 = DIRECTION('',(0.,0.,-1.));
#7713 = PLANE('',#7714);
#7714 = AXIS2_PLACEMENT_3D('',#7715,#7716,#7717);
#7715 = CARTESIAN_POINT('',(1.05,-5.05,4.9));
#7716 = DIRECTION('',(1.,-1.224646799147E-16,0.));
#7717 = DIRECTION('',(1.224646799147E-16,1.,0.));
#7718 = ADVANCED_FACE('',(#7719),#7737,.T.);
#7719 = FACE_BOUND('',#7720,.T.);
#7720 = EDGE_LOOP('',(#7721,#7722,#7723,#7731));
#7721 = ORIENTED_EDGE('',*,*,#7659,.T.);
#7722 = ORIENTED_EDGE('',*,*,#7496,.T.);
#7723 = ORIENTED_EDGE('',*,*,#7724,.F.);
#7724 = EDGE_CURVE('',#7725,#7497,#7727,.T.);
#7725 = VERTEX_POINT('',#7726);
#7726 = CARTESIAN_POINT('',(1.05,5.E-02,4.9));
#7727 = LINE('',#7728,#7729);
#7728 = CARTESIAN_POINT('',(1.05,5.E-02,4.9));
#7729 = VECTOR('',#7730,1.);
#7730 = DIRECTION('',(1.224646799147E-16,1.,0.));
#7731 = ORIENTED_EDGE('',*,*,#7732,.F.);
#7732 = EDGE_CURVE('',#7652,#7725,#7733,.T.);
#7733 = LINE('',#7734,#7735);
#7734 = CARTESIAN_POINT('',(6.05,5.E-02,4.9));
#7735 = VECTOR('',#7736,1.);
#7736 = DIRECTION('',(-1.,1.224646799147E-16,0.));
#7737 = PLANE('',#7738);
#7738 = AXIS2_PLACEMENT_3D('',#7739,#7740,#7741);
#7739 = CARTESIAN_POINT('',(1.,-1.239108604125E-16,4.9));
#7740 = DIRECTION('',(0.,0.,1.));
#7741 = DIRECTION('',(-1.,1.224646799147E-16,0.));
#7742 = ADVANCED_FACE('',(#7743),#7799,.T.);
#7743 = FACE_BOUND('',#7744,.T.);
#7744 = EDGE_LOOP('',(#7745,#7753,#7759,#7760,#7761,#7767,#7768,#7776,
    #7782,#7783,#7791,#7797,#7798));
#7745 = ORIENTED_EDGE('',*,*,#7746,.T.);
#7746 = EDGE_CURVE('',#7557,#7747,#7749,.T.);
#7747 = VERTEX_POINT('',#7748);
#7748 = CARTESIAN_POINT('',(0.95,-5.E-02,4.8));
#7749 = LINE('',#7750,#7751);
#7750 = CARTESIAN_POINT('',(-4.05,-5.E-02,4.8));
#7751 = VECTOR('',#7752,1.);
#7752 = DIRECTION('',(1.,-5.723907721801E-17,0.));
#7753 = ORIENTED_EDGE('',*,*,#7754,.T.);
#7754 = EDGE_CURVE('',#7747,#7583,#7755,.T.);
#7755 = LINE('',#7756,#7757);
#7756 = CARTESIAN_POINT('',(0.95,-5.E-02,4.8));
#7757 = VECTOR('',#7758,1.);
#7758 = DIRECTION('',(-1.224646799147E-16,-1.,0.));
#7759 = ORIENTED_EDGE('',*,*,#7590,.F.);
#7760 = ORIENTED_EDGE('',*,*,#7700,.T.);
#7761 = ORIENTED_EDGE('',*,*,#7762,.T.);
#7762 = EDGE_CURVE('',#7701,#7635,#7763,.T.);
#7763 = LINE('',#7764,#7765);
#7764 = CARTESIAN_POINT('',(1.05,-5.E-02,4.8));
#7765 = VECTOR('',#7766,1.);
#7766 = DIRECTION('',(1.,-1.224646799147E-16,0.));
#7767 = ORIENTED_EDGE('',*,*,#7642,.F.);
#7768 = ORIENTED_EDGE('',*,*,#7769,.T.);
#7769 = EDGE_CURVE('',#7643,#7770,#7772,.T.);
#7770 = VERTEX_POINT('',#7771);
#7771 = CARTESIAN_POINT('',(1.05,5.E-02,4.8));
#7772 = LINE('',#7773,#7774);
#7773 = CARTESIAN_POINT('',(6.05,5.E-02,4.8));
#7774 = VECTOR('',#7775,1.);
#7775 = DIRECTION('',(-1.,1.224646799147E-16,0.));
#7776 = ORIENTED_EDGE('',*,*,#7777,.T.);
#7777 = EDGE_CURVE('',#7770,#7506,#7778,.T.);
#7778 = LINE('',#7779,#7780);
#7779 = CARTESIAN_POINT('',(1.05,5.E-02,4.8));
#7780 = VECTOR('',#7781,1.);
#7781 = DIRECTION('',(1.224646799147E-16,1.,0.));
#7782 = ORIENTED_EDGE('',*,*,#7513,.F.);
#7783 = ORIENTED_EDGE('',*,*,#7784,.T.);
#7784 = EDGE_CURVE('',#7514,#7785,#7787,.T.);
#7785 = VERTEX_POINT('',#7786);
#7786 = CARTESIAN_POINT('',(0.95,5.E-02,4.8));
#7787 = LINE('',#7788,#7789);
#7788 = CARTESIAN_POINT('',(0.95,5.05,4.8));
#7789 = VECTOR('',#7790,1.);
#7790 = DIRECTION('',(-1.224646799147E-16,-1.,0.));
#7791 = ORIENTED_EDGE('',*,*,#7792,.T.);
#7792 = EDGE_CURVE('',#7785,#7540,#7793,.T.);
#7793 = LINE('',#7794,#7795);
#7794 = CARTESIAN_POINT('',(0.95,5.E-02,4.8));
#7795 = VECTOR('',#7796,1.);
#7796 = DIRECTION('',(-1.,1.224646799147E-16,0.));
#7797 = ORIENTED_EDGE('',*,*,#7547,.F.);
#7798 = ORIENTED_EDGE('',*,*,#7556,.F.);
#7799 = PLANE('',#7800);
#7800 = AXIS2_PLACEMENT_3D('',#7801,#7802,#7803);
#7801 = CARTESIAN_POINT('',(1.,-3.503797911874E-17,4.8));
#7802 = DIRECTION('',(-6.92799192911E-33,5.09829149655E-32,1.));
#7803 = DIRECTION('',(-1.224646799147E-16,-1.,5.09829149655E-32));
#7804 = ADVANCED_FACE('',(#7805),#7816,.F.);
#7805 = FACE_BOUND('',#7806,.F.);
#7806 = EDGE_LOOP('',(#7807,#7808,#7814,#7815));
#7807 = ORIENTED_EDGE('',*,*,#7724,.F.);
#7808 = ORIENTED_EDGE('',*,*,#7809,.T.);
#7809 = EDGE_CURVE('',#7725,#7770,#7810,.T.);
#7810 = LINE('',#7811,#7812);
#7811 = CARTESIAN_POINT('',(1.05,5.E-02,4.9));
#7812 = VECTOR('',#7813,1.);
#7813 = DIRECTION('',(0.,0.,-1.));
#7814 = ORIENTED_EDGE('',*,*,#7777,.T.);
#7815 = ORIENTED_EDGE('',*,*,#7505,.F.);
#7816 = PLANE('',#7817);
#7817 = AXIS2_PLACEMENT_3D('',#7818,#7819,#7820);
#7818 = CARTESIAN_POINT('',(1.05,5.E-02,4.9));
#7819 = DIRECTION('',(1.,-1.224646799147E-16,0.));
#7820 = DIRECTION('',(1.224646799147E-16,1.,0.));
#7821 = ADVANCED_FACE('',(#7822),#7840,.F.);
#7822 = FACE_BOUND('',#7823,.F.);
#7823 = EDGE_LOOP('',(#7824,#7832,#7838,#7839));
#7824 = ORIENTED_EDGE('',*,*,#7825,.F.);
#7825 = EDGE_CURVE('',#7826,#7574,#7828,.T.);
#7826 = VERTEX_POINT('',#7827);
#7827 = CARTESIAN_POINT('',(0.95,-5.E-02,4.9));
#7828 = LINE('',#7829,#7830);
#7829 = CARTESIAN_POINT('',(0.95,-5.E-02,4.9));
#7830 = VECTOR('',#7831,1.);
#7831 = DIRECTION('',(-1.224646799147E-16,-1.,0.));
#7832 = ORIENTED_EDGE('',*,*,#7833,.T.);
#7833 = EDGE_CURVE('',#7826,#7747,#7834,.T.);
#7834 = LINE('',#7835,#7836);
#7835 = CARTESIAN_POINT('',(0.95,-5.E-02,4.9));
#7836 = VECTOR('',#7837,1.);
#7837 = DIRECTION('',(0.,0.,-1.));
#7838 = ORIENTED_EDGE('',*,*,#7754,.T.);
#7839 = ORIENTED_EDGE('',*,*,#7582,.F.);
#7840 = PLANE('',#7841);
#7841 = AXIS2_PLACEMENT_3D('',#7842,#7843,#7844);
#7842 = CARTESIAN_POINT('',(0.95,-5.E-02,4.9));
#7843 = DIRECTION('',(-1.,1.224646799147E-16,0.));
#7844 = DIRECTION('',(-1.224646799147E-16,-1.,0.));
#7845 = ADVANCED_FACE('',(#7846),#7856,.T.);
#7846 = FACE_BOUND('',#7847,.T.);
#7847 = EDGE_LOOP('',(#7848,#7854,#7855));
#7848 = ORIENTED_EDGE('',*,*,#7849,.F.);
#7849 = EDGE_CURVE('',#7566,#7826,#7850,.T.);
#7850 = LINE('',#7851,#7852);
#7851 = CARTESIAN_POINT('',(-4.05,-5.E-02,4.9));
#7852 = VECTOR('',#7853,1.);
#7853 = DIRECTION('',(1.,-5.723907721801E-17,0.));
#7854 = ORIENTED_EDGE('',*,*,#7573,.T.);
#7855 = ORIENTED_EDGE('',*,*,#7825,.F.);
#7856 = PLANE('',#7857);
#7857 = AXIS2_PLACEMENT_3D('',#7858,#7859,#7860);
#7858 = CARTESIAN_POINT('',(1.,-1.239108604125E-16,4.9));
#7859 = DIRECTION('',(0.,0.,1.));
#7860 = DIRECTION('',(-1.,1.224646799147E-16,0.));
#7861 = ADVANCED_FACE('',(#7862),#7880,.F.);
#7862 = FACE_BOUND('',#7863,.F.);
#7863 = EDGE_LOOP('',(#7864,#7872,#7873,#7874));
#7864 = ORIENTED_EDGE('',*,*,#7865,.F.);
#7865 = EDGE_CURVE('',#7523,#7866,#7868,.T.);
#7866 = VERTEX_POINT('',#7867);
#7867 = CARTESIAN_POINT('',(0.95,5.E-02,4.9));
#7868 = LINE('',#7869,#7870);
#7869 = CARTESIAN_POINT('',(0.95,5.05,4.9));
#7870 = VECTOR('',#7871,1.);
#7871 = DIRECTION('',(-1.224646799147E-16,-1.,0.));
#7872 = ORIENTED_EDGE('',*,*,#7522,.T.);
#7873 = ORIENTED_EDGE('',*,*,#7784,.T.);
#7874 = ORIENTED_EDGE('',*,*,#7875,.F.);
#7875 = EDGE_CURVE('',#7866,#7785,#7876,.T.);
#7876 = LINE('',#7877,#7878);
#7877 = CARTESIAN_POINT('',(0.95,5.E-02,4.9));
#7878 = VECTOR('',#7879,1.);
#7879 = DIRECTION('',(0.,0.,-1.));
#7880 = PLANE('',#7881);
#7881 = AXIS2_PLACEMENT_3D('',#7882,#7883,#7884);
#7882 = CARTESIAN_POINT('',(0.95,5.05,4.9));
#7883 = DIRECTION('',(-1.,1.224646799147E-16,0.));
#7884 = DIRECTION('',(-1.224646799147E-16,-1.,0.));
#7885 = ADVANCED_FACE('',(#7886),#7892,.F.);
#7886 = FACE_BOUND('',#7887,.F.);
#7887 = EDGE_LOOP('',(#7888,#7889,#7890,#7891));
#7888 = ORIENTED_EDGE('',*,*,#7849,.F.);
#7889 = ORIENTED_EDGE('',*,*,#7565,.T.);
#7890 = ORIENTED_EDGE('',*,*,#7746,.T.);
#7891 = ORIENTED_EDGE('',*,*,#7833,.F.);
#7892 = PLANE('',#7893);
#7893 = AXIS2_PLACEMENT_3D('',#7894,#7895,#7896);
#7894 = CARTESIAN_POINT('',(-4.05,-5.E-02,4.9));
#7895 = DIRECTION('',(-5.723907721801E-17,-1.,0.));
#7896 = DIRECTION('',(1.,-5.723907721801E-17,0.));
#7897 = ADVANCED_FACE('',(#7898),#7908,.T.);
#7898 = FACE_BOUND('',#7899,.T.);
#7899 = EDGE_LOOP('',(#7900,#7901,#7907));
#7900 = ORIENTED_EDGE('',*,*,#7530,.T.);
#7901 = ORIENTED_EDGE('',*,*,#7902,.F.);
#7902 = EDGE_CURVE('',#7866,#7531,#7903,.T.);
#7903 = LINE('',#7904,#7905);
#7904 = CARTESIAN_POINT('',(0.95,5.E-02,4.9));
#7905 = VECTOR('',#7906,1.);
#7906 = DIRECTION('',(-1.,1.224646799147E-16,0.));
#7907 = ORIENTED_EDGE('',*,*,#7865,.F.);
#7908 = PLANE('',#7909);
#7909 = AXIS2_PLACEMENT_3D('',#7910,#7911,#7912);
#7910 = CARTESIAN_POINT('',(1.,-1.239108604125E-16,4.9));
#7911 = DIRECTION('',(0.,0.,1.));
#7912 = DIRECTION('',(-1.,1.224646799147E-16,0.));
#7913 = ADVANCED_FACE('',(#7914),#7920,.F.);
#7914 = FACE_BOUND('',#7915,.F.);
#7915 = EDGE_LOOP('',(#7916,#7917,#7918,#7919));
#7916 = ORIENTED_EDGE('',*,*,#7902,.F.);
#7917 = ORIENTED_EDGE('',*,*,#7875,.T.);
#7918 = ORIENTED_EDGE('',*,*,#7792,.T.);
#7919 = ORIENTED_EDGE('',*,*,#7539,.F.);
#7920 = PLANE('',#7921);
#7921 = AXIS2_PLACEMENT_3D('',#7922,#7923,#7924);
#7922 = CARTESIAN_POINT('',(0.95,5.E-02,4.9));
#7923 = DIRECTION('',(1.224646799147E-16,1.,0.));
#7924 = DIRECTION('',(-1.,1.224646799147E-16,0.));
#7925 = ADVANCED_FACE('',(#7926),#7932,.F.);
#7926 = FACE_BOUND('',#7927,.F.);
#7927 = EDGE_LOOP('',(#7928,#7929,#7930,#7931));
#7928 = ORIENTED_EDGE('',*,*,#7732,.F.);
#7929 = ORIENTED_EDGE('',*,*,#7651,.T.);
#7930 = ORIENTED_EDGE('',*,*,#7769,.T.);
#7931 = ORIENTED_EDGE('',*,*,#7809,.F.);
#7932 = PLANE('',#7933);
#7933 = AXIS2_PLACEMENT_3D('',#7934,#7935,#7936);
#7934 = CARTESIAN_POINT('',(6.05,5.E-02,4.9));
#7935 = DIRECTION('',(1.224646799147E-16,1.,0.));
#7936 = DIRECTION('',(-1.,1.224646799147E-16,0.));
#7937 = ADVANCED_FACE('',(#7938),#7944,.F.);
#7938 = FACE_BOUND('',#7939,.F.);
#7939 = EDGE_LOOP('',(#7940,#7941,#7942,#7943));
#7940 = ORIENTED_EDGE('',*,*,#7684,.F.);
#7941 = ORIENTED_EDGE('',*,*,#7708,.T.);
#7942 = ORIENTED_EDGE('',*,*,#7762,.T.);
#7943 = ORIENTED_EDGE('',*,*,#7634,.F.);
#7944 = PLANE('',#7945);
#7945 = AXIS2_PLACEMENT_3D('',#7946,#7947,#7948);
#7946 = CARTESIAN_POINT('',(1.05,-5.E-02,4.9));
#7947 = DIRECTION('',(-1.224646799147E-16,-1.,0.));
#7948 = DIRECTION('',(1.,-1.224646799147E-16,0.));
#7949 = ORIENTED_CLOSED_SHELL('',*,#7950,.F.);
#7950 = CLOSED_SHELL('',(#7951,#7984,#8016,#8033,#8060));
#7951 = ADVANCED_FACE('',(#7952),#7979,.T.);
#7952 = FACE_BOUND('',#7953,.T.);
#7953 = EDGE_LOOP('',(#7954,#7965,#7973));
#7954 = ORIENTED_EDGE('',*,*,#7955,.T.);
#7955 = EDGE_CURVE('',#7956,#7958,#7960,.T.);
#7956 = VERTEX_POINT('',#7957);
#7957 = CARTESIAN_POINT('',(2.616789181895,0.669696006639,4.6));
#7958 = VERTEX_POINT('',#7959);
#7959 = CARTESIAN_POINT('',(2.616789181895,-0.669696006639,4.6));
#7960 = CIRCLE('',#7961,1.75);
#7961 = AXIS2_PLACEMENT_3D('',#7962,#7963,#7964);
#7962 = CARTESIAN_POINT('',(1.,0.,4.6));
#7963 = DIRECTION('',(0.,0.,-1.));
#7964 = DIRECTION('',(0.923879532511,0.382683432365,0.));
#7965 = ORIENTED_EDGE('',*,*,#7966,.T.);
#7966 = EDGE_CURVE('',#7958,#7967,#7969,.T.);
#7967 = VERTEX_POINT('',#7968);
#7968 = CARTESIAN_POINT('',(1.,0.,4.6));
#7969 = LINE('',#7970,#7971);
#7970 = CARTESIAN_POINT('',(2.616789181895,-0.669696006639,4.6));
#7971 = VECTOR('',#7972,1.);
#7972 = DIRECTION('',(-0.923879532511,0.382683432365,0.));
#7973 = ORIENTED_EDGE('',*,*,#7974,.F.);
#7974 = EDGE_CURVE('',#7956,#7967,#7975,.T.);
#7975 = LINE('',#7976,#7977);
#7976 = CARTESIAN_POINT('',(2.616789181895,0.669696006639,4.6));
#7977 = VECTOR('',#7978,1.);
#7978 = DIRECTION('',(-0.923879532511,-0.382683432365,0.));
#7979 = PLANE('',#7980);
#7980 = AXIS2_PLACEMENT_3D('',#7981,#7982,#7983);
#7981 = CARTESIAN_POINT('',(1.,0.,4.6));
#7982 = DIRECTION('',(0.,0.,-1.));
#7983 = DIRECTION('',(0.923879532511,0.382683432365,0.));
#7984 = ADVANCED_FACE('',(#7985),#8011,.T.);
#7985 = FACE_BOUND('',#7986,.T.);
#7986 = EDGE_LOOP('',(#7987,#7995,#8004,#8010));
#7987 = ORIENTED_EDGE('',*,*,#7988,.F.);
#7988 = EDGE_CURVE('',#7989,#7956,#7991,.T.);
#7989 = VERTEX_POINT('',#7990);
#7990 = CARTESIAN_POINT('',(2.616789181895,0.669696006639,4.7));
#7991 = LINE('',#7992,#7993);
#7992 = CARTESIAN_POINT('',(2.616789181895,0.669696006639,5.));
#7993 = VECTOR('',#7994,1.);
#7994 = DIRECTION('',(0.,0.,-1.));
#7995 = ORIENTED_EDGE('',*,*,#7996,.F.);
#7996 = EDGE_CURVE('',#7997,#7989,#7999,.T.);
#7997 = VERTEX_POINT('',#7998);
#7998 = CARTESIAN_POINT('',(2.616789181895,-0.669696006639,4.7));
#7999 = CIRCLE('',#8000,1.75);
#8000 = AXIS2_PLACEMENT_3D('',#8001,#8002,#8003);
#8001 = CARTESIAN_POINT('',(1.,0.,4.7));
#8002 = DIRECTION('',(0.,0.,1.));
#8003 = DIRECTION('',(-1.,1.224646799147E-16,0.));
#8004 = ORIENTED_EDGE('',*,*,#8005,.T.);
#8005 = EDGE_CURVE('',#7997,#7958,#8006,.T.);
#8006 = LINE('',#8007,#8008);
#8007 = CARTESIAN_POINT('',(2.616789181895,-0.669696006639,5.));
#8008 = VECTOR('',#8009,1.);
#8009 = DIRECTION('',(0.,0.,-1.));
#8010 = ORIENTED_EDGE('',*,*,#7955,.F.);
#8011 = CYLINDRICAL_SURFACE('',#8012,1.75);
#8012 = AXIS2_PLACEMENT_3D('',#8013,#8014,#8015);
#8013 = CARTESIAN_POINT('',(1.,0.,5.));
#8014 = DIRECTION('',(0.,0.,-1.));
#8015 = DIRECTION('',(0.923879532511,0.382683432365,0.));
#8016 = ADVANCED_FACE('',(#8017),#8028,.T.);
#8017 = FACE_BOUND('',#8018,.T.);
#8018 = EDGE_LOOP('',(#8019,#8026,#8027));
#8019 = ORIENTED_EDGE('',*,*,#8020,.T.);
#8020 = EDGE_CURVE('',#7958,#7956,#8021,.T.);
#8021 = CIRCLE('',#8022,1.75);
#8022 = AXIS2_PLACEMENT_3D('',#8023,#8024,#8025);
#8023 = CARTESIAN_POINT('',(1.,0.,4.6));
#8024 = DIRECTION('',(0.,-0.,-1.));
#8025 = DIRECTION('',(0.923879532511,-0.382683432365,0.));
#8026 = ORIENTED_EDGE('',*,*,#7974,.T.);
#8027 = ORIENTED_EDGE('',*,*,#7966,.F.);
#8028 = PLANE('',#8029);
#8029 = AXIS2_PLACEMENT_3D('',#8030,#8031,#8032);
#8030 = CARTESIAN_POINT('',(1.,0.,4.6));
#8031 = DIRECTION('',(0.,0.,-1.));
#8032 = DIRECTION('',(0.923879532511,-0.382683432365,0.));
#8033 = ADVANCED_FACE('',(#8034),#8055,.T.);
#8034 = FACE_BOUND('',#8035,.T.);
#8035 = EDGE_LOOP('',(#8036,#8037,#8046,#8053,#8054));
#8036 = ORIENTED_EDGE('',*,*,#8005,.F.);
#8037 = ORIENTED_EDGE('',*,*,#8038,.F.);
#8038 = EDGE_CURVE('',#8039,#7997,#8041,.T.);
#8039 = VERTEX_POINT('',#8040);
#8040 = CARTESIAN_POINT('',(-0.75,2.143131898508E-16,4.7));
#8041 = CIRCLE('',#8042,1.75);
#8042 = AXIS2_PLACEMENT_3D('',#8043,#8044,#8045);
#8043 = CARTESIAN_POINT('',(1.,0.,4.7));
#8044 = DIRECTION('',(0.,0.,1.));
#8045 = DIRECTION('',(-1.,1.224646799147E-16,0.));
#8046 = ORIENTED_EDGE('',*,*,#8047,.F.);
#8047 = EDGE_CURVE('',#7989,#8039,#8048,.T.);
#8048 = CIRCLE('',#8049,1.75);
#8049 = AXIS2_PLACEMENT_3D('',#8050,#8051,#8052);
#8050 = CARTESIAN_POINT('',(1.,0.,4.7));
#8051 = DIRECTION('',(0.,0.,1.));
#8052 = DIRECTION('',(-1.,1.224646799147E-16,0.));
#8053 = ORIENTED_EDGE('',*,*,#7988,.T.);
#8054 = ORIENTED_EDGE('',*,*,#8020,.F.);
#8055 = CYLINDRICAL_SURFACE('',#8056,1.75);
#8056 = AXIS2_PLACEMENT_3D('',#8057,#8058,#8059);
#8057 = CARTESIAN_POINT('',(1.,0.,5.));
#8058 = DIRECTION('',(0.,0.,-1.));
#8059 = DIRECTION('',(0.923879532511,-0.382683432365,0.));
#8060 = ADVANCED_FACE('',(#8061),#8066,.T.);
#8061 = FACE_BOUND('',#8062,.T.);
#8062 = EDGE_LOOP('',(#8063,#8064,#8065));
#8063 = ORIENTED_EDGE('',*,*,#8038,.T.);
#8064 = ORIENTED_EDGE('',*,*,#7996,.T.);
#8065 = ORIENTED_EDGE('',*,*,#8047,.T.);
#8066 = PLANE('',#8067);
#8067 = AXIS2_PLACEMENT_3D('',#8068,#8069,#8070);
#8068 = CARTESIAN_POINT('',(1.,-1.239108604125E-16,4.7));
#8069 = DIRECTION('',(0.,0.,1.));
#8070 = DIRECTION('',(-1.,1.224646799147E-16,0.));
#8071 = ( GEOMETRIC_REPRESENTATION_CONTEXT(3) 
GLOBAL_UNCERTAINTY_ASSIGNED_CONTEXT((#8075)) 
GLOBAL_UNIT_ASSIGNED_CONTEXT((#8072,#8073,#8074)) REPRESENTATION_CONTEXT
('Context #1','3D Context with UNIT and UNCERTAINTY') );
#8072 = ( LENGTH_UNIT() NAMED_UNIT(*) SI_UNIT(.MILLI.,.METRE.) );
#8073 = ( NAMED_UNIT(*) PLANE_ANGLE_UNIT() SI_UNIT($,.RADIAN.) );
#8074 = ( NAMED_UNIT(*) SI_UNIT($,.STERADIAN.) SOLID_ANGLE_UNIT() );
#8075 = UNCERTAINTY_MEASURE_WITH_UNIT(LENGTH_MEASURE(2.E-06),#8072,
  'distance_accuracy_value','confusion accuracy');
#8076 = CONTEXT_DEPENDENT_SHAPE_REPRESENTATION(#8077,#8079);
#8077 = ( REPRESENTATION_RELATIONSHIP('','',#6030,#10) 
REPRESENTATION_RELATIONSHIP_WITH_TRANSFORMATION(#8078) 
SHAPE_REPRESENTATION_RELATIONSHIP() );
#8078 = ITEM_DEFINED_TRANSFORMATION('','',#11,#31);
#8079 = PRODUCT_DEFINITION_SHAPE('Placement','Placement of an item',
  #8080);
#8080 = NEXT_ASSEMBLY_USAGE_OCCURRENCE('5','C1','',#5,#6025,$);
#8081 = PRODUCT_RELATED_PRODUCT_CATEGORY('part',$,(#6027));
#8082 = SHAPE_DEFINITION_REPRESENTATION(#8083,#8089);
#8083 = PRODUCT_DEFINITION_SHAPE('','',#8084);
#8084 = PRODUCT_DEFINITION('design','',#8085,#8088);
#8085 = PRODUCT_DEFINITION_FORMATION('','',#8086);
#8086 = PRODUCT('Converter_ACDC_MeanWell_IRM-03-xx_THT',
  'Converter_ACDC_MeanWell_IRM-03-xx_THT','',(#8087));
#8087 = PRODUCT_CONTEXT('',#2,'mechanical');
#8088 = PRODUCT_DEFINITION_CONTEXT('part definition',#2,'design');
#8089 = SHAPE_REPRESENTATION('',(#11,#8090),#8094);
#8090 = AXIS2_PLACEMENT_3D('',#8091,#8092,#8093);
#8091 = CARTESIAN_POINT('',(0.,0.,0.));
#8092 = DIRECTION('',(0.,0.,1.));
#8093 = DIRECTION('',(1.,0.,0.));
#8094 = ( GEOMETRIC_REPRESENTATION_CONTEXT(3) 
GLOBAL_UNCERTAINTY_ASSIGNED_CONTEXT((#8098)) 
GLOBAL_UNIT_ASSIGNED_CONTEXT((#8095,#8096,#8097)) REPRESENTATION_CONTEXT
('Context #1','3D Context with UNIT and UNCERTAINTY') );
#8095 = ( LENGTH_UNIT() NAMED_UNIT(*) SI_UNIT(.MILLI.,.METRE.) );
#8096 = ( NAMED_UNIT(*) PLANE_ANGLE_UNIT() SI_UNIT($,.RADIAN.) );
#8097 = ( NAMED_UNIT(*) SI_UNIT($,.STERADIAN.) SOLID_ANGLE_UNIT() );
#8098 = UNCERTAINTY_MEASURE_WITH_UNIT(LENGTH_MEASURE(1.E-07),#8095,
  'distance_accuracy_value','confusion accuracy');
#8099 = CONTEXT_DEPENDENT_SHAPE_REPRESENTATION(#8100,#8102);
#8100 = ( REPRESENTATION_RELATIONSHIP('','',#8089,#10) 
REPRESENTATION_RELATIONSHIP_WITH_TRANSFORMATION(#8101) 
SHAPE_REPRESENTATION_RELATIONSHIP() );
#8101 = ITEM_DEFINED_TRANSFORMATION('','',#11,#35);
#8102 = PRODUCT_DEFINITION_SHAPE('Placement','Placement of an item',
  #8103);
#8103 = NEXT_ASSEMBLY_USAGE_OCCURRENCE('7','PS1','',#5,#8084,$);
#8104 = PRODUCT_RELATED_PRODUCT_CATEGORY('part',$,(#8086));
#8105 = SHAPE_DEFINITION_REPRESENTATION(#8106,#8112);
#8106 = PRODUCT_DEFINITION_SHAPE('','',#8107);
#8107 = PRODUCT_DEFINITION('design','',#8108,#8111);
#8108 = PRODUCT_DEFINITION_FORMATION('','',#8109);
#8109 = PRODUCT('psu_carrier 1.6.1','psu_carrier 1.6.1','',(#8110));
#8110 = PRODUCT_CONTEXT('',#2,'mechanical');
#8111 = PRODUCT_DEFINITION_CONTEXT('part definition',#2,'design');
#8112 = SHAPE_REPRESENTATION('',(#11,#8113,#8771,#8921,#9000,#9079,#9158
    ,#9237),#9316);
#8113 = MANIFOLD_SOLID_BREP('',#8114);
#8114 = CLOSED_SHELL('',(#8115,#8155,#8188,#8221,#8254,#8287,#8313,#8330
    ,#8361,#8420,#8438,#8469,#8486,#8517,#8535,#8553,#8586,#8604,#8629,
    #8653,#8665,#8696,#8714,#8737,#8748,#8760));
#8115 = ADVANCED_FACE('',(#8116),#8150,.T.);
#8116 = FACE_BOUND('',#8117,.T.);
#8117 = EDGE_LOOP('',(#8118,#8128,#8136,#8144));
#8118 = ORIENTED_EDGE('',*,*,#8119,.T.);
#8119 = EDGE_CURVE('',#8120,#8122,#8124,.T.);
#8120 = VERTEX_POINT('',#8121);
#8121 = CARTESIAN_POINT('',(20.89,3.01,0.225));
#8122 = VERTEX_POINT('',#8123);
#8123 = CARTESIAN_POINT('',(20.89,3.01,14.85));
#8124 = LINE('',#8125,#8126);
#8125 = CARTESIAN_POINT('',(20.89,3.01,0.1));
#8126 = VECTOR('',#8127,1.);
#8127 = DIRECTION('',(0.,0.,1.));
#8128 = ORIENTED_EDGE('',*,*,#8129,.T.);
#8129 = EDGE_CURVE('',#8122,#8130,#8132,.T.);
#8130 = VERTEX_POINT('',#8131);
#8131 = CARTESIAN_POINT('',(20.89,-33.49,14.85));
#8132 = LINE('',#8133,#8134);
#8133 = CARTESIAN_POINT('',(20.89,3.01,14.85));
#8134 = VECTOR('',#8135,1.);
#8135 = DIRECTION('',(0.,-1.,0.));
#8136 = ORIENTED_EDGE('',*,*,#8137,.F.);
#8137 = EDGE_CURVE('',#8138,#8130,#8140,.T.);
#8138 = VERTEX_POINT('',#8139);
#8139 = CARTESIAN_POINT('',(20.89,-33.49,0.225));
#8140 = LINE('',#8141,#8142);
#8141 = CARTESIAN_POINT('',(20.89,-33.49,0.1));
#8142 = VECTOR('',#8143,1.);
#8143 = DIRECTION('',(0.,0.,1.));
#8144 = ORIENTED_EDGE('',*,*,#8145,.F.);
#8145 = EDGE_CURVE('',#8120,#8138,#8146,.T.);
#8146 = LINE('',#8147,#8148);
#8147 = CARTESIAN_POINT('',(20.89,3.01,0.225));
#8148 = VECTOR('',#8149,1.);
#8149 = DIRECTION('',(0.,-1.,0.));
#8150 = PLANE('',#8151);
#8151 = AXIS2_PLACEMENT_3D('',#8152,#8153,#8154);
#8152 = CARTESIAN_POINT('',(20.89,3.26,0.1));
#8153 = DIRECTION('',(1.,0.,0.));
#8154 = DIRECTION('',(0.,-1.,0.));
#8155 = ADVANCED_FACE('',(#8156),#8183,.T.);
#8156 = FACE_BOUND('',#8157,.T.);
#8157 = EDGE_LOOP('',(#8158,#8159,#8168,#8176));
#8158 = ORIENTED_EDGE('',*,*,#8119,.F.);
#8159 = ORIENTED_EDGE('',*,*,#8160,.F.);
#8160 = EDGE_CURVE('',#8161,#8120,#8163,.T.);
#8161 = VERTEX_POINT('',#8162);
#8162 = CARTESIAN_POINT('',(20.64,3.26,0.225));
#8163 = CIRCLE('',#8164,0.25);
#8164 = AXIS2_PLACEMENT_3D('',#8165,#8166,#8167);
#8165 = CARTESIAN_POINT('',(20.64,3.01,0.225));
#8166 = DIRECTION('',(2.076776916352E-34,0.,-1.));
#8167 = DIRECTION('',(-1.038388458176E-34,1.,-2.156501180146E-68));
#8168 = ORIENTED_EDGE('',*,*,#8169,.T.);
#8169 = EDGE_CURVE('',#8161,#8170,#8172,.T.);
#8170 = VERTEX_POINT('',#8171);
#8171 = CARTESIAN_POINT('',(20.64,3.26,14.85));
#8172 = LINE('',#8173,#8174);
#8173 = CARTESIAN_POINT('',(20.64,3.26,0.1));
#8174 = VECTOR('',#8175,1.);
#8175 = DIRECTION('',(0.,0.,1.));
#8176 = ORIENTED_EDGE('',*,*,#8177,.T.);
#8177 = EDGE_CURVE('',#8170,#8122,#8178,.T.);
#8178 = CIRCLE('',#8179,0.25);
#8179 = AXIS2_PLACEMENT_3D('',#8180,#8181,#8182);
#8180 = CARTESIAN_POINT('',(20.64,3.01,14.85));
#8181 = DIRECTION('',(2.076776916352E-34,0.,-1.));
#8182 = DIRECTION('',(2.076776916352E-34,1.,4.313002360293E-68));
#8183 = CYLINDRICAL_SURFACE('',#8184,0.25);
#8184 = AXIS2_PLACEMENT_3D('',#8185,#8186,#8187);
#8185 = CARTESIAN_POINT('',(20.64,3.01,0.1));
#8186 = DIRECTION('',(0.,0.,1.));
#8187 = DIRECTION('',(1.,0.,0.));
#8188 = ADVANCED_FACE('',(#8189),#8216,.T.);
#8189 = FACE_BOUND('',#8190,.T.);
#8190 = EDGE_LOOP('',(#8191,#8200,#8201,#8210));
#8191 = ORIENTED_EDGE('',*,*,#8192,.T.);
#8192 = EDGE_CURVE('',#8193,#8120,#8195,.T.);
#8193 = VERTEX_POINT('',#8194);
#8194 = CARTESIAN_POINT('',(20.765,3.01,0.1));
#8195 = CIRCLE('',#8196,0.125);
#8196 = AXIS2_PLACEMENT_3D('',#8197,#8198,#8199);
#8197 = CARTESIAN_POINT('',(20.765,3.01,0.225));
#8198 = DIRECTION('',(6.123233995737E-17,-1.,1.271659101577E-50));
#8199 = DIRECTION('',(1.,6.123233995737E-17,2.076776916352E-34));
#8200 = ORIENTED_EDGE('',*,*,#8145,.T.);
#8201 = ORIENTED_EDGE('',*,*,#8202,.F.);
#8202 = EDGE_CURVE('',#8203,#8138,#8205,.T.);
#8203 = VERTEX_POINT('',#8204);
#8204 = CARTESIAN_POINT('',(20.765,-33.49,0.1));
#8205 = CIRCLE('',#8206,0.125);
#8206 = AXIS2_PLACEMENT_3D('',#8207,#8208,#8209);
#8207 = CARTESIAN_POINT('',(20.765,-33.49,0.225));
#8208 = DIRECTION('',(0.,-1.,0.));
#8209 = DIRECTION('',(2.076776916352E-34,0.,-1.));
#8210 = ORIENTED_EDGE('',*,*,#8211,.F.);
#8211 = EDGE_CURVE('',#8193,#8203,#8212,.T.);
#8212 = LINE('',#8213,#8214);
#8213 = CARTESIAN_POINT('',(20.765,3.01,0.1));
#8214 = VECTOR('',#8215,1.);
#8215 = DIRECTION('',(0.,-1.,0.));
#8216 = CYLINDRICAL_SURFACE('',#8217,0.125);
#8217 = AXIS2_PLACEMENT_3D('',#8218,#8219,#8220);
#8218 = CARTESIAN_POINT('',(20.765,3.01,0.225));
#8219 = DIRECTION('',(0.,-1.,0.));
#8220 = DIRECTION('',(2.076776916352E-34,0.,-1.));
#8221 = ADVANCED_FACE('',(#8222),#8249,.T.);
#8222 = FACE_BOUND('',#8223,.T.);
#8223 = EDGE_LOOP('',(#8224,#8233,#8241,#8248));
#8224 = ORIENTED_EDGE('',*,*,#8225,.T.);
#8225 = EDGE_CURVE('',#8122,#8226,#8228,.T.);
#8226 = VERTEX_POINT('',#8227);
#8227 = CARTESIAN_POINT('',(20.64,3.01,15.1));
#8228 = CIRCLE('',#8229,0.25);
#8229 = AXIS2_PLACEMENT_3D('',#8230,#8231,#8232);
#8230 = CARTESIAN_POINT('',(20.64,3.01,14.85));
#8231 = DIRECTION('',(6.123233995737E-17,-1.,1.271659101577E-50));
#8232 = DIRECTION('',(1.,6.123233995737E-17,2.076776916352E-34));
#8233 = ORIENTED_EDGE('',*,*,#8234,.T.);
#8234 = EDGE_CURVE('',#8226,#8235,#8237,.T.);
#8235 = VERTEX_POINT('',#8236);
#8236 = CARTESIAN_POINT('',(20.64,-33.49,15.1));
#8237 = LINE('',#8238,#8239);
#8238 = CARTESIAN_POINT('',(20.64,3.01,15.1));
#8239 = VECTOR('',#8240,1.);
#8240 = DIRECTION('',(0.,-1.,0.));
#8241 = ORIENTED_EDGE('',*,*,#8242,.F.);
#8242 = EDGE_CURVE('',#8130,#8235,#8243,.T.);
#8243 = CIRCLE('',#8244,0.25);
#8244 = AXIS2_PLACEMENT_3D('',#8245,#8246,#8247);
#8245 = CARTESIAN_POINT('',(20.64,-33.49,14.85));
#8246 = DIRECTION('',(0.,-1.,0.));
#8247 = DIRECTION('',(1.,0.,0.));
#8248 = ORIENTED_EDGE('',*,*,#8129,.F.);
#8249 = CYLINDRICAL_SURFACE('',#8250,0.25);
#8250 = AXIS2_PLACEMENT_3D('',#8251,#8252,#8253);
#8251 = CARTESIAN_POINT('',(20.64,3.01,14.85));
#8252 = DIRECTION('',(0.,-1.,0.));
#8253 = DIRECTION('',(1.,0.,0.));
#8254 = ADVANCED_FACE('',(#8255),#8282,.T.);
#8255 = FACE_BOUND('',#8256,.T.);
#8256 = EDGE_LOOP('',(#8257,#8267,#8274,#8275));
#8257 = ORIENTED_EDGE('',*,*,#8258,.F.);
#8258 = EDGE_CURVE('',#8259,#8261,#8263,.T.);
#8259 = VERTEX_POINT('',#8260);
#8260 = CARTESIAN_POINT('',(20.64,-33.74,0.225));
#8261 = VERTEX_POINT('',#8262);
#8262 = CARTESIAN_POINT('',(20.64,-33.74,14.85));
#8263 = LINE('',#8264,#8265);
#8264 = CARTESIAN_POINT('',(20.64,-33.74,0.1));
#8265 = VECTOR('',#8266,1.);
#8266 = DIRECTION('',(0.,0.,1.));
#8267 = ORIENTED_EDGE('',*,*,#8268,.F.);
#8268 = EDGE_CURVE('',#8138,#8259,#8269,.T.);
#8269 = CIRCLE('',#8270,0.25);
#8270 = AXIS2_PLACEMENT_3D('',#8271,#8272,#8273);
#8271 = CARTESIAN_POINT('',(20.64,-33.49,0.225));
#8272 = DIRECTION('',(2.076776916352E-34,0.,-1.));
#8273 = DIRECTION('',(1.,0.,2.076776916352E-34));
#8274 = ORIENTED_EDGE('',*,*,#8137,.T.);
#8275 = ORIENTED_EDGE('',*,*,#8276,.T.);
#8276 = EDGE_CURVE('',#8130,#8261,#8277,.T.);
#8277 = CIRCLE('',#8278,0.25);
#8278 = AXIS2_PLACEMENT_3D('',#8279,#8280,#8281);
#8279 = CARTESIAN_POINT('',(20.64,-33.49,14.85));
#8280 = DIRECTION('',(2.076776916352E-34,0.,-1.));
#8281 = DIRECTION('',(1.,0.,2.076776916352E-34));
#8282 = CYLINDRICAL_SURFACE('',#8283,0.25);
#8283 = AXIS2_PLACEMENT_3D('',#8284,#8285,#8286);
#8284 = CARTESIAN_POINT('',(20.64,-33.49,0.1));
#8285 = DIRECTION('',(0.,0.,1.));
#8286 = DIRECTION('',(0.,-1.,0.));
#8287 = ADVANCED_FACE('',(#8288),#8308,.T.);
#8288 = FACE_BOUND('',#8289,.T.);
#8289 = EDGE_LOOP('',(#8290,#8291,#8292,#8301));
#8290 = ORIENTED_EDGE('',*,*,#8160,.T.);
#8291 = ORIENTED_EDGE('',*,*,#8192,.F.);
#8292 = ORIENTED_EDGE('',*,*,#8293,.F.);
#8293 = EDGE_CURVE('',#8294,#8193,#8296,.T.);
#8294 = VERTEX_POINT('',#8295);
#8295 = CARTESIAN_POINT('',(20.64,3.135,0.1));
#8296 = CIRCLE('',#8297,0.125);
#8297 = AXIS2_PLACEMENT_3D('',#8298,#8299,#8300);
#8298 = CARTESIAN_POINT('',(20.64,3.01,0.1));
#8299 = DIRECTION('',(2.076776916352E-34,0.,-1.));
#8300 = DIRECTION('',(-1.038388458176E-34,1.,-2.156501180146E-68));
#8301 = ORIENTED_EDGE('',*,*,#8302,.T.);
#8302 = EDGE_CURVE('',#8294,#8161,#8303,.T.);
#8303 = CIRCLE('',#8304,0.125);
#8304 = AXIS2_PLACEMENT_3D('',#8305,#8306,#8307);
#8305 = CARTESIAN_POINT('',(20.64,3.135,0.225));
#8306 = DIRECTION('',(1.,-0.,0.));
#8307 = DIRECTION('',(0.,0.,-1.));
#8308 = TOROIDAL_SURFACE('',#8309,0.125,0.125);
#8309 = AXIS2_PLACEMENT_3D('',#8310,#8311,#8312);
#8310 = CARTESIAN_POINT('',(20.64,3.01,0.225));
#8311 = DIRECTION('',(-2.076776916352E-34,0.,1.));
#8312 = DIRECTION('',(-1.038388458176E-34,1.,-2.156501180146E-68));
#8313 = ADVANCED_FACE('',(#8314),#8325,.T.);
#8314 = FACE_BOUND('',#8315,.T.);
#8315 = EDGE_LOOP('',(#8316,#8317,#8318));
#8316 = ORIENTED_EDGE('',*,*,#8225,.F.);
#8317 = ORIENTED_EDGE('',*,*,#8177,.F.);
#8318 = ORIENTED_EDGE('',*,*,#8319,.T.);
#8319 = EDGE_CURVE('',#8170,#8226,#8320,.T.);
#8320 = CIRCLE('',#8321,0.25);
#8321 = AXIS2_PLACEMENT_3D('',#8322,#8323,#8324);
#8322 = CARTESIAN_POINT('',(20.64,3.01,14.85));
#8323 = DIRECTION('',(1.,0.,0.));
#8324 = DIRECTION('',(0.,1.,0.));
#8325 = SPHERICAL_SURFACE('',#8326,0.25);
#8326 = AXIS2_PLACEMENT_3D('',#8327,#8328,#8329);
#8327 = CARTESIAN_POINT('',(20.64,3.01,14.85));
#8328 = DIRECTION('',(-2.076776916352E-34,0.,1.));
#8329 = DIRECTION('',(2.076776916352E-34,1.,4.313002360293E-68));
#8330 = ADVANCED_FACE('',(#8331),#8356,.T.);
#8331 = FACE_BOUND('',#8332,.T.);
#8332 = EDGE_LOOP('',(#8333,#8334,#8342,#8350));
#8333 = ORIENTED_EDGE('',*,*,#8169,.F.);
#8334 = ORIENTED_EDGE('',*,*,#8335,.F.);
#8335 = EDGE_CURVE('',#8336,#8161,#8338,.T.);
#8336 = VERTEX_POINT('',#8337);
#8337 = CARTESIAN_POINT('',(-2.86,3.26,0.225));
#8338 = LINE('',#8339,#8340);
#8339 = CARTESIAN_POINT('',(-2.86,3.26,0.225));
#8340 = VECTOR('',#8341,1.);
#8341 = DIRECTION('',(1.,0.,0.));
#8342 = ORIENTED_EDGE('',*,*,#8343,.T.);
#8343 = EDGE_CURVE('',#8336,#8344,#8346,.T.);
#8344 = VERTEX_POINT('',#8345);
#8345 = CARTESIAN_POINT('',(-2.86,3.26,14.85));
#8346 = LINE('',#8347,#8348);
#8347 = CARTESIAN_POINT('',(-2.86,3.26,0.1));
#8348 = VECTOR('',#8349,1.);
#8349 = DIRECTION('',(0.,0.,1.));
#8350 = ORIENTED_EDGE('',*,*,#8351,.T.);
#8351 = EDGE_CURVE('',#8344,#8170,#8352,.T.);
#8352 = LINE('',#8353,#8354);
#8353 = CARTESIAN_POINT('',(-2.86,3.26,14.85));
#8354 = VECTOR('',#8355,1.);
#8355 = DIRECTION('',(1.,0.,0.));
#8356 = PLANE('',#8357);
#8357 = AXIS2_PLACEMENT_3D('',#8358,#8359,#8360);
#8358 = CARTESIAN_POINT('',(-3.11,3.26,0.1));
#8359 = DIRECTION('',(0.,1.,0.));
#8360 = DIRECTION('',(1.,0.,0.));
#8361 = ADVANCED_FACE('',(#8362),#8415,.T.);
#8362 = FACE_BOUND('',#8363,.T.);
#8363 = EDGE_LOOP('',(#8364,#8372,#8373,#8374,#8383,#8391,#8400,#8408));
#8364 = ORIENTED_EDGE('',*,*,#8365,.T.);
#8365 = EDGE_CURVE('',#8366,#8294,#8368,.T.);
#8366 = VERTEX_POINT('',#8367);
#8367 = CARTESIAN_POINT('',(-2.86,3.135,0.1));
#8368 = LINE('',#8369,#8370);
#8369 = CARTESIAN_POINT('',(-2.86,3.135,0.1));
#8370 = VECTOR('',#8371,1.);
#8371 = DIRECTION('',(1.,0.,0.));
#8372 = ORIENTED_EDGE('',*,*,#8293,.T.);
#8373 = ORIENTED_EDGE('',*,*,#8211,.T.);
#8374 = ORIENTED_EDGE('',*,*,#8375,.T.);
#8375 = EDGE_CURVE('',#8203,#8376,#8378,.T.);
#8376 = VERTEX_POINT('',#8377);
#8377 = CARTESIAN_POINT('',(20.64,-33.615,0.1));
#8378 = CIRCLE('',#8379,0.125);
#8379 = AXIS2_PLACEMENT_3D('',#8380,#8381,#8382);
#8380 = CARTESIAN_POINT('',(20.64,-33.49,0.1));
#8381 = DIRECTION('',(2.076776916352E-34,0.,-1.));
#8382 = DIRECTION('',(1.,0.,2.076776916352E-34));
#8383 = ORIENTED_EDGE('',*,*,#8384,.T.);
#8384 = EDGE_CURVE('',#8376,#8385,#8387,.T.);
#8385 = VERTEX_POINT('',#8386);
#8386 = CARTESIAN_POINT('',(-2.86,-33.615,0.1));
#8387 = LINE('',#8388,#8389);
#8388 = CARTESIAN_POINT('',(20.64,-33.615,0.1));
#8389 = VECTOR('',#8390,1.);
#8390 = DIRECTION('',(-1.,0.,0.));
#8391 = ORIENTED_EDGE('',*,*,#8392,.T.);
#8392 = EDGE_CURVE('',#8385,#8393,#8395,.T.);
#8393 = VERTEX_POINT('',#8394);
#8394 = CARTESIAN_POINT('',(-2.985,-33.49,0.1));
#8395 = CIRCLE('',#8396,0.125);
#8396 = AXIS2_PLACEMENT_3D('',#8397,#8398,#8399);
#8397 = CARTESIAN_POINT('',(-2.86,-33.49,0.1));
#8398 = DIRECTION('',(2.076776916352E-34,0.,-1.));
#8399 = DIRECTION('',(-1.038388458176E-34,-1.,-2.156501180146E-68));
#8400 = ORIENTED_EDGE('',*,*,#8401,.T.);
#8401 = EDGE_CURVE('',#8393,#8402,#8404,.T.);
#8402 = VERTEX_POINT('',#8403);
#8403 = CARTESIAN_POINT('',(-2.985,3.01,0.1));
#8404 = LINE('',#8405,#8406);
#8405 = CARTESIAN_POINT('',(-2.985,-33.49,0.1));
#8406 = VECTOR('',#8407,1.);
#8407 = DIRECTION('',(0.,1.,0.));
#8408 = ORIENTED_EDGE('',*,*,#8409,.T.);
#8409 = EDGE_CURVE('',#8402,#8366,#8410,.T.);
#8410 = CIRCLE('',#8411,0.125);
#8411 = AXIS2_PLACEMENT_3D('',#8412,#8413,#8414);
#8412 = CARTESIAN_POINT('',(-2.86,3.01,0.1));
#8413 = DIRECTION('',(2.076776916352E-34,0.,-1.));
#8414 = DIRECTION('',(-1.,5.329070518201E-15,-2.076776916352E-34));
#8415 = PLANE('',#8416);
#8416 = AXIS2_PLACEMENT_3D('',#8417,#8418,#8419);
#8417 = CARTESIAN_POINT('',(8.89,-15.24,0.1));
#8418 = DIRECTION('',(2.076776916352E-34,0.,-1.));
#8419 = DIRECTION('',(-1.,0.,-2.076776916352E-34));
#8420 = ADVANCED_FACE('',(#8421),#8433,.T.);
#8421 = FACE_BOUND('',#8422,.T.);
#8422 = EDGE_LOOP('',(#8423,#8424,#8431,#8432));
#8423 = ORIENTED_EDGE('',*,*,#8268,.T.);
#8424 = ORIENTED_EDGE('',*,*,#8425,.F.);
#8425 = EDGE_CURVE('',#8376,#8259,#8426,.T.);
#8426 = CIRCLE('',#8427,0.125);
#8427 = AXIS2_PLACEMENT_3D('',#8428,#8429,#8430);
#8428 = CARTESIAN_POINT('',(20.64,-33.615,0.225));
#8429 = DIRECTION('',(-1.,-6.123233995737E-17,-2.076776916352E-34));
#8430 = DIRECTION('',(6.123233995737E-17,-1.,1.271659101577E-50));
#8431 = ORIENTED_EDGE('',*,*,#8375,.F.);
#8432 = ORIENTED_EDGE('',*,*,#8202,.T.);
#8433 = TOROIDAL_SURFACE('',#8434,0.125,0.125);
#8434 = AXIS2_PLACEMENT_3D('',#8435,#8436,#8437);
#8435 = CARTESIAN_POINT('',(20.64,-33.49,0.225));
#8436 = DIRECTION('',(-2.076776916352E-34,0.,1.));
#8437 = DIRECTION('',(1.,0.,2.076776916352E-34));
#8438 = ADVANCED_FACE('',(#8439),#8464,.F.);
#8439 = FACE_BOUND('',#8440,.F.);
#8440 = EDGE_LOOP('',(#8441,#8449,#8450,#8458));
#8441 = ORIENTED_EDGE('',*,*,#8442,.T.);
#8442 = EDGE_CURVE('',#8443,#8226,#8445,.T.);
#8443 = VERTEX_POINT('',#8444);
#8444 = CARTESIAN_POINT('',(-2.86,3.01,15.1));
#8445 = LINE('',#8446,#8447);
#8446 = CARTESIAN_POINT('',(-2.86,3.01,15.1));
#8447 = VECTOR('',#8448,1.);
#8448 = DIRECTION('',(1.,0.,0.));
#8449 = ORIENTED_EDGE('',*,*,#8234,.T.);
#8450 = ORIENTED_EDGE('',*,*,#8451,.T.);
#8451 = EDGE_CURVE('',#8235,#8452,#8454,.T.);
#8452 = VERTEX_POINT('',#8453);
#8453 = CARTESIAN_POINT('',(-2.86,-33.49,15.1));
#8454 = LINE('',#8455,#8456);
#8455 = CARTESIAN_POINT('',(20.64,-33.49,15.1));
#8456 = VECTOR('',#8457,1.);
#8457 = DIRECTION('',(-1.,0.,0.));
#8458 = ORIENTED_EDGE('',*,*,#8459,.T.);
#8459 = EDGE_CURVE('',#8452,#8443,#8460,.T.);
#8460 = LINE('',#8461,#8462);
#8461 = CARTESIAN_POINT('',(-2.86,-33.49,15.1));
#8462 = VECTOR('',#8463,1.);
#8463 = DIRECTION('',(0.,1.,0.));
#8464 = PLANE('',#8465);
#8465 = AXIS2_PLACEMENT_3D('',#8466,#8467,#8468);
#8466 = CARTESIAN_POINT('',(8.89,-15.24,15.1));
#8467 = DIRECTION('',(2.076776916352E-34,0.,-1.));
#8468 = DIRECTION('',(-1.,0.,-2.076776916352E-34));
#8469 = ADVANCED_FACE('',(#8470),#8481,.T.);
#8470 = FACE_BOUND('',#8471,.T.);
#8471 = EDGE_LOOP('',(#8472,#8479,#8480));
#8472 = ORIENTED_EDGE('',*,*,#8473,.F.);
#8473 = EDGE_CURVE('',#8261,#8235,#8474,.T.);
#8474 = CIRCLE('',#8475,0.25);
#8475 = AXIS2_PLACEMENT_3D('',#8476,#8477,#8478);
#8476 = CARTESIAN_POINT('',(20.64,-33.49,14.85));
#8477 = DIRECTION('',(-1.,-6.123233995737E-17,-2.076776916352E-34));
#8478 = DIRECTION('',(6.123233995737E-17,-1.,1.271659101577E-50));
#8479 = ORIENTED_EDGE('',*,*,#8276,.F.);
#8480 = ORIENTED_EDGE('',*,*,#8242,.T.);
#8481 = SPHERICAL_SURFACE('',#8482,0.25);
#8482 = AXIS2_PLACEMENT_3D('',#8483,#8484,#8485);
#8483 = CARTESIAN_POINT('',(20.64,-33.49,14.85));
#8484 = DIRECTION('',(-2.076776916352E-34,0.,1.));
#8485 = DIRECTION('',(1.,0.,2.076776916352E-34));
#8486 = ADVANCED_FACE('',(#8487),#8512,.T.);
#8487 = FACE_BOUND('',#8488,.T.);
#8488 = EDGE_LOOP('',(#8489,#8490,#8498,#8506));
#8489 = ORIENTED_EDGE('',*,*,#8258,.T.);
#8490 = ORIENTED_EDGE('',*,*,#8491,.T.);
#8491 = EDGE_CURVE('',#8261,#8492,#8494,.T.);
#8492 = VERTEX_POINT('',#8493);
#8493 = CARTESIAN_POINT('',(-2.86,-33.74,14.85));
#8494 = LINE('',#8495,#8496);
#8495 = CARTESIAN_POINT('',(20.64,-33.74,14.85));
#8496 = VECTOR('',#8497,1.);
#8497 = DIRECTION('',(-1.,0.,0.));
#8498 = ORIENTED_EDGE('',*,*,#8499,.F.);
#8499 = EDGE_CURVE('',#8500,#8492,#8502,.T.);
#8500 = VERTEX_POINT('',#8501);
#8501 = CARTESIAN_POINT('',(-2.86,-33.74,0.225));
#8502 = LINE('',#8503,#8504);
#8503 = CARTESIAN_POINT('',(-2.86,-33.74,0.1));
#8504 = VECTOR('',#8505,1.);
#8505 = DIRECTION('',(0.,0.,1.));
#8506 = ORIENTED_EDGE('',*,*,#8507,.F.);
#8507 = EDGE_CURVE('',#8259,#8500,#8508,.T.);
#8508 = LINE('',#8509,#8510);
#8509 = CARTESIAN_POINT('',(20.64,-33.74,0.225));
#8510 = VECTOR('',#8511,1.);
#8511 = DIRECTION('',(-1.,0.,0.));
#8512 = PLANE('',#8513);
#8513 = AXIS2_PLACEMENT_3D('',#8514,#8515,#8516);
#8514 = CARTESIAN_POINT('',(20.89,-33.74,0.1));
#8515 = DIRECTION('',(0.,-1.,0.));
#8516 = DIRECTION('',(-1.,0.,0.));
#8517 = ADVANCED_FACE('',(#8518),#8530,.T.);
#8518 = FACE_BOUND('',#8519,.T.);
#8519 = EDGE_LOOP('',(#8520,#8527,#8528,#8529));
#8520 = ORIENTED_EDGE('',*,*,#8521,.T.);
#8521 = EDGE_CURVE('',#8366,#8336,#8522,.T.);
#8522 = CIRCLE('',#8523,0.125);
#8523 = AXIS2_PLACEMENT_3D('',#8524,#8525,#8526);
#8524 = CARTESIAN_POINT('',(-2.86,3.135,0.225));
#8525 = DIRECTION('',(1.,-0.,0.));
#8526 = DIRECTION('',(0.,0.,-1.));
#8527 = ORIENTED_EDGE('',*,*,#8335,.T.);
#8528 = ORIENTED_EDGE('',*,*,#8302,.F.);
#8529 = ORIENTED_EDGE('',*,*,#8365,.F.);
#8530 = CYLINDRICAL_SURFACE('',#8531,0.125);
#8531 = AXIS2_PLACEMENT_3D('',#8532,#8533,#8534);
#8532 = CARTESIAN_POINT('',(-2.86,3.135,0.225));
#8533 = DIRECTION('',(1.,0.,0.));
#8534 = DIRECTION('',(0.,0.,-1.));
#8535 = ADVANCED_FACE('',(#8536),#8548,.T.);
#8536 = FACE_BOUND('',#8537,.T.);
#8537 = EDGE_LOOP('',(#8538,#8545,#8546,#8547));
#8538 = ORIENTED_EDGE('',*,*,#8539,.T.);
#8539 = EDGE_CURVE('',#8344,#8443,#8540,.T.);
#8540 = CIRCLE('',#8541,0.25);
#8541 = AXIS2_PLACEMENT_3D('',#8542,#8543,#8544);
#8542 = CARTESIAN_POINT('',(-2.86,3.01,14.85));
#8543 = DIRECTION('',(1.,0.,0.));
#8544 = DIRECTION('',(0.,1.,0.));
#8545 = ORIENTED_EDGE('',*,*,#8442,.T.);
#8546 = ORIENTED_EDGE('',*,*,#8319,.F.);
#8547 = ORIENTED_EDGE('',*,*,#8351,.F.);
#8548 = CYLINDRICAL_SURFACE('',#8549,0.25);
#8549 = AXIS2_PLACEMENT_3D('',#8550,#8551,#8552);
#8550 = CARTESIAN_POINT('',(-2.86,3.01,14.85));
#8551 = DIRECTION('',(1.,0.,0.));
#8552 = DIRECTION('',(0.,1.,0.));
#8553 = ADVANCED_FACE('',(#8554),#8581,.T.);
#8554 = FACE_BOUND('',#8555,.T.);
#8555 = EDGE_LOOP('',(#8556,#8565,#8566,#8575));
#8556 = ORIENTED_EDGE('',*,*,#8557,.T.);
#8557 = EDGE_CURVE('',#8558,#8344,#8560,.T.);
#8558 = VERTEX_POINT('',#8559);
#8559 = CARTESIAN_POINT('',(-3.11,3.01,14.85));
#8560 = CIRCLE('',#8561,0.25);
#8561 = AXIS2_PLACEMENT_3D('',#8562,#8563,#8564);
#8562 = CARTESIAN_POINT('',(-2.86,3.01,14.85));
#8563 = DIRECTION('',(2.076776916352E-34,0.,-1.));
#8564 = DIRECTION('',(-1.,5.329070518201E-15,-2.076776916352E-34));
#8565 = ORIENTED_EDGE('',*,*,#8343,.F.);
#8566 = ORIENTED_EDGE('',*,*,#8567,.F.);
#8567 = EDGE_CURVE('',#8568,#8336,#8570,.T.);
#8568 = VERTEX_POINT('',#8569);
#8569 = CARTESIAN_POINT('',(-3.11,3.01,0.225));
#8570 = CIRCLE('',#8571,0.25);
#8571 = AXIS2_PLACEMENT_3D('',#8572,#8573,#8574);
#8572 = CARTESIAN_POINT('',(-2.86,3.01,0.225));
#8573 = DIRECTION('',(2.076776916352E-34,0.,-1.));
#8574 = DIRECTION('',(-1.,5.329070518201E-15,-2.076776916352E-34));
#8575 = ORIENTED_EDGE('',*,*,#8576,.T.);
#8576 = EDGE_CURVE('',#8568,#8558,#8577,.T.);
#8577 = LINE('',#8578,#8579);
#8578 = CARTESIAN_POINT('',(-3.11,3.01,0.1));
#8579 = VECTOR('',#8580,1.);
#8580 = DIRECTION('',(0.,0.,1.));
#8581 = CYLINDRICAL_SURFACE('',#8582,0.25);
#8582 = AXIS2_PLACEMENT_3D('',#8583,#8584,#8585);
#8583 = CARTESIAN_POINT('',(-2.86,3.01,0.1));
#8584 = DIRECTION('',(0.,0.,1.));
#8585 = DIRECTION('',(-1.,0.,0.));
#8586 = ADVANCED_FACE('',(#8587),#8599,.T.);
#8587 = FACE_BOUND('',#8588,.T.);
#8588 = EDGE_LOOP('',(#8589,#8590,#8591,#8592));
#8589 = ORIENTED_EDGE('',*,*,#8567,.T.);
#8590 = ORIENTED_EDGE('',*,*,#8521,.F.);
#8591 = ORIENTED_EDGE('',*,*,#8409,.F.);
#8592 = ORIENTED_EDGE('',*,*,#8593,.T.);
#8593 = EDGE_CURVE('',#8402,#8568,#8594,.T.);
#8594 = CIRCLE('',#8595,0.125);
#8595 = AXIS2_PLACEMENT_3D('',#8596,#8597,#8598);
#8596 = CARTESIAN_POINT('',(-2.985,3.01,0.225));
#8597 = DIRECTION('',(0.,1.,0.));
#8598 = DIRECTION('',(2.076776916352E-34,0.,-1.));
#8599 = TOROIDAL_SURFACE('',#8600,0.125,0.125);
#8600 = AXIS2_PLACEMENT_3D('',#8601,#8602,#8603);
#8601 = CARTESIAN_POINT('',(-2.86,3.01,0.225));
#8602 = DIRECTION('',(-2.076776916352E-34,0.,1.));
#8603 = DIRECTION('',(-1.,5.329070518201E-15,-2.076776916352E-34));
#8604 = ADVANCED_FACE('',(#8605),#8624,.T.);
#8605 = FACE_BOUND('',#8606,.T.);
#8606 = EDGE_LOOP('',(#8607,#8616,#8622,#8623));
#8607 = ORIENTED_EDGE('',*,*,#8608,.T.);
#8608 = EDGE_CURVE('',#8393,#8609,#8611,.T.);
#8609 = VERTEX_POINT('',#8610);
#8610 = CARTESIAN_POINT('',(-3.11,-33.49,0.225));
#8611 = CIRCLE('',#8612,0.125);
#8612 = AXIS2_PLACEMENT_3D('',#8613,#8614,#8615);
#8613 = CARTESIAN_POINT('',(-2.985,-33.49,0.225));
#8614 = DIRECTION('',(-6.123233995737E-17,1.,-1.271659101577E-50));
#8615 = DIRECTION('',(-1.,-6.123233995737E-17,-2.076776916352E-34));
#8616 = ORIENTED_EDGE('',*,*,#8617,.T.);
#8617 = EDGE_CURVE('',#8609,#8568,#8618,.T.);
#8618 = LINE('',#8619,#8620);
#8619 = CARTESIAN_POINT('',(-3.11,-33.49,0.225));
#8620 = VECTOR('',#8621,1.);
#8621 = DIRECTION('',(0.,1.,0.));
#8622 = ORIENTED_EDGE('',*,*,#8593,.F.);
#8623 = ORIENTED_EDGE('',*,*,#8401,.F.);
#8624 = CYLINDRICAL_SURFACE('',#8625,0.125);
#8625 = AXIS2_PLACEMENT_3D('',#8626,#8627,#8628);
#8626 = CARTESIAN_POINT('',(-2.985,-33.49,0.225));
#8627 = DIRECTION('',(0.,1.,0.));
#8628 = DIRECTION('',(2.076776916352E-34,0.,-1.));
#8629 = ADVANCED_FACE('',(#8630),#8648,.T.);
#8630 = FACE_BOUND('',#8631,.T.);
#8631 = EDGE_LOOP('',(#8632,#8639,#8640,#8641));
#8632 = ORIENTED_EDGE('',*,*,#8633,.T.);
#8633 = EDGE_CURVE('',#8500,#8609,#8634,.T.);
#8634 = CIRCLE('',#8635,0.25);
#8635 = AXIS2_PLACEMENT_3D('',#8636,#8637,#8638);
#8636 = CARTESIAN_POINT('',(-2.86,-33.49,0.225));
#8637 = DIRECTION('',(2.076776916352E-34,0.,-1.));
#8638 = DIRECTION('',(-1.038388458176E-34,-1.,-2.156501180146E-68));
#8639 = ORIENTED_EDGE('',*,*,#8608,.F.);
#8640 = ORIENTED_EDGE('',*,*,#8392,.F.);
#8641 = ORIENTED_EDGE('',*,*,#8642,.T.);
#8642 = EDGE_CURVE('',#8385,#8500,#8643,.T.);
#8643 = CIRCLE('',#8644,0.125);
#8644 = AXIS2_PLACEMENT_3D('',#8645,#8646,#8647);
#8645 = CARTESIAN_POINT('',(-2.86,-33.615,0.225));
#8646 = DIRECTION('',(-1.,0.,0.));
#8647 = DIRECTION('',(0.,0.,-1.));
#8648 = TOROIDAL_SURFACE('',#8649,0.125,0.125);
#8649 = AXIS2_PLACEMENT_3D('',#8650,#8651,#8652);
#8650 = CARTESIAN_POINT('',(-2.86,-33.49,0.225));
#8651 = DIRECTION('',(-2.076776916352E-34,0.,1.));
#8652 = DIRECTION('',(-1.038388458176E-34,-1.,-2.156501180146E-68));
#8653 = ADVANCED_FACE('',(#8654),#8660,.T.);
#8654 = FACE_BOUND('',#8655,.T.);
#8655 = EDGE_LOOP('',(#8656,#8657,#8658,#8659));
#8656 = ORIENTED_EDGE('',*,*,#8425,.T.);
#8657 = ORIENTED_EDGE('',*,*,#8507,.T.);
#8658 = ORIENTED_EDGE('',*,*,#8642,.F.);
#8659 = ORIENTED_EDGE('',*,*,#8384,.F.);
#8660 = CYLINDRICAL_SURFACE('',#8661,0.125);
#8661 = AXIS2_PLACEMENT_3D('',#8662,#8663,#8664);
#8662 = CARTESIAN_POINT('',(20.64,-33.615,0.225));
#8663 = DIRECTION('',(-1.,0.,0.));
#8664 = DIRECTION('',(0.,0.,-1.));
#8665 = ADVANCED_FACE('',(#8666),#8691,.T.);
#8666 = FACE_BOUND('',#8667,.T.);
#8667 = EDGE_LOOP('',(#8668,#8677,#8678,#8685));
#8668 = ORIENTED_EDGE('',*,*,#8669,.T.);
#8669 = EDGE_CURVE('',#8670,#8452,#8672,.T.);
#8670 = VERTEX_POINT('',#8671);
#8671 = CARTESIAN_POINT('',(-3.11,-33.49,14.85));
#8672 = CIRCLE('',#8673,0.25);
#8673 = AXIS2_PLACEMENT_3D('',#8674,#8675,#8676);
#8674 = CARTESIAN_POINT('',(-2.86,-33.49,14.85));
#8675 = DIRECTION('',(-6.123233995737E-17,1.,-1.271659101577E-50));
#8676 = DIRECTION('',(-1.,-6.123233995737E-17,-2.076776916352E-34));
#8677 = ORIENTED_EDGE('',*,*,#8459,.T.);
#8678 = ORIENTED_EDGE('',*,*,#8679,.F.);
#8679 = EDGE_CURVE('',#8558,#8443,#8680,.T.);
#8680 = CIRCLE('',#8681,0.25);
#8681 = AXIS2_PLACEMENT_3D('',#8682,#8683,#8684);
#8682 = CARTESIAN_POINT('',(-2.86,3.01,14.85));
#8683 = DIRECTION('',(0.,1.,-0.));
#8684 = DIRECTION('',(-1.,0.,0.));
#8685 = ORIENTED_EDGE('',*,*,#8686,.F.);
#8686 = EDGE_CURVE('',#8670,#8558,#8687,.T.);
#8687 = LINE('',#8688,#8689);
#8688 = CARTESIAN_POINT('',(-3.11,-33.49,14.85));
#8689 = VECTOR('',#8690,1.);
#8690 = DIRECTION('',(0.,1.,0.));
#8691 = CYLINDRICAL_SURFACE('',#8692,0.25);
#8692 = AXIS2_PLACEMENT_3D('',#8693,#8694,#8695);
#8693 = CARTESIAN_POINT('',(-2.86,-33.49,14.85));
#8694 = DIRECTION('',(0.,1.,0.));
#8695 = DIRECTION('',(-1.,0.,0.));
#8696 = ADVANCED_FACE('',(#8697),#8709,.T.);
#8697 = FACE_BOUND('',#8698,.T.);
#8698 = EDGE_LOOP('',(#8699,#8700,#8701,#8708));
#8699 = ORIENTED_EDGE('',*,*,#8473,.T.);
#8700 = ORIENTED_EDGE('',*,*,#8451,.T.);
#8701 = ORIENTED_EDGE('',*,*,#8702,.F.);
#8702 = EDGE_CURVE('',#8492,#8452,#8703,.T.);
#8703 = CIRCLE('',#8704,0.25);
#8704 = AXIS2_PLACEMENT_3D('',#8705,#8706,#8707);
#8705 = CARTESIAN_POINT('',(-2.86,-33.49,14.85));
#8706 = DIRECTION('',(-1.,0.,0.));
#8707 = DIRECTION('',(0.,-1.,0.));
#8708 = ORIENTED_EDGE('',*,*,#8491,.F.);
#8709 = CYLINDRICAL_SURFACE('',#8710,0.25);
#8710 = AXIS2_PLACEMENT_3D('',#8711,#8712,#8713);
#8711 = CARTESIAN_POINT('',(20.64,-33.49,14.85));
#8712 = DIRECTION('',(-1.,0.,0.));
#8713 = DIRECTION('',(0.,-1.,0.));
#8714 = ADVANCED_FACE('',(#8715),#8732,.T.);
#8715 = FACE_BOUND('',#8716,.T.);
#8716 = EDGE_LOOP('',(#8717,#8724,#8730,#8731));
#8717 = ORIENTED_EDGE('',*,*,#8718,.T.);
#8718 = EDGE_CURVE('',#8492,#8670,#8719,.T.);
#8719 = CIRCLE('',#8720,0.25);
#8720 = AXIS2_PLACEMENT_3D('',#8721,#8722,#8723);
#8721 = CARTESIAN_POINT('',(-2.86,-33.49,14.85));
#8722 = DIRECTION('',(2.076776916352E-34,0.,-1.));
#8723 = DIRECTION('',(2.076776916352E-34,-1.,4.313002360293E-68));
#8724 = ORIENTED_EDGE('',*,*,#8725,.F.);
#8725 = EDGE_CURVE('',#8609,#8670,#8726,.T.);
#8726 = LINE('',#8727,#8728);
#8727 = CARTESIAN_POINT('',(-3.11,-33.49,0.1));
#8728 = VECTOR('',#8729,1.);
#8729 = DIRECTION('',(0.,0.,1.));
#8730 = ORIENTED_EDGE('',*,*,#8633,.F.);
#8731 = ORIENTED_EDGE('',*,*,#8499,.T.);
#8732 = CYLINDRICAL_SURFACE('',#8733,0.25);
#8733 = AXIS2_PLACEMENT_3D('',#8734,#8735,#8736);
#8734 = CARTESIAN_POINT('',(-2.86,-33.49,0.1));
#8735 = DIRECTION('',(0.,0.,1.));
#8736 = DIRECTION('',(0.,-1.,0.));
#8737 = ADVANCED_FACE('',(#8738),#8743,.T.);
#8738 = FACE_BOUND('',#8739,.T.);
#8739 = EDGE_LOOP('',(#8740,#8741,#8742));
#8740 = ORIENTED_EDGE('',*,*,#8539,.F.);
#8741 = ORIENTED_EDGE('',*,*,#8557,.F.);
#8742 = ORIENTED_EDGE('',*,*,#8679,.T.);
#8743 = SPHERICAL_SURFACE('',#8744,0.25);
#8744 = AXIS2_PLACEMENT_3D('',#8745,#8746,#8747);
#8745 = CARTESIAN_POINT('',(-2.86,3.01,14.85));
#8746 = DIRECTION('',(-2.076776916352E-34,0.,1.));
#8747 = DIRECTION('',(-1.,5.329070518201E-15,-2.076776916352E-34));
#8748 = ADVANCED_FACE('',(#8749),#8755,.T.);
#8749 = FACE_BOUND('',#8750,.T.);
#8750 = EDGE_LOOP('',(#8751,#8752,#8753,#8754));
#8751 = ORIENTED_EDGE('',*,*,#8576,.F.);
#8752 = ORIENTED_EDGE('',*,*,#8617,.F.);
#8753 = ORIENTED_EDGE('',*,*,#8725,.T.);
#8754 = ORIENTED_EDGE('',*,*,#8686,.T.);
#8755 = PLANE('',#8756);
#8756 = AXIS2_PLACEMENT_3D('',#8757,#8758,#8759);
#8757 = CARTESIAN_POINT('',(-3.11,-33.74,0.1));
#8758 = DIRECTION('',(-1.,0.,0.));
#8759 = DIRECTION('',(0.,1.,0.));
#8760 = ADVANCED_FACE('',(#8761),#8766,.T.);
#8761 = FACE_BOUND('',#8762,.T.);
#8762 = EDGE_LOOP('',(#8763,#8764,#8765));
#8763 = ORIENTED_EDGE('',*,*,#8669,.F.);
#8764 = ORIENTED_EDGE('',*,*,#8718,.F.);
#8765 = ORIENTED_EDGE('',*,*,#8702,.T.);
#8766 = SPHERICAL_SURFACE('',#8767,0.25);
#8767 = AXIS2_PLACEMENT_3D('',#8768,#8769,#8770);
#8768 = CARTESIAN_POINT('',(-2.86,-33.49,14.85));
#8769 = DIRECTION('',(-2.076776916352E-34,0.,1.));
#8770 = DIRECTION('',(2.076776916352E-34,-1.,4.313002360293E-68));
#8771 = MANIFOLD_SOLID_BREP('',#8772);
#8772 = CLOSED_SHELL('',(#8773,#8813,#8844,#8875,#8897,#8909));
#8773 = ADVANCED_FACE('',(#8774),#8808,.F.);
#8774 = FACE_BOUND('',#8775,.F.);
#8775 = EDGE_LOOP('',(#8776,#8786,#8794,#8802));
#8776 = ORIENTED_EDGE('',*,*,#8777,.T.);
#8777 = EDGE_CURVE('',#8778,#8780,#8782,.T.);
#8778 = VERTEX_POINT('',#8779);
#8779 = CARTESIAN_POINT('',(8.89,-15.24,3.85));
#8780 = VERTEX_POINT('',#8781);
#8781 = CARTESIAN_POINT('',(8.89,-15.24,3.95));
#8782 = LINE('',#8783,#8784);
#8783 = CARTESIAN_POINT('',(8.89,-15.24,3.85));
#8784 = VECTOR('',#8785,1.);
#8785 = DIRECTION('',(0.,0.,1.));
#8786 = ORIENTED_EDGE('',*,*,#8787,.T.);
#8787 = EDGE_CURVE('',#8780,#8788,#8790,.T.);
#8788 = VERTEX_POINT('',#8789);
#8789 = CARTESIAN_POINT('',(8.99,-15.24,3.95));
#8790 = LINE('',#8791,#8792);
#8791 = CARTESIAN_POINT('',(8.89,-15.24,3.95));
#8792 = VECTOR('',#8793,1.);
#8793 = DIRECTION('',(1.,0.,0.));
#8794 = ORIENTED_EDGE('',*,*,#8795,.F.);
#8795 = EDGE_CURVE('',#8796,#8788,#8798,.T.);
#8796 = VERTEX_POINT('',#8797);
#8797 = CARTESIAN_POINT('',(8.99,-15.24,3.85));
#8798 = LINE('',#8799,#8800);
#8799 = CARTESIAN_POINT('',(8.99,-15.24,3.85));
#8800 = VECTOR('',#8801,1.);
#8801 = DIRECTION('',(0.,0.,1.));
#8802 = ORIENTED_EDGE('',*,*,#8803,.F.);
#8803 = EDGE_CURVE('',#8778,#8796,#8804,.T.);
#8804 = LINE('',#8805,#8806);
#8805 = CARTESIAN_POINT('',(8.89,-15.24,3.85));
#8806 = VECTOR('',#8807,1.);
#8807 = DIRECTION('',(1.,0.,0.));
#8808 = PLANE('',#8809);
#8809 = AXIS2_PLACEMENT_3D('',#8810,#8811,#8812);
#8810 = CARTESIAN_POINT('',(8.89,-15.24,3.85));
#8811 = DIRECTION('',(0.,1.,0.));
#8812 = DIRECTION('',(1.,0.,0.));
#8813 = ADVANCED_FACE('',(#8814),#8839,.F.);
#8814 = FACE_BOUND('',#8815,.F.);
#8815 = EDGE_LOOP('',(#8816,#8817,#8825,#8833));
#8816 = ORIENTED_EDGE('',*,*,#8795,.T.);
#8817 = ORIENTED_EDGE('',*,*,#8818,.T.);
#8818 = EDGE_CURVE('',#8788,#8819,#8821,.T.);
#8819 = VERTEX_POINT('',#8820);
#8820 = CARTESIAN_POINT('',(8.99,-15.14,3.95));
#8821 = LINE('',#8822,#8823);
#8822 = CARTESIAN_POINT('',(8.99,-15.24,3.95));
#8823 = VECTOR('',#8824,1.);
#8824 = DIRECTION('',(0.,1.,0.));
#8825 = ORIENTED_EDGE('',*,*,#8826,.F.);
#8826 = EDGE_CURVE('',#8827,#8819,#8829,.T.);
#8827 = VERTEX_POINT('',#8828);
#8828 = CARTESIAN_POINT('',(8.99,-15.14,3.85));
#8829 = LINE('',#8830,#8831);
#8830 = CARTESIAN_POINT('',(8.99,-15.14,3.85));
#8831 = VECTOR('',#8832,1.);
#8832 = DIRECTION('',(0.,0.,1.));
#8833 = ORIENTED_EDGE('',*,*,#8834,.F.);
#8834 = EDGE_CURVE('',#8796,#8827,#8835,.T.);
#8835 = LINE('',#8836,#8837);
#8836 = CARTESIAN_POINT('',(8.99,-15.24,3.85));
#8837 = VECTOR('',#8838,1.);
#8838 = DIRECTION('',(0.,1.,0.));
#8839 = PLANE('',#8840);
#8840 = AXIS2_PLACEMENT_3D('',#8841,#8842,#8843);
#8841 = CARTESIAN_POINT('',(8.99,-15.24,3.85));
#8842 = DIRECTION('',(-1.,0.,0.));
#8843 = DIRECTION('',(0.,1.,0.));
#8844 = ADVANCED_FACE('',(#8845),#8870,.F.);
#8845 = FACE_BOUND('',#8846,.F.);
#8846 = EDGE_LOOP('',(#8847,#8848,#8856,#8864));
#8847 = ORIENTED_EDGE('',*,*,#8826,.T.);
#8848 = ORIENTED_EDGE('',*,*,#8849,.T.);
#8849 = EDGE_CURVE('',#8819,#8850,#8852,.T.);
#8850 = VERTEX_POINT('',#8851);
#8851 = CARTESIAN_POINT('',(8.89,-15.14,3.95));
#8852 = LINE('',#8853,#8854);
#8853 = CARTESIAN_POINT('',(8.99,-15.14,3.95));
#8854 = VECTOR('',#8855,1.);
#8855 = DIRECTION('',(-1.,0.,0.));
#8856 = ORIENTED_EDGE('',*,*,#8857,.F.);
#8857 = EDGE_CURVE('',#8858,#8850,#8860,.T.);
#8858 = VERTEX_POINT('',#8859);
#8859 = CARTESIAN_POINT('',(8.89,-15.14,3.85));
#8860 = LINE('',#8861,#8862);
#8861 = CARTESIAN_POINT('',(8.89,-15.14,3.85));
#8862 = VECTOR('',#8863,1.);
#8863 = DIRECTION('',(0.,0.,1.));
#8864 = ORIENTED_EDGE('',*,*,#8865,.F.);
#8865 = EDGE_CURVE('',#8827,#8858,#8866,.T.);
#8866 = LINE('',#8867,#8868);
#8867 = CARTESIAN_POINT('',(8.99,-15.14,3.85));
#8868 = VECTOR('',#8869,1.);
#8869 = DIRECTION('',(-1.,0.,0.));
#8870 = PLANE('',#8871);
#8871 = AXIS2_PLACEMENT_3D('',#8872,#8873,#8874);
#8872 = CARTESIAN_POINT('',(8.99,-15.14,3.85));
#8873 = DIRECTION('',(0.,-1.,0.));
#8874 = DIRECTION('',(-1.,0.,0.));
#8875 = ADVANCED_FACE('',(#8876),#8892,.F.);
#8876 = FACE_BOUND('',#8877,.F.);
#8877 = EDGE_LOOP('',(#8878,#8879,#8885,#8886));
#8878 = ORIENTED_EDGE('',*,*,#8857,.T.);
#8879 = ORIENTED_EDGE('',*,*,#8880,.T.);
#8880 = EDGE_CURVE('',#8850,#8780,#8881,.T.);
#8881 = LINE('',#8882,#8883);
#8882 = CARTESIAN_POINT('',(8.89,-15.14,3.95));
#8883 = VECTOR('',#8884,1.);
#8884 = DIRECTION('',(0.,-1.,0.));
#8885 = ORIENTED_EDGE('',*,*,#8777,.F.);
#8886 = ORIENTED_EDGE('',*,*,#8887,.F.);
#8887 = EDGE_CURVE('',#8858,#8778,#8888,.T.);
#8888 = LINE('',#8889,#8890);
#8889 = CARTESIAN_POINT('',(8.89,-15.14,3.85));
#8890 = VECTOR('',#8891,1.);
#8891 = DIRECTION('',(0.,-1.,0.));
#8892 = PLANE('',#8893);
#8893 = AXIS2_PLACEMENT_3D('',#8894,#8895,#8896);
#8894 = CARTESIAN_POINT('',(8.89,-15.14,3.85));
#8895 = DIRECTION('',(1.,0.,0.));
#8896 = DIRECTION('',(0.,-1.,0.));
#8897 = ADVANCED_FACE('',(#8898),#8904,.F.);
#8898 = FACE_BOUND('',#8899,.F.);
#8899 = EDGE_LOOP('',(#8900,#8901,#8902,#8903));
#8900 = ORIENTED_EDGE('',*,*,#8803,.T.);
#8901 = ORIENTED_EDGE('',*,*,#8834,.T.);
#8902 = ORIENTED_EDGE('',*,*,#8865,.T.);
#8903 = ORIENTED_EDGE('',*,*,#8887,.T.);
#8904 = PLANE('',#8905);
#8905 = AXIS2_PLACEMENT_3D('',#8906,#8907,#8908);
#8906 = CARTESIAN_POINT('',(8.94,-15.19,3.85));
#8907 = DIRECTION('',(-3.155443620884E-28,-3.155443620884E-28,1.));
#8908 = DIRECTION('',(1.,0.,3.155443620884E-28));
#8909 = ADVANCED_FACE('',(#8910),#8916,.T.);
#8910 = FACE_BOUND('',#8911,.T.);
#8911 = EDGE_LOOP('',(#8912,#8913,#8914,#8915));
#8912 = ORIENTED_EDGE('',*,*,#8787,.T.);
#8913 = ORIENTED_EDGE('',*,*,#8818,.T.);
#8914 = ORIENTED_EDGE('',*,*,#8849,.T.);
#8915 = ORIENTED_EDGE('',*,*,#8880,.T.);
#8916 = PLANE('',#8917);
#8917 = AXIS2_PLACEMENT_3D('',#8918,#8919,#8920);
#8918 = CARTESIAN_POINT('',(8.94,-15.19,3.95));
#8919 = DIRECTION('',(-3.155443620884E-28,-3.155443620884E-28,1.));
#8920 = DIRECTION('',(1.,0.,3.155443620884E-28));
#8921 = MANIFOLD_SOLID_BREP('',#8922);
#8922 = CLOSED_SHELL('',(#8923,#8956,#8982,#8991));
#8923 = ADVANCED_FACE('',(#8924),#8951,.T.);
#8924 = FACE_BOUND('',#8925,.T.);
#8925 = EDGE_LOOP('',(#8926,#8936,#8943,#8944));
#8926 = ORIENTED_EDGE('',*,*,#8927,.T.);
#8927 = EDGE_CURVE('',#8928,#8930,#8932,.T.);
#8928 = VERTEX_POINT('',#8929);
#8929 = CARTESIAN_POINT('',(18.08,-25.4,0.2));
#8930 = VERTEX_POINT('',#8931);
#8931 = CARTESIAN_POINT('',(18.08,-25.4,-3.28));
#8932 = LINE('',#8933,#8934);
#8933 = CARTESIAN_POINT('',(18.08,-25.4,0.2));
#8934 = VECTOR('',#8935,1.);
#8935 = DIRECTION('',(-0.,-0.,-1.));
#8936 = ORIENTED_EDGE('',*,*,#8937,.T.);
#8937 = EDGE_CURVE('',#8930,#8930,#8938,.T.);
#8938 = CIRCLE('',#8939,0.3);
#8939 = AXIS2_PLACEMENT_3D('',#8940,#8941,#8942);
#8940 = CARTESIAN_POINT('',(17.78,-25.4,-3.28));
#8941 = DIRECTION('',(0.,0.,1.));
#8942 = DIRECTION('',(1.,0.,0.));
#8943 = ORIENTED_EDGE('',*,*,#8927,.F.);
#8944 = ORIENTED_EDGE('',*,*,#8945,.F.);
#8945 = EDGE_CURVE('',#8928,#8928,#8946,.T.);
#8946 = CIRCLE('',#8947,0.3);
#8947 = AXIS2_PLACEMENT_3D('',#8948,#8949,#8950);
#8948 = CARTESIAN_POINT('',(17.78,-25.4,0.2));
#8949 = DIRECTION('',(0.,0.,1.));
#8950 = DIRECTION('',(1.,0.,0.));
#8951 = CYLINDRICAL_SURFACE('',#8952,0.3);
#8952 = AXIS2_PLACEMENT_3D('',#8953,#8954,#8955);
#8953 = CARTESIAN_POINT('',(17.78,-25.4,0.2));
#8954 = DIRECTION('',(0.,0.,1.));
#8955 = DIRECTION('',(1.,0.,0.));
#8956 = ADVANCED_FACE('',(#8957),#8977,.T.);
#8957 = FACE_BOUND('',#8958,.T.);
#8958 = EDGE_LOOP('',(#8959,#8968,#8975,#8976));
#8959 = ORIENTED_EDGE('',*,*,#8960,.T.);
#8960 = EDGE_CURVE('',#8961,#8961,#8963,.T.);
#8961 = VERTEX_POINT('',#8962);
#8962 = CARTESIAN_POINT('',(17.96,-25.4,-3.4));
#8963 = CIRCLE('',#8964,0.18);
#8964 = AXIS2_PLACEMENT_3D('',#8965,#8966,#8967);
#8965 = CARTESIAN_POINT('',(17.78,-25.4,-3.4));
#8966 = DIRECTION('',(0.,0.,1.));
#8967 = DIRECTION('',(1.,0.,0.));
#8968 = ORIENTED_EDGE('',*,*,#8969,.F.);
#8969 = EDGE_CURVE('',#8930,#8961,#8970,.T.);
#8970 = CIRCLE('',#8971,0.12);
#8971 = AXIS2_PLACEMENT_3D('',#8972,#8973,#8974);
#8972 = CARTESIAN_POINT('',(17.96,-25.4,-3.28));
#8973 = DIRECTION('',(-0.,1.,0.));
#8974 = DIRECTION('',(1.,0.,0.));
#8975 = ORIENTED_EDGE('',*,*,#8937,.F.);
#8976 = ORIENTED_EDGE('',*,*,#8969,.T.);
#8977 = TOROIDAL_SURFACE('',#8978,0.18,0.12);
#8978 = AXIS2_PLACEMENT_3D('',#8979,#8980,#8981);
#8979 = CARTESIAN_POINT('',(17.78,-25.4,-3.28));
#8980 = DIRECTION('',(-0.,-0.,-1.));
#8981 = DIRECTION('',(1.,0.,0.));
#8982 = ADVANCED_FACE('',(#8983),#8986,.T.);
#8983 = FACE_BOUND('',#8984,.T.);
#8984 = EDGE_LOOP('',(#8985));
#8985 = ORIENTED_EDGE('',*,*,#8945,.T.);
#8986 = PLANE('',#8987);
#8987 = AXIS2_PLACEMENT_3D('',#8988,#8989,#8990);
#8988 = CARTESIAN_POINT('',(17.78,-25.4,0.2));
#8989 = DIRECTION('',(0.,0.,1.));
#8990 = DIRECTION('',(1.,0.,0.));
#8991 = ADVANCED_FACE('',(#8992),#8995,.F.);
#8992 = FACE_BOUND('',#8993,.F.);
#8993 = EDGE_LOOP('',(#8994));
#8994 = ORIENTED_EDGE('',*,*,#8960,.T.);
#8995 = PLANE('',#8996);
#8996 = AXIS2_PLACEMENT_3D('',#8997,#8998,#8999);
#8997 = CARTESIAN_POINT('',(17.78,-25.4,-3.4));
#8998 = DIRECTION('',(0.,0.,1.));
#8999 = DIRECTION('',(1.,0.,0.));
#9000 = MANIFOLD_SOLID_BREP('',#9001);
#9001 = CLOSED_SHELL('',(#9002,#9035,#9061,#9070));
#9002 = ADVANCED_FACE('',(#9003),#9030,.T.);
#9003 = FACE_BOUND('',#9004,.T.);
#9004 = EDGE_LOOP('',(#9005,#9015,#9022,#9023));
#9005 = ORIENTED_EDGE('',*,*,#9006,.T.);
#9006 = EDGE_CURVE('',#9007,#9009,#9011,.T.);
#9007 = VERTEX_POINT('',#9008);
#9008 = CARTESIAN_POINT('',(18.08,-30.48,0.2));
#9009 = VERTEX_POINT('',#9010);
#9010 = CARTESIAN_POINT('',(18.08,-30.48,-3.28));
#9011 = LINE('',#9012,#9013);
#9012 = CARTESIAN_POINT('',(18.08,-30.48,0.2));
#9013 = VECTOR('',#9014,1.);
#9014 = DIRECTION('',(-0.,-0.,-1.));
#9015 = ORIENTED_EDGE('',*,*,#9016,.T.);
#9016 = EDGE_CURVE('',#9009,#9009,#9017,.T.);
#9017 = CIRCLE('',#9018,0.3);
#9018 = AXIS2_PLACEMENT_3D('',#9019,#9020,#9021);
#9019 = CARTESIAN_POINT('',(17.78,-30.48,-3.28));
#9020 = DIRECTION('',(0.,0.,1.));
#9021 = DIRECTION('',(1.,0.,0.));
#9022 = ORIENTED_EDGE('',*,*,#9006,.F.);
#9023 = ORIENTED_EDGE('',*,*,#9024,.F.);
#9024 = EDGE_CURVE('',#9007,#9007,#9025,.T.);
#9025 = CIRCLE('',#9026,0.3);
#9026 = AXIS2_PLACEMENT_3D('',#9027,#9028,#9029);
#9027 = CARTESIAN_POINT('',(17.78,-30.48,0.2));
#9028 = DIRECTION('',(0.,0.,1.));
#9029 = DIRECTION('',(1.,0.,0.));
#9030 = CYLINDRICAL_SURFACE('',#9031,0.3);
#9031 = AXIS2_PLACEMENT_3D('',#9032,#9033,#9034);
#9032 = CARTESIAN_POINT('',(17.78,-30.48,0.2));
#9033 = DIRECTION('',(0.,0.,1.));
#9034 = DIRECTION('',(1.,0.,0.));
#9035 = ADVANCED_FACE('',(#9036),#9056,.T.);
#9036 = FACE_BOUND('',#9037,.T.);
#9037 = EDGE_LOOP('',(#9038,#9047,#9054,#9055));
#9038 = ORIENTED_EDGE('',*,*,#9039,.T.);
#9039 = EDGE_CURVE('',#9040,#9040,#9042,.T.);
#9040 = VERTEX_POINT('',#9041);
#9041 = CARTESIAN_POINT('',(17.96,-30.48,-3.4));
#9042 = CIRCLE('',#9043,0.18);
#9043 = AXIS2_PLACEMENT_3D('',#9044,#9045,#9046);
#9044 = CARTESIAN_POINT('',(17.78,-30.48,-3.4));
#9045 = DIRECTION('',(0.,0.,1.));
#9046 = DIRECTION('',(1.,0.,0.));
#9047 = ORIENTED_EDGE('',*,*,#9048,.F.);
#9048 = EDGE_CURVE('',#9009,#9040,#9049,.T.);
#9049 = CIRCLE('',#9050,0.12);
#9050 = AXIS2_PLACEMENT_3D('',#9051,#9052,#9053);
#9051 = CARTESIAN_POINT('',(17.96,-30.48,-3.28));
#9052 = DIRECTION('',(-0.,1.,0.));
#9053 = DIRECTION('',(1.,0.,0.));
#9054 = ORIENTED_EDGE('',*,*,#9016,.F.);
#9055 = ORIENTED_EDGE('',*,*,#9048,.T.);
#9056 = TOROIDAL_SURFACE('',#9057,0.18,0.12);
#9057 = AXIS2_PLACEMENT_3D('',#9058,#9059,#9060);
#9058 = CARTESIAN_POINT('',(17.78,-30.48,-3.28));
#9059 = DIRECTION('',(-0.,-0.,-1.));
#9060 = DIRECTION('',(1.,0.,0.));
#9061 = ADVANCED_FACE('',(#9062),#9065,.T.);
#9062 = FACE_BOUND('',#9063,.T.);
#9063 = EDGE_LOOP('',(#9064));
#9064 = ORIENTED_EDGE('',*,*,#9024,.T.);
#9065 = PLANE('',#9066);
#9066 = AXIS2_PLACEMENT_3D('',#9067,#9068,#9069);
#9067 = CARTESIAN_POINT('',(17.78,-30.48,0.2));
#9068 = DIRECTION('',(0.,0.,1.));
#9069 = DIRECTION('',(1.,0.,0.));
#9070 = ADVANCED_FACE('',(#9071),#9074,.F.);
#9071 = FACE_BOUND('',#9072,.F.);
#9072 = EDGE_LOOP('',(#9073));
#9073 = ORIENTED_EDGE('',*,*,#9039,.T.);
#9074 = PLANE('',#9075);
#9075 = AXIS2_PLACEMENT_3D('',#9076,#9077,#9078);
#9076 = CARTESIAN_POINT('',(17.78,-30.48,-3.4));
#9077 = DIRECTION('',(0.,0.,1.));
#9078 = DIRECTION('',(1.,0.,0.));
#9079 = MANIFOLD_SOLID_BREP('',#9080);
#9080 = CLOSED_SHELL('',(#9081,#9114,#9140,#9149));
#9081 = ADVANCED_FACE('',(#9082),#9109,.T.);
#9082 = FACE_BOUND('',#9083,.T.);
#9083 = EDGE_LOOP('',(#9084,#9094,#9101,#9102));
#9084 = ORIENTED_EDGE('',*,*,#9085,.T.);
#9085 = EDGE_CURVE('',#9086,#9088,#9090,.T.);
#9086 = VERTEX_POINT('',#9087);
#9087 = CARTESIAN_POINT('',(0.3,-30.48,0.2));
#9088 = VERTEX_POINT('',#9089);
#9089 = CARTESIAN_POINT('',(0.3,-30.48,-3.28));
#9090 = LINE('',#9091,#9092);
#9091 = CARTESIAN_POINT('',(0.3,-30.48,0.2));
#9092 = VECTOR('',#9093,1.);
#9093 = DIRECTION('',(-0.,-0.,-1.));
#9094 = ORIENTED_EDGE('',*,*,#9095,.T.);
#9095 = EDGE_CURVE('',#9088,#9088,#9096,.T.);
#9096 = CIRCLE('',#9097,0.3);
#9097 = AXIS2_PLACEMENT_3D('',#9098,#9099,#9100);
#9098 = CARTESIAN_POINT('',(4.793425639364E-32,-30.48,-3.28));
#9099 = DIRECTION('',(-1.141291818896E-32,4.704065889762E-48,1.));
#9100 = DIRECTION('',(1.,1.881626355905E-48,1.141291818896E-32));
#9101 = ORIENTED_EDGE('',*,*,#9085,.F.);
#9102 = ORIENTED_EDGE('',*,*,#9103,.F.);
#9103 = EDGE_CURVE('',#9086,#9086,#9104,.T.);
#9104 = CIRCLE('',#9105,0.3);
#9105 = AXIS2_PLACEMENT_3D('',#9106,#9107,#9108);
#9106 = CARTESIAN_POINT('',(0.,-30.48,0.2));
#9107 = DIRECTION('',(0.,0.,1.));
#9108 = DIRECTION('',(1.,0.,0.));
#9109 = CYLINDRICAL_SURFACE('',#9110,0.3);
#9110 = AXIS2_PLACEMENT_3D('',#9111,#9112,#9113);
#9111 = CARTESIAN_POINT('',(0.,-30.48,0.2));
#9112 = DIRECTION('',(0.,0.,1.));
#9113 = DIRECTION('',(1.,0.,0.));
#9114 = ADVANCED_FACE('',(#9115),#9135,.T.);
#9115 = FACE_BOUND('',#9116,.T.);
#9116 = EDGE_LOOP('',(#9117,#9126,#9133,#9134));
#9117 = ORIENTED_EDGE('',*,*,#9118,.T.);
#9118 = EDGE_CURVE('',#9119,#9119,#9121,.T.);
#9119 = VERTEX_POINT('',#9120);
#9120 = CARTESIAN_POINT('',(0.18,-30.48,-3.4));
#9121 = CIRCLE('',#9122,0.18);
#9122 = AXIS2_PLACEMENT_3D('',#9123,#9124,#9125);
#9123 = CARTESIAN_POINT('',(4.930380657631E-32,-30.48,-3.4));
#9124 = DIRECTION('',(-1.141291818896E-32,4.704065889762E-48,1.));
#9125 = DIRECTION('',(1.,1.881626355905E-48,1.141291818896E-32));
#9126 = ORIENTED_EDGE('',*,*,#9127,.F.);
#9127 = EDGE_CURVE('',#9088,#9119,#9128,.T.);
#9128 = CIRCLE('',#9129,0.12);
#9129 = AXIS2_PLACEMENT_3D('',#9130,#9131,#9132);
#9130 = CARTESIAN_POINT('',(0.18,-30.48,-3.28));
#9131 = DIRECTION('',(-1.881626355905E-48,1.,-4.704065889762E-48));
#9132 = DIRECTION('',(1.,1.881626355905E-48,1.141291818896E-32));
#9133 = ORIENTED_EDGE('',*,*,#9095,.F.);
#9134 = ORIENTED_EDGE('',*,*,#9127,.T.);
#9135 = TOROIDAL_SURFACE('',#9136,0.18,0.12);
#9136 = AXIS2_PLACEMENT_3D('',#9137,#9138,#9139);
#9137 = CARTESIAN_POINT('',(4.793425639364E-32,-30.48,-3.28));
#9138 = DIRECTION('',(1.141291818896E-32,-4.704065889762E-48,-1.));
#9139 = DIRECTION('',(1.,1.881626355905E-48,1.141291818896E-32));
#9140 = ADVANCED_FACE('',(#9141),#9144,.T.);
#9141 = FACE_BOUND('',#9142,.T.);
#9142 = EDGE_LOOP('',(#9143));
#9143 = ORIENTED_EDGE('',*,*,#9103,.T.);
#9144 = PLANE('',#9145);
#9145 = AXIS2_PLACEMENT_3D('',#9146,#9147,#9148);
#9146 = CARTESIAN_POINT('',(1.780521005911E-16,-30.48,0.2));
#9147 = DIRECTION('',(-1.141291818896E-32,4.704065889762E-48,1.));
#9148 = DIRECTION('',(1.,0.,1.141291818896E-32));
#9149 = ADVANCED_FACE('',(#9150),#9153,.F.);
#9150 = FACE_BOUND('',#9151,.F.);
#9151 = EDGE_LOOP('',(#9152));
#9152 = ORIENTED_EDGE('',*,*,#9118,.T.);
#9153 = PLANE('',#9154);
#9154 = AXIS2_PLACEMENT_3D('',#9155,#9156,#9157);
#9155 = CARTESIAN_POINT('',(1.780521005911E-16,-30.48,-3.4));
#9156 = DIRECTION('',(-1.141291818896E-32,4.704065889762E-48,1.));
#9157 = DIRECTION('',(1.,0.,1.141291818896E-32));
#9158 = MANIFOLD_SOLID_BREP('',#9159);
#9159 = CLOSED_SHELL('',(#9160,#9193,#9219,#9228));
#9160 = ADVANCED_FACE('',(#9161),#9188,.T.);
#9161 = FACE_BOUND('',#9162,.T.);
#9162 = EDGE_LOOP('',(#9163,#9173,#9180,#9181));
#9163 = ORIENTED_EDGE('',*,*,#9164,.T.);
#9164 = EDGE_CURVE('',#9165,#9167,#9169,.T.);
#9165 = VERTEX_POINT('',#9166);
#9166 = CARTESIAN_POINT('',(0.3,-5.08,0.2));
#9167 = VERTEX_POINT('',#9168);
#9168 = CARTESIAN_POINT('',(0.3,-5.08,-3.28));
#9169 = LINE('',#9170,#9171);
#9170 = CARTESIAN_POINT('',(0.3,-5.08,0.2));
#9171 = VECTOR('',#9172,1.);
#9172 = DIRECTION('',(-0.,-0.,-1.));
#9173 = ORIENTED_EDGE('',*,*,#9174,.T.);
#9174 = EDGE_CURVE('',#9167,#9167,#9175,.T.);
#9175 = CIRCLE('',#9176,0.3);
#9176 = AXIS2_PLACEMENT_3D('',#9177,#9178,#9179);
#9177 = CARTESIAN_POINT('',(0.,-5.08,-3.28));
#9178 = DIRECTION('',(0.,0.,1.));
#9179 = DIRECTION('',(1.,0.,0.));
#9180 = ORIENTED_EDGE('',*,*,#9164,.F.);
#9181 = ORIENTED_EDGE('',*,*,#9182,.F.);
#9182 = EDGE_CURVE('',#9165,#9165,#9183,.T.);
#9183 = CIRCLE('',#9184,0.3);
#9184 = AXIS2_PLACEMENT_3D('',#9185,#9186,#9187);
#9185 = CARTESIAN_POINT('',(0.,-5.08,0.2));
#9186 = DIRECTION('',(0.,0.,1.));
#9187 = DIRECTION('',(1.,0.,0.));
#9188 = CYLINDRICAL_SURFACE('',#9189,0.3);
#9189 = AXIS2_PLACEMENT_3D('',#9190,#9191,#9192);
#9190 = CARTESIAN_POINT('',(0.,-5.08,0.2));
#9191 = DIRECTION('',(0.,0.,1.));
#9192 = DIRECTION('',(1.,0.,0.));
#9193 = ADVANCED_FACE('',(#9194),#9214,.T.);
#9194 = FACE_BOUND('',#9195,.T.);
#9195 = EDGE_LOOP('',(#9196,#9205,#9212,#9213));
#9196 = ORIENTED_EDGE('',*,*,#9197,.T.);
#9197 = EDGE_CURVE('',#9198,#9198,#9200,.T.);
#9198 = VERTEX_POINT('',#9199);
#9199 = CARTESIAN_POINT('',(0.18,-5.08,-3.4));
#9200 = CIRCLE('',#9201,0.18);
#9201 = AXIS2_PLACEMENT_3D('',#9202,#9203,#9204);
#9202 = CARTESIAN_POINT('',(0.,-5.08,-3.4));
#9203 = DIRECTION('',(0.,0.,1.));
#9204 = DIRECTION('',(1.,0.,0.));
#9205 = ORIENTED_EDGE('',*,*,#9206,.F.);
#9206 = EDGE_CURVE('',#9167,#9198,#9207,.T.);
#9207 = CIRCLE('',#9208,0.12);
#9208 = AXIS2_PLACEMENT_3D('',#9209,#9210,#9211);
#9209 = CARTESIAN_POINT('',(0.18,-5.08,-3.28));
#9210 = DIRECTION('',(-0.,1.,0.));
#9211 = DIRECTION('',(1.,0.,0.));
#9212 = ORIENTED_EDGE('',*,*,#9174,.F.);
#9213 = ORIENTED_EDGE('',*,*,#9206,.T.);
#9214 = TOROIDAL_SURFACE('',#9215,0.18,0.12);
#9215 = AXIS2_PLACEMENT_3D('',#9216,#9217,#9218);
#9216 = CARTESIAN_POINT('',(0.,-5.08,-3.28));
#9217 = DIRECTION('',(-0.,-0.,-1.));
#9218 = DIRECTION('',(1.,0.,0.));
#9219 = ADVANCED_FACE('',(#9220),#9223,.T.);
#9220 = FACE_BOUND('',#9221,.T.);
#9221 = EDGE_LOOP('',(#9222));
#9222 = ORIENTED_EDGE('',*,*,#9182,.T.);
#9223 = PLANE('',#9224);
#9224 = AXIS2_PLACEMENT_3D('',#9225,#9226,#9227);
#9225 = CARTESIAN_POINT('',(-7.122084023643E-17,-5.08,0.2));
#9226 = DIRECTION('',(0.,0.,1.));
#9227 = DIRECTION('',(1.,0.,0.));
#9228 = ADVANCED_FACE('',(#9229),#9232,.F.);
#9229 = FACE_BOUND('',#9230,.F.);
#9230 = EDGE_LOOP('',(#9231));
#9231 = ORIENTED_EDGE('',*,*,#9197,.T.);
#9232 = PLANE('',#9233);
#9233 = AXIS2_PLACEMENT_3D('',#9234,#9235,#9236);
#9234 = CARTESIAN_POINT('',(-7.122084023643E-17,-5.08,-3.4));
#9235 = DIRECTION('',(0.,0.,1.));
#9236 = DIRECTION('',(1.,0.,0.));
#9237 = MANIFOLD_SOLID_BREP('',#9238);
#9238 = CLOSED_SHELL('',(#9239,#9272,#9298,#9307));
#9239 = ADVANCED_FACE('',(#9240),#9267,.T.);
#9240 = FACE_BOUND('',#9241,.T.);
#9241 = EDGE_LOOP('',(#9242,#9252,#9259,#9260));
#9242 = ORIENTED_EDGE('',*,*,#9243,.T.);
#9243 = EDGE_CURVE('',#9244,#9246,#9248,.T.);
#9244 = VERTEX_POINT('',#9245);
#9245 = CARTESIAN_POINT('',(0.3,0.,0.2));
#9246 = VERTEX_POINT('',#9247);
#9247 = CARTESIAN_POINT('',(0.3,3.945578733615E-34,-3.28));
#9248 = LINE('',#9249,#9250);
#9249 = CARTESIAN_POINT('',(0.3,0.,0.2));
#9250 = VECTOR('',#9251,1.);
#9251 = DIRECTION('',(-0.,-0.,-1.));
#9252 = ORIENTED_EDGE('',*,*,#9253,.T.);
#9253 = EDGE_CURVE('',#9246,#9246,#9254,.T.);
#9254 = CIRCLE('',#9255,0.3);
#9255 = AXIS2_PLACEMENT_3D('',#9256,#9257,#9258);
#9256 = CARTESIAN_POINT('',(-1.780415237478E-32,-1.193139377072E-32,
    -3.28));
#9257 = DIRECTION('',(5.706459094481E-33,3.287982278012E-33,1.));
#9258 = DIRECTION('',(1.,4.108650548026E-32,-5.706459094481E-33));
#9259 = ORIENTED_EDGE('',*,*,#9243,.F.);
#9260 = ORIENTED_EDGE('',*,*,#9261,.F.);
#9261 = EDGE_CURVE('',#9244,#9244,#9262,.T.);
#9262 = CIRCLE('',#9263,0.3);
#9263 = AXIS2_PLACEMENT_3D('',#9264,#9265,#9266);
#9264 = CARTESIAN_POINT('',(0.,0.,0.2));
#9265 = DIRECTION('',(0.,0.,1.));
#9266 = DIRECTION('',(1.,0.,0.));
#9267 = CYLINDRICAL_SURFACE('',#9268,0.3);
#9268 = AXIS2_PLACEMENT_3D('',#9269,#9270,#9271);
#9269 = CARTESIAN_POINT('',(0.,0.,0.2));
#9270 = DIRECTION('',(0.,0.,1.));
#9271 = DIRECTION('',(1.,0.,0.));
#9272 = ADVANCED_FACE('',(#9273),#9293,.T.);
#9273 = FACE_BOUND('',#9274,.T.);
#9274 = EDGE_LOOP('',(#9275,#9284,#9291,#9292));
#9275 = ORIENTED_EDGE('',*,*,#9276,.T.);
#9276 = EDGE_CURVE('',#9277,#9277,#9279,.T.);
#9277 = VERTEX_POINT('',#9278);
#9278 = CARTESIAN_POINT('',(0.18,-4.930380657631E-33,-3.4));
#9279 = CIRCLE('',#9280,0.18);
#9280 = AXIS2_PLACEMENT_3D('',#9281,#9282,#9283);
#9281 = CARTESIAN_POINT('',(-1.848892746612E-32,-1.232595164408E-32,-3.4
    ));
#9282 = DIRECTION('',(5.706459094481E-33,3.287982278012E-33,1.));
#9283 = DIRECTION('',(1.,4.108650548026E-32,-5.706459094481E-33));
#9284 = ORIENTED_EDGE('',*,*,#9285,.F.);
#9285 = EDGE_CURVE('',#9246,#9277,#9286,.T.);
#9286 = CIRCLE('',#9287,0.12);
#9287 = AXIS2_PLACEMENT_3D('',#9288,#9289,#9290);
#9288 = CARTESIAN_POINT('',(0.18,-4.772557508287E-33,-3.28));
#9289 = DIRECTION('',(-3.977131256906E-32,1.,-3.287982278012E-33));
#9290 = DIRECTION('',(1.,3.977131256906E-32,-5.706459094481E-33));
#9291 = ORIENTED_EDGE('',*,*,#9253,.F.);
#9292 = ORIENTED_EDGE('',*,*,#9285,.T.);
#9293 = TOROIDAL_SURFACE('',#9294,0.18,0.12);
#9294 = AXIS2_PLACEMENT_3D('',#9295,#9296,#9297);
#9295 = CARTESIAN_POINT('',(-1.780415237478E-32,-1.193139377072E-32,
    -3.28));
#9296 = DIRECTION('',(-5.706459094481E-33,-3.287982278012E-33,-1.));
#9297 = DIRECTION('',(1.,4.108650548026E-32,-5.706459094481E-33));
#9298 = ADVANCED_FACE('',(#9299),#9302,.T.);
#9299 = FACE_BOUND('',#9300,.T.);
#9300 = EDGE_LOOP('',(#9301));
#9301 = ORIENTED_EDGE('',*,*,#9261,.T.);
#9302 = PLANE('',#9303);
#9303 = AXIS2_PLACEMENT_3D('',#9304,#9305,#9306);
#9304 = CARTESIAN_POINT('',(-3.561042011821E-17,5.558742067634E-18,0.2)
  );
#9305 = DIRECTION('',(5.706459094481E-33,3.287982278012E-33,1.));
#9306 = DIRECTION('',(1.,0.,-5.706459094481E-33));
#9307 = ADVANCED_FACE('',(#9308),#9311,.F.);
#9308 = FACE_BOUND('',#9309,.F.);
#9309 = EDGE_LOOP('',(#9310));
#9310 = ORIENTED_EDGE('',*,*,#9276,.T.);
#9311 = PLANE('',#9312);
#9312 = AXIS2_PLACEMENT_3D('',#9313,#9314,#9315);
#9313 = CARTESIAN_POINT('',(-3.561042011821E-17,5.558742067634E-18,-3.4)
  );
#9314 = DIRECTION('',(5.706459094481E-33,3.287982278012E-33,1.));
#9315 = DIRECTION('',(1.,0.,-5.706459094481E-33));
#9316 = ( GEOMETRIC_REPRESENTATION_CONTEXT(3) 
GLOBAL_UNCERTAINTY_ASSIGNED_CONTEXT((#9320)) 
GLOBAL_UNIT_ASSIGNED_CONTEXT((#9317,#9318,#9319)) REPRESENTATION_CONTEXT
('Context #1','3D Context with UNIT and UNCERTAINTY') );
#9317 = ( LENGTH_UNIT() NAMED_UNIT(*) SI_UNIT(.MILLI.,.METRE.) );
#9318 = ( NAMED_UNIT(*) PLANE_ANGLE_UNIT() SI_UNIT($,.RADIAN.) );
#9319 = ( NAMED_UNIT(*) SI_UNIT($,.STERADIAN.) SOLID_ANGLE_UNIT() );
#9320 = UNCERTAINTY_MEASURE_WITH_UNIT(LENGTH_MEASURE(1.E-07),#9317,
  'distance_accuracy_value','confusion accuracy');
#9321 = CONTEXT_DEPENDENT_SHAPE_REPRESENTATION(#9322,#9324);
#9322 = ( REPRESENTATION_RELATIONSHIP('','',#8112,#8089) 
REPRESENTATION_RELATIONSHIP_WITH_TRANSFORMATION(#9323) 
SHAPE_REPRESENTATION_RELATIONSHIP() );
#9323 = ITEM_DEFINED_TRANSFORMATION('','',#11,#8090);
#9324 = PRODUCT_DEFINITION_SHAPE('Placement','Placement of an item',
  #9325);
#9325 = NEXT_ASSEMBLY_USAGE_OCCURRENCE('6','','',#8084,#8107,$);
#9326 = PRODUCT_RELATED_PRODUCT_CATEGORY('part',$,(#8109));
#9327 = SHAPE_DEFINITION_REPRESENTATION(#9328,#9334);
#9328 = PRODUCT_DEFINITION_SHAPE('','',#9329);
#9329 = PRODUCT_DEFINITION('design','',#9330,#9333);
#9330 = PRODUCT_DEFINITION_FORMATION('','',#9331);
#9331 = PRODUCT('psu_carrier_PCB','psu_carrier_PCB','',(#9332));
#9332 = PRODUCT_CONTEXT('',#2,'mechanical');
#9333 = PRODUCT_DEFINITION_CONTEXT('part definition',#2,'design');
#9334 = ADVANCED_BREP_SHAPE_REPRESENTATION('',(#11,#9335),#10344);
#9335 = MANIFOLD_SOLID_BREP('',#9336);
#9336 = CLOSED_SHELL('',(#9337,#9379,#9410,#9441,#9691,#9941,#9958,#9975
    ,#9992,#10009,#10026,#10043,#10060,#10077,#10089,#10106,#10123,
    #10140,#10157,#10174,#10191,#10208,#10225,#10242,#10259,#10276,
    #10293,#10310,#10327));
#9337 = ADVANCED_FACE('',(#9338),#9374,.F.);
#9338 = FACE_BOUND('',#9339,.T.);
#9339 = EDGE_LOOP('',(#9340,#9350,#9359,#9367));
#9340 = ORIENTED_EDGE('',*,*,#9341,.T.);
#9341 = EDGE_CURVE('',#9342,#9344,#9346,.T.);
#9342 = VERTEX_POINT('',#9343);
#9343 = CARTESIAN_POINT('',(-7.5,-7.,0.));
#9344 = VERTEX_POINT('',#9345);
#9345 = CARTESIAN_POINT('',(-7.5,-7.,1.51));
#9346 = LINE('',#9347,#9348);
#9347 = CARTESIAN_POINT('',(-7.5,-7.,0.));
#9348 = VECTOR('',#9349,1.);
#9349 = DIRECTION('',(0.,0.,1.));
#9350 = ORIENTED_EDGE('',*,*,#9351,.T.);
#9351 = EDGE_CURVE('',#9344,#9352,#9354,.T.);
#9352 = VERTEX_POINT('',#9353);
#9353 = CARTESIAN_POINT('',(-5.5,-7.,1.51));
#9354 = CIRCLE('',#9355,1.);
#9355 = AXIS2_PLACEMENT_3D('',#9356,#9357,#9358);
#9356 = CARTESIAN_POINT('',(-6.5,-7.,1.51));
#9357 = DIRECTION('',(0.,0.,1.));
#9358 = DIRECTION('',(-1.,0.,-0.));
#9359 = ORIENTED_EDGE('',*,*,#9360,.F.);
#9360 = EDGE_CURVE('',#9361,#9352,#9363,.T.);
#9361 = VERTEX_POINT('',#9362);
#9362 = CARTESIAN_POINT('',(-5.5,-7.,0.));
#9363 = LINE('',#9364,#9365);
#9364 = CARTESIAN_POINT('',(-5.5,-7.,0.));
#9365 = VECTOR('',#9366,1.);
#9366 = DIRECTION('',(0.,0.,1.));
#9367 = ORIENTED_EDGE('',*,*,#9368,.F.);
#9368 = EDGE_CURVE('',#9342,#9361,#9369,.T.);
#9369 = CIRCLE('',#9370,1.);
#9370 = AXIS2_PLACEMENT_3D('',#9371,#9372,#9373);
#9371 = CARTESIAN_POINT('',(-6.5,-7.,0.));
#9372 = DIRECTION('',(0.,0.,1.));
#9373 = DIRECTION('',(-1.,0.,-0.));
#9374 = CYLINDRICAL_SURFACE('',#9375,1.);
#9375 = AXIS2_PLACEMENT_3D('',#9376,#9377,#9378);
#9376 = CARTESIAN_POINT('',(-6.5,-7.,0.));
#9377 = DIRECTION('',(-0.,-0.,-1.));
#9378 = DIRECTION('',(-1.,0.,-0.));
#9379 = ADVANCED_FACE('',(#9380),#9405,.T.);
#9380 = FACE_BOUND('',#9381,.T.);
#9381 = EDGE_LOOP('',(#9382,#9392,#9398,#9399));
#9382 = ORIENTED_EDGE('',*,*,#9383,.T.);
#9383 = EDGE_CURVE('',#9384,#9386,#9388,.T.);
#9384 = VERTEX_POINT('',#9385);
#9385 = CARTESIAN_POINT('',(-7.5,22.,0.));
#9386 = VERTEX_POINT('',#9387);
#9387 = CARTESIAN_POINT('',(-7.5,22.,1.51));
#9388 = LINE('',#9389,#9390);
#9389 = CARTESIAN_POINT('',(-7.5,22.,0.));
#9390 = VECTOR('',#9391,1.);
#9391 = DIRECTION('',(0.,0.,1.));
#9392 = ORIENTED_EDGE('',*,*,#9393,.T.);
#9393 = EDGE_CURVE('',#9386,#9344,#9394,.T.);
#9394 = LINE('',#9395,#9396);
#9395 = CARTESIAN_POINT('',(-7.5,22.,1.51));
#9396 = VECTOR('',#9397,1.);
#9397 = DIRECTION('',(0.,-1.,0.));
#9398 = ORIENTED_EDGE('',*,*,#9341,.F.);
#9399 = ORIENTED_EDGE('',*,*,#9400,.F.);
#9400 = EDGE_CURVE('',#9384,#9342,#9401,.T.);
#9401 = LINE('',#9402,#9403);
#9402 = CARTESIAN_POINT('',(-7.5,22.,0.));
#9403 = VECTOR('',#9404,1.);
#9404 = DIRECTION('',(0.,-1.,0.));
#9405 = PLANE('',#9406);
#9406 = AXIS2_PLACEMENT_3D('',#9407,#9408,#9409);
#9407 = CARTESIAN_POINT('',(-7.5,22.,0.));
#9408 = DIRECTION('',(1.,0.,-0.));
#9409 = DIRECTION('',(0.,-1.,0.));
#9410 = ADVANCED_FACE('',(#9411),#9436,.T.);
#9411 = FACE_BOUND('',#9412,.T.);
#9412 = EDGE_LOOP('',(#9413,#9414,#9422,#9430));
#9413 = ORIENTED_EDGE('',*,*,#9360,.T.);
#9414 = ORIENTED_EDGE('',*,*,#9415,.T.);
#9415 = EDGE_CURVE('',#9352,#9416,#9418,.T.);
#9416 = VERTEX_POINT('',#9417);
#9417 = CARTESIAN_POINT('',(-5.5,22.,1.51));
#9418 = LINE('',#9419,#9420);
#9419 = CARTESIAN_POINT('',(-5.5,-7.,1.51));
#9420 = VECTOR('',#9421,1.);
#9421 = DIRECTION('',(0.,1.,0.));
#9422 = ORIENTED_EDGE('',*,*,#9423,.F.);
#9423 = EDGE_CURVE('',#9424,#9416,#9426,.T.);
#9424 = VERTEX_POINT('',#9425);
#9425 = CARTESIAN_POINT('',(-5.5,22.,0.));
#9426 = LINE('',#9427,#9428);
#9427 = CARTESIAN_POINT('',(-5.5,22.,0.));
#9428 = VECTOR('',#9429,1.);
#9429 = DIRECTION('',(0.,0.,1.));
#9430 = ORIENTED_EDGE('',*,*,#9431,.F.);
#9431 = EDGE_CURVE('',#9361,#9424,#9432,.T.);
#9432 = LINE('',#9433,#9434);
#9433 = CARTESIAN_POINT('',(-5.5,-7.,0.));
#9434 = VECTOR('',#9435,1.);
#9435 = DIRECTION('',(0.,1.,0.));
#9436 = PLANE('',#9437);
#9437 = AXIS2_PLACEMENT_3D('',#9438,#9439,#9440);
#9438 = CARTESIAN_POINT('',(-5.5,-7.,0.));
#9439 = DIRECTION('',(-1.,0.,0.));
#9440 = DIRECTION('',(0.,1.,0.));
#9441 = ADVANCED_FACE('',(#9442,#9521,#9532,#9543,#9554,#9565,#9576,
    #9587,#9598,#9609,#9620,#9631,#9642,#9653,#9664,#9675),#9686,.F.);
#9442 = FACE_BOUND('',#9443,.F.);
#9443 = EDGE_LOOP('',(#9444,#9445,#9446,#9454,#9463,#9471,#9480,#9488,
    #9497,#9505,#9514,#9520));
#9444 = ORIENTED_EDGE('',*,*,#9368,.F.);
#9445 = ORIENTED_EDGE('',*,*,#9400,.F.);
#9446 = ORIENTED_EDGE('',*,*,#9447,.F.);
#9447 = EDGE_CURVE('',#9448,#9384,#9450,.T.);
#9448 = VERTEX_POINT('',#9449);
#9449 = CARTESIAN_POINT('',(-19.5,22.,0.));
#9450 = LINE('',#9451,#9452);
#9451 = CARTESIAN_POINT('',(-19.5,22.,0.));
#9452 = VECTOR('',#9453,1.);
#9453 = DIRECTION('',(1.,0.,0.));
#9454 = ORIENTED_EDGE('',*,*,#9455,.F.);
#9455 = EDGE_CURVE('',#9456,#9448,#9458,.T.);
#9456 = VERTEX_POINT('',#9457);
#9457 = CARTESIAN_POINT('',(-21.,20.5,0.));
#9458 = CIRCLE('',#9459,1.499997172289);
#9459 = AXIS2_PLACEMENT_3D('',#9460,#9461,#9462);
#9460 = CARTESIAN_POINT('',(-19.50000282771,20.500002827714,0.));
#9461 = DIRECTION('',(0.,0.,-1.));
#9462 = DIRECTION('',(-0.999999999998,-1.885146305001E-06,-0.));
#9463 = ORIENTED_EDGE('',*,*,#9464,.F.);
#9464 = EDGE_CURVE('',#9465,#9456,#9467,.T.);
#9465 = VERTEX_POINT('',#9466);
#9466 = CARTESIAN_POINT('',(-21.,-20.5,0.));
#9467 = LINE('',#9468,#9469);
#9468 = CARTESIAN_POINT('',(-21.,-20.5,0.));
#9469 = VECTOR('',#9470,1.);
#9470 = DIRECTION('',(0.,1.,0.));
#9471 = ORIENTED_EDGE('',*,*,#9472,.F.);
#9472 = EDGE_CURVE('',#9473,#9465,#9475,.T.);
#9473 = VERTEX_POINT('',#9474);
#9474 = CARTESIAN_POINT('',(-19.5,-22.,0.));
#9475 = CIRCLE('',#9476,1.499998879387);
#9476 = AXIS2_PLACEMENT_3D('',#9477,#9478,#9479);
#9477 = CARTESIAN_POINT('',(-19.50000112061,-20.50000112061,0.));
#9478 = DIRECTION('',(0.,0.,-1.));
#9479 = DIRECTION('',(7.47076007329E-07,-1.,0.));
#9480 = ORIENTED_EDGE('',*,*,#9481,.F.);
#9481 = EDGE_CURVE('',#9482,#9473,#9484,.T.);
#9482 = VERTEX_POINT('',#9483);
#9483 = CARTESIAN_POINT('',(19.5,-22.,0.));
#9484 = LINE('',#9485,#9486);
#9485 = CARTESIAN_POINT('',(19.5,-22.,0.));
#9486 = VECTOR('',#9487,1.);
#9487 = DIRECTION('',(-1.,0.,0.));
#9488 = ORIENTED_EDGE('',*,*,#9489,.F.);
#9489 = EDGE_CURVE('',#9490,#9482,#9492,.T.);
#9490 = VERTEX_POINT('',#9491);
#9491 = CARTESIAN_POINT('',(21.,-20.5,0.));
#9492 = CIRCLE('',#9493,1.500000586493);
#9493 = AXIS2_PLACEMENT_3D('',#9494,#9495,#9496);
#9494 = CARTESIAN_POINT('',(19.499999413507,-20.4999994135,0.));
#9495 = DIRECTION('',(0.,0.,-1.));
#9496 = DIRECTION('',(1.,-3.909953663434E-07,0.));
#9497 = ORIENTED_EDGE('',*,*,#9498,.F.);
#9498 = EDGE_CURVE('',#9499,#9490,#9501,.T.);
#9499 = VERTEX_POINT('',#9500);
#9500 = CARTESIAN_POINT('',(21.,20.5,0.));
#9501 = LINE('',#9502,#9503);
#9502 = CARTESIAN_POINT('',(21.,20.5,0.));
#9503 = VECTOR('',#9504,1.);
#9504 = DIRECTION('',(0.,-1.,0.));
#9505 = ORIENTED_EDGE('',*,*,#9506,.F.);
#9506 = EDGE_CURVE('',#9507,#9499,#9509,.T.);
#9507 = VERTEX_POINT('',#9508);
#9508 = CARTESIAN_POINT('',(19.5,22.,0.));
#9509 = CIRCLE('',#9510,1.499998879387);
#9510 = AXIS2_PLACEMENT_3D('',#9511,#9512,#9513);
#9511 = CARTESIAN_POINT('',(19.500001120613,20.500001120613,0.));
#9512 = DIRECTION('',(0.,0.,-1.));
#9513 = DIRECTION('',(-7.47076007329E-07,1.,0.));
#9514 = ORIENTED_EDGE('',*,*,#9515,.F.);
#9515 = EDGE_CURVE('',#9424,#9507,#9516,.T.);
#9516 = LINE('',#9517,#9518);
#9517 = CARTESIAN_POINT('',(-5.5,22.,0.));
#9518 = VECTOR('',#9519,1.);
#9519 = DIRECTION('',(1.,0.,0.));
#9520 = ORIENTED_EDGE('',*,*,#9431,.F.);
#9521 = FACE_BOUND('',#9522,.F.);
#9522 = EDGE_LOOP('',(#9523));
#9523 = ORIENTED_EDGE('',*,*,#9524,.T.);
#9524 = EDGE_CURVE('',#9525,#9525,#9527,.T.);
#9525 = VERTEX_POINT('',#9526);
#9526 = CARTESIAN_POINT('',(-15.24,-18.77,0.));
#9527 = CIRCLE('',#9528,0.38);
#9528 = AXIS2_PLACEMENT_3D('',#9529,#9530,#9531);
#9529 = CARTESIAN_POINT('',(-15.24,-18.39,0.));
#9530 = DIRECTION('',(-0.,0.,-1.));
#9531 = DIRECTION('',(-4.67462326158E-15,-1.,0.));
#9532 = FACE_BOUND('',#9533,.F.);
#9533 = EDGE_LOOP('',(#9534));
#9534 = ORIENTED_EDGE('',*,*,#9535,.T.);
#9535 = EDGE_CURVE('',#9536,#9536,#9538,.T.);
#9536 = VERTEX_POINT('',#9537);
#9537 = CARTESIAN_POINT('',(-10.16,-18.77,0.));
#9538 = CIRCLE('',#9539,0.38);
#9539 = AXIS2_PLACEMENT_3D('',#9540,#9541,#9542);
#9540 = CARTESIAN_POINT('',(-10.16,-18.39,0.));
#9541 = DIRECTION('',(-0.,0.,-1.));
#9542 = DIRECTION('',(-0.,-1.,0.));
#9543 = FACE_BOUND('',#9544,.F.);
#9544 = EDGE_LOOP('',(#9545));
#9545 = ORIENTED_EDGE('',*,*,#9546,.T.);
#9546 = EDGE_CURVE('',#9547,#9547,#9549,.T.);
#9547 = VERTEX_POINT('',#9548);
#9548 = CARTESIAN_POINT('',(-15.24,-0.99,0.));
#9549 = CIRCLE('',#9550,0.38);
#9550 = AXIS2_PLACEMENT_3D('',#9551,#9552,#9553);
#9551 = CARTESIAN_POINT('',(-15.24,-0.61,0.));
#9552 = DIRECTION('',(-0.,0.,-1.));
#9553 = DIRECTION('',(-4.67462326158E-15,-1.,0.));
#9554 = FACE_BOUND('',#9555,.F.);
#9555 = EDGE_LOOP('',(#9556));
#9556 = ORIENTED_EDGE('',*,*,#9557,.T.);
#9557 = EDGE_CURVE('',#9558,#9558,#9560,.T.);
#9558 = VERTEX_POINT('',#9559);
#9559 = CARTESIAN_POINT('',(-14.,8.6,0.));
#9560 = CIRCLE('',#9561,0.4);
#9561 = AXIS2_PLACEMENT_3D('',#9562,#9563,#9564);
#9562 = CARTESIAN_POINT('',(-14.,9.,0.));
#9563 = DIRECTION('',(-0.,0.,-1.));
#9564 = DIRECTION('',(-0.,-1.,0.));
#9565 = FACE_BOUND('',#9566,.F.);
#9566 = EDGE_LOOP('',(#9567));
#9567 = ORIENTED_EDGE('',*,*,#9568,.T.);
#9568 = EDGE_CURVE('',#9569,#9569,#9571,.T.);
#9569 = VERTEX_POINT('',#9570);
#9570 = CARTESIAN_POINT('',(-12.,8.6,0.));
#9571 = CIRCLE('',#9572,0.4);
#9572 = AXIS2_PLACEMENT_3D('',#9573,#9574,#9575);
#9573 = CARTESIAN_POINT('',(-12.,9.,0.));
#9574 = DIRECTION('',(-0.,0.,-1.));
#9575 = DIRECTION('',(-0.,-1.,0.));
#9576 = FACE_BOUND('',#9577,.F.);
#9577 = EDGE_LOOP('',(#9578));
#9578 = ORIENTED_EDGE('',*,*,#9579,.T.);
#9579 = EDGE_CURVE('',#9580,#9580,#9582,.T.);
#9580 = VERTEX_POINT('',#9581);
#9581 = CARTESIAN_POINT('',(-14.5,16.5,0.));
#9582 = CIRCLE('',#9583,0.5);
#9583 = AXIS2_PLACEMENT_3D('',#9584,#9585,#9586);
#9584 = CARTESIAN_POINT('',(-14.5,17.,0.));
#9585 = DIRECTION('',(-0.,0.,-1.));
#9586 = DIRECTION('',(-0.,-1.,0.));
#9587 = FACE_BOUND('',#9588,.F.);
#9588 = EDGE_LOOP('',(#9589));
#9589 = ORIENTED_EDGE('',*,*,#9590,.T.);
#9590 = EDGE_CURVE('',#9591,#9591,#9593,.T.);
#9591 = VERTEX_POINT('',#9592);
#9592 = CARTESIAN_POINT('',(-12.,16.5,0.));
#9593 = CIRCLE('',#9594,0.5);
#9594 = AXIS2_PLACEMENT_3D('',#9595,#9596,#9597);
#9595 = CARTESIAN_POINT('',(-12.,17.,0.));
#9596 = DIRECTION('',(-0.,0.,-1.));
#9597 = DIRECTION('',(-0.,-1.,0.));
#9598 = FACE_BOUND('',#9599,.F.);
#9599 = EDGE_LOOP('',(#9600));
#9600 = ORIENTED_EDGE('',*,*,#9601,.T.);
#9601 = EDGE_CURVE('',#9602,#9602,#9604,.T.);
#9602 = VERTEX_POINT('',#9603);
#9603 = CARTESIAN_POINT('',(1.232595164408E-32,14.35,0.));
#9604 = CIRCLE('',#9605,0.65);
#9605 = AXIS2_PLACEMENT_3D('',#9606,#9607,#9608);
#9606 = CARTESIAN_POINT('',(2.775557561563E-17,15.,0.));
#9607 = DIRECTION('',(-0.,0.,-1.));
#9608 = DIRECTION('',(-4.270088556251E-17,-1.,0.));
#9609 = FACE_BOUND('',#9610,.F.);
#9610 = EDGE_LOOP('',(#9611));
#9611 = ORIENTED_EDGE('',*,*,#9612,.T.);
#9612 = EDGE_CURVE('',#9613,#9613,#9615,.T.);
#9613 = VERTEX_POINT('',#9614);
#9614 = CARTESIAN_POINT('',(10.16,-1.01,0.));
#9615 = CIRCLE('',#9616,0.4);
#9616 = AXIS2_PLACEMENT_3D('',#9617,#9618,#9619);
#9617 = CARTESIAN_POINT('',(10.16,-0.61,0.));
#9618 = DIRECTION('',(-0.,0.,-1.));
#9619 = DIRECTION('',(-0.,-1.,0.));
#9620 = FACE_BOUND('',#9621,.F.);
#9621 = EDGE_LOOP('',(#9622));
#9622 = ORIENTED_EDGE('',*,*,#9623,.T.);
#9623 = EDGE_CURVE('',#9624,#9624,#9626,.T.);
#9624 = VERTEX_POINT('',#9625);
#9625 = CARTESIAN_POINT('',(15.24,-1.01,0.));
#9626 = CIRCLE('',#9627,0.4);
#9627 = AXIS2_PLACEMENT_3D('',#9628,#9629,#9630);
#9628 = CARTESIAN_POINT('',(15.24,-0.61,0.));
#9629 = DIRECTION('',(-0.,0.,-1.));
#9630 = DIRECTION('',(-0.,-1.,0.));
#9631 = FACE_BOUND('',#9632,.F.);
#9632 = EDGE_LOOP('',(#9633));
#9633 = ORIENTED_EDGE('',*,*,#9634,.T.);
#9634 = EDGE_CURVE('',#9635,#9635,#9637,.T.);
#9635 = VERTEX_POINT('',#9636);
#9636 = CARTESIAN_POINT('',(8.5,6.3,0.));
#9637 = CIRCLE('',#9638,0.3);
#9638 = AXIS2_PLACEMENT_3D('',#9639,#9640,#9641);
#9639 = CARTESIAN_POINT('',(8.5,6.6,0.));
#9640 = DIRECTION('',(-0.,0.,-1.));
#9641 = DIRECTION('',(-0.,-1.,0.));
#9642 = FACE_BOUND('',#9643,.F.);
#9643 = EDGE_LOOP('',(#9644));
#9644 = ORIENTED_EDGE('',*,*,#9645,.T.);
#9645 = EDGE_CURVE('',#9646,#9646,#9648,.T.);
#9646 = VERTEX_POINT('',#9647);
#9647 = CARTESIAN_POINT('',(13.5,4.2,0.));
#9648 = CIRCLE('',#9649,0.3);
#9649 = AXIS2_PLACEMENT_3D('',#9650,#9651,#9652);
#9650 = CARTESIAN_POINT('',(13.5,4.5,0.));
#9651 = DIRECTION('',(-0.,0.,-1.));
#9652 = DIRECTION('',(-0.,-1.,0.));
#9653 = FACE_BOUND('',#9654,.F.);
#9654 = EDGE_LOOP('',(#9655));
#9655 = ORIENTED_EDGE('',*,*,#9656,.T.);
#9656 = EDGE_CURVE('',#9657,#9657,#9659,.T.);
#9657 = VERTEX_POINT('',#9658);
#9658 = CARTESIAN_POINT('',(5.08,14.35,0.));
#9659 = CIRCLE('',#9660,0.65);
#9660 = AXIS2_PLACEMENT_3D('',#9661,#9662,#9663);
#9661 = CARTESIAN_POINT('',(5.08,15.,0.));
#9662 = DIRECTION('',(-0.,0.,-1.));
#9663 = DIRECTION('',(-0.,-1.,0.));
#9664 = FACE_BOUND('',#9665,.F.);
#9665 = EDGE_LOOP('',(#9666));
#9666 = ORIENTED_EDGE('',*,*,#9667,.T.);
#9667 = EDGE_CURVE('',#9668,#9668,#9670,.T.);
#9668 = VERTEX_POINT('',#9669);
#9669 = CARTESIAN_POINT('',(14.,11.42,0.));
#9670 = CIRCLE('',#9671,0.5);
#9671 = AXIS2_PLACEMENT_3D('',#9672,#9673,#9674);
#9672 = CARTESIAN_POINT('',(14.,11.92,0.));
#9673 = DIRECTION('',(-0.,0.,-1.));
#9674 = DIRECTION('',(-0.,-1.,0.));
#9675 = FACE_BOUND('',#9676,.F.);
#9676 = EDGE_LOOP('',(#9677));
#9677 = ORIENTED_EDGE('',*,*,#9678,.T.);
#9678 = EDGE_CURVE('',#9679,#9679,#9681,.T.);
#9679 = VERTEX_POINT('',#9680);
#9680 = CARTESIAN_POINT('',(14.,16.5,0.));
#9681 = CIRCLE('',#9682,0.5);
#9682 = AXIS2_PLACEMENT_3D('',#9683,#9684,#9685);
#9683 = CARTESIAN_POINT('',(14.,17.,0.));
#9684 = DIRECTION('',(-0.,0.,-1.));
#9685 = DIRECTION('',(-0.,-1.,0.));
#9686 = PLANE('',#9687);
#9687 = AXIS2_PLACEMENT_3D('',#9688,#9689,#9690);
#9688 = CARTESIAN_POINT('',(0.,0.,0.));
#9689 = DIRECTION('',(0.,0.,1.));
#9690 = DIRECTION('',(1.,0.,-0.));
#9691 = ADVANCED_FACE('',(#9692,#9771,#9782,#9793,#9804,#9815,#9826,
    #9837,#9848,#9859,#9870,#9881,#9892,#9903,#9914,#9925),#9936,.T.);
#9692 = FACE_BOUND('',#9693,.T.);
#9693 = EDGE_LOOP('',(#9694,#9695,#9696,#9704,#9713,#9721,#9730,#9738,
    #9747,#9755,#9764,#9770));
#9694 = ORIENTED_EDGE('',*,*,#9351,.F.);
#9695 = ORIENTED_EDGE('',*,*,#9393,.F.);
#9696 = ORIENTED_EDGE('',*,*,#9697,.F.);
#9697 = EDGE_CURVE('',#9698,#9386,#9700,.T.);
#9698 = VERTEX_POINT('',#9699);
#9699 = CARTESIAN_POINT('',(-19.5,22.,1.51));
#9700 = LINE('',#9701,#9702);
#9701 = CARTESIAN_POINT('',(-19.5,22.,1.51));
#9702 = VECTOR('',#9703,1.);
#9703 = DIRECTION('',(1.,0.,0.));
#9704 = ORIENTED_EDGE('',*,*,#9705,.F.);
#9705 = EDGE_CURVE('',#9706,#9698,#9708,.T.);
#9706 = VERTEX_POINT('',#9707);
#9707 = CARTESIAN_POINT('',(-21.,20.5,1.51));
#9708 = CIRCLE('',#9709,1.499997172289);
#9709 = AXIS2_PLACEMENT_3D('',#9710,#9711,#9712);
#9710 = CARTESIAN_POINT('',(-19.50000282771,20.500002827714,1.51));
#9711 = DIRECTION('',(0.,0.,-1.));
#9712 = DIRECTION('',(-0.999999999998,-1.885146305001E-06,-0.));
#9713 = ORIENTED_EDGE('',*,*,#9714,.F.);
#9714 = EDGE_CURVE('',#9715,#9706,#9717,.T.);
#9715 = VERTEX_POINT('',#9716);
#9716 = CARTESIAN_POINT('',(-21.,-20.5,1.51));
#9717 = LINE('',#9718,#9719);
#9718 = CARTESIAN_POINT('',(-21.,-20.5,1.51));
#9719 = VECTOR('',#9720,1.);
#9720 = DIRECTION('',(0.,1.,0.));
#9721 = ORIENTED_EDGE('',*,*,#9722,.F.);
#9722 = EDGE_CURVE('',#9723,#9715,#9725,.T.);
#9723 = VERTEX_POINT('',#9724);
#9724 = CARTESIAN_POINT('',(-19.5,-22.,1.51));
#9725 = CIRCLE('',#9726,1.499998879387);
#9726 = AXIS2_PLACEMENT_3D('',#9727,#9728,#9729);
#9727 = CARTESIAN_POINT('',(-19.50000112061,-20.50000112061,1.51));
#9728 = DIRECTION('',(0.,0.,-1.));
#9729 = DIRECTION('',(7.47076007329E-07,-1.,0.));
#9730 = ORIENTED_EDGE('',*,*,#9731,.F.);
#9731 = EDGE_CURVE('',#9732,#9723,#9734,.T.);
#9732 = VERTEX_POINT('',#9733);
#9733 = CARTESIAN_POINT('',(19.5,-22.,1.51));
#9734 = LINE('',#9735,#9736);
#9735 = CARTESIAN_POINT('',(19.5,-22.,1.51));
#9736 = VECTOR('',#9737,1.);
#9737 = DIRECTION('',(-1.,0.,0.));
#9738 = ORIENTED_EDGE('',*,*,#9739,.F.);
#9739 = EDGE_CURVE('',#9740,#9732,#9742,.T.);
#9740 = VERTEX_POINT('',#9741);
#9741 = CARTESIAN_POINT('',(21.,-20.5,1.51));
#9742 = CIRCLE('',#9743,1.500000586493);
#9743 = AXIS2_PLACEMENT_3D('',#9744,#9745,#9746);
#9744 = CARTESIAN_POINT('',(19.499999413507,-20.4999994135,1.51));
#9745 = DIRECTION('',(0.,0.,-1.));
#9746 = DIRECTION('',(1.,-3.909953663434E-07,0.));
#9747 = ORIENTED_EDGE('',*,*,#9748,.F.);
#9748 = EDGE_CURVE('',#9749,#9740,#9751,.T.);
#9749 = VERTEX_POINT('',#9750);
#9750 = CARTESIAN_POINT('',(21.,20.5,1.51));
#9751 = LINE('',#9752,#9753);
#9752 = CARTESIAN_POINT('',(21.,20.5,1.51));
#9753 = VECTOR('',#9754,1.);
#9754 = DIRECTION('',(0.,-1.,0.));
#9755 = ORIENTED_EDGE('',*,*,#9756,.F.);
#9756 = EDGE_CURVE('',#9757,#9749,#9759,.T.);
#9757 = VERTEX_POINT('',#9758);
#9758 = CARTESIAN_POINT('',(19.5,22.,1.51));
#9759 = CIRCLE('',#9760,1.499998879387);
#9760 = AXIS2_PLACEMENT_3D('',#9761,#9762,#9763);
#9761 = CARTESIAN_POINT('',(19.500001120613,20.500001120613,1.51));
#9762 = DIRECTION('',(0.,0.,-1.));
#9763 = DIRECTION('',(-7.47076007329E-07,1.,0.));
#9764 = ORIENTED_EDGE('',*,*,#9765,.F.);
#9765 = EDGE_CURVE('',#9416,#9757,#9766,.T.);
#9766 = LINE('',#9767,#9768);
#9767 = CARTESIAN_POINT('',(-5.5,22.,1.51));
#9768 = VECTOR('',#9769,1.);
#9769 = DIRECTION('',(1.,0.,0.));
#9770 = ORIENTED_EDGE('',*,*,#9415,.F.);
#9771 = FACE_BOUND('',#9772,.T.);
#9772 = EDGE_LOOP('',(#9773));
#9773 = ORIENTED_EDGE('',*,*,#9774,.T.);
#9774 = EDGE_CURVE('',#9775,#9775,#9777,.T.);
#9775 = VERTEX_POINT('',#9776);
#9776 = CARTESIAN_POINT('',(-15.24,-18.77,1.51));
#9777 = CIRCLE('',#9778,0.38);
#9778 = AXIS2_PLACEMENT_3D('',#9779,#9780,#9781);
#9779 = CARTESIAN_POINT('',(-15.24,-18.39,1.51));
#9780 = DIRECTION('',(-0.,0.,-1.));
#9781 = DIRECTION('',(-4.67462326158E-15,-1.,0.));
#9782 = FACE_BOUND('',#9783,.T.);
#9783 = EDGE_LOOP('',(#9784));
#9784 = ORIENTED_EDGE('',*,*,#9785,.T.);
#9785 = EDGE_CURVE('',#9786,#9786,#9788,.T.);
#9786 = VERTEX_POINT('',#9787);
#9787 = CARTESIAN_POINT('',(-10.16,-18.77,1.51));
#9788 = CIRCLE('',#9789,0.38);
#9789 = AXIS2_PLACEMENT_3D('',#9790,#9791,#9792);
#9790 = CARTESIAN_POINT('',(-10.16,-18.39,1.51));
#9791 = DIRECTION('',(-0.,0.,-1.));
#9792 = DIRECTION('',(-0.,-1.,0.));
#9793 = FACE_BOUND('',#9794,.T.);
#9794 = EDGE_LOOP('',(#9795));
#9795 = ORIENTED_EDGE('',*,*,#9796,.T.);
#9796 = EDGE_CURVE('',#9797,#9797,#9799,.T.);
#9797 = VERTEX_POINT('',#9798);
#9798 = CARTESIAN_POINT('',(-15.24,-0.99,1.51));
#9799 = CIRCLE('',#9800,0.38);
#9800 = AXIS2_PLACEMENT_3D('',#9801,#9802,#9803);
#9801 = CARTESIAN_POINT('',(-15.24,-0.61,1.51));
#9802 = DIRECTION('',(-0.,0.,-1.));
#9803 = DIRECTION('',(-4.67462326158E-15,-1.,0.));
#9804 = FACE_BOUND('',#9805,.T.);
#9805 = EDGE_LOOP('',(#9806));
#9806 = ORIENTED_EDGE('',*,*,#9807,.T.);
#9807 = EDGE_CURVE('',#9808,#9808,#9810,.T.);
#9808 = VERTEX_POINT('',#9809);
#9809 = CARTESIAN_POINT('',(-14.,8.6,1.51));
#9810 = CIRCLE('',#9811,0.4);
#9811 = AXIS2_PLACEMENT_3D('',#9812,#9813,#9814);
#9812 = CARTESIAN_POINT('',(-14.,9.,1.51));
#9813 = DIRECTION('',(-0.,0.,-1.));
#9814 = DIRECTION('',(-0.,-1.,0.));
#9815 = FACE_BOUND('',#9816,.T.);
#9816 = EDGE_LOOP('',(#9817));
#9817 = ORIENTED_EDGE('',*,*,#9818,.T.);
#9818 = EDGE_CURVE('',#9819,#9819,#9821,.T.);
#9819 = VERTEX_POINT('',#9820);
#9820 = CARTESIAN_POINT('',(-12.,8.6,1.51));
#9821 = CIRCLE('',#9822,0.4);
#9822 = AXIS2_PLACEMENT_3D('',#9823,#9824,#9825);
#9823 = CARTESIAN_POINT('',(-12.,9.,1.51));
#9824 = DIRECTION('',(-0.,0.,-1.));
#9825 = DIRECTION('',(-0.,-1.,0.));
#9826 = FACE_BOUND('',#9827,.T.);
#9827 = EDGE_LOOP('',(#9828));
#9828 = ORIENTED_EDGE('',*,*,#9829,.T.);
#9829 = EDGE_CURVE('',#9830,#9830,#9832,.T.);
#9830 = VERTEX_POINT('',#9831);
#9831 = CARTESIAN_POINT('',(-14.5,16.5,1.51));
#9832 = CIRCLE('',#9833,0.5);
#9833 = AXIS2_PLACEMENT_3D('',#9834,#9835,#9836);
#9834 = CARTESIAN_POINT('',(-14.5,17.,1.51));
#9835 = DIRECTION('',(-0.,0.,-1.));
#9836 = DIRECTION('',(-0.,-1.,0.));
#9837 = FACE_BOUND('',#9838,.T.);
#9838 = EDGE_LOOP('',(#9839));
#9839 = ORIENTED_EDGE('',*,*,#9840,.T.);
#9840 = EDGE_CURVE('',#9841,#9841,#9843,.T.);
#9841 = VERTEX_POINT('',#9842);
#9842 = CARTESIAN_POINT('',(-12.,16.5,1.51));
#9843 = CIRCLE('',#9844,0.5);
#9844 = AXIS2_PLACEMENT_3D('',#9845,#9846,#9847);
#9845 = CARTESIAN_POINT('',(-12.,17.,1.51));
#9846 = DIRECTION('',(-0.,0.,-1.));
#9847 = DIRECTION('',(-0.,-1.,0.));
#9848 = FACE_BOUND('',#9849,.T.);
#9849 = EDGE_LOOP('',(#9850));
#9850 = ORIENTED_EDGE('',*,*,#9851,.T.);
#9851 = EDGE_CURVE('',#9852,#9852,#9854,.T.);
#9852 = VERTEX_POINT('',#9853);
#9853 = CARTESIAN_POINT('',(1.232595164408E-32,14.35,1.51));
#9854 = CIRCLE('',#9855,0.65);
#9855 = AXIS2_PLACEMENT_3D('',#9856,#9857,#9858);
#9856 = CARTESIAN_POINT('',(2.775557561563E-17,15.,1.51));
#9857 = DIRECTION('',(-0.,0.,-1.));
#9858 = DIRECTION('',(-4.270088556251E-17,-1.,0.));
#9859 = FACE_BOUND('',#9860,.T.);
#9860 = EDGE_LOOP('',(#9861));
#9861 = ORIENTED_EDGE('',*,*,#9862,.T.);
#9862 = EDGE_CURVE('',#9863,#9863,#9865,.T.);
#9863 = VERTEX_POINT('',#9864);
#9864 = CARTESIAN_POINT('',(10.16,-1.01,1.51));
#9865 = CIRCLE('',#9866,0.4);
#9866 = AXIS2_PLACEMENT_3D('',#9867,#9868,#9869);
#9867 = CARTESIAN_POINT('',(10.16,-0.61,1.51));
#9868 = DIRECTION('',(-0.,0.,-1.));
#9869 = DIRECTION('',(-0.,-1.,0.));
#9870 = FACE_BOUND('',#9871,.T.);
#9871 = EDGE_LOOP('',(#9872));
#9872 = ORIENTED_EDGE('',*,*,#9873,.T.);
#9873 = EDGE_CURVE('',#9874,#9874,#9876,.T.);
#9874 = VERTEX_POINT('',#9875);
#9875 = CARTESIAN_POINT('',(15.24,-1.01,1.51));
#9876 = CIRCLE('',#9877,0.4);
#9877 = AXIS2_PLACEMENT_3D('',#9878,#9879,#9880);
#9878 = CARTESIAN_POINT('',(15.24,-0.61,1.51));
#9879 = DIRECTION('',(-0.,0.,-1.));
#9880 = DIRECTION('',(-0.,-1.,0.));
#9881 = FACE_BOUND('',#9882,.T.);
#9882 = EDGE_LOOP('',(#9883));
#9883 = ORIENTED_EDGE('',*,*,#9884,.T.);
#9884 = EDGE_CURVE('',#9885,#9885,#9887,.T.);
#9885 = VERTEX_POINT('',#9886);
#9886 = CARTESIAN_POINT('',(8.5,6.3,1.51));
#9887 = CIRCLE('',#9888,0.3);
#9888 = AXIS2_PLACEMENT_3D('',#9889,#9890,#9891);
#9889 = CARTESIAN_POINT('',(8.5,6.6,1.51));
#9890 = DIRECTION('',(-0.,0.,-1.));
#9891 = DIRECTION('',(-0.,-1.,0.));
#9892 = FACE_BOUND('',#9893,.T.);
#9893 = EDGE_LOOP('',(#9894));
#9894 = ORIENTED_EDGE('',*,*,#9895,.T.);
#9895 = EDGE_CURVE('',#9896,#9896,#9898,.T.);
#9896 = VERTEX_POINT('',#9897);
#9897 = CARTESIAN_POINT('',(13.5,4.2,1.51));
#9898 = CIRCLE('',#9899,0.3);
#9899 = AXIS2_PLACEMENT_3D('',#9900,#9901,#9902);
#9900 = CARTESIAN_POINT('',(13.5,4.5,1.51));
#9901 = DIRECTION('',(-0.,0.,-1.));
#9902 = DIRECTION('',(-0.,-1.,0.));
#9903 = FACE_BOUND('',#9904,.T.);
#9904 = EDGE_LOOP('',(#9905));
#9905 = ORIENTED_EDGE('',*,*,#9906,.T.);
#9906 = EDGE_CURVE('',#9907,#9907,#9909,.T.);
#9907 = VERTEX_POINT('',#9908);
#9908 = CARTESIAN_POINT('',(5.08,14.35,1.51));
#9909 = CIRCLE('',#9910,0.65);
#9910 = AXIS2_PLACEMENT_3D('',#9911,#9912,#9913);
#9911 = CARTESIAN_POINT('',(5.08,15.,1.51));
#9912 = DIRECTION('',(-0.,0.,-1.));
#9913 = DIRECTION('',(-0.,-1.,0.));
#9914 = FACE_BOUND('',#9915,.T.);
#9915 = EDGE_LOOP('',(#9916));
#9916 = ORIENTED_EDGE('',*,*,#9917,.T.);
#9917 = EDGE_CURVE('',#9918,#9918,#9920,.T.);
#9918 = VERTEX_POINT('',#9919);
#9919 = CARTESIAN_POINT('',(14.,11.42,1.51));
#9920 = CIRCLE('',#9921,0.5);
#9921 = AXIS2_PLACEMENT_3D('',#9922,#9923,#9924);
#9922 = CARTESIAN_POINT('',(14.,11.92,1.51));
#9923 = DIRECTION('',(-0.,0.,-1.));
#9924 = DIRECTION('',(-0.,-1.,0.));
#9925 = FACE_BOUND('',#9926,.T.);
#9926 = EDGE_LOOP('',(#9927));
#9927 = ORIENTED_EDGE('',*,*,#9928,.T.);
#9928 = EDGE_CURVE('',#9929,#9929,#9931,.T.);
#9929 = VERTEX_POINT('',#9930);
#9930 = CARTESIAN_POINT('',(14.,16.5,1.51));
#9931 = CIRCLE('',#9932,0.5);
#9932 = AXIS2_PLACEMENT_3D('',#9933,#9934,#9935);
#9933 = CARTESIAN_POINT('',(14.,17.,1.51));
#9934 = DIRECTION('',(-0.,0.,-1.));
#9935 = DIRECTION('',(-0.,-1.,0.));
#9936 = PLANE('',#9937);
#9937 = AXIS2_PLACEMENT_3D('',#9938,#9939,#9940);
#9938 = CARTESIAN_POINT('',(0.,0.,1.51));
#9939 = DIRECTION('',(0.,0.,1.));
#9940 = DIRECTION('',(1.,0.,-0.));
#9941 = ADVANCED_FACE('',(#9942),#9953,.T.);
#9942 = FACE_BOUND('',#9943,.T.);
#9943 = EDGE_LOOP('',(#9944,#9950,#9951,#9952));
#9944 = ORIENTED_EDGE('',*,*,#9945,.T.);
#9945 = EDGE_CURVE('',#9448,#9698,#9946,.T.);
#9946 = LINE('',#9947,#9948);
#9947 = CARTESIAN_POINT('',(-19.5,22.,0.));
#9948 = VECTOR('',#9949,1.);
#9949 = DIRECTION('',(0.,0.,1.));
#9950 = ORIENTED_EDGE('',*,*,#9697,.T.);
#9951 = ORIENTED_EDGE('',*,*,#9383,.F.);
#9952 = ORIENTED_EDGE('',*,*,#9447,.F.);
#9953 = PLANE('',#9954);
#9954 = AXIS2_PLACEMENT_3D('',#9955,#9956,#9957);
#9955 = CARTESIAN_POINT('',(-19.5,22.,0.));
#9956 = DIRECTION('',(0.,1.,0.));
#9957 = DIRECTION('',(1.,0.,0.));
#9958 = ADVANCED_FACE('',(#9959),#9970,.T.);
#9959 = FACE_BOUND('',#9960,.T.);
#9960 = EDGE_LOOP('',(#9961,#9962,#9963,#9969));
#9961 = ORIENTED_EDGE('',*,*,#9423,.T.);
#9962 = ORIENTED_EDGE('',*,*,#9765,.T.);
#9963 = ORIENTED_EDGE('',*,*,#9964,.F.);
#9964 = EDGE_CURVE('',#9507,#9757,#9965,.T.);
#9965 = LINE('',#9966,#9967);
#9966 = CARTESIAN_POINT('',(19.5,22.,0.));
#9967 = VECTOR('',#9968,1.);
#9968 = DIRECTION('',(0.,0.,1.));
#9969 = ORIENTED_EDGE('',*,*,#9515,.F.);
#9970 = PLANE('',#9971);
#9971 = AXIS2_PLACEMENT_3D('',#9972,#9973,#9974);
#9972 = CARTESIAN_POINT('',(-5.5,22.,0.));
#9973 = DIRECTION('',(0.,1.,0.));
#9974 = DIRECTION('',(1.,0.,0.));
#9975 = ADVANCED_FACE('',(#9976),#9987,.T.);
#9976 = FACE_BOUND('',#9977,.T.);
#9977 = EDGE_LOOP('',(#9978,#9984,#9985,#9986));
#9978 = ORIENTED_EDGE('',*,*,#9979,.T.);
#9979 = EDGE_CURVE('',#9456,#9706,#9980,.T.);
#9980 = LINE('',#9981,#9982);
#9981 = CARTESIAN_POINT('',(-21.,20.5,0.));
#9982 = VECTOR('',#9983,1.);
#9983 = DIRECTION('',(0.,0.,1.));
#9984 = ORIENTED_EDGE('',*,*,#9705,.T.);
#9985 = ORIENTED_EDGE('',*,*,#9945,.F.);
#9986 = ORIENTED_EDGE('',*,*,#9455,.F.);
#9987 = CYLINDRICAL_SURFACE('',#9988,1.499997172289);
#9988 = AXIS2_PLACEMENT_3D('',#9989,#9990,#9991);
#9989 = CARTESIAN_POINT('',(-19.50000282771,20.500002827714,0.));
#9990 = DIRECTION('',(0.,0.,-1.));
#9991 = DIRECTION('',(-0.999999999998,-1.885146305001E-06,-0.));
#9992 = ADVANCED_FACE('',(#9993),#10004,.T.);
#9993 = FACE_BOUND('',#9994,.T.);
#9994 = EDGE_LOOP('',(#9995,#9996,#9997,#10003));
#9995 = ORIENTED_EDGE('',*,*,#9964,.T.);
#9996 = ORIENTED_EDGE('',*,*,#9756,.T.);
#9997 = ORIENTED_EDGE('',*,*,#9998,.F.);
#9998 = EDGE_CURVE('',#9499,#9749,#9999,.T.);
#9999 = LINE('',#10000,#10001);
#10000 = CARTESIAN_POINT('',(21.,20.5,0.));
#10001 = VECTOR('',#10002,1.);
#10002 = DIRECTION('',(0.,0.,1.));
#10003 = ORIENTED_EDGE('',*,*,#9506,.F.);
#10004 = CYLINDRICAL_SURFACE('',#10005,1.499998879387);
#10005 = AXIS2_PLACEMENT_3D('',#10006,#10007,#10008);
#10006 = CARTESIAN_POINT('',(19.500001120613,20.500001120613,0.));
#10007 = DIRECTION('',(0.,0.,-1.));
#10008 = DIRECTION('',(-7.47076007329E-07,1.,0.));
#10009 = ADVANCED_FACE('',(#10010),#10021,.T.);
#10010 = FACE_BOUND('',#10011,.T.);
#10011 = EDGE_LOOP('',(#10012,#10018,#10019,#10020));
#10012 = ORIENTED_EDGE('',*,*,#10013,.T.);
#10013 = EDGE_CURVE('',#9465,#9715,#10014,.T.);
#10014 = LINE('',#10015,#10016);
#10015 = CARTESIAN_POINT('',(-21.,-20.5,0.));
#10016 = VECTOR('',#10017,1.);
#10017 = DIRECTION('',(0.,0.,1.));
#10018 = ORIENTED_EDGE('',*,*,#9714,.T.);
#10019 = ORIENTED_EDGE('',*,*,#9979,.F.);
#10020 = ORIENTED_EDGE('',*,*,#9464,.F.);
#10021 = PLANE('',#10022);
#10022 = AXIS2_PLACEMENT_3D('',#10023,#10024,#10025);
#10023 = CARTESIAN_POINT('',(-21.,-20.5,0.));
#10024 = DIRECTION('',(-1.,0.,0.));
#10025 = DIRECTION('',(0.,1.,0.));
#10026 = ADVANCED_FACE('',(#10027),#10038,.T.);
#10027 = FACE_BOUND('',#10028,.T.);
#10028 = EDGE_LOOP('',(#10029,#10030,#10031,#10037));
#10029 = ORIENTED_EDGE('',*,*,#9998,.T.);
#10030 = ORIENTED_EDGE('',*,*,#9748,.T.);
#10031 = ORIENTED_EDGE('',*,*,#10032,.F.);
#10032 = EDGE_CURVE('',#9490,#9740,#10033,.T.);
#10033 = LINE('',#10034,#10035);
#10034 = CARTESIAN_POINT('',(21.,-20.5,0.));
#10035 = VECTOR('',#10036,1.);
#10036 = DIRECTION('',(0.,0.,1.));
#10037 = ORIENTED_EDGE('',*,*,#9498,.F.);
#10038 = PLANE('',#10039);
#10039 = AXIS2_PLACEMENT_3D('',#10040,#10041,#10042);
#10040 = CARTESIAN_POINT('',(21.,20.5,0.));
#10041 = DIRECTION('',(1.,0.,-0.));
#10042 = DIRECTION('',(0.,-1.,0.));
#10043 = ADVANCED_FACE('',(#10044),#10055,.T.);
#10044 = FACE_BOUND('',#10045,.T.);
#10045 = EDGE_LOOP('',(#10046,#10052,#10053,#10054));
#10046 = ORIENTED_EDGE('',*,*,#10047,.T.);
#10047 = EDGE_CURVE('',#9473,#9723,#10048,.T.);
#10048 = LINE('',#10049,#10050);
#10049 = CARTESIAN_POINT('',(-19.5,-22.,0.));
#10050 = VECTOR('',#10051,1.);
#10051 = DIRECTION('',(0.,0.,1.));
#10052 = ORIENTED_EDGE('',*,*,#9722,.T.);
#10053 = ORIENTED_EDGE('',*,*,#10013,.F.);
#10054 = ORIENTED_EDGE('',*,*,#9472,.F.);
#10055 = CYLINDRICAL_SURFACE('',#10056,1.499998879387);
#10056 = AXIS2_PLACEMENT_3D('',#10057,#10058,#10059);
#10057 = CARTESIAN_POINT('',(-19.50000112061,-20.50000112061,0.));
#10058 = DIRECTION('',(0.,0.,-1.));
#10059 = DIRECTION('',(7.47076007329E-07,-1.,0.));
#10060 = ADVANCED_FACE('',(#10061),#10072,.T.);
#10061 = FACE_BOUND('',#10062,.T.);
#10062 = EDGE_LOOP('',(#10063,#10064,#10065,#10071));
#10063 = ORIENTED_EDGE('',*,*,#10032,.T.);
#10064 = ORIENTED_EDGE('',*,*,#9739,.T.);
#10065 = ORIENTED_EDGE('',*,*,#10066,.F.);
#10066 = EDGE_CURVE('',#9482,#9732,#10067,.T.);
#10067 = LINE('',#10068,#10069);
#10068 = CARTESIAN_POINT('',(19.5,-22.,0.));
#10069 = VECTOR('',#10070,1.);
#10070 = DIRECTION('',(0.,0.,1.));
#10071 = ORIENTED_EDGE('',*,*,#9489,.F.);
#10072 = CYLINDRICAL_SURFACE('',#10073,1.500000586493);
#10073 = AXIS2_PLACEMENT_3D('',#10074,#10075,#10076);
#10074 = CARTESIAN_POINT('',(19.499999413507,-20.4999994135,0.));
#10075 = DIRECTION('',(0.,0.,-1.));
#10076 = DIRECTION('',(1.,-3.909953663434E-07,0.));
#10077 = ADVANCED_FACE('',(#10078),#10084,.T.);
#10078 = FACE_BOUND('',#10079,.T.);
#10079 = EDGE_LOOP('',(#10080,#10081,#10082,#10083));
#10080 = ORIENTED_EDGE('',*,*,#10066,.T.);
#10081 = ORIENTED_EDGE('',*,*,#9731,.T.);
#10082 = ORIENTED_EDGE('',*,*,#10047,.F.);
#10083 = ORIENTED_EDGE('',*,*,#9481,.F.);
#10084 = PLANE('',#10085);
#10085 = AXIS2_PLACEMENT_3D('',#10086,#10087,#10088);
#10086 = CARTESIAN_POINT('',(19.5,-22.,0.));
#10087 = DIRECTION('',(0.,-1.,0.));
#10088 = DIRECTION('',(-1.,0.,0.));
#10089 = ADVANCED_FACE('',(#10090),#10101,.F.);
#10090 = FACE_BOUND('',#10091,.T.);
#10091 = EDGE_LOOP('',(#10092,#10093,#10099,#10100));
#10092 = ORIENTED_EDGE('',*,*,#9524,.T.);
#10093 = ORIENTED_EDGE('',*,*,#10094,.T.);
#10094 = EDGE_CURVE('',#9525,#9775,#10095,.T.);
#10095 = LINE('',#10096,#10097);
#10096 = CARTESIAN_POINT('',(-15.24,-18.77,-4.6E-02));
#10097 = VECTOR('',#10098,1.);
#10098 = DIRECTION('',(0.,0.,1.));
#10099 = ORIENTED_EDGE('',*,*,#9774,.F.);
#10100 = ORIENTED_EDGE('',*,*,#10094,.F.);
#10101 = CYLINDRICAL_SURFACE('',#10102,0.38);
#10102 = AXIS2_PLACEMENT_3D('',#10103,#10104,#10105);
#10103 = CARTESIAN_POINT('',(-15.24,-18.39,-4.6E-02));
#10104 = DIRECTION('',(-0.,-0.,-1.));
#10105 = DIRECTION('',(-4.67462326158E-15,-1.,0.));
#10106 = ADVANCED_FACE('',(#10107),#10118,.F.);
#10107 = FACE_BOUND('',#10108,.T.);
#10108 = EDGE_LOOP('',(#10109,#10110,#10116,#10117));
#10109 = ORIENTED_EDGE('',*,*,#9535,.T.);
#10110 = ORIENTED_EDGE('',*,*,#10111,.T.);
#10111 = EDGE_CURVE('',#9536,#9786,#10112,.T.);
#10112 = LINE('',#10113,#10114);
#10113 = CARTESIAN_POINT('',(-10.16,-18.77,-4.6E-02));
#10114 = VECTOR('',#10115,1.);
#10115 = DIRECTION('',(0.,0.,1.));
#10116 = ORIENTED_EDGE('',*,*,#9785,.F.);
#10117 = ORIENTED_EDGE('',*,*,#10111,.F.);
#10118 = CYLINDRICAL_SURFACE('',#10119,0.38);
#10119 = AXIS2_PLACEMENT_3D('',#10120,#10121,#10122);
#10120 = CARTESIAN_POINT('',(-10.16,-18.39,-4.6E-02));
#10121 = DIRECTION('',(-0.,-0.,-1.));
#10122 = DIRECTION('',(-0.,-1.,0.));
#10123 = ADVANCED_FACE('',(#10124),#10135,.F.);
#10124 = FACE_BOUND('',#10125,.T.);
#10125 = EDGE_LOOP('',(#10126,#10127,#10133,#10134));
#10126 = ORIENTED_EDGE('',*,*,#9546,.T.);
#10127 = ORIENTED_EDGE('',*,*,#10128,.T.);
#10128 = EDGE_CURVE('',#9547,#9797,#10129,.T.);
#10129 = LINE('',#10130,#10131);
#10130 = CARTESIAN_POINT('',(-15.24,-0.99,-4.6E-02));
#10131 = VECTOR('',#10132,1.);
#10132 = DIRECTION('',(0.,0.,1.));
#10133 = ORIENTED_EDGE('',*,*,#9796,.F.);
#10134 = ORIENTED_EDGE('',*,*,#10128,.F.);
#10135 = CYLINDRICAL_SURFACE('',#10136,0.38);
#10136 = AXIS2_PLACEMENT_3D('',#10137,#10138,#10139);
#10137 = CARTESIAN_POINT('',(-15.24,-0.61,-4.6E-02));
#10138 = DIRECTION('',(-0.,-0.,-1.));
#10139 = DIRECTION('',(-4.67462326158E-15,-1.,0.));
#10140 = ADVANCED_FACE('',(#10141),#10152,.F.);
#10141 = FACE_BOUND('',#10142,.T.);
#10142 = EDGE_LOOP('',(#10143,#10144,#10150,#10151));
#10143 = ORIENTED_EDGE('',*,*,#9557,.T.);
#10144 = ORIENTED_EDGE('',*,*,#10145,.T.);
#10145 = EDGE_CURVE('',#9558,#9808,#10146,.T.);
#10146 = LINE('',#10147,#10148);
#10147 = CARTESIAN_POINT('',(-14.,8.6,-4.6E-02));
#10148 = VECTOR('',#10149,1.);
#10149 = DIRECTION('',(0.,0.,1.));
#10150 = ORIENTED_EDGE('',*,*,#9807,.F.);
#10151 = ORIENTED_EDGE('',*,*,#10145,.F.);
#10152 = CYLINDRICAL_SURFACE('',#10153,0.4);
#10153 = AXIS2_PLACEMENT_3D('',#10154,#10155,#10156);
#10154 = CARTESIAN_POINT('',(-14.,9.,-4.6E-02));
#10155 = DIRECTION('',(-0.,-0.,-1.));
#10156 = DIRECTION('',(-0.,-1.,0.));
#10157 = ADVANCED_FACE('',(#10158),#10169,.F.);
#10158 = FACE_BOUND('',#10159,.T.);
#10159 = EDGE_LOOP('',(#10160,#10161,#10167,#10168));
#10160 = ORIENTED_EDGE('',*,*,#9568,.T.);
#10161 = ORIENTED_EDGE('',*,*,#10162,.T.);
#10162 = EDGE_CURVE('',#9569,#9819,#10163,.T.);
#10163 = LINE('',#10164,#10165);
#10164 = CARTESIAN_POINT('',(-12.,8.6,-4.6E-02));
#10165 = VECTOR('',#10166,1.);
#10166 = DIRECTION('',(0.,0.,1.));
#10167 = ORIENTED_EDGE('',*,*,#9818,.F.);
#10168 = ORIENTED_EDGE('',*,*,#10162,.F.);
#10169 = CYLINDRICAL_SURFACE('',#10170,0.4);
#10170 = AXIS2_PLACEMENT_3D('',#10171,#10172,#10173);
#10171 = CARTESIAN_POINT('',(-12.,9.,-4.6E-02));
#10172 = DIRECTION('',(-0.,-0.,-1.));
#10173 = DIRECTION('',(-0.,-1.,0.));
#10174 = ADVANCED_FACE('',(#10175),#10186,.F.);
#10175 = FACE_BOUND('',#10176,.T.);
#10176 = EDGE_LOOP('',(#10177,#10178,#10184,#10185));
#10177 = ORIENTED_EDGE('',*,*,#9579,.T.);
#10178 = ORIENTED_EDGE('',*,*,#10179,.T.);
#10179 = EDGE_CURVE('',#9580,#9830,#10180,.T.);
#10180 = LINE('',#10181,#10182);
#10181 = CARTESIAN_POINT('',(-14.5,16.5,-4.6E-02));
#10182 = VECTOR('',#10183,1.);
#10183 = DIRECTION('',(0.,0.,1.));
#10184 = ORIENTED_EDGE('',*,*,#9829,.F.);
#10185 = ORIENTED_EDGE('',*,*,#10179,.F.);
#10186 = CYLINDRICAL_SURFACE('',#10187,0.5);
#10187 = AXIS2_PLACEMENT_3D('',#10188,#10189,#10190);
#10188 = CARTESIAN_POINT('',(-14.5,17.,-4.6E-02));
#10189 = DIRECTION('',(-0.,-0.,-1.));
#10190 = DIRECTION('',(-0.,-1.,0.));
#10191 = ADVANCED_FACE('',(#10192),#10203,.F.);
#10192 = FACE_BOUND('',#10193,.T.);
#10193 = EDGE_LOOP('',(#10194,#10195,#10201,#10202));
#10194 = ORIENTED_EDGE('',*,*,#9590,.T.);
#10195 = ORIENTED_EDGE('',*,*,#10196,.T.);
#10196 = EDGE_CURVE('',#9591,#9841,#10197,.T.);
#10197 = LINE('',#10198,#10199);
#10198 = CARTESIAN_POINT('',(-12.,16.5,-4.6E-02));
#10199 = VECTOR('',#10200,1.);
#10200 = DIRECTION('',(0.,0.,1.));
#10201 = ORIENTED_EDGE('',*,*,#9840,.F.);
#10202 = ORIENTED_EDGE('',*,*,#10196,.F.);
#10203 = CYLINDRICAL_SURFACE('',#10204,0.5);
#10204 = AXIS2_PLACEMENT_3D('',#10205,#10206,#10207);
#10205 = CARTESIAN_POINT('',(-12.,17.,-4.6E-02));
#10206 = DIRECTION('',(-0.,-0.,-1.));
#10207 = DIRECTION('',(-0.,-1.,0.));
#10208 = ADVANCED_FACE('',(#10209),#10220,.F.);
#10209 = FACE_BOUND('',#10210,.T.);
#10210 = EDGE_LOOP('',(#10211,#10212,#10218,#10219));
#10211 = ORIENTED_EDGE('',*,*,#9601,.T.);
#10212 = ORIENTED_EDGE('',*,*,#10213,.T.);
#10213 = EDGE_CURVE('',#9602,#9852,#10214,.T.);
#10214 = LINE('',#10215,#10216);
#10215 = CARTESIAN_POINT('',(1.232595164408E-32,14.35,-4.6E-02));
#10216 = VECTOR('',#10217,1.);
#10217 = DIRECTION('',(0.,0.,1.));
#10218 = ORIENTED_EDGE('',*,*,#9851,.F.);
#10219 = ORIENTED_EDGE('',*,*,#10213,.F.);
#10220 = CYLINDRICAL_SURFACE('',#10221,0.65);
#10221 = AXIS2_PLACEMENT_3D('',#10222,#10223,#10224);
#10222 = CARTESIAN_POINT('',(2.775557561563E-17,15.,-4.6E-02));
#10223 = DIRECTION('',(-0.,-0.,-1.));
#10224 = DIRECTION('',(-4.270088556251E-17,-1.,0.));
#10225 = ADVANCED_FACE('',(#10226),#10237,.F.);
#10226 = FACE_BOUND('',#10227,.T.);
#10227 = EDGE_LOOP('',(#10228,#10229,#10235,#10236));
#10228 = ORIENTED_EDGE('',*,*,#9612,.T.);
#10229 = ORIENTED_EDGE('',*,*,#10230,.T.);
#10230 = EDGE_CURVE('',#9613,#9863,#10231,.T.);
#10231 = LINE('',#10232,#10233);
#10232 = CARTESIAN_POINT('',(10.16,-1.01,-4.6E-02));
#10233 = VECTOR('',#10234,1.);
#10234 = DIRECTION('',(0.,0.,1.));
#10235 = ORIENTED_EDGE('',*,*,#9862,.F.);
#10236 = ORIENTED_EDGE('',*,*,#10230,.F.);
#10237 = CYLINDRICAL_SURFACE('',#10238,0.4);
#10238 = AXIS2_PLACEMENT_3D('',#10239,#10240,#10241);
#10239 = CARTESIAN_POINT('',(10.16,-0.61,-4.6E-02));
#10240 = DIRECTION('',(-0.,-0.,-1.));
#10241 = DIRECTION('',(-0.,-1.,0.));
#10242 = ADVANCED_FACE('',(#10243),#10254,.F.);
#10243 = FACE_BOUND('',#10244,.T.);
#10244 = EDGE_LOOP('',(#10245,#10246,#10252,#10253));
#10245 = ORIENTED_EDGE('',*,*,#9623,.T.);
#10246 = ORIENTED_EDGE('',*,*,#10247,.T.);
#10247 = EDGE_CURVE('',#9624,#9874,#10248,.T.);
#10248 = LINE('',#10249,#10250);
#10249 = CARTESIAN_POINT('',(15.24,-1.01,-4.6E-02));
#10250 = VECTOR('',#10251,1.);
#10251 = DIRECTION('',(0.,0.,1.));
#10252 = ORIENTED_EDGE('',*,*,#9873,.F.);
#10253 = ORIENTED_EDGE('',*,*,#10247,.F.);
#10254 = CYLINDRICAL_SURFACE('',#10255,0.4);
#10255 = AXIS2_PLACEMENT_3D('',#10256,#10257,#10258);
#10256 = CARTESIAN_POINT('',(15.24,-0.61,-4.6E-02));
#10257 = DIRECTION('',(-0.,-0.,-1.));
#10258 = DIRECTION('',(-0.,-1.,0.));
#10259 = ADVANCED_FACE('',(#10260),#10271,.F.);
#10260 = FACE_BOUND('',#10261,.T.);
#10261 = EDGE_LOOP('',(#10262,#10263,#10269,#10270));
#10262 = ORIENTED_EDGE('',*,*,#9634,.T.);
#10263 = ORIENTED_EDGE('',*,*,#10264,.T.);
#10264 = EDGE_CURVE('',#9635,#9885,#10265,.T.);
#10265 = LINE('',#10266,#10267);
#10266 = CARTESIAN_POINT('',(8.5,6.3,-4.6E-02));
#10267 = VECTOR('',#10268,1.);
#10268 = DIRECTION('',(0.,0.,1.));
#10269 = ORIENTED_EDGE('',*,*,#9884,.F.);
#10270 = ORIENTED_EDGE('',*,*,#10264,.F.);
#10271 = CYLINDRICAL_SURFACE('',#10272,0.3);
#10272 = AXIS2_PLACEMENT_3D('',#10273,#10274,#10275);
#10273 = CARTESIAN_POINT('',(8.5,6.6,-4.6E-02));
#10274 = DIRECTION('',(-0.,-0.,-1.));
#10275 = DIRECTION('',(-0.,-1.,0.));
#10276 = ADVANCED_FACE('',(#10277),#10288,.F.);
#10277 = FACE_BOUND('',#10278,.T.);
#10278 = EDGE_LOOP('',(#10279,#10280,#10286,#10287));
#10279 = ORIENTED_EDGE('',*,*,#9645,.T.);
#10280 = ORIENTED_EDGE('',*,*,#10281,.T.);
#10281 = EDGE_CURVE('',#9646,#9896,#10282,.T.);
#10282 = LINE('',#10283,#10284);
#10283 = CARTESIAN_POINT('',(13.5,4.2,-4.6E-02));
#10284 = VECTOR('',#10285,1.);
#10285 = DIRECTION('',(0.,0.,1.));
#10286 = ORIENTED_EDGE('',*,*,#9895,.F.);
#10287 = ORIENTED_EDGE('',*,*,#10281,.F.);
#10288 = CYLINDRICAL_SURFACE('',#10289,0.3);
#10289 = AXIS2_PLACEMENT_3D('',#10290,#10291,#10292);
#10290 = CARTESIAN_POINT('',(13.5,4.5,-4.6E-02));
#10291 = DIRECTION('',(-0.,-0.,-1.));
#10292 = DIRECTION('',(-0.,-1.,0.));
#10293 = ADVANCED_FACE('',(#10294),#10305,.F.);
#10294 = FACE_BOUND('',#10295,.T.);
#10295 = EDGE_LOOP('',(#10296,#10297,#10303,#10304));
#10296 = ORIENTED_EDGE('',*,*,#9656,.T.);
#10297 = ORIENTED_EDGE('',*,*,#10298,.T.);
#10298 = EDGE_CURVE('',#9657,#9907,#10299,.T.);
#10299 = LINE('',#10300,#10301);
#10300 = CARTESIAN_POINT('',(5.08,14.35,-4.6E-02));
#10301 = VECTOR('',#10302,1.);
#10302 = DIRECTION('',(0.,0.,1.));
#10303 = ORIENTED_EDGE('',*,*,#9906,.F.);
#10304 = ORIENTED_EDGE('',*,*,#10298,.F.);
#10305 = CYLINDRICAL_SURFACE('',#10306,0.65);
#10306 = AXIS2_PLACEMENT_3D('',#10307,#10308,#10309);
#10307 = CARTESIAN_POINT('',(5.08,15.,-4.6E-02));
#10308 = DIRECTION('',(-0.,-0.,-1.));
#10309 = DIRECTION('',(-0.,-1.,0.));
#10310 = ADVANCED_FACE('',(#10311),#10322,.F.);
#10311 = FACE_BOUND('',#10312,.T.);
#10312 = EDGE_LOOP('',(#10313,#10314,#10320,#10321));
#10313 = ORIENTED_EDGE('',*,*,#9667,.T.);
#10314 = ORIENTED_EDGE('',*,*,#10315,.T.);
#10315 = EDGE_CURVE('',#9668,#9918,#10316,.T.);
#10316 = LINE('',#10317,#10318);
#10317 = CARTESIAN_POINT('',(14.,11.42,-4.6E-02));
#10318 = VECTOR('',#10319,1.);
#10319 = DIRECTION('',(0.,0.,1.));
#10320 = ORIENTED_EDGE('',*,*,#9917,.F.);
#10321 = ORIENTED_EDGE('',*,*,#10315,.F.);
#10322 = CYLINDRICAL_SURFACE('',#10323,0.5);
#10323 = AXIS2_PLACEMENT_3D('',#10324,#10325,#10326);
#10324 = CARTESIAN_POINT('',(14.,11.92,-4.6E-02));
#10325 = DIRECTION('',(-0.,-0.,-1.));
#10326 = DIRECTION('',(-0.,-1.,0.));
#10327 = ADVANCED_FACE('',(#10328),#10339,.F.);
#10328 = FACE_BOUND('',#10329,.T.);
#10329 = EDGE_LOOP('',(#10330,#10331,#10337,#10338));
#10330 = ORIENTED_EDGE('',*,*,#9678,.T.);
#10331 = ORIENTED_EDGE('',*,*,#10332,.T.);
#10332 = EDGE_CURVE('',#9679,#9929,#10333,.T.);
#10333 = LINE('',#10334,#10335);
#10334 = CARTESIAN_POINT('',(14.,16.5,-4.6E-02));
#10335 = VECTOR('',#10336,1.);
#10336 = DIRECTION('',(0.,0.,1.));
#10337 = ORIENTED_EDGE('',*,*,#9928,.F.);
#10338 = ORIENTED_EDGE('',*,*,#10332,.F.);
#10339 = CYLINDRICAL_SURFACE('',#10340,0.5);
#10340 = AXIS2_PLACEMENT_3D('',#10341,#10342,#10343);
#10341 = CARTESIAN_POINT('',(14.,17.,-4.6E-02));
#10342 = DIRECTION('',(-0.,-0.,-1.));
#10343 = DIRECTION('',(-0.,-1.,0.));
#10344 = ( GEOMETRIC_REPRESENTATION_CONTEXT(3) 
GLOBAL_UNCERTAINTY_ASSIGNED_CONTEXT((#10348)) 
GLOBAL_UNIT_ASSIGNED_CONTEXT((#10345,#10346,#10347)) 
REPRESENTATION_CONTEXT('Context #1',
  '3D Context with UNIT and UNCERTAINTY') );
#10345 = ( LENGTH_UNIT() NAMED_UNIT(*) SI_UNIT(.MILLI.,.METRE.) );
#10346 = ( NAMED_UNIT(*) PLANE_ANGLE_UNIT() SI_UNIT($,.RADIAN.) );
#10347 = ( NAMED_UNIT(*) SI_UNIT($,.STERADIAN.) SOLID_ANGLE_UNIT() );
#10348 = UNCERTAINTY_MEASURE_WITH_UNIT(LENGTH_MEASURE(1.E-07),#10345,
  'distance_accuracy_value','confusion accuracy');
#10349 = CONTEXT_DEPENDENT_SHAPE_REPRESENTATION(#10350,#10352);
#10350 = ( REPRESENTATION_RELATIONSHIP('','',#9334,#10) 
REPRESENTATION_RELATIONSHIP_WITH_TRANSFORMATION(#10351) 
SHAPE_REPRESENTATION_RELATIONSHIP() );
#10351 = ITEM_DEFINED_TRANSFORMATION('','',#11,#39);
#10352 = PRODUCT_DEFINITION_SHAPE('Placement','Placement of an item',
  #10353);
#10353 = NEXT_ASSEMBLY_USAGE_OCCURRENCE('8','=>[0:1:1:8]','',#5,#9329,$
  );
#10354 = PRODUCT_RELATED_PRODUCT_CATEGORY('part',$,(#9331));
#10355 = MECHANICAL_DESIGN_GEOMETRIC_PRESENTATION_REPRESENTATION('',(
    #10356),#10344);
#10356 = STYLED_ITEM('color',(#10357),#9335);
#10357 = PRESENTATION_STYLE_ASSIGNMENT((#10358));
#10358 = SURFACE_STYLE_USAGE(.BOTH.,#10359);
#10359 = SURFACE_SIDE_STYLE('',(#10360));
#10360 = SURFACE_STYLE_FILL_AREA(#10361);
#10361 = FILL_AREA_STYLE('',(#10362));
#10362 = FILL_AREA_STYLE_COLOUR('',#10363);
#10363 = COLOUR_RGB('',0.313304153717,0.484529207832,0.410020903123);
ENDSEC;
END-ISO-10303-21;
